ISO-10303-21;
HEADER;
FILE_DESCRIPTION(('FreeCAD Model'),'2;1');
FILE_NAME('Open CASCADE Shape Model','2026-09-20T13:19:13',('FreeCAD'),(
    'FreeCAD'),'Open CASCADE STEP processor 7.8','FreeCAD','Unknown');
FILE_SCHEMA(('AUTOMOTIVE_DESIGN { 1 0 10303 214 1 1 1 1 }'));
ENDSEC;
DATA;
#1 = APPLICATION_PROTOCOL_DEFINITION('international standard',
  'automotive_design',2000,#2);
#2 = APPLICATION_CONTEXT(
  'core data for automotive mechanical design processes');
#3 = SHAPE_DEFINITION_REPRESENTATION(#4,#10);
#4 = PRODUCT_DEFINITION_SHAPE('','',#5);
#5 = PRODUCT_DEFINITION('design','',#6,#9);
#6 = PRODUCT_DEFINITION_FORMATION('','',#7);
#7 = PRODUCT('Open CASCADE STEP translator 7.8 1',
  'Open CASCADE STEP translator 7.8 1','',(#8));
#8 = PRODUCT_CONTEXT('',#2,'mechanical');
#9 = PRODUCT_DEFINITION_CONTEXT('part definition',#2,'design');
#10 = ADVANCED_BREP_SHAPE_REPRESENTATION('',(#11,#15),#12746);
#11 = AXIS2_PLACEMENT_3D('',#12,#13,#14);
#12 = CARTESIAN_POINT('',(0.,0.,0.));
#13 = DIRECTION('',(0.,0.,1.));
#14 = DIRECTION('',(1.,0.,-0.));
#15 = MANIFOLD_SOLID_BREP('',#16);
#16 = CLOSED_SHELL('',(#17,#49,#96,#152,#183,#230,#247,#286,#326,#348,
    #379,#419,#450,#481,#512,#543,#574,#605,#627,#745,#785,#816,#847,
    #878,#909,#940,#971,#1002,#1024,#1055,#1086,#1116,#1163,#1192,#1225,
    #1242,#1265,#1448,#1479,#1503,#1527,#1551,#1575,#1599,#1623,#1647,
    #1671,#1695,#1719,#1743,#1767,#1791,#1815,#1839,#1863,#1887,#1911,
    #1928,#2048,#2368,#2398,#2414,#2438,#2461,#2504,#2539,#2588,#2612,
    #2918,#2941,#2964,#3070,#3094,#3118,#3149,#3180,#3227,#3290,#3339,
    #3363,#3387,#3879,#3909,#3925,#3948,#3971,#3999,#4015,#4032,#4056,
    #4080,#4104,#4128,#4152,#4176,#4200,#4217,#4239,#4270,#4287,#4311,
    #4551,#4577,#4617,#4629,#4646,#4784,#4807,#4830,#4853,#4876,#4893,
    #4917,#4941,#4964,#4987,#5004,#5452,#5475,#5498,#5528,#5544,#5556,
    #5568,#5596,#5822,#5839,#5856,#5873,#5897,#5914,#5938,#5955,#5972,
    #6003,#6236,#6259,#6282,#6312,#6334,#6451,#6474,#6497,#6520,#6543,
    #6560,#6577,#6594,#6611,#6628,#6645,#6878,#6901,#6924,#6941,#6958,
    #6976,#6993,#7010,#7027,#7044,#7066,#7088,#7105,#7122,#7139,#7156,
    #7173,#7190,#7207,#7231,#7255,#7272,#7289,#7301,#7313,#7330,#7347,
    #7364,#7376,#7393,#7410,#7427,#7444,#7461,#7485,#7509,#7627,#7644,
    #7661,#7678,#7695,#7712,#7729,#7753,#7770,#7787,#7804,#7821,#7838,
    #7855,#7872,#7889,#7908,#7925,#7942,#7959,#7976,#8087,#8104,#8121,
    #8138,#8150,#8162,#8179,#8196,#8218,#8235,#8252,#8269,#8286,#8303,
    #8320,#8337,#8354,#8371,#8388,#8405,#8422,#8444,#8461,#8478,#8495,
    #8512,#8529,#8546,#8563,#8580,#8597,#8614,#8631,#8643,#8655,#8672,
    #8689,#8706,#8728,#8740,#8757,#8774,#8791,#8808,#8825,#8842,#8859,
    #8876,#8898,#8915,#8927,#8944,#8961,#8978,#8995,#9017,#9034,#9051,
    #9068,#9090,#9102,#9119,#9136,#9148,#9165,#9182,#9199,#9211,#9223,
    #9240,#9252,#9327,#9344,#9361,#9373,#9390,#9407,#9424,#9441,#9458,
    #9475,#9492,#9504,#9516,#9528,#9545,#9562,#9643,#9674,#9705,#9736,
    #9767,#9798,#9829,#9860,#9986,#10003,#10027,#10074,#10105,#10136,
    #10153,#10192,#10216,#10247,#10278,#10309,#10333,#10364,#10395,
    #10412,#10517,#10534,#10565,#10596,#10627,#10644,#10683,#10707,
    #10798,#10889,#10987,#11004,#11028,#11045,#11134,#11166,#11183,
    #11214,#11226,#11238,#11255,#11272,#11289,#11313,#11344,#11423,
    #11440,#11480,#11497,#11576,#11599,#11615,#11631,#11647,#11670,
    #11693,#11710,#11729,#11746,#11763,#11789,#11812,#11829,#11848,
    #11864,#11881,#11898,#11915,#11948,#11971,#11994,#12011,#12028,
    #12054,#12070,#12087,#12104,#12123,#12140,#12157,#12174,#12196,
    #12243,#12266,#12289,#12312,#12334,#12346,#12365,#12388,#12400,
    #12417,#12443,#12466,#12483,#12505,#12527,#12551,#12568,#12585,
    #12611,#12632,#12644,#12658,#12670,#12682,#12696,#12708,#12720,
    #12734));
#17 = ADVANCED_FACE('',(#18),#44,.T.);
#18 = FACE_BOUND('',#19,.T.);
#19 = EDGE_LOOP('',(#20,#30,#38));
#20 = ORIENTED_EDGE('',*,*,#21,.T.);
#21 = EDGE_CURVE('',#22,#24,#26,.T.);
#22 = VERTEX_POINT('',#23);
#23 = CARTESIAN_POINT('',(294.43688964843,-5.9957371167E-15,
    58.485527038574));
#24 = VERTEX_POINT('',#25);
#25 = CARTESIAN_POINT('',(294.46117815316,-5.999937890375E-15,
    58.447435189783));
#26 = LINE('',#27,#28);
#27 = CARTESIAN_POINT('',(294.43688964843,-5.9957371167E-15,
    58.485527038574));
#28 = VECTOR('',#29,1.);
#29 = DIRECTION('',(0.537635261945,-9.298247376879E-17,-0.843177516964)
  );
#30 = ORIENTED_EDGE('',*,*,#31,.T.);
#31 = EDGE_CURVE('',#24,#32,#34,.T.);
#32 = VERTEX_POINT('',#33);
#33 = CARTESIAN_POINT('',(294.40827206633,-5.986445583779E-15,
    58.569524732137));
#34 = LINE('',#35,#36);
#35 = CARTESIAN_POINT('',(294.47827148437,-6.004297231665E-15,
    58.407989501953));
#36 = VECTOR('',#37,1.);
#37 = DIRECTION('',(-0.397611350901,1.014000886566E-16,0.917553929551));
#38 = ORIENTED_EDGE('',*,*,#39,.T.);
#39 = EDGE_CURVE('',#32,#22,#40,.T.);
#40 = LINE('',#41,#42);
#41 = CARTESIAN_POINT('',(294.3982849121,-5.983202723146E-15,
    58.598838806152));
#42 = VECTOR('',#43,1.);
#43 = DIRECTION('',(0.322492247038,-1.047085183526E-16,-0.946572105336)
  );
#44 = PLANE('',#45);
#45 = AXIS2_PLACEMENT_3D('',#46,#47,#48);
#46 = CARTESIAN_POINT('',(294.43310981017,-5.993279776017E-15,
    58.507703671596));
#47 = DIRECTION('',(-0.,-1.,-0.));
#48 = DIRECTION('',(0.,0.,-1.));
#49 = ADVANCED_FACE('',(#50),#91,.T.);
#50 = FACE_BOUND('',#51,.T.);
#51 = EDGE_LOOP('',(#52,#53,#61,#69,#77,#85));
#52 = ORIENTED_EDGE('',*,*,#21,.F.);
#53 = ORIENTED_EDGE('',*,*,#54,.F.);
#54 = EDGE_CURVE('',#55,#22,#57,.T.);
#55 = VERTEX_POINT('',#56);
#56 = CARTESIAN_POINT('',(294.43688964843,3.,58.485527038574));
#57 = LINE('',#58,#59);
#58 = CARTESIAN_POINT('',(294.43688964843,3.,58.485527038574));
#59 = VECTOR('',#60,1.);
#60 = DIRECTION('',(0.,-1.,0.));
#61 = ORIENTED_EDGE('',*,*,#62,.F.);
#62 = EDGE_CURVE('',#63,#55,#65,.T.);
#63 = VERTEX_POINT('',#64);
#64 = CARTESIAN_POINT('',(294.53607177734,3.,58.329978942871));
#65 = LINE('',#66,#67);
#66 = CARTESIAN_POINT('',(294.53607177734,3.,58.329978942871));
#67 = VECTOR('',#68,1.);
#68 = DIRECTION('',(-0.537635261945,0.,0.843177516964));
#69 = ORIENTED_EDGE('',*,*,#70,.F.);
#70 = EDGE_CURVE('',#71,#63,#73,.T.);
#71 = VERTEX_POINT('',#72);
#72 = CARTESIAN_POINT('',(294.53607177734,-6.012890380915E-15,
    58.329978942871));
#73 = LINE('',#74,#75);
#74 = CARTESIAN_POINT('',(294.53607177734,-6.012890380915E-15,
    58.329978942871));
#75 = VECTOR('',#76,1.);
#76 = DIRECTION('',(0.,1.,0.));
#77 = ORIENTED_EDGE('',*,*,#78,.F.);
#78 = EDGE_CURVE('',#79,#71,#81,.T.);
#79 = VERTEX_POINT('',#80);
#80 = CARTESIAN_POINT('',(294.51084995341,-6.008528433932E-15,
    58.369534523357));
#81 = LINE('',#82,#83);
#82 = CARTESIAN_POINT('',(294.43688964843,-5.9957371167E-15,
    58.485527038574));
#83 = VECTOR('',#84,1.);
#84 = DIRECTION('',(0.537635261945,-9.298247376879E-17,-0.843177516964)
  );
#85 = ORIENTED_EDGE('',*,*,#86,.F.);
#86 = EDGE_CURVE('',#24,#79,#87,.T.);
#87 = LINE('',#88,#89);
#88 = CARTESIAN_POINT('',(294.43688964843,-5.9957371167E-15,
    58.485527038574));
#89 = VECTOR('',#90,1.);
#90 = DIRECTION('',(0.537635261945,-9.298247376879E-17,-0.843177516964)
  );
#91 = PLANE('',#92);
#92 = AXIS2_PLACEMENT_3D('',#93,#94,#95);
#93 = CARTESIAN_POINT('',(294.48648071289,1.5,58.407752990723));
#94 = DIRECTION('',(-0.843177516964,-0.,-0.537635261945));
#95 = DIRECTION('',(0.537635261945,0.,-0.843177516964));
#96 = ADVANCED_FACE('',(#97),#147,.T.);
#97 = FACE_BOUND('',#98,.T.);
#98 = EDGE_LOOP('',(#99,#109,#117,#125,#133,#141));
#99 = ORIENTED_EDGE('',*,*,#100,.F.);
#100 = EDGE_CURVE('',#101,#103,#105,.T.);
#101 = VERTEX_POINT('',#102);
#102 = CARTESIAN_POINT('',(342.58109313313,8.5,104.11867423866));
#103 = VERTEX_POINT('',#104);
#104 = CARTESIAN_POINT('',(342.5810886296,16.39999961853,104.11866862778
    ));
#105 = LINE('',#106,#107);
#106 = CARTESIAN_POINT('',(342.58109313313,5.,104.11867423866));
#107 = VECTOR('',#108,1.);
#108 = DIRECTION('',(-1.162601583476E-18,1.,-1.110162150392E-16));
#109 = ORIENTED_EDGE('',*,*,#110,.F.);
#110 = EDGE_CURVE('',#111,#101,#113,.T.);
#111 = VERTEX_POINT('',#112);
#112 = CARTESIAN_POINT('',(347.45940584052,8.5,111.70711781408));
#113 = LINE('',#114,#115);
#114 = CARTESIAN_POINT('',(349.98947778056,8.5,115.64282711059));
#115 = VECTOR('',#116,1.);
#116 = DIRECTION('',(-0.540757625315,-9.40131337536E-17,-0.841178453519)
  );
#117 = ORIENTED_EDGE('',*,*,#118,.T.);
#118 = EDGE_CURVE('',#111,#119,#121,.T.);
#119 = VERTEX_POINT('',#120);
#120 = CARTESIAN_POINT('',(347.45942502889,17.9,111.7071054787));
#121 = LINE('',#122,#123);
#122 = CARTESIAN_POINT('',(347.45942502889,5.,111.7071054787));
#123 = VECTOR('',#124,1.);
#124 = DIRECTION('',(-1.162601583476E-18,1.,-1.110162150392E-16));
#125 = ORIENTED_EDGE('',*,*,#126,.T.);
#126 = EDGE_CURVE('',#119,#127,#129,.T.);
#127 = VERTEX_POINT('',#128);
#128 = CARTESIAN_POINT('',(347.44275206247,17.9,111.68117004381));
#129 = LINE('',#130,#131);
#130 = CARTESIAN_POINT('',(347.45942502889,17.9,111.7071054787));
#131 = VECTOR('',#132,1.);
#132 = DIRECTION('',(-0.540761879361,-9.401283509681E-17,-0.841175718759
    ));
#133 = ORIENTED_EDGE('',*,*,#134,.F.);
#134 = EDGE_CURVE('',#135,#127,#137,.T.);
#135 = VERTEX_POINT('',#136);
#136 = CARTESIAN_POINT('',(347.44275206247,16.39999961853,
    111.68117004381));
#137 = LINE('',#138,#139);
#138 = CARTESIAN_POINT('',(347.44275206247,15.344234236231,
    111.68117004381));
#139 = VECTOR('',#140,1.);
#140 = DIRECTION('',(3.87334416013E-17,1.,-4.895639891221E-17));
#141 = ORIENTED_EDGE('',*,*,#142,.F.);
#142 = EDGE_CURVE('',#103,#135,#143,.T.);
#143 = LINE('',#144,#145);
#144 = CARTESIAN_POINT('',(345.44041047363,16.39999961853,
    108.56645136729));
#145 = VECTOR('',#146,1.);
#146 = DIRECTION('',(0.540761879361,-0.,0.841175718759));
#147 = PLANE('',#148);
#148 = AXIS2_PLACEMENT_3D('',#149,#150,#151);
#149 = CARTESIAN_POINT('',(344.18480947201,9.905050844216,
    106.61331614211));
#150 = DIRECTION('',(-0.841175718759,5.905538486151E-17,0.540761879361)
  );
#151 = DIRECTION('',(-0.540761879361,-9.401283509681E-17,-0.841175718759
    ));
#152 = ADVANCED_FACE('',(#153),#178,.T.);
#153 = FACE_BOUND('',#154,.T.);
#154 = EDGE_LOOP('',(#155,#156,#164,#172));
#155 = ORIENTED_EDGE('',*,*,#118,.F.);
#156 = ORIENTED_EDGE('',*,*,#157,.T.);
#157 = EDGE_CURVE('',#111,#158,#160,.T.);
#158 = VERTEX_POINT('',#159);
#159 = CARTESIAN_POINT('',(348.41933537668,8.5,110.4711857385));
#160 = LINE('',#161,#162);
#161 = CARTESIAN_POINT('',(347.2564533122,8.5,111.96843900003));
#162 = VECTOR('',#163,1.);
#163 = DIRECTION('',(0.613398752542,-8.696451152285E-17,-0.789773366466)
  );
#164 = ORIENTED_EDGE('',*,*,#165,.T.);
#165 = EDGE_CURVE('',#158,#166,#168,.T.);
#166 = VERTEX_POINT('',#167);
#167 = CARTESIAN_POINT('',(348.41933537668,17.9,110.4711857385));
#168 = LINE('',#169,#170);
#169 = CARTESIAN_POINT('',(348.41933537668,5.,110.4711857385));
#170 = VECTOR('',#171,1.);
#171 = DIRECTION('',(-1.162601583476E-18,1.,-1.110162150392E-16));
#172 = ORIENTED_EDGE('',*,*,#173,.T.);
#173 = EDGE_CURVE('',#166,#119,#174,.T.);
#174 = LINE('',#175,#176);
#175 = CARTESIAN_POINT('',(348.41933537668,17.9,110.4711857385));
#176 = VECTOR('',#177,1.);
#177 = DIRECTION('',(-0.613398752542,8.69645115229E-17,0.789773366466));
#178 = PLANE('',#179);
#179 = AXIS2_PLACEMENT_3D('',#180,#181,#182);
#180 = CARTESIAN_POINT('',(347.71390534425,11.082417155082,
    111.37945274949));
#181 = DIRECTION('',(0.789773366466,6.901539958352E-17,0.613398752542));
#182 = DIRECTION('',(-0.613398752542,8.69645115229E-17,0.789773366466));
#183 = ADVANCED_FACE('',(#184),#225,.T.);
#184 = FACE_BOUND('',#185,.T.);
#185 = EDGE_LOOP('',(#186,#187,#195,#203,#211,#219));
#186 = ORIENTED_EDGE('',*,*,#165,.F.);
#187 = ORIENTED_EDGE('',*,*,#188,.T.);
#188 = EDGE_CURVE('',#158,#189,#191,.T.);
#189 = VERTEX_POINT('',#190);
#190 = CARTESIAN_POINT('',(343.67297504219,8.5,103.24229138473));
#191 = LINE('',#192,#193);
#192 = CARTESIAN_POINT('',(349.85948644829,8.5,112.66459278863));
#193 = VECTOR('',#194,1.);
#194 = DIRECTION('',(-0.548850273048,-9.343884379946E-17,-0.835920676724
    ));
#195 = ORIENTED_EDGE('',*,*,#196,.F.);
#196 = EDGE_CURVE('',#197,#189,#199,.T.);
#197 = VERTEX_POINT('',#198);
#198 = CARTESIAN_POINT('',(343.67296861119,16.39999961853,
    103.24228337246));
#199 = LINE('',#200,#201);
#200 = CARTESIAN_POINT('',(343.67297571852,17.9,103.24229222736));
#201 = VECTOR('',#202,1.);
#202 = DIRECTION('',(1.162601583476E-18,-1.,1.110162150392E-16));
#203 = ORIENTED_EDGE('',*,*,#204,.F.);
#204 = EDGE_CURVE('',#205,#197,#207,.T.);
#205 = VERTEX_POINT('',#206);
#206 = CARTESIAN_POINT('',(348.41059841571,16.39999961853,
    110.45787900134));
#207 = LINE('',#208,#209);
#208 = CARTESIAN_POINT('',(345.54520268794,16.39999961853,
    106.09376796148));
#209 = VECTOR('',#210,1.);
#210 = DIRECTION('',(-0.548850273048,0.,-0.835920676724));
#211 = ORIENTED_EDGE('',*,*,#212,.F.);
#212 = EDGE_CURVE('',#213,#205,#215,.T.);
#213 = VERTEX_POINT('',#214);
#214 = CARTESIAN_POINT('',(348.41059841571,17.9,110.45787900134));
#215 = LINE('',#216,#217);
#216 = CARTESIAN_POINT('',(348.41059841571,15.364537086027,
    110.45787900134));
#217 = VECTOR('',#218,1.);
#218 = DIRECTION('',(-3.91986650926E-17,-1.,4.954440932084E-17));
#219 = ORIENTED_EDGE('',*,*,#220,.T.);
#220 = EDGE_CURVE('',#213,#166,#221,.T.);
#221 = LINE('',#222,#223);
#222 = CARTESIAN_POINT('',(343.67297571852,17.9,103.24229222736));
#223 = VECTOR('',#224,1.);
#224 = DIRECTION('',(0.548850273048,9.34388437995E-17,0.835920676724));
#225 = PLANE('',#226);
#226 = AXIS2_PLACEMENT_3D('',#227,#228,#229);
#227 = CARTESIAN_POINT('',(346.87181486429,9.945656543808,
    108.11425078286));
#228 = DIRECTION('',(0.835920676724,-5.995943723464E-17,-0.548850273048)
  );
#229 = DIRECTION('',(0.548850273048,9.34388437995E-17,0.835920676724));
#230 = ADVANCED_FACE('',(#231),#242,.T.);
#231 = FACE_BOUND('',#232,.T.);
#232 = EDGE_LOOP('',(#233,#234,#235,#236));
#233 = ORIENTED_EDGE('',*,*,#126,.F.);
#234 = ORIENTED_EDGE('',*,*,#173,.F.);
#235 = ORIENTED_EDGE('',*,*,#220,.F.);
#236 = ORIENTED_EDGE('',*,*,#237,.F.);
#237 = EDGE_CURVE('',#127,#213,#238,.T.);
#238 = LINE('',#239,#240);
#239 = CARTESIAN_POINT('',(347.88084545975,17.9,111.12745020299));
#240 = VECTOR('',#241,1.);
#241 = DIRECTION('',(0.62046946159,-8.634095508976E-17,-0.784230608453)
  );
#242 = PLANE('',#243);
#243 = AXIS2_PLACEMENT_3D('',#244,#245,#246);
#244 = CARTESIAN_POINT('',(345.47352948764,17.9,107.89409532778));
#245 = DIRECTION('',(-1.162601583476E-18,1.,-1.110162150392E-16));
#246 = DIRECTION('',(-0.999945169366,-3.996304634604E-31,
    1.047178411624E-02));
#247 = ADVANCED_FACE('',(#248),#281,.T.);
#248 = FACE_BOUND('',#249,.T.);
#249 = EDGE_LOOP('',(#250,#251,#259,#267,#275));
#250 = ORIENTED_EDGE('',*,*,#110,.T.);
#251 = ORIENTED_EDGE('',*,*,#252,.T.);
#252 = EDGE_CURVE('',#101,#253,#255,.T.);
#253 = VERTEX_POINT('',#254);
#254 = CARTESIAN_POINT('',(342.58109313313,5.,104.11867423866));
#255 = LINE('',#256,#257);
#256 = CARTESIAN_POINT('',(342.58109313313,8.5,104.11867423866));
#257 = VECTOR('',#258,1.);
#258 = DIRECTION('',(1.162601583476E-18,-1.,1.110162150392E-16));
#259 = ORIENTED_EDGE('',*,*,#260,.T.);
#260 = EDGE_CURVE('',#253,#261,#263,.T.);
#261 = VERTEX_POINT('',#262);
#262 = CARTESIAN_POINT('',(349.98947778056,5.,115.64282711059));
#263 = LINE('',#264,#265);
#264 = CARTESIAN_POINT('',(342.58109313313,5.,104.11867423866));
#265 = VECTOR('',#266,1.);
#266 = DIRECTION('',(0.540757625315,9.40131337536E-17,0.841178453519));
#267 = ORIENTED_EDGE('',*,*,#268,.T.);
#268 = EDGE_CURVE('',#261,#269,#271,.T.);
#269 = VERTEX_POINT('',#270);
#270 = CARTESIAN_POINT('',(349.98947778056,8.5,115.64282711059));
#271 = LINE('',#272,#273);
#272 = CARTESIAN_POINT('',(349.98947778056,5.,115.64282711059));
#273 = VECTOR('',#274,1.);
#274 = DIRECTION('',(-1.162601583476E-18,1.,-1.110162150392E-16));
#275 = ORIENTED_EDGE('',*,*,#276,.T.);
#276 = EDGE_CURVE('',#269,#111,#277,.T.);
#277 = LINE('',#278,#279);
#278 = CARTESIAN_POINT('',(349.98947778056,8.5,115.64282711059));
#279 = VECTOR('',#280,1.);
#280 = DIRECTION('',(-0.540757625315,-9.40131337536E-17,-0.841178453519)
  );
#281 = PLANE('',#282);
#282 = AXIS2_PLACEMENT_3D('',#283,#284,#285);
#283 = CARTESIAN_POINT('',(346.28528545684,6.75,109.88075067462));
#284 = DIRECTION('',(-0.841178453519,1.617374168583E-12,0.540757625315)
  );
#285 = DIRECTION('',(-0.540757625315,0.,-0.841178453519));
#286 = ADVANCED_FACE('',(#287),#321,.T.);
#287 = FACE_BOUND('',#288,.T.);
#288 = EDGE_LOOP('',(#289,#299,#307,#315));
#289 = ORIENTED_EDGE('',*,*,#290,.F.);
#290 = EDGE_CURVE('',#291,#293,#295,.T.);
#291 = VERTEX_POINT('',#292);
#292 = CARTESIAN_POINT('',(350.9029241818,5.,116.67381822697));
#293 = VERTEX_POINT('',#294);
#294 = CARTESIAN_POINT('',(350.9029241818,8.5,116.67381822697));
#295 = LINE('',#296,#297);
#296 = CARTESIAN_POINT('',(350.9029241818,5.,116.67381822697));
#297 = VECTOR('',#298,1.);
#298 = DIRECTION('',(-1.162601583476E-18,1.,-1.110162150392E-16));
#299 = ORIENTED_EDGE('',*,*,#300,.T.);
#300 = EDGE_CURVE('',#291,#301,#303,.T.);
#301 = VERTEX_POINT('',#302);
#302 = CARTESIAN_POINT('',(352.08548686874,5.,117.3802734212));
#303 = LINE('',#304,#305);
#304 = CARTESIAN_POINT('',(350.9029241818,5.,116.67381822697));
#305 = VECTOR('',#306,1.);
#306 = DIRECTION('',(0.858478556263,5.793267444297E-17,0.51284945982));
#307 = ORIENTED_EDGE('',*,*,#308,.T.);
#308 = EDGE_CURVE('',#301,#309,#311,.T.);
#309 = VERTEX_POINT('',#310);
#310 = CARTESIAN_POINT('',(352.08548686874,8.5,117.3802734212));
#311 = LINE('',#312,#313);
#312 = CARTESIAN_POINT('',(352.08548686874,5.,117.3802734212));
#313 = VECTOR('',#314,1.);
#314 = DIRECTION('',(-1.162601583476E-18,1.,-1.110162150392E-16));
#315 = ORIENTED_EDGE('',*,*,#316,.T.);
#316 = EDGE_CURVE('',#309,#293,#317,.T.);
#317 = LINE('',#318,#319);
#318 = CARTESIAN_POINT('',(352.08548686874,8.5,117.3802734212));
#319 = VECTOR('',#320,1.);
#320 = DIRECTION('',(-0.858478556263,-5.793267444297E-17,-0.51284945982)
  );
#321 = PLANE('',#322);
#322 = AXIS2_PLACEMENT_3D('',#323,#324,#325);
#323 = CARTESIAN_POINT('',(351.25464940904,6.470952708157,116.8839365712
    ));
#324 = DIRECTION('',(-0.51284945982,9.470880041448E-17,0.858478556263));
#325 = DIRECTION('',(0.858478556263,5.793267444297E-17,0.51284945982));
#326 = ADVANCED_FACE('',(#327),#343,.T.);
#327 = FACE_BOUND('',#328,.T.);
#328 = EDGE_LOOP('',(#329,#330,#336,#337));
#329 = ORIENTED_EDGE('',*,*,#268,.F.);
#330 = ORIENTED_EDGE('',*,*,#331,.T.);
#331 = EDGE_CURVE('',#261,#291,#332,.T.);
#332 = LINE('',#333,#334);
#333 = CARTESIAN_POINT('',(349.98947778056,5.,115.64282711059));
#334 = VECTOR('',#335,1.);
#335 = DIRECTION('',(0.663150306169,8.386509044989E-17,0.748486253333));
#336 = ORIENTED_EDGE('',*,*,#290,.T.);
#337 = ORIENTED_EDGE('',*,*,#338,.T.);
#338 = EDGE_CURVE('',#293,#269,#339,.T.);
#339 = LINE('',#340,#341);
#340 = CARTESIAN_POINT('',(350.9029241818,8.5,116.67381822697));
#341 = VECTOR('',#342,1.);
#342 = DIRECTION('',(-0.663150306169,-8.386509044989E-17,-0.748486253333
    ));
#343 = PLANE('',#344);
#344 = AXIS2_PLACEMENT_3D('',#345,#346,#347);
#345 = CARTESIAN_POINT('',(350.2611585577,6.470964581097,115.94946849354
    ));
#346 = DIRECTION('',(-0.748486253333,7.275024568964E-17,0.663150306169)
  );
#347 = DIRECTION('',(-0.663150306169,-8.386509044989E-17,-0.748486253333
    ));
#348 = ADVANCED_FACE('',(#349),#374,.T.);
#349 = FACE_BOUND('',#350,.T.);
#350 = EDGE_LOOP('',(#351,#352,#360,#368));
#351 = ORIENTED_EDGE('',*,*,#308,.F.);
#352 = ORIENTED_EDGE('',*,*,#353,.T.);
#353 = EDGE_CURVE('',#301,#354,#356,.T.);
#354 = VERTEX_POINT('',#355);
#355 = CARTESIAN_POINT('',(353.4262650383,5.,117.69585038495));
#356 = LINE('',#357,#358);
#357 = CARTESIAN_POINT('',(352.08548686874,5.,117.3802734212));
#358 = VECTOR('',#359,1.);
#359 = DIRECTION('',(0.97340102064,2.656637507607E-17,0.229107950574));
#360 = ORIENTED_EDGE('',*,*,#361,.T.);
#361 = EDGE_CURVE('',#354,#362,#364,.T.);
#362 = VERTEX_POINT('',#363);
#363 = CARTESIAN_POINT('',(353.4262650383,8.5,117.69585038495));
#364 = LINE('',#365,#366);
#365 = CARTESIAN_POINT('',(353.4262650383,5.,117.69585038495));
#366 = VECTOR('',#367,1.);
#367 = DIRECTION('',(-1.162601583476E-18,1.,-1.110162150392E-16));
#368 = ORIENTED_EDGE('',*,*,#369,.T.);
#369 = EDGE_CURVE('',#362,#309,#370,.T.);
#370 = LINE('',#371,#372);
#371 = CARTESIAN_POINT('',(353.4262650383,8.5,117.69585038495));
#372 = VECTOR('',#373,1.);
#373 = DIRECTION('',(-0.97340102064,-2.656637507607E-17,-0.229107950574)
  );
#374 = PLANE('',#375);
#375 = AXIS2_PLACEMENT_3D('',#376,#377,#378);
#376 = CARTESIAN_POINT('',(352.48426550827,6.470967577092,
    117.47413335652));
#377 = DIRECTION('',(-0.229107950574,1.077969357607E-16,0.97340102064));
#378 = DIRECTION('',(0.97340102064,2.656637507607E-17,0.229107950574));
#379 = ADVANCED_FACE('',(#380),#414,.T.);
#380 = FACE_BOUND('',#381,.T.);
#381 = EDGE_LOOP('',(#382,#392,#400,#408));
#382 = ORIENTED_EDGE('',*,*,#383,.F.);
#383 = EDGE_CURVE('',#384,#386,#388,.T.);
#384 = VERTEX_POINT('',#385);
#385 = CARTESIAN_POINT('',(350.44125913422,8.5,97.80981835861));
#386 = VERTEX_POINT('',#387);
#387 = CARTESIAN_POINT('',(350.44125913422,5.,97.80981835861));
#388 = LINE('',#389,#390);
#389 = CARTESIAN_POINT('',(350.44125913422,8.5,97.80981835861));
#390 = VECTOR('',#391,1.);
#391 = DIRECTION('',(1.162601583476E-18,-1.,1.110162150392E-16));
#392 = ORIENTED_EDGE('',*,*,#393,.T.);
#393 = EDGE_CURVE('',#384,#394,#396,.T.);
#394 = VERTEX_POINT('',#395);
#395 = CARTESIAN_POINT('',(357.71781057043,8.5,111.04084534846));
#396 = LINE('',#397,#398);
#397 = CARTESIAN_POINT('',(350.44125913422,8.5,97.80981835861));
#398 = VECTOR('',#399,1.);
#399 = DIRECTION('',(0.481892645395,9.783601673981E-17,0.876230265578));
#400 = ORIENTED_EDGE('',*,*,#401,.T.);
#401 = EDGE_CURVE('',#394,#402,#404,.T.);
#402 = VERTEX_POINT('',#403);
#403 = CARTESIAN_POINT('',(357.71781057043,5.,111.04084534846));
#404 = LINE('',#405,#406);
#405 = CARTESIAN_POINT('',(357.71781057043,8.5,111.04084534846));
#406 = VECTOR('',#407,1.);
#407 = DIRECTION('',(1.162601583476E-18,-1.,1.110162150392E-16));
#408 = ORIENTED_EDGE('',*,*,#409,.T.);
#409 = EDGE_CURVE('',#402,#386,#410,.T.);
#410 = LINE('',#411,#412);
#411 = CARTESIAN_POINT('',(357.71781057043,5.,111.04084534846));
#412 = VECTOR('',#413,1.);
#413 = DIRECTION('',(-0.481892645395,-9.783601673981E-17,-0.876230265578
    ));
#414 = PLANE('',#415);
#415 = AXIS2_PLACEMENT_3D('',#416,#417,#418);
#416 = CARTESIAN_POINT('',(353.70610709167,7.524918987091,
    103.74632438367));
#417 = DIRECTION('',(0.876230265578,-5.247919085274E-17,-0.481892645395)
  );
#418 = DIRECTION('',(0.481892645395,9.783601673981E-17,0.876230265578));
#419 = ADVANCED_FACE('',(#420),#445,.T.);
#420 = FACE_BOUND('',#421,.T.);
#421 = EDGE_LOOP('',(#422,#423,#431,#439));
#422 = ORIENTED_EDGE('',*,*,#401,.F.);
#423 = ORIENTED_EDGE('',*,*,#424,.T.);
#424 = EDGE_CURVE('',#394,#425,#427,.T.);
#425 = VERTEX_POINT('',#426);
#426 = CARTESIAN_POINT('',(358.18909041637,8.5,112.33518117691));
#427 = LINE('',#428,#429);
#428 = CARTESIAN_POINT('',(357.71781057043,8.5,111.04084534846));
#429 = VECTOR('',#430,1.);
#430 = DIRECTION('',(0.342135613649,1.047142188112E-16,0.939650584991));
#431 = ORIENTED_EDGE('',*,*,#432,.F.);
#432 = EDGE_CURVE('',#433,#425,#435,.T.);
#433 = VERTEX_POINT('',#434);
#434 = CARTESIAN_POINT('',(358.18909041637,5.,112.33518117691));
#435 = LINE('',#436,#437);
#436 = CARTESIAN_POINT('',(358.18909041637,5.,112.33518117691));
#437 = VECTOR('',#438,1.);
#438 = DIRECTION('',(-1.162601583476E-18,1.,-1.110162150392E-16));
#439 = ORIENTED_EDGE('',*,*,#440,.T.);
#440 = EDGE_CURVE('',#433,#402,#441,.T.);
#441 = LINE('',#442,#443);
#442 = CARTESIAN_POINT('',(358.18909041637,5.,112.33518117691));
#443 = VECTOR('',#444,1.);
#444 = DIRECTION('',(-0.342135613649,-1.047142188112E-16,-0.939650584991
    ));
#445 = PLANE('',#446);
#446 = AXIS2_PLACEMENT_3D('',#447,#448,#449);
#447 = CARTESIAN_POINT('',(357.85798090745,7.02904018798,111.42581298681
    ));
#448 = DIRECTION('',(0.939650584991,-3.689016159936E-17,-0.342135613649)
  );
#449 = DIRECTION('',(0.342135613649,1.047142188112E-16,0.939650584991));
#450 = ADVANCED_FACE('',(#451),#476,.T.);
#451 = FACE_BOUND('',#452,.T.);
#452 = EDGE_LOOP('',(#453,#463,#469,#470));
#453 = ORIENTED_EDGE('',*,*,#454,.F.);
#454 = EDGE_CURVE('',#455,#457,#459,.T.);
#455 = VERTEX_POINT('',#456);
#456 = CARTESIAN_POINT('',(358.24670560006,5.,113.71145330502));
#457 = VERTEX_POINT('',#458);
#458 = CARTESIAN_POINT('',(358.24670560006,8.5,113.71145330502));
#459 = LINE('',#460,#461);
#460 = CARTESIAN_POINT('',(358.24670560006,5.,113.71145330502));
#461 = VECTOR('',#462,1.);
#462 = DIRECTION('',(-1.162601583476E-18,1.,-1.110162150392E-16));
#463 = ORIENTED_EDGE('',*,*,#464,.T.);
#464 = EDGE_CURVE('',#455,#433,#465,.T.);
#465 = LINE('',#466,#467);
#466 = CARTESIAN_POINT('',(358.24670560006,5.,113.71145330502));
#467 = VECTOR('',#468,1.);
#468 = DIRECTION('',(-4.182658547481E-02,-1.109676907899E-16,
    -0.999124885461));
#469 = ORIENTED_EDGE('',*,*,#432,.T.);
#470 = ORIENTED_EDGE('',*,*,#471,.T.);
#471 = EDGE_CURVE('',#425,#457,#472,.T.);
#472 = LINE('',#473,#474);
#473 = CARTESIAN_POINT('',(358.18909041637,8.5,112.33518117691));
#474 = VECTOR('',#475,1.);
#475 = DIRECTION('',(4.182658547481E-02,1.109676907899E-16,
    0.999124885461));
#476 = PLANE('',#477);
#477 = AXIS2_PLACEMENT_3D('',#478,#479,#480);
#478 = CARTESIAN_POINT('',(358.2295693896,6.470957824951,113.30211522215
    ));
#479 = DIRECTION('',(0.999124885461,-3.481845033501E-18,
    -4.182658547481E-02));
#480 = DIRECTION('',(4.182658547481E-02,1.109676907899E-16,
    0.999124885461));
#481 = ADVANCED_FACE('',(#482),#507,.T.);
#482 = FACE_BOUND('',#483,.T.);
#483 = EDGE_LOOP('',(#484,#494,#500,#501));
#484 = ORIENTED_EDGE('',*,*,#485,.F.);
#485 = EDGE_CURVE('',#486,#488,#490,.T.);
#486 = VERTEX_POINT('',#487);
#487 = CARTESIAN_POINT('',(357.885404428,5.,115.04060965138));
#488 = VERTEX_POINT('',#489);
#489 = CARTESIAN_POINT('',(357.885404428,8.5,115.04060965138));
#490 = LINE('',#491,#492);
#491 = CARTESIAN_POINT('',(357.885404428,5.,115.04060965138));
#492 = VECTOR('',#493,1.);
#493 = DIRECTION('',(-1.162601583476E-18,1.,-1.110162150392E-16));
#494 = ORIENTED_EDGE('',*,*,#495,.T.);
#495 = EDGE_CURVE('',#486,#455,#496,.T.);
#496 = LINE('',#497,#498);
#497 = CARTESIAN_POINT('',(357.885404428,5.,115.04060965138));
#498 = VECTOR('',#499,1.);
#499 = DIRECTION('',(0.262309107538,-1.068238994466E-16,-0.96498390251)
  );
#500 = ORIENTED_EDGE('',*,*,#454,.T.);
#501 = ORIENTED_EDGE('',*,*,#502,.T.);
#502 = EDGE_CURVE('',#457,#488,#503,.T.);
#503 = LINE('',#504,#505);
#504 = CARTESIAN_POINT('',(358.24670560006,8.5,113.71145330502));
#505 = VECTOR('',#506,1.);
#506 = DIRECTION('',(-0.262309107538,1.068238994466E-16,0.96498390251));
#507 = PLANE('',#508);
#508 = AXIS2_PLACEMENT_3D('',#509,#510,#511);
#509 = CARTESIAN_POINT('',(357.99286347202,6.470972166391,
    114.64528884598));
#510 = DIRECTION('',(0.96498390251,3.024245610228E-17,0.262309107538));
#511 = DIRECTION('',(-0.262309107538,1.068238994466E-16,0.96498390251));
#512 = ADVANCED_FACE('',(#513),#538,.T.);
#513 = FACE_BOUND('',#514,.T.);
#514 = EDGE_LOOP('',(#515,#525,#531,#532));
#515 = ORIENTED_EDGE('',*,*,#516,.F.);
#516 = EDGE_CURVE('',#517,#519,#521,.T.);
#517 = VERTEX_POINT('',#518);
#518 = CARTESIAN_POINT('',(357.1388864799,5.,116.19829050255));
#519 = VERTEX_POINT('',#520);
#520 = CARTESIAN_POINT('',(357.1388864799,8.5,116.19829050255));
#521 = LINE('',#522,#523);
#522 = CARTESIAN_POINT('',(357.1388864799,5.,116.19829050255));
#523 = VECTOR('',#524,1.);
#524 = DIRECTION('',(-1.162601583476E-18,1.,-1.110162150392E-16));
#525 = ORIENTED_EDGE('',*,*,#526,.T.);
#526 = EDGE_CURVE('',#517,#486,#527,.T.);
#527 = LINE('',#528,#529);
#528 = CARTESIAN_POINT('',(357.1388864799,5.,116.19829050255));
#529 = VECTOR('',#530,1.);
#530 = DIRECTION('',(0.541935697716,-9.267018706662E-17,-0.840419954273)
  );
#531 = ORIENTED_EDGE('',*,*,#485,.T.);
#532 = ORIENTED_EDGE('',*,*,#533,.T.);
#533 = EDGE_CURVE('',#488,#519,#534,.T.);
#534 = LINE('',#535,#536);
#535 = CARTESIAN_POINT('',(357.885404428,8.5,115.04060965138));
#536 = VECTOR('',#537,1.);
#537 = DIRECTION('',(-0.541935697716,9.267018706662E-17,0.840419954273)
  );
#538 = PLANE('',#539);
#539 = AXIS2_PLACEMENT_3D('',#540,#541,#542);
#540 = CARTESIAN_POINT('',(357.36092037135,6.470953826739,
    115.85396604913));
#541 = DIRECTION('',(0.840419954273,6.114072352473E-17,0.541935697716));
#542 = DIRECTION('',(-0.541935697716,9.267018706662E-17,0.840419954273)
  );
#543 = ADVANCED_FACE('',(#544),#569,.T.);
#544 = FACE_BOUND('',#545,.T.);
#545 = EDGE_LOOP('',(#546,#556,#562,#563));
#546 = ORIENTED_EDGE('',*,*,#547,.F.);
#547 = EDGE_CURVE('',#548,#550,#552,.T.);
#548 = VERTEX_POINT('',#549);
#549 = CARTESIAN_POINT('',(356.07711795178,5.,117.07585723089));
#550 = VERTEX_POINT('',#551);
#551 = CARTESIAN_POINT('',(356.07711795178,8.5,117.07585723089));
#552 = LINE('',#553,#554);
#553 = CARTESIAN_POINT('',(356.07711795178,5.,117.07585723089));
#554 = VECTOR('',#555,1.);
#555 = DIRECTION('',(-1.162601583476E-18,1.,-1.110162150392E-16));
#556 = ORIENTED_EDGE('',*,*,#557,.T.);
#557 = EDGE_CURVE('',#548,#517,#558,.T.);
#558 = LINE('',#559,#560);
#559 = CARTESIAN_POINT('',(356.07711795178,5.,117.07585723089));
#560 = VECTOR('',#561,1.);
#561 = DIRECTION('',(0.770800040589,-6.982976074024E-17,-0.637077151864)
  );
#562 = ORIENTED_EDGE('',*,*,#516,.T.);
#563 = ORIENTED_EDGE('',*,*,#564,.T.);
#564 = EDGE_CURVE('',#519,#550,#565,.T.);
#565 = LINE('',#566,#567);
#566 = CARTESIAN_POINT('',(357.1388864799,8.5,116.19829050255));
#567 = VECTOR('',#568,1.);
#568 = DIRECTION('',(-0.770800040589,6.982976074024E-17,0.637077151864)
  );
#569 = PLANE('',#570);
#570 = AXIS2_PLACEMENT_3D('',#571,#572,#573);
#571 = CARTESIAN_POINT('',(356.39291510889,6.470956025397,116.8148464073
    ));
#572 = DIRECTION('',(0.637077151864,8.63119699639E-17,0.770800040589));
#573 = DIRECTION('',(0.770800040589,-6.982976074024E-17,-0.637077151864)
  );
#574 = ADVANCED_FACE('',(#575),#600,.T.);
#575 = FACE_BOUND('',#576,.T.);
#576 = EDGE_LOOP('',(#577,#587,#593,#594));
#577 = ORIENTED_EDGE('',*,*,#578,.F.);
#578 = EDGE_CURVE('',#579,#581,#583,.T.);
#579 = VERTEX_POINT('',#580);
#580 = CARTESIAN_POINT('',(354.79974407148,5.,117.59116186888));
#581 = VERTEX_POINT('',#582);
#582 = CARTESIAN_POINT('',(354.79974407148,8.5,117.59116186888));
#583 = LINE('',#584,#585);
#584 = CARTESIAN_POINT('',(354.79974407148,5.,117.59116186888));
#585 = VECTOR('',#586,1.);
#586 = DIRECTION('',(-1.162601583476E-18,1.,-1.110162150392E-16));
#587 = ORIENTED_EDGE('',*,*,#588,.T.);
#588 = EDGE_CURVE('',#579,#548,#589,.T.);
#589 = LINE('',#590,#591);
#590 = CARTESIAN_POINT('',(354.79974407148,5.,117.59116186888));
#591 = VECTOR('',#592,1.);
#592 = DIRECTION('',(0.927382406207,-4.045463121189E-17,-0.374114785405)
  );
#593 = ORIENTED_EDGE('',*,*,#547,.T.);
#594 = ORIENTED_EDGE('',*,*,#595,.T.);
#595 = EDGE_CURVE('',#550,#581,#596,.T.);
#596 = LINE('',#597,#598);
#597 = CARTESIAN_POINT('',(356.07711795178,8.5,117.07585723089));
#598 = VECTOR('',#599,1.);
#599 = DIRECTION('',(-0.927382406207,4.045463121189E-17,0.374114785405)
  );
#600 = PLANE('',#601);
#601 = AXIS2_PLACEMENT_3D('',#602,#603,#604);
#602 = CARTESIAN_POINT('',(355.17966402662,6.470970569122,
    117.43789858554));
#603 = DIRECTION('',(0.374114785405,1.033894310729E-16,0.927382406207));
#604 = DIRECTION('',(0.927382406207,-4.045463121189E-17,-0.374114785405)
  );
#605 = ADVANCED_FACE('',(#606),#622,.T.);
#606 = FACE_BOUND('',#607,.T.);
#607 = EDGE_LOOP('',(#608,#609,#615,#616));
#608 = ORIENTED_EDGE('',*,*,#361,.F.);
#609 = ORIENTED_EDGE('',*,*,#610,.T.);
#610 = EDGE_CURVE('',#354,#579,#611,.T.);
#611 = LINE('',#612,#613);
#612 = CARTESIAN_POINT('',(353.4262650383,5.,117.69585038495));
#613 = VECTOR('',#614,1.);
#614 = DIRECTION('',(0.997107744189,-7.278100282867E-18,
    -7.600096366263E-02));
#615 = ORIENTED_EDGE('',*,*,#578,.T.);
#616 = ORIENTED_EDGE('',*,*,#617,.T.);
#617 = EDGE_CURVE('',#581,#362,#618,.T.);
#618 = LINE('',#619,#620);
#619 = CARTESIAN_POINT('',(354.79974407148,8.5,117.59116186888));
#620 = VECTOR('',#621,1.);
#621 = DIRECTION('',(-0.997107744189,7.278100282867E-18,
    7.600096366263E-02));
#622 = PLANE('',#623);
#623 = AXIS2_PLACEMENT_3D('',#624,#625,#626);
#624 = CARTESIAN_POINT('',(353.83477174308,6.47096013352,117.66471342567
    ));
#625 = DIRECTION('',(7.600096366263E-02,1.107834865869E-16,
    0.997107744189));
#626 = DIRECTION('',(0.997107744189,-7.278100282867E-18,
    -7.600096366263E-02));
#627 = ADVANCED_FACE('',(#628),#740,.T.);
#628 = FACE_BOUND('',#629,.T.);
#629 = EDGE_LOOP('',(#630,#640,#648,#654,#655,#661,#662,#668,#669,#670,
    #678,#686,#694,#702,#710,#718,#726,#734));
#630 = ORIENTED_EDGE('',*,*,#631,.T.);
#631 = EDGE_CURVE('',#632,#634,#636,.T.);
#632 = VERTEX_POINT('',#633);
#633 = CARTESIAN_POINT('',(343.67296861119,-16.39999961853,
    103.24228337246));
#634 = VERTEX_POINT('',#635);
#635 = CARTESIAN_POINT('',(351.53909301757,-16.39999961853,
    96.928573608398));
#636 = LINE('',#637,#638);
#637 = CARTESIAN_POINT('',(341.00506591796,-16.39999961853,105.383644104
    ));
#638 = VECTOR('',#639,1.);
#639 = DIRECTION('',(0.779862079428,0.,-0.625951385549));
#640 = ORIENTED_EDGE('',*,*,#641,.F.);
#641 = EDGE_CURVE('',#642,#634,#644,.T.);
#642 = VERTEX_POINT('',#643);
#643 = CARTESIAN_POINT('',(351.53909301757,16.39999961853,
    96.928573608398));
#644 = LINE('',#645,#646);
#645 = CARTESIAN_POINT('',(351.53909301757,16.39999961853,
    96.928573608398));
#646 = VECTOR('',#647,1.);
#647 = DIRECTION('',(0.,-1.,0.));
#648 = ORIENTED_EDGE('',*,*,#649,.F.);
#649 = EDGE_CURVE('',#197,#642,#650,.T.);
#650 = LINE('',#651,#652);
#651 = CARTESIAN_POINT('',(341.00506591796,16.39999961853,105.383644104)
  );
#652 = VECTOR('',#653,1.);
#653 = DIRECTION('',(0.779862079428,0.,-0.625951385549));
#654 = ORIENTED_EDGE('',*,*,#196,.T.);
#655 = ORIENTED_EDGE('',*,*,#656,.T.);
#656 = EDGE_CURVE('',#189,#384,#657,.T.);
#657 = LINE('',#658,#659);
#658 = CARTESIAN_POINT('',(342.58109313313,8.5,104.11867423866));
#659 = VECTOR('',#660,1.);
#660 = DIRECTION('',(0.779864832769,-6.858370070759E-17,-0.625947955193)
  );
#661 = ORIENTED_EDGE('',*,*,#383,.T.);
#662 = ORIENTED_EDGE('',*,*,#663,.T.);
#663 = EDGE_CURVE('',#386,#253,#664,.T.);
#664 = LINE('',#665,#666);
#665 = CARTESIAN_POINT('',(350.44125913422,5.,97.80981835861));
#666 = VECTOR('',#667,1.);
#667 = DIRECTION('',(-0.779864832769,6.858370070759E-17,0.625947955193)
  );
#668 = ORIENTED_EDGE('',*,*,#252,.F.);
#669 = ORIENTED_EDGE('',*,*,#100,.T.);
#670 = ORIENTED_EDGE('',*,*,#671,.F.);
#671 = EDGE_CURVE('',#672,#103,#674,.T.);
#672 = VERTEX_POINT('',#673);
#673 = CARTESIAN_POINT('',(341.00506591796,16.39999961853,105.383644104)
  );
#674 = LINE('',#675,#676);
#675 = CARTESIAN_POINT('',(341.00506591796,16.39999961853,105.383644104)
  );
#676 = VECTOR('',#677,1.);
#677 = DIRECTION('',(0.779862079428,0.,-0.625951385549));
#678 = ORIENTED_EDGE('',*,*,#679,.F.);
#679 = EDGE_CURVE('',#680,#672,#682,.T.);
#680 = VERTEX_POINT('',#681);
#681 = CARTESIAN_POINT('',(341.00506591796,-16.39999961853,105.383644104
    ));
#682 = LINE('',#683,#684);
#683 = CARTESIAN_POINT('',(341.00506591796,-16.39999961853,105.383644104
    ));
#684 = VECTOR('',#685,1.);
#685 = DIRECTION('',(0.,1.,0.));
#686 = ORIENTED_EDGE('',*,*,#687,.T.);
#687 = EDGE_CURVE('',#680,#688,#690,.T.);
#688 = VERTEX_POINT('',#689);
#689 = CARTESIAN_POINT('',(342.5810886296,-16.39999961853,
    104.11866862778));
#690 = LINE('',#691,#692);
#691 = CARTESIAN_POINT('',(341.00506591796,-16.39999961853,105.383644104
    ));
#692 = VECTOR('',#693,1.);
#693 = DIRECTION('',(0.779862079428,0.,-0.625951385549));
#694 = ORIENTED_EDGE('',*,*,#695,.T.);
#695 = EDGE_CURVE('',#688,#696,#698,.T.);
#696 = VERTEX_POINT('',#697);
#697 = CARTESIAN_POINT('',(342.58109313313,-8.5,104.11867423866));
#698 = LINE('',#699,#700);
#699 = CARTESIAN_POINT('',(342.58109313313,-17.9,104.11867423866));
#700 = VECTOR('',#701,1.);
#701 = DIRECTION('',(-1.162601583476E-18,1.,-1.110162150392E-16));
#702 = ORIENTED_EDGE('',*,*,#703,.F.);
#703 = EDGE_CURVE('',#704,#696,#706,.T.);
#704 = VERTEX_POINT('',#705);
#705 = CARTESIAN_POINT('',(342.58109313313,-5.,104.11867423866));
#706 = LINE('',#707,#708);
#707 = CARTESIAN_POINT('',(342.58109313313,-5.,104.11867423866));
#708 = VECTOR('',#709,1.);
#709 = DIRECTION('',(1.162601583476E-18,-1.,1.110162150392E-16));
#710 = ORIENTED_EDGE('',*,*,#711,.T.);
#711 = EDGE_CURVE('',#704,#712,#714,.T.);
#712 = VERTEX_POINT('',#713);
#713 = CARTESIAN_POINT('',(350.44125913422,-5.,97.80981835861));
#714 = LINE('',#715,#716);
#715 = CARTESIAN_POINT('',(342.58109313313,-5.,104.11867423866));
#716 = VECTOR('',#717,1.);
#717 = DIRECTION('',(0.779864832769,-6.858370070759E-17,-0.625947955193)
  );
#718 = ORIENTED_EDGE('',*,*,#719,.T.);
#719 = EDGE_CURVE('',#712,#720,#722,.T.);
#720 = VERTEX_POINT('',#721);
#721 = CARTESIAN_POINT('',(350.44125913422,-8.5,97.80981835861));
#722 = LINE('',#723,#724);
#723 = CARTESIAN_POINT('',(350.44125913422,-5.,97.80981835861));
#724 = VECTOR('',#725,1.);
#725 = DIRECTION('',(1.162601583476E-18,-1.,1.110162150392E-16));
#726 = ORIENTED_EDGE('',*,*,#727,.T.);
#727 = EDGE_CURVE('',#720,#728,#730,.T.);
#728 = VERTEX_POINT('',#729);
#729 = CARTESIAN_POINT('',(343.67297504219,-8.5,103.24229138473));
#730 = LINE('',#731,#732);
#731 = CARTESIAN_POINT('',(350.44125913422,-8.5,97.80981835861));
#732 = VECTOR('',#733,1.);
#733 = DIRECTION('',(-0.779864832769,6.858370070759E-17,0.625947955193)
  );
#734 = ORIENTED_EDGE('',*,*,#735,.T.);
#735 = EDGE_CURVE('',#728,#632,#736,.T.);
#736 = LINE('',#737,#738);
#737 = CARTESIAN_POINT('',(343.67297571852,-5.,103.24229222736));
#738 = VECTOR('',#739,1.);
#739 = DIRECTION('',(1.162601583476E-18,-1.,1.110162150392E-16));
#740 = PLANE('',#741);
#741 = AXIS2_PLACEMENT_3D('',#742,#743,#744);
#742 = CARTESIAN_POINT('',(345.87432762376,5.752375454614E-16,
    101.47538057489));
#743 = DIRECTION('',(0.625950767644,6.413185615371E-16,0.779862575385));
#744 = DIRECTION('',(0.779862575385,0.,-0.625950767644));
#745 = ADVANCED_FACE('',(#746),#780,.T.);
#746 = FACE_BOUND('',#747,.T.);
#747 = EDGE_LOOP('',(#748,#758,#766,#774));
#748 = ORIENTED_EDGE('',*,*,#749,.F.);
#749 = EDGE_CURVE('',#750,#752,#754,.T.);
#750 = VERTEX_POINT('',#751);
#751 = CARTESIAN_POINT('',(353.4262650383,-5.,117.69585038495));
#752 = VERTEX_POINT('',#753);
#753 = CARTESIAN_POINT('',(353.4262650383,-8.5,117.69585038495));
#754 = LINE('',#755,#756);
#755 = CARTESIAN_POINT('',(353.4262650383,-5.,117.69585038495));
#756 = VECTOR('',#757,1.);
#757 = DIRECTION('',(1.162601583476E-18,-1.,1.110162150392E-16));
#758 = ORIENTED_EDGE('',*,*,#759,.T.);
#759 = EDGE_CURVE('',#750,#760,#762,.T.);
#760 = VERTEX_POINT('',#761);
#761 = CARTESIAN_POINT('',(352.08548686874,-5.,117.3802734212));
#762 = LINE('',#763,#764);
#763 = CARTESIAN_POINT('',(353.4262650383,-5.,117.69585038495));
#764 = VECTOR('',#765,1.);
#765 = DIRECTION('',(-0.97340102064,-2.656637507607E-17,-0.229107950574)
  );
#766 = ORIENTED_EDGE('',*,*,#767,.T.);
#767 = EDGE_CURVE('',#760,#768,#770,.T.);
#768 = VERTEX_POINT('',#769);
#769 = CARTESIAN_POINT('',(352.08548686874,-8.5,117.3802734212));
#770 = LINE('',#771,#772);
#771 = CARTESIAN_POINT('',(352.08548686874,-5.,117.3802734212));
#772 = VECTOR('',#773,1.);
#773 = DIRECTION('',(1.162601583476E-18,-1.,1.110162150392E-16));
#774 = ORIENTED_EDGE('',*,*,#775,.T.);
#775 = EDGE_CURVE('',#768,#752,#776,.T.);
#776 = LINE('',#777,#778);
#777 = CARTESIAN_POINT('',(352.08548686874,-8.5,117.3802734212));
#778 = VECTOR('',#779,1.);
#779 = DIRECTION('',(0.97340102064,2.656637507607E-17,0.229107950574));
#780 = PLANE('',#781);
#781 = AXIS2_PLACEMENT_3D('',#782,#783,#784);
#782 = CARTESIAN_POINT('',(353.02748639877,-6.470967577092,
    117.60199044963));
#783 = DIRECTION('',(-0.229107950574,1.077969357607E-16,0.97340102064));
#784 = DIRECTION('',(0.97340102064,2.656637507607E-17,0.229107950574));
#785 = ADVANCED_FACE('',(#786),#811,.T.);
#786 = FACE_BOUND('',#787,.T.);
#787 = EDGE_LOOP('',(#788,#798,#804,#805));
#788 = ORIENTED_EDGE('',*,*,#789,.F.);
#789 = EDGE_CURVE('',#790,#792,#794,.T.);
#790 = VERTEX_POINT('',#791);
#791 = CARTESIAN_POINT('',(354.79974407148,-5.,117.59116186888));
#792 = VERTEX_POINT('',#793);
#793 = CARTESIAN_POINT('',(354.79974407148,-8.5,117.59116186888));
#794 = LINE('',#795,#796);
#795 = CARTESIAN_POINT('',(354.79974407148,-5.,117.59116186888));
#796 = VECTOR('',#797,1.);
#797 = DIRECTION('',(1.162601583476E-18,-1.,1.110162150392E-16));
#798 = ORIENTED_EDGE('',*,*,#799,.T.);
#799 = EDGE_CURVE('',#790,#750,#800,.T.);
#800 = LINE('',#801,#802);
#801 = CARTESIAN_POINT('',(354.79974407148,-5.,117.59116186888));
#802 = VECTOR('',#803,1.);
#803 = DIRECTION('',(-0.997107744189,7.278100282867E-18,
    7.600096366263E-02));
#804 = ORIENTED_EDGE('',*,*,#749,.T.);
#805 = ORIENTED_EDGE('',*,*,#806,.T.);
#806 = EDGE_CURVE('',#752,#792,#807,.T.);
#807 = LINE('',#808,#809);
#808 = CARTESIAN_POINT('',(353.4262650383,-8.5,117.69585038495));
#809 = VECTOR('',#810,1.);
#810 = DIRECTION('',(0.997107744189,-7.278100282867E-18,
    -7.600096366263E-02));
#811 = PLANE('',#812);
#812 = AXIS2_PLACEMENT_3D('',#813,#814,#815);
#813 = CARTESIAN_POINT('',(354.39123736669,-6.47096013352,
    117.62229882816));
#814 = DIRECTION('',(7.600096366263E-02,1.107834865869E-16,
    0.997107744189));
#815 = DIRECTION('',(0.997107744189,-7.278100282867E-18,
    -7.600096366263E-02));
#816 = ADVANCED_FACE('',(#817),#842,.T.);
#817 = FACE_BOUND('',#818,.T.);
#818 = EDGE_LOOP('',(#819,#829,#835,#836));
#819 = ORIENTED_EDGE('',*,*,#820,.F.);
#820 = EDGE_CURVE('',#821,#823,#825,.T.);
#821 = VERTEX_POINT('',#822);
#822 = CARTESIAN_POINT('',(356.07711795178,-5.,117.07585723089));
#823 = VERTEX_POINT('',#824);
#824 = CARTESIAN_POINT('',(356.07711795178,-8.5,117.07585723089));
#825 = LINE('',#826,#827);
#826 = CARTESIAN_POINT('',(356.07711795178,-5.,117.07585723089));
#827 = VECTOR('',#828,1.);
#828 = DIRECTION('',(1.162601583476E-18,-1.,1.110162150392E-16));
#829 = ORIENTED_EDGE('',*,*,#830,.T.);
#830 = EDGE_CURVE('',#821,#790,#831,.T.);
#831 = LINE('',#832,#833);
#832 = CARTESIAN_POINT('',(356.07711795178,-5.,117.07585723089));
#833 = VECTOR('',#834,1.);
#834 = DIRECTION('',(-0.927382406207,4.045463121189E-17,0.374114785405)
  );
#835 = ORIENTED_EDGE('',*,*,#789,.T.);
#836 = ORIENTED_EDGE('',*,*,#837,.T.);
#837 = EDGE_CURVE('',#792,#823,#838,.T.);
#838 = LINE('',#839,#840);
#839 = CARTESIAN_POINT('',(354.79974407148,-8.5,117.59116186888));
#840 = VECTOR('',#841,1.);
#841 = DIRECTION('',(0.927382406207,-4.045463121189E-17,-0.374114785405)
  );
#842 = PLANE('',#843);
#843 = AXIS2_PLACEMENT_3D('',#844,#845,#846);
#844 = CARTESIAN_POINT('',(355.69719799664,-6.470970569122,
    117.22912051423));
#845 = DIRECTION('',(0.374114785405,1.033894310729E-16,0.927382406207));
#846 = DIRECTION('',(0.927382406207,-4.045463121189E-17,-0.374114785405)
  );
#847 = ADVANCED_FACE('',(#848),#873,.T.);
#848 = FACE_BOUND('',#849,.T.);
#849 = EDGE_LOOP('',(#850,#860,#866,#867));
#850 = ORIENTED_EDGE('',*,*,#851,.F.);
#851 = EDGE_CURVE('',#852,#854,#856,.T.);
#852 = VERTEX_POINT('',#853);
#853 = CARTESIAN_POINT('',(357.1388864799,-5.,116.19829050255));
#854 = VERTEX_POINT('',#855);
#855 = CARTESIAN_POINT('',(357.1388864799,-8.5,116.19829050255));
#856 = LINE('',#857,#858);
#857 = CARTESIAN_POINT('',(357.1388864799,-5.,116.19829050255));
#858 = VECTOR('',#859,1.);
#859 = DIRECTION('',(1.162601583476E-18,-1.,1.110162150392E-16));
#860 = ORIENTED_EDGE('',*,*,#861,.T.);
#861 = EDGE_CURVE('',#852,#821,#862,.T.);
#862 = LINE('',#863,#864);
#863 = CARTESIAN_POINT('',(357.1388864799,-5.,116.19829050255));
#864 = VECTOR('',#865,1.);
#865 = DIRECTION('',(-0.770800040589,6.982976074024E-17,0.637077151864)
  );
#866 = ORIENTED_EDGE('',*,*,#820,.T.);
#867 = ORIENTED_EDGE('',*,*,#868,.T.);
#868 = EDGE_CURVE('',#823,#854,#869,.T.);
#869 = LINE('',#870,#871);
#870 = CARTESIAN_POINT('',(356.07711795178,-8.5,117.07585723089));
#871 = VECTOR('',#872,1.);
#872 = DIRECTION('',(0.770800040589,-6.982976074024E-17,-0.637077151864)
  );
#873 = PLANE('',#874);
#874 = AXIS2_PLACEMENT_3D('',#875,#876,#877);
#875 = CARTESIAN_POINT('',(356.82308932279,-6.470956025397,
    116.45930132613));
#876 = DIRECTION('',(0.637077151864,8.63119699639E-17,0.770800040589));
#877 = DIRECTION('',(0.770800040589,-6.982976074024E-17,-0.637077151864)
  );
#878 = ADVANCED_FACE('',(#879),#904,.T.);
#879 = FACE_BOUND('',#880,.T.);
#880 = EDGE_LOOP('',(#881,#891,#897,#898));
#881 = ORIENTED_EDGE('',*,*,#882,.F.);
#882 = EDGE_CURVE('',#883,#885,#887,.T.);
#883 = VERTEX_POINT('',#884);
#884 = CARTESIAN_POINT('',(357.885404428,-5.,115.04060965138));
#885 = VERTEX_POINT('',#886);
#886 = CARTESIAN_POINT('',(357.885404428,-8.5,115.04060965138));
#887 = LINE('',#888,#889);
#888 = CARTESIAN_POINT('',(357.885404428,-5.,115.04060965138));
#889 = VECTOR('',#890,1.);
#890 = DIRECTION('',(1.162601583476E-18,-1.,1.110162150392E-16));
#891 = ORIENTED_EDGE('',*,*,#892,.T.);
#892 = EDGE_CURVE('',#883,#852,#893,.T.);
#893 = LINE('',#894,#895);
#894 = CARTESIAN_POINT('',(357.885404428,-5.,115.04060965138));
#895 = VECTOR('',#896,1.);
#896 = DIRECTION('',(-0.541935697716,9.267018706662E-17,0.840419954273)
  );
#897 = ORIENTED_EDGE('',*,*,#851,.T.);
#898 = ORIENTED_EDGE('',*,*,#899,.T.);
#899 = EDGE_CURVE('',#854,#885,#900,.T.);
#900 = LINE('',#901,#902);
#901 = CARTESIAN_POINT('',(357.1388864799,-8.5,116.19829050255));
#902 = VECTOR('',#903,1.);
#903 = DIRECTION('',(0.541935697716,-9.267018706662E-17,-0.840419954273)
  );
#904 = PLANE('',#905);
#905 = AXIS2_PLACEMENT_3D('',#906,#907,#908);
#906 = CARTESIAN_POINT('',(357.66337053655,-6.470953826739,
    115.38493410479));
#907 = DIRECTION('',(0.840419954273,6.114072352473E-17,0.541935697716));
#908 = DIRECTION('',(-0.541935697716,9.267018706662E-17,0.840419954273)
  );
#909 = ADVANCED_FACE('',(#910),#935,.T.);
#910 = FACE_BOUND('',#911,.T.);
#911 = EDGE_LOOP('',(#912,#922,#928,#929));
#912 = ORIENTED_EDGE('',*,*,#913,.F.);
#913 = EDGE_CURVE('',#914,#916,#918,.T.);
#914 = VERTEX_POINT('',#915);
#915 = CARTESIAN_POINT('',(358.24670560006,-5.,113.71145330502));
#916 = VERTEX_POINT('',#917);
#917 = CARTESIAN_POINT('',(358.24670560006,-8.5,113.71145330502));
#918 = LINE('',#919,#920);
#919 = CARTESIAN_POINT('',(358.24670560006,-5.,113.71145330502));
#920 = VECTOR('',#921,1.);
#921 = DIRECTION('',(1.162601583476E-18,-1.,1.110162150392E-16));
#922 = ORIENTED_EDGE('',*,*,#923,.T.);
#923 = EDGE_CURVE('',#914,#883,#924,.T.);
#924 = LINE('',#925,#926);
#925 = CARTESIAN_POINT('',(358.24670560006,-5.,113.71145330502));
#926 = VECTOR('',#927,1.);
#927 = DIRECTION('',(-0.262309107538,1.068238994466E-16,0.96498390251));
#928 = ORIENTED_EDGE('',*,*,#882,.T.);
#929 = ORIENTED_EDGE('',*,*,#930,.T.);
#930 = EDGE_CURVE('',#885,#916,#931,.T.);
#931 = LINE('',#932,#933);
#932 = CARTESIAN_POINT('',(357.885404428,-8.5,115.04060965138));
#933 = VECTOR('',#934,1.);
#934 = DIRECTION('',(0.262309107538,-1.068238994466E-16,-0.96498390251)
  );
#935 = PLANE('',#936);
#936 = AXIS2_PLACEMENT_3D('',#937,#938,#939);
#937 = CARTESIAN_POINT('',(358.13924655604,-6.470972166391,
    114.10677411041));
#938 = DIRECTION('',(0.96498390251,3.024245610228E-17,0.262309107538));
#939 = DIRECTION('',(-0.262309107538,1.068238994466E-16,0.96498390251));
#940 = ADVANCED_FACE('',(#941),#966,.T.);
#941 = FACE_BOUND('',#942,.T.);
#942 = EDGE_LOOP('',(#943,#953,#959,#960));
#943 = ORIENTED_EDGE('',*,*,#944,.F.);
#944 = EDGE_CURVE('',#945,#947,#949,.T.);
#945 = VERTEX_POINT('',#946);
#946 = CARTESIAN_POINT('',(358.18909041637,-5.,112.33518117691));
#947 = VERTEX_POINT('',#948);
#948 = CARTESIAN_POINT('',(358.18909041637,-8.5,112.33518117691));
#949 = LINE('',#950,#951);
#950 = CARTESIAN_POINT('',(358.18909041637,-5.,112.33518117691));
#951 = VECTOR('',#952,1.);
#952 = DIRECTION('',(1.162601583476E-18,-1.,1.110162150392E-16));
#953 = ORIENTED_EDGE('',*,*,#954,.T.);
#954 = EDGE_CURVE('',#945,#914,#955,.T.);
#955 = LINE('',#956,#957);
#956 = CARTESIAN_POINT('',(358.18909041637,-5.,112.33518117691));
#957 = VECTOR('',#958,1.);
#958 = DIRECTION('',(4.182658547481E-02,1.109676907899E-16,
    0.999124885461));
#959 = ORIENTED_EDGE('',*,*,#913,.T.);
#960 = ORIENTED_EDGE('',*,*,#961,.T.);
#961 = EDGE_CURVE('',#916,#947,#962,.T.);
#962 = LINE('',#963,#964);
#963 = CARTESIAN_POINT('',(358.24670560006,-8.5,113.71145330502));
#964 = VECTOR('',#965,1.);
#965 = DIRECTION('',(-4.182658547481E-02,-1.109676907899E-16,
    -0.999124885461));
#966 = PLANE('',#967);
#967 = AXIS2_PLACEMENT_3D('',#968,#969,#970);
#968 = CARTESIAN_POINT('',(358.20622662683,-6.470957824951,
    112.74451925978));
#969 = DIRECTION('',(0.999124885461,-3.481845033501E-18,
    -4.182658547481E-02));
#970 = DIRECTION('',(4.182658547481E-02,1.109676907899E-16,
    0.999124885461));
#971 = ADVANCED_FACE('',(#972),#997,.T.);
#972 = FACE_BOUND('',#973,.T.);
#973 = EDGE_LOOP('',(#974,#984,#990,#991));
#974 = ORIENTED_EDGE('',*,*,#975,.F.);
#975 = EDGE_CURVE('',#976,#978,#980,.T.);
#976 = VERTEX_POINT('',#977);
#977 = CARTESIAN_POINT('',(357.71781057043,-5.,111.04084534846));
#978 = VERTEX_POINT('',#979);
#979 = CARTESIAN_POINT('',(357.71781057043,-8.5,111.04084534846));
#980 = LINE('',#981,#982);
#981 = CARTESIAN_POINT('',(357.71781057043,-5.,111.04084534846));
#982 = VECTOR('',#983,1.);
#983 = DIRECTION('',(1.162601583476E-18,-1.,1.110162150392E-16));
#984 = ORIENTED_EDGE('',*,*,#985,.T.);
#985 = EDGE_CURVE('',#976,#945,#986,.T.);
#986 = LINE('',#987,#988);
#987 = CARTESIAN_POINT('',(357.71781057043,-5.,111.04084534846));
#988 = VECTOR('',#989,1.);
#989 = DIRECTION('',(0.342135613649,1.047142188112E-16,0.939650584991));
#990 = ORIENTED_EDGE('',*,*,#944,.T.);
#991 = ORIENTED_EDGE('',*,*,#992,.T.);
#992 = EDGE_CURVE('',#947,#978,#993,.T.);
#993 = LINE('',#994,#995);
#994 = CARTESIAN_POINT('',(358.18909041637,-8.5,112.33518117691));
#995 = VECTOR('',#996,1.);
#996 = DIRECTION('',(-0.342135613649,-1.047142188112E-16,-0.939650584991
    ));
#997 = PLANE('',#998);
#998 = AXIS2_PLACEMENT_3D('',#999,#1000,#1001);
#999 = CARTESIAN_POINT('',(357.85798090745,-6.47095981202,
    111.42581298681));
#1000 = DIRECTION('',(0.939650584991,-3.689016159936E-17,-0.342135613649
    ));
#1001 = DIRECTION('',(0.342135613649,1.047142188112E-16,0.939650584991)
  );
#1002 = ADVANCED_FACE('',(#1003),#1019,.T.);
#1003 = FACE_BOUND('',#1004,.T.);
#1004 = EDGE_LOOP('',(#1005,#1006,#1012,#1013));
#1005 = ORIENTED_EDGE('',*,*,#719,.F.);
#1006 = ORIENTED_EDGE('',*,*,#1007,.T.);
#1007 = EDGE_CURVE('',#712,#976,#1008,.T.);
#1008 = LINE('',#1009,#1010);
#1009 = CARTESIAN_POINT('',(350.44125913422,-5.,97.80981835861));
#1010 = VECTOR('',#1011,1.);
#1011 = DIRECTION('',(0.481892645395,9.783601673981E-17,0.876230265578)
  );
#1012 = ORIENTED_EDGE('',*,*,#975,.T.);
#1013 = ORIENTED_EDGE('',*,*,#1014,.T.);
#1014 = EDGE_CURVE('',#978,#720,#1015,.T.);
#1015 = LINE('',#1016,#1017);
#1016 = CARTESIAN_POINT('',(357.71781057043,-8.5,111.04084534846));
#1017 = VECTOR('',#1018,1.);
#1018 = DIRECTION('',(-0.481892645395,-9.783601673981E-17,
    -0.876230265578));
#1019 = PLANE('',#1020);
#1020 = AXIS2_PLACEMENT_3D('',#1021,#1022,#1023);
#1021 = CARTESIAN_POINT('',(353.70610709167,-5.975081012909,
    103.74632438367));
#1022 = DIRECTION('',(0.876230265578,-5.247919085274E-17,-0.481892645395
    ));
#1023 = DIRECTION('',(0.481892645395,9.783601673981E-17,0.876230265578)
  );
#1024 = ADVANCED_FACE('',(#1025),#1050,.T.);
#1025 = FACE_BOUND('',#1026,.T.);
#1026 = EDGE_LOOP('',(#1027,#1028,#1036,#1044));
#1027 = ORIENTED_EDGE('',*,*,#767,.F.);
#1028 = ORIENTED_EDGE('',*,*,#1029,.T.);
#1029 = EDGE_CURVE('',#760,#1030,#1032,.T.);
#1030 = VERTEX_POINT('',#1031);
#1031 = CARTESIAN_POINT('',(350.9029241818,-5.,116.67381822697));
#1032 = LINE('',#1033,#1034);
#1033 = CARTESIAN_POINT('',(352.08548686874,-5.,117.3802734212));
#1034 = VECTOR('',#1035,1.);
#1035 = DIRECTION('',(-0.858478556263,-5.793267444297E-17,-0.51284945982
    ));
#1036 = ORIENTED_EDGE('',*,*,#1037,.T.);
#1037 = EDGE_CURVE('',#1030,#1038,#1040,.T.);
#1038 = VERTEX_POINT('',#1039);
#1039 = CARTESIAN_POINT('',(350.9029241818,-8.5,116.67381822697));
#1040 = LINE('',#1041,#1042);
#1041 = CARTESIAN_POINT('',(350.9029241818,-5.,116.67381822697));
#1042 = VECTOR('',#1043,1.);
#1043 = DIRECTION('',(1.162601583476E-18,-1.,1.110162150392E-16));
#1044 = ORIENTED_EDGE('',*,*,#1045,.T.);
#1045 = EDGE_CURVE('',#1038,#768,#1046,.T.);
#1046 = LINE('',#1047,#1048);
#1047 = CARTESIAN_POINT('',(350.9029241818,-8.5,116.67381822697));
#1048 = VECTOR('',#1049,1.);
#1049 = DIRECTION('',(0.858478556263,5.793267444297E-17,0.51284945982));
#1050 = PLANE('',#1051);
#1051 = AXIS2_PLACEMENT_3D('',#1052,#1053,#1054);
#1052 = CARTESIAN_POINT('',(351.7337616415,-6.470952708157,
    117.17015507697));
#1053 = DIRECTION('',(-0.51284945982,9.470880041448E-17,0.858478556263)
  );
#1054 = DIRECTION('',(0.858478556263,5.793267444297E-17,0.51284945982));
#1055 = ADVANCED_FACE('',(#1056),#1081,.T.);
#1056 = FACE_BOUND('',#1057,.T.);
#1057 = EDGE_LOOP('',(#1058,#1068,#1074,#1075));
#1058 = ORIENTED_EDGE('',*,*,#1059,.F.);
#1059 = EDGE_CURVE('',#1060,#1062,#1064,.T.);
#1060 = VERTEX_POINT('',#1061);
#1061 = CARTESIAN_POINT('',(349.98947778056,-8.5,115.64282711059));
#1062 = VERTEX_POINT('',#1063);
#1063 = CARTESIAN_POINT('',(349.98947778056,-5.,115.64282711059));
#1064 = LINE('',#1065,#1066);
#1065 = CARTESIAN_POINT('',(349.98947778056,-8.5,115.64282711059));
#1066 = VECTOR('',#1067,1.);
#1067 = DIRECTION('',(-1.162601583476E-18,1.,-1.110162150392E-16));
#1068 = ORIENTED_EDGE('',*,*,#1069,.T.);
#1069 = EDGE_CURVE('',#1060,#1038,#1070,.T.);
#1070 = LINE('',#1071,#1072);
#1071 = CARTESIAN_POINT('',(349.98947778056,-8.5,115.64282711059));
#1072 = VECTOR('',#1073,1.);
#1073 = DIRECTION('',(0.663150306169,8.386509044989E-17,0.748486253333)
  );
#1074 = ORIENTED_EDGE('',*,*,#1037,.F.);
#1075 = ORIENTED_EDGE('',*,*,#1076,.T.);
#1076 = EDGE_CURVE('',#1030,#1062,#1077,.T.);
#1077 = LINE('',#1078,#1079);
#1078 = CARTESIAN_POINT('',(350.9029241818,-5.,116.67381822697));
#1079 = VECTOR('',#1080,1.);
#1080 = DIRECTION('',(-0.663150306169,-8.386509044989E-17,
    -0.748486253333));
#1081 = PLANE('',#1082);
#1082 = AXIS2_PLACEMENT_3D('',#1083,#1084,#1085);
#1083 = CARTESIAN_POINT('',(350.2611585577,-7.029035418903,
    115.94946849354));
#1084 = DIRECTION('',(-0.748486253333,7.275024568964E-17,0.663150306169)
  );
#1085 = DIRECTION('',(-0.663150306169,-8.386509044989E-17,
    -0.748486253333));
#1086 = ADVANCED_FACE('',(#1087),#1111,.T.);
#1087 = FACE_BOUND('',#1088,.T.);
#1088 = EDGE_LOOP('',(#1089,#1097,#1098,#1104,#1105));
#1089 = ORIENTED_EDGE('',*,*,#1090,.T.);
#1090 = EDGE_CURVE('',#1091,#1060,#1093,.T.);
#1091 = VERTEX_POINT('',#1092);
#1092 = CARTESIAN_POINT('',(347.45940584051,-8.5,111.70711781408));
#1093 = LINE('',#1094,#1095);
#1094 = CARTESIAN_POINT('',(342.58109313313,-8.5,104.11867423866));
#1095 = VECTOR('',#1096,1.);
#1096 = DIRECTION('',(0.540757625315,9.40131337536E-17,0.841178453519));
#1097 = ORIENTED_EDGE('',*,*,#1059,.T.);
#1098 = ORIENTED_EDGE('',*,*,#1099,.T.);
#1099 = EDGE_CURVE('',#1062,#704,#1100,.T.);
#1100 = LINE('',#1101,#1102);
#1101 = CARTESIAN_POINT('',(349.98947778056,-5.,115.64282711059));
#1102 = VECTOR('',#1103,1.);
#1103 = DIRECTION('',(-0.540757625315,-9.40131337536E-17,-0.841178453519
    ));
#1104 = ORIENTED_EDGE('',*,*,#703,.T.);
#1105 = ORIENTED_EDGE('',*,*,#1106,.T.);
#1106 = EDGE_CURVE('',#696,#1091,#1107,.T.);
#1107 = LINE('',#1108,#1109);
#1108 = CARTESIAN_POINT('',(342.58109313313,-8.5,104.11867423866));
#1109 = VECTOR('',#1110,1.);
#1110 = DIRECTION('',(0.540757625315,9.40131337536E-17,0.841178453519));
#1111 = PLANE('',#1112);
#1112 = AXIS2_PLACEMENT_3D('',#1113,#1114,#1115);
#1113 = CARTESIAN_POINT('',(346.28528545684,-6.75,109.88075067462));
#1114 = DIRECTION('',(-0.841178453519,1.618236134477E-12,0.540757625315)
  );
#1115 = DIRECTION('',(-0.540757625315,-1.009741958683E-28,
    -0.841178453519));
#1116 = ADVANCED_FACE('',(#1117),#1158,.T.);
#1117 = FACE_BOUND('',#1118,.T.);
#1118 = EDGE_LOOP('',(#1119,#1120,#1128,#1136,#1144,#1152));
#1119 = ORIENTED_EDGE('',*,*,#735,.F.);
#1120 = ORIENTED_EDGE('',*,*,#1121,.T.);
#1121 = EDGE_CURVE('',#728,#1122,#1124,.T.);
#1122 = VERTEX_POINT('',#1123);
#1123 = CARTESIAN_POINT('',(348.41933537668,-8.5,110.4711857385));
#1124 = LINE('',#1125,#1126);
#1125 = CARTESIAN_POINT('',(349.06692037605,-8.5,111.45748330907));
#1126 = VECTOR('',#1127,1.);
#1127 = DIRECTION('',(0.548850273048,9.343884379946E-17,0.835920676724)
  );
#1128 = ORIENTED_EDGE('',*,*,#1129,.T.);
#1129 = EDGE_CURVE('',#1122,#1130,#1132,.T.);
#1130 = VERTEX_POINT('',#1131);
#1131 = CARTESIAN_POINT('',(348.41933537668,-17.9,110.4711857385));
#1132 = LINE('',#1133,#1134);
#1133 = CARTESIAN_POINT('',(348.41933537668,-5.,110.4711857385));
#1134 = VECTOR('',#1135,1.);
#1135 = DIRECTION('',(1.162601583476E-18,-1.,1.110162150392E-16));
#1136 = ORIENTED_EDGE('',*,*,#1137,.T.);
#1137 = EDGE_CURVE('',#1130,#1138,#1140,.T.);
#1138 = VERTEX_POINT('',#1139);
#1139 = CARTESIAN_POINT('',(348.41059841571,-17.9,110.45787900134));
#1140 = LINE('',#1141,#1142);
#1141 = CARTESIAN_POINT('',(348.41933537668,-17.9,110.4711857385));
#1142 = VECTOR('',#1143,1.);
#1143 = DIRECTION('',(-0.548850273048,-9.34388437995E-17,-0.835920676724
    ));
#1144 = ORIENTED_EDGE('',*,*,#1145,.T.);
#1145 = EDGE_CURVE('',#1138,#1146,#1148,.T.);
#1146 = VERTEX_POINT('',#1147);
#1147 = CARTESIAN_POINT('',(348.41059841571,-16.39999961853,
    110.45787900134));
#1148 = LINE('',#1149,#1150);
#1149 = CARTESIAN_POINT('',(348.41059841571,-15.36453708602,
    110.45787900134));
#1150 = VECTOR('',#1151,1.);
#1151 = DIRECTION('',(3.91986650926E-17,1.,-4.954440932084E-17));
#1152 = ORIENTED_EDGE('',*,*,#1153,.T.);
#1153 = EDGE_CURVE('',#1146,#632,#1154,.T.);
#1154 = LINE('',#1155,#1156);
#1155 = CARTESIAN_POINT('',(346.56841311107,-16.39999961853,
    107.65215791104));
#1156 = VECTOR('',#1157,1.);
#1157 = DIRECTION('',(-0.548850273048,0.,-0.835920676724));
#1158 = PLANE('',#1159);
#1159 = AXIS2_PLACEMENT_3D('',#1160,#1161,#1162);
#1160 = CARTESIAN_POINT('',(345.22049623091,-9.945656543808,
    105.59922718301));
#1161 = DIRECTION('',(0.835920676724,-5.995943723464E-17,-0.548850273048
    ));
#1162 = DIRECTION('',(0.548850273048,9.34388437995E-17,0.835920676724));
#1163 = ADVANCED_FACE('',(#1164),#1187,.T.);
#1164 = FACE_BOUND('',#1165,.T.);
#1165 = EDGE_LOOP('',(#1166,#1167,#1173,#1181));
#1166 = ORIENTED_EDGE('',*,*,#1129,.F.);
#1167 = ORIENTED_EDGE('',*,*,#1168,.T.);
#1168 = EDGE_CURVE('',#1122,#1091,#1169,.T.);
#1169 = LINE('',#1170,#1171);
#1170 = CARTESIAN_POINT('',(348.28219265409,-8.5,110.6477620182));
#1171 = VECTOR('',#1172,1.);
#1172 = DIRECTION('',(-0.613398752542,8.696451152285E-17,0.789773366466)
  );
#1173 = ORIENTED_EDGE('',*,*,#1174,.T.);
#1174 = EDGE_CURVE('',#1091,#1175,#1177,.T.);
#1175 = VERTEX_POINT('',#1176);
#1176 = CARTESIAN_POINT('',(347.45942502889,-17.9,111.7071054787));
#1177 = LINE('',#1178,#1179);
#1178 = CARTESIAN_POINT('',(347.45942502889,-5.,111.7071054787));
#1179 = VECTOR('',#1180,1.);
#1180 = DIRECTION('',(1.162601583476E-18,-1.,1.110162150392E-16));
#1181 = ORIENTED_EDGE('',*,*,#1182,.T.);
#1182 = EDGE_CURVE('',#1175,#1130,#1183,.T.);
#1183 = LINE('',#1184,#1185);
#1184 = CARTESIAN_POINT('',(347.45942502889,-17.9,111.7071054787));
#1185 = VECTOR('',#1186,1.);
#1186 = DIRECTION('',(0.613398752542,-8.69645115229E-17,-0.789773366466)
  );
#1187 = PLANE('',#1188);
#1188 = AXIS2_PLACEMENT_3D('',#1189,#1190,#1191);
#1189 = CARTESIAN_POINT('',(348.16485506131,-11.08241715508,
    110.79883846771));
#1190 = DIRECTION('',(0.789773366466,6.901539958352E-17,0.613398752542)
  );
#1191 = DIRECTION('',(-0.613398752542,8.69645115229E-17,0.789773366466)
  );
#1192 = ADVANCED_FACE('',(#1193),#1220,.T.);
#1193 = FACE_BOUND('',#1194,.T.);
#1194 = EDGE_LOOP('',(#1195,#1196,#1197,#1198,#1206,#1214));
#1195 = ORIENTED_EDGE('',*,*,#1174,.F.);
#1196 = ORIENTED_EDGE('',*,*,#1106,.F.);
#1197 = ORIENTED_EDGE('',*,*,#695,.F.);
#1198 = ORIENTED_EDGE('',*,*,#1199,.T.);
#1199 = EDGE_CURVE('',#688,#1200,#1202,.T.);
#1200 = VERTEX_POINT('',#1201);
#1201 = CARTESIAN_POINT('',(347.44275206247,-16.39999961853,
    111.68117004381));
#1202 = LINE('',#1203,#1204);
#1203 = CARTESIAN_POINT('',(344.36272130385,-16.39999961853,
    106.89006477906));
#1204 = VECTOR('',#1205,1.);
#1205 = DIRECTION('',(0.540761879361,-0.,0.841175718759));
#1206 = ORIENTED_EDGE('',*,*,#1207,.T.);
#1207 = EDGE_CURVE('',#1200,#1208,#1210,.T.);
#1208 = VERTEX_POINT('',#1209);
#1209 = CARTESIAN_POINT('',(347.44275206247,-17.9,111.68117004381));
#1210 = LINE('',#1211,#1212);
#1211 = CARTESIAN_POINT('',(347.44275206247,-15.34423423623,
    111.68117004381));
#1212 = VECTOR('',#1213,1.);
#1213 = DIRECTION('',(-3.87334416013E-17,-1.,4.895639891221E-17));
#1214 = ORIENTED_EDGE('',*,*,#1215,.T.);
#1215 = EDGE_CURVE('',#1208,#1175,#1216,.T.);
#1216 = LINE('',#1217,#1218);
#1217 = CARTESIAN_POINT('',(342.58109313313,-17.9,104.11867423866));
#1218 = VECTOR('',#1219,1.);
#1219 = DIRECTION('',(0.540761879361,9.401283509681E-17,0.841175718759)
  );
#1220 = PLANE('',#1221);
#1221 = AXIS2_PLACEMENT_3D('',#1222,#1223,#1224);
#1222 = CARTESIAN_POINT('',(345.85570869001,-9.905050844216,
    109.21246357524));
#1223 = DIRECTION('',(-0.841175718759,5.905538486151E-17,0.540761879361)
  );
#1224 = DIRECTION('',(-0.540761879361,-9.401283509681E-17,
    -0.841175718759));
#1225 = ADVANCED_FACE('',(#1226),#1237,.T.);
#1226 = FACE_BOUND('',#1227,.T.);
#1227 = EDGE_LOOP('',(#1228,#1234,#1235,#1236));
#1228 = ORIENTED_EDGE('',*,*,#1229,.T.);
#1229 = EDGE_CURVE('',#1208,#1138,#1230,.T.);
#1230 = LINE('',#1231,#1232);
#1231 = CARTESIAN_POINT('',(348.73017376293,-17.9,110.05395780214));
#1232 = VECTOR('',#1233,1.);
#1233 = DIRECTION('',(0.62046946159,-8.634095508976E-17,-0.784230608453)
  );
#1234 = ORIENTED_EDGE('',*,*,#1137,.F.);
#1235 = ORIENTED_EDGE('',*,*,#1182,.F.);
#1236 = ORIENTED_EDGE('',*,*,#1215,.F.);
#1237 = PLANE('',#1238);
#1238 = AXIS2_PLACEMENT_3D('',#1239,#1240,#1241);
#1239 = CARTESIAN_POINT('',(345.57509947007,-17.9,106.82105596421));
#1240 = DIRECTION('',(1.162601583476E-18,-1.,1.110162150392E-16));
#1241 = DIRECTION('',(0.999945169366,3.996304634604E-31,
    -1.047178411624E-02));
#1242 = ADVANCED_FACE('',(#1243),#1260,.T.);
#1243 = FACE_BOUND('',#1244,.T.);
#1244 = EDGE_LOOP('',(#1245,#1246,#1247,#1248,#1249,#1250,#1251,#1252,
    #1253,#1254,#1255,#1256,#1257,#1258,#1259));
#1245 = ORIENTED_EDGE('',*,*,#775,.F.);
#1246 = ORIENTED_EDGE('',*,*,#1045,.F.);
#1247 = ORIENTED_EDGE('',*,*,#1069,.F.);
#1248 = ORIENTED_EDGE('',*,*,#1090,.F.);
#1249 = ORIENTED_EDGE('',*,*,#1168,.F.);
#1250 = ORIENTED_EDGE('',*,*,#1121,.F.);
#1251 = ORIENTED_EDGE('',*,*,#727,.F.);
#1252 = ORIENTED_EDGE('',*,*,#1014,.F.);
#1253 = ORIENTED_EDGE('',*,*,#992,.F.);
#1254 = ORIENTED_EDGE('',*,*,#961,.F.);
#1255 = ORIENTED_EDGE('',*,*,#930,.F.);
#1256 = ORIENTED_EDGE('',*,*,#899,.F.);
#1257 = ORIENTED_EDGE('',*,*,#868,.F.);
#1258 = ORIENTED_EDGE('',*,*,#837,.F.);
#1259 = ORIENTED_EDGE('',*,*,#806,.F.);
#1260 = PLANE('',#1261);
#1261 = AXIS2_PLACEMENT_3D('',#1262,#1263,#1264);
#1262 = CARTESIAN_POINT('',(351.24200158543,-8.5,108.16745985171));
#1263 = DIRECTION('',(-0.,-1.,-0.));
#1264 = DIRECTION('',(0.,0.,-1.));
#1265 = ADVANCED_FACE('',(#1266,#1281),#1443,.T.);
#1266 = FACE_BOUND('',#1267,.T.);
#1267 = EDGE_LOOP('',(#1268,#1269,#1270,#1271,#1272,#1273,#1274,#1275,
    #1276,#1277,#1278,#1279,#1280));
#1268 = ORIENTED_EDGE('',*,*,#861,.F.);
#1269 = ORIENTED_EDGE('',*,*,#892,.F.);
#1270 = ORIENTED_EDGE('',*,*,#923,.F.);
#1271 = ORIENTED_EDGE('',*,*,#954,.F.);
#1272 = ORIENTED_EDGE('',*,*,#985,.F.);
#1273 = ORIENTED_EDGE('',*,*,#1007,.F.);
#1274 = ORIENTED_EDGE('',*,*,#711,.F.);
#1275 = ORIENTED_EDGE('',*,*,#1099,.F.);
#1276 = ORIENTED_EDGE('',*,*,#1076,.F.);
#1277 = ORIENTED_EDGE('',*,*,#1029,.F.);
#1278 = ORIENTED_EDGE('',*,*,#759,.F.);
#1279 = ORIENTED_EDGE('',*,*,#799,.F.);
#1280 = ORIENTED_EDGE('',*,*,#830,.F.);
#1281 = FACE_BOUND('',#1282,.T.);
#1282 = EDGE_LOOP('',(#1283,#1293,#1301,#1309,#1317,#1325,#1333,#1341,
    #1349,#1357,#1365,#1373,#1381,#1389,#1397,#1405,#1413,#1421,#1429,
    #1437));
#1283 = ORIENTED_EDGE('',*,*,#1284,.F.);
#1284 = EDGE_CURVE('',#1285,#1287,#1289,.T.);
#1285 = VERTEX_POINT('',#1286);
#1286 = CARTESIAN_POINT('',(355.69226074218,-5.,113.77790832519));
#1287 = VERTEX_POINT('',#1288);
#1288 = CARTESIAN_POINT('',(355.77416992187,-5.,113.15761566162));
#1289 = LINE('',#1290,#1291);
#1290 = CARTESIAN_POINT('',(355.58372270828,-5.,114.59985949606));
#1291 = VECTOR('',#1292,1.);
#1292 = DIRECTION('',(0.130912816808,-1.099085972317E-16,-0.991393884586
    ));
#1293 = ORIENTED_EDGE('',*,*,#1294,.F.);
#1294 = EDGE_CURVE('',#1295,#1285,#1297,.T.);
#1295 = VERTEX_POINT('',#1296);
#1296 = CARTESIAN_POINT('',(355.42276000976,-5.,114.34265899658));
#1297 = LINE('',#1298,#1299);
#1298 = CARTESIAN_POINT('',(355.33054134571,-5.,114.5359072745));
#1299 = VECTOR('',#1300,1.);
#1300 = DIRECTION('',(0.430678354558,-9.969203593417E-17,-0.902505487471
    ));
#1301 = ORIENTED_EDGE('',*,*,#1302,.F.);
#1302 = EDGE_CURVE('',#1303,#1295,#1305,.T.);
#1303 = VERTEX_POINT('',#1304);
#1304 = CARTESIAN_POINT('',(354.99188232421,-5.,114.79639434814));
#1305 = LINE('',#1306,#1307);
#1306 = CARTESIAN_POINT('',(355.31061486607,-5.,114.46075333728));
#1307 = VECTOR('',#1308,1.);
#1308 = DIRECTION('',(0.688605889501,-7.970125764641E-17,-0.725135800347
    ));
#1309 = ORIENTED_EDGE('',*,*,#1310,.F.);
#1310 = EDGE_CURVE('',#1311,#1303,#1313,.T.);
#1311 = VERTEX_POINT('',#1312);
#1312 = CARTESIAN_POINT('',(354.44189453125,-5.,115.09487152099));
#1313 = LINE('',#1314,#1315);
#1314 = CARTESIAN_POINT('',(355.43242092754,-5.,114.55731501123));
#1315 = VECTOR('',#1316,1.);
#1316 = DIRECTION('',(0.878912141347,-5.193110009754E-17,-0.476983697617
    ));
#1317 = ORIENTED_EDGE('',*,*,#1318,.F.);
#1318 = EDGE_CURVE('',#1319,#1311,#1321,.T.);
#1319 = VERTEX_POINT('',#1320);
#1320 = CARTESIAN_POINT('',(353.82662963867,-5.,115.20872497558));
#1321 = LINE('',#1322,#1323);
#1322 = CARTESIAN_POINT('',(355.51963549077,-5.,114.89543785774));
#1323 = VECTOR('',#1324,1.);
#1324 = DIRECTION('',(0.983306172435,-1.905717369194E-17,-0.181958707545
    ));
#1325 = ORIENTED_EDGE('',*,*,#1326,.F.);
#1326 = EDGE_CURVE('',#1327,#1319,#1329,.T.);
#1327 = VERTEX_POINT('',#1328);
#1328 = CARTESIAN_POINT('',(353.20623779296,-5.,115.12691497802));
#1329 = LINE('',#1330,#1331);
#1330 = CARTESIAN_POINT('',(355.3734047792,-5.,115.41269553281));
#1331 = VECTOR('',#1332,1.);
#1332 = DIRECTION('',(0.991417156113,1.566649036313E-17,0.130736462258)
  );
#1333 = ORIENTED_EDGE('',*,*,#1334,.F.);
#1334 = EDGE_CURVE('',#1335,#1327,#1337,.T.);
#1335 = VERTEX_POINT('',#1336);
#1336 = CARTESIAN_POINT('',(352.6416015625,-5.,114.85731506347));
#1337 = LINE('',#1338,#1339);
#1338 = CARTESIAN_POINT('',(354.87419720897,-5.,115.92332458082));
#1339 = VECTOR('',#1340,1.);
#1340 = DIRECTION('',(0.902409927184,4.888364877563E-17,0.430878548223)
  );
#1341 = ORIENTED_EDGE('',*,*,#1342,.F.);
#1342 = EDGE_CURVE('',#1343,#1335,#1345,.T.);
#1343 = VERTEX_POINT('',#1344);
#1344 = CARTESIAN_POINT('',(352.1877746582,-5.,114.42643737793));
#1345 = LINE('',#1346,#1347);
#1346 = CARTESIAN_POINT('',(354.04299335877,-5.,116.18784097105));
#1347 = VECTOR('',#1348,1.);
#1348 = DIRECTION('',(0.725205168543,7.728143384001E-17,0.688532834016)
  );
#1349 = ORIENTED_EDGE('',*,*,#1350,.F.);
#1350 = EDGE_CURVE('',#1351,#1343,#1353,.T.);
#1351 = VERTEX_POINT('',#1352);
#1352 = CARTESIAN_POINT('',(351.88937377929,-5.,113.8765335083));
#1353 = LINE('',#1354,#1355);
#1354 = CARTESIAN_POINT('',(353.04891100583,-5.,116.01337040431));
#1355 = VECTOR('',#1356,1.);
#1356 = DIRECTION('',(0.476945731609,9.813028441512E-17,0.878932744355)
  );
#1357 = ORIENTED_EDGE('',*,*,#1358,.F.);
#1358 = EDGE_CURVE('',#1359,#1351,#1361,.T.);
#1359 = VERTEX_POINT('',#1360);
#1360 = CARTESIAN_POINT('',(351.77542114257,-5.,113.26119232177));
#1361 = LINE('',#1362,#1363);
#1362 = CARTESIAN_POINT('',(352.15840547012,-5.,115.32929743384));
#1363 = VECTOR('',#1364,1.);
#1364 = DIRECTION('',(0.182090133303,1.093719268367E-16,0.983281843295)
  );
#1365 = ORIENTED_EDGE('',*,*,#1366,.F.);
#1366 = EDGE_CURVE('',#1367,#1359,#1369,.T.);
#1367 = VERTEX_POINT('',#1368);
#1368 = CARTESIAN_POINT('',(351.85733032226,-5.,112.64080047607));
#1369 = LINE('',#1370,#1371);
#1370 = CARTESIAN_POINT('',(351.6470171937,-5.,114.23374220129));
#1371 = VECTOR('',#1372,1.);
#1372 = DIRECTION('',(-0.130892246359,1.099089226775E-16,0.991396600682)
  );
#1373 = ORIENTED_EDGE('',*,*,#1374,.F.);
#1374 = EDGE_CURVE('',#1375,#1367,#1377,.T.);
#1375 = VERTEX_POINT('',#1376);
#1376 = CARTESIAN_POINT('',(352.12683105468,-5.,112.07614898681));
#1377 = LINE('',#1378,#1379);
#1378 = CARTESIAN_POINT('',(351.6995748962,-5.,112.9713258719));
#1379 = VECTOR('',#1380,1.);
#1380 = DIRECTION('',(-0.430739969277,9.968869983426E-17,0.902476082158)
  );
#1381 = ORIENTED_EDGE('',*,*,#1382,.F.);
#1382 = EDGE_CURVE('',#1383,#1375,#1385,.T.);
#1383 = VERTEX_POINT('',#1384);
#1384 = CARTESIAN_POINT('',(352.55770874023,-5.,111.62231445312));
#1385 = LINE('',#1386,#1387);
#1386 = CARTESIAN_POINT('',(352.33877098131,-5.,111.85291705581));
#1387 = VECTOR('',#1388,1.);
#1388 = DIRECTION('',(-0.688526746444,7.970969229173E-17,0.725210948229)
  );
#1389 = ORIENTED_EDGE('',*,*,#1390,.F.);
#1390 = EDGE_CURVE('',#1391,#1383,#1393,.T.);
#1391 = VERTEX_POINT('',#1392);
#1392 = CARTESIAN_POINT('',(353.10772705078,-5.,111.3239364624));
#1393 = LINE('',#1394,#1395);
#1394 = CARTESIAN_POINT('',(353.4137240085,-5.,111.15793697536));
#1395 = VECTOR('',#1396,1.);
#1396 = DIRECTION('',(-0.878989674756,5.191514636862E-17,0.47684080328)
  );
#1397 = ORIENTED_EDGE('',*,*,#1398,.F.);
#1398 = EDGE_CURVE('',#1399,#1391,#1401,.T.);
#1399 = VERTEX_POINT('',#1400);
#1400 = CARTESIAN_POINT('',(353.72296142578,-5.,111.2100906372));
#1401 = LINE('',#1402,#1403);
#1402 = CARTESIAN_POINT('',(354.65259036336,-5.,111.03806778246));
#1403 = VECTOR('',#1404,1.);
#1404 = DIRECTION('',(-0.983306739261,1.90568329726E-17,0.181955644386)
  );
#1405 = ORIENTED_EDGE('',*,*,#1406,.F.);
#1406 = EDGE_CURVE('',#1407,#1399,#1409,.T.);
#1407 = VERTEX_POINT('',#1408);
#1408 = CARTESIAN_POINT('',(354.34335327148,-5.,111.29189300537));
#1409 = LINE('',#1410,#1411);
#1410 = CARTESIAN_POINT('',(355.74060095457,-5.,111.47612845298));
#1411 = VECTOR('',#1412,1.);
#1412 = DIRECTION('',(-0.991418736322,-1.566516180487E-17,
    -0.130724478465));
#1413 = ORIENTED_EDGE('',*,*,#1414,.F.);
#1414 = EDGE_CURVE('',#1415,#1407,#1417,.T.);
#1415 = VERTEX_POINT('',#1416);
#1416 = CARTESIAN_POINT('',(354.90811157226,-5.,111.56139373779));
#1417 = LINE('',#1418,#1419);
#1418 = CARTESIAN_POINT('',(356.44015245771,-5.,112.29247841624));
#1419 = VECTOR('',#1420,1.);
#1420 = DIRECTION('',(-0.902507748896,-4.886101166034E-17,
    -0.430673615611));
#1421 = ORIENTED_EDGE('',*,*,#1422,.F.);
#1422 = EDGE_CURVE('',#1423,#1415,#1425,.T.);
#1423 = VERTEX_POINT('',#1424);
#1424 = CARTESIAN_POINT('',(355.36184692382,-5.,111.99227142334));
#1425 = LINE('',#1426,#1427);
#1426 = CARTESIAN_POINT('',(356.65389222533,-5.,113.2192278137));
#1427 = VECTOR('',#1428,1.);
#1428 = DIRECTION('',(-0.725135800347,-7.72894635358E-17,-0.688605889501
    ));
#1429 = ORIENTED_EDGE('',*,*,#1430,.F.);
#1430 = EDGE_CURVE('',#1431,#1423,#1433,.T.);
#1431 = VERTEX_POINT('',#1432);
#1432 = CARTESIAN_POINT('',(355.66030883789,-5.,112.54227447509));
#1433 = LINE('',#1434,#1435);
#1434 = CARTESIAN_POINT('',(356.44885759061,-5.,113.99540534381));
#1435 = VECTOR('',#1436,1.);
#1436 = DIRECTION('',(-0.476954638399,-9.812975820041E-17,
    -0.878927911099));
#1437 = ORIENTED_EDGE('',*,*,#1438,.F.);
#1438 = EDGE_CURVE('',#1287,#1431,#1439,.T.);
#1439 = LINE('',#1440,#1441);
#1440 = CARTESIAN_POINT('',(356.01525972668,-5.,114.4605409576));
#1441 = VECTOR('',#1442,1.);
#1442 = DIRECTION('',(-0.181948682068,-1.093746692649E-16,
    -0.983308027575));
#1443 = PLANE('',#1444);
#1444 = AXIS2_PLACEMENT_3D('',#1445,#1446,#1447);
#1445 = CARTESIAN_POINT('',(350.91175630294,-5.,108.13297256905));
#1446 = DIRECTION('',(0.,1.,0.));
#1447 = DIRECTION('',(0.,-0.,1.));
#1448 = ADVANCED_FACE('',(#1449),#1474,.T.);
#1449 = FACE_BOUND('',#1450,.T.);
#1450 = EDGE_LOOP('',(#1451,#1459,#1467,#1473));
#1451 = ORIENTED_EDGE('',*,*,#1452,.T.);
#1452 = EDGE_CURVE('',#1287,#1453,#1455,.T.);
#1453 = VERTEX_POINT('',#1454);
#1454 = CARTESIAN_POINT('',(355.77416992187,5.,113.15761566162));
#1455 = LINE('',#1456,#1457);
#1456 = CARTESIAN_POINT('',(355.77416992187,-8.5,113.15761566162));
#1457 = VECTOR('',#1458,1.);
#1458 = DIRECTION('',(0.,1.,0.));
#1459 = ORIENTED_EDGE('',*,*,#1460,.F.);
#1460 = EDGE_CURVE('',#1461,#1453,#1463,.T.);
#1461 = VERTEX_POINT('',#1462);
#1462 = CARTESIAN_POINT('',(355.69226074218,5.,113.77790832519));
#1463 = LINE('',#1464,#1465);
#1464 = CARTESIAN_POINT('',(355.47375457191,5.,115.43264073589));
#1465 = VECTOR('',#1466,1.);
#1466 = DIRECTION('',(0.130912816808,-1.099085972317E-16,-0.991393884586
    ));
#1467 = ORIENTED_EDGE('',*,*,#1468,.F.);
#1468 = EDGE_CURVE('',#1285,#1461,#1469,.T.);
#1469 = LINE('',#1470,#1471);
#1470 = CARTESIAN_POINT('',(355.69226074218,2.138289544369E-16,
    113.77790832519));
#1471 = VECTOR('',#1472,1.);
#1472 = DIRECTION('',(0.,1.,0.));
#1473 = ORIENTED_EDGE('',*,*,#1284,.T.);
#1474 = PLANE('',#1475);
#1475 = AXIS2_PLACEMENT_3D('',#1476,#1477,#1478);
#1476 = CARTESIAN_POINT('',(355.73321533203,1.629964723293E-15,
    113.4677619934));
#1477 = DIRECTION('',(0.991393884586,4.505278489821E-16,0.130912816808)
  );
#1478 = DIRECTION('',(-0.130912816808,-1.232595164408E-32,0.991393884586
    ));
#1479 = ADVANCED_FACE('',(#1480),#1498,.T.);
#1480 = FACE_BOUND('',#1481,.T.);
#1481 = EDGE_LOOP('',(#1482,#1483,#1484,#1492));
#1482 = ORIENTED_EDGE('',*,*,#1452,.F.);
#1483 = ORIENTED_EDGE('',*,*,#1438,.T.);
#1484 = ORIENTED_EDGE('',*,*,#1485,.T.);
#1485 = EDGE_CURVE('',#1431,#1486,#1488,.T.);
#1486 = VERTEX_POINT('',#1487);
#1487 = CARTESIAN_POINT('',(355.66030883789,5.,112.54227447509));
#1488 = LINE('',#1489,#1490);
#1489 = CARTESIAN_POINT('',(355.66030883789,-8.5,112.54227447509));
#1490 = VECTOR('',#1491,1.);
#1491 = DIRECTION('',(0.,1.,0.));
#1492 = ORIENTED_EDGE('',*,*,#1493,.F.);
#1493 = EDGE_CURVE('',#1453,#1486,#1494,.T.);
#1494 = LINE('',#1495,#1496);
#1495 = CARTESIAN_POINT('',(356.04767201425,5.,114.63570717589));
#1496 = VECTOR('',#1497,1.);
#1497 = DIRECTION('',(-0.181948682068,-1.093746692649E-16,
    -0.983308027575));
#1498 = PLANE('',#1499);
#1499 = AXIS2_PLACEMENT_3D('',#1500,#1501,#1502);
#1500 = CARTESIAN_POINT('',(355.71723937988,-6.854140005685E-15,
    112.84994506835));
#1501 = DIRECTION('',(0.983308027575,-1.9643095771E-16,-0.181948682068)
  );
#1502 = DIRECTION('',(0.181948682068,-6.162975822039E-33,0.983308027575)
  );
#1503 = ADVANCED_FACE('',(#1504),#1522,.T.);
#1504 = FACE_BOUND('',#1505,.T.);
#1505 = EDGE_LOOP('',(#1506,#1507,#1508,#1516));
#1506 = ORIENTED_EDGE('',*,*,#1485,.F.);
#1507 = ORIENTED_EDGE('',*,*,#1430,.T.);
#1508 = ORIENTED_EDGE('',*,*,#1509,.T.);
#1509 = EDGE_CURVE('',#1423,#1510,#1512,.T.);
#1510 = VERTEX_POINT('',#1511);
#1511 = CARTESIAN_POINT('',(355.36184692382,5.,111.99227142334));
#1512 = LINE('',#1513,#1514);
#1513 = CARTESIAN_POINT('',(355.36184692382,-8.5,111.99227142334));
#1514 = VECTOR('',#1515,1.);
#1515 = DIRECTION('',(0.,1.,0.));
#1516 = ORIENTED_EDGE('',*,*,#1517,.F.);
#1517 = EDGE_CURVE('',#1486,#1510,#1518,.T.);
#1518 = LINE('',#1519,#1520);
#1519 = CARTESIAN_POINT('',(356.20985693538,5.,113.5549769891));
#1520 = VECTOR('',#1521,1.);
#1521 = DIRECTION('',(-0.476954638399,-9.812975820041E-17,
    -0.878927911099));
#1522 = PLANE('',#1523);
#1523 = AXIS2_PLACEMENT_3D('',#1524,#1525,#1526);
#1524 = CARTESIAN_POINT('',(355.51107788085,2.340442670666E-15,
    112.26727294921));
#1525 = DIRECTION('',(0.878927911099,2.987913927334E-16,-0.476954638399)
  );
#1526 = DIRECTION('',(0.476954638399,-2.465190328816E-32,0.878927911099)
  );
#1527 = ADVANCED_FACE('',(#1528),#1546,.T.);
#1528 = FACE_BOUND('',#1529,.T.);
#1529 = EDGE_LOOP('',(#1530,#1531,#1532,#1540));
#1530 = ORIENTED_EDGE('',*,*,#1509,.F.);
#1531 = ORIENTED_EDGE('',*,*,#1422,.T.);
#1532 = ORIENTED_EDGE('',*,*,#1533,.T.);
#1533 = EDGE_CURVE('',#1415,#1534,#1536,.T.);
#1534 = VERTEX_POINT('',#1535);
#1535 = CARTESIAN_POINT('',(354.90811157226,5.,111.56139373779));
#1536 = LINE('',#1537,#1538);
#1537 = CARTESIAN_POINT('',(354.90811157226,-8.5,111.56139373779));
#1538 = VECTOR('',#1539,1.);
#1539 = DIRECTION('',(0.,1.,0.));
#1540 = ORIENTED_EDGE('',*,*,#1541,.F.);
#1541 = EDGE_CURVE('',#1510,#1534,#1542,.T.);
#1542 = LINE('',#1543,#1544);
#1543 = CARTESIAN_POINT('',(355.83380583517,5.,112.44045462681));
#1544 = VECTOR('',#1545,1.);
#1545 = DIRECTION('',(-0.725135800347,-7.72894635358E-17,-0.688605889501
    ));
#1546 = PLANE('',#1547);
#1547 = AXIS2_PLACEMENT_3D('',#1548,#1549,#1550);
#1548 = CARTESIAN_POINT('',(355.13497924804,-1.270530943762E-14,
    111.77683258056));
#1549 = DIRECTION('',(0.688605889501,-3.218359535134E-16,-0.725135800347
    ));
#1550 = DIRECTION('',(-0.725135800347,0.,-0.688605889501));
#1551 = ADVANCED_FACE('',(#1552),#1570,.T.);
#1552 = FACE_BOUND('',#1553,.T.);
#1553 = EDGE_LOOP('',(#1554,#1555,#1556,#1564));
#1554 = ORIENTED_EDGE('',*,*,#1533,.F.);
#1555 = ORIENTED_EDGE('',*,*,#1414,.T.);
#1556 = ORIENTED_EDGE('',*,*,#1557,.F.);
#1557 = EDGE_CURVE('',#1558,#1407,#1560,.T.);
#1558 = VERTEX_POINT('',#1559);
#1559 = CARTESIAN_POINT('',(354.34335327148,5.,111.29189300537));
#1560 = LINE('',#1561,#1562);
#1561 = CARTESIAN_POINT('',(354.34335327148,-6.372680171936E-17,
    111.29189300537));
#1562 = VECTOR('',#1563,1.);
#1563 = DIRECTION('',(0.,-1.,0.));
#1564 = ORIENTED_EDGE('',*,*,#1565,.F.);
#1565 = EDGE_CURVE('',#1534,#1558,#1566,.T.);
#1566 = LINE('',#1567,#1568);
#1567 = CARTESIAN_POINT('',(354.95050910809,5.,111.58162569709));
#1568 = VECTOR('',#1569,1.);
#1569 = DIRECTION('',(-0.902507748896,-4.886101166034E-17,
    -0.430673615611));
#1570 = PLANE('',#1571);
#1571 = AXIS2_PLACEMENT_3D('',#1572,#1573,#1574);
#1572 = CARTESIAN_POINT('',(354.62573242187,-8.358724004837E-16,
    111.42664337158));
#1573 = DIRECTION('',(0.430673615611,2.652160852247E-16,-0.902507748896)
  );
#1574 = DIRECTION('',(-0.902507748896,0.,-0.430673615611));
#1575 = ADVANCED_FACE('',(#1576),#1594,.T.);
#1576 = FACE_BOUND('',#1577,.T.);
#1577 = EDGE_LOOP('',(#1578,#1579,#1587,#1593));
#1578 = ORIENTED_EDGE('',*,*,#1406,.T.);
#1579 = ORIENTED_EDGE('',*,*,#1580,.T.);
#1580 = EDGE_CURVE('',#1399,#1581,#1583,.T.);
#1581 = VERTEX_POINT('',#1582);
#1582 = CARTESIAN_POINT('',(353.72296142578,5.,111.2100906372));
#1583 = LINE('',#1584,#1585);
#1584 = CARTESIAN_POINT('',(353.72296142578,-8.5,111.2100906372));
#1585 = VECTOR('',#1586,1.);
#1586 = DIRECTION('',(0.,1.,0.));
#1587 = ORIENTED_EDGE('',*,*,#1588,.F.);
#1588 = EDGE_CURVE('',#1558,#1581,#1589,.T.);
#1589 = LINE('',#1590,#1591);
#1590 = CARTESIAN_POINT('',(353.74955064767,5.,111.21359658483));
#1591 = VECTOR('',#1592,1.);
#1592 = DIRECTION('',(-0.991418736322,-1.566516180487E-17,
    -0.130724478465));
#1593 = ORIENTED_EDGE('',*,*,#1557,.T.);
#1594 = PLANE('',#1595);
#1595 = AXIS2_PLACEMENT_3D('',#1596,#1597,#1598);
#1596 = CARTESIAN_POINT('',(354.03315734863,-9.194599802485E-16,
    111.25099182128));
#1597 = DIRECTION('',(0.130724478465,-0.,-0.991418736322));
#1598 = DIRECTION('',(-0.991418736322,0.,-0.130724478465));
#1599 = ADVANCED_FACE('',(#1600),#1618,.T.);
#1600 = FACE_BOUND('',#1601,.T.);
#1601 = EDGE_LOOP('',(#1602,#1603,#1611,#1617));
#1602 = ORIENTED_EDGE('',*,*,#1398,.T.);
#1603 = ORIENTED_EDGE('',*,*,#1604,.T.);
#1604 = EDGE_CURVE('',#1391,#1605,#1607,.T.);
#1605 = VERTEX_POINT('',#1606);
#1606 = CARTESIAN_POINT('',(353.10772705078,5.,111.3239364624));
#1607 = LINE('',#1608,#1609);
#1608 = CARTESIAN_POINT('',(353.10772705078,-8.5,111.3239364624));
#1609 = VECTOR('',#1610,1.);
#1610 = DIRECTION('',(0.,1.,0.));
#1611 = ORIENTED_EDGE('',*,*,#1612,.F.);
#1612 = EDGE_CURVE('',#1581,#1605,#1613,.T.);
#1613 = LINE('',#1614,#1615);
#1614 = CARTESIAN_POINT('',(352.51936926484,5.,111.43280891877));
#1615 = VECTOR('',#1616,1.);
#1616 = DIRECTION('',(-0.983306739261,1.90568329726E-17,0.181955644386)
  );
#1617 = ORIENTED_EDGE('',*,*,#1580,.F.);
#1618 = PLANE('',#1619);
#1619 = AXIS2_PLACEMENT_3D('',#1620,#1621,#1622);
#1620 = CARTESIAN_POINT('',(353.41534423828,-9.194671341818E-16,
    111.2670135498));
#1621 = DIRECTION('',(-0.181955644386,-3.888658118051E-16,
    -0.983306739261));
#1622 = DIRECTION('',(-0.983306739261,0.,0.181955644386));
#1623 = ADVANCED_FACE('',(#1624),#1642,.T.);
#1624 = FACE_BOUND('',#1625,.T.);
#1625 = EDGE_LOOP('',(#1626,#1627,#1628,#1636));
#1626 = ORIENTED_EDGE('',*,*,#1604,.F.);
#1627 = ORIENTED_EDGE('',*,*,#1390,.T.);
#1628 = ORIENTED_EDGE('',*,*,#1629,.T.);
#1629 = EDGE_CURVE('',#1383,#1630,#1632,.T.);
#1630 = VERTEX_POINT('',#1631);
#1631 = CARTESIAN_POINT('',(352.55770874023,5.,111.62231445312));
#1632 = LINE('',#1633,#1634);
#1633 = CARTESIAN_POINT('',(352.55770874023,-8.5,111.62231445312));
#1634 = VECTOR('',#1635,1.);
#1635 = DIRECTION('',(0.,1.,0.));
#1636 = ORIENTED_EDGE('',*,*,#1637,.F.);
#1637 = EDGE_CURVE('',#1605,#1630,#1638,.T.);
#1638 = LINE('',#1639,#1640);
#1639 = CARTESIAN_POINT('',(351.55172643692,5.,112.16804715439));
#1640 = VECTOR('',#1641,1.);
#1641 = DIRECTION('',(-0.878989674756,5.191514636862E-17,0.47684080328)
  );
#1642 = PLANE('',#1643);
#1643 = AXIS2_PLACEMENT_3D('',#1644,#1645,#1646);
#1644 = CARTESIAN_POINT('',(352.8327178955,-2.173273636903E-15,
    111.47312545776));
#1645 = DIRECTION('',(-0.47684080328,-0.,-0.878989674756));
#1646 = DIRECTION('',(-0.878989674756,0.,0.47684080328));
#1647 = ADVANCED_FACE('',(#1648),#1666,.T.);
#1648 = FACE_BOUND('',#1649,.T.);
#1649 = EDGE_LOOP('',(#1650,#1651,#1659,#1665));
#1650 = ORIENTED_EDGE('',*,*,#1382,.T.);
#1651 = ORIENTED_EDGE('',*,*,#1652,.T.);
#1652 = EDGE_CURVE('',#1375,#1653,#1655,.T.);
#1653 = VERTEX_POINT('',#1654);
#1654 = CARTESIAN_POINT('',(352.12683105468,5.,112.07614898681));
#1655 = LINE('',#1656,#1657);
#1656 = CARTESIAN_POINT('',(352.12683105468,-8.5,112.07614898681));
#1657 = VECTOR('',#1658,1.);
#1658 = DIRECTION('',(0.,1.,0.));
#1659 = ORIENTED_EDGE('',*,*,#1660,.F.);
#1660 = EDGE_CURVE('',#1630,#1653,#1661,.T.);
#1661 = LINE('',#1662,#1663);
#1662 = CARTESIAN_POINT('',(351.058279193,5.,113.20163251065));
#1663 = VECTOR('',#1664,1.);
#1664 = DIRECTION('',(-0.688526746444,7.970969229173E-17,0.725210948229)
  );
#1665 = ORIENTED_EDGE('',*,*,#1629,.F.);
#1666 = PLANE('',#1667);
#1667 = AXIS2_PLACEMENT_3D('',#1668,#1669,#1670);
#1668 = CARTESIAN_POINT('',(352.34226989746,1.136783149672E-14,
    111.84923171997));
#1669 = DIRECTION('',(-0.725210948229,-0.,-0.688526746444));
#1670 = DIRECTION('',(0.688526746444,0.,-0.725210948229));
#1671 = ADVANCED_FACE('',(#1672),#1690,.T.);
#1672 = FACE_BOUND('',#1673,.T.);
#1673 = EDGE_LOOP('',(#1674,#1675,#1683,#1689));
#1674 = ORIENTED_EDGE('',*,*,#1374,.T.);
#1675 = ORIENTED_EDGE('',*,*,#1676,.T.);
#1676 = EDGE_CURVE('',#1367,#1677,#1679,.T.);
#1677 = VERTEX_POINT('',#1678);
#1678 = CARTESIAN_POINT('',(351.85733032226,5.,112.64080047607));
#1679 = LINE('',#1680,#1681);
#1680 = CARTESIAN_POINT('',(351.85733032226,-8.5,112.64080047607));
#1681 = VECTOR('',#1682,1.);
#1682 = DIRECTION('',(0.,1.,0.));
#1683 = ORIENTED_EDGE('',*,*,#1684,.F.);
#1684 = EDGE_CURVE('',#1653,#1677,#1685,.T.);
#1685 = LINE('',#1686,#1687);
#1686 = CARTESIAN_POINT('',(351.08826144776,5.,114.25213518907));
#1687 = VECTOR('',#1688,1.);
#1688 = DIRECTION('',(-0.430739969277,9.968869983426E-17,0.902476082158)
  );
#1689 = ORIENTED_EDGE('',*,*,#1652,.F.);
#1690 = PLANE('',#1691);
#1691 = AXIS2_PLACEMENT_3D('',#1692,#1693,#1694);
#1692 = CARTESIAN_POINT('',(351.99208068847,-6.185511878305E-15,
    112.35847473144));
#1693 = DIRECTION('',(-0.902476082158,2.410102282899E-16,-0.430739969277
    ));
#1694 = DIRECTION('',(0.430739969277,0.,-0.902476082158));
#1695 = ADVANCED_FACE('',(#1696),#1714,.T.);
#1696 = FACE_BOUND('',#1697,.T.);
#1697 = EDGE_LOOP('',(#1698,#1699,#1707,#1713));
#1698 = ORIENTED_EDGE('',*,*,#1366,.T.);
#1699 = ORIENTED_EDGE('',*,*,#1700,.T.);
#1700 = EDGE_CURVE('',#1359,#1701,#1703,.T.);
#1701 = VERTEX_POINT('',#1702);
#1702 = CARTESIAN_POINT('',(351.77542114257,5.,113.26119232177));
#1703 = LINE('',#1704,#1705);
#1704 = CARTESIAN_POINT('',(351.77542114257,-8.5,113.26119232177));
#1705 = VECTOR('',#1706,1.);
#1706 = DIRECTION('',(0.,1.,0.));
#1707 = ORIENTED_EDGE('',*,*,#1708,.F.);
#1708 = EDGE_CURVE('',#1677,#1701,#1709,.T.);
#1709 = LINE('',#1710,#1711);
#1710 = CARTESIAN_POINT('',(351.53707179058,5.,115.06648441441));
#1711 = VECTOR('',#1712,1.);
#1712 = DIRECTION('',(-0.130892246359,1.099089226775E-16,0.991396600682)
  );
#1713 = ORIENTED_EDGE('',*,*,#1676,.F.);
#1714 = PLANE('',#1715);
#1715 = AXIS2_PLACEMENT_3D('',#1716,#1717,#1718);
#1716 = CARTESIAN_POINT('',(351.81637573242,1.671743220454E-15,
    112.95099639892));
#1717 = DIRECTION('',(-0.991396600682,-3.046887232394E-16,
    -0.130892246359));
#1718 = DIRECTION('',(0.130892246359,6.162975822039E-33,-0.991396600682)
  );
#1719 = ADVANCED_FACE('',(#1720),#1738,.T.);
#1720 = FACE_BOUND('',#1721,.T.);
#1721 = EDGE_LOOP('',(#1722,#1723,#1731,#1737));
#1722 = ORIENTED_EDGE('',*,*,#1358,.T.);
#1723 = ORIENTED_EDGE('',*,*,#1724,.T.);
#1724 = EDGE_CURVE('',#1351,#1725,#1727,.T.);
#1725 = VERTEX_POINT('',#1726);
#1726 = CARTESIAN_POINT('',(351.88937377929,5.,113.8765335083));
#1727 = LINE('',#1728,#1729);
#1728 = CARTESIAN_POINT('',(351.88937377929,-8.5,113.8765335083));
#1729 = VECTOR('',#1730,1.);
#1730 = DIRECTION('',(0.,1.,0.));
#1731 = ORIENTED_EDGE('',*,*,#1732,.F.);
#1732 = EDGE_CURVE('',#1701,#1725,#1733,.T.);
#1733 = LINE('',#1734,#1735);
#1734 = CARTESIAN_POINT('',(352.19078612828,5.,115.50415212072));
#1735 = VECTOR('',#1736,1.);
#1736 = DIRECTION('',(0.182090133303,1.093719268367E-16,0.983281843295)
  );
#1737 = ORIENTED_EDGE('',*,*,#1700,.F.);
#1738 = PLANE('',#1739);
#1739 = AXIS2_PLACEMENT_3D('',#1740,#1741,#1742);
#1740 = CARTESIAN_POINT('',(351.83239746093,0.,113.56886291503));
#1741 = DIRECTION('',(-0.983281843295,-1.827195452498E-16,0.182090133303
    ));
#1742 = DIRECTION('',(-0.182090133303,0.,-0.983281843295));
#1743 = ADVANCED_FACE('',(#1744),#1762,.T.);
#1744 = FACE_BOUND('',#1745,.T.);
#1745 = EDGE_LOOP('',(#1746,#1747,#1755,#1761));
#1746 = ORIENTED_EDGE('',*,*,#1350,.T.);
#1747 = ORIENTED_EDGE('',*,*,#1748,.T.);
#1748 = EDGE_CURVE('',#1343,#1749,#1751,.T.);
#1749 = VERTEX_POINT('',#1750);
#1750 = CARTESIAN_POINT('',(352.1877746582,5.,114.42643737793));
#1751 = LINE('',#1752,#1753);
#1752 = CARTESIAN_POINT('',(352.1877746582,-8.5,114.42643737793));
#1753 = VECTOR('',#1754,1.);
#1754 = DIRECTION('',(0.,1.,0.));
#1755 = ORIENTED_EDGE('',*,*,#1756,.F.);
#1756 = EDGE_CURVE('',#1725,#1749,#1757,.T.);
#1757 = LINE('',#1758,#1759);
#1758 = CARTESIAN_POINT('',(352.80992505183,5.,115.57295849477));
#1759 = VECTOR('',#1760,1.);
#1760 = DIRECTION('',(0.476945731609,9.813028441512E-17,0.878932744355)
  );
#1761 = ORIENTED_EDGE('',*,*,#1724,.F.);
#1762 = PLANE('',#1763);
#1763 = AXIS2_PLACEMENT_3D('',#1764,#1765,#1766);
#1764 = CARTESIAN_POINT('',(352.03857421875,-6.352699627964E-15,
    114.15148544311));
#1765 = DIRECTION('',(-0.878932744355,1.34862973206E-16,0.476945731609)
  );
#1766 = DIRECTION('',(-0.476945731609,-1.232595164408E-32,
    -0.878932744355));
#1767 = ADVANCED_FACE('',(#1768),#1786,.T.);
#1768 = FACE_BOUND('',#1769,.T.);
#1769 = EDGE_LOOP('',(#1770,#1771,#1772,#1780));
#1770 = ORIENTED_EDGE('',*,*,#1748,.F.);
#1771 = ORIENTED_EDGE('',*,*,#1342,.T.);
#1772 = ORIENTED_EDGE('',*,*,#1773,.T.);
#1773 = EDGE_CURVE('',#1335,#1774,#1776,.T.);
#1774 = VERTEX_POINT('',#1775);
#1775 = CARTESIAN_POINT('',(352.6416015625,5.,114.85731506347));
#1776 = LINE('',#1777,#1778);
#1777 = CARTESIAN_POINT('',(352.6416015625,-8.5,114.85731506347));
#1778 = VECTOR('',#1779,1.);
#1779 = DIRECTION('',(0.,1.,0.));
#1780 = ORIENTED_EDGE('',*,*,#1781,.F.);
#1781 = EDGE_CURVE('',#1749,#1774,#1782,.T.);
#1782 = LINE('',#1783,#1784);
#1783 = CARTESIAN_POINT('',(353.22269264048,5.,115.40902139997));
#1784 = VECTOR('',#1785,1.);
#1785 = DIRECTION('',(0.725205168543,7.728143384001E-17,0.688532834016)
  );
#1786 = PLANE('',#1787);
#1787 = AXIS2_PLACEMENT_3D('',#1788,#1789,#1790);
#1788 = CARTESIAN_POINT('',(352.41468811035,2.382230634971E-15,
    114.6418762207));
#1789 = DIRECTION('',(-0.688532834016,0.,0.725205168543));
#1790 = DIRECTION('',(0.725205168543,0.,0.688532834016));
#1791 = ADVANCED_FACE('',(#1792),#1810,.T.);
#1792 = FACE_BOUND('',#1793,.T.);
#1793 = EDGE_LOOP('',(#1794,#1795,#1803,#1809));
#1794 = ORIENTED_EDGE('',*,*,#1334,.T.);
#1795 = ORIENTED_EDGE('',*,*,#1796,.T.);
#1796 = EDGE_CURVE('',#1327,#1797,#1799,.T.);
#1797 = VERTEX_POINT('',#1798);
#1798 = CARTESIAN_POINT('',(353.20623779296,5.,115.12691497802));
#1799 = LINE('',#1800,#1801);
#1800 = CARTESIAN_POINT('',(353.20623779296,-8.5,115.12691497802));
#1801 = VECTOR('',#1802,1.);
#1802 = DIRECTION('',(0.,1.,0.));
#1803 = ORIENTED_EDGE('',*,*,#1804,.F.);
#1804 = EDGE_CURVE('',#1774,#1797,#1805,.T.);
#1805 = LINE('',#1806,#1807);
#1806 = CARTESIAN_POINT('',(353.38500616157,5.,115.21227247777));
#1807 = VECTOR('',#1808,1.);
#1808 = DIRECTION('',(0.902409927184,4.888364877563E-17,0.430878548223)
  );
#1809 = ORIENTED_EDGE('',*,*,#1773,.F.);
#1810 = PLANE('',#1811);
#1811 = AXIS2_PLACEMENT_3D('',#1812,#1813,#1814);
#1812 = CARTESIAN_POINT('',(352.92391967773,8.358777055171E-17,
    114.99211502075));
#1813 = DIRECTION('',(-0.430878548223,0.,0.902409927184));
#1814 = DIRECTION('',(0.902409927184,0.,0.430878548223));
#1815 = ADVANCED_FACE('',(#1816),#1834,.T.);
#1816 = FACE_BOUND('',#1817,.T.);
#1817 = EDGE_LOOP('',(#1818,#1819,#1827,#1833));
#1818 = ORIENTED_EDGE('',*,*,#1326,.T.);
#1819 = ORIENTED_EDGE('',*,*,#1820,.T.);
#1820 = EDGE_CURVE('',#1319,#1821,#1823,.T.);
#1821 = VERTEX_POINT('',#1822);
#1822 = CARTESIAN_POINT('',(353.82662963867,5.,115.20872497558));
#1823 = LINE('',#1824,#1825);
#1824 = CARTESIAN_POINT('',(353.82662963867,-8.5,115.20872497558));
#1825 = VECTOR('',#1826,1.);
#1826 = DIRECTION('',(0.,1.,0.));
#1827 = ORIENTED_EDGE('',*,*,#1828,.F.);
#1828 = EDGE_CURVE('',#1797,#1821,#1829,.T.);
#1829 = LINE('',#1830,#1831);
#1830 = CARTESIAN_POINT('',(353.38236770789,5.,115.15014092467));
#1831 = VECTOR('',#1832,1.);
#1832 = DIRECTION('',(0.991417156113,1.566649036313E-17,0.130736462258)
  );
#1833 = ORIENTED_EDGE('',*,*,#1796,.F.);
#1834 = PLANE('',#1835);
#1835 = AXIS2_PLACEMENT_3D('',#1836,#1837,#1838);
#1836 = CARTESIAN_POINT('',(353.51643371582,0.,115.1678199768));
#1837 = DIRECTION('',(-0.130736462258,0.,0.991417156113));
#1838 = DIRECTION('',(0.991417156113,0.,0.130736462258));
#1839 = ADVANCED_FACE('',(#1840),#1858,.T.);
#1840 = FACE_BOUND('',#1841,.T.);
#1841 = EDGE_LOOP('',(#1842,#1843,#1851,#1857));
#1842 = ORIENTED_EDGE('',*,*,#1318,.T.);
#1843 = ORIENTED_EDGE('',*,*,#1844,.T.);
#1844 = EDGE_CURVE('',#1311,#1845,#1847,.T.);
#1845 = VERTEX_POINT('',#1846);
#1846 = CARTESIAN_POINT('',(354.44189453125,5.,115.09487152099));
#1847 = LINE('',#1848,#1849);
#1848 = CARTESIAN_POINT('',(354.44189453125,-8.5,115.09487152099));
#1849 = VECTOR('',#1850,1.);
#1850 = DIRECTION('',(0.,1.,0.));
#1851 = ORIENTED_EDGE('',*,*,#1852,.F.);
#1852 = EDGE_CURVE('',#1821,#1845,#1853,.T.);
#1853 = LINE('',#1854,#1855);
#1854 = CARTESIAN_POINT('',(353.38641507634,5.,115.29018574035));
#1855 = VECTOR('',#1856,1.);
#1856 = DIRECTION('',(0.983306172435,-1.905717369194E-17,-0.181958707545
    ));
#1857 = ORIENTED_EDGE('',*,*,#1820,.F.);
#1858 = PLANE('',#1859);
#1859 = AXIS2_PLACEMENT_3D('',#1860,#1861,#1862);
#1860 = CARTESIAN_POINT('',(354.13426208496,-5.851137201528E-16,
    115.15179824829));
#1861 = DIRECTION('',(0.181958707545,0.,0.983306172435));
#1862 = DIRECTION('',(0.983306172435,0.,-0.181958707545));
#1863 = ADVANCED_FACE('',(#1864),#1882,.T.);
#1864 = FACE_BOUND('',#1865,.T.);
#1865 = EDGE_LOOP('',(#1866,#1867,#1868,#1876));
#1866 = ORIENTED_EDGE('',*,*,#1844,.F.);
#1867 = ORIENTED_EDGE('',*,*,#1310,.T.);
#1868 = ORIENTED_EDGE('',*,*,#1869,.T.);
#1869 = EDGE_CURVE('',#1303,#1870,#1872,.T.);
#1870 = VERTEX_POINT('',#1871);
#1871 = CARTESIAN_POINT('',(354.99188232421,5.,114.79639434814));
#1872 = LINE('',#1873,#1874);
#1873 = CARTESIAN_POINT('',(354.99188232421,-8.5,114.79639434814));
#1874 = VECTOR('',#1875,1.);
#1875 = DIRECTION('',(0.,1.,0.));
#1876 = ORIENTED_EDGE('',*,*,#1877,.F.);
#1877 = EDGE_CURVE('',#1845,#1870,#1878,.T.);
#1878 = LINE('',#1879,#1880);
#1879 = CARTESIAN_POINT('',(353.57065918416,5.,115.56768903915));
#1880 = VECTOR('',#1881,1.);
#1881 = DIRECTION('',(0.878912141347,-5.193110009754E-17,-0.476983697617
    ));
#1882 = PLANE('',#1883);
#1883 = AXIS2_PLACEMENT_3D('',#1884,#1885,#1886);
#1884 = CARTESIAN_POINT('',(354.71688842773,1.337396583766E-14,
    114.94563293457));
#1885 = DIRECTION('',(0.476983697617,-1.46078040661E-16,0.878912141347)
  );
#1886 = DIRECTION('',(0.878912141347,-1.232595164408E-32,-0.476983697617
    ));
#1887 = ADVANCED_FACE('',(#1888),#1906,.T.);
#1888 = FACE_BOUND('',#1889,.T.);
#1889 = EDGE_LOOP('',(#1890,#1891,#1892,#1900));
#1890 = ORIENTED_EDGE('',*,*,#1869,.F.);
#1891 = ORIENTED_EDGE('',*,*,#1302,.T.);
#1892 = ORIENTED_EDGE('',*,*,#1893,.T.);
#1893 = EDGE_CURVE('',#1295,#1894,#1896,.T.);
#1894 = VERTEX_POINT('',#1895);
#1895 = CARTESIAN_POINT('',(355.42276000976,5.,114.34265899658));
#1896 = LINE('',#1897,#1898);
#1897 = CARTESIAN_POINT('',(355.42276000976,-8.5,114.34265899658));
#1898 = VECTOR('',#1899,1.);
#1899 = DIRECTION('',(0.,1.,0.));
#1900 = ORIENTED_EDGE('',*,*,#1901,.F.);
#1901 = EDGE_CURVE('',#1870,#1894,#1902,.T.);
#1902 = LINE('',#1903,#1904);
#1903 = CARTESIAN_POINT('',(354.02989089058,5.,115.80941854499));
#1904 = VECTOR('',#1905,1.);
#1905 = DIRECTION('',(0.688605889501,-7.970125764641E-17,-0.725135800347
    ));
#1906 = PLANE('',#1907);
#1907 = AXIS2_PLACEMENT_3D('',#1908,#1909,#1910);
#1908 = CARTESIAN_POINT('',(355.20732116699,1.85564387839E-14,
    114.56952667236));
#1909 = DIRECTION('',(0.725135800347,0.,0.688605889501));
#1910 = DIRECTION('',(-0.688605889501,0.,0.725135800347));
#1911 = ADVANCED_FACE('',(#1912),#1923,.T.);
#1912 = FACE_BOUND('',#1913,.T.);
#1913 = EDGE_LOOP('',(#1914,#1915,#1916,#1917));
#1914 = ORIENTED_EDGE('',*,*,#1893,.F.);
#1915 = ORIENTED_EDGE('',*,*,#1294,.T.);
#1916 = ORIENTED_EDGE('',*,*,#1468,.T.);
#1917 = ORIENTED_EDGE('',*,*,#1918,.F.);
#1918 = EDGE_CURVE('',#1894,#1461,#1919,.T.);
#1919 = LINE('',#1920,#1921);
#1920 = CARTESIAN_POINT('',(354.71936387203,5.,115.81665662717));
#1921 = VECTOR('',#1922,1.);
#1922 = DIRECTION('',(0.430678354558,-9.969203593417E-17,-0.902505487471
    ));
#1923 = PLANE('',#1924);
#1924 = AXIS2_PLACEMENT_3D('',#1925,#1926,#1927);
#1925 = CARTESIAN_POINT('',(355.55751037597,6.080975654039E-15,
    114.06028366088));
#1926 = DIRECTION('',(0.902505487471,0.,0.430678354558));
#1927 = DIRECTION('',(-0.430678354558,0.,0.902505487471));
#1928 = ADVANCED_FACE('',(#1929),#2043,.T.);
#1929 = FACE_BOUND('',#1930,.T.);
#1930 = EDGE_LOOP('',(#1931,#1932,#1933,#1941,#1949,#1957,#1965,#1973,
    #1981,#1989,#1997,#2005,#2013,#2021,#2029,#2037));
#1931 = ORIENTED_EDGE('',*,*,#631,.F.);
#1932 = ORIENTED_EDGE('',*,*,#1153,.F.);
#1933 = ORIENTED_EDGE('',*,*,#1934,.T.);
#1934 = EDGE_CURVE('',#1146,#1935,#1937,.T.);
#1935 = VERTEX_POINT('',#1936);
#1936 = CARTESIAN_POINT('',(349.24114990234,-16.39999961853,
    109.40811920166));
#1937 = LINE('',#1938,#1939);
#1938 = CARTESIAN_POINT('',(346.36486816406,-16.39999961853,
    113.04354095459));
#1939 = VECTOR('',#1940,1.);
#1940 = DIRECTION('',(0.62046946159,0.,-0.784230608453));
#1941 = ORIENTED_EDGE('',*,*,#1942,.T.);
#1942 = EDGE_CURVE('',#1935,#1943,#1945,.T.);
#1943 = VERTEX_POINT('',#1944);
#1944 = CARTESIAN_POINT('',(351.92068481445,-16.39999961853,
    105.9610748291));
#1945 = LINE('',#1946,#1947);
#1946 = CARTESIAN_POINT('',(349.24114990234,-16.39999961853,
    109.40811920166));
#1947 = VECTOR('',#1948,1.);
#1948 = DIRECTION('',(0.613726581685,0.,-0.789518640017));
#1949 = ORIENTED_EDGE('',*,*,#1950,.T.);
#1950 = EDGE_CURVE('',#1943,#1951,#1953,.T.);
#1951 = VERTEX_POINT('',#1952);
#1952 = CARTESIAN_POINT('',(353.73764038085,-16.39999961853,
    103.22369384765));
#1953 = LINE('',#1954,#1955);
#1954 = CARTESIAN_POINT('',(351.92068481445,-16.39999961853,
    105.9610748291));
#1955 = VECTOR('',#1956,1.);
#1956 = DIRECTION('',(0.553020701187,0.,-0.833167512604));
#1957 = ORIENTED_EDGE('',*,*,#1958,.T.);
#1958 = EDGE_CURVE('',#1951,#1959,#1961,.T.);
#1959 = VERTEX_POINT('',#1960);
#1960 = CARTESIAN_POINT('',(355.27102661132,-16.39999961853,
    100.14956665039));
#1961 = LINE('',#1962,#1963);
#1962 = CARTESIAN_POINT('',(353.73764038085,-16.39999961853,
    103.22369384765));
#1963 = VECTOR('',#1964,1.);
#1964 = DIRECTION('',(0.446357027477,0.,-0.894854962562));
#1965 = ORIENTED_EDGE('',*,*,#1966,.T.);
#1966 = EDGE_CURVE('',#1959,#1967,#1969,.T.);
#1967 = VERTEX_POINT('',#1968);
#1968 = CARTESIAN_POINT('',(356.45755004882,-16.39999961853,
    96.918365478516));
#1969 = LINE('',#1970,#1971);
#1970 = CARTESIAN_POINT('',(355.27102661132,-16.39999961853,
    100.14956665039));
#1971 = VECTOR('',#1972,1.);
#1972 = DIRECTION('',(0.344702676336,0.,-0.938711917964));
#1973 = ORIENTED_EDGE('',*,*,#1974,.T.);
#1974 = EDGE_CURVE('',#1967,#1975,#1977,.T.);
#1975 = VERTEX_POINT('',#1976);
#1976 = CARTESIAN_POINT('',(357.43057250976,-16.39999961853,
    93.247779846191));
#1977 = LINE('',#1978,#1979);
#1978 = CARTESIAN_POINT('',(356.45755004882,-16.39999961853,
    96.918365478516));
#1979 = VECTOR('',#1980,1.);
#1980 = DIRECTION('',(0.256236305011,0.,-0.966614171215));
#1981 = ORIENTED_EDGE('',*,*,#1982,.T.);
#1982 = EDGE_CURVE('',#1975,#1983,#1985,.T.);
#1983 = VERTEX_POINT('',#1984);
#1984 = CARTESIAN_POINT('',(357.68618774414,-16.39999961853,
    92.026031494141));
#1985 = LINE('',#1986,#1987);
#1986 = CARTESIAN_POINT('',(357.43057250976,-16.39999961853,
    93.247779846191));
#1987 = VECTOR('',#1988,1.);
#1988 = DIRECTION('',(0.204786755987,0.,-0.978806612448));
#1989 = ORIENTED_EDGE('',*,*,#1990,.F.);
#1990 = EDGE_CURVE('',#1991,#1983,#1993,.T.);
#1991 = VERTEX_POINT('',#1992);
#1992 = CARTESIAN_POINT('',(357.54057404778,-16.39999961853,
    92.154625083982));
#1993 = LINE('',#1994,#1995);
#1994 = CARTESIAN_POINT('',(355.10205078125,-16.39999961853,
    94.308120727539));
#1995 = VECTOR('',#1996,1.);
#1996 = DIRECTION('',(0.749554533628,0.,-0.661942596543));
#1997 = ORIENTED_EDGE('',*,*,#1998,.T.);
#1998 = EDGE_CURVE('',#1991,#1999,#2001,.T.);
#1999 = VERTEX_POINT('',#2000);
#2000 = CARTESIAN_POINT('',(357.41030883789,-16.39999961853,
    92.296234130859));
#2001 = LINE('',#2002,#2003);
#2002 = CARTESIAN_POINT('',(357.20856989664,-16.39999961853,
    92.515541029546));
#2003 = VECTOR('',#2004,1.);
#2004 = DIRECTION('',(-0.677013989353,0.,0.735970147642));
#2005 = ORIENTED_EDGE('',*,*,#2006,.T.);
#2006 = EDGE_CURVE('',#1999,#2007,#2009,.T.);
#2007 = VERTEX_POINT('',#2008);
#2008 = CARTESIAN_POINT('',(355.58450139224,-16.39999961853,
    93.882061520615));
#2009 = LINE('',#2010,#2011);
#2010 = CARTESIAN_POINT('',(356.60897898176,-16.39999961853,
    92.992238979076));
#2011 = VECTOR('',#2012,1.);
#2012 = DIRECTION('',(-0.754980348208,0.,0.655747416174));
#2013 = ORIENTED_EDGE('',*,*,#2014,.F.);
#2014 = EDGE_CURVE('',#2015,#2007,#2017,.T.);
#2015 = VERTEX_POINT('',#2016);
#2016 = CARTESIAN_POINT('',(355.10205078125,-16.39999961853,
    94.308120727539));
#2017 = LINE('',#2018,#2019);
#2018 = CARTESIAN_POINT('',(355.10205078125,-16.39999961853,
    94.308120727539));
#2019 = VECTOR('',#2020,1.);
#2020 = DIRECTION('',(0.749554533628,0.,-0.661942596543));
#2021 = ORIENTED_EDGE('',*,*,#2022,.F.);
#2022 = EDGE_CURVE('',#2023,#2015,#2025,.T.);
#2023 = VERTEX_POINT('',#2024);
#2024 = CARTESIAN_POINT('',(355.04929870392,-16.40073990626,
    94.34691836202));
#2025 = LINE('',#2026,#2027);
#2026 = CARTESIAN_POINT('',(351.53909301757,-16.39999961853,
    96.928573608398));
#2027 = VECTOR('',#2028,1.);
#2028 = DIRECTION('',(0.805582917685,0.,-0.592483048478));
#2029 = ORIENTED_EDGE('',*,*,#2030,.T.);
#2030 = EDGE_CURVE('',#2023,#2031,#2033,.T.);
#2031 = VERTEX_POINT('',#2032);
#2032 = CARTESIAN_POINT('',(355.00692749023,-16.39999961853,
    94.383720397949));
#2033 = LINE('',#2034,#2035);
#2034 = CARTESIAN_POINT('',(354.64646252276,-16.39999961853,
    94.696806654566));
#2035 = VECTOR('',#2036,1.);
#2036 = DIRECTION('',(-0.754980348208,0.,0.655747416174));
#2037 = ORIENTED_EDGE('',*,*,#2038,.T.);
#2038 = EDGE_CURVE('',#2031,#634,#2039,.T.);
#2039 = LINE('',#2040,#2041);
#2040 = CARTESIAN_POINT('',(353.88145078356,-16.39999961853,
    95.209645923762));
#2041 = VECTOR('',#2042,1.);
#2042 = DIRECTION('',(-0.806208209498,0.,0.591631915078));
#2043 = PLANE('',#2044);
#2044 = AXIS2_PLACEMENT_3D('',#2045,#2046,#2047);
#2045 = CARTESIAN_POINT('',(351.26668915352,-16.39999961853,
    101.09242405757));
#2046 = DIRECTION('',(0.,1.,0.));
#2047 = DIRECTION('',(0.,-0.,1.));
#2048 = ADVANCED_FACE('',(#2049),#2363,.T.);
#2049 = FACE_BOUND('',#2050,.T.);
#2050 = EDGE_LOOP('',(#2051,#2059,#2060,#2061,#2069,#2077,#2085,#2093,
    #2101,#2109,#2117,#2125,#2133,#2141,#2149,#2157,#2165,#2173,#2181,
    #2189,#2197,#2205,#2213,#2221,#2229,#2237,#2245,#2253,#2261,#2269,
    #2277,#2285,#2293,#2301,#2309,#2317,#2325,#2333,#2341,#2349,#2357));
#2051 = ORIENTED_EDGE('',*,*,#2052,.T.);
#2052 = EDGE_CURVE('',#2053,#1200,#2055,.T.);
#2053 = VERTEX_POINT('',#2054);
#2054 = CARTESIAN_POINT('',(346.36486816406,-16.39999961853,
    113.04354095459));
#2055 = LINE('',#2056,#2057);
#2056 = CARTESIAN_POINT('',(346.36486816406,-16.39999961853,
    113.04354095459));
#2057 = VECTOR('',#2058,1.);
#2058 = DIRECTION('',(0.62046946159,0.,-0.784230608453));
#2059 = ORIENTED_EDGE('',*,*,#1199,.F.);
#2060 = ORIENTED_EDGE('',*,*,#687,.F.);
#2061 = ORIENTED_EDGE('',*,*,#2062,.F.);
#2062 = EDGE_CURVE('',#2063,#680,#2065,.T.);
#2063 = VERTEX_POINT('',#2064);
#2064 = CARTESIAN_POINT('',(336.8201599121,-16.39999961853,
    105.4921798706));
#2065 = LINE('',#2066,#2067);
#2066 = CARTESIAN_POINT('',(336.8201599121,-16.39999961853,
    105.4921798706));
#2067 = VECTOR('',#2068,1.);
#2068 = DIRECTION('',(0.999663856031,0.,-2.592633688937E-02));
#2069 = ORIENTED_EDGE('',*,*,#2070,.F.);
#2070 = EDGE_CURVE('',#2071,#2063,#2073,.T.);
#2071 = VERTEX_POINT('',#2072);
#2072 = CARTESIAN_POINT('',(334.2744140625,-16.39999961853,
    107.23052978515));
#2073 = LINE('',#2074,#2075);
#2074 = CARTESIAN_POINT('',(334.2744140625,-16.39999961853,
    107.23052978515));
#2075 = VECTOR('',#2076,1.);
#2076 = DIRECTION('',(0.8258324391,0.,-0.563915581032));
#2077 = ORIENTED_EDGE('',*,*,#2078,.F.);
#2078 = EDGE_CURVE('',#2079,#2071,#2081,.T.);
#2079 = VERTEX_POINT('',#2080);
#2080 = CARTESIAN_POINT('',(334.48684692382,-16.39999961853,
    107.96644592285));
#2081 = LINE('',#2082,#2083);
#2082 = CARTESIAN_POINT('',(334.48684692382,-16.39999961853,
    107.96644592285));
#2083 = VECTOR('',#2084,1.);
#2084 = DIRECTION('',(-0.277340663502,0.,-0.960771646318));
#2085 = ORIENTED_EDGE('',*,*,#2086,.T.);
#2086 = EDGE_CURVE('',#2079,#2087,#2089,.T.);
#2087 = VERTEX_POINT('',#2088);
#2088 = CARTESIAN_POINT('',(334.59524536132,-16.39999961853,
    108.21332550048));
#2089 = LINE('',#2090,#2091);
#2090 = CARTESIAN_POINT('',(334.48684692382,-16.39999961853,
    107.96644592285));
#2091 = VECTOR('',#2092,1.);
#2092 = DIRECTION('',(0.402028250576,0.,0.915627263541));
#2093 = ORIENTED_EDGE('',*,*,#2094,.T.);
#2094 = EDGE_CURVE('',#2087,#2095,#2097,.T.);
#2095 = VERTEX_POINT('',#2096);
#2096 = CARTESIAN_POINT('',(334.76571655273,-16.39999961853,
    108.42224884033));
#2097 = LINE('',#2098,#2099);
#2098 = CARTESIAN_POINT('',(334.59524536132,-16.39999961853,
    108.21332550048));
#2099 = VECTOR('',#2100,1.);
#2100 = DIRECTION('',(0.632201830155,0.,0.774803746731));
#2101 = ORIENTED_EDGE('',*,*,#2102,.T.);
#2102 = EDGE_CURVE('',#2095,#2103,#2105,.T.);
#2103 = VERTEX_POINT('',#2104);
#2104 = CARTESIAN_POINT('',(334.98577880859,-16.39999961853,
    108.57805633544));
#2105 = LINE('',#2106,#2107);
#2106 = CARTESIAN_POINT('',(334.76571655273,-16.39999961853,
    108.42224884033));
#2107 = VECTOR('',#2108,1.);
#2108 = DIRECTION('',(0.816146802772,0.,0.577844612613));
#2109 = ORIENTED_EDGE('',*,*,#2110,.T.);
#2110 = EDGE_CURVE('',#2103,#2111,#2113,.T.);
#2111 = VERTEX_POINT('',#2112);
#2112 = CARTESIAN_POINT('',(335.2395324707,-16.39999961853,
    108.66940307617));
#2113 = LINE('',#2114,#2115);
#2114 = CARTESIAN_POINT('',(334.98577880859,-16.39999961853,
    108.57805633544));
#2115 = VECTOR('',#2116,1.);
#2116 = DIRECTION('',(0.940892821122,0.,0.338704442192));
#2117 = ORIENTED_EDGE('',*,*,#2118,.T.);
#2118 = EDGE_CURVE('',#2111,#2119,#2121,.T.);
#2119 = VERTEX_POINT('',#2120);
#2120 = CARTESIAN_POINT('',(335.5083618164,-16.39999961853,
    108.68968963623));
#2121 = LINE('',#2122,#2123);
#2122 = CARTESIAN_POINT('',(335.2395324707,-16.39999961853,
    108.66940307617));
#2123 = VECTOR('',#2124,1.);
#2124 = DIRECTION('',(0.99716480164,0.,7.524864364741E-02));
#2125 = ORIENTED_EDGE('',*,*,#2126,.T.);
#2126 = EDGE_CURVE('',#2119,#2127,#2129,.T.);
#2127 = VERTEX_POINT('',#2128);
#2128 = CARTESIAN_POINT('',(335.24462890625,-16.39999961853,
    108.70555114746));
#2129 = LINE('',#2130,#2131);
#2130 = CARTESIAN_POINT('',(338.37243652343,-16.39999961853,
    108.51718902587));
#2131 = VECTOR('',#2132,1.);
#2132 = DIRECTION('',(-0.998191586399,0.,6.011286753258E-02));
#2133 = ORIENTED_EDGE('',*,*,#2134,.T.);
#2134 = EDGE_CURVE('',#2127,#2135,#2137,.T.);
#2135 = VERTEX_POINT('',#2136);
#2136 = CARTESIAN_POINT('',(334.83288574218,-16.39999961853,
    110.12634277343));
#2137 = LINE('',#2138,#2139);
#2138 = CARTESIAN_POINT('',(335.24462890625,-16.39999961853,
    108.70555114746));
#2139 = VECTOR('',#2140,1.);
#2140 = DIRECTION('',(-0.278345848764,0.,0.960480915207));
#2141 = ORIENTED_EDGE('',*,*,#2142,.T.);
#2142 = EDGE_CURVE('',#2135,#2143,#2145,.T.);
#2143 = VERTEX_POINT('',#2144);
#2144 = CARTESIAN_POINT('',(334.74990844726,-16.39999961853,
    111.99111175537));
#2145 = LINE('',#2146,#2147);
#2146 = CARTESIAN_POINT('',(334.83288574218,-16.39999961853,
    110.12634277343));
#2147 = VECTOR('',#2148,1.);
#2148 = DIRECTION('',(-4.445337163597E-02,0.,0.99901146027));
#2149 = ORIENTED_EDGE('',*,*,#2150,.T.);
#2150 = EDGE_CURVE('',#2143,#2151,#2153,.T.);
#2151 = VERTEX_POINT('',#2152);
#2152 = CARTESIAN_POINT('',(334.78186035156,-16.39999961853,
    112.54151153564));
#2153 = LINE('',#2154,#2155);
#2154 = CARTESIAN_POINT('',(334.74990844726,-16.39999961853,
    111.99111175537));
#2155 = VECTOR('',#2156,1.);
#2156 = DIRECTION('',(5.795460191653E-02,0.,0.998319219547));
#2157 = ORIENTED_EDGE('',*,*,#2158,.T.);
#2158 = EDGE_CURVE('',#2151,#2159,#2161,.T.);
#2159 = VERTEX_POINT('',#2160);
#2160 = CARTESIAN_POINT('',(335.04202270507,-16.39999961853,
    112.45018005371));
#2161 = LINE('',#2162,#2163);
#2162 = CARTESIAN_POINT('',(334.78186035156,-16.39999961853,
    112.54151153564));
#2163 = VECTOR('',#2164,1.);
#2164 = DIRECTION('',(0.943547344872,0.,-0.331237691069));
#2165 = ORIENTED_EDGE('',*,*,#2166,.T.);
#2166 = EDGE_CURVE('',#2159,#2167,#2169,.T.);
#2167 = VERTEX_POINT('',#2168);
#2168 = CARTESIAN_POINT('',(335.29272460937,-16.39999961853,
    112.33504486084));
#2169 = LINE('',#2170,#2171);
#2170 = CARTESIAN_POINT('',(335.04202270507,-16.39999961853,
    112.45018005371));
#2171 = VECTOR('',#2172,1.);
#2172 = DIRECTION('',(0.908748570503,0.,-0.417344025486));
#2173 = ORIENTED_EDGE('',*,*,#2174,.T.);
#2174 = EDGE_CURVE('',#2167,#2175,#2177,.T.);
#2175 = VERTEX_POINT('',#2176);
#2176 = CARTESIAN_POINT('',(338.75268554687,-16.39999961853,
    110.297706604));
#2177 = LINE('',#2178,#2179);
#2178 = CARTESIAN_POINT('',(335.29272460937,-16.39999961853,
    112.33504486084));
#2179 = VECTOR('',#2180,1.);
#2180 = DIRECTION('',(0.861709145118,0.,-0.507402551453));
#2181 = ORIENTED_EDGE('',*,*,#2182,.T.);
#2182 = EDGE_CURVE('',#2175,#2183,#2185,.T.);
#2183 = VERTEX_POINT('',#2184);
#2184 = CARTESIAN_POINT('',(339.11782836914,-16.39999961853,
    110.12747192382));
#2185 = LINE('',#2186,#2187);
#2186 = CARTESIAN_POINT('',(338.75268554687,-16.39999961853,
    110.297706604));
#2187 = VECTOR('',#2188,1.);
#2188 = DIRECTION('',(0.906340312435,0.,-0.42254850379));
#2189 = ORIENTED_EDGE('',*,*,#2190,.T.);
#2190 = EDGE_CURVE('',#2183,#2191,#2193,.T.);
#2191 = VERTEX_POINT('',#2192);
#2192 = CARTESIAN_POINT('',(339.76382446289,-16.39999961853,
    110.00799560546));
#2193 = LINE('',#2194,#2195);
#2194 = CARTESIAN_POINT('',(339.11782836914,-16.39999961853,
    110.12747192382));
#2195 = VECTOR('',#2196,1.);
#2196 = DIRECTION('',(0.983323565523,0.,-0.181864690052));
#2197 = ORIENTED_EDGE('',*,*,#2198,.T.);
#2198 = EDGE_CURVE('',#2191,#2199,#2201,.T.);
#2199 = VERTEX_POINT('',#2200);
#2200 = CARTESIAN_POINT('',(340.41525268554,-16.39999961853,
    110.0938796997));
#2201 = LINE('',#2202,#2203);
#2202 = CARTESIAN_POINT('',(339.76382446289,-16.39999961853,
    110.00799560546));
#2203 = VECTOR('',#2204,1.);
#2204 = DIRECTION('',(0.991420828073,0.,0.130708613577));
#2205 = ORIENTED_EDGE('',*,*,#2206,.T.);
#2206 = EDGE_CURVE('',#2199,#2207,#2209,.T.);
#2207 = VERTEX_POINT('',#2208);
#2208 = CARTESIAN_POINT('',(341.00814819335,-16.39999961853,
    110.37689208984));
#2209 = LINE('',#2210,#2211);
#2210 = CARTESIAN_POINT('',(340.41525268554,-16.39999961853,
    110.0938796997));
#2211 = VECTOR('',#2212,1.);
#2212 = DIRECTION('',(0.90245764465,0.,0.430778596977));
#2213 = ORIENTED_EDGE('',*,*,#2214,.T.);
#2214 = EDGE_CURVE('',#2207,#2215,#2217,.T.);
#2215 = VERTEX_POINT('',#2216);
#2216 = CARTESIAN_POINT('',(341.48461914062,-16.39999961853,
    110.82932281494));
#2217 = LINE('',#2218,#2219);
#2218 = CARTESIAN_POINT('',(341.00814819335,-16.39999961853,
    110.37689208984));
#2219 = VECTOR('',#2220,1.);
#2220 = DIRECTION('',(0.725164080116,0.,0.688576108291));
#2221 = ORIENTED_EDGE('',*,*,#2222,.T.);
#2222 = EDGE_CURVE('',#2215,#2223,#2225,.T.);
#2223 = VERTEX_POINT('',#2224);
#2224 = CARTESIAN_POINT('',(341.79797363281,-16.39999961853,
    111.40677642822));
#2225 = LINE('',#2226,#2227);
#2226 = CARTESIAN_POINT('',(341.48461914062,-16.39999961853,
    110.82932281494));
#2227 = VECTOR('',#2228,1.);
#2228 = DIRECTION('',(0.47695039749,0.,0.878930212437));
#2229 = ORIENTED_EDGE('',*,*,#2230,.T.);
#2230 = EDGE_CURVE('',#2223,#2231,#2233,.T.);
#2231 = VERTEX_POINT('',#2232);
#2232 = CARTESIAN_POINT('',(341.9175415039,-16.39999961853,
    112.05285644531));
#2233 = LINE('',#2234,#2235);
#2234 = CARTESIAN_POINT('',(341.79797363281,-16.39999961853,
    111.40677642822));
#2235 = VECTOR('',#2236,1.);
#2236 = DIRECTION('',(0.181976577445,0.,0.98330286548));
#2237 = ORIENTED_EDGE('',*,*,#2238,.T.);
#2238 = EDGE_CURVE('',#2231,#2239,#2241,.T.);
#2239 = VERTEX_POINT('',#2240);
#2240 = CARTESIAN_POINT('',(341.83166503906,-16.39999961853,
    112.70419311523));
#2241 = LINE('',#2242,#2243);
#2242 = CARTESIAN_POINT('',(341.9175415039,-16.39999961853,
    112.05285644531));
#2243 = VECTOR('',#2244,1.);
#2244 = DIRECTION('',(-0.130715257704,0.,0.991419952091));
#2245 = ORIENTED_EDGE('',*,*,#2246,.T.);
#2246 = EDGE_CURVE('',#2239,#2247,#2249,.T.);
#2247 = VERTEX_POINT('',#2248);
#2248 = CARTESIAN_POINT('',(341.54864501953,-16.39999961853,
    113.29718780517));
#2249 = LINE('',#2250,#2251);
#2250 = CARTESIAN_POINT('',(341.83166503906,-16.39999961853,
    112.70419311523));
#2251 = VECTOR('',#2252,1.);
#2252 = DIRECTION('',(-0.430729371283,0.,0.902481140365));
#2253 = ORIENTED_EDGE('',*,*,#2254,.T.);
#2254 = EDGE_CURVE('',#2247,#2255,#2257,.T.);
#2255 = VERTEX_POINT('',#2256);
#2256 = CARTESIAN_POINT('',(341.09622192382,-16.39999961853,
    113.77365112304));
#2257 = LINE('',#2258,#2259);
#2258 = CARTESIAN_POINT('',(341.54864501953,-16.39999961853,
    113.29718780517));
#2259 = VECTOR('',#2260,1.);
#2260 = DIRECTION('',(-0.688575800205,0.,0.725164372658));
#2261 = ORIENTED_EDGE('',*,*,#2262,.T.);
#2262 = EDGE_CURVE('',#2255,#2263,#2265,.T.);
#2263 = VERTEX_POINT('',#2264);
#2264 = CARTESIAN_POINT('',(340.51876831054,-16.39999961853,
    114.08701324462));
#2265 = LINE('',#2266,#2267);
#2266 = CARTESIAN_POINT('',(341.09622192382,-16.39999961853,
    113.77365112304));
#2267 = VECTOR('',#2268,1.);
#2268 = DIRECTION('',(-0.878925344369,0.,0.476959368318));
#2269 = ORIENTED_EDGE('',*,*,#2270,.T.);
#2270 = EDGE_CURVE('',#2263,#2271,#2273,.T.);
#2271 = VERTEX_POINT('',#2272);
#2272 = CARTESIAN_POINT('',(340.26849365234,-16.39999961853,
    114.15843963623));
#2273 = LINE('',#2274,#2275);
#2274 = CARTESIAN_POINT('',(340.51876831054,-16.39999961853,
    114.08701324462));
#2275 = VECTOR('',#2276,1.);
#2276 = DIRECTION('',(-0.961605762009,0.,0.27443461602));
#2277 = ORIENTED_EDGE('',*,*,#2278,.T.);
#2278 = EDGE_CURVE('',#2271,#2279,#2281,.T.);
#2279 = VERTEX_POINT('',#2280);
#2280 = CARTESIAN_POINT('',(337.13647460937,-16.39999961853,
    115.90003204345));
#2281 = LINE('',#2282,#2283);
#2282 = CARTESIAN_POINT('',(340.26849365234,-16.39999961853,
    114.15843963623));
#2283 = VECTOR('',#2284,1.);
#2284 = DIRECTION('',(-0.873969824722,0.,0.485980190414));
#2285 = ORIENTED_EDGE('',*,*,#2286,.T.);
#2286 = EDGE_CURVE('',#2279,#2287,#2289,.T.);
#2287 = VERTEX_POINT('',#2288);
#2288 = CARTESIAN_POINT('',(336.77233886718,-16.39999961853,
    116.14865875244));
#2289 = LINE('',#2290,#2291);
#2290 = CARTESIAN_POINT('',(337.13647460937,-16.39999961853,
    115.90003204345));
#2291 = VECTOR('',#2292,1.);
#2292 = DIRECTION('',(-0.825855225696,0.,0.5638822095));
#2293 = ORIENTED_EDGE('',*,*,#2294,.T.);
#2294 = EDGE_CURVE('',#2287,#2295,#2297,.T.);
#2295 = VERTEX_POINT('',#2296);
#2296 = CARTESIAN_POINT('',(336.44674682617,-16.39999961853,
    116.44738769531));
#2297 = LINE('',#2298,#2299);
#2298 = CARTESIAN_POINT('',(336.77233886718,-16.39999961853,
    116.14865875244));
#2299 = VECTOR('',#2300,1.);
#2300 = DIRECTION('',(-0.736850181433,0.,0.67605607025));
#2301 = ORIENTED_EDGE('',*,*,#2302,.T.);
#2302 = EDGE_CURVE('',#2295,#2303,#2305,.T.);
#2303 = VERTEX_POINT('',#2304);
#2304 = CARTESIAN_POINT('',(336.96310424804,-16.39999961853,
    116.84090423584));
#2305 = LINE('',#2306,#2307);
#2306 = CARTESIAN_POINT('',(336.44674682617,-16.39999961853,
    116.44738769531));
#2307 = VECTOR('',#2308,1.);
#2308 = DIRECTION('',(0.795356448933,0.,0.606141995856));
#2309 = ORIENTED_EDGE('',*,*,#2310,.T.);
#2310 = EDGE_CURVE('',#2303,#2311,#2313,.T.);
#2311 = VERTEX_POINT('',#2312);
#2312 = CARTESIAN_POINT('',(338.15353393554,-16.39999961853,
    117.38046264648));
#2313 = LINE('',#2314,#2315);
#2314 = CARTESIAN_POINT('',(336.96310424804,-16.39999961853,
    116.84090423584));
#2315 = VECTOR('',#2316,1.);
#2316 = DIRECTION('',(0.910811546452,0.,0.412822391411));
#2317 = ORIENTED_EDGE('',*,*,#2318,.T.);
#2318 = EDGE_CURVE('',#2311,#2319,#2321,.T.);
#2319 = VERTEX_POINT('',#2320);
#2320 = CARTESIAN_POINT('',(339.54946899414,-16.39999961853,
    117.56895446777));
#2321 = LINE('',#2322,#2323);
#2322 = CARTESIAN_POINT('',(338.15353393554,-16.39999961853,
    117.38046264648));
#2323 = VECTOR('',#2324,1.);
#2324 = DIRECTION('',(0.991006373711,0.,0.133814675074));
#2325 = ORIENTED_EDGE('',*,*,#2326,.T.);
#2326 = EDGE_CURVE('',#2319,#2327,#2329,.T.);
#2327 = VERTEX_POINT('',#2328);
#2328 = CARTESIAN_POINT('',(340.95825195312,-16.39999961853,
    117.34099578857));
#2329 = LINE('',#2330,#2331);
#2330 = CARTESIAN_POINT('',(339.54946899414,-16.39999961853,
    117.56895446777));
#2331 = VECTOR('',#2332,1.);
#2332 = DIRECTION('',(0.987159961635,0.,-0.159734811936));
#2333 = ORIENTED_EDGE('',*,*,#2334,.T.);
#2334 = EDGE_CURVE('',#2327,#2335,#2337,.T.);
#2335 = VERTEX_POINT('',#2336);
#2336 = CARTESIAN_POINT('',(342.29858398437,-16.39999961853,
    116.73532104492));
#2337 = LINE('',#2338,#2339);
#2338 = CARTESIAN_POINT('',(340.95825195312,-16.39999961853,
    117.34099578857));
#2339 = VECTOR('',#2340,1.);
#2340 = DIRECTION('',(0.911277871431,0.,-0.411791987587));
#2341 = ORIENTED_EDGE('',*,*,#2342,.T.);
#2342 = EDGE_CURVE('',#2335,#2343,#2345,.T.);
#2343 = VERTEX_POINT('',#2344);
#2344 = CARTESIAN_POINT('',(343.95474243164,-16.39999961853,
    115.51921844482));
#2345 = LINE('',#2346,#2347);
#2346 = CARTESIAN_POINT('',(342.29858398437,-16.39999961853,
    116.73532104492));
#2347 = VECTOR('',#2348,1.);
#2348 = DIRECTION('',(0.806036647053,0.,-0.591865629689));
#2349 = ORIENTED_EDGE('',*,*,#2350,.T.);
#2350 = EDGE_CURVE('',#2343,#2351,#2353,.T.);
#2351 = VERTEX_POINT('',#2352);
#2352 = CARTESIAN_POINT('',(345.95892333984,-16.39999961853,
    113.50872039794));
#2353 = LINE('',#2354,#2355);
#2354 = CARTESIAN_POINT('',(343.95474243164,-16.39999961853,
    115.51921844482));
#2355 = VECTOR('',#2356,1.);
#2356 = DIRECTION('',(0.70599326739,0.,-0.708218544236));
#2357 = ORIENTED_EDGE('',*,*,#2358,.T.);
#2358 = EDGE_CURVE('',#2351,#2053,#2359,.T.);
#2359 = LINE('',#2360,#2361);
#2360 = CARTESIAN_POINT('',(345.95892333984,-16.39999961853,
    113.50872039794));
#2361 = VECTOR('',#2362,1.);
#2362 = DIRECTION('',(0.657506697889,0.,-0.753448699137));
#2363 = PLANE('',#2364);
#2364 = AXIS2_PLACEMENT_3D('',#2365,#2366,#2367);
#2365 = CARTESIAN_POINT('',(340.27039662819,-16.39999961853,
    111.05141577383));
#2366 = DIRECTION('',(0.,1.,0.));
#2367 = DIRECTION('',(0.,-0.,1.));
#2368 = ADVANCED_FACE('',(#2369),#2393,.F.);
#2369 = FACE_BOUND('',#2370,.F.);
#2370 = EDGE_LOOP('',(#2371,#2379,#2387));
#2371 = ORIENTED_EDGE('',*,*,#2372,.F.);
#2372 = EDGE_CURVE('',#2063,#2373,#2375,.T.);
#2373 = VERTEX_POINT('',#2374);
#2374 = CARTESIAN_POINT('',(349.36999511718,-24.5,96.922286987305));
#2375 = LINE('',#2376,#2377);
#2376 = CARTESIAN_POINT('',(336.8201599121,-16.39999961853,
    105.4921798706));
#2377 = VECTOR('',#2378,1.);
#2378 = DIRECTION('',(0.728765842462,-0.47036502914,-0.497651571104));
#2379 = ORIENTED_EDGE('',*,*,#2380,.F.);
#2380 = EDGE_CURVE('',#2381,#2063,#2383,.T.);
#2381 = VERTEX_POINT('',#2382);
#2382 = CARTESIAN_POINT('',(334.2744140625,-24.5,107.23052978515));
#2383 = LINE('',#2384,#2385);
#2384 = CARTESIAN_POINT('',(334.2744140625,-24.5,107.23052978515));
#2385 = VECTOR('',#2386,1.);
#2386 = DIRECTION('',(0.293736821325,0.934605614754,-0.200576730127));
#2387 = ORIENTED_EDGE('',*,*,#2388,.F.);
#2388 = EDGE_CURVE('',#2373,#2381,#2389,.T.);
#2389 = LINE('',#2390,#2391);
#2390 = CARTESIAN_POINT('',(349.36999511718,-24.5,96.922286987305));
#2391 = VECTOR('',#2392,1.);
#2392 = DIRECTION('',(-0.825824790402,0.,0.56392678209));
#2393 = PLANE('',#2394);
#2394 = AXIS2_PLACEMENT_3D('',#2395,#2396,#2397);
#2395 = CARTESIAN_POINT('',(341.08718533775,-22.12618027373,
    102.57834208908));
#2396 = DIRECTION('',(0.563926782082,-5.161871356057E-06,0.825824790391)
  );
#2397 = DIRECTION('',(0.825824790402,-4.235164736272E-22,-0.56392678209)
  );
#2398 = ADVANCED_FACE('',(#2399),#2409,.F.);
#2399 = FACE_BOUND('',#2400,.F.);
#2400 = EDGE_LOOP('',(#2401,#2402,#2408));
#2401 = ORIENTED_EDGE('',*,*,#2070,.F.);
#2402 = ORIENTED_EDGE('',*,*,#2403,.F.);
#2403 = EDGE_CURVE('',#2381,#2071,#2404,.T.);
#2404 = LINE('',#2405,#2406);
#2405 = CARTESIAN_POINT('',(334.2744140625,-24.5,107.23052978515));
#2406 = VECTOR('',#2407,1.);
#2407 = DIRECTION('',(0.,1.,0.));
#2408 = ORIENTED_EDGE('',*,*,#2380,.T.);
#2409 = PLANE('',#2410);
#2410 = AXIS2_PLACEMENT_3D('',#2411,#2412,#2413);
#2411 = CARTESIAN_POINT('',(335.02786216369,-19.82102860516,
    106.71604148989));
#2412 = DIRECTION('',(0.563915581032,0.,0.8258324391));
#2413 = DIRECTION('',(0.8258324391,0.,-0.563915581032));
#2414 = ADVANCED_FACE('',(#2415),#2433,.T.);
#2415 = FACE_BOUND('',#2416,.T.);
#2416 = EDGE_LOOP('',(#2417,#2418,#2419,#2427));
#2417 = ORIENTED_EDGE('',*,*,#641,.T.);
#2418 = ORIENTED_EDGE('',*,*,#2038,.F.);
#2419 = ORIENTED_EDGE('',*,*,#2420,.F.);
#2420 = EDGE_CURVE('',#2421,#2031,#2423,.T.);
#2421 = VERTEX_POINT('',#2422);
#2422 = CARTESIAN_POINT('',(355.00692749023,16.39999961853,
    94.383720397949));
#2423 = LINE('',#2424,#2425);
#2424 = CARTESIAN_POINT('',(355.00692749023,25.89999961853,
    94.383720397949));
#2425 = VECTOR('',#2426,1.);
#2426 = DIRECTION('',(0.,-1.,0.));
#2427 = ORIENTED_EDGE('',*,*,#2428,.T.);
#2428 = EDGE_CURVE('',#2421,#642,#2429,.T.);
#2429 = LINE('',#2430,#2431);
#2430 = CARTESIAN_POINT('',(353.88145078356,16.39999961853,
    95.209645923762));
#2431 = VECTOR('',#2432,1.);
#2432 = DIRECTION('',(-0.806208209498,0.,0.591631915078));
#2433 = PLANE('',#2434);
#2434 = AXIS2_PLACEMENT_3D('',#2435,#2436,#2437);
#2435 = CARTESIAN_POINT('',(353.2730102539,-5.74540988814E-16,
    95.656147003174));
#2436 = DIRECTION('',(0.591631915078,0.,0.806208209498));
#2437 = DIRECTION('',(0.806208209498,0.,-0.591631915078));
#2438 = ADVANCED_FACE('',(#2439),#2456,.T.);
#2439 = FACE_BOUND('',#2440,.T.);
#2440 = EDGE_LOOP('',(#2441,#2442,#2443,#2444,#2445,#2446,#2447,#2448,
    #2449,#2450,#2451,#2452,#2453,#2454,#2455));
#2441 = ORIENTED_EDGE('',*,*,#316,.F.);
#2442 = ORIENTED_EDGE('',*,*,#369,.F.);
#2443 = ORIENTED_EDGE('',*,*,#617,.F.);
#2444 = ORIENTED_EDGE('',*,*,#595,.F.);
#2445 = ORIENTED_EDGE('',*,*,#564,.F.);
#2446 = ORIENTED_EDGE('',*,*,#533,.F.);
#2447 = ORIENTED_EDGE('',*,*,#502,.F.);
#2448 = ORIENTED_EDGE('',*,*,#471,.F.);
#2449 = ORIENTED_EDGE('',*,*,#424,.F.);
#2450 = ORIENTED_EDGE('',*,*,#393,.F.);
#2451 = ORIENTED_EDGE('',*,*,#656,.F.);
#2452 = ORIENTED_EDGE('',*,*,#188,.F.);
#2453 = ORIENTED_EDGE('',*,*,#157,.F.);
#2454 = ORIENTED_EDGE('',*,*,#276,.F.);
#2455 = ORIENTED_EDGE('',*,*,#338,.F.);
#2456 = PLANE('',#2457);
#2457 = AXIS2_PLACEMENT_3D('',#2458,#2459,#2460);
#2458 = CARTESIAN_POINT('',(351.24200158543,8.5,108.16745985171));
#2459 = DIRECTION('',(0.,1.,0.));
#2460 = DIRECTION('',(0.,-0.,1.));
#2461 = ADVANCED_FACE('',(#2462,#2477),#2499,.T.);
#2462 = FACE_BOUND('',#2463,.T.);
#2463 = EDGE_LOOP('',(#2464,#2465,#2466,#2467,#2468,#2469,#2470,#2471,
    #2472,#2473,#2474,#2475,#2476));
#2464 = ORIENTED_EDGE('',*,*,#300,.F.);
#2465 = ORIENTED_EDGE('',*,*,#331,.F.);
#2466 = ORIENTED_EDGE('',*,*,#260,.F.);
#2467 = ORIENTED_EDGE('',*,*,#663,.F.);
#2468 = ORIENTED_EDGE('',*,*,#409,.F.);
#2469 = ORIENTED_EDGE('',*,*,#440,.F.);
#2470 = ORIENTED_EDGE('',*,*,#464,.F.);
#2471 = ORIENTED_EDGE('',*,*,#495,.F.);
#2472 = ORIENTED_EDGE('',*,*,#526,.F.);
#2473 = ORIENTED_EDGE('',*,*,#557,.F.);
#2474 = ORIENTED_EDGE('',*,*,#588,.F.);
#2475 = ORIENTED_EDGE('',*,*,#610,.F.);
#2476 = ORIENTED_EDGE('',*,*,#353,.F.);
#2477 = FACE_BOUND('',#2478,.T.);
#2478 = EDGE_LOOP('',(#2479,#2480,#2481,#2482,#2483,#2484,#2485,#2486,
    #2487,#2488,#2489,#2490,#2491,#2492,#2493,#2494,#2495,#2496,#2497,
    #2498));
#2479 = ORIENTED_EDGE('',*,*,#1877,.T.);
#2480 = ORIENTED_EDGE('',*,*,#1901,.T.);
#2481 = ORIENTED_EDGE('',*,*,#1918,.T.);
#2482 = ORIENTED_EDGE('',*,*,#1460,.T.);
#2483 = ORIENTED_EDGE('',*,*,#1493,.T.);
#2484 = ORIENTED_EDGE('',*,*,#1517,.T.);
#2485 = ORIENTED_EDGE('',*,*,#1541,.T.);
#2486 = ORIENTED_EDGE('',*,*,#1565,.T.);
#2487 = ORIENTED_EDGE('',*,*,#1588,.T.);
#2488 = ORIENTED_EDGE('',*,*,#1612,.T.);
#2489 = ORIENTED_EDGE('',*,*,#1637,.T.);
#2490 = ORIENTED_EDGE('',*,*,#1660,.T.);
#2491 = ORIENTED_EDGE('',*,*,#1684,.T.);
#2492 = ORIENTED_EDGE('',*,*,#1708,.T.);
#2493 = ORIENTED_EDGE('',*,*,#1732,.T.);
#2494 = ORIENTED_EDGE('',*,*,#1756,.T.);
#2495 = ORIENTED_EDGE('',*,*,#1781,.T.);
#2496 = ORIENTED_EDGE('',*,*,#1804,.T.);
#2497 = ORIENTED_EDGE('',*,*,#1828,.T.);
#2498 = ORIENTED_EDGE('',*,*,#1852,.T.);
#2499 = PLANE('',#2500);
#2500 = AXIS2_PLACEMENT_3D('',#2501,#2502,#2503);
#2501 = CARTESIAN_POINT('',(350.91175630294,5.,108.13297256905));
#2502 = DIRECTION('',(-0.,-1.,-0.));
#2503 = DIRECTION('',(0.,0.,-1.));
#2504 = ADVANCED_FACE('',(#2505),#2534,.T.);
#2505 = FACE_BOUND('',#2506,.T.);
#2506 = EDGE_LOOP('',(#2507,#2508,#2509,#2510,#2511,#2512,#2520,#2528));
#2507 = ORIENTED_EDGE('',*,*,#1934,.F.);
#2508 = ORIENTED_EDGE('',*,*,#1145,.F.);
#2509 = ORIENTED_EDGE('',*,*,#1229,.F.);
#2510 = ORIENTED_EDGE('',*,*,#1207,.F.);
#2511 = ORIENTED_EDGE('',*,*,#2052,.F.);
#2512 = ORIENTED_EDGE('',*,*,#2513,.T.);
#2513 = EDGE_CURVE('',#2053,#2514,#2516,.T.);
#2514 = VERTEX_POINT('',#2515);
#2515 = CARTESIAN_POINT('',(346.36486816406,-27.,113.04354095459));
#2516 = LINE('',#2517,#2518);
#2517 = CARTESIAN_POINT('',(346.36486816406,-16.39999961853,
    113.04354095459));
#2518 = VECTOR('',#2519,1.);
#2519 = DIRECTION('',(0.,-1.,0.));
#2520 = ORIENTED_EDGE('',*,*,#2521,.F.);
#2521 = EDGE_CURVE('',#2522,#2514,#2524,.T.);
#2522 = VERTEX_POINT('',#2523);
#2523 = CARTESIAN_POINT('',(349.24114990234,-27.,109.40811920166));
#2524 = LINE('',#2525,#2526);
#2525 = CARTESIAN_POINT('',(349.24114990234,-27.,109.40811920166));
#2526 = VECTOR('',#2527,1.);
#2527 = DIRECTION('',(-0.62046946159,0.,0.784230608453));
#2528 = ORIENTED_EDGE('',*,*,#2529,.F.);
#2529 = EDGE_CURVE('',#1935,#2522,#2530,.T.);
#2530 = LINE('',#2531,#2532);
#2531 = CARTESIAN_POINT('',(349.24114990234,-16.39999961853,
    109.40811920166));
#2532 = VECTOR('',#2533,1.);
#2533 = DIRECTION('',(0.,-1.,0.));
#2534 = PLANE('',#2535);
#2535 = AXIS2_PLACEMENT_3D('',#2536,#2537,#2538);
#2536 = CARTESIAN_POINT('',(347.81409311438,-21.36209218139,
    111.21182056392));
#2537 = DIRECTION('',(0.784230608453,-1.584520089605E-15,0.62046946159)
  );
#2538 = DIRECTION('',(-0.62046946159,0.,0.784230608453));
#2539 = ADVANCED_FACE('',(#2540),#2583,.T.);
#2540 = FACE_BOUND('',#2541,.T.);
#2541 = EDGE_LOOP('',(#2542,#2552,#2558,#2559,#2560,#2561,#2569,#2577));
#2542 = ORIENTED_EDGE('',*,*,#2543,.T.);
#2543 = EDGE_CURVE('',#2544,#2546,#2548,.T.);
#2544 = VERTEX_POINT('',#2545);
#2545 = CARTESIAN_POINT('',(346.36486816406,27.,113.04354095459));
#2546 = VERTEX_POINT('',#2547);
#2547 = CARTESIAN_POINT('',(346.36486816406,16.39999961853,
    113.04354095459));
#2548 = LINE('',#2549,#2550);
#2549 = CARTESIAN_POINT('',(346.36486816406,27.,113.04354095459));
#2550 = VECTOR('',#2551,1.);
#2551 = DIRECTION('',(0.,-1.,0.));
#2552 = ORIENTED_EDGE('',*,*,#2553,.T.);
#2553 = EDGE_CURVE('',#2546,#135,#2554,.T.);
#2554 = LINE('',#2555,#2556);
#2555 = CARTESIAN_POINT('',(346.36486816406,16.39999961853,
    113.04354095459));
#2556 = VECTOR('',#2557,1.);
#2557 = DIRECTION('',(0.62046946159,0.,-0.784230608453));
#2558 = ORIENTED_EDGE('',*,*,#134,.T.);
#2559 = ORIENTED_EDGE('',*,*,#237,.T.);
#2560 = ORIENTED_EDGE('',*,*,#212,.T.);
#2561 = ORIENTED_EDGE('',*,*,#2562,.T.);
#2562 = EDGE_CURVE('',#205,#2563,#2565,.T.);
#2563 = VERTEX_POINT('',#2564);
#2564 = CARTESIAN_POINT('',(349.24114990234,16.39999961853,
    109.40811920166));
#2565 = LINE('',#2566,#2567);
#2566 = CARTESIAN_POINT('',(346.36486816406,16.39999961853,
    113.04354095459));
#2567 = VECTOR('',#2568,1.);
#2568 = DIRECTION('',(0.62046946159,0.,-0.784230608453));
#2569 = ORIENTED_EDGE('',*,*,#2570,.F.);
#2570 = EDGE_CURVE('',#2571,#2563,#2573,.T.);
#2571 = VERTEX_POINT('',#2572);
#2572 = CARTESIAN_POINT('',(349.24114990234,27.,109.40811920166));
#2573 = LINE('',#2574,#2575);
#2574 = CARTESIAN_POINT('',(349.24114990234,27.,109.40811920166));
#2575 = VECTOR('',#2576,1.);
#2576 = DIRECTION('',(0.,-1.,0.));
#2577 = ORIENTED_EDGE('',*,*,#2578,.T.);
#2578 = EDGE_CURVE('',#2571,#2544,#2579,.T.);
#2579 = LINE('',#2580,#2581);
#2580 = CARTESIAN_POINT('',(349.24114990234,27.,109.40811920166));
#2581 = VECTOR('',#2582,1.);
#2582 = DIRECTION('',(-0.62046946159,0.,0.784230608453));
#2583 = PLANE('',#2584);
#2584 = AXIS2_PLACEMENT_3D('',#2585,#2586,#2587);
#2585 = CARTESIAN_POINT('',(347.81409311438,21.362092181398,
    111.21182056392));
#2586 = DIRECTION('',(0.784230608453,0.,0.62046946159));
#2587 = DIRECTION('',(-0.62046946159,0.,0.784230608453));
#2588 = ADVANCED_FACE('',(#2589),#2607,.T.);
#2589 = FACE_BOUND('',#2590,.T.);
#2590 = EDGE_LOOP('',(#2591,#2599,#2605,#2606));
#2591 = ORIENTED_EDGE('',*,*,#2592,.F.);
#2592 = EDGE_CURVE('',#2593,#672,#2595,.T.);
#2593 = VERTEX_POINT('',#2594);
#2594 = CARTESIAN_POINT('',(336.8201599121,16.39999961853,105.4921798706
    ));
#2595 = LINE('',#2596,#2597);
#2596 = CARTESIAN_POINT('',(336.8201599121,16.39999961853,105.4921798706
    ));
#2597 = VECTOR('',#2598,1.);
#2598 = DIRECTION('',(0.999663856031,0.,-2.592633688937E-02));
#2599 = ORIENTED_EDGE('',*,*,#2600,.F.);
#2600 = EDGE_CURVE('',#2063,#2593,#2601,.T.);
#2601 = LINE('',#2602,#2603);
#2602 = CARTESIAN_POINT('',(336.8201599121,-16.39999961853,
    105.4921798706));
#2603 = VECTOR('',#2604,1.);
#2604 = DIRECTION('',(0.,1.,0.));
#2605 = ORIENTED_EDGE('',*,*,#2062,.T.);
#2606 = ORIENTED_EDGE('',*,*,#679,.T.);
#2607 = PLANE('',#2608);
#2608 = AXIS2_PLACEMENT_3D('',#2609,#2610,#2611);
#2609 = CARTESIAN_POINT('',(338.91261291503,0.,105.4379119873));
#2610 = DIRECTION('',(2.592633688937E-02,0.,0.999663856031));
#2611 = DIRECTION('',(0.999663856031,0.,-2.592633688937E-02));
#2612 = ADVANCED_FACE('',(#2613),#2913,.T.);
#2613 = FACE_BOUND('',#2614,.T.);
#2614 = EDGE_LOOP('',(#2615,#2616,#2617,#2618,#2626,#2634,#2642,#2650,
    #2658,#2666,#2674,#2682,#2690,#2698,#2706,#2714,#2722,#2730,#2738,
    #2746,#2754,#2762,#2770,#2778,#2786,#2794,#2802,#2810,#2818,#2826,
    #2834,#2842,#2850,#2858,#2866,#2874,#2882,#2890,#2898,#2906,#2912));
#2615 = ORIENTED_EDGE('',*,*,#671,.T.);
#2616 = ORIENTED_EDGE('',*,*,#142,.T.);
#2617 = ORIENTED_EDGE('',*,*,#2553,.F.);
#2618 = ORIENTED_EDGE('',*,*,#2619,.F.);
#2619 = EDGE_CURVE('',#2620,#2546,#2622,.T.);
#2620 = VERTEX_POINT('',#2621);
#2621 = CARTESIAN_POINT('',(345.95892333984,16.39999961853,
    113.50872039794));
#2622 = LINE('',#2623,#2624);
#2623 = CARTESIAN_POINT('',(345.95892333984,16.39999961853,
    113.50872039794));
#2624 = VECTOR('',#2625,1.);
#2625 = DIRECTION('',(0.657506697889,0.,-0.753448699137));
#2626 = ORIENTED_EDGE('',*,*,#2627,.F.);
#2627 = EDGE_CURVE('',#2628,#2620,#2630,.T.);
#2628 = VERTEX_POINT('',#2629);
#2629 = CARTESIAN_POINT('',(343.95474243164,16.39999961853,
    115.51921844482));
#2630 = LINE('',#2631,#2632);
#2631 = CARTESIAN_POINT('',(343.95474243164,16.39999961853,
    115.51921844482));
#2632 = VECTOR('',#2633,1.);
#2633 = DIRECTION('',(0.70599326739,0.,-0.708218544236));
#2634 = ORIENTED_EDGE('',*,*,#2635,.F.);
#2635 = EDGE_CURVE('',#2636,#2628,#2638,.T.);
#2636 = VERTEX_POINT('',#2637);
#2637 = CARTESIAN_POINT('',(342.29858398437,16.39999961853,
    116.73532104492));
#2638 = LINE('',#2639,#2640);
#2639 = CARTESIAN_POINT('',(342.29858398437,16.39999961853,
    116.73532104492));
#2640 = VECTOR('',#2641,1.);
#2641 = DIRECTION('',(0.806036647053,0.,-0.591865629689));
#2642 = ORIENTED_EDGE('',*,*,#2643,.F.);
#2643 = EDGE_CURVE('',#2644,#2636,#2646,.T.);
#2644 = VERTEX_POINT('',#2645);
#2645 = CARTESIAN_POINT('',(340.95825195312,16.39999961853,
    117.34099578857));
#2646 = LINE('',#2647,#2648);
#2647 = CARTESIAN_POINT('',(340.95825195312,16.39999961853,
    117.34099578857));
#2648 = VECTOR('',#2649,1.);
#2649 = DIRECTION('',(0.911277871431,0.,-0.411791987587));
#2650 = ORIENTED_EDGE('',*,*,#2651,.F.);
#2651 = EDGE_CURVE('',#2652,#2644,#2654,.T.);
#2652 = VERTEX_POINT('',#2653);
#2653 = CARTESIAN_POINT('',(339.54946899414,16.39999961853,
    117.56895446777));
#2654 = LINE('',#2655,#2656);
#2655 = CARTESIAN_POINT('',(339.54946899414,16.39999961853,
    117.56895446777));
#2656 = VECTOR('',#2657,1.);
#2657 = DIRECTION('',(0.987159961635,0.,-0.159734811936));
#2658 = ORIENTED_EDGE('',*,*,#2659,.F.);
#2659 = EDGE_CURVE('',#2660,#2652,#2662,.T.);
#2660 = VERTEX_POINT('',#2661);
#2661 = CARTESIAN_POINT('',(338.15353393554,16.39999961853,
    117.38046264648));
#2662 = LINE('',#2663,#2664);
#2663 = CARTESIAN_POINT('',(338.15353393554,16.39999961853,
    117.38046264648));
#2664 = VECTOR('',#2665,1.);
#2665 = DIRECTION('',(0.991006373711,0.,0.133814675074));
#2666 = ORIENTED_EDGE('',*,*,#2667,.F.);
#2667 = EDGE_CURVE('',#2668,#2660,#2670,.T.);
#2668 = VERTEX_POINT('',#2669);
#2669 = CARTESIAN_POINT('',(336.96310424804,16.39999961853,
    116.84090423584));
#2670 = LINE('',#2671,#2672);
#2671 = CARTESIAN_POINT('',(336.96310424804,16.39999961853,
    116.84090423584));
#2672 = VECTOR('',#2673,1.);
#2673 = DIRECTION('',(0.910811546452,0.,0.412822391411));
#2674 = ORIENTED_EDGE('',*,*,#2675,.F.);
#2675 = EDGE_CURVE('',#2676,#2668,#2678,.T.);
#2676 = VERTEX_POINT('',#2677);
#2677 = CARTESIAN_POINT('',(336.44674682617,16.39999961853,
    116.44738769531));
#2678 = LINE('',#2679,#2680);
#2679 = CARTESIAN_POINT('',(336.44674682617,16.39999961853,
    116.44738769531));
#2680 = VECTOR('',#2681,1.);
#2681 = DIRECTION('',(0.795356448933,0.,0.606141995856));
#2682 = ORIENTED_EDGE('',*,*,#2683,.F.);
#2683 = EDGE_CURVE('',#2684,#2676,#2686,.T.);
#2684 = VERTEX_POINT('',#2685);
#2685 = CARTESIAN_POINT('',(336.77233886718,16.39999961853,
    116.14865875244));
#2686 = LINE('',#2687,#2688);
#2687 = CARTESIAN_POINT('',(336.77233886718,16.39999961853,
    116.14865875244));
#2688 = VECTOR('',#2689,1.);
#2689 = DIRECTION('',(-0.736850181433,0.,0.67605607025));
#2690 = ORIENTED_EDGE('',*,*,#2691,.F.);
#2691 = EDGE_CURVE('',#2692,#2684,#2694,.T.);
#2692 = VERTEX_POINT('',#2693);
#2693 = CARTESIAN_POINT('',(337.13647460937,16.39999961853,
    115.90003204345));
#2694 = LINE('',#2695,#2696);
#2695 = CARTESIAN_POINT('',(337.13647460937,16.39999961853,
    115.90003204345));
#2696 = VECTOR('',#2697,1.);
#2697 = DIRECTION('',(-0.825855225696,0.,0.5638822095));
#2698 = ORIENTED_EDGE('',*,*,#2699,.F.);
#2699 = EDGE_CURVE('',#2700,#2692,#2702,.T.);
#2700 = VERTEX_POINT('',#2701);
#2701 = CARTESIAN_POINT('',(340.26849365234,16.39999961853,
    114.15843963623));
#2702 = LINE('',#2703,#2704);
#2703 = CARTESIAN_POINT('',(340.26849365234,16.39999961853,
    114.15843963623));
#2704 = VECTOR('',#2705,1.);
#2705 = DIRECTION('',(-0.873969824722,0.,0.485980190414));
#2706 = ORIENTED_EDGE('',*,*,#2707,.F.);
#2707 = EDGE_CURVE('',#2708,#2700,#2710,.T.);
#2708 = VERTEX_POINT('',#2709);
#2709 = CARTESIAN_POINT('',(340.51876831054,16.39999961853,
    114.08701324462));
#2710 = LINE('',#2711,#2712);
#2711 = CARTESIAN_POINT('',(340.51876831054,16.39999961853,
    114.08701324462));
#2712 = VECTOR('',#2713,1.);
#2713 = DIRECTION('',(-0.961605762009,0.,0.27443461602));
#2714 = ORIENTED_EDGE('',*,*,#2715,.F.);
#2715 = EDGE_CURVE('',#2716,#2708,#2718,.T.);
#2716 = VERTEX_POINT('',#2717);
#2717 = CARTESIAN_POINT('',(341.09622192382,16.39999961853,
    113.77365112304));
#2718 = LINE('',#2719,#2720);
#2719 = CARTESIAN_POINT('',(341.09622192382,16.39999961853,
    113.77365112304));
#2720 = VECTOR('',#2721,1.);
#2721 = DIRECTION('',(-0.878925344369,0.,0.476959368318));
#2722 = ORIENTED_EDGE('',*,*,#2723,.F.);
#2723 = EDGE_CURVE('',#2724,#2716,#2726,.T.);
#2724 = VERTEX_POINT('',#2725);
#2725 = CARTESIAN_POINT('',(341.54864501953,16.39999961853,
    113.29718780517));
#2726 = LINE('',#2727,#2728);
#2727 = CARTESIAN_POINT('',(341.54864501953,16.39999961853,
    113.29718780517));
#2728 = VECTOR('',#2729,1.);
#2729 = DIRECTION('',(-0.688575800205,0.,0.725164372658));
#2730 = ORIENTED_EDGE('',*,*,#2731,.F.);
#2731 = EDGE_CURVE('',#2732,#2724,#2734,.T.);
#2732 = VERTEX_POINT('',#2733);
#2733 = CARTESIAN_POINT('',(341.83166503906,16.39999961853,
    112.70419311523));
#2734 = LINE('',#2735,#2736);
#2735 = CARTESIAN_POINT('',(341.83166503906,16.39999961853,
    112.70419311523));
#2736 = VECTOR('',#2737,1.);
#2737 = DIRECTION('',(-0.430729371283,0.,0.902481140365));
#2738 = ORIENTED_EDGE('',*,*,#2739,.F.);
#2739 = EDGE_CURVE('',#2740,#2732,#2742,.T.);
#2740 = VERTEX_POINT('',#2741);
#2741 = CARTESIAN_POINT('',(341.9175415039,16.39999961853,
    112.05285644531));
#2742 = LINE('',#2743,#2744);
#2743 = CARTESIAN_POINT('',(341.9175415039,16.39999961853,
    112.05285644531));
#2744 = VECTOR('',#2745,1.);
#2745 = DIRECTION('',(-0.130715257704,0.,0.991419952091));
#2746 = ORIENTED_EDGE('',*,*,#2747,.F.);
#2747 = EDGE_CURVE('',#2748,#2740,#2750,.T.);
#2748 = VERTEX_POINT('',#2749);
#2749 = CARTESIAN_POINT('',(341.79797363281,16.39999961853,
    111.40677642822));
#2750 = LINE('',#2751,#2752);
#2751 = CARTESIAN_POINT('',(341.79797363281,16.39999961853,
    111.40677642822));
#2752 = VECTOR('',#2753,1.);
#2753 = DIRECTION('',(0.181976577445,0.,0.98330286548));
#2754 = ORIENTED_EDGE('',*,*,#2755,.F.);
#2755 = EDGE_CURVE('',#2756,#2748,#2758,.T.);
#2756 = VERTEX_POINT('',#2757);
#2757 = CARTESIAN_POINT('',(341.48461914062,16.39999961853,
    110.82932281494));
#2758 = LINE('',#2759,#2760);
#2759 = CARTESIAN_POINT('',(341.48461914062,16.39999961853,
    110.82932281494));
#2760 = VECTOR('',#2761,1.);
#2761 = DIRECTION('',(0.47695039749,0.,0.878930212437));
#2762 = ORIENTED_EDGE('',*,*,#2763,.F.);
#2763 = EDGE_CURVE('',#2764,#2756,#2766,.T.);
#2764 = VERTEX_POINT('',#2765);
#2765 = CARTESIAN_POINT('',(341.00814819335,16.39999961853,
    110.37689208984));
#2766 = LINE('',#2767,#2768);
#2767 = CARTESIAN_POINT('',(341.00814819335,16.39999961853,
    110.37689208984));
#2768 = VECTOR('',#2769,1.);
#2769 = DIRECTION('',(0.725164080116,0.,0.688576108291));
#2770 = ORIENTED_EDGE('',*,*,#2771,.T.);
#2771 = EDGE_CURVE('',#2764,#2772,#2774,.T.);
#2772 = VERTEX_POINT('',#2773);
#2773 = CARTESIAN_POINT('',(340.41525268554,16.39999961853,
    110.0938796997));
#2774 = LINE('',#2775,#2776);
#2775 = CARTESIAN_POINT('',(341.00814819335,16.39999961853,
    110.37689208984));
#2776 = VECTOR('',#2777,1.);
#2777 = DIRECTION('',(-0.90245764465,0.,-0.430778596977));
#2778 = ORIENTED_EDGE('',*,*,#2779,.F.);
#2779 = EDGE_CURVE('',#2780,#2772,#2782,.T.);
#2780 = VERTEX_POINT('',#2781);
#2781 = CARTESIAN_POINT('',(339.76382446289,16.39999961853,
    110.00799560546));
#2782 = LINE('',#2783,#2784);
#2783 = CARTESIAN_POINT('',(339.76382446289,16.39999961853,
    110.00799560546));
#2784 = VECTOR('',#2785,1.);
#2785 = DIRECTION('',(0.991420828073,0.,0.130708613577));
#2786 = ORIENTED_EDGE('',*,*,#2787,.F.);
#2787 = EDGE_CURVE('',#2788,#2780,#2790,.T.);
#2788 = VERTEX_POINT('',#2789);
#2789 = CARTESIAN_POINT('',(339.11782836914,16.39999961853,
    110.12747192382));
#2790 = LINE('',#2791,#2792);
#2791 = CARTESIAN_POINT('',(339.11782836914,16.39999961853,
    110.12747192382));
#2792 = VECTOR('',#2793,1.);
#2793 = DIRECTION('',(0.983323565523,0.,-0.181864690052));
#2794 = ORIENTED_EDGE('',*,*,#2795,.F.);
#2795 = EDGE_CURVE('',#2796,#2788,#2798,.T.);
#2796 = VERTEX_POINT('',#2797);
#2797 = CARTESIAN_POINT('',(338.75268554687,16.39999961853,110.297706604
    ));
#2798 = LINE('',#2799,#2800);
#2799 = CARTESIAN_POINT('',(338.75268554687,16.39999961853,110.297706604
    ));
#2800 = VECTOR('',#2801,1.);
#2801 = DIRECTION('',(0.906340312435,0.,-0.42254850379));
#2802 = ORIENTED_EDGE('',*,*,#2803,.F.);
#2803 = EDGE_CURVE('',#2804,#2796,#2806,.T.);
#2804 = VERTEX_POINT('',#2805);
#2805 = CARTESIAN_POINT('',(335.29272460937,16.39999961853,
    112.33504486084));
#2806 = LINE('',#2807,#2808);
#2807 = CARTESIAN_POINT('',(335.29272460937,16.39999961853,
    112.33504486084));
#2808 = VECTOR('',#2809,1.);
#2809 = DIRECTION('',(0.861709145118,0.,-0.507402551453));
#2810 = ORIENTED_EDGE('',*,*,#2811,.F.);
#2811 = EDGE_CURVE('',#2812,#2804,#2814,.T.);
#2812 = VERTEX_POINT('',#2813);
#2813 = CARTESIAN_POINT('',(335.04202270507,16.39999961853,
    112.45018005371));
#2814 = LINE('',#2815,#2816);
#2815 = CARTESIAN_POINT('',(335.04202270507,16.39999961853,
    112.45018005371));
#2816 = VECTOR('',#2817,1.);
#2817 = DIRECTION('',(0.908748570503,0.,-0.417344025486));
#2818 = ORIENTED_EDGE('',*,*,#2819,.F.);
#2819 = EDGE_CURVE('',#2820,#2812,#2822,.T.);
#2820 = VERTEX_POINT('',#2821);
#2821 = CARTESIAN_POINT('',(334.78186035156,16.39999961853,
    112.54151153564));
#2822 = LINE('',#2823,#2824);
#2823 = CARTESIAN_POINT('',(334.78186035156,16.39999961853,
    112.54151153564));
#2824 = VECTOR('',#2825,1.);
#2825 = DIRECTION('',(0.943547344872,0.,-0.331237691069));
#2826 = ORIENTED_EDGE('',*,*,#2827,.F.);
#2827 = EDGE_CURVE('',#2828,#2820,#2830,.T.);
#2828 = VERTEX_POINT('',#2829);
#2829 = CARTESIAN_POINT('',(334.74990844726,16.39999961853,
    111.99111175537));
#2830 = LINE('',#2831,#2832);
#2831 = CARTESIAN_POINT('',(334.74990844726,16.39999961853,
    111.99111175537));
#2832 = VECTOR('',#2833,1.);
#2833 = DIRECTION('',(5.795460191653E-02,0.,0.998319219547));
#2834 = ORIENTED_EDGE('',*,*,#2835,.F.);
#2835 = EDGE_CURVE('',#2836,#2828,#2838,.T.);
#2836 = VERTEX_POINT('',#2837);
#2837 = CARTESIAN_POINT('',(334.83288574218,16.39999961853,
    110.12634277343));
#2838 = LINE('',#2839,#2840);
#2839 = CARTESIAN_POINT('',(334.83288574218,16.39999961853,
    110.12634277343));
#2840 = VECTOR('',#2841,1.);
#2841 = DIRECTION('',(-4.445337163597E-02,0.,0.99901146027));
#2842 = ORIENTED_EDGE('',*,*,#2843,.F.);
#2843 = EDGE_CURVE('',#2844,#2836,#2846,.T.);
#2844 = VERTEX_POINT('',#2845);
#2845 = CARTESIAN_POINT('',(335.24462890625,16.39999961853,
    108.70555114746));
#2846 = LINE('',#2847,#2848);
#2847 = CARTESIAN_POINT('',(335.24462890625,16.39999961853,
    108.70555114746));
#2848 = VECTOR('',#2849,1.);
#2849 = DIRECTION('',(-0.278345848764,0.,0.960480915207));
#2850 = ORIENTED_EDGE('',*,*,#2851,.F.);
#2851 = EDGE_CURVE('',#2852,#2844,#2854,.T.);
#2852 = VERTEX_POINT('',#2853);
#2853 = CARTESIAN_POINT('',(335.5083618164,16.39999961853,
    108.68968963623));
#2854 = LINE('',#2855,#2856);
#2855 = CARTESIAN_POINT('',(338.37243652343,16.39999961853,
    108.51718902587));
#2856 = VECTOR('',#2857,1.);
#2857 = DIRECTION('',(-0.998191586399,0.,6.011286753258E-02));
#2858 = ORIENTED_EDGE('',*,*,#2859,.T.);
#2859 = EDGE_CURVE('',#2852,#2860,#2862,.T.);
#2860 = VERTEX_POINT('',#2861);
#2861 = CARTESIAN_POINT('',(335.2395324707,16.39999961853,
    108.66940307617));
#2862 = LINE('',#2863,#2864);
#2863 = CARTESIAN_POINT('',(335.5083618164,16.39999961853,
    108.68968963623));
#2864 = VECTOR('',#2865,1.);
#2865 = DIRECTION('',(-0.99716480164,0.,-7.524864364741E-02));
#2866 = ORIENTED_EDGE('',*,*,#2867,.T.);
#2867 = EDGE_CURVE('',#2860,#2868,#2870,.T.);
#2868 = VERTEX_POINT('',#2869);
#2869 = CARTESIAN_POINT('',(334.98577880859,16.39999961853,
    108.57805633544));
#2870 = LINE('',#2871,#2872);
#2871 = CARTESIAN_POINT('',(335.2395324707,16.39999961853,
    108.66940307617));
#2872 = VECTOR('',#2873,1.);
#2873 = DIRECTION('',(-0.940892821122,0.,-0.338704442192));
#2874 = ORIENTED_EDGE('',*,*,#2875,.T.);
#2875 = EDGE_CURVE('',#2868,#2876,#2878,.T.);
#2876 = VERTEX_POINT('',#2877);
#2877 = CARTESIAN_POINT('',(334.76571655273,16.39999961853,
    108.42224884033));
#2878 = LINE('',#2879,#2880);
#2879 = CARTESIAN_POINT('',(334.98577880859,16.39999961853,
    108.57805633544));
#2880 = VECTOR('',#2881,1.);
#2881 = DIRECTION('',(-0.816146802772,0.,-0.577844612613));
#2882 = ORIENTED_EDGE('',*,*,#2883,.T.);
#2883 = EDGE_CURVE('',#2876,#2884,#2886,.T.);
#2884 = VERTEX_POINT('',#2885);
#2885 = CARTESIAN_POINT('',(334.59524536132,16.39999961853,
    108.21332550048));
#2886 = LINE('',#2887,#2888);
#2887 = CARTESIAN_POINT('',(334.76571655273,16.39999961853,
    108.42224884033));
#2888 = VECTOR('',#2889,1.);
#2889 = DIRECTION('',(-0.632201830155,0.,-0.774803746731));
#2890 = ORIENTED_EDGE('',*,*,#2891,.T.);
#2891 = EDGE_CURVE('',#2884,#2892,#2894,.T.);
#2892 = VERTEX_POINT('',#2893);
#2893 = CARTESIAN_POINT('',(334.48684692382,16.39999961853,
    107.96644592285));
#2894 = LINE('',#2895,#2896);
#2895 = CARTESIAN_POINT('',(334.59524536132,16.39999961853,
    108.21332550048));
#2896 = VECTOR('',#2897,1.);
#2897 = DIRECTION('',(-0.402028250576,0.,-0.915627263541));
#2898 = ORIENTED_EDGE('',*,*,#2899,.T.);
#2899 = EDGE_CURVE('',#2892,#2900,#2902,.T.);
#2900 = VERTEX_POINT('',#2901);
#2901 = CARTESIAN_POINT('',(334.2744140625,16.39999961853,
    107.23052978515));
#2902 = LINE('',#2903,#2904);
#2903 = CARTESIAN_POINT('',(334.48684692382,16.39999961853,
    107.96644592285));
#2904 = VECTOR('',#2905,1.);
#2905 = DIRECTION('',(-0.277340663502,0.,-0.960771646318));
#2906 = ORIENTED_EDGE('',*,*,#2907,.T.);
#2907 = EDGE_CURVE('',#2900,#2593,#2908,.T.);
#2908 = LINE('',#2909,#2910);
#2909 = CARTESIAN_POINT('',(334.2744140625,16.39999961853,
    107.23052978515));
#2910 = VECTOR('',#2911,1.);
#2911 = DIRECTION('',(0.8258324391,0.,-0.563915581032));
#2912 = ORIENTED_EDGE('',*,*,#2592,.T.);
#2913 = PLANE('',#2914);
#2914 = AXIS2_PLACEMENT_3D('',#2915,#2916,#2917);
#2915 = CARTESIAN_POINT('',(340.27039662819,16.39999961853,
    111.05141577383));
#2916 = DIRECTION('',(-0.,-1.,-0.));
#2917 = DIRECTION('',(0.,0.,-1.));
#2918 = ADVANCED_FACE('',(#2919),#2936,.F.);
#2919 = FACE_BOUND('',#2920,.F.);
#2920 = EDGE_LOOP('',(#2921,#2929,#2935));
#2921 = ORIENTED_EDGE('',*,*,#2922,.F.);
#2922 = EDGE_CURVE('',#2923,#2593,#2925,.T.);
#2923 = VERTEX_POINT('',#2924);
#2924 = CARTESIAN_POINT('',(334.2744140625,24.5,107.23052978515));
#2925 = LINE('',#2926,#2927);
#2926 = CARTESIAN_POINT('',(334.2744140625,24.5,107.23052978515));
#2927 = VECTOR('',#2928,1.);
#2928 = DIRECTION('',(0.293736821325,-0.934605614754,-0.200576730127));
#2929 = ORIENTED_EDGE('',*,*,#2930,.T.);
#2930 = EDGE_CURVE('',#2923,#2900,#2931,.T.);
#2931 = LINE('',#2932,#2933);
#2932 = CARTESIAN_POINT('',(334.2744140625,24.5,107.23052978515));
#2933 = VECTOR('',#2934,1.);
#2934 = DIRECTION('',(0.,-1.,0.));
#2935 = ORIENTED_EDGE('',*,*,#2907,.T.);
#2936 = PLANE('',#2937);
#2937 = AXIS2_PLACEMENT_3D('',#2938,#2939,#2940);
#2938 = CARTESIAN_POINT('',(335.02786216369,19.821028605163,
    106.71604148989));
#2939 = DIRECTION('',(0.563915581032,0.,0.8258324391));
#2940 = DIRECTION('',(0.8258324391,0.,-0.563915581032));
#2941 = ADVANCED_FACE('',(#2942),#2959,.F.);
#2942 = FACE_BOUND('',#2943,.F.);
#2943 = EDGE_LOOP('',(#2944,#2952,#2953));
#2944 = ORIENTED_EDGE('',*,*,#2945,.T.);
#2945 = EDGE_CURVE('',#2946,#2923,#2948,.T.);
#2946 = VERTEX_POINT('',#2947);
#2947 = CARTESIAN_POINT('',(349.36999511718,24.5,96.922286987305));
#2948 = LINE('',#2949,#2950);
#2949 = CARTESIAN_POINT('',(349.36999511718,24.5,96.922286987305));
#2950 = VECTOR('',#2951,1.);
#2951 = DIRECTION('',(-0.825824790402,0.,0.56392678209));
#2952 = ORIENTED_EDGE('',*,*,#2922,.T.);
#2953 = ORIENTED_EDGE('',*,*,#2954,.T.);
#2954 = EDGE_CURVE('',#2593,#2946,#2955,.T.);
#2955 = LINE('',#2956,#2957);
#2956 = CARTESIAN_POINT('',(336.8201599121,16.39999961853,105.4921798706
    ));
#2957 = VECTOR('',#2958,1.);
#2958 = DIRECTION('',(0.728765842462,0.47036502914,-0.497651571104));
#2959 = PLANE('',#2960);
#2960 = AXIS2_PLACEMENT_3D('',#2961,#2962,#2963);
#2961 = CARTESIAN_POINT('',(341.08718533776,22.12618027373,
    102.57834208908));
#2962 = DIRECTION('',(0.563926782082,5.161871356057E-06,0.825824790391)
  );
#2963 = DIRECTION('',(0.825824790402,4.235164736272E-22,-0.56392678209)
  );
#2964 = ADVANCED_FACE('',(#2965),#3065,.T.);
#2965 = FACE_BOUND('',#2966,.T.);
#2966 = EDGE_LOOP('',(#2967,#2968,#2969,#2970,#2978,#2986,#2994,#3002,
    #3010,#3018,#3026,#3034,#3042,#3050,#3058,#3064));
#2967 = ORIENTED_EDGE('',*,*,#204,.T.);
#2968 = ORIENTED_EDGE('',*,*,#649,.T.);
#2969 = ORIENTED_EDGE('',*,*,#2428,.F.);
#2970 = ORIENTED_EDGE('',*,*,#2971,.F.);
#2971 = EDGE_CURVE('',#2972,#2421,#2974,.T.);
#2972 = VERTEX_POINT('',#2973);
#2973 = CARTESIAN_POINT('',(355.04929870392,16.39999961853,
    94.346918362021));
#2974 = LINE('',#2975,#2976);
#2975 = CARTESIAN_POINT('',(354.64646252276,16.39999961853,
    94.696806654566));
#2976 = VECTOR('',#2977,1.);
#2977 = DIRECTION('',(-0.754980348208,0.,0.655747416174));
#2978 = ORIENTED_EDGE('',*,*,#2979,.T.);
#2979 = EDGE_CURVE('',#2972,#2980,#2982,.T.);
#2980 = VERTEX_POINT('',#2981);
#2981 = CARTESIAN_POINT('',(355.10205078125,16.39999961853,
    94.308120727539));
#2982 = LINE('',#2983,#2984);
#2983 = CARTESIAN_POINT('',(351.53909301757,16.39999961853,
    96.928573608398));
#2984 = VECTOR('',#2985,1.);
#2985 = DIRECTION('',(0.805582917685,0.,-0.592483048478));
#2986 = ORIENTED_EDGE('',*,*,#2987,.T.);
#2987 = EDGE_CURVE('',#2980,#2988,#2990,.T.);
#2988 = VERTEX_POINT('',#2989);
#2989 = CARTESIAN_POINT('',(355.58450139224,16.39999961853,
    93.882061520612));
#2990 = LINE('',#2991,#2992);
#2991 = CARTESIAN_POINT('',(355.10205078125,16.39999961853,
    94.308120727539));
#2992 = VECTOR('',#2993,1.);
#2993 = DIRECTION('',(0.749554533628,0.,-0.661942596543));
#2994 = ORIENTED_EDGE('',*,*,#2995,.F.);
#2995 = EDGE_CURVE('',#2996,#2988,#2998,.T.);
#2996 = VERTEX_POINT('',#2997);
#2997 = CARTESIAN_POINT('',(357.41030883789,16.39999961853,
    92.296234130859));
#2998 = LINE('',#2999,#3000);
#2999 = CARTESIAN_POINT('',(356.60897898176,16.39999961853,
    92.992238979076));
#3000 = VECTOR('',#3001,1.);
#3001 = DIRECTION('',(-0.754980348208,0.,0.655747416174));
#3002 = ORIENTED_EDGE('',*,*,#3003,.F.);
#3003 = EDGE_CURVE('',#3004,#2996,#3006,.T.);
#3004 = VERTEX_POINT('',#3005);
#3005 = CARTESIAN_POINT('',(357.54057404778,16.39999961853,
    92.154625083982));
#3006 = LINE('',#3007,#3008);
#3007 = CARTESIAN_POINT('',(357.20856989664,16.39999961853,
    92.515541029546));
#3008 = VECTOR('',#3009,1.);
#3009 = DIRECTION('',(-0.677013989353,0.,0.735970147642));
#3010 = ORIENTED_EDGE('',*,*,#3011,.T.);
#3011 = EDGE_CURVE('',#3004,#3012,#3014,.T.);
#3012 = VERTEX_POINT('',#3013);
#3013 = CARTESIAN_POINT('',(357.68618774414,16.39999961853,
    92.026031494141));
#3014 = LINE('',#3015,#3016);
#3015 = CARTESIAN_POINT('',(355.10205078125,16.39999961853,
    94.308120727539));
#3016 = VECTOR('',#3017,1.);
#3017 = DIRECTION('',(0.749554533628,0.,-0.661942596543));
#3018 = ORIENTED_EDGE('',*,*,#3019,.F.);
#3019 = EDGE_CURVE('',#3020,#3012,#3022,.T.);
#3020 = VERTEX_POINT('',#3021);
#3021 = CARTESIAN_POINT('',(357.43057250976,16.39999961853,
    93.247779846191));
#3022 = LINE('',#3023,#3024);
#3023 = CARTESIAN_POINT('',(357.43057250976,16.39999961853,
    93.247779846191));
#3024 = VECTOR('',#3025,1.);
#3025 = DIRECTION('',(0.204786755987,0.,-0.978806612448));
#3026 = ORIENTED_EDGE('',*,*,#3027,.F.);
#3027 = EDGE_CURVE('',#3028,#3020,#3030,.T.);
#3028 = VERTEX_POINT('',#3029);
#3029 = CARTESIAN_POINT('',(356.45755004882,16.39999961853,
    96.918365478516));
#3030 = LINE('',#3031,#3032);
#3031 = CARTESIAN_POINT('',(356.45755004882,16.39999961853,
    96.918365478516));
#3032 = VECTOR('',#3033,1.);
#3033 = DIRECTION('',(0.256236305011,0.,-0.966614171215));
#3034 = ORIENTED_EDGE('',*,*,#3035,.F.);
#3035 = EDGE_CURVE('',#3036,#3028,#3038,.T.);
#3036 = VERTEX_POINT('',#3037);
#3037 = CARTESIAN_POINT('',(355.27102661132,16.39999961853,
    100.14956665039));
#3038 = LINE('',#3039,#3040);
#3039 = CARTESIAN_POINT('',(355.27102661132,16.39999961853,
    100.14956665039));
#3040 = VECTOR('',#3041,1.);
#3041 = DIRECTION('',(0.344702676336,0.,-0.938711917964));
#3042 = ORIENTED_EDGE('',*,*,#3043,.F.);
#3043 = EDGE_CURVE('',#3044,#3036,#3046,.T.);
#3044 = VERTEX_POINT('',#3045);
#3045 = CARTESIAN_POINT('',(353.73764038085,16.39999961853,
    103.22369384765));
#3046 = LINE('',#3047,#3048);
#3047 = CARTESIAN_POINT('',(353.73764038085,16.39999961853,
    103.22369384765));
#3048 = VECTOR('',#3049,1.);
#3049 = DIRECTION('',(0.446357027477,0.,-0.894854962562));
#3050 = ORIENTED_EDGE('',*,*,#3051,.F.);
#3051 = EDGE_CURVE('',#3052,#3044,#3054,.T.);
#3052 = VERTEX_POINT('',#3053);
#3053 = CARTESIAN_POINT('',(351.92068481445,16.39999961853,
    105.9610748291));
#3054 = LINE('',#3055,#3056);
#3055 = CARTESIAN_POINT('',(351.92068481445,16.39999961853,
    105.9610748291));
#3056 = VECTOR('',#3057,1.);
#3057 = DIRECTION('',(0.553020701187,0.,-0.833167512604));
#3058 = ORIENTED_EDGE('',*,*,#3059,.F.);
#3059 = EDGE_CURVE('',#2563,#3052,#3060,.T.);
#3060 = LINE('',#3061,#3062);
#3061 = CARTESIAN_POINT('',(349.24114990234,16.39999961853,
    109.40811920166));
#3062 = VECTOR('',#3063,1.);
#3063 = DIRECTION('',(0.613726581685,0.,-0.789518640017));
#3064 = ORIENTED_EDGE('',*,*,#2562,.F.);
#3065 = PLANE('',#3066);
#3066 = AXIS2_PLACEMENT_3D('',#3067,#3068,#3069);
#3067 = CARTESIAN_POINT('',(351.26668915352,16.39999961853,
    101.09242405757));
#3068 = DIRECTION('',(-0.,-1.,-0.));
#3069 = DIRECTION('',(0.,0.,-1.));
#3070 = ADVANCED_FACE('',(#3071),#3089,.T.);
#3071 = FACE_BOUND('',#3072,.T.);
#3072 = EDGE_LOOP('',(#3073,#3081,#3082,#3083));
#3073 = ORIENTED_EDGE('',*,*,#3074,.F.);
#3074 = EDGE_CURVE('',#1943,#3075,#3077,.T.);
#3075 = VERTEX_POINT('',#3076);
#3076 = CARTESIAN_POINT('',(351.92068481445,-27.,105.9610748291));
#3077 = LINE('',#3078,#3079);
#3078 = CARTESIAN_POINT('',(351.92068481445,-16.39999961853,
    105.9610748291));
#3079 = VECTOR('',#3080,1.);
#3080 = DIRECTION('',(0.,-1.,0.));
#3081 = ORIENTED_EDGE('',*,*,#1942,.F.);
#3082 = ORIENTED_EDGE('',*,*,#2529,.T.);
#3083 = ORIENTED_EDGE('',*,*,#3084,.F.);
#3084 = EDGE_CURVE('',#3075,#2522,#3085,.T.);
#3085 = LINE('',#3086,#3087);
#3086 = CARTESIAN_POINT('',(351.92068481445,-27.,105.9610748291));
#3087 = VECTOR('',#3088,1.);
#3088 = DIRECTION('',(-0.613726581685,0.,0.789518640017));
#3089 = PLANE('',#3090);
#3090 = AXIS2_PLACEMENT_3D('',#3091,#3092,#3093);
#3091 = CARTESIAN_POINT('',(350.58091735839,-21.69999980926,
    107.68459701538));
#3092 = DIRECTION('',(0.789518640017,0.,0.613726581685));
#3093 = DIRECTION('',(-0.613726581685,0.,0.789518640017));
#3094 = ADVANCED_FACE('',(#3095),#3113,.T.);
#3095 = FACE_BOUND('',#3096,.T.);
#3096 = EDGE_LOOP('',(#3097,#3098,#3106,#3112));
#3097 = ORIENTED_EDGE('',*,*,#3059,.T.);
#3098 = ORIENTED_EDGE('',*,*,#3099,.F.);
#3099 = EDGE_CURVE('',#3100,#3052,#3102,.T.);
#3100 = VERTEX_POINT('',#3101);
#3101 = CARTESIAN_POINT('',(351.92068481445,27.,105.9610748291));
#3102 = LINE('',#3103,#3104);
#3103 = CARTESIAN_POINT('',(351.92068481445,27.,105.9610748291));
#3104 = VECTOR('',#3105,1.);
#3105 = DIRECTION('',(0.,-1.,0.));
#3106 = ORIENTED_EDGE('',*,*,#3107,.T.);
#3107 = EDGE_CURVE('',#3100,#2571,#3108,.T.);
#3108 = LINE('',#3109,#3110);
#3109 = CARTESIAN_POINT('',(351.92068481445,27.,105.9610748291));
#3110 = VECTOR('',#3111,1.);
#3111 = DIRECTION('',(-0.613726581685,0.,0.789518640017));
#3112 = ORIENTED_EDGE('',*,*,#2570,.T.);
#3113 = PLANE('',#3114);
#3114 = AXIS2_PLACEMENT_3D('',#3115,#3116,#3117);
#3115 = CARTESIAN_POINT('',(350.58091735839,21.699999809265,
    107.68459701538));
#3116 = DIRECTION('',(0.789518640017,0.,0.613726581685));
#3117 = DIRECTION('',(-0.613726581685,0.,0.789518640017));
#3118 = ADVANCED_FACE('',(#3119),#3144,.T.);
#3119 = FACE_BOUND('',#3120,.T.);
#3120 = EDGE_LOOP('',(#3121,#3129,#3137,#3143));
#3121 = ORIENTED_EDGE('',*,*,#3122,.F.);
#3122 = EDGE_CURVE('',#3123,#2215,#3125,.T.);
#3123 = VERTEX_POINT('',#3124);
#3124 = CARTESIAN_POINT('',(341.48461914062,-22.10000038147,
    110.82932281494));
#3125 = LINE('',#3126,#3127);
#3126 = CARTESIAN_POINT('',(341.48461914062,-22.10000038147,
    110.82932281494));
#3127 = VECTOR('',#3128,1.);
#3128 = DIRECTION('',(0.,1.,0.));
#3129 = ORIENTED_EDGE('',*,*,#3130,.T.);
#3130 = EDGE_CURVE('',#3123,#3131,#3133,.T.);
#3131 = VERTEX_POINT('',#3132);
#3132 = CARTESIAN_POINT('',(341.79797363281,-22.10000038147,
    111.40677642822));
#3133 = LINE('',#3134,#3135);
#3134 = CARTESIAN_POINT('',(341.48461914062,-22.10000038147,
    110.82932281494));
#3135 = VECTOR('',#3136,1.);
#3136 = DIRECTION('',(0.47695039749,0.,0.878930212437));
#3137 = ORIENTED_EDGE('',*,*,#3138,.T.);
#3138 = EDGE_CURVE('',#3131,#2223,#3139,.T.);
#3139 = LINE('',#3140,#3141);
#3140 = CARTESIAN_POINT('',(341.79797363281,-22.10000038147,
    111.40677642822));
#3141 = VECTOR('',#3142,1.);
#3142 = DIRECTION('',(0.,1.,0.));
#3143 = ORIENTED_EDGE('',*,*,#2222,.F.);
#3144 = PLANE('',#3145);
#3145 = AXIS2_PLACEMENT_3D('',#3146,#3147,#3148);
#3146 = CARTESIAN_POINT('',(341.64129638671,-19.25,111.11804962158));
#3147 = DIRECTION('',(-0.878930212437,-0.,0.47695039749));
#3148 = DIRECTION('',(-0.47695039749,0.,-0.878930212437));
#3149 = ADVANCED_FACE('',(#3150),#3175,.T.);
#3150 = FACE_BOUND('',#3151,.T.);
#3151 = EDGE_LOOP('',(#3152,#3153,#3161,#3169));
#3152 = ORIENTED_EDGE('',*,*,#2755,.T.);
#3153 = ORIENTED_EDGE('',*,*,#3154,.T.);
#3154 = EDGE_CURVE('',#2748,#3155,#3157,.T.);
#3155 = VERTEX_POINT('',#3156);
#3156 = CARTESIAN_POINT('',(341.79797363281,22.10000038147,
    111.40677642822));
#3157 = LINE('',#3158,#3159);
#3158 = CARTESIAN_POINT('',(341.79797363281,16.39999961853,
    111.40677642822));
#3159 = VECTOR('',#3160,1.);
#3160 = DIRECTION('',(0.,1.,0.));
#3161 = ORIENTED_EDGE('',*,*,#3162,.F.);
#3162 = EDGE_CURVE('',#3163,#3155,#3165,.T.);
#3163 = VERTEX_POINT('',#3164);
#3164 = CARTESIAN_POINT('',(341.48461914062,22.10000038147,
    110.82932281494));
#3165 = LINE('',#3166,#3167);
#3166 = CARTESIAN_POINT('',(341.48461914062,22.10000038147,
    110.82932281494));
#3167 = VECTOR('',#3168,1.);
#3168 = DIRECTION('',(0.47695039749,0.,0.878930212437));
#3169 = ORIENTED_EDGE('',*,*,#3170,.F.);
#3170 = EDGE_CURVE('',#2756,#3163,#3171,.T.);
#3171 = LINE('',#3172,#3173);
#3172 = CARTESIAN_POINT('',(341.48461914062,16.39999961853,
    110.82932281494));
#3173 = VECTOR('',#3174,1.);
#3174 = DIRECTION('',(0.,1.,0.));
#3175 = PLANE('',#3176);
#3176 = AXIS2_PLACEMENT_3D('',#3177,#3178,#3179);
#3177 = CARTESIAN_POINT('',(341.64129638671,19.25,111.11804962158));
#3178 = DIRECTION('',(-0.878930212437,-0.,0.47695039749));
#3179 = DIRECTION('',(-0.47695039749,0.,-0.878930212437));
#3180 = ADVANCED_FACE('',(#3181),#3222,.T.);
#3181 = FACE_BOUND('',#3182,.T.);
#3182 = EDGE_LOOP('',(#3183,#3184,#3192,#3200,#3208,#3216));
#3183 = ORIENTED_EDGE('',*,*,#2022,.T.);
#3184 = ORIENTED_EDGE('',*,*,#3185,.T.);
#3185 = EDGE_CURVE('',#2015,#3186,#3188,.T.);
#3186 = VERTEX_POINT('',#3187);
#3187 = CARTESIAN_POINT('',(355.10205078125,-27.,94.308120727539));
#3188 = LINE('',#3189,#3190);
#3189 = CARTESIAN_POINT('',(355.10205078125,-16.39999961853,
    94.308120727539));
#3190 = VECTOR('',#3191,1.);
#3191 = DIRECTION('',(0.,-1.,0.));
#3192 = ORIENTED_EDGE('',*,*,#3193,.T.);
#3193 = EDGE_CURVE('',#3186,#3194,#3196,.T.);
#3194 = VERTEX_POINT('',#3195);
#3195 = CARTESIAN_POINT('',(351.53909301757,-27.,96.928573608398));
#3196 = LINE('',#3197,#3198);
#3197 = CARTESIAN_POINT('',(355.10205078125,-27.,94.308120727539));
#3198 = VECTOR('',#3199,1.);
#3199 = DIRECTION('',(-0.805582917685,0.,0.592483048478));
#3200 = ORIENTED_EDGE('',*,*,#3201,.F.);
#3201 = EDGE_CURVE('',#3202,#3194,#3204,.T.);
#3202 = VERTEX_POINT('',#3203);
#3203 = CARTESIAN_POINT('',(351.53909301757,-25.89999961853,
    96.928573608398));
#3204 = LINE('',#3205,#3206);
#3205 = CARTESIAN_POINT('',(351.53909301757,-25.89999961853,
    96.928573608398));
#3206 = VECTOR('',#3207,1.);
#3207 = DIRECTION('',(0.,-1.,0.));
#3208 = ORIENTED_EDGE('',*,*,#3209,.T.);
#3209 = EDGE_CURVE('',#3202,#3210,#3212,.T.);
#3210 = VERTEX_POINT('',#3211);
#3211 = CARTESIAN_POINT('',(355.04929870392,-25.89999961853,
    94.346918362021));
#3212 = LINE('',#3213,#3214);
#3213 = CARTESIAN_POINT('',(355.41273627906,-25.89999961853,
    94.079620486504));
#3214 = VECTOR('',#3215,1.);
#3215 = DIRECTION('',(0.805582917685,0.,-0.592483048478));
#3216 = ORIENTED_EDGE('',*,*,#3217,.T.);
#3217 = EDGE_CURVE('',#3210,#2023,#3218,.T.);
#3218 = LINE('',#3219,#3220);
#3219 = CARTESIAN_POINT('',(355.04929870392,-11.67784621618,
    94.346918362021));
#3220 = VECTOR('',#3221,1.);
#3221 = DIRECTION('',(0.,1.,0.));
#3222 = PLANE('',#3223);
#3223 = AXIS2_PLACEMENT_3D('',#3224,#3225,#3226);
#3224 = CARTESIAN_POINT('',(354.4304476395,-23.07772979301,
    94.802065507219));
#3225 = DIRECTION('',(-0.592483048478,3.980857209841E-16,-0.805582917685
    ));
#3226 = DIRECTION('',(-0.805582917685,0.,0.592483048478));
#3227 = ADVANCED_FACE('',(#3228),#3285,.T.);
#3228 = FACE_BOUND('',#3229,.T.);
#3229 = EDGE_LOOP('',(#3230,#3240,#3248,#3256,#3264,#3270,#3271,#3279));
#3230 = ORIENTED_EDGE('',*,*,#3231,.F.);
#3231 = EDGE_CURVE('',#3232,#3234,#3236,.T.);
#3232 = VERTEX_POINT('',#3233);
#3233 = CARTESIAN_POINT('',(354.72878840989,25.89999961853,
    94.582644457879));
#3234 = VERTEX_POINT('',#3235);
#3235 = CARTESIAN_POINT('',(354.73230976633,25.89999961853,
    94.58005460158));
#3236 = LINE('',#3237,#3238);
#3237 = CARTESIAN_POINT('',(355.45134088419,25.89999961853,
    94.051227910611));
#3238 = VECTOR('',#3239,1.);
#3239 = DIRECTION('',(0.805582917686,0.,-0.592483048477));
#3240 = ORIENTED_EDGE('',*,*,#3241,.F.);
#3241 = EDGE_CURVE('',#3242,#3232,#3244,.T.);
#3242 = VERTEX_POINT('',#3243);
#3243 = CARTESIAN_POINT('',(351.53909301757,25.89999961853,
    96.928573608398));
#3244 = LINE('',#3245,#3246);
#3245 = CARTESIAN_POINT('',(355.24380465025,25.89999961853,
    94.203864837059));
#3246 = VECTOR('',#3247,1.);
#3247 = DIRECTION('',(0.805582917685,0.,-0.592483048478));
#3248 = ORIENTED_EDGE('',*,*,#3249,.F.);
#3249 = EDGE_CURVE('',#3250,#3242,#3252,.T.);
#3250 = VERTEX_POINT('',#3251);
#3251 = CARTESIAN_POINT('',(351.53909301757,27.,96.928573608398));
#3252 = LINE('',#3253,#3254);
#3253 = CARTESIAN_POINT('',(351.53909301757,27.,96.928573608398));
#3254 = VECTOR('',#3255,1.);
#3255 = DIRECTION('',(0.,-1.,0.));
#3256 = ORIENTED_EDGE('',*,*,#3257,.F.);
#3257 = EDGE_CURVE('',#3258,#3250,#3260,.T.);
#3258 = VERTEX_POINT('',#3259);
#3259 = CARTESIAN_POINT('',(355.10205078125,27.,94.308120727539));
#3260 = LINE('',#3261,#3262);
#3261 = CARTESIAN_POINT('',(355.10205078125,27.,94.308120727539));
#3262 = VECTOR('',#3263,1.);
#3263 = DIRECTION('',(-0.805582917685,0.,0.592483048478));
#3264 = ORIENTED_EDGE('',*,*,#3265,.T.);
#3265 = EDGE_CURVE('',#3258,#2980,#3266,.T.);
#3266 = LINE('',#3267,#3268);
#3267 = CARTESIAN_POINT('',(355.10205078125,27.,94.308120727539));
#3268 = VECTOR('',#3269,1.);
#3269 = DIRECTION('',(0.,-1.,0.));
#3270 = ORIENTED_EDGE('',*,*,#2979,.F.);
#3271 = ORIENTED_EDGE('',*,*,#3272,.F.);
#3272 = EDGE_CURVE('',#3273,#2972,#3275,.T.);
#3273 = VERTEX_POINT('',#3274);
#3274 = CARTESIAN_POINT('',(355.04929870392,25.89999961853,
    94.346918362021));
#3275 = LINE('',#3276,#3277);
#3276 = CARTESIAN_POINT('',(355.04929870392,10.022153593079,
    94.34691836202));
#3277 = VECTOR('',#3278,1.);
#3278 = DIRECTION('',(0.,-1.,0.));
#3279 = ORIENTED_EDGE('',*,*,#3280,.F.);
#3280 = EDGE_CURVE('',#3234,#3273,#3281,.T.);
#3281 = LINE('',#3282,#3283);
#3282 = CARTESIAN_POINT('',(356.62015171464,25.89999961853,
    93.191601187255));
#3283 = VECTOR('',#3284,1.);
#3284 = DIRECTION('',(0.805582917685,0.,-0.592483048478));
#3285 = PLANE('',#3286);
#3286 = AXIS2_PLACEMENT_3D('',#3287,#3288,#3289);
#3287 = CARTESIAN_POINT('',(354.4304476395,23.077729793012,
    94.802065507219));
#3288 = DIRECTION('',(-0.592483048478,3.434013122888E-16,-0.805582917685
    ));
#3289 = DIRECTION('',(-0.805582917685,2.465190328816E-32,0.592483048478)
  );
#3290 = ADVANCED_FACE('',(#3291),#3334,.T.);
#3291 = FACE_BOUND('',#3292,.T.);
#3292 = EDGE_LOOP('',(#3293,#3294,#3295,#3296,#3304,#3310,#3311,#3317,
    #3318,#3326,#3332,#3333));
#3293 = ORIENTED_EDGE('',*,*,#2420,.T.);
#3294 = ORIENTED_EDGE('',*,*,#2030,.F.);
#3295 = ORIENTED_EDGE('',*,*,#3217,.F.);
#3296 = ORIENTED_EDGE('',*,*,#3297,.T.);
#3297 = EDGE_CURVE('',#3210,#3298,#3300,.T.);
#3298 = VERTEX_POINT('',#3299);
#3299 = CARTESIAN_POINT('',(355.58450139224,-25.89999961853,
    93.882061520613));
#3300 = LINE('',#3301,#3302);
#3301 = CARTESIAN_POINT('',(355.00692749023,-25.89999961853,
    94.383720397949));
#3302 = VECTOR('',#3303,1.);
#3303 = DIRECTION('',(0.754980348208,0.,-0.655747416174));
#3304 = ORIENTED_EDGE('',*,*,#3305,.F.);
#3305 = EDGE_CURVE('',#2007,#3298,#3306,.T.);
#3306 = LINE('',#3307,#3308);
#3307 = CARTESIAN_POINT('',(355.58450139224,-11.59833152496,
    93.882061520614));
#3308 = VECTOR('',#3309,1.);
#3309 = DIRECTION('',(0.,-1.,0.));
#3310 = ORIENTED_EDGE('',*,*,#2006,.F.);
#3311 = ORIENTED_EDGE('',*,*,#3312,.F.);
#3312 = EDGE_CURVE('',#2996,#1999,#3313,.T.);
#3313 = LINE('',#3314,#3315);
#3314 = CARTESIAN_POINT('',(357.41030883789,25.89999961853,
    92.296234130859));
#3315 = VECTOR('',#3316,1.);
#3316 = DIRECTION('',(0.,-1.,0.));
#3317 = ORIENTED_EDGE('',*,*,#2995,.T.);
#3318 = ORIENTED_EDGE('',*,*,#3319,.T.);
#3319 = EDGE_CURVE('',#2988,#3320,#3322,.T.);
#3320 = VERTEX_POINT('',#3321);
#3321 = CARTESIAN_POINT('',(355.58450139224,25.89999961853,
    93.882061520611));
#3322 = LINE('',#3323,#3324);
#3323 = CARTESIAN_POINT('',(355.58450139223,10.873079433734,
    93.88206152062));
#3324 = VECTOR('',#3325,1.);
#3325 = DIRECTION('',(0.,1.,0.));
#3326 = ORIENTED_EDGE('',*,*,#3327,.T.);
#3327 = EDGE_CURVE('',#3320,#3273,#3328,.T.);
#3328 = LINE('',#3329,#3330);
#3329 = CARTESIAN_POINT('',(357.41030883789,25.89999961853,
    92.296234130859));
#3330 = VECTOR('',#3331,1.);
#3331 = DIRECTION('',(-0.754980348208,0.,0.655747416174));
#3332 = ORIENTED_EDGE('',*,*,#3272,.T.);
#3333 = ORIENTED_EDGE('',*,*,#2971,.T.);
#3334 = PLANE('',#3335);
#3335 = AXIS2_PLACEMENT_3D('',#3336,#3337,#3338);
#3336 = CARTESIAN_POINT('',(355.90047690935,-2.053524263376E-13,
    93.607617120287));
#3337 = DIRECTION('',(0.655747416174,3.680389335463E-16,0.754980348208)
  );
#3338 = DIRECTION('',(0.754980348208,2.465190328816E-32,-0.655747416174)
  );
#3339 = ADVANCED_FACE('',(#3340),#3358,.T.);
#3340 = FACE_BOUND('',#3341,.T.);
#3341 = EDGE_LOOP('',(#3342,#3350,#3356,#3357));
#3342 = ORIENTED_EDGE('',*,*,#3343,.F.);
#3343 = EDGE_CURVE('',#3344,#3075,#3346,.T.);
#3344 = VERTEX_POINT('',#3345);
#3345 = CARTESIAN_POINT('',(353.73764038085,-27.,103.22369384765));
#3346 = LINE('',#3347,#3348);
#3347 = CARTESIAN_POINT('',(353.73764038085,-27.,103.22369384765));
#3348 = VECTOR('',#3349,1.);
#3349 = DIRECTION('',(-0.553020701187,0.,0.833167512604));
#3350 = ORIENTED_EDGE('',*,*,#3351,.F.);
#3351 = EDGE_CURVE('',#1951,#3344,#3352,.T.);
#3352 = LINE('',#3353,#3354);
#3353 = CARTESIAN_POINT('',(353.73764038085,-16.39999961853,
    103.22369384765));
#3354 = VECTOR('',#3355,1.);
#3355 = DIRECTION('',(0.,-1.,0.));
#3356 = ORIENTED_EDGE('',*,*,#1950,.F.);
#3357 = ORIENTED_EDGE('',*,*,#3074,.T.);
#3358 = PLANE('',#3359);
#3359 = AXIS2_PLACEMENT_3D('',#3360,#3361,#3362);
#3360 = CARTESIAN_POINT('',(352.82916259765,-21.69999980926,
    104.59238433837));
#3361 = DIRECTION('',(0.833167512604,0.,0.553020701187));
#3362 = DIRECTION('',(-0.553020701187,0.,0.833167512604));
#3363 = ADVANCED_FACE('',(#3364),#3382,.T.);
#3364 = FACE_BOUND('',#3365,.T.);
#3365 = EDGE_LOOP('',(#3366,#3367,#3375,#3381));
#3366 = ORIENTED_EDGE('',*,*,#3051,.T.);
#3367 = ORIENTED_EDGE('',*,*,#3368,.F.);
#3368 = EDGE_CURVE('',#3369,#3044,#3371,.T.);
#3369 = VERTEX_POINT('',#3370);
#3370 = CARTESIAN_POINT('',(353.73764038085,27.,103.22369384765));
#3371 = LINE('',#3372,#3373);
#3372 = CARTESIAN_POINT('',(353.73764038085,27.,103.22369384765));
#3373 = VECTOR('',#3374,1.);
#3374 = DIRECTION('',(0.,-1.,0.));
#3375 = ORIENTED_EDGE('',*,*,#3376,.T.);
#3376 = EDGE_CURVE('',#3369,#3100,#3377,.T.);
#3377 = LINE('',#3378,#3379);
#3378 = CARTESIAN_POINT('',(353.73764038085,27.,103.22369384765));
#3379 = VECTOR('',#3380,1.);
#3380 = DIRECTION('',(-0.553020701187,0.,0.833167512604));
#3381 = ORIENTED_EDGE('',*,*,#3099,.T.);
#3382 = PLANE('',#3383);
#3383 = AXIS2_PLACEMENT_3D('',#3384,#3385,#3386);
#3384 = CARTESIAN_POINT('',(352.82916259765,21.699999809265,
    104.59238433837));
#3385 = DIRECTION('',(0.833167512604,0.,0.553020701187));
#3386 = DIRECTION('',(-0.553020701187,0.,0.833167512604));
#3387 = ADVANCED_FACE('',(#3388,#3822,#3848),#3874,.T.);
#3388 = FACE_BOUND('',#3389,.T.);
#3389 = EDGE_LOOP('',(#3390,#3391,#3399,#3407,#3415,#3423,#3431,#3439,
    #3447,#3455,#3463,#3471,#3479,#3487,#3495,#3503,#3511,#3519,#3527,
    #3535,#3543,#3551,#3559,#3567,#3575,#3583,#3591,#3599,#3607,#3615,
    #3623,#3631,#3639,#3647,#3655,#3663,#3671,#3679,#3687,#3695,#3703,
    #3711,#3719,#3727,#3735,#3743,#3751,#3759,#3767,#3775,#3781,#3782,
    #3790,#3798,#3806,#3814,#3820,#3821));
#3390 = ORIENTED_EDGE('',*,*,#2521,.T.);
#3391 = ORIENTED_EDGE('',*,*,#3392,.T.);
#3392 = EDGE_CURVE('',#2514,#3393,#3395,.T.);
#3393 = VERTEX_POINT('',#3394);
#3394 = CARTESIAN_POINT('',(345.95892333984,-27.,113.50872039794));
#3395 = LINE('',#3396,#3397);
#3396 = CARTESIAN_POINT('',(346.36486816406,-27.,113.04354095459));
#3397 = VECTOR('',#3398,1.);
#3398 = DIRECTION('',(-0.657506697889,0.,0.753448699137));
#3399 = ORIENTED_EDGE('',*,*,#3400,.T.);
#3400 = EDGE_CURVE('',#3393,#3401,#3403,.T.);
#3401 = VERTEX_POINT('',#3402);
#3402 = CARTESIAN_POINT('',(343.95474243164,-27.,115.51921844482));
#3403 = LINE('',#3404,#3405);
#3404 = CARTESIAN_POINT('',(345.95892333984,-27.,113.50872039794));
#3405 = VECTOR('',#3406,1.);
#3406 = DIRECTION('',(-0.70599326739,0.,0.708218544236));
#3407 = ORIENTED_EDGE('',*,*,#3408,.T.);
#3408 = EDGE_CURVE('',#3401,#3409,#3411,.T.);
#3409 = VERTEX_POINT('',#3410);
#3410 = CARTESIAN_POINT('',(342.29858398437,-27.,116.73532104492));
#3411 = LINE('',#3412,#3413);
#3412 = CARTESIAN_POINT('',(343.95474243164,-27.,115.51921844482));
#3413 = VECTOR('',#3414,1.);
#3414 = DIRECTION('',(-0.806036647053,0.,0.591865629689));
#3415 = ORIENTED_EDGE('',*,*,#3416,.T.);
#3416 = EDGE_CURVE('',#3409,#3417,#3419,.T.);
#3417 = VERTEX_POINT('',#3418);
#3418 = CARTESIAN_POINT('',(340.95825195312,-27.,117.34099578857));
#3419 = LINE('',#3420,#3421);
#3420 = CARTESIAN_POINT('',(342.29858398437,-27.,116.73532104492));
#3421 = VECTOR('',#3422,1.);
#3422 = DIRECTION('',(-0.911277871431,0.,0.411791987587));
#3423 = ORIENTED_EDGE('',*,*,#3424,.T.);
#3424 = EDGE_CURVE('',#3417,#3425,#3427,.T.);
#3425 = VERTEX_POINT('',#3426);
#3426 = CARTESIAN_POINT('',(339.54946899414,-27.,117.56895446777));
#3427 = LINE('',#3428,#3429);
#3428 = CARTESIAN_POINT('',(340.95825195312,-27.,117.34099578857));
#3429 = VECTOR('',#3430,1.);
#3430 = DIRECTION('',(-0.987159961635,0.,0.159734811936));
#3431 = ORIENTED_EDGE('',*,*,#3432,.T.);
#3432 = EDGE_CURVE('',#3425,#3433,#3435,.T.);
#3433 = VERTEX_POINT('',#3434);
#3434 = CARTESIAN_POINT('',(338.15353393554,-27.,117.38046264648));
#3435 = LINE('',#3436,#3437);
#3436 = CARTESIAN_POINT('',(339.54946899414,-27.,117.56895446777));
#3437 = VECTOR('',#3438,1.);
#3438 = DIRECTION('',(-0.991006373711,0.,-0.133814675074));
#3439 = ORIENTED_EDGE('',*,*,#3440,.T.);
#3440 = EDGE_CURVE('',#3433,#3441,#3443,.T.);
#3441 = VERTEX_POINT('',#3442);
#3442 = CARTESIAN_POINT('',(336.96310424804,-27.,116.84090423584));
#3443 = LINE('',#3444,#3445);
#3444 = CARTESIAN_POINT('',(338.15353393554,-27.,117.38046264648));
#3445 = VECTOR('',#3446,1.);
#3446 = DIRECTION('',(-0.910811546452,0.,-0.412822391411));
#3447 = ORIENTED_EDGE('',*,*,#3448,.T.);
#3448 = EDGE_CURVE('',#3441,#3449,#3451,.T.);
#3449 = VERTEX_POINT('',#3450);
#3450 = CARTESIAN_POINT('',(335.96612548828,-27.,115.94979095459));
#3451 = LINE('',#3452,#3453);
#3452 = CARTESIAN_POINT('',(336.96310424804,-27.,116.84090423584));
#3453 = VECTOR('',#3454,1.);
#3454 = DIRECTION('',(-0.745583234684,0.,-0.666412515007));
#3455 = ORIENTED_EDGE('',*,*,#3456,.T.);
#3456 = EDGE_CURVE('',#3449,#3457,#3459,.T.);
#3457 = VERTEX_POINT('',#3458);
#3458 = CARTESIAN_POINT('',(335.2723083496,-27.,114.8237991333));
#3459 = LINE('',#3460,#3461);
#3460 = CARTESIAN_POINT('',(335.96612548828,-27.,115.94979095459));
#3461 = VECTOR('',#3462,1.);
#3462 = DIRECTION('',(-0.524590411251,0.,-0.851354744171));
#3463 = ORIENTED_EDGE('',*,*,#3464,.T.);
#3464 = EDGE_CURVE('',#3457,#3465,#3467,.T.);
#3465 = VERTEX_POINT('',#3466);
#3466 = CARTESIAN_POINT('',(334.97247314453,-27.,113.89728546142));
#3467 = LINE('',#3468,#3469);
#3468 = CARTESIAN_POINT('',(335.2723083496,-27.,114.8237991333));
#3469 = VECTOR('',#3470,1.);
#3470 = DIRECTION('',(-0.307895377747,0.,-0.951420220703));
#3471 = ORIENTED_EDGE('',*,*,#3472,.T.);
#3472 = EDGE_CURVE('',#3465,#3473,#3475,.T.);
#3473 = VERTEX_POINT('',#3474);
#3474 = CARTESIAN_POINT('',(334.74990844726,-27.,111.99111175537));
#3475 = LINE('',#3476,#3477);
#3476 = CARTESIAN_POINT('',(334.97247314453,-27.,113.89728546142));
#3477 = VECTOR('',#3478,1.);
#3478 = DIRECTION('',(-0.115972083417,0.,-0.993252473376));
#3479 = ORIENTED_EDGE('',*,*,#3480,.T.);
#3480 = EDGE_CURVE('',#3473,#3481,#3483,.T.);
#3481 = VERTEX_POINT('',#3482);
#3482 = CARTESIAN_POINT('',(334.83288574218,-27.,110.12634277343));
#3483 = LINE('',#3484,#3485);
#3484 = CARTESIAN_POINT('',(334.74990844726,-27.,111.99111175537));
#3485 = VECTOR('',#3486,1.);
#3486 = DIRECTION('',(4.445337163597E-02,0.,-0.99901146027));
#3487 = ORIENTED_EDGE('',*,*,#3488,.T.);
#3488 = EDGE_CURVE('',#3481,#3489,#3491,.T.);
#3489 = VERTEX_POINT('',#3490);
#3490 = CARTESIAN_POINT('',(335.24462890625,-27.,108.70555114746));
#3491 = LINE('',#3492,#3493);
#3492 = CARTESIAN_POINT('',(334.83288574218,-27.,110.12634277343));
#3493 = VECTOR('',#3494,1.);
#3494 = DIRECTION('',(0.278345848764,0.,-0.960480915207));
#3495 = ORIENTED_EDGE('',*,*,#3496,.T.);
#3496 = EDGE_CURVE('',#3489,#3497,#3499,.T.);
#3497 = VERTEX_POINT('',#3498);
#3498 = CARTESIAN_POINT('',(335.5083618164,-27.,108.68968963623));
#3499 = LINE('',#3500,#3501);
#3500 = CARTESIAN_POINT('',(335.24462890625,-27.,108.70555114746));
#3501 = VECTOR('',#3502,1.);
#3502 = DIRECTION('',(0.998191586399,0.,-6.011286753258E-02));
#3503 = ORIENTED_EDGE('',*,*,#3504,.T.);
#3504 = EDGE_CURVE('',#3497,#3505,#3507,.T.);
#3505 = VERTEX_POINT('',#3506);
#3506 = CARTESIAN_POINT('',(335.2395324707,-27.,108.66940307617));
#3507 = LINE('',#3508,#3509);
#3508 = CARTESIAN_POINT('',(335.5083618164,-27.,108.68968963623));
#3509 = VECTOR('',#3510,1.);
#3510 = DIRECTION('',(-0.99716480164,0.,-7.524864364741E-02));
#3511 = ORIENTED_EDGE('',*,*,#3512,.T.);
#3512 = EDGE_CURVE('',#3505,#3513,#3515,.T.);
#3513 = VERTEX_POINT('',#3514);
#3514 = CARTESIAN_POINT('',(334.98577880859,-27.,108.57805633544));
#3515 = LINE('',#3516,#3517);
#3516 = CARTESIAN_POINT('',(335.2395324707,-27.,108.66940307617));
#3517 = VECTOR('',#3518,1.);
#3518 = DIRECTION('',(-0.940892821122,0.,-0.338704442192));
#3519 = ORIENTED_EDGE('',*,*,#3520,.T.);
#3520 = EDGE_CURVE('',#3513,#3521,#3523,.T.);
#3521 = VERTEX_POINT('',#3522);
#3522 = CARTESIAN_POINT('',(334.76571655273,-27.,108.42224884033));
#3523 = LINE('',#3524,#3525);
#3524 = CARTESIAN_POINT('',(334.98577880859,-27.,108.57805633544));
#3525 = VECTOR('',#3526,1.);
#3526 = DIRECTION('',(-0.816146802772,0.,-0.577844612613));
#3527 = ORIENTED_EDGE('',*,*,#3528,.T.);
#3528 = EDGE_CURVE('',#3521,#3529,#3531,.T.);
#3529 = VERTEX_POINT('',#3530);
#3530 = CARTESIAN_POINT('',(334.59524536132,-27.,108.21332550048));
#3531 = LINE('',#3532,#3533);
#3532 = CARTESIAN_POINT('',(334.76571655273,-27.,108.42224884033));
#3533 = VECTOR('',#3534,1.);
#3534 = DIRECTION('',(-0.632201830155,0.,-0.774803746731));
#3535 = ORIENTED_EDGE('',*,*,#3536,.T.);
#3536 = EDGE_CURVE('',#3529,#3537,#3539,.T.);
#3537 = VERTEX_POINT('',#3538);
#3538 = CARTESIAN_POINT('',(334.48684692382,-27.,107.96644592285));
#3539 = LINE('',#3540,#3541);
#3540 = CARTESIAN_POINT('',(334.59524536132,-27.,108.21332550048));
#3541 = VECTOR('',#3542,1.);
#3542 = DIRECTION('',(-0.402028250576,0.,-0.915627263541));
#3543 = ORIENTED_EDGE('',*,*,#3544,.T.);
#3544 = EDGE_CURVE('',#3537,#3545,#3547,.T.);
#3545 = VERTEX_POINT('',#3546);
#3546 = CARTESIAN_POINT('',(332.82431030273,-27.,102.54705810546));
#3547 = LINE('',#3548,#3549);
#3548 = CARTESIAN_POINT('',(334.48684692382,-27.,107.96644592285));
#3549 = VECTOR('',#3550,1.);
#3550 = DIRECTION('',(-0.293285254864,0.,-0.956024978376));
#3551 = ORIENTED_EDGE('',*,*,#3552,.T.);
#3552 = EDGE_CURVE('',#3545,#3553,#3555,.T.);
#3553 = VERTEX_POINT('',#3554);
#3554 = CARTESIAN_POINT('',(330.60986328125,-27.,96.366012573242));
#3555 = LINE('',#3556,#3557);
#3556 = CARTESIAN_POINT('',(332.82431030273,-27.,102.54705810546));
#3557 = VECTOR('',#3558,1.);
#3558 = DIRECTION('',(-0.337272412582,0.,-0.941407095635));
#3559 = ORIENTED_EDGE('',*,*,#3560,.T.);
#3560 = EDGE_CURVE('',#3553,#3561,#3563,.T.);
#3561 = VERTEX_POINT('',#3562);
#3562 = CARTESIAN_POINT('',(328.21966552734,-27.,90.727127075195));
#3563 = LINE('',#3564,#3565);
#3564 = CARTESIAN_POINT('',(330.60986328125,-27.,96.366012573242));
#3565 = VECTOR('',#3566,1.);
#3566 = DIRECTION('',(-0.390265236845,0.,-0.920702473609));
#3567 = ORIENTED_EDGE('',*,*,#3568,.T.);
#3568 = EDGE_CURVE('',#3561,#3569,#3571,.T.);
#3569 = VERTEX_POINT('',#3570);
#3570 = CARTESIAN_POINT('',(325.65148925781,-27.,85.586639404297));
#3571 = LINE('',#3572,#3573);
#3572 = CARTESIAN_POINT('',(328.21966552734,-27.,90.727127075195));
#3573 = VECTOR('',#3574,1.);
#3574 = DIRECTION('',(-0.446925726554,0.,-0.894571067576));
#3575 = ORIENTED_EDGE('',*,*,#3576,.T.);
#3576 = EDGE_CURVE('',#3569,#3577,#3579,.T.);
#3577 = VERTEX_POINT('',#3578);
#3578 = CARTESIAN_POINT('',(322.91116333007,-27.,80.91918182373));
#3579 = LINE('',#3580,#3581);
#3580 = CARTESIAN_POINT('',(325.65148925781,-27.,85.586639404297));
#3581 = VECTOR('',#3582,1.);
#3582 = DIRECTION('',(-0.506301052898,0.,-0.862356796132));
#3583 = ORIENTED_EDGE('',*,*,#3584,.T.);
#3584 = EDGE_CURVE('',#3577,#3585,#3587,.T.);
#3585 = VERTEX_POINT('',#3586);
#3586 = CARTESIAN_POINT('',(319.75988769531,-27.,76.373733520508));
#3587 = LINE('',#3588,#3589);
#3588 = CARTESIAN_POINT('',(322.91116333007,-27.,80.91918182373));
#3589 = VECTOR('',#3590,1.);
#3590 = DIRECTION('',(-0.569750904035,0.,-0.82181744162));
#3591 = ORIENTED_EDGE('',*,*,#3592,.T.);
#3592 = EDGE_CURVE('',#3585,#3593,#3595,.T.);
#3593 = VERTEX_POINT('',#3594);
#3594 = CARTESIAN_POINT('',(316.49011230468,-27.,72.362655639648));
#3595 = LINE('',#3596,#3597);
#3596 = CARTESIAN_POINT('',(319.75988769531,-27.,76.373733520508));
#3597 = VECTOR('',#3598,1.);
#3598 = DIRECTION('',(-0.631845941653,0.,-0.775093998181));
#3599 = ORIENTED_EDGE('',*,*,#3600,.T.);
#3600 = EDGE_CURVE('',#3593,#3601,#3603,.T.);
#3601 = VERTEX_POINT('',#3602);
#3602 = CARTESIAN_POINT('',(312.49264526367,-27.,68.059875488281));
#3603 = LINE('',#3604,#3605);
#3604 = CARTESIAN_POINT('',(316.49011230468,-27.,72.362655639648));
#3605 = VECTOR('',#3606,1.);
#3606 = DIRECTION('',(-0.680636529771,0.,-0.732621262551));
#3607 = ORIENTED_EDGE('',*,*,#3608,.T.);
#3608 = EDGE_CURVE('',#3601,#3609,#3611,.T.);
#3609 = VERTEX_POINT('',#3610);
#3610 = CARTESIAN_POINT('',(307.12200927734,-27.,62.871631622314));
#3611 = LINE('',#3612,#3613);
#3612 = CARTESIAN_POINT('',(312.49264526367,-27.,68.059875488281));
#3613 = VECTOR('',#3614,1.);
#3614 = DIRECTION('',(-0.719213918598,0.,-0.694788701186));
#3615 = ORIENTED_EDGE('',*,*,#3616,.T.);
#3616 = EDGE_CURVE('',#3609,#3617,#3619,.T.);
#3617 = VERTEX_POINT('',#3618);
#3618 = CARTESIAN_POINT('',(302.53063964843,-27.,58.934597015381));
#3619 = LINE('',#3620,#3621);
#3620 = CARTESIAN_POINT('',(307.12200927734,-27.,62.871631622314));
#3621 = VECTOR('',#3622,1.);
#3622 = DIRECTION('',(-0.759127921777,0.,-0.650941470778));
#3623 = ORIENTED_EDGE('',*,*,#3624,.T.);
#3624 = EDGE_CURVE('',#3617,#3625,#3627,.T.);
#3625 = VERTEX_POINT('',#3626);
#3626 = CARTESIAN_POINT('',(300.53994750976,-27.,59.758487701416));
#3627 = LINE('',#3628,#3629);
#3628 = CARTESIAN_POINT('',(302.53063964843,-27.,58.934597015381));
#3629 = VECTOR('',#3630,1.);
#3630 = DIRECTION('',(-0.923991247232,0.,0.382413617748));
#3631 = ORIENTED_EDGE('',*,*,#3632,.T.);
#3632 = EDGE_CURVE('',#3625,#3633,#3635,.T.);
#3633 = VERTEX_POINT('',#3634);
#3634 = CARTESIAN_POINT('',(295.38870239257,-27.,59.655323028564));
#3635 = LINE('',#3636,#3637);
#3636 = CARTESIAN_POINT('',(300.53994750976,-27.,59.758487701416));
#3637 = VECTOR('',#3638,1.);
#3638 = DIRECTION('',(-0.999799517271,0.,-2.002311825005E-02));
#3639 = ORIENTED_EDGE('',*,*,#3640,.F.);
#3640 = EDGE_CURVE('',#3641,#3633,#3643,.T.);
#3641 = VERTEX_POINT('',#3642);
#3642 = CARTESIAN_POINT('',(294.92010498046,-27.,59.50622177124));
#3643 = LINE('',#3644,#3645);
#3644 = CARTESIAN_POINT('',(294.92010498046,-27.,59.50622177124));
#3645 = VECTOR('',#3646,1.);
#3646 = DIRECTION('',(0.952924557444,0.,0.303207499611));
#3647 = ORIENTED_EDGE('',*,*,#3648,.F.);
#3648 = EDGE_CURVE('',#3649,#3641,#3651,.T.);
#3649 = VERTEX_POINT('',#3650);
#3650 = CARTESIAN_POINT('',(294.66091918945,-27.,59.355129241943));
#3651 = LINE('',#3652,#3653);
#3652 = CARTESIAN_POINT('',(294.66091918945,-27.,59.355129241943));
#3653 = VECTOR('',#3654,1.);
#3654 = DIRECTION('',(0.863922751874,0.,0.503624342933));
#3655 = ORIENTED_EDGE('',*,*,#3656,.F.);
#3656 = EDGE_CURVE('',#3657,#3649,#3659,.T.);
#3657 = VERTEX_POINT('',#3658);
#3658 = CARTESIAN_POINT('',(294.50888061523,-27.,59.191913604736));
#3659 = LINE('',#3660,#3661);
#3660 = CARTESIAN_POINT('',(294.50888061523,-27.,59.191913604736));
#3661 = VECTOR('',#3662,1.);
#3662 = DIRECTION('',(0.68160867239,0.,0.731716897252));
#3663 = ORIENTED_EDGE('',*,*,#3664,.F.);
#3664 = EDGE_CURVE('',#3665,#3657,#3667,.T.);
#3665 = VERTEX_POINT('',#3666);
#3666 = CARTESIAN_POINT('',(294.41329956054,-27.,58.992004394531));
#3667 = LINE('',#3668,#3669);
#3668 = CARTESIAN_POINT('',(294.41329956054,-27.,58.992004394531));
#3669 = VECTOR('',#3670,1.);
#3670 = DIRECTION('',(0.431353763681,0.,0.902182869799));
#3671 = ORIENTED_EDGE('',*,*,#3672,.F.);
#3672 = EDGE_CURVE('',#3673,#3665,#3675,.T.);
#3673 = VERTEX_POINT('',#3674);
#3674 = CARTESIAN_POINT('',(294.37878417968,-27.,58.779651641846));
#3675 = LINE('',#3676,#3677);
#3676 = CARTESIAN_POINT('',(294.37878417968,-27.,58.779651641846));
#3677 = VECTOR('',#3678,1.);
#3678 = DIRECTION('',(0.160432562922,0.,0.98704680373));
#3679 = ORIENTED_EDGE('',*,*,#3680,.F.);
#3680 = EDGE_CURVE('',#3681,#3673,#3683,.T.);
#3681 = VERTEX_POINT('',#3682);
#3682 = CARTESIAN_POINT('',(294.40213012695,-27.,58.583698272705));
#3683 = LINE('',#3684,#3685);
#3684 = CARTESIAN_POINT('',(294.40213012695,-27.,58.583698272705));
#3685 = VECTOR('',#3686,1.);
#3686 = DIRECTION('',(-0.118303653721,0.,0.992977464758));
#3687 = ORIENTED_EDGE('',*,*,#3688,.F.);
#3688 = EDGE_CURVE('',#3689,#3681,#3691,.T.);
#3689 = VERTEX_POINT('',#3690);
#3690 = CARTESIAN_POINT('',(294.47827148437,-27.,58.407989501953));
#3691 = LINE('',#3692,#3693);
#3692 = CARTESIAN_POINT('',(294.47827148437,-27.,58.407989501953));
#3693 = VECTOR('',#3694,1.);
#3694 = DIRECTION('',(-0.397611350901,0.,0.917553929551));
#3695 = ORIENTED_EDGE('',*,*,#3696,.F.);
#3696 = EDGE_CURVE('',#3697,#3689,#3699,.T.);
#3697 = VERTEX_POINT('',#3698);
#3698 = CARTESIAN_POINT('',(294.59426879882,-27.,58.271068572998));
#3699 = LINE('',#3700,#3701);
#3700 = CARTESIAN_POINT('',(294.59426879882,-27.,58.271068572998));
#3701 = VECTOR('',#3702,1.);
#3702 = DIRECTION('',(-0.64640048243,0.,0.762998306888));
#3703 = ORIENTED_EDGE('',*,*,#3704,.F.);
#3704 = EDGE_CURVE('',#3705,#3697,#3707,.T.);
#3705 = VERTEX_POINT('',#3706);
#3706 = CARTESIAN_POINT('',(294.76846313476,-27.,58.15743637085));
#3707 = LINE('',#3708,#3709);
#3708 = CARTESIAN_POINT('',(294.76846313476,-27.,58.15743637085));
#3709 = VECTOR('',#3710,1.);
#3710 = DIRECTION('',(-0.837550750524,0.,0.546359533913));
#3711 = ORIENTED_EDGE('',*,*,#3712,.F.);
#3712 = EDGE_CURVE('',#3713,#3705,#3715,.T.);
#3713 = VERTEX_POINT('',#3714);
#3714 = CARTESIAN_POINT('',(294.91064453125,-27.,58.105144500732));
#3715 = LINE('',#3716,#3717);
#3716 = CARTESIAN_POINT('',(294.91064453125,-27.,58.105144500732));
#3717 = VECTOR('',#3718,1.);
#3718 = DIRECTION('',(-0.938537290346,0.,0.345177859414));
#3719 = ORIENTED_EDGE('',*,*,#3720,.F.);
#3720 = EDGE_CURVE('',#3721,#3713,#3723,.T.);
#3721 = VERTEX_POINT('',#3722);
#3722 = CARTESIAN_POINT('',(299.86596679687,-27.,56.898986816406));
#3723 = LINE('',#3724,#3725);
#3724 = CARTESIAN_POINT('',(299.86596679687,-27.,56.898986816406));
#3725 = VECTOR('',#3726,1.);
#3726 = DIRECTION('',(-0.971631160898,0.,0.236501347082));
#3727 = ORIENTED_EDGE('',*,*,#3728,.F.);
#3728 = EDGE_CURVE('',#3729,#3721,#3731,.T.);
#3729 = VERTEX_POINT('',#3730);
#3730 = CARTESIAN_POINT('',(300.99774169921,-27.,56.595119476318));
#3731 = LINE('',#3732,#3733);
#3732 = CARTESIAN_POINT('',(300.99774169921,-27.,56.595119476318));
#3733 = VECTOR('',#3734,1.);
#3734 = DIRECTION('',(-0.965795746521,0.,0.259304022342));
#3735 = ORIENTED_EDGE('',*,*,#3736,.F.);
#3736 = EDGE_CURVE('',#3737,#3729,#3739,.T.);
#3737 = VERTEX_POINT('',#3738);
#3738 = CARTESIAN_POINT('',(302.78009033203,-27.,56.416244506836));
#3739 = LINE('',#3740,#3741);
#3740 = CARTESIAN_POINT('',(302.78009033203,-27.,56.416244506836));
#3741 = VECTOR('',#3742,1.);
#3742 = DIRECTION('',(-0.995001746982,0.,9.985751600434E-02));
#3743 = ORIENTED_EDGE('',*,*,#3744,.F.);
#3744 = EDGE_CURVE('',#3745,#3737,#3747,.T.);
#3745 = VERTEX_POINT('',#3746);
#3746 = CARTESIAN_POINT('',(304.37076944846,-27.,56.443345733752));
#3747 = LINE('',#3748,#3749);
#3748 = CARTESIAN_POINT('',(304.74682617187,-27.,56.449752807617));
#3749 = VECTOR('',#3750,1.);
#3750 = DIRECTION('',(-0.99985489305,0.,-1.703504752147E-02));
#3751 = ORIENTED_EDGE('',*,*,#3752,.T.);
#3752 = EDGE_CURVE('',#3745,#3753,#3755,.T.);
#3753 = VERTEX_POINT('',#3754);
#3754 = CARTESIAN_POINT('',(303.24462890625,-27.,56.409980773926));
#3755 = LINE('',#3756,#3757);
#3756 = CARTESIAN_POINT('',(305.06521606445,-27.,56.463920593262));
#3757 = VECTOR('',#3758,1.);
#3758 = DIRECTION('',(-0.999561388286,0.,-2.961470998869E-02));
#3759 = ORIENTED_EDGE('',*,*,#3760,.T.);
#3760 = EDGE_CURVE('',#3753,#3761,#3763,.T.);
#3761 = VERTEX_POINT('',#3762);
#3762 = CARTESIAN_POINT('',(325.09448242187,-27.,56.193462371826));
#3763 = LINE('',#3764,#3765);
#3764 = CARTESIAN_POINT('',(303.24462890625,-27.,56.409980773926));
#3765 = VECTOR('',#3766,1.);
#3766 = DIRECTION('',(0.999950905755,0.,-9.908888960616E-03));
#3767 = ORIENTED_EDGE('',*,*,#3768,.T.);
#3768 = EDGE_CURVE('',#3761,#3769,#3771,.T.);
#3769 = VERTEX_POINT('',#3770);
#3770 = CARTESIAN_POINT('',(325.35934448242,-27.,56.601409912109));
#3771 = LINE('',#3772,#3773);
#3772 = CARTESIAN_POINT('',(325.09448242187,-27.,56.193462371826));
#3773 = VECTOR('',#3774,1.);
#3774 = DIRECTION('',(0.544549127855,0.,0.838728947487));
#3775 = ORIENTED_EDGE('',*,*,#3776,.T.);
#3776 = EDGE_CURVE('',#3769,#3194,#3777,.T.);
#3777 = LINE('',#3778,#3779);
#3778 = CARTESIAN_POINT('',(325.35934448242,-27.,56.601409912109));
#3779 = VECTOR('',#3780,1.);
#3780 = DIRECTION('',(0.544507105257,0.,0.838756229381));
#3781 = ORIENTED_EDGE('',*,*,#3193,.F.);
#3782 = ORIENTED_EDGE('',*,*,#3783,.F.);
#3783 = EDGE_CURVE('',#3784,#3186,#3786,.T.);
#3784 = VERTEX_POINT('',#3785);
#3785 = CARTESIAN_POINT('',(357.68618774414,-27.,92.026031494141));
#3786 = LINE('',#3787,#3788);
#3787 = CARTESIAN_POINT('',(357.68618774414,-27.,92.026031494141));
#3788 = VECTOR('',#3789,1.);
#3789 = DIRECTION('',(-0.749554533628,0.,0.661942596543));
#3790 = ORIENTED_EDGE('',*,*,#3791,.T.);
#3791 = EDGE_CURVE('',#3784,#3792,#3794,.T.);
#3792 = VERTEX_POINT('',#3793);
#3793 = CARTESIAN_POINT('',(357.43057250976,-27.,93.247779846191));
#3794 = LINE('',#3795,#3796);
#3795 = CARTESIAN_POINT('',(357.68618774414,-27.,92.026031494141));
#3796 = VECTOR('',#3797,1.);
#3797 = DIRECTION('',(-0.204786755987,0.,0.978806612448));
#3798 = ORIENTED_EDGE('',*,*,#3799,.T.);
#3799 = EDGE_CURVE('',#3792,#3800,#3802,.T.);
#3800 = VERTEX_POINT('',#3801);
#3801 = CARTESIAN_POINT('',(356.45755004882,-27.,96.918365478516));
#3802 = LINE('',#3803,#3804);
#3803 = CARTESIAN_POINT('',(357.43057250976,-27.,93.247779846191));
#3804 = VECTOR('',#3805,1.);
#3805 = DIRECTION('',(-0.256236305011,0.,0.966614171215));
#3806 = ORIENTED_EDGE('',*,*,#3807,.T.);
#3807 = EDGE_CURVE('',#3800,#3808,#3810,.T.);
#3808 = VERTEX_POINT('',#3809);
#3809 = CARTESIAN_POINT('',(355.27102661132,-27.,100.14956665039));
#3810 = LINE('',#3811,#3812);
#3811 = CARTESIAN_POINT('',(356.45755004882,-27.,96.918365478516));
#3812 = VECTOR('',#3813,1.);
#3813 = DIRECTION('',(-0.344702676336,0.,0.938711917964));
#3814 = ORIENTED_EDGE('',*,*,#3815,.T.);
#3815 = EDGE_CURVE('',#3808,#3344,#3816,.T.);
#3816 = LINE('',#3817,#3818);
#3817 = CARTESIAN_POINT('',(355.27102661132,-27.,100.14956665039));
#3818 = VECTOR('',#3819,1.);
#3819 = DIRECTION('',(-0.446357027477,0.,0.894854962562));
#3820 = ORIENTED_EDGE('',*,*,#3343,.T.);
#3821 = ORIENTED_EDGE('',*,*,#3084,.T.);
#3822 = FACE_BOUND('',#3823,.T.);
#3823 = EDGE_LOOP('',(#3824,#3834,#3842));
#3824 = ORIENTED_EDGE('',*,*,#3825,.F.);
#3825 = EDGE_CURVE('',#3826,#3828,#3830,.T.);
#3826 = VERTEX_POINT('',#3827);
#3827 = CARTESIAN_POINT('',(312.84901212194,-27.,56.662620730385));
#3828 = VERTEX_POINT('',#3829);
#3829 = CARTESIAN_POINT('',(306.93402099609,-27.,56.540153503418));
#3830 = LINE('',#3831,#3832);
#3831 = CARTESIAN_POINT('',(314.01342773437,-27.,56.686729431152));
#3832 = VECTOR('',#3833,1.);
#3833 = DIRECTION('',(-0.999785729701,0.,-2.070011319933E-02));
#3834 = ORIENTED_EDGE('',*,*,#3835,.F.);
#3835 = EDGE_CURVE('',#3836,#3826,#3838,.T.);
#3836 = VERTEX_POINT('',#3837);
#3837 = CARTESIAN_POINT('',(305.12900585418,-27.,56.465548981245));
#3838 = LINE('',#3839,#3840);
#3839 = CARTESIAN_POINT('',(305.06521606445,-27.,56.463920593262));
#3840 = VECTOR('',#3841,1.);
#3841 = DIRECTION('',(0.999674334878,0.,2.551909453336E-02));
#3842 = ORIENTED_EDGE('',*,*,#3843,.F.);
#3843 = EDGE_CURVE('',#3828,#3836,#3844,.T.);
#3844 = LINE('',#3845,#3846);
#3845 = CARTESIAN_POINT('',(306.93402099609,-27.,56.540153503418));
#3846 = VECTOR('',#3847,1.);
#3847 = DIRECTION('',(-0.999146934041,0.,-4.129653977064E-02));
#3848 = FACE_BOUND('',#3849,.T.);
#3849 = EDGE_LOOP('',(#3850,#3860,#3868));
#3850 = ORIENTED_EDGE('',*,*,#3851,.F.);
#3851 = EDGE_CURVE('',#3852,#3854,#3856,.T.);
#3852 = VERTEX_POINT('',#3853);
#3853 = CARTESIAN_POINT('',(319.23736454084,-27.,56.647446243575));
#3854 = VERTEX_POINT('',#3855);
#3855 = CARTESIAN_POINT('',(314.01342773437,-27.,56.686729431152));
#3856 = LINE('',#3857,#3858);
#3857 = CARTESIAN_POINT('',(325.35934448242,-27.,56.601409912109));
#3858 = VECTOR('',#3859,1.);
#3859 = DIRECTION('',(-0.999971727175,0.,7.519630957442E-03));
#3860 = ORIENTED_EDGE('',*,*,#3861,.F.);
#3861 = EDGE_CURVE('',#3862,#3852,#3864,.T.);
#3862 = VERTEX_POINT('',#3863);
#3863 = CARTESIAN_POINT('',(313.86470876375,-27.,56.683650271853));
#3864 = LINE('',#3865,#3866);
#3865 = CARTESIAN_POINT('',(313.712890625,-27.,56.684673309326));
#3866 = VECTOR('',#3867,1.);
#3867 = DIRECTION('',(0.999977296596,0.,-6.738419103611E-03));
#3868 = ORIENTED_EDGE('',*,*,#3869,.F.);
#3869 = EDGE_CURVE('',#3854,#3862,#3870,.T.);
#3870 = LINE('',#3871,#3872);
#3871 = CARTESIAN_POINT('',(314.01342773437,-27.,56.686729431152));
#3872 = VECTOR('',#3873,1.);
#3873 = DIRECTION('',(-0.999785729701,0.,-2.070011319933E-02));
#3874 = PLANE('',#3875);
#3875 = AXIS2_PLACEMENT_3D('',#3876,#3877,#3878);
#3876 = CARTESIAN_POINT('',(329.22080700376,-27.,81.870088688978));
#3877 = DIRECTION('',(-0.,-1.,-0.));
#3878 = DIRECTION('',(0.,0.,-1.));
#3879 = ADVANCED_FACE('',(#3880),#3904,.F.);
#3880 = FACE_BOUND('',#3881,.F.);
#3881 = EDGE_LOOP('',(#3882,#3890,#3898));
#3882 = ORIENTED_EDGE('',*,*,#3883,.F.);
#3883 = EDGE_CURVE('',#3449,#3884,#3886,.T.);
#3884 = VERTEX_POINT('',#3885);
#3885 = CARTESIAN_POINT('',(336.44674682617,-18.10000038147,
    116.44738769531));
#3886 = LINE('',#3887,#3888);
#3887 = CARTESIAN_POINT('',(335.96612548828,-27.,115.94979095459));
#3888 = VECTOR('',#3889,1.);
#3889 = DIRECTION('',(5.383998989333E-02,0.996992542227,
    5.574160233718E-02));
#3890 = ORIENTED_EDGE('',*,*,#3891,.F.);
#3891 = EDGE_CURVE('',#3892,#3449,#3894,.T.);
#3892 = VERTEX_POINT('',#3893);
#3893 = CARTESIAN_POINT('',(335.96612548828,-18.10000038147,
    115.94979095459));
#3894 = LINE('',#3895,#3896);
#3895 = CARTESIAN_POINT('',(335.96612548828,-18.10000038147,
    115.94979095459));
#3896 = VECTOR('',#3897,1.);
#3897 = DIRECTION('',(0.,-1.,0.));
#3898 = ORIENTED_EDGE('',*,*,#3899,.F.);
#3899 = EDGE_CURVE('',#3884,#3892,#3900,.T.);
#3900 = LINE('',#3901,#3902);
#3901 = CARTESIAN_POINT('',(336.44674682617,-18.10000038147,
    116.44738769531));
#3902 = VECTOR('',#3903,1.);
#3903 = DIRECTION('',(-0.694731481334,0.,-0.719269190807));
#3904 = PLANE('',#3905);
#3905 = AXIS2_PLACEMENT_3D('',#3906,#3907,#3908);
#3906 = CARTESIAN_POINT('',(336.09094370667,-22.38375977461,
    116.07901771536));
#3907 = DIRECTION('',(0.719269190807,0.,-0.694731481334));
#3908 = DIRECTION('',(0.694731481334,0.,0.719269190807));
#3909 = ADVANCED_FACE('',(#3910),#3920,.F.);
#3910 = FACE_BOUND('',#3911,.F.);
#3911 = EDGE_LOOP('',(#3912,#3913,#3919));
#3912 = ORIENTED_EDGE('',*,*,#3883,.T.);
#3913 = ORIENTED_EDGE('',*,*,#3914,.T.);
#3914 = EDGE_CURVE('',#3884,#3441,#3915,.T.);
#3915 = LINE('',#3916,#3917);
#3916 = CARTESIAN_POINT('',(336.44674682617,-18.10000038147,
    116.44738769531));
#3917 = VECTOR('',#3918,1.);
#3918 = DIRECTION('',(5.786394614038E-02,-0.997350046226,
    4.409817491098E-02));
#3919 = ORIENTED_EDGE('',*,*,#3448,.T.);
#3920 = PLANE('',#3921);
#3921 = AXIS2_PLACEMENT_3D('',#3922,#3923,#3924);
#3922 = CARTESIAN_POINT('',(336.45626188909,-22.86011852977,
    116.41951716855));
#3923 = DIRECTION('',(0.666401698908,5.697403610847E-03,-0.745571133618)
  );
#3924 = DIRECTION('',(-0.745583234684,4.336808689942E-19,-0.666412515007
    ));
#3925 = ADVANCED_FACE('',(#3926),#3943,.F.);
#3926 = FACE_BOUND('',#3927,.F.);
#3927 = EDGE_LOOP('',(#3928,#3929,#3937));
#3928 = ORIENTED_EDGE('',*,*,#3472,.T.);
#3929 = ORIENTED_EDGE('',*,*,#3930,.F.);
#3930 = EDGE_CURVE('',#3931,#3473,#3933,.T.);
#3931 = VERTEX_POINT('',#3932);
#3932 = CARTESIAN_POINT('',(334.78186035156,-18.10000038147,
    112.54151153564));
#3933 = LINE('',#3934,#3935);
#3934 = CARTESIAN_POINT('',(334.78186035156,-18.10000038147,
    112.54151153564));
#3935 = VECTOR('',#3936,1.);
#3936 = DIRECTION('',(-3.583233184453E-03,-0.998086801914,
    -6.172435730487E-02));
#3937 = ORIENTED_EDGE('',*,*,#3938,.T.);
#3938 = EDGE_CURVE('',#3931,#3465,#3939,.T.);
#3939 = LINE('',#3940,#3941);
#3940 = CARTESIAN_POINT('',(334.78186035156,-18.10000038147,
    112.54151153564));
#3941 = VECTOR('',#3942,1.);
#3942 = DIRECTION('',(2.116816728665E-02,-0.988373748907,0.150563080352)
  );
#3943 = PLANE('',#3944);
#3944 = AXIS2_PLACEMENT_3D('',#3945,#3946,#3947);
#3945 = CARTESIAN_POINT('',(334.82560797048,-22.9804296929,
    112.76443491103));
#3946 = DIRECTION('',(0.993246015167,3.606122915921E-03,-0.115971329357)
  );
#3947 = DIRECTION('',(0.115972083417,0.,0.993252473376));
#3948 = ADVANCED_FACE('',(#3949),#3966,.F.);
#3949 = FACE_BOUND('',#3950,.F.);
#3950 = EDGE_LOOP('',(#3951,#3959,#3960));
#3951 = ORIENTED_EDGE('',*,*,#3952,.T.);
#3952 = EDGE_CURVE('',#3953,#3465,#3955,.T.);
#3953 = VERTEX_POINT('',#3954);
#3954 = CARTESIAN_POINT('',(334.97247314453,-18.10000038147,
    113.89728546142));
#3955 = LINE('',#3956,#3957);
#3956 = CARTESIAN_POINT('',(334.97247314453,-18.10000038147,
    113.89728546142));
#3957 = VECTOR('',#3958,1.);
#3958 = DIRECTION('',(0.,-1.,0.));
#3959 = ORIENTED_EDGE('',*,*,#3938,.F.);
#3960 = ORIENTED_EDGE('',*,*,#3961,.F.);
#3961 = EDGE_CURVE('',#3953,#3931,#3962,.T.);
#3962 = LINE('',#3963,#3964);
#3963 = CARTESIAN_POINT('',(334.97247314453,-18.10000038147,
    113.89728546142));
#3964 = VECTOR('',#3965,1.);
#3965 = DIRECTION('',(-0.139224093699,0.,-0.990260900841));
#3966 = PLANE('',#3967);
#3967 = AXIS2_PLACEMENT_3D('',#3968,#3969,#3970);
#3968 = CARTESIAN_POINT('',(334.92117607614,-22.23389593805,
    113.53242418055));
#3969 = DIRECTION('',(0.990260900841,0.,-0.139224093699));
#3970 = DIRECTION('',(0.139224093699,0.,0.990260900841));
#3971 = ADVANCED_FACE('',(#3972),#3994,.F.);
#3972 = FACE_BOUND('',#3973,.F.);
#3973 = EDGE_LOOP('',(#3974,#3980,#3988));
#3974 = ORIENTED_EDGE('',*,*,#3975,.T.);
#3975 = EDGE_CURVE('',#2381,#3545,#3976,.T.);
#3976 = LINE('',#3977,#3978);
#3977 = CARTESIAN_POINT('',(334.2744140625,-24.5,107.23052978515));
#3978 = VECTOR('',#3979,1.);
#3979 = DIRECTION('',(-0.263491053893,-0.454262414187,-0.851010060796));
#3980 = ORIENTED_EDGE('',*,*,#3981,.F.);
#3981 = EDGE_CURVE('',#3982,#3545,#3984,.T.);
#3982 = VERTEX_POINT('',#3983);
#3983 = CARTESIAN_POINT('',(332.82431030273,-24.5,102.54705810546));
#3984 = LINE('',#3985,#3986);
#3985 = CARTESIAN_POINT('',(332.82431030273,-24.5,102.54705810546));
#3986 = VECTOR('',#3987,1.);
#3987 = DIRECTION('',(0.,-1.,0.));
#3988 = ORIENTED_EDGE('',*,*,#3989,.T.);
#3989 = EDGE_CURVE('',#3982,#2381,#3990,.T.);
#3990 = LINE('',#3991,#3992);
#3991 = CARTESIAN_POINT('',(332.82431030273,-24.5,102.54705810546));
#3992 = VECTOR('',#3993,1.);
#3993 = DIRECTION('',(0.295768931197,0.,0.955259514131));
#3994 = PLANE('',#3995);
#3995 = AXIS2_PLACEMENT_3D('',#3996,#3997,#3998);
#3996 = CARTESIAN_POINT('',(333.40891633535,-25.27515010047,
    104.435189061));
#3997 = DIRECTION('',(0.955259514131,0.,-0.295768931197));
#3998 = DIRECTION('',(0.295768931197,0.,0.955259514131));
#3999 = ADVANCED_FACE('',(#4000),#4010,.F.);
#4000 = FACE_BOUND('',#4001,.F.);
#4001 = EDGE_LOOP('',(#4002,#4003,#4004));
#4002 = ORIENTED_EDGE('',*,*,#3544,.T.);
#4003 = ORIENTED_EDGE('',*,*,#3975,.F.);
#4004 = ORIENTED_EDGE('',*,*,#4005,.T.);
#4005 = EDGE_CURVE('',#2381,#3537,#4006,.T.);
#4006 = LINE('',#4007,#4008);
#4007 = CARTESIAN_POINT('',(334.2744140625,-24.5,107.23052978515));
#4008 = VECTOR('',#4009,1.);
#4009 = DIRECTION('',(8.124533397566E-02,-0.956129544503,0.281452464611)
  );
#4010 = PLANE('',#4011);
#4011 = AXIS2_PLACEMENT_3D('',#4012,#4013,#4014);
#4012 = CARTESIAN_POINT('',(333.75068731369,-26.26395776904,
    105.55398743242));
#4013 = DIRECTION('',(0.956012560662,-5.096825935076E-03,-0.293281445411
    ));
#4014 = DIRECTION('',(0.293285254864,0.,0.956024978376));
#4015 = ADVANCED_FACE('',(#4016),#4027,.T.);
#4016 = FACE_BOUND('',#4017,.T.);
#4017 = EDGE_LOOP('',(#4018,#4019,#4020,#4026));
#4018 = ORIENTED_EDGE('',*,*,#2513,.F.);
#4019 = ORIENTED_EDGE('',*,*,#2358,.F.);
#4020 = ORIENTED_EDGE('',*,*,#4021,.T.);
#4021 = EDGE_CURVE('',#2351,#3393,#4022,.T.);
#4022 = LINE('',#4023,#4024);
#4023 = CARTESIAN_POINT('',(345.95892333984,-16.39999961853,
    113.50872039794));
#4024 = VECTOR('',#4025,1.);
#4025 = DIRECTION('',(0.,-1.,0.));
#4026 = ORIENTED_EDGE('',*,*,#3392,.F.);
#4027 = PLANE('',#4028);
#4028 = AXIS2_PLACEMENT_3D('',#4029,#4030,#4031);
#4029 = CARTESIAN_POINT('',(346.16189575195,-21.69999980926,
    113.27613067627));
#4030 = DIRECTION('',(0.753448699137,0.,0.657506697889));
#4031 = DIRECTION('',(-0.657506697889,0.,0.753448699137));
#4032 = ADVANCED_FACE('',(#4033),#4051,.T.);
#4033 = FACE_BOUND('',#4034,.T.);
#4034 = EDGE_LOOP('',(#4035,#4036,#4037,#4045));
#4035 = ORIENTED_EDGE('',*,*,#2619,.T.);
#4036 = ORIENTED_EDGE('',*,*,#2543,.F.);
#4037 = ORIENTED_EDGE('',*,*,#4038,.T.);
#4038 = EDGE_CURVE('',#2544,#4039,#4041,.T.);
#4039 = VERTEX_POINT('',#4040);
#4040 = CARTESIAN_POINT('',(345.95892333984,27.,113.50872039794));
#4041 = LINE('',#4042,#4043);
#4042 = CARTESIAN_POINT('',(346.36486816406,27.,113.04354095459));
#4043 = VECTOR('',#4044,1.);
#4044 = DIRECTION('',(-0.657506697889,0.,0.753448699137));
#4045 = ORIENTED_EDGE('',*,*,#4046,.F.);
#4046 = EDGE_CURVE('',#2620,#4039,#4047,.T.);
#4047 = LINE('',#4048,#4049);
#4048 = CARTESIAN_POINT('',(345.95892333984,16.39999961853,
    113.50872039794));
#4049 = VECTOR('',#4050,1.);
#4050 = DIRECTION('',(0.,1.,0.));
#4051 = PLANE('',#4052);
#4052 = AXIS2_PLACEMENT_3D('',#4053,#4054,#4055);
#4053 = CARTESIAN_POINT('',(346.16189575195,21.699999809265,
    113.27613067627));
#4054 = DIRECTION('',(0.753448699137,0.,0.657506697889));
#4055 = DIRECTION('',(-0.657506697889,0.,0.753448699137));
#4056 = ADVANCED_FACE('',(#4057),#4075,.T.);
#4057 = FACE_BOUND('',#4058,.T.);
#4058 = EDGE_LOOP('',(#4059,#4060,#4068,#4074));
#4059 = ORIENTED_EDGE('',*,*,#3138,.F.);
#4060 = ORIENTED_EDGE('',*,*,#4061,.T.);
#4061 = EDGE_CURVE('',#3131,#4062,#4064,.T.);
#4062 = VERTEX_POINT('',#4063);
#4063 = CARTESIAN_POINT('',(341.9175415039,-22.10000038147,
    112.05285644531));
#4064 = LINE('',#4065,#4066);
#4065 = CARTESIAN_POINT('',(341.79797363281,-22.10000038147,
    111.40677642822));
#4066 = VECTOR('',#4067,1.);
#4067 = DIRECTION('',(0.181976577445,0.,0.98330286548));
#4068 = ORIENTED_EDGE('',*,*,#4069,.T.);
#4069 = EDGE_CURVE('',#4062,#2231,#4070,.T.);
#4070 = LINE('',#4071,#4072);
#4071 = CARTESIAN_POINT('',(341.9175415039,-22.10000038147,
    112.05285644531));
#4072 = VECTOR('',#4073,1.);
#4073 = DIRECTION('',(0.,1.,0.));
#4074 = ORIENTED_EDGE('',*,*,#2230,.F.);
#4075 = PLANE('',#4076);
#4076 = AXIS2_PLACEMENT_3D('',#4077,#4078,#4079);
#4077 = CARTESIAN_POINT('',(341.85775756835,-19.25,111.72981643676));
#4078 = DIRECTION('',(-0.98330286548,-0.,0.181976577445));
#4079 = DIRECTION('',(-0.181976577445,0.,-0.98330286548));
#4080 = ADVANCED_FACE('',(#4081),#4099,.T.);
#4081 = FACE_BOUND('',#4082,.T.);
#4082 = EDGE_LOOP('',(#4083,#4091,#4092,#4093));
#4083 = ORIENTED_EDGE('',*,*,#4084,.F.);
#4084 = EDGE_CURVE('',#3155,#4085,#4087,.T.);
#4085 = VERTEX_POINT('',#4086);
#4086 = CARTESIAN_POINT('',(341.9175415039,22.10000038147,
    112.05285644531));
#4087 = LINE('',#4088,#4089);
#4088 = CARTESIAN_POINT('',(341.79797363281,22.10000038147,
    111.40677642822));
#4089 = VECTOR('',#4090,1.);
#4090 = DIRECTION('',(0.181976577445,0.,0.98330286548));
#4091 = ORIENTED_EDGE('',*,*,#3154,.F.);
#4092 = ORIENTED_EDGE('',*,*,#2747,.T.);
#4093 = ORIENTED_EDGE('',*,*,#4094,.T.);
#4094 = EDGE_CURVE('',#2740,#4085,#4095,.T.);
#4095 = LINE('',#4096,#4097);
#4096 = CARTESIAN_POINT('',(341.9175415039,16.39999961853,
    112.05285644531));
#4097 = VECTOR('',#4098,1.);
#4098 = DIRECTION('',(0.,1.,0.));
#4099 = PLANE('',#4100);
#4100 = AXIS2_PLACEMENT_3D('',#4101,#4102,#4103);
#4101 = CARTESIAN_POINT('',(341.85775756835,19.25,111.72981643676));
#4102 = DIRECTION('',(-0.98330286548,-0.,0.181976577445));
#4103 = DIRECTION('',(-0.181976577445,0.,-0.98330286548));
#4104 = ADVANCED_FACE('',(#4105),#4123,.T.);
#4105 = FACE_BOUND('',#4106,.T.);
#4106 = EDGE_LOOP('',(#4107,#4108,#4109,#4117));
#4107 = ORIENTED_EDGE('',*,*,#3122,.T.);
#4108 = ORIENTED_EDGE('',*,*,#2214,.F.);
#4109 = ORIENTED_EDGE('',*,*,#4110,.F.);
#4110 = EDGE_CURVE('',#4111,#2207,#4113,.T.);
#4111 = VERTEX_POINT('',#4112);
#4112 = CARTESIAN_POINT('',(341.00814819335,-22.10000038147,
    110.37689208984));
#4113 = LINE('',#4114,#4115);
#4114 = CARTESIAN_POINT('',(341.00814819335,-22.10000038147,
    110.37689208984));
#4115 = VECTOR('',#4116,1.);
#4116 = DIRECTION('',(0.,1.,0.));
#4117 = ORIENTED_EDGE('',*,*,#4118,.T.);
#4118 = EDGE_CURVE('',#4111,#3123,#4119,.T.);
#4119 = LINE('',#4120,#4121);
#4120 = CARTESIAN_POINT('',(341.00814819335,-22.10000038147,
    110.37689208984));
#4121 = VECTOR('',#4122,1.);
#4122 = DIRECTION('',(0.725164080116,0.,0.688576108291));
#4123 = PLANE('',#4124);
#4124 = AXIS2_PLACEMENT_3D('',#4125,#4126,#4127);
#4125 = CARTESIAN_POINT('',(341.24638366699,-19.25,110.60310745239));
#4126 = DIRECTION('',(-0.688576108291,0.,0.725164080116));
#4127 = DIRECTION('',(0.725164080116,0.,0.688576108291));
#4128 = ADVANCED_FACE('',(#4129),#4147,.T.);
#4129 = FACE_BOUND('',#4130,.T.);
#4130 = EDGE_LOOP('',(#4131,#4132,#4133,#4141));
#4131 = ORIENTED_EDGE('',*,*,#2763,.T.);
#4132 = ORIENTED_EDGE('',*,*,#3170,.T.);
#4133 = ORIENTED_EDGE('',*,*,#4134,.F.);
#4134 = EDGE_CURVE('',#4135,#3163,#4137,.T.);
#4135 = VERTEX_POINT('',#4136);
#4136 = CARTESIAN_POINT('',(341.00814819335,22.10000038147,
    110.37689208984));
#4137 = LINE('',#4138,#4139);
#4138 = CARTESIAN_POINT('',(341.00814819335,22.10000038147,
    110.37689208984));
#4139 = VECTOR('',#4140,1.);
#4140 = DIRECTION('',(0.725164080116,0.,0.688576108291));
#4141 = ORIENTED_EDGE('',*,*,#4142,.F.);
#4142 = EDGE_CURVE('',#2764,#4135,#4143,.T.);
#4143 = LINE('',#4144,#4145);
#4144 = CARTESIAN_POINT('',(341.00814819335,16.39999961853,
    110.37689208984));
#4145 = VECTOR('',#4146,1.);
#4146 = DIRECTION('',(0.,1.,0.));
#4147 = PLANE('',#4148);
#4148 = AXIS2_PLACEMENT_3D('',#4149,#4150,#4151);
#4149 = CARTESIAN_POINT('',(341.24638366699,19.25,110.60310745239));
#4150 = DIRECTION('',(-0.688576108291,0.,0.725164080116));
#4151 = DIRECTION('',(0.725164080116,0.,0.688576108291));
#4152 = ADVANCED_FACE('',(#4153),#4171,.T.);
#4153 = FACE_BOUND('',#4154,.T.);
#4154 = EDGE_LOOP('',(#4155,#4156,#4164,#4170));
#4155 = ORIENTED_EDGE('',*,*,#2206,.F.);
#4156 = ORIENTED_EDGE('',*,*,#4157,.F.);
#4157 = EDGE_CURVE('',#4158,#2199,#4160,.T.);
#4158 = VERTEX_POINT('',#4159);
#4159 = CARTESIAN_POINT('',(340.41525268554,-22.10000038147,
    110.0938796997));
#4160 = LINE('',#4161,#4162);
#4161 = CARTESIAN_POINT('',(340.41525268554,-22.10000038147,
    110.0938796997));
#4162 = VECTOR('',#4163,1.);
#4163 = DIRECTION('',(0.,1.,0.));
#4164 = ORIENTED_EDGE('',*,*,#4165,.T.);
#4165 = EDGE_CURVE('',#4158,#4111,#4166,.T.);
#4166 = LINE('',#4167,#4168);
#4167 = CARTESIAN_POINT('',(340.41525268554,-22.10000038147,
    110.0938796997));
#4168 = VECTOR('',#4169,1.);
#4169 = DIRECTION('',(0.90245764465,0.,0.430778596977));
#4170 = ORIENTED_EDGE('',*,*,#4110,.T.);
#4171 = PLANE('',#4172);
#4172 = AXIS2_PLACEMENT_3D('',#4173,#4174,#4175);
#4173 = CARTESIAN_POINT('',(340.71170043945,-19.25,110.23538589477));
#4174 = DIRECTION('',(-0.430778596977,0.,0.90245764465));
#4175 = DIRECTION('',(0.90245764465,0.,0.430778596977));
#4176 = ADVANCED_FACE('',(#4177),#4195,.T.);
#4177 = FACE_BOUND('',#4178,.T.);
#4178 = EDGE_LOOP('',(#4179,#4180,#4181,#4189));
#4179 = ORIENTED_EDGE('',*,*,#2771,.F.);
#4180 = ORIENTED_EDGE('',*,*,#4142,.T.);
#4181 = ORIENTED_EDGE('',*,*,#4182,.F.);
#4182 = EDGE_CURVE('',#4183,#4135,#4185,.T.);
#4183 = VERTEX_POINT('',#4184);
#4184 = CARTESIAN_POINT('',(340.41525268554,22.10000038147,
    110.0938796997));
#4185 = LINE('',#4186,#4187);
#4186 = CARTESIAN_POINT('',(340.41525268554,22.10000038147,
    110.0938796997));
#4187 = VECTOR('',#4188,1.);
#4188 = DIRECTION('',(0.90245764465,0.,0.430778596977));
#4189 = ORIENTED_EDGE('',*,*,#4190,.F.);
#4190 = EDGE_CURVE('',#2772,#4183,#4191,.T.);
#4191 = LINE('',#4192,#4193);
#4192 = CARTESIAN_POINT('',(340.41525268554,16.39999961853,
    110.0938796997));
#4193 = VECTOR('',#4194,1.);
#4194 = DIRECTION('',(0.,1.,0.));
#4195 = PLANE('',#4196);
#4196 = AXIS2_PLACEMENT_3D('',#4197,#4198,#4199);
#4197 = CARTESIAN_POINT('',(340.71170043945,19.25,110.23538589477));
#4198 = DIRECTION('',(-0.430778596977,0.,0.90245764465));
#4199 = DIRECTION('',(0.90245764465,0.,0.430778596977));
#4200 = ADVANCED_FACE('',(#4201),#4212,.T.);
#4201 = FACE_BOUND('',#4202,.T.);
#4202 = EDGE_LOOP('',(#4203,#4204,#4205,#4211));
#4203 = ORIENTED_EDGE('',*,*,#2600,.T.);
#4204 = ORIENTED_EDGE('',*,*,#2954,.T.);
#4205 = ORIENTED_EDGE('',*,*,#4206,.F.);
#4206 = EDGE_CURVE('',#2373,#2946,#4207,.T.);
#4207 = LINE('',#4208,#4209);
#4208 = CARTESIAN_POINT('',(349.36999511718,-24.5,96.922286987305));
#4209 = VECTOR('',#4210,1.);
#4210 = DIRECTION('',(0.,1.,0.));
#4211 = ORIENTED_EDGE('',*,*,#2372,.F.);
#4212 = PLANE('',#4213);
#4213 = AXIS2_PLACEMENT_3D('',#4214,#4215,#4216);
#4214 = CARTESIAN_POINT('',(343.969582856,-2.445060440996E-16,
    100.61006087817));
#4215 = DIRECTION('',(-0.563929054197,-0.,-0.825823238855));
#4216 = DIRECTION('',(-0.825823238855,0.,0.563929054197));
#4217 = ADVANCED_FACE('',(#4218),#4234,.T.);
#4218 = FACE_BOUND('',#4219,.T.);
#4219 = EDGE_LOOP('',(#4220,#4226,#4227,#4233));
#4220 = ORIENTED_EDGE('',*,*,#4221,.F.);
#4221 = EDGE_CURVE('',#1967,#3800,#4222,.T.);
#4222 = LINE('',#4223,#4224);
#4223 = CARTESIAN_POINT('',(356.45755004882,-16.39999961853,
    96.918365478516));
#4224 = VECTOR('',#4225,1.);
#4225 = DIRECTION('',(0.,-1.,0.));
#4226 = ORIENTED_EDGE('',*,*,#1966,.F.);
#4227 = ORIENTED_EDGE('',*,*,#4228,.T.);
#4228 = EDGE_CURVE('',#1959,#3808,#4229,.T.);
#4229 = LINE('',#4230,#4231);
#4230 = CARTESIAN_POINT('',(355.27102661132,-16.39999961853,
    100.14956665039));
#4231 = VECTOR('',#4232,1.);
#4232 = DIRECTION('',(0.,-1.,0.));
#4233 = ORIENTED_EDGE('',*,*,#3807,.F.);
#4234 = PLANE('',#4235);
#4235 = AXIS2_PLACEMENT_3D('',#4236,#4237,#4238);
#4236 = CARTESIAN_POINT('',(355.86428833007,-21.69999980926,
    98.533966064453));
#4237 = DIRECTION('',(0.938711917964,0.,0.344702676336));
#4238 = DIRECTION('',(-0.344702676336,0.,0.938711917964));
#4239 = ADVANCED_FACE('',(#4240),#4265,.T.);
#4240 = FACE_BOUND('',#4241,.T.);
#4241 = EDGE_LOOP('',(#4242,#4243,#4251,#4259));
#4242 = ORIENTED_EDGE('',*,*,#3035,.T.);
#4243 = ORIENTED_EDGE('',*,*,#4244,.F.);
#4244 = EDGE_CURVE('',#4245,#3028,#4247,.T.);
#4245 = VERTEX_POINT('',#4246);
#4246 = CARTESIAN_POINT('',(356.45755004882,27.,96.918365478516));
#4247 = LINE('',#4248,#4249);
#4248 = CARTESIAN_POINT('',(356.45755004882,27.,96.918365478516));
#4249 = VECTOR('',#4250,1.);
#4250 = DIRECTION('',(0.,-1.,0.));
#4251 = ORIENTED_EDGE('',*,*,#4252,.T.);
#4252 = EDGE_CURVE('',#4245,#4253,#4255,.T.);
#4253 = VERTEX_POINT('',#4254);
#4254 = CARTESIAN_POINT('',(355.27102661132,27.,100.14956665039));
#4255 = LINE('',#4256,#4257);
#4256 = CARTESIAN_POINT('',(356.45755004882,27.,96.918365478516));
#4257 = VECTOR('',#4258,1.);
#4258 = DIRECTION('',(-0.344702676336,0.,0.938711917964));
#4259 = ORIENTED_EDGE('',*,*,#4260,.F.);
#4260 = EDGE_CURVE('',#3036,#4253,#4261,.T.);
#4261 = LINE('',#4262,#4263);
#4262 = CARTESIAN_POINT('',(355.27102661132,16.39999961853,
    100.14956665039));
#4263 = VECTOR('',#4264,1.);
#4264 = DIRECTION('',(0.,1.,0.));
#4265 = PLANE('',#4266);
#4266 = AXIS2_PLACEMENT_3D('',#4267,#4268,#4269);
#4267 = CARTESIAN_POINT('',(355.86428833007,21.699999809265,
    98.533966064453));
#4268 = DIRECTION('',(0.938711917964,0.,0.344702676336));
#4269 = DIRECTION('',(-0.344702676336,0.,0.938711917964));
#4270 = ADVANCED_FACE('',(#4271),#4282,.T.);
#4271 = FACE_BOUND('',#4272,.T.);
#4272 = EDGE_LOOP('',(#4273,#4279,#4280,#4281));
#4273 = ORIENTED_EDGE('',*,*,#4274,.F.);
#4274 = EDGE_CURVE('',#1975,#3792,#4275,.T.);
#4275 = LINE('',#4276,#4277);
#4276 = CARTESIAN_POINT('',(357.43057250976,-16.39999961853,
    93.247779846191));
#4277 = VECTOR('',#4278,1.);
#4278 = DIRECTION('',(0.,-1.,0.));
#4279 = ORIENTED_EDGE('',*,*,#1974,.F.);
#4280 = ORIENTED_EDGE('',*,*,#4221,.T.);
#4281 = ORIENTED_EDGE('',*,*,#3799,.F.);
#4282 = PLANE('',#4283);
#4283 = AXIS2_PLACEMENT_3D('',#4284,#4285,#4286);
#4284 = CARTESIAN_POINT('',(356.94406127929,-21.69999980926,
    95.083072662354));
#4285 = DIRECTION('',(0.966614171215,0.,0.256236305011));
#4286 = DIRECTION('',(-0.256236305011,0.,0.966614171215));
#4287 = ADVANCED_FACE('',(#4288),#4306,.T.);
#4288 = FACE_BOUND('',#4289,.T.);
#4289 = EDGE_LOOP('',(#4290,#4291,#4299,#4305));
#4290 = ORIENTED_EDGE('',*,*,#3027,.T.);
#4291 = ORIENTED_EDGE('',*,*,#4292,.F.);
#4292 = EDGE_CURVE('',#4293,#3020,#4295,.T.);
#4293 = VERTEX_POINT('',#4294);
#4294 = CARTESIAN_POINT('',(357.43057250976,27.,93.247779846191));
#4295 = LINE('',#4296,#4297);
#4296 = CARTESIAN_POINT('',(357.43057250976,27.,93.247779846191));
#4297 = VECTOR('',#4298,1.);
#4298 = DIRECTION('',(0.,-1.,0.));
#4299 = ORIENTED_EDGE('',*,*,#4300,.T.);
#4300 = EDGE_CURVE('',#4293,#4245,#4301,.T.);
#4301 = LINE('',#4302,#4303);
#4302 = CARTESIAN_POINT('',(357.43057250976,27.,93.247779846191));
#4303 = VECTOR('',#4304,1.);
#4304 = DIRECTION('',(-0.256236305011,0.,0.966614171215));
#4305 = ORIENTED_EDGE('',*,*,#4244,.T.);
#4306 = PLANE('',#4307);
#4307 = AXIS2_PLACEMENT_3D('',#4308,#4309,#4310);
#4308 = CARTESIAN_POINT('',(356.94406127929,21.699999809265,
    95.083072662354));
#4309 = DIRECTION('',(0.966614171215,0.,0.256236305011));
#4310 = DIRECTION('',(-0.256236305011,0.,0.966614171215));
#4311 = ADVANCED_FACE('',(#4312,#4522),#4546,.T.);
#4312 = FACE_BOUND('',#4313,.T.);
#4313 = EDGE_LOOP('',(#4314,#4315,#4323,#4331,#4339,#4347,#4355,#4363,
    #4371,#4379,#4387,#4395,#4403,#4411,#4419,#4427,#4435,#4443,#4451,
    #4459,#4467,#4475,#4483,#4491,#4499,#4507,#4515,#4521));
#4314 = ORIENTED_EDGE('',*,*,#3209,.F.);
#4315 = ORIENTED_EDGE('',*,*,#4316,.F.);
#4316 = EDGE_CURVE('',#4317,#3202,#4319,.T.);
#4317 = VERTEX_POINT('',#4318);
#4318 = CARTESIAN_POINT('',(325.35934448242,-25.89999961853,
    56.601409912109));
#4319 = LINE('',#4320,#4321);
#4320 = CARTESIAN_POINT('',(325.35934448242,-25.89999961853,
    56.601409912109));
#4321 = VECTOR('',#4322,1.);
#4322 = DIRECTION('',(0.544507105257,0.,0.838756229381));
#4323 = ORIENTED_EDGE('',*,*,#4324,.F.);
#4324 = EDGE_CURVE('',#4325,#4317,#4327,.T.);
#4325 = VERTEX_POINT('',#4326);
#4326 = CARTESIAN_POINT('',(325.09448242187,-25.89999961853,
    56.193462371826));
#4327 = LINE('',#4328,#4329);
#4328 = CARTESIAN_POINT('',(325.09448242187,-25.89999961853,
    56.193462371826));
#4329 = VECTOR('',#4330,1.);
#4330 = DIRECTION('',(0.544549127855,0.,0.838728947487));
#4331 = ORIENTED_EDGE('',*,*,#4332,.T.);
#4332 = EDGE_CURVE('',#4325,#4333,#4335,.T.);
#4333 = VERTEX_POINT('',#4334);
#4334 = CARTESIAN_POINT('',(340.80950927734,-25.89999961853,
    56.037689208984));
#4335 = LINE('',#4336,#4337);
#4336 = CARTESIAN_POINT('',(325.09448242187,-25.89999961853,
    56.193462371826));
#4337 = VECTOR('',#4338,1.);
#4338 = DIRECTION('',(0.999950876079,0.,-9.911883198537E-03));
#4339 = ORIENTED_EDGE('',*,*,#4340,.T.);
#4340 = EDGE_CURVE('',#4333,#4341,#4343,.T.);
#4341 = VERTEX_POINT('',#4342);
#4342 = CARTESIAN_POINT('',(337.73310184729,-25.89999961853,
    56.216068211147));
#4343 = LINE('',#4344,#4345);
#4344 = CARTESIAN_POINT('',(340.80950927734,-25.89999961853,
    56.037689208984));
#4345 = VECTOR('',#4346,1.);
#4346 = DIRECTION('',(-0.998323218913,0.,5.788566816153E-02));
#4347 = ORIENTED_EDGE('',*,*,#4348,.F.);
#4348 = EDGE_CURVE('',#4349,#4341,#4351,.T.);
#4349 = VERTEX_POINT('',#4350);
#4350 = CARTESIAN_POINT('',(338.27130126953,-25.89999961853,
    56.19437789917));
#4351 = LINE('',#4352,#4353);
#4352 = CARTESIAN_POINT('',(338.27130126953,-25.89999961853,
    56.19437789917));
#4353 = VECTOR('',#4354,1.);
#4354 = DIRECTION('',(-0.999188877408,0.,4.026893671648E-02));
#4355 = ORIENTED_EDGE('',*,*,#4356,.F.);
#4356 = EDGE_CURVE('',#4357,#4349,#4359,.T.);
#4357 = VERTEX_POINT('',#4358);
#4358 = CARTESIAN_POINT('',(342.24429321289,-25.89999961853,
    56.001564025879));
#4359 = LINE('',#4360,#4361);
#4360 = CARTESIAN_POINT('',(342.24429321289,-25.89999961853,
    56.001564025879));
#4361 = VECTOR('',#4362,1.);
#4362 = DIRECTION('',(-0.998824439841,0.,4.847410005585E-02));
#4363 = ORIENTED_EDGE('',*,*,#4364,.F.);
#4364 = EDGE_CURVE('',#4365,#4357,#4367,.T.);
#4365 = VERTEX_POINT('',#4366);
#4366 = CARTESIAN_POINT('',(345.17306518554,-25.89999961853,
    56.202304840088));
#4367 = LINE('',#4368,#4369);
#4368 = CARTESIAN_POINT('',(345.17306518554,-25.89999961853,
    56.202304840088));
#4369 = VECTOR('',#4370,1.);
#4370 = DIRECTION('',(-0.997659313013,0.,-6.838051738654E-02));
#4371 = ORIENTED_EDGE('',*,*,#4372,.F.);
#4372 = EDGE_CURVE('',#4373,#4365,#4375,.T.);
#4373 = VERTEX_POINT('',#4374);
#4374 = CARTESIAN_POINT('',(348.52969360351,-25.89999961853,
    56.913791656494));
#4375 = LINE('',#4376,#4377);
#4376 = CARTESIAN_POINT('',(348.52969360351,-25.89999961853,
    56.913791656494));
#4377 = VECTOR('',#4378,1.);
#4378 = DIRECTION('',(-0.978265188874,0.,-0.207357710823));
#4379 = ORIENTED_EDGE('',*,*,#4380,.F.);
#4380 = EDGE_CURVE('',#4381,#4373,#4383,.T.);
#4381 = VERTEX_POINT('',#4382);
#4382 = CARTESIAN_POINT('',(350.79946899414,-25.89999961853,
    57.673866271973));
#4383 = LINE('',#4384,#4385);
#4384 = CARTESIAN_POINT('',(350.79946899414,-25.89999961853,
    57.673866271973));
#4385 = VECTOR('',#4386,1.);
#4386 = DIRECTION('',(-0.948245888274,0.,-0.317536982684));
#4387 = ORIENTED_EDGE('',*,*,#4388,.F.);
#4388 = EDGE_CURVE('',#4389,#4381,#4391,.T.);
#4389 = VERTEX_POINT('',#4390);
#4390 = CARTESIAN_POINT('',(352.9197692871,-25.89999961853,
    58.780025482178));
#4391 = LINE('',#4392,#4393);
#4392 = CARTESIAN_POINT('',(352.9197692871,-25.89999961853,
    58.780025482178));
#4393 = VECTOR('',#4394,1.);
#4394 = DIRECTION('',(-0.886599322581,0.,-0.462538259173));
#4395 = ORIENTED_EDGE('',*,*,#4396,.F.);
#4396 = EDGE_CURVE('',#4397,#4389,#4399,.T.);
#4397 = VERTEX_POINT('',#4398);
#4398 = CARTESIAN_POINT('',(355.60382080078,-25.89999961853,
    60.680721282959));
#4399 = LINE('',#4400,#4401);
#4400 = CARTESIAN_POINT('',(355.60382080078,-25.89999961853,
    60.680721282959));
#4401 = VECTOR('',#4402,1.);
#4402 = DIRECTION('',(-0.816097237006,0.,-0.577914612855));
#4403 = ORIENTED_EDGE('',*,*,#4404,.F.);
#4404 = EDGE_CURVE('',#4405,#4397,#4407,.T.);
#4405 = VERTEX_POINT('',#4406);
#4406 = CARTESIAN_POINT('',(357.71127319335,-25.89999961853,
    62.488349914551));
#4407 = LINE('',#4408,#4409);
#4408 = CARTESIAN_POINT('',(357.71127319335,-25.89999961853,
    62.488349914551));
#4409 = VECTOR('',#4410,1.);
#4410 = DIRECTION('',(-0.759035727735,0.,-0.651048972061));
#4411 = ORIENTED_EDGE('',*,*,#4412,.F.);
#4412 = EDGE_CURVE('',#4413,#4405,#4415,.T.);
#4413 = VERTEX_POINT('',#4414);
#4414 = CARTESIAN_POINT('',(359.53842163085,-25.89999961853,
    64.508232116699));
#4415 = LINE('',#4416,#4417);
#4416 = CARTESIAN_POINT('',(359.53842163085,-25.89999961853,
    64.508232116699));
#4417 = VECTOR('',#4418,1.);
#4418 = DIRECTION('',(-0.670839827377,0.,-0.741602269417));
#4419 = ORIENTED_EDGE('',*,*,#4420,.F.);
#4420 = EDGE_CURVE('',#4421,#4413,#4423,.T.);
#4421 = VERTEX_POINT('',#4422);
#4422 = CARTESIAN_POINT('',(359.84045410156,-25.89999961853,
    64.910087585449));
#4423 = LINE('',#4424,#4425);
#4424 = CARTESIAN_POINT('',(359.84045410156,-25.89999961853,
    64.910087585449));
#4425 = VECTOR('',#4426,1.);
#4426 = DIRECTION('',(-0.600815587876,0.,-0.799387659003));
#4427 = ORIENTED_EDGE('',*,*,#4428,.F.);
#4428 = EDGE_CURVE('',#4429,#4421,#4431,.T.);
#4429 = VERTEX_POINT('',#4430);
#4430 = CARTESIAN_POINT('',(361.38543701171,-25.89999961853,
    67.430351257324));
#4431 = LINE('',#4432,#4433);
#4432 = CARTESIAN_POINT('',(361.38543701171,-25.89999961853,
    67.430351257324));
#4433 = VECTOR('',#4434,1.);
#4434 = DIRECTION('',(-0.522637100351,0.,-0.852555254126));
#4435 = ORIENTED_EDGE('',*,*,#4436,.F.);
#4436 = EDGE_CURVE('',#4437,#4429,#4439,.T.);
#4437 = VERTEX_POINT('',#4438);
#4438 = CARTESIAN_POINT('',(362.56564331054,-25.89999961853,
    70.233444213867));
#4439 = LINE('',#4440,#4441);
#4440 = CARTESIAN_POINT('',(362.56564331054,-25.89999961853,
    70.233444213867));
#4441 = VECTOR('',#4442,1.);
#4442 = DIRECTION('',(-0.388044888396,0.,-0.921640474692));
#4443 = ORIENTED_EDGE('',*,*,#4444,.F.);
#4444 = EDGE_CURVE('',#4445,#4437,#4447,.T.);
#4445 = VERTEX_POINT('',#4446);
#4446 = CARTESIAN_POINT('',(363.33502197265,-25.89999961853,
    73.20524597168));
#4447 = LINE('',#4448,#4449);
#4448 = CARTESIAN_POINT('',(363.33502197265,-25.89999961853,
    73.20524597168));
#4449 = VECTOR('',#4450,1.);
#4450 = DIRECTION('',(-0.250629902969,0.,-0.968082977713));
#4451 = ORIENTED_EDGE('',*,*,#4452,.F.);
#4452 = EDGE_CURVE('',#4453,#4445,#4455,.T.);
#4453 = VERTEX_POINT('',#4454);
#4454 = CARTESIAN_POINT('',(363.67105102539,-25.89999961853,
    76.282997131348));
#4455 = LINE('',#4456,#4457);
#4456 = CARTESIAN_POINT('',(363.67105102539,-25.89999961853,
    76.282997131348));
#4457 = VECTOR('',#4458,1.);
#4458 = DIRECTION('',(-0.108535090586,0.,-0.994092618477));
#4459 = ORIENTED_EDGE('',*,*,#4460,.F.);
#4460 = EDGE_CURVE('',#4461,#4453,#4463,.T.);
#4461 = VERTEX_POINT('',#4462);
#4462 = CARTESIAN_POINT('',(363.56372070312,-25.89999961853,
    79.421592712402));
#4463 = LINE('',#4464,#4465);
#4464 = CARTESIAN_POINT('',(363.56372070312,-25.89999961853,
    79.421592712402));
#4465 = VECTOR('',#4466,1.);
#4466 = DIRECTION('',(3.417694852595E-02,0.,-0.999415797448));
#4467 = ORIENTED_EDGE('',*,*,#4468,.F.);
#4468 = EDGE_CURVE('',#4469,#4461,#4471,.T.);
#4469 = VERTEX_POINT('',#4470);
#4470 = CARTESIAN_POINT('',(363.02645874023,-25.89999961853,
    82.504188537598));
#4471 = LINE('',#4472,#4473);
#4472 = CARTESIAN_POINT('',(363.02645874023,-25.89999961853,
    82.504188537598));
#4473 = VECTOR('',#4474,1.);
#4474 = DIRECTION('',(0.171700483086,0.,-0.985149198907));
#4475 = ORIENTED_EDGE('',*,*,#4476,.F.);
#4476 = EDGE_CURVE('',#4477,#4469,#4479,.T.);
#4477 = VERTEX_POINT('',#4478);
#4478 = CARTESIAN_POINT('',(362.94580078125,-25.89999961853,
    82.823852539062));
#4479 = LINE('',#4480,#4481);
#4480 = CARTESIAN_POINT('',(362.94580078125,-25.89999961853,
    82.823852539062));
#4481 = VECTOR('',#4482,1.);
#4482 = DIRECTION('',(0.244653185646,0.,-0.969610653176));
#4483 = ORIENTED_EDGE('',*,*,#4484,.F.);
#4484 = EDGE_CURVE('',#4485,#4477,#4487,.T.);
#4485 = VERTEX_POINT('',#4486);
#4486 = CARTESIAN_POINT('',(362.0361328125,-25.89999961853,
    85.569625854492));
#4487 = LINE('',#4488,#4489);
#4488 = CARTESIAN_POINT('',(362.0361328125,-25.89999961853,
    85.569625854492));
#4489 = VECTOR('',#4490,1.);
#4490 = DIRECTION('',(0.314487991916,0.,-0.949261451309));
#4491 = ORIENTED_EDGE('',*,*,#4492,.F.);
#4492 = EDGE_CURVE('',#4493,#4485,#4495,.T.);
#4493 = VERTEX_POINT('',#4494);
#4494 = CARTESIAN_POINT('',(360.80316162109,-25.89999961853,
    88.072273254395));
#4495 = LINE('',#4496,#4497);
#4496 = CARTESIAN_POINT('',(360.80316162109,-25.89999961853,
    88.072273254395));
#4497 = VECTOR('',#4498,1.);
#4498 = DIRECTION('',(0.441943270782,0.,-0.897043000871));
#4499 = ORIENTED_EDGE('',*,*,#4500,.F.);
#4500 = EDGE_CURVE('',#4501,#4493,#4503,.T.);
#4501 = VERTEX_POINT('',#4502);
#4502 = CARTESIAN_POINT('',(359.30682373046,-25.89999961853,
    90.234565734863));
#4503 = LINE('',#4504,#4505);
#4504 = CARTESIAN_POINT('',(359.30682373046,-25.89999961853,
    90.234565734863));
#4505 = VECTOR('',#4506,1.);
#4506 = DIRECTION('',(0.569047024672,0.,-0.822304982177));
#4507 = ORIENTED_EDGE('',*,*,#4508,.F.);
#4508 = EDGE_CURVE('',#4509,#4501,#4511,.T.);
#4509 = VERTEX_POINT('',#4510);
#4510 = CARTESIAN_POINT('',(357.54057404778,-25.89999961853,
    92.154625083982));
#4511 = LINE('',#4512,#4513);
#4512 = CARTESIAN_POINT('',(357.41030883789,-25.89999961853,
    92.296234130859));
#4513 = VECTOR('',#4514,1.);
#4514 = DIRECTION('',(0.677013989353,0.,-0.735970147642));
#4515 = ORIENTED_EDGE('',*,*,#4516,.F.);
#4516 = EDGE_CURVE('',#3298,#4509,#4517,.T.);
#4517 = LINE('',#4518,#4519);
#4518 = CARTESIAN_POINT('',(359.16453303877,-25.89999961853,
    90.720483093039));
#4519 = VECTOR('',#4520,1.);
#4520 = DIRECTION('',(0.749554533628,0.,-0.661942596543));
#4521 = ORIENTED_EDGE('',*,*,#3297,.F.);
#4522 = FACE_BOUND('',#4523,.T.);
#4523 = EDGE_LOOP('',(#4524,#4534,#4540));
#4524 = ORIENTED_EDGE('',*,*,#4525,.F.);
#4525 = EDGE_CURVE('',#4526,#4528,#4530,.T.);
#4526 = VERTEX_POINT('',#4527);
#4527 = CARTESIAN_POINT('',(332.84090451145,-25.89999961853,
    56.413231719844));
#4528 = VERTEX_POINT('',#4529);
#4529 = CARTESIAN_POINT('',(331.01287841796,-25.89999961853,
    56.486904144287));
#4530 = LINE('',#4531,#4532);
#4531 = CARTESIAN_POINT('',(338.27130126953,-25.89999961853,
    56.19437789917));
#4532 = VECTOR('',#4533,1.);
#4533 = DIRECTION('',(-0.999188877408,0.,4.026893671648E-02));
#4534 = ORIENTED_EDGE('',*,*,#4535,.T.);
#4535 = EDGE_CURVE('',#4526,#4317,#4536,.T.);
#4536 = LINE('',#4537,#4538);
#4537 = CARTESIAN_POINT('',(335.47564697265,-25.89999961853,
    56.346961975098));
#4538 = VECTOR('',#4539,1.);
#4539 = DIRECTION('',(-0.99968383175,0.,2.514431422926E-02));
#4540 = ORIENTED_EDGE('',*,*,#4541,.T.);
#4541 = EDGE_CURVE('',#4317,#4528,#4542,.T.);
#4542 = LINE('',#4543,#4544);
#4543 = CARTESIAN_POINT('',(325.35934448242,-25.89999961853,
    56.601409912109));
#4544 = VECTOR('',#4545,1.);
#4545 = DIRECTION('',(0.99979495408,0.,-2.024968633546E-02));
#4546 = PLANE('',#4547);
#4547 = AXIS2_PLACEMENT_3D('',#4548,#4549,#4550);
#4548 = CARTESIAN_POINT('',(346.23148675414,-25.89999961853,
    71.717403553607));
#4549 = DIRECTION('',(-0.,-1.,-0.));
#4550 = DIRECTION('',(0.,0.,-1.));
#4551 = ADVANCED_FACE('',(#4552),#4572,.T.);
#4552 = FACE_BOUND('',#4553,.T.);
#4553 = EDGE_LOOP('',(#4554,#4560,#4561,#4562,#4563,#4564,#4565,#4571));
#4554 = ORIENTED_EDGE('',*,*,#4555,.T.);
#4555 = EDGE_CURVE('',#1983,#3784,#4556,.T.);
#4556 = LINE('',#4557,#4558);
#4557 = CARTESIAN_POINT('',(357.68618774414,-16.39999961853,
    92.026031494141));
#4558 = VECTOR('',#4559,1.);
#4559 = DIRECTION('',(0.,-1.,0.));
#4560 = ORIENTED_EDGE('',*,*,#3783,.T.);
#4561 = ORIENTED_EDGE('',*,*,#3185,.F.);
#4562 = ORIENTED_EDGE('',*,*,#2014,.T.);
#4563 = ORIENTED_EDGE('',*,*,#3305,.T.);
#4564 = ORIENTED_EDGE('',*,*,#4516,.T.);
#4565 = ORIENTED_EDGE('',*,*,#4566,.T.);
#4566 = EDGE_CURVE('',#4509,#1991,#4567,.T.);
#4567 = LINE('',#4568,#4569);
#4568 = CARTESIAN_POINT('',(357.54057404778,-11.55332634953,
    92.154625083982));
#4569 = VECTOR('',#4570,1.);
#4570 = DIRECTION('',(0.,1.,0.));
#4571 = ORIENTED_EDGE('',*,*,#1990,.T.);
#4572 = PLANE('',#4573);
#4573 = AXIS2_PLACEMENT_3D('',#4574,#4575,#4576);
#4574 = CARTESIAN_POINT('',(356.46206579603,-22.00452476536,
    93.107071531202));
#4575 = DIRECTION('',(-0.661942596543,-3.755544000727E-16,
    -0.749554533628));
#4576 = DIRECTION('',(-0.749554533628,-2.465190328816E-32,0.661942596543
    ));
#4577 = ADVANCED_FACE('',(#4578),#4612,.T.);
#4578 = FACE_BOUND('',#4579,.T.);
#4579 = EDGE_LOOP('',(#4580,#4581,#4582,#4583,#4591,#4597,#4598,#4606));
#4580 = ORIENTED_EDGE('',*,*,#3319,.F.);
#4581 = ORIENTED_EDGE('',*,*,#2987,.F.);
#4582 = ORIENTED_EDGE('',*,*,#3265,.F.);
#4583 = ORIENTED_EDGE('',*,*,#4584,.F.);
#4584 = EDGE_CURVE('',#4585,#3258,#4587,.T.);
#4585 = VERTEX_POINT('',#4586);
#4586 = CARTESIAN_POINT('',(357.68618774414,27.,92.026031494141));
#4587 = LINE('',#4588,#4589);
#4588 = CARTESIAN_POINT('',(357.68618774414,27.,92.026031494141));
#4589 = VECTOR('',#4590,1.);
#4590 = DIRECTION('',(-0.749554533628,0.,0.661942596543));
#4591 = ORIENTED_EDGE('',*,*,#4592,.F.);
#4592 = EDGE_CURVE('',#3012,#4585,#4593,.T.);
#4593 = LINE('',#4594,#4595);
#4594 = CARTESIAN_POINT('',(357.68618774414,16.39999961853,
    92.026031494141));
#4595 = VECTOR('',#4596,1.);
#4596 = DIRECTION('',(0.,1.,0.));
#4597 = ORIENTED_EDGE('',*,*,#3011,.F.);
#4598 = ORIENTED_EDGE('',*,*,#4599,.F.);
#4599 = EDGE_CURVE('',#4600,#3004,#4602,.T.);
#4600 = VERTEX_POINT('',#4601);
#4601 = CARTESIAN_POINT('',(357.54057404778,25.89999961853,
    92.154625083982));
#4602 = LINE('',#4603,#4604);
#4603 = CARTESIAN_POINT('',(357.54057404778,10.146673459729,
    92.154625083982));
#4604 = VECTOR('',#4605,1.);
#4605 = DIRECTION('',(0.,-1.,0.));
#4606 = ORIENTED_EDGE('',*,*,#4607,.F.);
#4607 = EDGE_CURVE('',#3320,#4600,#4608,.T.);
#4608 = LINE('',#4609,#4610);
#4609 = CARTESIAN_POINT('',(359.16453303877,25.89999961853,
    90.720483093039));
#4610 = VECTOR('',#4611,1.);
#4611 = DIRECTION('',(0.749554533628,0.,-0.661942596543));
#4612 = PLANE('',#4613);
#4613 = AXIS2_PLACEMENT_3D('',#4614,#4615,#4616);
#4614 = CARTESIAN_POINT('',(356.46206579603,22.004524765368,
    93.107071531201));
#4615 = DIRECTION('',(-0.661942596543,-0.,-0.749554533628));
#4616 = DIRECTION('',(-0.749554533628,0.,0.661942596543));
#4617 = ADVANCED_FACE('',(#4618),#4624,.T.);
#4618 = FACE_BOUND('',#4619,.T.);
#4619 = EDGE_LOOP('',(#4620,#4621,#4622,#4623));
#4620 = ORIENTED_EDGE('',*,*,#4228,.F.);
#4621 = ORIENTED_EDGE('',*,*,#1958,.F.);
#4622 = ORIENTED_EDGE('',*,*,#3351,.T.);
#4623 = ORIENTED_EDGE('',*,*,#3815,.F.);
#4624 = PLANE('',#4625);
#4625 = AXIS2_PLACEMENT_3D('',#4626,#4627,#4628);
#4626 = CARTESIAN_POINT('',(354.50433349609,-21.69999980926,
    101.68663024902));
#4627 = DIRECTION('',(0.894854962562,0.,0.446357027477));
#4628 = DIRECTION('',(-0.446357027477,0.,0.894854962562));
#4629 = ADVANCED_FACE('',(#4630),#4641,.T.);
#4630 = FACE_BOUND('',#4631,.T.);
#4631 = EDGE_LOOP('',(#4632,#4633,#4634,#4640));
#4632 = ORIENTED_EDGE('',*,*,#3043,.T.);
#4633 = ORIENTED_EDGE('',*,*,#4260,.T.);
#4634 = ORIENTED_EDGE('',*,*,#4635,.T.);
#4635 = EDGE_CURVE('',#4253,#3369,#4636,.T.);
#4636 = LINE('',#4637,#4638);
#4637 = CARTESIAN_POINT('',(355.27102661132,27.,100.14956665039));
#4638 = VECTOR('',#4639,1.);
#4639 = DIRECTION('',(-0.446357027477,0.,0.894854962562));
#4640 = ORIENTED_EDGE('',*,*,#3368,.T.);
#4641 = PLANE('',#4642);
#4642 = AXIS2_PLACEMENT_3D('',#4643,#4644,#4645);
#4643 = CARTESIAN_POINT('',(354.50433349609,21.699999809265,
    101.68663024902));
#4644 = DIRECTION('',(0.894854962562,0.,0.446357027477));
#4645 = DIRECTION('',(-0.446357027477,0.,0.894854962562));
#4646 = ADVANCED_FACE('',(#4647),#4779,.T.);
#4647 = FACE_BOUND('',#4648,.T.);
#4648 = EDGE_LOOP('',(#4649,#4650,#4651,#4652,#4660,#4668,#4676,#4684,
    #4692,#4700,#4708,#4716,#4724,#4732,#4740,#4748,#4756,#4764,#4772,
    #4778));
#4649 = ORIENTED_EDGE('',*,*,#3130,.F.);
#4650 = ORIENTED_EDGE('',*,*,#4118,.F.);
#4651 = ORIENTED_EDGE('',*,*,#4165,.F.);
#4652 = ORIENTED_EDGE('',*,*,#4653,.F.);
#4653 = EDGE_CURVE('',#4654,#4158,#4656,.T.);
#4654 = VERTEX_POINT('',#4655);
#4655 = CARTESIAN_POINT('',(339.76382446289,-22.10000038147,
    110.00799560546));
#4656 = LINE('',#4657,#4658);
#4657 = CARTESIAN_POINT('',(339.76382446289,-22.10000038147,
    110.00799560546));
#4658 = VECTOR('',#4659,1.);
#4659 = DIRECTION('',(0.991420828073,0.,0.130708613577));
#4660 = ORIENTED_EDGE('',*,*,#4661,.F.);
#4661 = EDGE_CURVE('',#4662,#4654,#4664,.T.);
#4662 = VERTEX_POINT('',#4663);
#4663 = CARTESIAN_POINT('',(339.11782836914,-22.10000038147,
    110.12747192382));
#4664 = LINE('',#4665,#4666);
#4665 = CARTESIAN_POINT('',(339.11782836914,-22.10000038147,
    110.12747192382));
#4666 = VECTOR('',#4667,1.);
#4667 = DIRECTION('',(0.983323565523,0.,-0.181864690052));
#4668 = ORIENTED_EDGE('',*,*,#4669,.F.);
#4669 = EDGE_CURVE('',#4670,#4662,#4672,.T.);
#4670 = VERTEX_POINT('',#4671);
#4671 = CARTESIAN_POINT('',(338.54028320312,-22.10000038147,
    110.44083404541));
#4672 = LINE('',#4673,#4674);
#4673 = CARTESIAN_POINT('',(338.54028320312,-22.10000038147,
    110.44083404541));
#4674 = VECTOR('',#4675,1.);
#4675 = DIRECTION('',(0.878957039254,0.,-0.476900957375));
#4676 = ORIENTED_EDGE('',*,*,#4677,.F.);
#4677 = EDGE_CURVE('',#4678,#4670,#4680,.T.);
#4678 = VERTEX_POINT('',#4679);
#4679 = CARTESIAN_POINT('',(338.08795166015,-22.10000038147,
    110.91729736328));
#4680 = LINE('',#4681,#4682);
#4681 = CARTESIAN_POINT('',(338.08795166015,-22.10000038147,
    110.91729736328));
#4682 = VECTOR('',#4683,1.);
#4683 = DIRECTION('',(0.688502515435,0.,-0.725233952763));
#4684 = ORIENTED_EDGE('',*,*,#4685,.F.);
#4685 = EDGE_CURVE('',#4686,#4678,#4688,.T.);
#4686 = VERTEX_POINT('',#4687);
#4687 = CARTESIAN_POINT('',(337.80493164062,-22.10000038147,
    111.51029205322));
#4688 = LINE('',#4689,#4690);
#4689 = CARTESIAN_POINT('',(337.80493164062,-22.10000038147,
    111.51029205322));
#4690 = VECTOR('',#4691,1.);
#4691 = DIRECTION('',(0.430729371283,0.,-0.902481140365));
#4692 = ORIENTED_EDGE('',*,*,#4693,.F.);
#4693 = EDGE_CURVE('',#4694,#4686,#4696,.T.);
#4694 = VERTEX_POINT('',#4695);
#4695 = CARTESIAN_POINT('',(337.71896362304,-22.10000038147,
    112.16162872314));
#4696 = LINE('',#4697,#4698);
#4697 = CARTESIAN_POINT('',(337.71896362304,-22.10000038147,
    112.16162872314));
#4698 = VECTOR('',#4699,1.);
#4699 = DIRECTION('',(0.130852228155,0.,-0.991401883389));
#4700 = ORIENTED_EDGE('',*,*,#4701,.F.);
#4701 = EDGE_CURVE('',#4702,#4694,#4704,.T.);
#4702 = VERTEX_POINT('',#4703);
#4703 = CARTESIAN_POINT('',(337.83853149414,-22.10000038147,
    112.80771636962));
#4704 = LINE('',#4705,#4706);
#4705 = CARTESIAN_POINT('',(337.83853149414,-22.10000038147,
    112.80771636962));
#4706 = VECTOR('',#4707,1.);
#4707 = DIRECTION('',(-0.181974499716,0.,-0.983303249996));
#4708 = ORIENTED_EDGE('',*,*,#4709,.F.);
#4709 = EDGE_CURVE('',#4710,#4702,#4712,.T.);
#4710 = VERTEX_POINT('',#4711);
#4711 = CARTESIAN_POINT('',(338.15188598632,-22.10000038147,
    113.38516235351));
#4712 = LINE('',#4713,#4714);
#4713 = CARTESIAN_POINT('',(338.15188598632,-22.10000038147,
    113.38516235351));
#4714 = VECTOR('',#4715,1.);
#4715 = DIRECTION('',(-0.476955265582,0.,-0.878927570755));
#4716 = ORIENTED_EDGE('',*,*,#4717,.F.);
#4717 = EDGE_CURVE('',#4718,#4710,#4720,.T.);
#4718 = VERTEX_POINT('',#4719);
#4719 = CARTESIAN_POINT('',(338.62835693359,-22.10000038147,
    113.837600708));
#4720 = LINE('',#4721,#4722);
#4721 = CARTESIAN_POINT('',(338.62835693359,-22.10000038147,
    113.837600708));
#4722 = VECTOR('',#4723,1.);
#4723 = DIRECTION('',(-0.725158282138,0.,-0.688582214298));
#4724 = ORIENTED_EDGE('',*,*,#4725,.F.);
#4725 = EDGE_CURVE('',#4726,#4718,#4728,.T.);
#4726 = VERTEX_POINT('',#4727);
#4727 = CARTESIAN_POINT('',(339.2212524414,-22.10000038147,
    114.12060546875));
#4728 = LINE('',#4729,#4730);
#4729 = CARTESIAN_POINT('',(339.2212524414,-22.10000038147,
    114.12060546875));
#4730 = VECTOR('',#4731,1.);
#4731 = DIRECTION('',(-0.902462159227,0.,-0.430769139057));
#4732 = ORIENTED_EDGE('',*,*,#4733,.F.);
#4733 = EDGE_CURVE('',#4734,#4726,#4736,.T.);
#4734 = VERTEX_POINT('',#4735);
#4735 = CARTESIAN_POINT('',(339.87268066406,-22.10000038147,
    114.20658874511));
#4736 = LINE('',#4737,#4738);
#4737 = CARTESIAN_POINT('',(339.87268066406,-22.10000038147,
    114.20658874511));
#4738 = VECTOR('',#4739,1.);
#4739 = DIRECTION('',(-0.991401256534,0.,-0.130856977433));
#4740 = ORIENTED_EDGE('',*,*,#4741,.T.);
#4741 = EDGE_CURVE('',#4734,#4742,#4744,.T.);
#4742 = VERTEX_POINT('',#4743);
#4743 = CARTESIAN_POINT('',(340.51876831054,-22.10000038147,
    114.08701324462));
#4744 = LINE('',#4745,#4746);
#4745 = CARTESIAN_POINT('',(339.87268066406,-22.10000038147,
    114.20658874511));
#4746 = VECTOR('',#4747,1.);
#4747 = DIRECTION('',(0.98330117223,0.,-0.181985726611));
#4748 = ORIENTED_EDGE('',*,*,#4749,.F.);
#4749 = EDGE_CURVE('',#4750,#4742,#4752,.T.);
#4750 = VERTEX_POINT('',#4751);
#4751 = CARTESIAN_POINT('',(341.09622192382,-22.10000038147,
    113.77365112304));
#4752 = LINE('',#4753,#4754);
#4753 = CARTESIAN_POINT('',(341.09622192382,-22.10000038147,
    113.77365112304));
#4754 = VECTOR('',#4755,1.);
#4755 = DIRECTION('',(-0.878925344369,0.,0.476959368318));
#4756 = ORIENTED_EDGE('',*,*,#4757,.F.);
#4757 = EDGE_CURVE('',#4758,#4750,#4760,.T.);
#4758 = VERTEX_POINT('',#4759);
#4759 = CARTESIAN_POINT('',(341.54864501953,-22.10000038147,
    113.29718780517));
#4760 = LINE('',#4761,#4762);
#4761 = CARTESIAN_POINT('',(341.54864501953,-22.10000038147,
    113.29718780517));
#4762 = VECTOR('',#4763,1.);
#4763 = DIRECTION('',(-0.688575800205,0.,0.725164372658));
#4764 = ORIENTED_EDGE('',*,*,#4765,.F.);
#4765 = EDGE_CURVE('',#4766,#4758,#4768,.T.);
#4766 = VERTEX_POINT('',#4767);
#4767 = CARTESIAN_POINT('',(341.83166503906,-22.10000038147,
    112.70419311523));
#4768 = LINE('',#4769,#4770);
#4769 = CARTESIAN_POINT('',(341.83166503906,-22.10000038147,
    112.70419311523));
#4770 = VECTOR('',#4771,1.);
#4771 = DIRECTION('',(-0.430729371283,0.,0.902481140365));
#4772 = ORIENTED_EDGE('',*,*,#4773,.F.);
#4773 = EDGE_CURVE('',#4062,#4766,#4774,.T.);
#4774 = LINE('',#4775,#4776);
#4775 = CARTESIAN_POINT('',(341.9175415039,-22.10000038147,
    112.05285644531));
#4776 = VECTOR('',#4777,1.);
#4777 = DIRECTION('',(-0.130715257704,0.,0.991419952091));
#4778 = ORIENTED_EDGE('',*,*,#4061,.F.);
#4779 = PLANE('',#4780);
#4780 = AXIS2_PLACEMENT_3D('',#4781,#4782,#4783);
#4781 = CARTESIAN_POINT('',(339.81826783556,-22.10000038147,
    112.10726239323));
#4782 = DIRECTION('',(0.,1.,0.));
#4783 = DIRECTION('',(0.,-0.,1.));
#4784 = ADVANCED_FACE('',(#4785),#4802,.F.);
#4785 = FACE_BOUND('',#4786,.F.);
#4786 = EDGE_LOOP('',(#4787,#4795,#4801));
#4787 = ORIENTED_EDGE('',*,*,#4788,.T.);
#4788 = EDGE_CURVE('',#4670,#4789,#4791,.T.);
#4789 = VERTEX_POINT('',#4790);
#4790 = CARTESIAN_POINT('',(338.75268554687,-18.10000038147,
    110.297706604));
#4791 = LINE('',#4792,#4793);
#4792 = CARTESIAN_POINT('',(338.54028320312,-22.10000038147,
    110.44083404541));
#4793 = VECTOR('',#4794,1.);
#4794 = DIRECTION('',(5.299206296654E-02,0.997956275453,
    -3.570873208521E-02));
#4795 = ORIENTED_EDGE('',*,*,#4796,.T.);
#4796 = EDGE_CURVE('',#4789,#4662,#4797,.T.);
#4797 = LINE('',#4798,#4799);
#4798 = CARTESIAN_POINT('',(338.75268554687,-18.10000038147,
    110.297706604));
#4799 = VECTOR('',#4800,1.);
#4800 = DIRECTION('',(9.082618305919E-02,-0.994966106639,
    -4.234443423735E-02));
#4801 = ORIENTED_EDGE('',*,*,#4669,.F.);
#4802 = PLANE('',#4803);
#4803 = AXIS2_PLACEMENT_3D('',#4804,#4805,#4806);
#4804 = CARTESIAN_POINT('',(338.79395971177,-20.2513052899,
    110.29030846267));
#4805 = DIRECTION('',(-0.476892006172,-6.126882762029E-03,
    -0.878940541651));
#4806 = DIRECTION('',(-0.878957039254,-4.336808689942E-19,0.476900957375
    ));
#4807 = ADVANCED_FACE('',(#4808),#4825,.F.);
#4808 = FACE_BOUND('',#4809,.F.);
#4809 = EDGE_LOOP('',(#4810,#4818,#4819));
#4810 = ORIENTED_EDGE('',*,*,#4811,.T.);
#4811 = EDGE_CURVE('',#4812,#4789,#4814,.T.);
#4812 = VERTEX_POINT('',#4813);
#4813 = CARTESIAN_POINT('',(338.54028320312,-18.10000038147,
    110.44083404541));
#4814 = LINE('',#4815,#4816);
#4815 = CARTESIAN_POINT('',(338.54028320312,-18.10000038147,
    110.44083404541));
#4816 = VECTOR('',#4817,1.);
#4817 = DIRECTION('',(0.829290435137,0.,-0.558817836321));
#4818 = ORIENTED_EDGE('',*,*,#4788,.F.);
#4819 = ORIENTED_EDGE('',*,*,#4820,.F.);
#4820 = EDGE_CURVE('',#4812,#4670,#4821,.T.);
#4821 = LINE('',#4822,#4823);
#4822 = CARTESIAN_POINT('',(338.54028320312,-18.10000038147,
    110.44083404541));
#4823 = VECTOR('',#4824,1.);
#4824 = DIRECTION('',(0.,-1.,0.));
#4825 = PLANE('',#4826);
#4826 = AXIS2_PLACEMENT_3D('',#4827,#4828,#4829);
#4827 = CARTESIAN_POINT('',(338.59508210116,-20.03801694158,
    110.40390777647));
#4828 = DIRECTION('',(-0.558817836321,-0.,-0.829290435137));
#4829 = DIRECTION('',(-0.829290435137,0.,0.558817836321));
#4830 = ADVANCED_FACE('',(#4831),#4848,.F.);
#4831 = FACE_BOUND('',#4832,.F.);
#4832 = EDGE_LOOP('',(#4833,#4841,#4847));
#4833 = ORIENTED_EDGE('',*,*,#4834,.F.);
#4834 = EDGE_CURVE('',#4835,#4742,#4837,.T.);
#4835 = VERTEX_POINT('',#4836);
#4836 = CARTESIAN_POINT('',(340.26849365234,-18.10000038147,
    114.15843963623));
#4837 = LINE('',#4838,#4839);
#4838 = CARTESIAN_POINT('',(340.26849365234,-18.10000038147,
    114.15843963623));
#4839 = VECTOR('',#4840,1.);
#4840 = DIRECTION('',(6.243663528359E-02,-0.997889850005,
    -1.781891780042E-02));
#4841 = ORIENTED_EDGE('',*,*,#4842,.T.);
#4842 = EDGE_CURVE('',#4835,#4734,#4843,.T.);
#4843 = LINE('',#4844,#4845);
#4844 = CARTESIAN_POINT('',(340.26849365234,-18.10000038147,
    114.15843963623));
#4845 = VECTOR('',#4846,1.);
#4846 = DIRECTION('',(-9.84652494136E-02,-0.995068401784,
    1.197791420681E-02));
#4847 = ORIENTED_EDGE('',*,*,#4741,.T.);
#4848 = PLANE('',#4849);
#4849 = AXIS2_PLACEMENT_3D('',#4850,#4851,#4852);
#4850 = CARTESIAN_POINT('',(340.22914515021,-20.25130351856,
    114.15221919418));
#4851 = DIRECTION('',(0.18198226068,-6.171692223544E-03,0.983282445187)
  );
#4852 = DIRECTION('',(0.98330117223,0.,-0.181985726611));
#4853 = ADVANCED_FACE('',(#4854),#4871,.F.);
#4854 = FACE_BOUND('',#4855,.F.);
#4855 = EDGE_LOOP('',(#4856,#4864,#4870));
#4856 = ORIENTED_EDGE('',*,*,#4857,.T.);
#4857 = EDGE_CURVE('',#4835,#4858,#4860,.T.);
#4858 = VERTEX_POINT('',#4859);
#4859 = CARTESIAN_POINT('',(339.87268066406,-18.10000038147,
    114.20658874511));
#4860 = LINE('',#4861,#4862);
#4861 = CARTESIAN_POINT('',(340.26849365234,-18.10000038147,
    114.15843963623));
#4862 = VECTOR('',#4863,1.);
#4863 = DIRECTION('',(-0.992682228041,0.,0.120755927933));
#4864 = ORIENTED_EDGE('',*,*,#4865,.F.);
#4865 = EDGE_CURVE('',#4734,#4858,#4866,.T.);
#4866 = LINE('',#4867,#4868);
#4867 = CARTESIAN_POINT('',(339.87268066406,-22.10000038147,
    114.20658874511));
#4868 = VECTOR('',#4869,1.);
#4869 = DIRECTION('',(0.,1.,0.));
#4870 = ORIENTED_EDGE('',*,*,#4842,.F.);
#4871 = PLANE('',#4872);
#4872 = AXIS2_PLACEMENT_3D('',#4873,#4874,#4875);
#4873 = CARTESIAN_POINT('',(339.97655368337,-20.00527371852,
    114.19395299675));
#4874 = DIRECTION('',(0.120755927933,0.,0.992682228041));
#4875 = DIRECTION('',(0.992682228041,0.,-0.120755927933));
#4876 = ADVANCED_FACE('',(#4877),#4888,.T.);
#4877 = FACE_BOUND('',#4878,.T.);
#4878 = EDGE_LOOP('',(#4879,#4880,#4886,#4887));
#4879 = ORIENTED_EDGE('',*,*,#2198,.F.);
#4880 = ORIENTED_EDGE('',*,*,#4881,.F.);
#4881 = EDGE_CURVE('',#4654,#2191,#4882,.T.);
#4882 = LINE('',#4883,#4884);
#4883 = CARTESIAN_POINT('',(339.76382446289,-22.10000038147,
    110.00799560546));
#4884 = VECTOR('',#4885,1.);
#4885 = DIRECTION('',(0.,1.,0.));
#4886 = ORIENTED_EDGE('',*,*,#4653,.T.);
#4887 = ORIENTED_EDGE('',*,*,#4157,.T.);
#4888 = PLANE('',#4889);
#4889 = AXIS2_PLACEMENT_3D('',#4890,#4891,#4892);
#4890 = CARTESIAN_POINT('',(340.08953857421,-19.25,110.05093765258));
#4891 = DIRECTION('',(-0.130708613577,0.,0.991420828073));
#4892 = DIRECTION('',(0.991420828073,0.,0.130708613577));
#4893 = ADVANCED_FACE('',(#4894),#4912,.T.);
#4894 = FACE_BOUND('',#4895,.T.);
#4895 = EDGE_LOOP('',(#4896,#4897,#4898,#4906));
#4896 = ORIENTED_EDGE('',*,*,#2779,.T.);
#4897 = ORIENTED_EDGE('',*,*,#4190,.T.);
#4898 = ORIENTED_EDGE('',*,*,#4899,.F.);
#4899 = EDGE_CURVE('',#4900,#4183,#4902,.T.);
#4900 = VERTEX_POINT('',#4901);
#4901 = CARTESIAN_POINT('',(339.76382446289,22.10000038147,
    110.00799560546));
#4902 = LINE('',#4903,#4904);
#4903 = CARTESIAN_POINT('',(339.76382446289,22.10000038147,
    110.00799560546));
#4904 = VECTOR('',#4905,1.);
#4905 = DIRECTION('',(0.991420828073,0.,0.130708613577));
#4906 = ORIENTED_EDGE('',*,*,#4907,.T.);
#4907 = EDGE_CURVE('',#4900,#2780,#4908,.T.);
#4908 = LINE('',#4909,#4910);
#4909 = CARTESIAN_POINT('',(339.76382446289,22.10000038147,
    110.00799560546));
#4910 = VECTOR('',#4911,1.);
#4911 = DIRECTION('',(0.,-1.,0.));
#4912 = PLANE('',#4913);
#4913 = AXIS2_PLACEMENT_3D('',#4914,#4915,#4916);
#4914 = CARTESIAN_POINT('',(340.08953857421,19.25,110.05093765258));
#4915 = DIRECTION('',(-0.130708613577,0.,0.991420828073));
#4916 = DIRECTION('',(0.991420828073,0.,0.130708613577));
#4917 = ADVANCED_FACE('',(#4918),#4936,.T.);
#4918 = FACE_BOUND('',#4919,.T.);
#4919 = EDGE_LOOP('',(#4920,#4921,#4929,#4935));
#4920 = ORIENTED_EDGE('',*,*,#2899,.F.);
#4921 = ORIENTED_EDGE('',*,*,#4922,.F.);
#4922 = EDGE_CURVE('',#4923,#2892,#4925,.T.);
#4923 = VERTEX_POINT('',#4924);
#4924 = CARTESIAN_POINT('',(334.48684692382,27.,107.96644592285));
#4925 = LINE('',#4926,#4927);
#4926 = CARTESIAN_POINT('',(334.48684692382,27.,107.96644592285));
#4927 = VECTOR('',#4928,1.);
#4928 = DIRECTION('',(0.,-1.,0.));
#4929 = ORIENTED_EDGE('',*,*,#4930,.F.);
#4930 = EDGE_CURVE('',#2923,#4923,#4931,.T.);
#4931 = LINE('',#4932,#4933);
#4932 = CARTESIAN_POINT('',(334.2744140625,24.5,107.23052978515));
#4933 = VECTOR('',#4934,1.);
#4934 = DIRECTION('',(8.124533397566E-02,0.956129544503,0.281452464611)
  );
#4935 = ORIENTED_EDGE('',*,*,#2930,.T.);
#4936 = PLANE('',#4937);
#4937 = AXIS2_PLACEMENT_3D('',#4938,#4939,#4940);
#4938 = CARTESIAN_POINT('',(334.39265644357,21.537186014477,
    107.6401485035));
#4939 = DIRECTION('',(-0.960771646318,-0.,0.277340663502));
#4940 = DIRECTION('',(-0.277340663502,0.,-0.960771646318));
#4941 = ADVANCED_FACE('',(#4942),#4959,.F.);
#4942 = FACE_BOUND('',#4943,.F.);
#4943 = EDGE_LOOP('',(#4944,#4952,#4958));
#4944 = ORIENTED_EDGE('',*,*,#4945,.T.);
#4945 = EDGE_CURVE('',#2923,#4946,#4948,.T.);
#4946 = VERTEX_POINT('',#4947);
#4947 = CARTESIAN_POINT('',(332.82431030273,27.,102.54705810546));
#4948 = LINE('',#4949,#4950);
#4949 = CARTESIAN_POINT('',(334.2744140625,24.5,107.23052978515));
#4950 = VECTOR('',#4951,1.);
#4951 = DIRECTION('',(-0.263491053893,0.454262414187,-0.851010060796));
#4952 = ORIENTED_EDGE('',*,*,#4953,.T.);
#4953 = EDGE_CURVE('',#4946,#4923,#4954,.T.);
#4954 = LINE('',#4955,#4956);
#4955 = CARTESIAN_POINT('',(332.82431030273,27.,102.54705810546));
#4956 = VECTOR('',#4957,1.);
#4957 = DIRECTION('',(0.293285254864,0.,0.956024978376));
#4958 = ORIENTED_EDGE('',*,*,#4930,.F.);
#4959 = PLANE('',#4960);
#4960 = AXIS2_PLACEMENT_3D('',#4961,#4962,#4963);
#4961 = CARTESIAN_POINT('',(333.75068731369,26.263957769042,
    105.55398743242));
#4962 = DIRECTION('',(0.956012560662,5.096825935076E-03,-0.293281445411)
  );
#4963 = DIRECTION('',(0.293285254864,-2.168404344971E-19,0.956024978376)
  );
#4964 = ADVANCED_FACE('',(#4965),#4982,.F.);
#4965 = FACE_BOUND('',#4966,.F.);
#4966 = EDGE_LOOP('',(#4967,#4975,#4981));
#4967 = ORIENTED_EDGE('',*,*,#4968,.F.);
#4968 = EDGE_CURVE('',#4969,#2923,#4971,.T.);
#4969 = VERTEX_POINT('',#4970);
#4970 = CARTESIAN_POINT('',(332.82431030273,24.5,102.54705810546));
#4971 = LINE('',#4972,#4973);
#4972 = CARTESIAN_POINT('',(332.82431030273,24.5,102.54705810546));
#4973 = VECTOR('',#4974,1.);
#4974 = DIRECTION('',(0.295768931197,0.,0.955259514131));
#4975 = ORIENTED_EDGE('',*,*,#4976,.T.);
#4976 = EDGE_CURVE('',#4969,#4946,#4977,.T.);
#4977 = LINE('',#4978,#4979);
#4978 = CARTESIAN_POINT('',(332.82431030273,24.5,102.54705810546));
#4979 = VECTOR('',#4980,1.);
#4980 = DIRECTION('',(0.,1.,0.));
#4981 = ORIENTED_EDGE('',*,*,#4945,.F.);
#4982 = PLANE('',#4983);
#4983 = AXIS2_PLACEMENT_3D('',#4984,#4985,#4986);
#4984 = CARTESIAN_POINT('',(333.40891633535,25.275150100478,
    104.435189061));
#4985 = DIRECTION('',(0.955259514131,0.,-0.295768931197));
#4986 = DIRECTION('',(0.295768931197,0.,0.955259514131));
#4987 = ADVANCED_FACE('',(#4988),#4999,.T.);
#4988 = FACE_BOUND('',#4989,.T.);
#4989 = EDGE_LOOP('',(#4990,#4991,#4992,#4998));
#4990 = ORIENTED_EDGE('',*,*,#2403,.F.);
#4991 = ORIENTED_EDGE('',*,*,#4005,.T.);
#4992 = ORIENTED_EDGE('',*,*,#4993,.F.);
#4993 = EDGE_CURVE('',#2079,#3537,#4994,.T.);
#4994 = LINE('',#4995,#4996);
#4995 = CARTESIAN_POINT('',(334.48684692382,-16.39999961853,
    107.96644592285));
#4996 = VECTOR('',#4997,1.);
#4997 = DIRECTION('',(0.,-1.,0.));
#4998 = ORIENTED_EDGE('',*,*,#2078,.T.);
#4999 = PLANE('',#5000);
#5000 = AXIS2_PLACEMENT_3D('',#5001,#5002,#5003);
#5001 = CARTESIAN_POINT('',(334.39265644357,-21.53718601447,
    107.6401485035));
#5002 = DIRECTION('',(-0.960771646318,-0.,0.277340663502));
#5003 = DIRECTION('',(-0.277340663502,0.,-0.960771646318));
#5004 = ADVANCED_FACE('',(#5005,#5395,#5421),#5447,.T.);
#5005 = FACE_BOUND('',#5006,.T.);
#5006 = EDGE_LOOP('',(#5007,#5008,#5009,#5010,#5011,#5012,#5013,#5019,
    #5020,#5021,#5029,#5037,#5045,#5053,#5061,#5069,#5077,#5085,#5093,
    #5101,#5109,#5117,#5125,#5133,#5141,#5149,#5157,#5165,#5173,#5181,
    #5189,#5197,#5205,#5213,#5221,#5229,#5237,#5245,#5251,#5252,#5260,
    #5268,#5276,#5284,#5292,#5300,#5308,#5316,#5324,#5332,#5340,#5348,
    #5356,#5364,#5372,#5380,#5388,#5394));
#5007 = ORIENTED_EDGE('',*,*,#2578,.F.);
#5008 = ORIENTED_EDGE('',*,*,#3107,.F.);
#5009 = ORIENTED_EDGE('',*,*,#3376,.F.);
#5010 = ORIENTED_EDGE('',*,*,#4635,.F.);
#5011 = ORIENTED_EDGE('',*,*,#4252,.F.);
#5012 = ORIENTED_EDGE('',*,*,#4300,.F.);
#5013 = ORIENTED_EDGE('',*,*,#5014,.F.);
#5014 = EDGE_CURVE('',#4585,#4293,#5015,.T.);
#5015 = LINE('',#5016,#5017);
#5016 = CARTESIAN_POINT('',(357.68618774414,27.,92.026031494141));
#5017 = VECTOR('',#5018,1.);
#5018 = DIRECTION('',(-0.204786755987,0.,0.978806612448));
#5019 = ORIENTED_EDGE('',*,*,#4584,.T.);
#5020 = ORIENTED_EDGE('',*,*,#3257,.T.);
#5021 = ORIENTED_EDGE('',*,*,#5022,.F.);
#5022 = EDGE_CURVE('',#5023,#3250,#5025,.T.);
#5023 = VERTEX_POINT('',#5024);
#5024 = CARTESIAN_POINT('',(325.35934448242,27.,56.601409912109));
#5025 = LINE('',#5026,#5027);
#5026 = CARTESIAN_POINT('',(325.35934448242,27.,56.601409912109));
#5027 = VECTOR('',#5028,1.);
#5028 = DIRECTION('',(0.544507105257,0.,0.838756229381));
#5029 = ORIENTED_EDGE('',*,*,#5030,.T.);
#5030 = EDGE_CURVE('',#5023,#5031,#5033,.T.);
#5031 = VERTEX_POINT('',#5032);
#5032 = CARTESIAN_POINT('',(325.09448242187,27.,56.193462371826));
#5033 = LINE('',#5034,#5035);
#5034 = CARTESIAN_POINT('',(325.35934448242,27.,56.601409912109));
#5035 = VECTOR('',#5036,1.);
#5036 = DIRECTION('',(-0.544549127855,0.,-0.838728947487));
#5037 = ORIENTED_EDGE('',*,*,#5038,.T.);
#5038 = EDGE_CURVE('',#5031,#5039,#5041,.T.);
#5039 = VERTEX_POINT('',#5040);
#5040 = CARTESIAN_POINT('',(303.24462890625,27.,56.409980773926));
#5041 = LINE('',#5042,#5043);
#5042 = CARTESIAN_POINT('',(325.09448242187,27.,56.193462371826));
#5043 = VECTOR('',#5044,1.);
#5044 = DIRECTION('',(-0.999950905755,0.,9.908888960616E-03));
#5045 = ORIENTED_EDGE('',*,*,#5046,.F.);
#5046 = EDGE_CURVE('',#5047,#5039,#5049,.T.);
#5047 = VERTEX_POINT('',#5048);
#5048 = CARTESIAN_POINT('',(304.37076944846,27.,56.443345733752));
#5049 = LINE('',#5050,#5051);
#5050 = CARTESIAN_POINT('',(305.06521606445,27.,56.463920593262));
#5051 = VECTOR('',#5052,1.);
#5052 = DIRECTION('',(-0.999561388286,0.,-2.961470998869E-02));
#5053 = ORIENTED_EDGE('',*,*,#5054,.F.);
#5054 = EDGE_CURVE('',#5055,#5047,#5057,.T.);
#5055 = VERTEX_POINT('',#5056);
#5056 = CARTESIAN_POINT('',(302.78009033203,27.,56.416244506836));
#5057 = LINE('',#5058,#5059);
#5058 = CARTESIAN_POINT('',(302.78009033203,27.,56.416244506836));
#5059 = VECTOR('',#5060,1.);
#5060 = DIRECTION('',(0.99985489305,0.,1.703504752147E-02));
#5061 = ORIENTED_EDGE('',*,*,#5062,.F.);
#5062 = EDGE_CURVE('',#5063,#5055,#5065,.T.);
#5063 = VERTEX_POINT('',#5064);
#5064 = CARTESIAN_POINT('',(300.99774169921,27.,56.595119476318));
#5065 = LINE('',#5066,#5067);
#5066 = CARTESIAN_POINT('',(300.99774169921,27.,56.595119476318));
#5067 = VECTOR('',#5068,1.);
#5068 = DIRECTION('',(0.995001746982,0.,-9.985751600434E-02));
#5069 = ORIENTED_EDGE('',*,*,#5070,.F.);
#5070 = EDGE_CURVE('',#5071,#5063,#5073,.T.);
#5071 = VERTEX_POINT('',#5072);
#5072 = CARTESIAN_POINT('',(299.86596679687,27.,56.898986816406));
#5073 = LINE('',#5074,#5075);
#5074 = CARTESIAN_POINT('',(299.86596679687,27.,56.898986816406));
#5075 = VECTOR('',#5076,1.);
#5076 = DIRECTION('',(0.965795746521,0.,-0.259304022342));
#5077 = ORIENTED_EDGE('',*,*,#5078,.T.);
#5078 = EDGE_CURVE('',#5071,#5079,#5081,.T.);
#5079 = VERTEX_POINT('',#5080);
#5080 = CARTESIAN_POINT('',(294.91064453125,27.,58.105144500732));
#5081 = LINE('',#5082,#5083);
#5082 = CARTESIAN_POINT('',(299.86596679687,27.,56.898986816406));
#5083 = VECTOR('',#5084,1.);
#5084 = DIRECTION('',(-0.971631160898,0.,0.236501347082));
#5085 = ORIENTED_EDGE('',*,*,#5086,.T.);
#5086 = EDGE_CURVE('',#5079,#5087,#5089,.T.);
#5087 = VERTEX_POINT('',#5088);
#5088 = CARTESIAN_POINT('',(294.67889404296,27.,58.206878662109));
#5089 = LINE('',#5090,#5091);
#5090 = CARTESIAN_POINT('',(294.91064453125,27.,58.105144500732));
#5091 = VECTOR('',#5092,1.);
#5092 = DIRECTION('',(-0.915658507807,0.,0.40195708363));
#5093 = ORIENTED_EDGE('',*,*,#5094,.T.);
#5094 = EDGE_CURVE('',#5087,#5095,#5097,.T.);
#5095 = VERTEX_POINT('',#5096);
#5096 = CARTESIAN_POINT('',(294.53607177734,27.,58.329978942871));
#5097 = LINE('',#5098,#5099);
#5098 = CARTESIAN_POINT('',(294.67889404296,27.,58.206878662109));
#5099 = VECTOR('',#5100,1.);
#5100 = DIRECTION('',(-0.757468610671,0.,0.652871582969));
#5101 = ORIENTED_EDGE('',*,*,#5102,.T.);
#5102 = EDGE_CURVE('',#5095,#5103,#5105,.T.);
#5103 = VERTEX_POINT('',#5104);
#5104 = CARTESIAN_POINT('',(294.43688964843,27.,58.485527038574));
#5105 = LINE('',#5106,#5107);
#5106 = CARTESIAN_POINT('',(294.53607177734,27.,58.329978942871));
#5107 = VECTOR('',#5108,1.);
#5108 = DIRECTION('',(-0.537635261945,0.,0.843177516964));
#5109 = ORIENTED_EDGE('',*,*,#5110,.T.);
#5110 = EDGE_CURVE('',#5103,#5111,#5113,.T.);
#5111 = VERTEX_POINT('',#5112);
#5112 = CARTESIAN_POINT('',(294.3982849121,27.,58.598838806152));
#5113 = LINE('',#5114,#5115);
#5114 = CARTESIAN_POINT('',(294.43688964843,27.,58.485527038574));
#5115 = VECTOR('',#5116,1.);
#5116 = DIRECTION('',(-0.322492247038,0.,0.946572105336));
#5117 = ORIENTED_EDGE('',*,*,#5118,.T.);
#5118 = EDGE_CURVE('',#5111,#5119,#5121,.T.);
#5119 = VERTEX_POINT('',#5120);
#5120 = CARTESIAN_POINT('',(294.37905883789,27.,58.789451599121));
#5121 = LINE('',#5122,#5123);
#5122 = CARTESIAN_POINT('',(294.3982849121,27.,58.598838806152));
#5123 = VECTOR('',#5124,1.);
#5124 = DIRECTION('',(-0.100355354606,0.,0.994951658525));
#5125 = ORIENTED_EDGE('',*,*,#5126,.T.);
#5126 = EDGE_CURVE('',#5119,#5127,#5129,.T.);
#5127 = VERTEX_POINT('',#5128);
#5128 = CARTESIAN_POINT('',(294.41940307617,27.,59.010738372803));
#5129 = LINE('',#5130,#5131);
#5130 = CARTESIAN_POINT('',(294.37905883789,27.,58.789451599121));
#5131 = VECTOR('',#5132,1.);
#5132 = DIRECTION('',(0.179360002327,0.,0.983783507468));
#5133 = ORIENTED_EDGE('',*,*,#5134,.T.);
#5134 = EDGE_CURVE('',#5127,#5135,#5137,.T.);
#5135 = VERTEX_POINT('',#5136);
#5136 = CARTESIAN_POINT('',(294.5230102539,27.,59.212066650391));
#5137 = LINE('',#5138,#5139);
#5138 = CARTESIAN_POINT('',(294.41940307617,27.,59.010738372803));
#5139 = VECTOR('',#5140,1.);
#5140 = DIRECTION('',(0.45758173191,0.,0.889167564986));
#5141 = ORIENTED_EDGE('',*,*,#5142,.T.);
#5142 = EDGE_CURVE('',#5135,#5143,#5145,.T.);
#5143 = VERTEX_POINT('',#5144);
#5144 = CARTESIAN_POINT('',(294.6694946289,27.,59.361938476562));
#5145 = LINE('',#5146,#5147);
#5146 = CARTESIAN_POINT('',(294.5230102539,27.,59.212066650391));
#5147 = VECTOR('',#5148,1.);
#5148 = DIRECTION('',(0.698978652375,0.,0.715142533712));
#5149 = ORIENTED_EDGE('',*,*,#5150,.T.);
#5150 = EDGE_CURVE('',#5143,#5151,#5153,.T.);
#5151 = VERTEX_POINT('',#5152);
#5152 = CARTESIAN_POINT('',(294.94964599609,27.,59.518714904785));
#5153 = LINE('',#5154,#5155);
#5154 = CARTESIAN_POINT('',(294.6694946289,27.,59.361938476562));
#5155 = VECTOR('',#5156,1.);
#5156 = DIRECTION('',(0.872649841613,0.,0.488346448674));
#5157 = ORIENTED_EDGE('',*,*,#5158,.T.);
#5158 = EDGE_CURVE('',#5151,#5159,#5161,.T.);
#5159 = VERTEX_POINT('',#5160);
#5160 = CARTESIAN_POINT('',(295.38870239257,27.,59.655323028564));
#5161 = LINE('',#5162,#5163);
#5162 = CARTESIAN_POINT('',(294.94964599609,27.,59.518714904785));
#5163 = VECTOR('',#5164,1.);
#5164 = DIRECTION('',(0.954848879563,0.,0.297091933916));
#5165 = ORIENTED_EDGE('',*,*,#5166,.T.);
#5166 = EDGE_CURVE('',#5159,#5167,#5169,.T.);
#5167 = VERTEX_POINT('',#5168);
#5168 = CARTESIAN_POINT('',(300.53994750976,27.,59.758487701416));
#5169 = LINE('',#5170,#5171);
#5170 = CARTESIAN_POINT('',(295.38870239257,27.,59.655323028564));
#5171 = VECTOR('',#5172,1.);
#5172 = DIRECTION('',(0.999799517271,0.,2.002311825005E-02));
#5173 = ORIENTED_EDGE('',*,*,#5174,.T.);
#5174 = EDGE_CURVE('',#5167,#5175,#5177,.T.);
#5175 = VERTEX_POINT('',#5176);
#5176 = CARTESIAN_POINT('',(302.53063964843,27.,58.934597015381));
#5177 = LINE('',#5178,#5179);
#5178 = CARTESIAN_POINT('',(300.53994750976,27.,59.758487701416));
#5179 = VECTOR('',#5180,1.);
#5180 = DIRECTION('',(0.923991247232,0.,-0.382413617748));
#5181 = ORIENTED_EDGE('',*,*,#5182,.T.);
#5182 = EDGE_CURVE('',#5175,#5183,#5185,.T.);
#5183 = VERTEX_POINT('',#5184);
#5184 = CARTESIAN_POINT('',(307.12200927734,27.,62.871631622314));
#5185 = LINE('',#5186,#5187);
#5186 = CARTESIAN_POINT('',(302.53063964843,27.,58.934597015381));
#5187 = VECTOR('',#5188,1.);
#5188 = DIRECTION('',(0.759127921777,0.,0.650941470778));
#5189 = ORIENTED_EDGE('',*,*,#5190,.T.);
#5190 = EDGE_CURVE('',#5183,#5191,#5193,.T.);
#5191 = VERTEX_POINT('',#5192);
#5192 = CARTESIAN_POINT('',(312.49264526367,27.,68.059875488281));
#5193 = LINE('',#5194,#5195);
#5194 = CARTESIAN_POINT('',(307.12200927734,27.,62.871631622314));
#5195 = VECTOR('',#5196,1.);
#5196 = DIRECTION('',(0.719213918598,0.,0.694788701186));
#5197 = ORIENTED_EDGE('',*,*,#5198,.T.);
#5198 = EDGE_CURVE('',#5191,#5199,#5201,.T.);
#5199 = VERTEX_POINT('',#5200);
#5200 = CARTESIAN_POINT('',(316.49011230468,27.,72.362655639648));
#5201 = LINE('',#5202,#5203);
#5202 = CARTESIAN_POINT('',(312.49264526367,27.,68.059875488281));
#5203 = VECTOR('',#5204,1.);
#5204 = DIRECTION('',(0.680636529771,0.,0.732621262551));
#5205 = ORIENTED_EDGE('',*,*,#5206,.T.);
#5206 = EDGE_CURVE('',#5199,#5207,#5209,.T.);
#5207 = VERTEX_POINT('',#5208);
#5208 = CARTESIAN_POINT('',(319.75988769531,27.,76.373733520508));
#5209 = LINE('',#5210,#5211);
#5210 = CARTESIAN_POINT('',(316.49011230468,27.,72.362655639648));
#5211 = VECTOR('',#5212,1.);
#5212 = DIRECTION('',(0.631845941653,0.,0.775093998181));
#5213 = ORIENTED_EDGE('',*,*,#5214,.T.);
#5214 = EDGE_CURVE('',#5207,#5215,#5217,.T.);
#5215 = VERTEX_POINT('',#5216);
#5216 = CARTESIAN_POINT('',(322.91116333007,27.,80.91918182373));
#5217 = LINE('',#5218,#5219);
#5218 = CARTESIAN_POINT('',(319.75988769531,27.,76.373733520508));
#5219 = VECTOR('',#5220,1.);
#5220 = DIRECTION('',(0.569750904035,0.,0.82181744162));
#5221 = ORIENTED_EDGE('',*,*,#5222,.T.);
#5222 = EDGE_CURVE('',#5215,#5223,#5225,.T.);
#5223 = VERTEX_POINT('',#5224);
#5224 = CARTESIAN_POINT('',(325.65148925781,27.,85.586639404297));
#5225 = LINE('',#5226,#5227);
#5226 = CARTESIAN_POINT('',(322.91116333007,27.,80.91918182373));
#5227 = VECTOR('',#5228,1.);
#5228 = DIRECTION('',(0.506301052898,0.,0.862356796132));
#5229 = ORIENTED_EDGE('',*,*,#5230,.T.);
#5230 = EDGE_CURVE('',#5223,#5231,#5233,.T.);
#5231 = VERTEX_POINT('',#5232);
#5232 = CARTESIAN_POINT('',(328.21966552734,27.,90.727127075195));
#5233 = LINE('',#5234,#5235);
#5234 = CARTESIAN_POINT('',(325.65148925781,27.,85.586639404297));
#5235 = VECTOR('',#5236,1.);
#5236 = DIRECTION('',(0.446925726554,0.,0.894571067576));
#5237 = ORIENTED_EDGE('',*,*,#5238,.T.);
#5238 = EDGE_CURVE('',#5231,#5239,#5241,.T.);
#5239 = VERTEX_POINT('',#5240);
#5240 = CARTESIAN_POINT('',(330.60986328125,27.,96.366012573242));
#5241 = LINE('',#5242,#5243);
#5242 = CARTESIAN_POINT('',(328.21966552734,27.,90.727127075195));
#5243 = VECTOR('',#5244,1.);
#5244 = DIRECTION('',(0.390265236845,0.,0.920702473609));
#5245 = ORIENTED_EDGE('',*,*,#5246,.T.);
#5246 = EDGE_CURVE('',#5239,#4946,#5247,.T.);
#5247 = LINE('',#5248,#5249);
#5248 = CARTESIAN_POINT('',(330.60986328125,27.,96.366012573242));
#5249 = VECTOR('',#5250,1.);
#5250 = DIRECTION('',(0.337272412582,0.,0.941407095635));
#5251 = ORIENTED_EDGE('',*,*,#4953,.T.);
#5252 = ORIENTED_EDGE('',*,*,#5253,.F.);
#5253 = EDGE_CURVE('',#5254,#4923,#5256,.T.);
#5254 = VERTEX_POINT('',#5255);
#5255 = CARTESIAN_POINT('',(334.59524536132,27.,108.21332550048));
#5256 = LINE('',#5257,#5258);
#5257 = CARTESIAN_POINT('',(334.59524536132,27.,108.21332550048));
#5258 = VECTOR('',#5259,1.);
#5259 = DIRECTION('',(-0.402028250576,0.,-0.915627263541));
#5260 = ORIENTED_EDGE('',*,*,#5261,.T.);
#5261 = EDGE_CURVE('',#5254,#5262,#5264,.T.);
#5262 = VERTEX_POINT('',#5263);
#5263 = CARTESIAN_POINT('',(334.76571655273,27.,108.42224884033));
#5264 = LINE('',#5265,#5266);
#5265 = CARTESIAN_POINT('',(334.59524536132,27.,108.21332550048));
#5266 = VECTOR('',#5267,1.);
#5267 = DIRECTION('',(0.632201830155,0.,0.774803746731));
#5268 = ORIENTED_EDGE('',*,*,#5269,.T.);
#5269 = EDGE_CURVE('',#5262,#5270,#5272,.T.);
#5270 = VERTEX_POINT('',#5271);
#5271 = CARTESIAN_POINT('',(334.98577880859,27.,108.57805633544));
#5272 = LINE('',#5273,#5274);
#5273 = CARTESIAN_POINT('',(334.76571655273,27.,108.42224884033));
#5274 = VECTOR('',#5275,1.);
#5275 = DIRECTION('',(0.816146802772,0.,0.577844612613));
#5276 = ORIENTED_EDGE('',*,*,#5277,.T.);
#5277 = EDGE_CURVE('',#5270,#5278,#5280,.T.);
#5278 = VERTEX_POINT('',#5279);
#5279 = CARTESIAN_POINT('',(335.2395324707,27.,108.66940307617));
#5280 = LINE('',#5281,#5282);
#5281 = CARTESIAN_POINT('',(334.98577880859,27.,108.57805633544));
#5282 = VECTOR('',#5283,1.);
#5283 = DIRECTION('',(0.940892821122,0.,0.338704442192));
#5284 = ORIENTED_EDGE('',*,*,#5285,.T.);
#5285 = EDGE_CURVE('',#5278,#5286,#5288,.T.);
#5286 = VERTEX_POINT('',#5287);
#5287 = CARTESIAN_POINT('',(335.5083618164,27.,108.68968963623));
#5288 = LINE('',#5289,#5290);
#5289 = CARTESIAN_POINT('',(335.2395324707,27.,108.66940307617));
#5290 = VECTOR('',#5291,1.);
#5291 = DIRECTION('',(0.99716480164,0.,7.524864364741E-02));
#5292 = ORIENTED_EDGE('',*,*,#5293,.F.);
#5293 = EDGE_CURVE('',#5294,#5286,#5296,.T.);
#5294 = VERTEX_POINT('',#5295);
#5295 = CARTESIAN_POINT('',(335.24462890625,27.,108.70555114746));
#5296 = LINE('',#5297,#5298);
#5297 = CARTESIAN_POINT('',(335.24462890625,27.,108.70555114746));
#5298 = VECTOR('',#5299,1.);
#5299 = DIRECTION('',(0.998191586399,0.,-6.011286753258E-02));
#5300 = ORIENTED_EDGE('',*,*,#5301,.F.);
#5301 = EDGE_CURVE('',#5302,#5294,#5304,.T.);
#5302 = VERTEX_POINT('',#5303);
#5303 = CARTESIAN_POINT('',(334.83288574218,27.,110.12634277343));
#5304 = LINE('',#5305,#5306);
#5305 = CARTESIAN_POINT('',(334.83288574218,27.,110.12634277343));
#5306 = VECTOR('',#5307,1.);
#5307 = DIRECTION('',(0.278345848764,0.,-0.960480915207));
#5308 = ORIENTED_EDGE('',*,*,#5309,.F.);
#5309 = EDGE_CURVE('',#5310,#5302,#5312,.T.);
#5310 = VERTEX_POINT('',#5311);
#5311 = CARTESIAN_POINT('',(334.74990844726,27.,111.99111175537));
#5312 = LINE('',#5313,#5314);
#5313 = CARTESIAN_POINT('',(334.74990844726,27.,111.99111175537));
#5314 = VECTOR('',#5315,1.);
#5315 = DIRECTION('',(4.445337163597E-02,0.,-0.99901146027));
#5316 = ORIENTED_EDGE('',*,*,#5317,.F.);
#5317 = EDGE_CURVE('',#5318,#5310,#5320,.T.);
#5318 = VERTEX_POINT('',#5319);
#5319 = CARTESIAN_POINT('',(334.97247314453,27.,113.89728546142));
#5320 = LINE('',#5321,#5322);
#5321 = CARTESIAN_POINT('',(334.97247314453,27.,113.89728546142));
#5322 = VECTOR('',#5323,1.);
#5323 = DIRECTION('',(-0.115972083417,0.,-0.993252473376));
#5324 = ORIENTED_EDGE('',*,*,#5325,.F.);
#5325 = EDGE_CURVE('',#5326,#5318,#5328,.T.);
#5326 = VERTEX_POINT('',#5327);
#5327 = CARTESIAN_POINT('',(335.2723083496,27.,114.8237991333));
#5328 = LINE('',#5329,#5330);
#5329 = CARTESIAN_POINT('',(335.2723083496,27.,114.8237991333));
#5330 = VECTOR('',#5331,1.);
#5331 = DIRECTION('',(-0.307895377747,0.,-0.951420220703));
#5332 = ORIENTED_EDGE('',*,*,#5333,.F.);
#5333 = EDGE_CURVE('',#5334,#5326,#5336,.T.);
#5334 = VERTEX_POINT('',#5335);
#5335 = CARTESIAN_POINT('',(335.96612548828,27.,115.94979095459));
#5336 = LINE('',#5337,#5338);
#5337 = CARTESIAN_POINT('',(335.96612548828,27.,115.94979095459));
#5338 = VECTOR('',#5339,1.);
#5339 = DIRECTION('',(-0.524590411251,0.,-0.851354744171));
#5340 = ORIENTED_EDGE('',*,*,#5341,.F.);
#5341 = EDGE_CURVE('',#5342,#5334,#5344,.T.);
#5342 = VERTEX_POINT('',#5343);
#5343 = CARTESIAN_POINT('',(336.96310424804,27.,116.84090423584));
#5344 = LINE('',#5345,#5346);
#5345 = CARTESIAN_POINT('',(336.96310424804,27.,116.84090423584));
#5346 = VECTOR('',#5347,1.);
#5347 = DIRECTION('',(-0.745583234684,0.,-0.666412515007));
#5348 = ORIENTED_EDGE('',*,*,#5349,.F.);
#5349 = EDGE_CURVE('',#5350,#5342,#5352,.T.);
#5350 = VERTEX_POINT('',#5351);
#5351 = CARTESIAN_POINT('',(338.15353393554,27.,117.38046264648));
#5352 = LINE('',#5353,#5354);
#5353 = CARTESIAN_POINT('',(338.15353393554,27.,117.38046264648));
#5354 = VECTOR('',#5355,1.);
#5355 = DIRECTION('',(-0.910811546452,0.,-0.412822391411));
#5356 = ORIENTED_EDGE('',*,*,#5357,.F.);
#5357 = EDGE_CURVE('',#5358,#5350,#5360,.T.);
#5358 = VERTEX_POINT('',#5359);
#5359 = CARTESIAN_POINT('',(339.54946899414,27.,117.56895446777));
#5360 = LINE('',#5361,#5362);
#5361 = CARTESIAN_POINT('',(339.54946899414,27.,117.56895446777));
#5362 = VECTOR('',#5363,1.);
#5363 = DIRECTION('',(-0.991006373711,0.,-0.133814675074));
#5364 = ORIENTED_EDGE('',*,*,#5365,.F.);
#5365 = EDGE_CURVE('',#5366,#5358,#5368,.T.);
#5366 = VERTEX_POINT('',#5367);
#5367 = CARTESIAN_POINT('',(340.95825195312,27.,117.34099578857));
#5368 = LINE('',#5369,#5370);
#5369 = CARTESIAN_POINT('',(340.95825195312,27.,117.34099578857));
#5370 = VECTOR('',#5371,1.);
#5371 = DIRECTION('',(-0.987159961635,0.,0.159734811936));
#5372 = ORIENTED_EDGE('',*,*,#5373,.F.);
#5373 = EDGE_CURVE('',#5374,#5366,#5376,.T.);
#5374 = VERTEX_POINT('',#5375);
#5375 = CARTESIAN_POINT('',(342.29858398437,27.,116.73532104492));
#5376 = LINE('',#5377,#5378);
#5377 = CARTESIAN_POINT('',(342.29858398437,27.,116.73532104492));
#5378 = VECTOR('',#5379,1.);
#5379 = DIRECTION('',(-0.911277871431,0.,0.411791987587));
#5380 = ORIENTED_EDGE('',*,*,#5381,.F.);
#5381 = EDGE_CURVE('',#5382,#5374,#5384,.T.);
#5382 = VERTEX_POINT('',#5383);
#5383 = CARTESIAN_POINT('',(343.95474243164,27.,115.51921844482));
#5384 = LINE('',#5385,#5386);
#5385 = CARTESIAN_POINT('',(343.95474243164,27.,115.51921844482));
#5386 = VECTOR('',#5387,1.);
#5387 = DIRECTION('',(-0.806036647053,0.,0.591865629689));
#5388 = ORIENTED_EDGE('',*,*,#5389,.F.);
#5389 = EDGE_CURVE('',#4039,#5382,#5390,.T.);
#5390 = LINE('',#5391,#5392);
#5391 = CARTESIAN_POINT('',(345.95892333984,27.,113.50872039794));
#5392 = VECTOR('',#5393,1.);
#5393 = DIRECTION('',(-0.70599326739,0.,0.708218544236));
#5394 = ORIENTED_EDGE('',*,*,#4038,.F.);
#5395 = FACE_BOUND('',#5396,.T.);
#5396 = EDGE_LOOP('',(#5397,#5407,#5415));
#5397 = ORIENTED_EDGE('',*,*,#5398,.F.);
#5398 = EDGE_CURVE('',#5399,#5401,#5403,.T.);
#5399 = VERTEX_POINT('',#5400);
#5400 = CARTESIAN_POINT('',(312.84901212188,27.,56.662620730384));
#5401 = VERTEX_POINT('',#5402);
#5402 = CARTESIAN_POINT('',(305.1290058542,27.,56.465548981246));
#5403 = LINE('',#5404,#5405);
#5404 = CARTESIAN_POINT('',(313.712890625,27.,56.684673309326));
#5405 = VECTOR('',#5406,1.);
#5406 = DIRECTION('',(-0.999674334878,0.,-2.551909453336E-02));
#5407 = ORIENTED_EDGE('',*,*,#5408,.F.);
#5408 = EDGE_CURVE('',#5409,#5399,#5411,.T.);
#5409 = VERTEX_POINT('',#5410);
#5410 = CARTESIAN_POINT('',(306.93402099609,27.,56.540153503418));
#5411 = LINE('',#5412,#5413);
#5412 = CARTESIAN_POINT('',(306.93402099609,27.,56.540153503418));
#5413 = VECTOR('',#5414,1.);
#5414 = DIRECTION('',(0.999785729701,0.,2.070011319933E-02));
#5415 = ORIENTED_EDGE('',*,*,#5416,.F.);
#5416 = EDGE_CURVE('',#5401,#5409,#5417,.T.);
#5417 = LINE('',#5418,#5419);
#5418 = CARTESIAN_POINT('',(304.74682617187,27.,56.449752807617));
#5419 = VECTOR('',#5420,1.);
#5420 = DIRECTION('',(0.999146934041,0.,4.129653977064E-02));
#5421 = FACE_BOUND('',#5422,.T.);
#5422 = EDGE_LOOP('',(#5423,#5433,#5441));
#5423 = ORIENTED_EDGE('',*,*,#5424,.F.);
#5424 = EDGE_CURVE('',#5425,#5427,#5429,.T.);
#5425 = VERTEX_POINT('',#5426);
#5426 = CARTESIAN_POINT('',(314.01342773437,27.,56.686729431152));
#5427 = VERTEX_POINT('',#5428);
#5428 = CARTESIAN_POINT('',(319.23736454447,27.,56.647446243549));
#5429 = LINE('',#5430,#5431);
#5430 = CARTESIAN_POINT('',(314.01342773437,27.,56.686729431152));
#5431 = VECTOR('',#5432,1.);
#5432 = DIRECTION('',(0.999971727175,0.,-7.519630957442E-03));
#5433 = ORIENTED_EDGE('',*,*,#5434,.F.);
#5434 = EDGE_CURVE('',#5435,#5425,#5437,.T.);
#5435 = VERTEX_POINT('',#5436);
#5436 = CARTESIAN_POINT('',(313.86470876375,27.,56.683650271853));
#5437 = LINE('',#5438,#5439);
#5438 = CARTESIAN_POINT('',(306.93402099609,27.,56.540153503418));
#5439 = VECTOR('',#5440,1.);
#5440 = DIRECTION('',(0.999785729701,0.,2.070011319933E-02));
#5441 = ORIENTED_EDGE('',*,*,#5442,.T.);
#5442 = EDGE_CURVE('',#5435,#5427,#5443,.T.);
#5443 = LINE('',#5444,#5445);
#5444 = CARTESIAN_POINT('',(313.712890625,27.,56.684673309326));
#5445 = VECTOR('',#5446,1.);
#5446 = DIRECTION('',(0.999977296596,0.,-6.738419103611E-03));
#5447 = PLANE('',#5448);
#5448 = AXIS2_PLACEMENT_3D('',#5449,#5450,#5451);
#5449 = CARTESIAN_POINT('',(329.2208234916,27.,81.870106537652));
#5450 = DIRECTION('',(0.,1.,0.));
#5451 = DIRECTION('',(0.,-0.,1.));
#5452 = ADVANCED_FACE('',(#5453),#5470,.T.);
#5453 = FACE_BOUND('',#5454,.T.);
#5454 = EDGE_LOOP('',(#5455,#5463,#5464));
#5455 = ORIENTED_EDGE('',*,*,#5456,.T.);
#5456 = EDGE_CURVE('',#5457,#5318,#5459,.T.);
#5457 = VERTEX_POINT('',#5458);
#5458 = CARTESIAN_POINT('',(334.78186035156,18.10000038147,
    112.54151153564));
#5459 = LINE('',#5460,#5461);
#5460 = CARTESIAN_POINT('',(334.78186035156,18.10000038147,
    112.54151153564));
#5461 = VECTOR('',#5462,1.);
#5462 = DIRECTION('',(2.116816728665E-02,0.988373748907,0.150563080352)
  );
#5463 = ORIENTED_EDGE('',*,*,#5317,.T.);
#5464 = ORIENTED_EDGE('',*,*,#5465,.T.);
#5465 = EDGE_CURVE('',#5310,#5457,#5466,.T.);
#5466 = LINE('',#5467,#5468);
#5467 = CARTESIAN_POINT('',(334.74990844726,27.,111.99111175537));
#5468 = VECTOR('',#5469,1.);
#5469 = DIRECTION('',(3.583233184453E-03,-0.998086801914,
    6.172435730487E-02));
#5470 = PLANE('',#5471);
#5471 = AXIS2_PLACEMENT_3D('',#5472,#5473,#5474);
#5472 = CARTESIAN_POINT('',(334.82560797048,22.980429692908,
    112.76443491103));
#5473 = DIRECTION('',(-0.993246015167,3.606122915921E-03,0.115971329357)
  );
#5474 = DIRECTION('',(-0.115972083417,0.,-0.993252473376));
#5475 = ADVANCED_FACE('',(#5476),#5493,.T.);
#5476 = FACE_BOUND('',#5477,.T.);
#5477 = EDGE_LOOP('',(#5478,#5486,#5492));
#5478 = ORIENTED_EDGE('',*,*,#5479,.F.);
#5479 = EDGE_CURVE('',#5480,#5457,#5482,.T.);
#5480 = VERTEX_POINT('',#5481);
#5481 = CARTESIAN_POINT('',(334.97247314453,18.10000038147,
    113.89728546142));
#5482 = LINE('',#5483,#5484);
#5483 = CARTESIAN_POINT('',(334.97247314453,18.10000038147,
    113.89728546142));
#5484 = VECTOR('',#5485,1.);
#5485 = DIRECTION('',(-0.139224093699,0.,-0.990260900841));
#5486 = ORIENTED_EDGE('',*,*,#5487,.F.);
#5487 = EDGE_CURVE('',#5318,#5480,#5488,.T.);
#5488 = LINE('',#5489,#5490);
#5489 = CARTESIAN_POINT('',(334.97247314453,27.,113.89728546142));
#5490 = VECTOR('',#5491,1.);
#5491 = DIRECTION('',(0.,-1.,0.));
#5492 = ORIENTED_EDGE('',*,*,#5456,.F.);
#5493 = PLANE('',#5494);
#5494 = AXIS2_PLACEMENT_3D('',#5495,#5496,#5497);
#5495 = CARTESIAN_POINT('',(334.92117607614,22.233895938058,
    113.53242418055));
#5496 = DIRECTION('',(-0.990260900841,-0.,0.139224093699));
#5497 = DIRECTION('',(-0.139224093699,0.,-0.990260900841));
#5498 = ADVANCED_FACE('',(#5499),#5523,.T.);
#5499 = FACE_BOUND('',#5500,.T.);
#5500 = EDGE_LOOP('',(#5501,#5511,#5517));
#5501 = ORIENTED_EDGE('',*,*,#5502,.F.);
#5502 = EDGE_CURVE('',#5503,#5505,#5507,.T.);
#5503 = VERTEX_POINT('',#5504);
#5504 = CARTESIAN_POINT('',(336.44674682617,18.10000038147,
    116.44738769531));
#5505 = VERTEX_POINT('',#5506);
#5506 = CARTESIAN_POINT('',(335.96612548828,18.10000038147,
    115.94979095459));
#5507 = LINE('',#5508,#5509);
#5508 = CARTESIAN_POINT('',(336.44674682617,18.10000038147,
    116.44738769531));
#5509 = VECTOR('',#5510,1.);
#5510 = DIRECTION('',(-0.694731481334,0.,-0.719269190807));
#5511 = ORIENTED_EDGE('',*,*,#5512,.F.);
#5512 = EDGE_CURVE('',#5334,#5503,#5513,.T.);
#5513 = LINE('',#5514,#5515);
#5514 = CARTESIAN_POINT('',(335.96612548828,27.,115.94979095459));
#5515 = VECTOR('',#5516,1.);
#5516 = DIRECTION('',(5.383998989333E-02,-0.996992542227,
    5.574160233718E-02));
#5517 = ORIENTED_EDGE('',*,*,#5518,.T.);
#5518 = EDGE_CURVE('',#5334,#5505,#5519,.T.);
#5519 = LINE('',#5520,#5521);
#5520 = CARTESIAN_POINT('',(335.96612548828,27.,115.94979095459));
#5521 = VECTOR('',#5522,1.);
#5522 = DIRECTION('',(0.,-1.,0.));
#5523 = PLANE('',#5524);
#5524 = AXIS2_PLACEMENT_3D('',#5525,#5526,#5527);
#5525 = CARTESIAN_POINT('',(336.09094370667,22.383759774613,
    116.07901771536));
#5526 = DIRECTION('',(-0.719269190807,-0.,0.694731481334));
#5527 = DIRECTION('',(-0.694731481334,0.,-0.719269190807));
#5528 = ADVANCED_FACE('',(#5529),#5539,.T.);
#5529 = FACE_BOUND('',#5530,.T.);
#5530 = EDGE_LOOP('',(#5531,#5532,#5533));
#5531 = ORIENTED_EDGE('',*,*,#5341,.T.);
#5532 = ORIENTED_EDGE('',*,*,#5512,.T.);
#5533 = ORIENTED_EDGE('',*,*,#5534,.F.);
#5534 = EDGE_CURVE('',#5342,#5503,#5535,.T.);
#5535 = LINE('',#5536,#5537);
#5536 = CARTESIAN_POINT('',(336.96310424804,27.,116.84090423584));
#5537 = VECTOR('',#5538,1.);
#5538 = DIRECTION('',(-5.786394614038E-02,-0.997350046226,
    -4.409817491098E-02));
#5539 = PLANE('',#5540);
#5540 = AXIS2_PLACEMENT_3D('',#5541,#5542,#5543);
#5541 = CARTESIAN_POINT('',(336.45626188909,22.860118529776,
    116.41951716855));
#5542 = DIRECTION('',(-0.666401698908,5.697403610847E-03,0.745571133618)
  );
#5543 = DIRECTION('',(0.745583234684,4.336808689942E-19,0.666412515007)
  );
#5544 = ADVANCED_FACE('',(#5545),#5551,.T.);
#5545 = FACE_BOUND('',#5546,.T.);
#5546 = EDGE_LOOP('',(#5547,#5548,#5549,#5550));
#5547 = ORIENTED_EDGE('',*,*,#3791,.F.);
#5548 = ORIENTED_EDGE('',*,*,#4555,.F.);
#5549 = ORIENTED_EDGE('',*,*,#1982,.F.);
#5550 = ORIENTED_EDGE('',*,*,#4274,.T.);
#5551 = PLANE('',#5552);
#5552 = AXIS2_PLACEMENT_3D('',#5553,#5554,#5555);
#5553 = CARTESIAN_POINT('',(357.55838012695,-21.69999980926,
    92.636905670166));
#5554 = DIRECTION('',(0.978806612448,0.,0.204786755987));
#5555 = DIRECTION('',(-0.204786755987,0.,0.978806612448));
#5556 = ADVANCED_FACE('',(#5557),#5563,.T.);
#5557 = FACE_BOUND('',#5558,.T.);
#5558 = EDGE_LOOP('',(#5559,#5560,#5561,#5562));
#5559 = ORIENTED_EDGE('',*,*,#3019,.T.);
#5560 = ORIENTED_EDGE('',*,*,#4592,.T.);
#5561 = ORIENTED_EDGE('',*,*,#5014,.T.);
#5562 = ORIENTED_EDGE('',*,*,#4292,.T.);
#5563 = PLANE('',#5564);
#5564 = AXIS2_PLACEMENT_3D('',#5565,#5566,#5567);
#5565 = CARTESIAN_POINT('',(357.55838012695,21.699999809265,
    92.636905670166));
#5566 = DIRECTION('',(0.978806612448,0.,0.204786755987));
#5567 = DIRECTION('',(-0.204786755987,0.,0.978806612448));
#5568 = ADVANCED_FACE('',(#5569),#5591,.T.);
#5569 = FACE_BOUND('',#5570,.T.);
#5570 = EDGE_LOOP('',(#5571,#5572,#5580,#5586,#5587,#5588,#5589,#5590));
#5571 = ORIENTED_EDGE('',*,*,#4508,.T.);
#5572 = ORIENTED_EDGE('',*,*,#5573,.F.);
#5573 = EDGE_CURVE('',#5574,#4501,#5576,.T.);
#5574 = VERTEX_POINT('',#5575);
#5575 = CARTESIAN_POINT('',(359.30682373046,25.89999961853,
    90.234565734863));
#5576 = LINE('',#5577,#5578);
#5577 = CARTESIAN_POINT('',(359.30682373046,25.89999961853,
    90.234565734863));
#5578 = VECTOR('',#5579,1.);
#5579 = DIRECTION('',(0.,-1.,0.));
#5580 = ORIENTED_EDGE('',*,*,#5581,.T.);
#5581 = EDGE_CURVE('',#5574,#4600,#5582,.T.);
#5582 = LINE('',#5583,#5584);
#5583 = CARTESIAN_POINT('',(359.30682373046,25.89999961853,
    90.234565734863));
#5584 = VECTOR('',#5585,1.);
#5585 = DIRECTION('',(-0.677013989353,0.,0.735970147642));
#5586 = ORIENTED_EDGE('',*,*,#4599,.T.);
#5587 = ORIENTED_EDGE('',*,*,#3003,.T.);
#5588 = ORIENTED_EDGE('',*,*,#3312,.T.);
#5589 = ORIENTED_EDGE('',*,*,#1998,.F.);
#5590 = ORIENTED_EDGE('',*,*,#4566,.F.);
#5591 = PLANE('',#5592);
#5592 = AXIS2_PLACEMENT_3D('',#5593,#5594,#5595);
#5593 = CARTESIAN_POINT('',(358.38123093975,-7.586751047988E-14,
    91.240761579487));
#5594 = DIRECTION('',(0.735970147642,0.,0.677013989353));
#5595 = DIRECTION('',(-0.677013989353,0.,0.735970147642));
#5596 = ADVANCED_FACE('',(#5597),#5817,.T.);
#5597 = FACE_BOUND('',#5598,.T.);
#5598 = EDGE_LOOP('',(#5599,#5600,#5601,#5609,#5617,#5625,#5633,#5641,
    #5649,#5657,#5665,#5673,#5681,#5689,#5697,#5705,#5713,#5721,#5729,
    #5737,#5745,#5753,#5761,#5769,#5777,#5785,#5793,#5801,#5807,#5813,
    #5814,#5815,#5816));
#5599 = ORIENTED_EDGE('',*,*,#4607,.T.);
#5600 = ORIENTED_EDGE('',*,*,#5581,.F.);
#5601 = ORIENTED_EDGE('',*,*,#5602,.F.);
#5602 = EDGE_CURVE('',#5603,#5574,#5605,.T.);
#5603 = VERTEX_POINT('',#5604);
#5604 = CARTESIAN_POINT('',(360.80316162109,25.89999961853,
    88.072273254395));
#5605 = LINE('',#5606,#5607);
#5606 = CARTESIAN_POINT('',(360.80316162109,25.89999961853,
    88.072273254395));
#5607 = VECTOR('',#5608,1.);
#5608 = DIRECTION('',(-0.569047024672,0.,0.822304982177));
#5609 = ORIENTED_EDGE('',*,*,#5610,.F.);
#5610 = EDGE_CURVE('',#5611,#5603,#5613,.T.);
#5611 = VERTEX_POINT('',#5612);
#5612 = CARTESIAN_POINT('',(362.0361328125,25.89999961853,
    85.569625854492));
#5613 = LINE('',#5614,#5615);
#5614 = CARTESIAN_POINT('',(362.0361328125,25.89999961853,
    85.569625854492));
#5615 = VECTOR('',#5616,1.);
#5616 = DIRECTION('',(-0.441943270782,0.,0.897043000871));
#5617 = ORIENTED_EDGE('',*,*,#5618,.F.);
#5618 = EDGE_CURVE('',#5619,#5611,#5621,.T.);
#5619 = VERTEX_POINT('',#5620);
#5620 = CARTESIAN_POINT('',(362.94580078125,25.89999961853,
    82.823852539062));
#5621 = LINE('',#5622,#5623);
#5622 = CARTESIAN_POINT('',(362.94580078125,25.89999961853,
    82.823852539062));
#5623 = VECTOR('',#5624,1.);
#5624 = DIRECTION('',(-0.314487991916,0.,0.949261451309));
#5625 = ORIENTED_EDGE('',*,*,#5626,.F.);
#5626 = EDGE_CURVE('',#5627,#5619,#5629,.T.);
#5627 = VERTEX_POINT('',#5628);
#5628 = CARTESIAN_POINT('',(363.02645874023,25.89999961853,
    82.504188537598));
#5629 = LINE('',#5630,#5631);
#5630 = CARTESIAN_POINT('',(363.02645874023,25.89999961853,
    82.504188537598));
#5631 = VECTOR('',#5632,1.);
#5632 = DIRECTION('',(-0.244653185646,0.,0.969610653176));
#5633 = ORIENTED_EDGE('',*,*,#5634,.F.);
#5634 = EDGE_CURVE('',#5635,#5627,#5637,.T.);
#5635 = VERTEX_POINT('',#5636);
#5636 = CARTESIAN_POINT('',(363.56372070312,25.89999961853,
    79.421592712402));
#5637 = LINE('',#5638,#5639);
#5638 = CARTESIAN_POINT('',(363.56372070312,25.89999961853,
    79.421592712402));
#5639 = VECTOR('',#5640,1.);
#5640 = DIRECTION('',(-0.171700483086,0.,0.985149198907));
#5641 = ORIENTED_EDGE('',*,*,#5642,.F.);
#5642 = EDGE_CURVE('',#5643,#5635,#5645,.T.);
#5643 = VERTEX_POINT('',#5644);
#5644 = CARTESIAN_POINT('',(363.67105102539,25.89999961853,
    76.282997131348));
#5645 = LINE('',#5646,#5647);
#5646 = CARTESIAN_POINT('',(363.67105102539,25.89999961853,
    76.282997131348));
#5647 = VECTOR('',#5648,1.);
#5648 = DIRECTION('',(-3.417694852595E-02,0.,0.999415797448));
#5649 = ORIENTED_EDGE('',*,*,#5650,.F.);
#5650 = EDGE_CURVE('',#5651,#5643,#5653,.T.);
#5651 = VERTEX_POINT('',#5652);
#5652 = CARTESIAN_POINT('',(363.33502197265,25.89999961853,
    73.20524597168));
#5653 = LINE('',#5654,#5655);
#5654 = CARTESIAN_POINT('',(363.33502197265,25.89999961853,
    73.20524597168));
#5655 = VECTOR('',#5656,1.);
#5656 = DIRECTION('',(0.108535090586,0.,0.994092618477));
#5657 = ORIENTED_EDGE('',*,*,#5658,.F.);
#5658 = EDGE_CURVE('',#5659,#5651,#5661,.T.);
#5659 = VERTEX_POINT('',#5660);
#5660 = CARTESIAN_POINT('',(362.56564331054,25.89999961853,
    70.233444213867));
#5661 = LINE('',#5662,#5663);
#5662 = CARTESIAN_POINT('',(362.56564331054,25.89999961853,
    70.233444213867));
#5663 = VECTOR('',#5664,1.);
#5664 = DIRECTION('',(0.250629902969,0.,0.968082977713));
#5665 = ORIENTED_EDGE('',*,*,#5666,.F.);
#5666 = EDGE_CURVE('',#5667,#5659,#5669,.T.);
#5667 = VERTEX_POINT('',#5668);
#5668 = CARTESIAN_POINT('',(361.38543701171,25.89999961853,
    67.430351257324));
#5669 = LINE('',#5670,#5671);
#5670 = CARTESIAN_POINT('',(361.38543701171,25.89999961853,
    67.430351257324));
#5671 = VECTOR('',#5672,1.);
#5672 = DIRECTION('',(0.388044888396,0.,0.921640474692));
#5673 = ORIENTED_EDGE('',*,*,#5674,.F.);
#5674 = EDGE_CURVE('',#5675,#5667,#5677,.T.);
#5675 = VERTEX_POINT('',#5676);
#5676 = CARTESIAN_POINT('',(359.84045410156,25.89999961853,
    64.910087585449));
#5677 = LINE('',#5678,#5679);
#5678 = CARTESIAN_POINT('',(359.84045410156,25.89999961853,
    64.910087585449));
#5679 = VECTOR('',#5680,1.);
#5680 = DIRECTION('',(0.522637100351,0.,0.852555254126));
#5681 = ORIENTED_EDGE('',*,*,#5682,.F.);
#5682 = EDGE_CURVE('',#5683,#5675,#5685,.T.);
#5683 = VERTEX_POINT('',#5684);
#5684 = CARTESIAN_POINT('',(359.53842163085,25.89999961853,
    64.508232116699));
#5685 = LINE('',#5686,#5687);
#5686 = CARTESIAN_POINT('',(359.53842163085,25.89999961853,
    64.508232116699));
#5687 = VECTOR('',#5688,1.);
#5688 = DIRECTION('',(0.600815587876,0.,0.799387659003));
#5689 = ORIENTED_EDGE('',*,*,#5690,.F.);
#5690 = EDGE_CURVE('',#5691,#5683,#5693,.T.);
#5691 = VERTEX_POINT('',#5692);
#5692 = CARTESIAN_POINT('',(357.71127319335,25.89999961853,
    62.488349914551));
#5693 = LINE('',#5694,#5695);
#5694 = CARTESIAN_POINT('',(357.71127319335,25.89999961853,
    62.488349914551));
#5695 = VECTOR('',#5696,1.);
#5696 = DIRECTION('',(0.670839827377,0.,0.741602269417));
#5697 = ORIENTED_EDGE('',*,*,#5698,.F.);
#5698 = EDGE_CURVE('',#5699,#5691,#5701,.T.);
#5699 = VERTEX_POINT('',#5700);
#5700 = CARTESIAN_POINT('',(355.60382080078,25.89999961853,
    60.680721282959));
#5701 = LINE('',#5702,#5703);
#5702 = CARTESIAN_POINT('',(355.60382080078,25.89999961853,
    60.680721282959));
#5703 = VECTOR('',#5704,1.);
#5704 = DIRECTION('',(0.759035727735,0.,0.651048972061));
#5705 = ORIENTED_EDGE('',*,*,#5706,.F.);
#5706 = EDGE_CURVE('',#5707,#5699,#5709,.T.);
#5707 = VERTEX_POINT('',#5708);
#5708 = CARTESIAN_POINT('',(352.9197692871,25.89999961853,
    58.780025482178));
#5709 = LINE('',#5710,#5711);
#5710 = CARTESIAN_POINT('',(352.9197692871,25.89999961853,
    58.780025482178));
#5711 = VECTOR('',#5712,1.);
#5712 = DIRECTION('',(0.816097237006,0.,0.577914612855));
#5713 = ORIENTED_EDGE('',*,*,#5714,.F.);
#5714 = EDGE_CURVE('',#5715,#5707,#5717,.T.);
#5715 = VERTEX_POINT('',#5716);
#5716 = CARTESIAN_POINT('',(350.79946899414,25.89999961853,
    57.673866271973));
#5717 = LINE('',#5718,#5719);
#5718 = CARTESIAN_POINT('',(350.79946899414,25.89999961853,
    57.673866271973));
#5719 = VECTOR('',#5720,1.);
#5720 = DIRECTION('',(0.886599322581,0.,0.462538259173));
#5721 = ORIENTED_EDGE('',*,*,#5722,.F.);
#5722 = EDGE_CURVE('',#5723,#5715,#5725,.T.);
#5723 = VERTEX_POINT('',#5724);
#5724 = CARTESIAN_POINT('',(348.52969360351,25.89999961853,
    56.913791656494));
#5725 = LINE('',#5726,#5727);
#5726 = CARTESIAN_POINT('',(348.52969360351,25.89999961853,
    56.913791656494));
#5727 = VECTOR('',#5728,1.);
#5728 = DIRECTION('',(0.948245888274,0.,0.317536982684));
#5729 = ORIENTED_EDGE('',*,*,#5730,.F.);
#5730 = EDGE_CURVE('',#5731,#5723,#5733,.T.);
#5731 = VERTEX_POINT('',#5732);
#5732 = CARTESIAN_POINT('',(345.17306518554,25.89999961853,
    56.202304840088));
#5733 = LINE('',#5734,#5735);
#5734 = CARTESIAN_POINT('',(345.17306518554,25.89999961853,
    56.202304840088));
#5735 = VECTOR('',#5736,1.);
#5736 = DIRECTION('',(0.978265188874,0.,0.207357710823));
#5737 = ORIENTED_EDGE('',*,*,#5738,.F.);
#5738 = EDGE_CURVE('',#5739,#5731,#5741,.T.);
#5739 = VERTEX_POINT('',#5740);
#5740 = CARTESIAN_POINT('',(342.24429321289,25.89999961853,
    56.001564025879));
#5741 = LINE('',#5742,#5743);
#5742 = CARTESIAN_POINT('',(342.24429321289,25.89999961853,
    56.001564025879));
#5743 = VECTOR('',#5744,1.);
#5744 = DIRECTION('',(0.997659313013,0.,6.838051738654E-02));
#5745 = ORIENTED_EDGE('',*,*,#5746,.F.);
#5746 = EDGE_CURVE('',#5747,#5739,#5749,.T.);
#5747 = VERTEX_POINT('',#5748);
#5748 = CARTESIAN_POINT('',(338.27130126953,25.89999961853,
    56.19437789917));
#5749 = LINE('',#5750,#5751);
#5750 = CARTESIAN_POINT('',(338.27130126953,25.89999961853,
    56.19437789917));
#5751 = VECTOR('',#5752,1.);
#5752 = DIRECTION('',(0.998824439841,0.,-4.847410005585E-02));
#5753 = ORIENTED_EDGE('',*,*,#5754,.F.);
#5754 = EDGE_CURVE('',#5755,#5747,#5757,.T.);
#5755 = VERTEX_POINT('',#5756);
#5756 = CARTESIAN_POINT('',(337.73310184729,25.89999961853,
    56.216068211147));
#5757 = LINE('',#5758,#5759);
#5758 = CARTESIAN_POINT('',(331.01287841796,25.89999961853,
    56.486904144287));
#5759 = VECTOR('',#5760,1.);
#5760 = DIRECTION('',(0.999188877408,0.,-4.026893671648E-02));
#5761 = ORIENTED_EDGE('',*,*,#5762,.T.);
#5762 = EDGE_CURVE('',#5755,#5763,#5765,.T.);
#5763 = VERTEX_POINT('',#5764);
#5764 = CARTESIAN_POINT('',(340.80950927734,25.89999961853,
    56.037689208984));
#5765 = LINE('',#5766,#5767);
#5766 = CARTESIAN_POINT('',(335.47564697265,25.89999961853,
    56.346961975098));
#5767 = VECTOR('',#5768,1.);
#5768 = DIRECTION('',(0.998323218913,0.,-5.788566816153E-02));
#5769 = ORIENTED_EDGE('',*,*,#5770,.T.);
#5770 = EDGE_CURVE('',#5763,#5771,#5773,.T.);
#5771 = VERTEX_POINT('',#5772);
#5772 = CARTESIAN_POINT('',(325.09448242187,25.89999961853,
    56.193462371826));
#5773 = LINE('',#5774,#5775);
#5774 = CARTESIAN_POINT('',(340.80950927734,25.89999961853,
    56.037689208984));
#5775 = VECTOR('',#5776,1.);
#5776 = DIRECTION('',(-0.999950876079,0.,9.911883198537E-03));
#5777 = ORIENTED_EDGE('',*,*,#5778,.T.);
#5778 = EDGE_CURVE('',#5771,#5779,#5781,.T.);
#5779 = VERTEX_POINT('',#5780);
#5780 = CARTESIAN_POINT('',(325.35934448242,25.89999961853,
    56.601409912109));
#5781 = LINE('',#5782,#5783);
#5782 = CARTESIAN_POINT('',(325.09448242187,25.89999961853,
    56.193462371826));
#5783 = VECTOR('',#5784,1.);
#5784 = DIRECTION('',(0.544549127855,0.,0.838728947487));
#5785 = ORIENTED_EDGE('',*,*,#5786,.T.);
#5786 = EDGE_CURVE('',#5779,#5787,#5789,.T.);
#5787 = VERTEX_POINT('',#5788);
#5788 = CARTESIAN_POINT('',(332.84090451145,25.89999961853,
    56.413231719844));
#5789 = LINE('',#5790,#5791);
#5790 = CARTESIAN_POINT('',(325.35934448242,25.89999961853,
    56.601409912109));
#5791 = VECTOR('',#5792,1.);
#5792 = DIRECTION('',(0.99968383175,0.,-2.514431422926E-02));
#5793 = ORIENTED_EDGE('',*,*,#5794,.F.);
#5794 = EDGE_CURVE('',#5795,#5787,#5797,.T.);
#5795 = VERTEX_POINT('',#5796);
#5796 = CARTESIAN_POINT('',(331.01287841796,25.89999961853,
    56.486904144287));
#5797 = LINE('',#5798,#5799);
#5798 = CARTESIAN_POINT('',(331.01287841796,25.89999961853,
    56.486904144287));
#5799 = VECTOR('',#5800,1.);
#5800 = DIRECTION('',(0.999188877408,0.,-4.026893671648E-02));
#5801 = ORIENTED_EDGE('',*,*,#5802,.F.);
#5802 = EDGE_CURVE('',#5779,#5795,#5803,.T.);
#5803 = LINE('',#5804,#5805);
#5804 = CARTESIAN_POINT('',(325.35934448242,25.89999961853,
    56.601409912109));
#5805 = VECTOR('',#5806,1.);
#5806 = DIRECTION('',(0.99979495408,0.,-2.024968633546E-02));
#5807 = ORIENTED_EDGE('',*,*,#5808,.T.);
#5808 = EDGE_CURVE('',#5779,#3242,#5809,.T.);
#5809 = LINE('',#5810,#5811);
#5810 = CARTESIAN_POINT('',(325.35934448242,25.89999961853,
    56.601409912109));
#5811 = VECTOR('',#5812,1.);
#5812 = DIRECTION('',(0.544507105257,0.,0.838756229381));
#5813 = ORIENTED_EDGE('',*,*,#3241,.T.);
#5814 = ORIENTED_EDGE('',*,*,#3231,.T.);
#5815 = ORIENTED_EDGE('',*,*,#3280,.T.);
#5816 = ORIENTED_EDGE('',*,*,#3327,.F.);
#5817 = PLANE('',#5818);
#5818 = AXIS2_PLACEMENT_3D('',#5819,#5820,#5821);
#5819 = CARTESIAN_POINT('',(344.45879670161,25.89999961853,
    70.144217042921));
#5820 = DIRECTION('',(0.,1.,0.));
#5821 = DIRECTION('',(0.,-0.,1.));
#5822 = ADVANCED_FACE('',(#5823),#5834,.T.);
#5823 = FACE_BOUND('',#5824,.T.);
#5824 = EDGE_LOOP('',(#5825,#5826,#5832,#5833));
#5825 = ORIENTED_EDGE('',*,*,#2350,.F.);
#5826 = ORIENTED_EDGE('',*,*,#5827,.T.);
#5827 = EDGE_CURVE('',#2343,#3401,#5828,.T.);
#5828 = LINE('',#5829,#5830);
#5829 = CARTESIAN_POINT('',(343.95474243164,-16.39999961853,
    115.51921844482));
#5830 = VECTOR('',#5831,1.);
#5831 = DIRECTION('',(0.,-1.,0.));
#5832 = ORIENTED_EDGE('',*,*,#3400,.F.);
#5833 = ORIENTED_EDGE('',*,*,#4021,.F.);
#5834 = PLANE('',#5835);
#5835 = AXIS2_PLACEMENT_3D('',#5836,#5837,#5838);
#5836 = CARTESIAN_POINT('',(344.95683288574,-21.69999980926,
    114.51396942138));
#5837 = DIRECTION('',(0.708218544236,0.,0.70599326739));
#5838 = DIRECTION('',(-0.70599326739,0.,0.708218544236));
#5839 = ADVANCED_FACE('',(#5840),#5851,.T.);
#5840 = FACE_BOUND('',#5841,.T.);
#5841 = EDGE_LOOP('',(#5842,#5843,#5849,#5850));
#5842 = ORIENTED_EDGE('',*,*,#5389,.T.);
#5843 = ORIENTED_EDGE('',*,*,#5844,.T.);
#5844 = EDGE_CURVE('',#5382,#2628,#5845,.T.);
#5845 = LINE('',#5846,#5847);
#5846 = CARTESIAN_POINT('',(343.95474243164,27.,115.51921844482));
#5847 = VECTOR('',#5848,1.);
#5848 = DIRECTION('',(0.,-1.,0.));
#5849 = ORIENTED_EDGE('',*,*,#2627,.T.);
#5850 = ORIENTED_EDGE('',*,*,#4046,.T.);
#5851 = PLANE('',#5852);
#5852 = AXIS2_PLACEMENT_3D('',#5853,#5854,#5855);
#5853 = CARTESIAN_POINT('',(344.95683288574,21.699999809265,
    114.51396942138));
#5854 = DIRECTION('',(0.708218544236,0.,0.70599326739));
#5855 = DIRECTION('',(-0.70599326739,0.,0.708218544236));
#5856 = ADVANCED_FACE('',(#5857),#5868,.T.);
#5857 = FACE_BOUND('',#5858,.T.);
#5858 = EDGE_LOOP('',(#5859,#5860,#5861,#5867));
#5859 = ORIENTED_EDGE('',*,*,#4069,.F.);
#5860 = ORIENTED_EDGE('',*,*,#4773,.T.);
#5861 = ORIENTED_EDGE('',*,*,#5862,.T.);
#5862 = EDGE_CURVE('',#4766,#2239,#5863,.T.);
#5863 = LINE('',#5864,#5865);
#5864 = CARTESIAN_POINT('',(341.83166503906,-22.10000038147,
    112.70419311523));
#5865 = VECTOR('',#5866,1.);
#5866 = DIRECTION('',(0.,1.,0.));
#5867 = ORIENTED_EDGE('',*,*,#2238,.F.);
#5868 = PLANE('',#5869);
#5869 = AXIS2_PLACEMENT_3D('',#5870,#5871,#5872);
#5870 = CARTESIAN_POINT('',(341.87460327148,-19.25,112.37852478027));
#5871 = DIRECTION('',(-0.991419952091,-0.,-0.130715257704));
#5872 = DIRECTION('',(0.130715257704,0.,-0.991419952091));
#5873 = ADVANCED_FACE('',(#5874),#5892,.T.);
#5874 = FACE_BOUND('',#5875,.T.);
#5875 = EDGE_LOOP('',(#5876,#5884,#5885,#5886));
#5876 = ORIENTED_EDGE('',*,*,#5877,.F.);
#5877 = EDGE_CURVE('',#4085,#5878,#5880,.T.);
#5878 = VERTEX_POINT('',#5879);
#5879 = CARTESIAN_POINT('',(341.83166503906,22.10000038147,
    112.70419311523));
#5880 = LINE('',#5881,#5882);
#5881 = CARTESIAN_POINT('',(341.9175415039,22.10000038147,
    112.05285644531));
#5882 = VECTOR('',#5883,1.);
#5883 = DIRECTION('',(-0.130715257704,0.,0.991419952091));
#5884 = ORIENTED_EDGE('',*,*,#4094,.F.);
#5885 = ORIENTED_EDGE('',*,*,#2739,.T.);
#5886 = ORIENTED_EDGE('',*,*,#5887,.T.);
#5887 = EDGE_CURVE('',#2732,#5878,#5888,.T.);
#5888 = LINE('',#5889,#5890);
#5889 = CARTESIAN_POINT('',(341.83166503906,16.39999961853,
    112.70419311523));
#5890 = VECTOR('',#5891,1.);
#5891 = DIRECTION('',(0.,1.,0.));
#5892 = PLANE('',#5893);
#5893 = AXIS2_PLACEMENT_3D('',#5894,#5895,#5896);
#5894 = CARTESIAN_POINT('',(341.87460327148,19.25,112.37852478027));
#5895 = DIRECTION('',(-0.991419952091,-0.,-0.130715257704));
#5896 = DIRECTION('',(0.130715257704,0.,-0.991419952091));
#5897 = ADVANCED_FACE('',(#5898),#5909,.T.);
#5898 = FACE_BOUND('',#5899,.T.);
#5899 = EDGE_LOOP('',(#5900,#5901,#5902,#5908));
#5900 = ORIENTED_EDGE('',*,*,#4881,.T.);
#5901 = ORIENTED_EDGE('',*,*,#2190,.F.);
#5902 = ORIENTED_EDGE('',*,*,#5903,.T.);
#5903 = EDGE_CURVE('',#2183,#4662,#5904,.T.);
#5904 = LINE('',#5905,#5906);
#5905 = CARTESIAN_POINT('',(339.11782836914,-16.39999961853,
    110.12747192382));
#5906 = VECTOR('',#5907,1.);
#5907 = DIRECTION('',(0.,-1.,0.));
#5908 = ORIENTED_EDGE('',*,*,#4661,.T.);
#5909 = PLANE('',#5910);
#5910 = AXIS2_PLACEMENT_3D('',#5911,#5912,#5913);
#5911 = CARTESIAN_POINT('',(339.44082641601,-19.25,110.06773376464));
#5912 = DIRECTION('',(0.181864690052,0.,0.983323565523));
#5913 = DIRECTION('',(0.983323565523,0.,-0.181864690052));
#5914 = ADVANCED_FACE('',(#5915),#5933,.T.);
#5915 = FACE_BOUND('',#5916,.T.);
#5916 = EDGE_LOOP('',(#5917,#5918,#5919,#5927));
#5917 = ORIENTED_EDGE('',*,*,#2787,.T.);
#5918 = ORIENTED_EDGE('',*,*,#4907,.F.);
#5919 = ORIENTED_EDGE('',*,*,#5920,.F.);
#5920 = EDGE_CURVE('',#5921,#4900,#5923,.T.);
#5921 = VERTEX_POINT('',#5922);
#5922 = CARTESIAN_POINT('',(339.11782836914,22.10000038147,
    110.12747192382));
#5923 = LINE('',#5924,#5925);
#5924 = CARTESIAN_POINT('',(339.11782836914,22.10000038147,
    110.12747192382));
#5925 = VECTOR('',#5926,1.);
#5926 = DIRECTION('',(0.983323565523,0.,-0.181864690052));
#5927 = ORIENTED_EDGE('',*,*,#5928,.F.);
#5928 = EDGE_CURVE('',#2788,#5921,#5929,.T.);
#5929 = LINE('',#5930,#5931);
#5930 = CARTESIAN_POINT('',(339.11782836914,16.39999961853,
    110.12747192382));
#5931 = VECTOR('',#5932,1.);
#5932 = DIRECTION('',(0.,1.,0.));
#5933 = PLANE('',#5934);
#5934 = AXIS2_PLACEMENT_3D('',#5935,#5936,#5937);
#5935 = CARTESIAN_POINT('',(339.44082641601,19.25,110.06773376464));
#5936 = DIRECTION('',(0.181864690052,0.,0.983323565523));
#5937 = DIRECTION('',(0.983323565523,0.,-0.181864690052));
#5938 = ADVANCED_FACE('',(#5939),#5950,.T.);
#5939 = FACE_BOUND('',#5940,.T.);
#5940 = EDGE_LOOP('',(#5941,#5942,#5948,#5949));
#5941 = ORIENTED_EDGE('',*,*,#2891,.F.);
#5942 = ORIENTED_EDGE('',*,*,#5943,.F.);
#5943 = EDGE_CURVE('',#5254,#2884,#5944,.T.);
#5944 = LINE('',#5945,#5946);
#5945 = CARTESIAN_POINT('',(334.59524536132,27.,108.21332550048));
#5946 = VECTOR('',#5947,1.);
#5947 = DIRECTION('',(0.,-1.,0.));
#5948 = ORIENTED_EDGE('',*,*,#5253,.T.);
#5949 = ORIENTED_EDGE('',*,*,#4922,.T.);
#5950 = PLANE('',#5951);
#5951 = AXIS2_PLACEMENT_3D('',#5952,#5953,#5954);
#5952 = CARTESIAN_POINT('',(334.54104614257,21.699999809265,
    108.08988571167));
#5953 = DIRECTION('',(-0.915627263541,-0.,0.402028250576));
#5954 = DIRECTION('',(-0.402028250576,0.,-0.915627263541));
#5955 = ADVANCED_FACE('',(#5956),#5967,.T.);
#5956 = FACE_BOUND('',#5957,.T.);
#5957 = EDGE_LOOP('',(#5958,#5964,#5965,#5966));
#5958 = ORIENTED_EDGE('',*,*,#5959,.T.);
#5959 = EDGE_CURVE('',#3529,#2087,#5960,.T.);
#5960 = LINE('',#5961,#5962);
#5961 = CARTESIAN_POINT('',(334.59524536132,-27.,108.21332550048));
#5962 = VECTOR('',#5963,1.);
#5963 = DIRECTION('',(0.,1.,0.));
#5964 = ORIENTED_EDGE('',*,*,#2086,.F.);
#5965 = ORIENTED_EDGE('',*,*,#4993,.T.);
#5966 = ORIENTED_EDGE('',*,*,#3536,.F.);
#5967 = PLANE('',#5968);
#5968 = AXIS2_PLACEMENT_3D('',#5969,#5970,#5971);
#5969 = CARTESIAN_POINT('',(334.54104614257,-21.69999980926,
    108.08988571167));
#5970 = DIRECTION('',(-0.915627263541,-0.,0.402028250576));
#5971 = DIRECTION('',(-0.402028250576,0.,-0.915627263541));
#5972 = ADVANCED_FACE('',(#5973),#5998,.T.);
#5973 = FACE_BOUND('',#5974,.T.);
#5974 = EDGE_LOOP('',(#5975,#5983,#5991,#5997));
#5975 = ORIENTED_EDGE('',*,*,#5976,.F.);
#5976 = EDGE_CURVE('',#5977,#2946,#5979,.T.);
#5977 = VERTEX_POINT('',#5978);
#5978 = CARTESIAN_POINT('',(351.83462524414,24.5,95.134582519531));
#5979 = LINE('',#5980,#5981);
#5980 = CARTESIAN_POINT('',(351.83462524414,24.5,95.134582519531));
#5981 = VECTOR('',#5982,1.);
#5982 = DIRECTION('',(-0.809478126527,0.,0.587150034211));
#5983 = ORIENTED_EDGE('',*,*,#5984,.F.);
#5984 = EDGE_CURVE('',#5985,#5977,#5987,.T.);
#5985 = VERTEX_POINT('',#5986);
#5986 = CARTESIAN_POINT('',(351.83462524414,-24.5,95.134582519531));
#5987 = LINE('',#5988,#5989);
#5988 = CARTESIAN_POINT('',(351.83462524414,-24.5,95.134582519531));
#5989 = VECTOR('',#5990,1.);
#5990 = DIRECTION('',(0.,1.,0.));
#5991 = ORIENTED_EDGE('',*,*,#5992,.T.);
#5992 = EDGE_CURVE('',#5985,#2373,#5993,.T.);
#5993 = LINE('',#5994,#5995);
#5994 = CARTESIAN_POINT('',(351.83462524414,-24.5,95.134582519531));
#5995 = VECTOR('',#5996,1.);
#5996 = DIRECTION('',(-0.809478126527,0.,0.587150034211));
#5997 = ORIENTED_EDGE('',*,*,#4206,.T.);
#5998 = PLANE('',#5999);
#5999 = AXIS2_PLACEMENT_3D('',#6000,#6001,#6002);
#6000 = CARTESIAN_POINT('',(350.60231018066,0.,96.028434753418));
#6001 = DIRECTION('',(-0.587150034211,-0.,-0.809478126527));
#6002 = DIRECTION('',(-0.809478126527,0.,0.587150034211));
#6003 = ADVANCED_FACE('',(#6004),#6231,.T.);
#6004 = FACE_BOUND('',#6005,.T.);
#6005 = EDGE_LOOP('',(#6006,#6007,#6008,#6016,#6024,#6032,#6040,#6048,
    #6056,#6064,#6072,#6080,#6088,#6096,#6104,#6112,#6120,#6128,#6136,
    #6144,#6152,#6160,#6168,#6176,#6184,#6192,#6200,#6208,#6216,#6224,
    #6230));
#6006 = ORIENTED_EDGE('',*,*,#2388,.F.);
#6007 = ORIENTED_EDGE('',*,*,#5992,.F.);
#6008 = ORIENTED_EDGE('',*,*,#6009,.F.);
#6009 = EDGE_CURVE('',#6010,#5985,#6012,.T.);
#6010 = VERTEX_POINT('',#6011);
#6011 = CARTESIAN_POINT('',(355.6926574707,-24.5,92.025009155273));
#6012 = LINE('',#6013,#6014);
#6013 = CARTESIAN_POINT('',(355.6926574707,-24.5,92.025009155273));
#6014 = VECTOR('',#6015,1.);
#6015 = DIRECTION('',(-0.778584889347,0.,0.627539297639));
#6016 = ORIENTED_EDGE('',*,*,#6017,.F.);
#6017 = EDGE_CURVE('',#6018,#6010,#6020,.T.);
#6018 = VERTEX_POINT('',#6019);
#6019 = CARTESIAN_POINT('',(357.28085327148,-24.5,90.630302429199));
#6020 = LINE('',#6021,#6022);
#6021 = CARTESIAN_POINT('',(357.28085327148,-24.5,90.630302429199));
#6022 = VECTOR('',#6023,1.);
#6023 = DIRECTION('',(-0.751394871586,0.,0.659852822192));
#6024 = ORIENTED_EDGE('',*,*,#6025,.F.);
#6025 = EDGE_CURVE('',#6026,#6018,#6028,.T.);
#6026 = VERTEX_POINT('',#6027);
#6027 = CARTESIAN_POINT('',(358.55084228515,-24.5,89.046813964844));
#6028 = LINE('',#6029,#6030);
#6029 = CARTESIAN_POINT('',(358.55084228515,-24.5,89.046813964844));
#6030 = VECTOR('',#6031,1.);
#6031 = DIRECTION('',(-0.625655307656,0.,0.7800996321));
#6032 = ORIENTED_EDGE('',*,*,#6033,.F.);
#6033 = EDGE_CURVE('',#6034,#6026,#6036,.T.);
#6034 = VERTEX_POINT('',#6035);
#6035 = CARTESIAN_POINT('',(359.7544555664,-24.5,86.894493103027));
#6036 = LINE('',#6037,#6038);
#6037 = CARTESIAN_POINT('',(359.7544555664,-24.5,86.894493103027));
#6038 = VECTOR('',#6039,1.);
#6039 = DIRECTION('',(-0.488082681873,0.,0.872797396682));
#6040 = ORIENTED_EDGE('',*,*,#6041,.F.);
#6041 = EDGE_CURVE('',#6042,#6034,#6044,.T.);
#6042 = VERTEX_POINT('',#6043);
#6043 = CARTESIAN_POINT('',(360.95321655273,-24.5,83.893676757812));
#6044 = LINE('',#6045,#6046);
#6045 = CARTESIAN_POINT('',(360.95321655273,-24.5,83.893676757812));
#6046 = VECTOR('',#6047,1.);
#6047 = DIRECTION('',(-0.370972982397,0.,0.928643659501));
#6048 = ORIENTED_EDGE('',*,*,#6049,.F.);
#6049 = EDGE_CURVE('',#6050,#6042,#6052,.T.);
#6050 = VERTEX_POINT('',#6051);
#6051 = CARTESIAN_POINT('',(361.72018432617,-24.5,80.868682861328));
#6052 = LINE('',#6053,#6054);
#6053 = CARTESIAN_POINT('',(361.72018432617,-24.5,80.868682861328));
#6054 = VECTOR('',#6055,1.);
#6055 = DIRECTION('',(-0.245767117738,0.,0.96932890385));
#6056 = ORIENTED_EDGE('',*,*,#6057,.F.);
#6057 = EDGE_CURVE('',#6058,#6050,#6060,.T.);
#6058 = VERTEX_POINT('',#6059);
#6059 = CARTESIAN_POINT('',(362.07650756835,-24.5,77.90828704834));
#6060 = LINE('',#6061,#6062);
#6061 = CARTESIAN_POINT('',(362.07650756835,-24.5,77.90828704834));
#6062 = VECTOR('',#6063,1.);
#6063 = DIRECTION('',(-0.119500866279,0.,0.992834096392));
#6064 = ORIENTED_EDGE('',*,*,#6065,.F.);
#6065 = EDGE_CURVE('',#6066,#6058,#6068,.T.);
#6066 = VERTEX_POINT('',#6067);
#6067 = CARTESIAN_POINT('',(362.04028320312,-24.5,75.051010131836));
#6068 = LINE('',#6069,#6070);
#6069 = CARTESIAN_POINT('',(362.04028320312,-24.5,75.051010131836));
#6070 = VECTOR('',#6071,1.);
#6071 = DIRECTION('',(1.267691423439E-02,0.,0.999919644694));
#6072 = ORIENTED_EDGE('',*,*,#6073,.F.);
#6073 = EDGE_CURVE('',#6074,#6066,#6076,.T.);
#6074 = VERTEX_POINT('',#6075);
#6075 = CARTESIAN_POINT('',(361.65710449218,-24.5,72.497383117676));
#6076 = LINE('',#6077,#6078);
#6077 = CARTESIAN_POINT('',(361.65710449218,-24.5,72.497383117676));
#6078 = VECTOR('',#6079,1.);
#6079 = DIRECTION('',(0.148391453767,0.,0.988928701398));
#6080 = ORIENTED_EDGE('',*,*,#6081,.F.);
#6081 = EDGE_CURVE('',#6082,#6074,#6084,.T.);
#6082 = VERTEX_POINT('',#6083);
#6083 = CARTESIAN_POINT('',(360.865234375,-24.5,69.85782623291));
#6084 = LINE('',#6085,#6086);
#6085 = CARTESIAN_POINT('',(360.865234375,-24.5,69.85782623291));
#6086 = VECTOR('',#6087,1.);
#6087 = DIRECTION('',(0.287348901532,0.,0.957825980431));
#6088 = ORIENTED_EDGE('',*,*,#6089,.F.);
#6089 = EDGE_CURVE('',#6090,#6082,#6092,.T.);
#6090 = VERTEX_POINT('',#6091);
#6091 = CARTESIAN_POINT('',(359.71459960937,-24.5,67.427742004395));
#6092 = LINE('',#6093,#6094);
#6093 = CARTESIAN_POINT('',(359.71459960937,-24.5,67.427742004395));
#6094 = VECTOR('',#6095,1.);
#6095 = DIRECTION('',(0.427947287095,0.,0.903803695206));
#6096 = ORIENTED_EDGE('',*,*,#6097,.F.);
#6097 = EDGE_CURVE('',#6098,#6090,#6100,.T.);
#6098 = VERTEX_POINT('',#6099);
#6099 = CARTESIAN_POINT('',(358.13613891601,-24.5,65.138145446777));
#6100 = LINE('',#6101,#6102);
#6101 = CARTESIAN_POINT('',(358.13613891601,-24.5,65.138145446777));
#6102 = VECTOR('',#6103,1.);
#6103 = DIRECTION('',(0.567593702586,0.,0.823308805239));
#6104 = ORIENTED_EDGE('',*,*,#6105,.F.);
#6105 = EDGE_CURVE('',#6106,#6098,#6108,.T.);
#6106 = VERTEX_POINT('',#6107);
#6107 = CARTESIAN_POINT('',(356.32727050781,-24.5,63.238883972168));
#6108 = LINE('',#6109,#6110);
#6109 = CARTESIAN_POINT('',(356.32727050781,-24.5,63.238883972168));
#6110 = VECTOR('',#6111,1.);
#6111 = DIRECTION('',(0.68966476014,0.,0.724128799746));
#6112 = ORIENTED_EDGE('',*,*,#6113,.F.);
#6113 = EDGE_CURVE('',#6114,#6106,#6116,.T.);
#6114 = VERTEX_POINT('',#6115);
#6115 = CARTESIAN_POINT('',(353.9429321289,-24.5,61.356651306152));
#6116 = LINE('',#6117,#6118);
#6117 = CARTESIAN_POINT('',(353.9429321289,-24.5,61.356651306152));
#6118 = VECTOR('',#6119,1.);
#6119 = DIRECTION('',(0.784905137405,0.,0.619615949824));
#6120 = ORIENTED_EDGE('',*,*,#6121,.F.);
#6121 = EDGE_CURVE('',#6122,#6114,#6124,.T.);
#6122 = VERTEX_POINT('',#6123);
#6123 = CARTESIAN_POINT('',(351.2615661621,-24.5,59.750843048096));
#6124 = LINE('',#6125,#6126);
#6125 = CARTESIAN_POINT('',(351.2615661621,-24.5,59.750843048096));
#6126 = VECTOR('',#6127,1.);
#6127 = DIRECTION('',(0.85791770171,0.,0.513787132081));
#6128 = ORIENTED_EDGE('',*,*,#6129,.F.);
#6129 = EDGE_CURVE('',#6130,#6122,#6132,.T.);
#6130 = VERTEX_POINT('',#6131);
#6131 = CARTESIAN_POINT('',(348.17492675781,-24.5,58.350688934326));
#6132 = LINE('',#6133,#6134);
#6133 = CARTESIAN_POINT('',(348.17492675781,-24.5,58.350688934326));
#6134 = VECTOR('',#6135,1.);
#6135 = DIRECTION('',(0.910684506324,0.,0.413102565885));
#6136 = ORIENTED_EDGE('',*,*,#6137,.F.);
#6137 = EDGE_CURVE('',#6138,#6130,#6140,.T.);
#6138 = VERTEX_POINT('',#6139);
#6139 = CARTESIAN_POINT('',(344.4673461914,-24.5,57.139747619629));
#6140 = LINE('',#6141,#6142);
#6141 = CARTESIAN_POINT('',(344.4673461914,-24.5,57.139747619629));
#6142 = VECTOR('',#6143,1.);
#6143 = DIRECTION('',(0.950582549146,0.,0.310471926685));
#6144 = ORIENTED_EDGE('',*,*,#6145,.F.);
#6145 = EDGE_CURVE('',#6146,#6138,#6148,.T.);
#6146 = VERTEX_POINT('',#6147);
#6147 = CARTESIAN_POINT('',(306.19454956054,-24.5,57.418045043945));
#6148 = LINE('',#6149,#6150);
#6149 = CARTESIAN_POINT('',(306.19454956054,-24.5,57.418045043945));
#6150 = VECTOR('',#6151,1.);
#6151 = DIRECTION('',(0.999973564303,0.,-7.271223736645E-03));
#6152 = ORIENTED_EDGE('',*,*,#6153,.F.);
#6153 = EDGE_CURVE('',#6154,#6146,#6156,.T.);
#6154 = VERTEX_POINT('',#6155);
#6155 = CARTESIAN_POINT('',(302.53063964843,-24.5,58.934597015381));
#6156 = LINE('',#6157,#6158);
#6157 = CARTESIAN_POINT('',(302.53063964843,-24.5,58.934597015381));
#6158 = VECTOR('',#6159,1.);
#6159 = DIRECTION('',(0.923976616578,0.,-0.382448966553));
#6160 = ORIENTED_EDGE('',*,*,#6161,.T.);
#6161 = EDGE_CURVE('',#6154,#6162,#6164,.T.);
#6162 = VERTEX_POINT('',#6163);
#6163 = CARTESIAN_POINT('',(307.12200927734,-24.5,62.871631622314));
#6164 = LINE('',#6165,#6166);
#6165 = CARTESIAN_POINT('',(302.53063964843,-24.5,58.934597015381));
#6166 = VECTOR('',#6167,1.);
#6167 = DIRECTION('',(0.759127921777,0.,0.650941470778));
#6168 = ORIENTED_EDGE('',*,*,#6169,.T.);
#6169 = EDGE_CURVE('',#6162,#6170,#6172,.T.);
#6170 = VERTEX_POINT('',#6171);
#6171 = CARTESIAN_POINT('',(312.49264526367,-24.5,68.059875488281));
#6172 = LINE('',#6173,#6174);
#6173 = CARTESIAN_POINT('',(307.12200927734,-24.5,62.871631622314));
#6174 = VECTOR('',#6175,1.);
#6175 = DIRECTION('',(0.719213918598,0.,0.694788701186));
#6176 = ORIENTED_EDGE('',*,*,#6177,.T.);
#6177 = EDGE_CURVE('',#6170,#6178,#6180,.T.);
#6178 = VERTEX_POINT('',#6179);
#6179 = CARTESIAN_POINT('',(316.49011230468,-24.5,72.362655639648));
#6180 = LINE('',#6181,#6182);
#6181 = CARTESIAN_POINT('',(312.49264526367,-24.5,68.059875488281));
#6182 = VECTOR('',#6183,1.);
#6183 = DIRECTION('',(0.680636529771,0.,0.732621262551));
#6184 = ORIENTED_EDGE('',*,*,#6185,.T.);
#6185 = EDGE_CURVE('',#6178,#6186,#6188,.T.);
#6186 = VERTEX_POINT('',#6187);
#6187 = CARTESIAN_POINT('',(319.75988769531,-24.5,76.373733520508));
#6188 = LINE('',#6189,#6190);
#6189 = CARTESIAN_POINT('',(316.49011230468,-24.5,72.362655639648));
#6190 = VECTOR('',#6191,1.);
#6191 = DIRECTION('',(0.631845941653,0.,0.775093998181));
#6192 = ORIENTED_EDGE('',*,*,#6193,.T.);
#6193 = EDGE_CURVE('',#6186,#6194,#6196,.T.);
#6194 = VERTEX_POINT('',#6195);
#6195 = CARTESIAN_POINT('',(322.91116333007,-24.5,80.91918182373));
#6196 = LINE('',#6197,#6198);
#6197 = CARTESIAN_POINT('',(319.75988769531,-24.5,76.373733520508));
#6198 = VECTOR('',#6199,1.);
#6199 = DIRECTION('',(0.569750904035,0.,0.82181744162));
#6200 = ORIENTED_EDGE('',*,*,#6201,.F.);
#6201 = EDGE_CURVE('',#6202,#6194,#6204,.T.);
#6202 = VERTEX_POINT('',#6203);
#6203 = CARTESIAN_POINT('',(325.65148925781,-24.5,85.586639404297));
#6204 = LINE('',#6205,#6206);
#6205 = CARTESIAN_POINT('',(325.65148925781,-24.5,85.586639404297));
#6206 = VECTOR('',#6207,1.);
#6207 = DIRECTION('',(-0.506301052898,0.,-0.862356796132));
#6208 = ORIENTED_EDGE('',*,*,#6209,.T.);
#6209 = EDGE_CURVE('',#6202,#6210,#6212,.T.);
#6210 = VERTEX_POINT('',#6211);
#6211 = CARTESIAN_POINT('',(328.21966552734,-24.5,90.727127075195));
#6212 = LINE('',#6213,#6214);
#6213 = CARTESIAN_POINT('',(325.65148925781,-24.5,85.586639404297));
#6214 = VECTOR('',#6215,1.);
#6215 = DIRECTION('',(0.446925726554,0.,0.894571067576));
#6216 = ORIENTED_EDGE('',*,*,#6217,.T.);
#6217 = EDGE_CURVE('',#6210,#6218,#6220,.T.);
#6218 = VERTEX_POINT('',#6219);
#6219 = CARTESIAN_POINT('',(330.60986328125,-24.5,96.366012573242));
#6220 = LINE('',#6221,#6222);
#6221 = CARTESIAN_POINT('',(328.21966552734,-24.5,90.727127075195));
#6222 = VECTOR('',#6223,1.);
#6223 = DIRECTION('',(0.390265236845,0.,0.920702473609));
#6224 = ORIENTED_EDGE('',*,*,#6225,.T.);
#6225 = EDGE_CURVE('',#6218,#3982,#6226,.T.);
#6226 = LINE('',#6227,#6228);
#6227 = CARTESIAN_POINT('',(330.60986328125,-24.5,96.366012573242));
#6228 = VECTOR('',#6229,1.);
#6229 = DIRECTION('',(0.337272412582,0.,0.941407095635));
#6230 = ORIENTED_EDGE('',*,*,#3989,.T.);
#6231 = PLANE('',#6232);
#6232 = AXIS2_PLACEMENT_3D('',#6233,#6234,#6235);
#6233 = CARTESIAN_POINT('',(334.82849499686,-24.5,75.932844804901));
#6234 = DIRECTION('',(0.,1.,0.));
#6235 = DIRECTION('',(0.,-0.,1.));
#6236 = ADVANCED_FACE('',(#6237),#6254,.F.);
#6237 = FACE_BOUND('',#6238,.F.);
#6238 = EDGE_LOOP('',(#6239,#6247,#6253));
#6239 = ORIENTED_EDGE('',*,*,#6240,.F.);
#6240 = EDGE_CURVE('',#6241,#6154,#6243,.T.);
#6241 = VERTEX_POINT('',#6242);
#6242 = CARTESIAN_POINT('',(306.19454956054,-21.,57.418045043945));
#6243 = LINE('',#6244,#6245);
#6244 = CARTESIAN_POINT('',(306.19454956054,-21.,57.418045043945));
#6245 = VECTOR('',#6246,1.);
#6246 = DIRECTION('',(-0.692733539504,-0.66174317776,0.286733691662));
#6247 = ORIENTED_EDGE('',*,*,#6248,.T.);
#6248 = EDGE_CURVE('',#6241,#6146,#6249,.T.);
#6249 = LINE('',#6250,#6251);
#6250 = CARTESIAN_POINT('',(306.19454956054,-21.,57.418045043945));
#6251 = VECTOR('',#6252,1.);
#6252 = DIRECTION('',(0.,-1.,0.));
#6253 = ORIENTED_EDGE('',*,*,#6153,.F.);
#6254 = PLANE('',#6255);
#6255 = AXIS2_PLACEMENT_3D('',#6256,#6257,#6258);
#6256 = CARTESIAN_POINT('',(304.8653094618,-23.29407746721,
    57.968239164601));
#6257 = DIRECTION('',(-0.382448966553,1.403344943701E-16,-0.923976616578
    ));
#6258 = DIRECTION('',(-0.923976616578,6.162975822039E-33,0.382448966553)
  );
#6259 = ADVANCED_FACE('',(#6260),#6277,.F.);
#6260 = FACE_BOUND('',#6261,.F.);
#6261 = EDGE_LOOP('',(#6262,#6270,#6271));
#6262 = ORIENTED_EDGE('',*,*,#6263,.T.);
#6263 = EDGE_CURVE('',#6264,#6241,#6266,.T.);
#6264 = VERTEX_POINT('',#6265);
#6265 = CARTESIAN_POINT('',(300.53994750976,-21.,59.758487701416));
#6266 = LINE('',#6267,#6268);
#6267 = CARTESIAN_POINT('',(300.53994750976,-21.,59.758487701416));
#6268 = VECTOR('',#6269,1.);
#6269 = DIRECTION('',(0.923981767374,0.,-0.382436522264));
#6270 = ORIENTED_EDGE('',*,*,#6240,.T.);
#6271 = ORIENTED_EDGE('',*,*,#6272,.T.);
#6272 = EDGE_CURVE('',#6154,#6264,#6273,.T.);
#6273 = LINE('',#6274,#6275);
#6274 = CARTESIAN_POINT('',(302.53063964843,-24.5,58.934597015381));
#6275 = VECTOR('',#6276,1.);
#6276 = DIRECTION('',(-0.484359754943,0.851592825112,0.20046268483));
#6277 = PLANE('',#6278);
#6278 = AXIS2_PLACEMENT_3D('',#6279,#6280,#6281);
#6279 = CARTESIAN_POINT('',(303.22131038579,-22.05989079235,
    58.648687750098));
#6280 = DIRECTION('',(-0.382436522219,-1.525891602127E-05,
    -0.923981767266));
#6281 = DIRECTION('',(-0.923981767374,0.,0.382436522264));
#6282 = ADVANCED_FACE('',(#6283),#6307,.T.);
#6283 = FACE_BOUND('',#6284,.T.);
#6284 = EDGE_LOOP('',(#6285,#6286,#6292,#6293,#6301));
#6285 = ORIENTED_EDGE('',*,*,#2851,.T.);
#6286 = ORIENTED_EDGE('',*,*,#6287,.F.);
#6287 = EDGE_CURVE('',#5294,#2844,#6288,.T.);
#6288 = LINE('',#6289,#6290);
#6289 = CARTESIAN_POINT('',(335.24462890625,27.,108.70555114746));
#6290 = VECTOR('',#6291,1.);
#6291 = DIRECTION('',(0.,-1.,0.));
#6292 = ORIENTED_EDGE('',*,*,#5293,.T.);
#6293 = ORIENTED_EDGE('',*,*,#6294,.T.);
#6294 = EDGE_CURVE('',#5286,#6295,#6297,.T.);
#6295 = VERTEX_POINT('',#6296);
#6296 = CARTESIAN_POINT('',(335.50814838688,16.408424698591,
    108.68967751731));
#6297 = LINE('',#6298,#6299);
#6298 = CARTESIAN_POINT('',(335.5083618164,27.,108.68968963623));
#6299 = VECTOR('',#6300,1.);
#6300 = DIRECTION('',(0.,-1.,0.));
#6301 = ORIENTED_EDGE('',*,*,#6302,.T.);
#6302 = EDGE_CURVE('',#6295,#2852,#6303,.T.);
#6303 = LINE('',#6304,#6305);
#6304 = CARTESIAN_POINT('',(335.2395324707,27.,108.66940307617));
#6305 = VECTOR('',#6306,1.);
#6306 = DIRECTION('',(2.535305955034E-02,-0.999676728752,
    1.913207666714E-03));
#6307 = PLANE('',#6308);
#6308 = AXIS2_PLACEMENT_3D('',#6309,#6310,#6311);
#6309 = CARTESIAN_POINT('',(335.37649196529,21.699999148596,
    108.69761988064));
#6310 = DIRECTION('',(-6.003924464411E-02,8.957151993655E-08,
    -0.998196017375));
#6311 = DIRECTION('',(-0.998196017375,-8.27180612553E-25,
    6.003924464411E-02));
#6312 = ADVANCED_FACE('',(#6313),#6329,.T.);
#6313 = FACE_BOUND('',#6314,.T.);
#6314 = EDGE_LOOP('',(#6315,#6321,#6322,#6328));
#6315 = ORIENTED_EDGE('',*,*,#6316,.F.);
#6316 = EDGE_CURVE('',#3497,#2119,#6317,.T.);
#6317 = LINE('',#6318,#6319);
#6318 = CARTESIAN_POINT('',(335.5083618164,-27.,108.68968963623));
#6319 = VECTOR('',#6320,1.);
#6320 = DIRECTION('',(0.,1.,0.));
#6321 = ORIENTED_EDGE('',*,*,#3496,.F.);
#6322 = ORIENTED_EDGE('',*,*,#6323,.T.);
#6323 = EDGE_CURVE('',#3489,#2127,#6324,.T.);
#6324 = LINE('',#6325,#6326);
#6325 = CARTESIAN_POINT('',(335.24462890625,-27.,108.70555114746));
#6326 = VECTOR('',#6327,1.);
#6327 = DIRECTION('',(0.,1.,0.));
#6328 = ORIENTED_EDGE('',*,*,#2126,.F.);
#6329 = PLANE('',#6330);
#6330 = AXIS2_PLACEMENT_3D('',#6331,#6332,#6333);
#6331 = CARTESIAN_POINT('',(335.37649534604,-21.69999980926,
    108.69762013799));
#6332 = DIRECTION('',(-6.00357735606E-02,0.,-0.998196226146));
#6333 = DIRECTION('',(-0.998196226146,0.,6.00357735606E-02));
#6334 = ADVANCED_FACE('',(#6335),#6446,.T.);
#6335 = FACE_BOUND('',#6336,.T.);
#6336 = EDGE_LOOP('',(#6337,#6338,#6339,#6347,#6355,#6363,#6371,#6379,
    #6387,#6395,#6403,#6411,#6419,#6427,#6435,#6441,#6442,#6443,#6444,
    #6445));
#6337 = ORIENTED_EDGE('',*,*,#4084,.T.);
#6338 = ORIENTED_EDGE('',*,*,#5877,.T.);
#6339 = ORIENTED_EDGE('',*,*,#6340,.T.);
#6340 = EDGE_CURVE('',#5878,#6341,#6343,.T.);
#6341 = VERTEX_POINT('',#6342);
#6342 = CARTESIAN_POINT('',(341.54864501953,22.10000038147,
    113.29718780517));
#6343 = LINE('',#6344,#6345);
#6344 = CARTESIAN_POINT('',(341.83166503906,22.10000038147,
    112.70419311523));
#6345 = VECTOR('',#6346,1.);
#6346 = DIRECTION('',(-0.430729371283,0.,0.902481140365));
#6347 = ORIENTED_EDGE('',*,*,#6348,.T.);
#6348 = EDGE_CURVE('',#6341,#6349,#6351,.T.);
#6349 = VERTEX_POINT('',#6350);
#6350 = CARTESIAN_POINT('',(341.09622192382,22.10000038147,
    113.77365112304));
#6351 = LINE('',#6352,#6353);
#6352 = CARTESIAN_POINT('',(341.54864501953,22.10000038147,
    113.29718780517));
#6353 = VECTOR('',#6354,1.);
#6354 = DIRECTION('',(-0.688575800205,0.,0.725164372658));
#6355 = ORIENTED_EDGE('',*,*,#6356,.T.);
#6356 = EDGE_CURVE('',#6349,#6357,#6359,.T.);
#6357 = VERTEX_POINT('',#6358);
#6358 = CARTESIAN_POINT('',(340.51876831054,22.10000038147,
    114.08701324462));
#6359 = LINE('',#6360,#6361);
#6360 = CARTESIAN_POINT('',(341.09622192382,22.10000038147,
    113.77365112304));
#6361 = VECTOR('',#6362,1.);
#6362 = DIRECTION('',(-0.878925344369,0.,0.476959368318));
#6363 = ORIENTED_EDGE('',*,*,#6364,.T.);
#6364 = EDGE_CURVE('',#6357,#6365,#6367,.T.);
#6365 = VERTEX_POINT('',#6366);
#6366 = CARTESIAN_POINT('',(339.87268066406,22.10000038147,
    114.20658874511));
#6367 = LINE('',#6368,#6369);
#6368 = CARTESIAN_POINT('',(340.51876831054,22.10000038147,
    114.08701324462));
#6369 = VECTOR('',#6370,1.);
#6370 = DIRECTION('',(-0.98330117223,0.,0.181985726611));
#6371 = ORIENTED_EDGE('',*,*,#6372,.T.);
#6372 = EDGE_CURVE('',#6365,#6373,#6375,.T.);
#6373 = VERTEX_POINT('',#6374);
#6374 = CARTESIAN_POINT('',(339.2212524414,22.10000038147,
    114.12060546875));
#6375 = LINE('',#6376,#6377);
#6376 = CARTESIAN_POINT('',(339.87268066406,22.10000038147,
    114.20658874511));
#6377 = VECTOR('',#6378,1.);
#6378 = DIRECTION('',(-0.991401256534,0.,-0.130856977433));
#6379 = ORIENTED_EDGE('',*,*,#6380,.T.);
#6380 = EDGE_CURVE('',#6373,#6381,#6383,.T.);
#6381 = VERTEX_POINT('',#6382);
#6382 = CARTESIAN_POINT('',(338.62835693359,22.10000038147,113.837600708
    ));
#6383 = LINE('',#6384,#6385);
#6384 = CARTESIAN_POINT('',(339.2212524414,22.10000038147,
    114.12060546875));
#6385 = VECTOR('',#6386,1.);
#6386 = DIRECTION('',(-0.902462159227,0.,-0.430769139057));
#6387 = ORIENTED_EDGE('',*,*,#6388,.T.);
#6388 = EDGE_CURVE('',#6381,#6389,#6391,.T.);
#6389 = VERTEX_POINT('',#6390);
#6390 = CARTESIAN_POINT('',(338.15188598632,22.10000038147,
    113.38516235351));
#6391 = LINE('',#6392,#6393);
#6392 = CARTESIAN_POINT('',(338.62835693359,22.10000038147,113.837600708
    ));
#6393 = VECTOR('',#6394,1.);
#6394 = DIRECTION('',(-0.725158282138,0.,-0.688582214298));
#6395 = ORIENTED_EDGE('',*,*,#6396,.T.);
#6396 = EDGE_CURVE('',#6389,#6397,#6399,.T.);
#6397 = VERTEX_POINT('',#6398);
#6398 = CARTESIAN_POINT('',(337.83853149414,22.10000038147,
    112.80771636962));
#6399 = LINE('',#6400,#6401);
#6400 = CARTESIAN_POINT('',(338.15188598632,22.10000038147,
    113.38516235351));
#6401 = VECTOR('',#6402,1.);
#6402 = DIRECTION('',(-0.476955265582,0.,-0.878927570755));
#6403 = ORIENTED_EDGE('',*,*,#6404,.T.);
#6404 = EDGE_CURVE('',#6397,#6405,#6407,.T.);
#6405 = VERTEX_POINT('',#6406);
#6406 = CARTESIAN_POINT('',(337.71896362304,22.10000038147,
    112.16162872314));
#6407 = LINE('',#6408,#6409);
#6408 = CARTESIAN_POINT('',(337.83853149414,22.10000038147,
    112.80771636962));
#6409 = VECTOR('',#6410,1.);
#6410 = DIRECTION('',(-0.181974499716,0.,-0.983303249996));
#6411 = ORIENTED_EDGE('',*,*,#6412,.T.);
#6412 = EDGE_CURVE('',#6405,#6413,#6415,.T.);
#6413 = VERTEX_POINT('',#6414);
#6414 = CARTESIAN_POINT('',(337.80493164062,22.10000038147,
    111.51029205322));
#6415 = LINE('',#6416,#6417);
#6416 = CARTESIAN_POINT('',(337.71896362304,22.10000038147,
    112.16162872314));
#6417 = VECTOR('',#6418,1.);
#6418 = DIRECTION('',(0.130852228155,0.,-0.991401883389));
#6419 = ORIENTED_EDGE('',*,*,#6420,.T.);
#6420 = EDGE_CURVE('',#6413,#6421,#6423,.T.);
#6421 = VERTEX_POINT('',#6422);
#6422 = CARTESIAN_POINT('',(338.08795166015,22.10000038147,
    110.91729736328));
#6423 = LINE('',#6424,#6425);
#6424 = CARTESIAN_POINT('',(337.80493164062,22.10000038147,
    111.51029205322));
#6425 = VECTOR('',#6426,1.);
#6426 = DIRECTION('',(0.430729371283,0.,-0.902481140365));
#6427 = ORIENTED_EDGE('',*,*,#6428,.T.);
#6428 = EDGE_CURVE('',#6421,#6429,#6431,.T.);
#6429 = VERTEX_POINT('',#6430);
#6430 = CARTESIAN_POINT('',(338.54028320312,22.10000038147,
    110.44083404541));
#6431 = LINE('',#6432,#6433);
#6432 = CARTESIAN_POINT('',(338.08795166015,22.10000038147,
    110.91729736328));
#6433 = VECTOR('',#6434,1.);
#6434 = DIRECTION('',(0.688502515435,0.,-0.725233952763));
#6435 = ORIENTED_EDGE('',*,*,#6436,.F.);
#6436 = EDGE_CURVE('',#5921,#6429,#6437,.T.);
#6437 = LINE('',#6438,#6439);
#6438 = CARTESIAN_POINT('',(339.11782836914,22.10000038147,
    110.12747192382));
#6439 = VECTOR('',#6440,1.);
#6440 = DIRECTION('',(-0.878957039254,0.,0.476900957375));
#6441 = ORIENTED_EDGE('',*,*,#5920,.T.);
#6442 = ORIENTED_EDGE('',*,*,#4899,.T.);
#6443 = ORIENTED_EDGE('',*,*,#4182,.T.);
#6444 = ORIENTED_EDGE('',*,*,#4134,.T.);
#6445 = ORIENTED_EDGE('',*,*,#3162,.T.);
#6446 = PLANE('',#6447);
#6447 = AXIS2_PLACEMENT_3D('',#6448,#6449,#6450);
#6448 = CARTESIAN_POINT('',(339.81826783556,22.10000038147,
    112.10726239323));
#6449 = DIRECTION('',(-0.,-1.,-0.));
#6450 = DIRECTION('',(0.,0.,-1.));
#6451 = ADVANCED_FACE('',(#6452),#6469,.T.);
#6452 = FACE_BOUND('',#6453,.T.);
#6453 = EDGE_LOOP('',(#6454,#6455,#6463));
#6454 = ORIENTED_EDGE('',*,*,#6364,.F.);
#6455 = ORIENTED_EDGE('',*,*,#6456,.T.);
#6456 = EDGE_CURVE('',#6357,#6457,#6459,.T.);
#6457 = VERTEX_POINT('',#6458);
#6458 = CARTESIAN_POINT('',(340.26849365234,18.10000038147,
    114.15843963623));
#6459 = LINE('',#6460,#6461);
#6460 = CARTESIAN_POINT('',(340.51876831054,22.10000038147,
    114.08701324462));
#6461 = VECTOR('',#6462,1.);
#6462 = DIRECTION('',(-6.243663528359E-02,-0.997889850005,
    1.781891780042E-02));
#6463 = ORIENTED_EDGE('',*,*,#6464,.T.);
#6464 = EDGE_CURVE('',#6457,#6365,#6465,.T.);
#6465 = LINE('',#6466,#6467);
#6466 = CARTESIAN_POINT('',(340.26849365234,18.10000038147,
    114.15843963623));
#6467 = VECTOR('',#6468,1.);
#6468 = DIRECTION('',(-9.84652494136E-02,0.995068401784,
    1.197791420681E-02));
#6469 = PLANE('',#6470);
#6470 = AXIS2_PLACEMENT_3D('',#6471,#6472,#6473);
#6471 = CARTESIAN_POINT('',(340.22914515021,20.251303518569,
    114.15221919418));
#6472 = DIRECTION('',(-0.18198226068,-6.171692223544E-03,-0.983282445187
    ));
#6473 = DIRECTION('',(-0.98330117223,2.168404344971E-19,0.181985726611)
  );
#6474 = ADVANCED_FACE('',(#6475),#6492,.T.);
#6475 = FACE_BOUND('',#6476,.T.);
#6476 = EDGE_LOOP('',(#6477,#6478,#6486));
#6477 = ORIENTED_EDGE('',*,*,#6464,.F.);
#6478 = ORIENTED_EDGE('',*,*,#6479,.T.);
#6479 = EDGE_CURVE('',#6457,#6480,#6482,.T.);
#6480 = VERTEX_POINT('',#6481);
#6481 = CARTESIAN_POINT('',(339.87268066406,18.10000038147,
    114.20658874511));
#6482 = LINE('',#6483,#6484);
#6483 = CARTESIAN_POINT('',(340.26849365234,18.10000038147,
    114.15843963623));
#6484 = VECTOR('',#6485,1.);
#6485 = DIRECTION('',(-0.992682228041,0.,0.120755927933));
#6486 = ORIENTED_EDGE('',*,*,#6487,.F.);
#6487 = EDGE_CURVE('',#6365,#6480,#6488,.T.);
#6488 = LINE('',#6489,#6490);
#6489 = CARTESIAN_POINT('',(339.87268066406,22.10000038147,
    114.20658874511));
#6490 = VECTOR('',#6491,1.);
#6491 = DIRECTION('',(0.,-1.,0.));
#6492 = PLANE('',#6493);
#6493 = AXIS2_PLACEMENT_3D('',#6494,#6495,#6496);
#6494 = CARTESIAN_POINT('',(339.97655368337,20.005273718526,
    114.19395299675));
#6495 = DIRECTION('',(-0.120755927933,-0.,-0.992682228041));
#6496 = DIRECTION('',(-0.992682228041,0.,0.120755927933));
#6497 = ADVANCED_FACE('',(#6498),#6515,.T.);
#6498 = FACE_BOUND('',#6499,.T.);
#6499 = EDGE_LOOP('',(#6500,#6501,#6509));
#6500 = ORIENTED_EDGE('',*,*,#6436,.T.);
#6501 = ORIENTED_EDGE('',*,*,#6502,.T.);
#6502 = EDGE_CURVE('',#6429,#6503,#6505,.T.);
#6503 = VERTEX_POINT('',#6504);
#6504 = CARTESIAN_POINT('',(338.75268554687,18.10000038147,110.297706604
    ));
#6505 = LINE('',#6506,#6507);
#6506 = CARTESIAN_POINT('',(338.54028320312,22.10000038147,
    110.44083404541));
#6507 = VECTOR('',#6508,1.);
#6508 = DIRECTION('',(5.299206296654E-02,-0.997956275453,
    -3.570873208521E-02));
#6509 = ORIENTED_EDGE('',*,*,#6510,.F.);
#6510 = EDGE_CURVE('',#5921,#6503,#6511,.T.);
#6511 = LINE('',#6512,#6513);
#6512 = CARTESIAN_POINT('',(339.11782836914,22.10000038147,
    110.12747192382));
#6513 = VECTOR('',#6514,1.);
#6514 = DIRECTION('',(-9.082618305919E-02,-0.994966106639,
    4.234443423735E-02));
#6515 = PLANE('',#6516);
#6516 = AXIS2_PLACEMENT_3D('',#6517,#6518,#6519);
#6517 = CARTESIAN_POINT('',(338.79395971177,20.251305289908,
    110.29030846267));
#6518 = DIRECTION('',(0.476892006172,-6.126882762029E-03,0.878940541651)
  );
#6519 = DIRECTION('',(0.878957039254,-4.336808689942E-19,-0.476900957375
    ));
#6520 = ADVANCED_FACE('',(#6521),#6538,.T.);
#6521 = FACE_BOUND('',#6522,.T.);
#6522 = EDGE_LOOP('',(#6523,#6531,#6537));
#6523 = ORIENTED_EDGE('',*,*,#6524,.F.);
#6524 = EDGE_CURVE('',#6525,#6429,#6527,.T.);
#6525 = VERTEX_POINT('',#6526);
#6526 = CARTESIAN_POINT('',(338.54028320312,18.10000038147,
    110.44083404541));
#6527 = LINE('',#6528,#6529);
#6528 = CARTESIAN_POINT('',(338.54028320312,18.10000038147,
    110.44083404541));
#6529 = VECTOR('',#6530,1.);
#6530 = DIRECTION('',(0.,1.,0.));
#6531 = ORIENTED_EDGE('',*,*,#6532,.T.);
#6532 = EDGE_CURVE('',#6525,#6503,#6533,.T.);
#6533 = LINE('',#6534,#6535);
#6534 = CARTESIAN_POINT('',(338.54028320312,18.10000038147,
    110.44083404541));
#6535 = VECTOR('',#6536,1.);
#6536 = DIRECTION('',(0.829290435137,0.,-0.558817836321));
#6537 = ORIENTED_EDGE('',*,*,#6502,.F.);
#6538 = PLANE('',#6539);
#6539 = AXIS2_PLACEMENT_3D('',#6540,#6541,#6542);
#6540 = CARTESIAN_POINT('',(338.59508210116,20.038016941581,
    110.40390777647));
#6541 = DIRECTION('',(0.558817836321,0.,0.829290435137));
#6542 = DIRECTION('',(0.829290435137,0.,-0.558817836321));
#6543 = ADVANCED_FACE('',(#6544),#6555,.T.);
#6544 = FACE_BOUND('',#6545,.T.);
#6545 = EDGE_LOOP('',(#6546,#6547,#6548,#6554));
#6546 = ORIENTED_EDGE('',*,*,#3201,.T.);
#6547 = ORIENTED_EDGE('',*,*,#3776,.F.);
#6548 = ORIENTED_EDGE('',*,*,#6549,.F.);
#6549 = EDGE_CURVE('',#4317,#3769,#6550,.T.);
#6550 = LINE('',#6551,#6552);
#6551 = CARTESIAN_POINT('',(325.35934448242,-25.89999961853,
    56.601409912109));
#6552 = VECTOR('',#6553,1.);
#6553 = DIRECTION('',(0.,-1.,0.));
#6554 = ORIENTED_EDGE('',*,*,#4316,.T.);
#6555 = PLANE('',#6556);
#6556 = AXIS2_PLACEMENT_3D('',#6557,#6558,#6559);
#6557 = CARTESIAN_POINT('',(338.44921875,-26.44999980926,76.764991760254
    ));
#6558 = DIRECTION('',(0.838756229381,0.,-0.544507105257));
#6559 = DIRECTION('',(0.544507105257,0.,0.838756229381));
#6560 = ADVANCED_FACE('',(#6561),#6572,.T.);
#6561 = FACE_BOUND('',#6562,.T.);
#6562 = EDGE_LOOP('',(#6563,#6564,#6570,#6571));
#6563 = ORIENTED_EDGE('',*,*,#5808,.F.);
#6564 = ORIENTED_EDGE('',*,*,#6565,.F.);
#6565 = EDGE_CURVE('',#5023,#5779,#6566,.T.);
#6566 = LINE('',#6567,#6568);
#6567 = CARTESIAN_POINT('',(325.35934448242,27.,56.601409912109));
#6568 = VECTOR('',#6569,1.);
#6569 = DIRECTION('',(0.,-1.,0.));
#6570 = ORIENTED_EDGE('',*,*,#5022,.T.);
#6571 = ORIENTED_EDGE('',*,*,#3249,.T.);
#6572 = PLANE('',#6573);
#6573 = AXIS2_PLACEMENT_3D('',#6574,#6575,#6576);
#6574 = CARTESIAN_POINT('',(338.44921875,26.449999809265,76.764991760254
    ));
#6575 = DIRECTION('',(0.838756229381,0.,-0.544507105257));
#6576 = DIRECTION('',(0.544507105257,0.,0.838756229381));
#6577 = ADVANCED_FACE('',(#6578),#6589,.T.);
#6578 = FACE_BOUND('',#6579,.T.);
#6579 = EDGE_LOOP('',(#6580,#6581,#6582,#6588));
#6580 = ORIENTED_EDGE('',*,*,#5862,.F.);
#6581 = ORIENTED_EDGE('',*,*,#4765,.T.);
#6582 = ORIENTED_EDGE('',*,*,#6583,.T.);
#6583 = EDGE_CURVE('',#4758,#2247,#6584,.T.);
#6584 = LINE('',#6585,#6586);
#6585 = CARTESIAN_POINT('',(341.54864501953,-22.10000038147,
    113.29718780517));
#6586 = VECTOR('',#6587,1.);
#6587 = DIRECTION('',(0.,1.,0.));
#6588 = ORIENTED_EDGE('',*,*,#2246,.F.);
#6589 = PLANE('',#6590);
#6590 = AXIS2_PLACEMENT_3D('',#6591,#6592,#6593);
#6591 = CARTESIAN_POINT('',(341.69015502929,-19.25,113.0006904602));
#6592 = DIRECTION('',(-0.902481140365,-0.,-0.430729371283));
#6593 = DIRECTION('',(0.430729371283,0.,-0.902481140365));
#6594 = ADVANCED_FACE('',(#6595),#6606,.T.);
#6595 = FACE_BOUND('',#6596,.T.);
#6596 = EDGE_LOOP('',(#6597,#6598,#6604,#6605));
#6597 = ORIENTED_EDGE('',*,*,#2731,.T.);
#6598 = ORIENTED_EDGE('',*,*,#6599,.T.);
#6599 = EDGE_CURVE('',#2724,#6341,#6600,.T.);
#6600 = LINE('',#6601,#6602);
#6601 = CARTESIAN_POINT('',(341.54864501953,16.39999961853,
    113.29718780517));
#6602 = VECTOR('',#6603,1.);
#6603 = DIRECTION('',(0.,1.,0.));
#6604 = ORIENTED_EDGE('',*,*,#6340,.F.);
#6605 = ORIENTED_EDGE('',*,*,#5887,.F.);
#6606 = PLANE('',#6607);
#6607 = AXIS2_PLACEMENT_3D('',#6608,#6609,#6610);
#6608 = CARTESIAN_POINT('',(341.69015502929,19.25,113.0006904602));
#6609 = DIRECTION('',(-0.902481140365,-0.,-0.430729371283));
#6610 = DIRECTION('',(0.430729371283,0.,-0.902481140365));
#6611 = ADVANCED_FACE('',(#6612),#6623,.T.);
#6612 = FACE_BOUND('',#6613,.T.);
#6613 = EDGE_LOOP('',(#6614,#6615,#6621,#6622));
#6614 = ORIENTED_EDGE('',*,*,#2883,.F.);
#6615 = ORIENTED_EDGE('',*,*,#6616,.F.);
#6616 = EDGE_CURVE('',#5262,#2876,#6617,.T.);
#6617 = LINE('',#6618,#6619);
#6618 = CARTESIAN_POINT('',(334.76571655273,27.,108.42224884033));
#6619 = VECTOR('',#6620,1.);
#6620 = DIRECTION('',(0.,-1.,0.));
#6621 = ORIENTED_EDGE('',*,*,#5261,.F.);
#6622 = ORIENTED_EDGE('',*,*,#5943,.T.);
#6623 = PLANE('',#6624);
#6624 = AXIS2_PLACEMENT_3D('',#6625,#6626,#6627);
#6625 = CARTESIAN_POINT('',(334.68048095703,21.699999809265,
    108.31778717041));
#6626 = DIRECTION('',(-0.774803746731,-0.,0.632201830155));
#6627 = DIRECTION('',(-0.632201830155,0.,-0.774803746731));
#6628 = ADVANCED_FACE('',(#6629),#6640,.T.);
#6629 = FACE_BOUND('',#6630,.T.);
#6630 = EDGE_LOOP('',(#6631,#6637,#6638,#6639));
#6631 = ORIENTED_EDGE('',*,*,#6632,.T.);
#6632 = EDGE_CURVE('',#3521,#2095,#6633,.T.);
#6633 = LINE('',#6634,#6635);
#6634 = CARTESIAN_POINT('',(334.76571655273,-27.,108.42224884033));
#6635 = VECTOR('',#6636,1.);
#6636 = DIRECTION('',(0.,1.,0.));
#6637 = ORIENTED_EDGE('',*,*,#2094,.F.);
#6638 = ORIENTED_EDGE('',*,*,#5959,.F.);
#6639 = ORIENTED_EDGE('',*,*,#3528,.F.);
#6640 = PLANE('',#6641);
#6641 = AXIS2_PLACEMENT_3D('',#6642,#6643,#6644);
#6642 = CARTESIAN_POINT('',(334.68048095703,-21.69999980926,
    108.31778717041));
#6643 = DIRECTION('',(-0.774803746731,-0.,0.632201830155));
#6644 = DIRECTION('',(-0.632201830155,0.,-0.774803746731));
#6645 = ADVANCED_FACE('',(#6646),#6873,.T.);
#6646 = FACE_BOUND('',#6647,.T.);
#6647 = EDGE_LOOP('',(#6648,#6649,#6650,#6658,#6666,#6674,#6682,#6690,
    #6698,#6706,#6714,#6722,#6730,#6738,#6746,#6754,#6762,#6770,#6778,
    #6786,#6794,#6802,#6810,#6818,#6826,#6834,#6842,#6850,#6858,#6866,
    #6872));
#6648 = ORIENTED_EDGE('',*,*,#2945,.T.);
#6649 = ORIENTED_EDGE('',*,*,#4968,.F.);
#6650 = ORIENTED_EDGE('',*,*,#6651,.F.);
#6651 = EDGE_CURVE('',#6652,#4969,#6654,.T.);
#6652 = VERTEX_POINT('',#6653);
#6653 = CARTESIAN_POINT('',(330.60986328125,24.5,96.366012573242));
#6654 = LINE('',#6655,#6656);
#6655 = CARTESIAN_POINT('',(330.60986328125,24.5,96.366012573242));
#6656 = VECTOR('',#6657,1.);
#6657 = DIRECTION('',(0.337272412582,0.,0.941407095635));
#6658 = ORIENTED_EDGE('',*,*,#6659,.F.);
#6659 = EDGE_CURVE('',#6660,#6652,#6662,.T.);
#6660 = VERTEX_POINT('',#6661);
#6661 = CARTESIAN_POINT('',(328.21966552734,24.5,90.727127075195));
#6662 = LINE('',#6663,#6664);
#6663 = CARTESIAN_POINT('',(328.21966552734,24.5,90.727127075195));
#6664 = VECTOR('',#6665,1.);
#6665 = DIRECTION('',(0.390265236845,0.,0.920702473609));
#6666 = ORIENTED_EDGE('',*,*,#6667,.F.);
#6667 = EDGE_CURVE('',#6668,#6660,#6670,.T.);
#6668 = VERTEX_POINT('',#6669);
#6669 = CARTESIAN_POINT('',(325.65148925781,24.5,85.586639404297));
#6670 = LINE('',#6671,#6672);
#6671 = CARTESIAN_POINT('',(325.65148925781,24.5,85.586639404297));
#6672 = VECTOR('',#6673,1.);
#6673 = DIRECTION('',(0.446925726554,0.,0.894571067576));
#6674 = ORIENTED_EDGE('',*,*,#6675,.F.);
#6675 = EDGE_CURVE('',#6676,#6668,#6678,.T.);
#6676 = VERTEX_POINT('',#6677);
#6677 = CARTESIAN_POINT('',(322.91116333007,24.5,80.91918182373));
#6678 = LINE('',#6679,#6680);
#6679 = CARTESIAN_POINT('',(322.91116333007,24.5,80.91918182373));
#6680 = VECTOR('',#6681,1.);
#6681 = DIRECTION('',(0.506301052898,0.,0.862356796132));
#6682 = ORIENTED_EDGE('',*,*,#6683,.F.);
#6683 = EDGE_CURVE('',#6684,#6676,#6686,.T.);
#6684 = VERTEX_POINT('',#6685);
#6685 = CARTESIAN_POINT('',(319.75988769531,24.5,76.373733520508));
#6686 = LINE('',#6687,#6688);
#6687 = CARTESIAN_POINT('',(319.75988769531,24.5,76.373733520508));
#6688 = VECTOR('',#6689,1.);
#6689 = DIRECTION('',(0.569750904035,0.,0.82181744162));
#6690 = ORIENTED_EDGE('',*,*,#6691,.F.);
#6691 = EDGE_CURVE('',#6692,#6684,#6694,.T.);
#6692 = VERTEX_POINT('',#6693);
#6693 = CARTESIAN_POINT('',(316.49011230468,24.5,72.362655639648));
#6694 = LINE('',#6695,#6696);
#6695 = CARTESIAN_POINT('',(316.49011230468,24.5,72.362655639648));
#6696 = VECTOR('',#6697,1.);
#6697 = DIRECTION('',(0.631845941653,0.,0.775093998181));
#6698 = ORIENTED_EDGE('',*,*,#6699,.F.);
#6699 = EDGE_CURVE('',#6700,#6692,#6702,.T.);
#6700 = VERTEX_POINT('',#6701);
#6701 = CARTESIAN_POINT('',(312.49264526367,24.5,68.059875488281));
#6702 = LINE('',#6703,#6704);
#6703 = CARTESIAN_POINT('',(312.49264526367,24.5,68.059875488281));
#6704 = VECTOR('',#6705,1.);
#6705 = DIRECTION('',(0.680636529771,0.,0.732621262551));
#6706 = ORIENTED_EDGE('',*,*,#6707,.F.);
#6707 = EDGE_CURVE('',#6708,#6700,#6710,.T.);
#6708 = VERTEX_POINT('',#6709);
#6709 = CARTESIAN_POINT('',(307.12200927734,24.5,62.871631622314));
#6710 = LINE('',#6711,#6712);
#6711 = CARTESIAN_POINT('',(307.12200927734,24.5,62.871631622314));
#6712 = VECTOR('',#6713,1.);
#6713 = DIRECTION('',(0.719213918598,0.,0.694788701186));
#6714 = ORIENTED_EDGE('',*,*,#6715,.F.);
#6715 = EDGE_CURVE('',#6716,#6708,#6718,.T.);
#6716 = VERTEX_POINT('',#6717);
#6717 = CARTESIAN_POINT('',(302.53063964843,24.5,58.934597015381));
#6718 = LINE('',#6719,#6720);
#6719 = CARTESIAN_POINT('',(302.53063964843,24.5,58.934597015381));
#6720 = VECTOR('',#6721,1.);
#6721 = DIRECTION('',(0.759127921777,0.,0.650941470778));
#6722 = ORIENTED_EDGE('',*,*,#6723,.F.);
#6723 = EDGE_CURVE('',#6724,#6716,#6726,.T.);
#6724 = VERTEX_POINT('',#6725);
#6725 = CARTESIAN_POINT('',(306.19454956054,24.5,57.418045043945));
#6726 = LINE('',#6727,#6728);
#6727 = CARTESIAN_POINT('',(306.19454956054,24.5,57.418045043945));
#6728 = VECTOR('',#6729,1.);
#6729 = DIRECTION('',(-0.923976616578,0.,0.382448966553));
#6730 = ORIENTED_EDGE('',*,*,#6731,.F.);
#6731 = EDGE_CURVE('',#6732,#6724,#6734,.T.);
#6732 = VERTEX_POINT('',#6733);
#6733 = CARTESIAN_POINT('',(344.4673461914,24.5,57.139747619629));
#6734 = LINE('',#6735,#6736);
#6735 = CARTESIAN_POINT('',(344.4673461914,24.5,57.139747619629));
#6736 = VECTOR('',#6737,1.);
#6737 = DIRECTION('',(-0.999973564303,0.,7.271223736645E-03));
#6738 = ORIENTED_EDGE('',*,*,#6739,.T.);
#6739 = EDGE_CURVE('',#6732,#6740,#6742,.T.);
#6740 = VERTEX_POINT('',#6741);
#6741 = CARTESIAN_POINT('',(348.17492675781,24.5,58.350688934326));
#6742 = LINE('',#6743,#6744);
#6743 = CARTESIAN_POINT('',(344.4673461914,24.5,57.139747619629));
#6744 = VECTOR('',#6745,1.);
#6745 = DIRECTION('',(0.950582549146,0.,0.310471926685));
#6746 = ORIENTED_EDGE('',*,*,#6747,.T.);
#6747 = EDGE_CURVE('',#6740,#6748,#6750,.T.);
#6748 = VERTEX_POINT('',#6749);
#6749 = CARTESIAN_POINT('',(351.2615661621,24.5,59.750843048096));
#6750 = LINE('',#6751,#6752);
#6751 = CARTESIAN_POINT('',(348.17492675781,24.5,58.350688934326));
#6752 = VECTOR('',#6753,1.);
#6753 = DIRECTION('',(0.910684506324,0.,0.413102565885));
#6754 = ORIENTED_EDGE('',*,*,#6755,.T.);
#6755 = EDGE_CURVE('',#6748,#6756,#6758,.T.);
#6756 = VERTEX_POINT('',#6757);
#6757 = CARTESIAN_POINT('',(353.9429321289,24.5,61.356651306152));
#6758 = LINE('',#6759,#6760);
#6759 = CARTESIAN_POINT('',(351.2615661621,24.5,59.750843048096));
#6760 = VECTOR('',#6761,1.);
#6761 = DIRECTION('',(0.85791770171,0.,0.513787132081));
#6762 = ORIENTED_EDGE('',*,*,#6763,.T.);
#6763 = EDGE_CURVE('',#6756,#6764,#6766,.T.);
#6764 = VERTEX_POINT('',#6765);
#6765 = CARTESIAN_POINT('',(356.32727050781,24.5,63.238883972168));
#6766 = LINE('',#6767,#6768);
#6767 = CARTESIAN_POINT('',(353.9429321289,24.5,61.356651306152));
#6768 = VECTOR('',#6769,1.);
#6769 = DIRECTION('',(0.784905137405,0.,0.619615949824));
#6770 = ORIENTED_EDGE('',*,*,#6771,.T.);
#6771 = EDGE_CURVE('',#6764,#6772,#6774,.T.);
#6772 = VERTEX_POINT('',#6773);
#6773 = CARTESIAN_POINT('',(358.13613891601,24.5,65.138145446777));
#6774 = LINE('',#6775,#6776);
#6775 = CARTESIAN_POINT('',(356.32727050781,24.5,63.238883972168));
#6776 = VECTOR('',#6777,1.);
#6777 = DIRECTION('',(0.68966476014,0.,0.724128799746));
#6778 = ORIENTED_EDGE('',*,*,#6779,.T.);
#6779 = EDGE_CURVE('',#6772,#6780,#6782,.T.);
#6780 = VERTEX_POINT('',#6781);
#6781 = CARTESIAN_POINT('',(359.71459960937,24.5,67.427742004395));
#6782 = LINE('',#6783,#6784);
#6783 = CARTESIAN_POINT('',(358.13613891601,24.5,65.138145446777));
#6784 = VECTOR('',#6785,1.);
#6785 = DIRECTION('',(0.567593702586,0.,0.823308805239));
#6786 = ORIENTED_EDGE('',*,*,#6787,.T.);
#6787 = EDGE_CURVE('',#6780,#6788,#6790,.T.);
#6788 = VERTEX_POINT('',#6789);
#6789 = CARTESIAN_POINT('',(360.865234375,24.5,69.85782623291));
#6790 = LINE('',#6791,#6792);
#6791 = CARTESIAN_POINT('',(359.71459960937,24.5,67.427742004395));
#6792 = VECTOR('',#6793,1.);
#6793 = DIRECTION('',(0.427947287095,0.,0.903803695206));
#6794 = ORIENTED_EDGE('',*,*,#6795,.T.);
#6795 = EDGE_CURVE('',#6788,#6796,#6798,.T.);
#6796 = VERTEX_POINT('',#6797);
#6797 = CARTESIAN_POINT('',(361.65710449218,24.5,72.497383117676));
#6798 = LINE('',#6799,#6800);
#6799 = CARTESIAN_POINT('',(360.865234375,24.5,69.85782623291));
#6800 = VECTOR('',#6801,1.);
#6801 = DIRECTION('',(0.287348901532,0.,0.957825980431));
#6802 = ORIENTED_EDGE('',*,*,#6803,.T.);
#6803 = EDGE_CURVE('',#6796,#6804,#6806,.T.);
#6804 = VERTEX_POINT('',#6805);
#6805 = CARTESIAN_POINT('',(362.04028320312,24.5,75.051010131836));
#6806 = LINE('',#6807,#6808);
#6807 = CARTESIAN_POINT('',(361.65710449218,24.5,72.497383117676));
#6808 = VECTOR('',#6809,1.);
#6809 = DIRECTION('',(0.148391453767,0.,0.988928701398));
#6810 = ORIENTED_EDGE('',*,*,#6811,.T.);
#6811 = EDGE_CURVE('',#6804,#6812,#6814,.T.);
#6812 = VERTEX_POINT('',#6813);
#6813 = CARTESIAN_POINT('',(362.07650756835,24.5,77.90828704834));
#6814 = LINE('',#6815,#6816);
#6815 = CARTESIAN_POINT('',(362.04028320312,24.5,75.051010131836));
#6816 = VECTOR('',#6817,1.);
#6817 = DIRECTION('',(1.267691423439E-02,0.,0.999919644694));
#6818 = ORIENTED_EDGE('',*,*,#6819,.T.);
#6819 = EDGE_CURVE('',#6812,#6820,#6822,.T.);
#6820 = VERTEX_POINT('',#6821);
#6821 = CARTESIAN_POINT('',(361.72018432617,24.5,80.868682861328));
#6822 = LINE('',#6823,#6824);
#6823 = CARTESIAN_POINT('',(362.07650756835,24.5,77.90828704834));
#6824 = VECTOR('',#6825,1.);
#6825 = DIRECTION('',(-0.119500866279,0.,0.992834096392));
#6826 = ORIENTED_EDGE('',*,*,#6827,.T.);
#6827 = EDGE_CURVE('',#6820,#6828,#6830,.T.);
#6828 = VERTEX_POINT('',#6829);
#6829 = CARTESIAN_POINT('',(360.95321655273,24.5,83.893676757812));
#6830 = LINE('',#6831,#6832);
#6831 = CARTESIAN_POINT('',(361.72018432617,24.5,80.868682861328));
#6832 = VECTOR('',#6833,1.);
#6833 = DIRECTION('',(-0.245767117738,0.,0.96932890385));
#6834 = ORIENTED_EDGE('',*,*,#6835,.T.);
#6835 = EDGE_CURVE('',#6828,#6836,#6838,.T.);
#6836 = VERTEX_POINT('',#6837);
#6837 = CARTESIAN_POINT('',(359.7544555664,24.5,86.894493103027));
#6838 = LINE('',#6839,#6840);
#6839 = CARTESIAN_POINT('',(360.95321655273,24.5,83.893676757812));
#6840 = VECTOR('',#6841,1.);
#6841 = DIRECTION('',(-0.370972982397,0.,0.928643659501));
#6842 = ORIENTED_EDGE('',*,*,#6843,.T.);
#6843 = EDGE_CURVE('',#6836,#6844,#6846,.T.);
#6844 = VERTEX_POINT('',#6845);
#6845 = CARTESIAN_POINT('',(358.55084228515,24.5,89.046813964844));
#6846 = LINE('',#6847,#6848);
#6847 = CARTESIAN_POINT('',(359.7544555664,24.5,86.894493103027));
#6848 = VECTOR('',#6849,1.);
#6849 = DIRECTION('',(-0.488082681873,0.,0.872797396682));
#6850 = ORIENTED_EDGE('',*,*,#6851,.T.);
#6851 = EDGE_CURVE('',#6844,#6852,#6854,.T.);
#6852 = VERTEX_POINT('',#6853);
#6853 = CARTESIAN_POINT('',(357.28085327148,24.5,90.630302429199));
#6854 = LINE('',#6855,#6856);
#6855 = CARTESIAN_POINT('',(358.55084228515,24.5,89.046813964844));
#6856 = VECTOR('',#6857,1.);
#6857 = DIRECTION('',(-0.625655307656,0.,0.7800996321));
#6858 = ORIENTED_EDGE('',*,*,#6859,.T.);
#6859 = EDGE_CURVE('',#6852,#6860,#6862,.T.);
#6860 = VERTEX_POINT('',#6861);
#6861 = CARTESIAN_POINT('',(355.6926574707,24.5,92.025009155273));
#6862 = LINE('',#6863,#6864);
#6863 = CARTESIAN_POINT('',(357.28085327148,24.5,90.630302429199));
#6864 = VECTOR('',#6865,1.);
#6865 = DIRECTION('',(-0.751394871586,0.,0.659852822192));
#6866 = ORIENTED_EDGE('',*,*,#6867,.T.);
#6867 = EDGE_CURVE('',#6860,#5977,#6868,.T.);
#6868 = LINE('',#6869,#6870);
#6869 = CARTESIAN_POINT('',(355.6926574707,24.5,92.025009155273));
#6870 = VECTOR('',#6871,1.);
#6871 = DIRECTION('',(-0.778584889347,0.,0.627539297639));
#6872 = ORIENTED_EDGE('',*,*,#5976,.T.);
#6873 = PLANE('',#6874);
#6874 = AXIS2_PLACEMENT_3D('',#6875,#6876,#6877);
#6875 = CARTESIAN_POINT('',(334.82849499686,24.5,75.932844804901));
#6876 = DIRECTION('',(-0.,-1.,-0.));
#6877 = DIRECTION('',(0.,0.,-1.));
#6878 = ADVANCED_FACE('',(#6879),#6896,.F.);
#6879 = FACE_BOUND('',#6880,.F.);
#6880 = EDGE_LOOP('',(#6881,#6882,#6890));
#6881 = ORIENTED_EDGE('',*,*,#6723,.F.);
#6882 = ORIENTED_EDGE('',*,*,#6883,.T.);
#6883 = EDGE_CURVE('',#6724,#6884,#6886,.T.);
#6884 = VERTEX_POINT('',#6885);
#6885 = CARTESIAN_POINT('',(306.19454956054,21.,57.418045043945));
#6886 = LINE('',#6887,#6888);
#6887 = CARTESIAN_POINT('',(306.19454956054,24.5,57.418045043945));
#6888 = VECTOR('',#6889,1.);
#6889 = DIRECTION('',(0.,-1.,0.));
#6890 = ORIENTED_EDGE('',*,*,#6891,.F.);
#6891 = EDGE_CURVE('',#6716,#6884,#6892,.T.);
#6892 = LINE('',#6893,#6894);
#6893 = CARTESIAN_POINT('',(302.53063964843,24.5,58.934597015381));
#6894 = VECTOR('',#6895,1.);
#6895 = DIRECTION('',(0.692733539504,-0.66174317776,-0.286733691662));
#6896 = PLANE('',#6897);
#6897 = AXIS2_PLACEMENT_3D('',#6898,#6899,#6900);
#6898 = CARTESIAN_POINT('',(304.8653094618,23.294077467217,
    57.968239164601));
#6899 = DIRECTION('',(-0.382448966553,-0.,-0.923976616578));
#6900 = DIRECTION('',(-0.923976616578,0.,0.382448966553));
#6901 = ADVANCED_FACE('',(#6902),#6919,.F.);
#6902 = FACE_BOUND('',#6903,.F.);
#6903 = EDGE_LOOP('',(#6904,#6905,#6913));
#6904 = ORIENTED_EDGE('',*,*,#6891,.T.);
#6905 = ORIENTED_EDGE('',*,*,#6906,.T.);
#6906 = EDGE_CURVE('',#6884,#6907,#6909,.T.);
#6907 = VERTEX_POINT('',#6908);
#6908 = CARTESIAN_POINT('',(300.53994750976,21.,59.758487701416));
#6909 = LINE('',#6910,#6911);
#6910 = CARTESIAN_POINT('',(306.19454956054,21.,57.418045043945));
#6911 = VECTOR('',#6912,1.);
#6912 = DIRECTION('',(-0.923981767374,0.,0.382436522264));
#6913 = ORIENTED_EDGE('',*,*,#6914,.F.);
#6914 = EDGE_CURVE('',#6716,#6907,#6915,.T.);
#6915 = LINE('',#6916,#6917);
#6916 = CARTESIAN_POINT('',(302.53063964843,24.5,58.934597015381));
#6917 = VECTOR('',#6918,1.);
#6918 = DIRECTION('',(-0.484359754943,-0.851592825112,0.20046268483));
#6919 = PLANE('',#6920);
#6920 = AXIS2_PLACEMENT_3D('',#6921,#6922,#6923);
#6921 = CARTESIAN_POINT('',(303.22131038579,22.059890792356,
    58.648687750098));
#6922 = DIRECTION('',(-0.382436522219,1.525891602133E-05,-0.923981767266
    ));
#6923 = DIRECTION('',(-0.923981767374,0.,0.382436522264));
#6924 = ADVANCED_FACE('',(#6925),#6936,.T.);
#6925 = FACE_BOUND('',#6926,.T.);
#6926 = EDGE_LOOP('',(#6927,#6928,#6934,#6935));
#6927 = ORIENTED_EDGE('',*,*,#2843,.T.);
#6928 = ORIENTED_EDGE('',*,*,#6929,.F.);
#6929 = EDGE_CURVE('',#5302,#2836,#6930,.T.);
#6930 = LINE('',#6931,#6932);
#6931 = CARTESIAN_POINT('',(334.83288574218,27.,110.12634277343));
#6932 = VECTOR('',#6933,1.);
#6933 = DIRECTION('',(0.,-1.,0.));
#6934 = ORIENTED_EDGE('',*,*,#5301,.T.);
#6935 = ORIENTED_EDGE('',*,*,#6287,.T.);
#6936 = PLANE('',#6937);
#6937 = AXIS2_PLACEMENT_3D('',#6938,#6939,#6940);
#6938 = CARTESIAN_POINT('',(335.03875732421,21.699999809265,
    109.41594696044));
#6939 = DIRECTION('',(-0.960480915207,-0.,-0.278345848764));
#6940 = DIRECTION('',(0.278345848764,0.,-0.960480915207));
#6941 = ADVANCED_FACE('',(#6942),#6953,.T.);
#6942 = FACE_BOUND('',#6943,.T.);
#6943 = EDGE_LOOP('',(#6944,#6950,#6951,#6952));
#6944 = ORIENTED_EDGE('',*,*,#6945,.F.);
#6945 = EDGE_CURVE('',#2135,#3481,#6946,.T.);
#6946 = LINE('',#6947,#6948);
#6947 = CARTESIAN_POINT('',(334.83288574218,-16.39999961853,
    110.12634277343));
#6948 = VECTOR('',#6949,1.);
#6949 = DIRECTION('',(0.,-1.,0.));
#6950 = ORIENTED_EDGE('',*,*,#2134,.F.);
#6951 = ORIENTED_EDGE('',*,*,#6323,.F.);
#6952 = ORIENTED_EDGE('',*,*,#3488,.F.);
#6953 = PLANE('',#6954);
#6954 = AXIS2_PLACEMENT_3D('',#6955,#6956,#6957);
#6955 = CARTESIAN_POINT('',(335.03875732421,-21.69999980926,
    109.41594696044));
#6956 = DIRECTION('',(-0.960480915207,-0.,-0.278345848764));
#6957 = DIRECTION('',(0.278345848764,0.,-0.960480915207));
#6958 = ADVANCED_FACE('',(#6959),#6971,.T.);
#6959 = FACE_BOUND('',#6960,.T.);
#6960 = EDGE_LOOP('',(#6961,#6967,#6968,#6969,#6970));
#6961 = ORIENTED_EDGE('',*,*,#6962,.T.);
#6962 = EDGE_CURVE('',#5278,#2860,#6963,.T.);
#6963 = LINE('',#6964,#6965);
#6964 = CARTESIAN_POINT('',(335.2395324707,27.,108.66940307617));
#6965 = VECTOR('',#6966,1.);
#6966 = DIRECTION('',(0.,-1.,0.));
#6967 = ORIENTED_EDGE('',*,*,#2859,.F.);
#6968 = ORIENTED_EDGE('',*,*,#6302,.F.);
#6969 = ORIENTED_EDGE('',*,*,#6294,.F.);
#6970 = ORIENTED_EDGE('',*,*,#5285,.F.);
#6971 = PLANE('',#6972);
#6972 = AXIS2_PLACEMENT_3D('',#6973,#6974,#6975);
#6973 = CARTESIAN_POINT('',(335.3739437648,21.699999148923,
    108.67954610123));
#6974 = DIRECTION('',(-7.524864364741E-02,0.,0.99716480164));
#6975 = DIRECTION('',(0.99716480164,0.,7.524864364741E-02));
#6976 = ADVANCED_FACE('',(#6977),#6988,.T.);
#6977 = FACE_BOUND('',#6978,.T.);
#6978 = EDGE_LOOP('',(#6979,#6980,#6986,#6987));
#6979 = ORIENTED_EDGE('',*,*,#2118,.F.);
#6980 = ORIENTED_EDGE('',*,*,#6981,.F.);
#6981 = EDGE_CURVE('',#3505,#2111,#6982,.T.);
#6982 = LINE('',#6983,#6984);
#6983 = CARTESIAN_POINT('',(335.2395324707,-27.,108.66940307617));
#6984 = VECTOR('',#6985,1.);
#6985 = DIRECTION('',(0.,1.,0.));
#6986 = ORIENTED_EDGE('',*,*,#3504,.F.);
#6987 = ORIENTED_EDGE('',*,*,#6316,.T.);
#6988 = PLANE('',#6989);
#6989 = AXIS2_PLACEMENT_3D('',#6990,#6991,#6992);
#6990 = CARTESIAN_POINT('',(335.37394714355,-21.69999980926,
    108.6795463562));
#6991 = DIRECTION('',(-7.524864364741E-02,0.,0.99716480164));
#6992 = DIRECTION('',(0.99716480164,0.,7.524864364741E-02));
#6993 = ADVANCED_FACE('',(#6994),#7005,.T.);
#6994 = FACE_BOUND('',#6995,.T.);
#6995 = EDGE_LOOP('',(#6996,#7002,#7003,#7004));
#6996 = ORIENTED_EDGE('',*,*,#6997,.T.);
#6997 = EDGE_CURVE('',#6503,#2796,#6998,.T.);
#6998 = LINE('',#6999,#7000);
#6999 = CARTESIAN_POINT('',(338.75268554687,18.10000038147,110.297706604
    ));
#7000 = VECTOR('',#7001,1.);
#7001 = DIRECTION('',(0.,-1.,0.));
#7002 = ORIENTED_EDGE('',*,*,#2795,.T.);
#7003 = ORIENTED_EDGE('',*,*,#5928,.T.);
#7004 = ORIENTED_EDGE('',*,*,#6510,.T.);
#7005 = PLANE('',#7006);
#7006 = AXIS2_PLACEMENT_3D('',#7007,#7008,#7009);
#7007 = CARTESIAN_POINT('',(338.99702457525,19.154340344394,
    110.18379233864));
#7008 = DIRECTION('',(0.42254850379,0.,0.906340312435));
#7009 = DIRECTION('',(0.906340312435,0.,-0.42254850379));
#7010 = ADVANCED_FACE('',(#7011),#7022,.T.);
#7011 = FACE_BOUND('',#7012,.T.);
#7012 = EDGE_LOOP('',(#7013,#7014,#7020,#7021));
#7013 = ORIENTED_EDGE('',*,*,#2182,.F.);
#7014 = ORIENTED_EDGE('',*,*,#7015,.F.);
#7015 = EDGE_CURVE('',#4789,#2175,#7016,.T.);
#7016 = LINE('',#7017,#7018);
#7017 = CARTESIAN_POINT('',(338.75268554687,-18.10000038147,
    110.297706604));
#7018 = VECTOR('',#7019,1.);
#7019 = DIRECTION('',(0.,1.,0.));
#7020 = ORIENTED_EDGE('',*,*,#4796,.T.);
#7021 = ORIENTED_EDGE('',*,*,#5903,.F.);
#7022 = PLANE('',#7023);
#7023 = AXIS2_PLACEMENT_3D('',#7024,#7025,#7026);
#7024 = CARTESIAN_POINT('',(338.99702457525,-19.15434034439,
    110.18379233864));
#7025 = DIRECTION('',(0.42254850379,0.,0.906340312435));
#7026 = DIRECTION('',(0.906340312435,0.,-0.42254850379));
#7027 = ADVANCED_FACE('',(#7028),#7039,.T.);
#7028 = FACE_BOUND('',#7029,.T.);
#7029 = EDGE_LOOP('',(#7030,#7031,#7037,#7038));
#7030 = ORIENTED_EDGE('',*,*,#4500,.T.);
#7031 = ORIENTED_EDGE('',*,*,#7032,.F.);
#7032 = EDGE_CURVE('',#5603,#4493,#7033,.T.);
#7033 = LINE('',#7034,#7035);
#7034 = CARTESIAN_POINT('',(360.80316162109,25.89999961853,
    88.072273254395));
#7035 = VECTOR('',#7036,1.);
#7036 = DIRECTION('',(0.,-1.,0.));
#7037 = ORIENTED_EDGE('',*,*,#5602,.T.);
#7038 = ORIENTED_EDGE('',*,*,#5573,.T.);
#7039 = PLANE('',#7040);
#7040 = AXIS2_PLACEMENT_3D('',#7041,#7042,#7043);
#7041 = CARTESIAN_POINT('',(360.05499267578,0.,89.153419494629));
#7042 = DIRECTION('',(0.822304982177,0.,0.569047024672));
#7043 = DIRECTION('',(-0.569047024672,0.,0.822304982177));
#7044 = ADVANCED_FACE('',(#7045),#7061,.T.);
#7045 = FACE_BOUND('',#7046,.T.);
#7046 = EDGE_LOOP('',(#7047,#7048,#7054,#7055));
#7047 = ORIENTED_EDGE('',*,*,#4525,.T.);
#7048 = ORIENTED_EDGE('',*,*,#7049,.F.);
#7049 = EDGE_CURVE('',#5795,#4528,#7050,.T.);
#7050 = LINE('',#7051,#7052);
#7051 = CARTESIAN_POINT('',(331.01287841796,25.89999961853,
    56.486904144287));
#7052 = VECTOR('',#7053,1.);
#7053 = DIRECTION('',(0.,-1.,0.));
#7054 = ORIENTED_EDGE('',*,*,#5794,.T.);
#7055 = ORIENTED_EDGE('',*,*,#7056,.F.);
#7056 = EDGE_CURVE('',#4526,#5787,#7057,.T.);
#7057 = LINE('',#7058,#7059);
#7058 = CARTESIAN_POINT('',(332.84090451145,1.987216003325,
    56.413231719844));
#7059 = VECTOR('',#7060,1.);
#7060 = DIRECTION('',(0.,1.,0.));
#7061 = PLANE('',#7062);
#7062 = AXIS2_PLACEMENT_3D('',#7063,#7064,#7065);
#7063 = CARTESIAN_POINT('',(331.92689146471,-4.115915746547E-14,
    56.450067932066));
#7064 = DIRECTION('',(-4.026893671648E-02,-0.,-0.999188877408));
#7065 = DIRECTION('',(-0.999188877408,0.,4.026893671648E-02));
#7066 = ADVANCED_FACE('',(#7067),#7083,.T.);
#7067 = FACE_BOUND('',#7068,.T.);
#7068 = EDGE_LOOP('',(#7069,#7075,#7076,#7082));
#7069 = ORIENTED_EDGE('',*,*,#7070,.T.);
#7070 = EDGE_CURVE('',#5747,#4349,#7071,.T.);
#7071 = LINE('',#7072,#7073);
#7072 = CARTESIAN_POINT('',(338.27130126953,25.89999961853,
    56.19437789917));
#7073 = VECTOR('',#7074,1.);
#7074 = DIRECTION('',(0.,-1.,0.));
#7075 = ORIENTED_EDGE('',*,*,#4348,.T.);
#7076 = ORIENTED_EDGE('',*,*,#7077,.F.);
#7077 = EDGE_CURVE('',#5755,#4341,#7078,.T.);
#7078 = LINE('',#7079,#7080);
#7079 = CARTESIAN_POINT('',(337.73310184729,-1.478180195507,
    56.216068211147));
#7080 = VECTOR('',#7081,1.);
#7081 = DIRECTION('',(0.,-1.,0.));
#7082 = ORIENTED_EDGE('',*,*,#5754,.T.);
#7083 = PLANE('',#7084);
#7084 = AXIS2_PLACEMENT_3D('',#7085,#7086,#7087);
#7085 = CARTESIAN_POINT('',(338.00220155841,7.750466620116E-13,
    56.205223055158));
#7086 = DIRECTION('',(-4.026893671647E-02,-0.,-0.999188877408));
#7087 = DIRECTION('',(-0.999188877408,0.,4.026893671647E-02));
#7088 = ADVANCED_FACE('',(#7089),#7100,.T.);
#7089 = FACE_BOUND('',#7090,.T.);
#7090 = EDGE_LOOP('',(#7091,#7092,#7098,#7099));
#7091 = ORIENTED_EDGE('',*,*,#2342,.F.);
#7092 = ORIENTED_EDGE('',*,*,#7093,.T.);
#7093 = EDGE_CURVE('',#2335,#3409,#7094,.T.);
#7094 = LINE('',#7095,#7096);
#7095 = CARTESIAN_POINT('',(342.29858398437,-16.39999961853,
    116.73532104492));
#7096 = VECTOR('',#7097,1.);
#7097 = DIRECTION('',(0.,-1.,0.));
#7098 = ORIENTED_EDGE('',*,*,#3408,.F.);
#7099 = ORIENTED_EDGE('',*,*,#5827,.F.);
#7100 = PLANE('',#7101);
#7101 = AXIS2_PLACEMENT_3D('',#7102,#7103,#7104);
#7102 = CARTESIAN_POINT('',(343.126663208,-21.69999980926,
    116.12726974487));
#7103 = DIRECTION('',(0.591865629689,0.,0.806036647053));
#7104 = DIRECTION('',(0.806036647053,0.,-0.591865629689));
#7105 = ADVANCED_FACE('',(#7106),#7117,.T.);
#7106 = FACE_BOUND('',#7107,.T.);
#7107 = EDGE_LOOP('',(#7108,#7109,#7110,#7111));
#7108 = ORIENTED_EDGE('',*,*,#2635,.T.);
#7109 = ORIENTED_EDGE('',*,*,#5844,.F.);
#7110 = ORIENTED_EDGE('',*,*,#5381,.T.);
#7111 = ORIENTED_EDGE('',*,*,#7112,.F.);
#7112 = EDGE_CURVE('',#2636,#5374,#7113,.T.);
#7113 = LINE('',#7114,#7115);
#7114 = CARTESIAN_POINT('',(342.29858398437,16.39999961853,
    116.73532104492));
#7115 = VECTOR('',#7116,1.);
#7116 = DIRECTION('',(0.,1.,0.));
#7117 = PLANE('',#7118);
#7118 = AXIS2_PLACEMENT_3D('',#7119,#7120,#7121);
#7119 = CARTESIAN_POINT('',(343.126663208,21.699999809265,
    116.12726974487));
#7120 = DIRECTION('',(0.591865629689,0.,0.806036647053));
#7121 = DIRECTION('',(0.806036647053,0.,-0.591865629689));
#7122 = ADVANCED_FACE('',(#7123),#7134,.T.);
#7123 = FACE_BOUND('',#7124,.T.);
#7124 = EDGE_LOOP('',(#7125,#7126,#7127,#7133));
#7125 = ORIENTED_EDGE('',*,*,#6616,.T.);
#7126 = ORIENTED_EDGE('',*,*,#2875,.F.);
#7127 = ORIENTED_EDGE('',*,*,#7128,.F.);
#7128 = EDGE_CURVE('',#5270,#2868,#7129,.T.);
#7129 = LINE('',#7130,#7131);
#7130 = CARTESIAN_POINT('',(334.98577880859,27.,108.57805633544));
#7131 = VECTOR('',#7132,1.);
#7132 = DIRECTION('',(0.,-1.,0.));
#7133 = ORIENTED_EDGE('',*,*,#5269,.F.);
#7134 = PLANE('',#7135);
#7135 = AXIS2_PLACEMENT_3D('',#7136,#7137,#7138);
#7136 = CARTESIAN_POINT('',(334.87574768066,21.699999809265,
    108.50015258789));
#7137 = DIRECTION('',(-0.577844612613,0.,0.816146802772));
#7138 = DIRECTION('',(0.816146802772,0.,0.577844612613));
#7139 = ADVANCED_FACE('',(#7140),#7151,.T.);
#7140 = FACE_BOUND('',#7141,.T.);
#7141 = EDGE_LOOP('',(#7142,#7143,#7144,#7150));
#7142 = ORIENTED_EDGE('',*,*,#6632,.F.);
#7143 = ORIENTED_EDGE('',*,*,#3520,.F.);
#7144 = ORIENTED_EDGE('',*,*,#7145,.T.);
#7145 = EDGE_CURVE('',#3513,#2103,#7146,.T.);
#7146 = LINE('',#7147,#7148);
#7147 = CARTESIAN_POINT('',(334.98577880859,-27.,108.57805633544));
#7148 = VECTOR('',#7149,1.);
#7149 = DIRECTION('',(0.,1.,0.));
#7150 = ORIENTED_EDGE('',*,*,#2102,.F.);
#7151 = PLANE('',#7152);
#7152 = AXIS2_PLACEMENT_3D('',#7153,#7154,#7155);
#7153 = CARTESIAN_POINT('',(334.87574768066,-21.69999980926,
    108.50015258789));
#7154 = DIRECTION('',(-0.577844612613,0.,0.816146802772));
#7155 = DIRECTION('',(0.816146802772,0.,0.577844612613));
#7156 = ADVANCED_FACE('',(#7157),#7168,.T.);
#7157 = FACE_BOUND('',#7158,.T.);
#7158 = EDGE_LOOP('',(#7159,#7160,#7166,#7167));
#7159 = ORIENTED_EDGE('',*,*,#6867,.F.);
#7160 = ORIENTED_EDGE('',*,*,#7161,.F.);
#7161 = EDGE_CURVE('',#6010,#6860,#7162,.T.);
#7162 = LINE('',#7163,#7164);
#7163 = CARTESIAN_POINT('',(355.6926574707,-24.5,92.025009155273));
#7164 = VECTOR('',#7165,1.);
#7165 = DIRECTION('',(0.,1.,0.));
#7166 = ORIENTED_EDGE('',*,*,#6009,.T.);
#7167 = ORIENTED_EDGE('',*,*,#5984,.T.);
#7168 = PLANE('',#7169);
#7169 = AXIS2_PLACEMENT_3D('',#7170,#7171,#7172);
#7170 = CARTESIAN_POINT('',(353.76364135742,0.,93.579795837402));
#7171 = DIRECTION('',(-0.627539297639,-0.,-0.778584889347));
#7172 = DIRECTION('',(-0.778584889347,0.,0.627539297639));
#7173 = ADVANCED_FACE('',(#7174),#7185,.T.);
#7174 = FACE_BOUND('',#7175,.T.);
#7175 = EDGE_LOOP('',(#7176,#7177,#7183,#7184));
#7176 = ORIENTED_EDGE('',*,*,#6225,.F.);
#7177 = ORIENTED_EDGE('',*,*,#7178,.T.);
#7178 = EDGE_CURVE('',#6218,#3553,#7179,.T.);
#7179 = LINE('',#7180,#7181);
#7180 = CARTESIAN_POINT('',(330.60986328125,-24.5,96.366012573242));
#7181 = VECTOR('',#7182,1.);
#7182 = DIRECTION('',(0.,-1.,0.));
#7183 = ORIENTED_EDGE('',*,*,#3552,.F.);
#7184 = ORIENTED_EDGE('',*,*,#3981,.F.);
#7185 = PLANE('',#7186);
#7186 = AXIS2_PLACEMENT_3D('',#7187,#7188,#7189);
#7187 = CARTESIAN_POINT('',(331.71708679199,-25.75,99.456535339355));
#7188 = DIRECTION('',(-0.941407095635,-0.,0.337272412582));
#7189 = DIRECTION('',(-0.337272412582,0.,-0.941407095635));
#7190 = ADVANCED_FACE('',(#7191),#7202,.T.);
#7191 = FACE_BOUND('',#7192,.T.);
#7192 = EDGE_LOOP('',(#7193,#7194,#7200,#7201));
#7193 = ORIENTED_EDGE('',*,*,#5246,.F.);
#7194 = ORIENTED_EDGE('',*,*,#7195,.F.);
#7195 = EDGE_CURVE('',#6652,#5239,#7196,.T.);
#7196 = LINE('',#7197,#7198);
#7197 = CARTESIAN_POINT('',(330.60986328125,24.5,96.366012573242));
#7198 = VECTOR('',#7199,1.);
#7199 = DIRECTION('',(0.,1.,0.));
#7200 = ORIENTED_EDGE('',*,*,#6651,.T.);
#7201 = ORIENTED_EDGE('',*,*,#4976,.T.);
#7202 = PLANE('',#7203);
#7203 = AXIS2_PLACEMENT_3D('',#7204,#7205,#7206);
#7204 = CARTESIAN_POINT('',(331.71708679199,25.75,99.456535339355));
#7205 = DIRECTION('',(-0.941407095635,-0.,0.337272412582));
#7206 = DIRECTION('',(-0.337272412582,0.,-0.941407095635));
#7207 = ADVANCED_FACE('',(#7208),#7226,.T.);
#7208 = FACE_BOUND('',#7209,.T.);
#7209 = EDGE_LOOP('',(#7210,#7218,#7219,#7220));
#7210 = ORIENTED_EDGE('',*,*,#7211,.T.);
#7211 = EDGE_CURVE('',#7212,#2804,#7214,.T.);
#7212 = VERTEX_POINT('',#7213);
#7213 = CARTESIAN_POINT('',(335.29272460937,18.10000038147,
    112.33504486084));
#7214 = LINE('',#7215,#7216);
#7215 = CARTESIAN_POINT('',(335.29272460937,18.10000038147,
    112.33504486084));
#7216 = VECTOR('',#7217,1.);
#7217 = DIRECTION('',(0.,-1.,0.));
#7218 = ORIENTED_EDGE('',*,*,#2803,.T.);
#7219 = ORIENTED_EDGE('',*,*,#6997,.F.);
#7220 = ORIENTED_EDGE('',*,*,#7221,.F.);
#7221 = EDGE_CURVE('',#7212,#6503,#7222,.T.);
#7222 = LINE('',#7223,#7224);
#7223 = CARTESIAN_POINT('',(335.29272460937,18.10000038147,
    112.33504486084));
#7224 = VECTOR('',#7225,1.);
#7225 = DIRECTION('',(0.861709145118,0.,-0.507402551453));
#7226 = PLANE('',#7227);
#7227 = AXIS2_PLACEMENT_3D('',#7228,#7229,#7230);
#7228 = CARTESIAN_POINT('',(337.02270507812,17.25,111.31637573242));
#7229 = DIRECTION('',(0.507402551453,0.,0.861709145118));
#7230 = DIRECTION('',(0.861709145118,0.,-0.507402551453));
#7231 = ADVANCED_FACE('',(#7232),#7250,.T.);
#7232 = FACE_BOUND('',#7233,.T.);
#7233 = EDGE_LOOP('',(#7234,#7235,#7243,#7249));
#7234 = ORIENTED_EDGE('',*,*,#2174,.F.);
#7235 = ORIENTED_EDGE('',*,*,#7236,.T.);
#7236 = EDGE_CURVE('',#2167,#7237,#7239,.T.);
#7237 = VERTEX_POINT('',#7238);
#7238 = CARTESIAN_POINT('',(335.29272460937,-18.10000038147,
    112.33504486084));
#7239 = LINE('',#7240,#7241);
#7240 = CARTESIAN_POINT('',(335.29272460937,-16.39999961853,
    112.33504486084));
#7241 = VECTOR('',#7242,1.);
#7242 = DIRECTION('',(0.,-1.,0.));
#7243 = ORIENTED_EDGE('',*,*,#7244,.T.);
#7244 = EDGE_CURVE('',#7237,#4789,#7245,.T.);
#7245 = LINE('',#7246,#7247);
#7246 = CARTESIAN_POINT('',(335.29272460937,-18.10000038147,
    112.33504486084));
#7247 = VECTOR('',#7248,1.);
#7248 = DIRECTION('',(0.861709145118,0.,-0.507402551453));
#7249 = ORIENTED_EDGE('',*,*,#7015,.T.);
#7250 = PLANE('',#7251);
#7251 = AXIS2_PLACEMENT_3D('',#7252,#7253,#7254);
#7252 = CARTESIAN_POINT('',(337.02270507812,-17.25,111.31637573242));
#7253 = DIRECTION('',(0.507402551453,0.,0.861709145118));
#7254 = DIRECTION('',(0.861709145118,0.,-0.507402551453));
#7255 = ADVANCED_FACE('',(#7256),#7267,.T.);
#7256 = FACE_BOUND('',#7257,.T.);
#7257 = EDGE_LOOP('',(#7258,#7259,#7265,#7266));
#7258 = ORIENTED_EDGE('',*,*,#2835,.T.);
#7259 = ORIENTED_EDGE('',*,*,#7260,.F.);
#7260 = EDGE_CURVE('',#5310,#2828,#7261,.T.);
#7261 = LINE('',#7262,#7263);
#7262 = CARTESIAN_POINT('',(334.74990844726,27.,111.99111175537));
#7263 = VECTOR('',#7264,1.);
#7264 = DIRECTION('',(0.,-1.,0.));
#7265 = ORIENTED_EDGE('',*,*,#5309,.T.);
#7266 = ORIENTED_EDGE('',*,*,#6929,.T.);
#7267 = PLANE('',#7268);
#7268 = AXIS2_PLACEMENT_3D('',#7269,#7270,#7271);
#7269 = CARTESIAN_POINT('',(334.79139709472,21.699999809265,
    111.0587272644));
#7270 = DIRECTION('',(-0.99901146027,-0.,-4.445337163597E-02));
#7271 = DIRECTION('',(4.445337163597E-02,0.,-0.99901146027));
#7272 = ADVANCED_FACE('',(#7273),#7284,.T.);
#7273 = FACE_BOUND('',#7274,.T.);
#7274 = EDGE_LOOP('',(#7275,#7276,#7282,#7283));
#7275 = ORIENTED_EDGE('',*,*,#3480,.F.);
#7276 = ORIENTED_EDGE('',*,*,#7277,.F.);
#7277 = EDGE_CURVE('',#2143,#3473,#7278,.T.);
#7278 = LINE('',#7279,#7280);
#7279 = CARTESIAN_POINT('',(334.74990844726,-16.39999961853,
    111.99111175537));
#7280 = VECTOR('',#7281,1.);
#7281 = DIRECTION('',(0.,-1.,0.));
#7282 = ORIENTED_EDGE('',*,*,#2142,.F.);
#7283 = ORIENTED_EDGE('',*,*,#6945,.T.);
#7284 = PLANE('',#7285);
#7285 = AXIS2_PLACEMENT_3D('',#7286,#7287,#7288);
#7286 = CARTESIAN_POINT('',(334.79139709472,-21.69999980926,
    111.0587272644));
#7287 = DIRECTION('',(-0.99901146027,-0.,-4.445337163597E-02));
#7288 = DIRECTION('',(4.445337163597E-02,0.,-0.99901146027));
#7289 = ADVANCED_FACE('',(#7290),#7296,.T.);
#7290 = FACE_BOUND('',#7291,.T.);
#7291 = EDGE_LOOP('',(#7292,#7293,#7294,#7295));
#7292 = ORIENTED_EDGE('',*,*,#5277,.F.);
#7293 = ORIENTED_EDGE('',*,*,#7128,.T.);
#7294 = ORIENTED_EDGE('',*,*,#2867,.F.);
#7295 = ORIENTED_EDGE('',*,*,#6962,.F.);
#7296 = PLANE('',#7297);
#7297 = AXIS2_PLACEMENT_3D('',#7298,#7299,#7300);
#7298 = CARTESIAN_POINT('',(335.11265563964,21.699999809265,
    108.62372970581));
#7299 = DIRECTION('',(-0.338704442192,0.,0.940892821122));
#7300 = DIRECTION('',(0.940892821122,0.,0.338704442192));
#7301 = ADVANCED_FACE('',(#7302),#7308,.T.);
#7302 = FACE_BOUND('',#7303,.T.);
#7303 = EDGE_LOOP('',(#7304,#7305,#7306,#7307));
#7304 = ORIENTED_EDGE('',*,*,#2110,.F.);
#7305 = ORIENTED_EDGE('',*,*,#7145,.F.);
#7306 = ORIENTED_EDGE('',*,*,#3512,.F.);
#7307 = ORIENTED_EDGE('',*,*,#6981,.T.);
#7308 = PLANE('',#7309);
#7309 = AXIS2_PLACEMENT_3D('',#7310,#7311,#7312);
#7310 = CARTESIAN_POINT('',(335.11265563964,-21.69999980926,
    108.62372970581));
#7311 = DIRECTION('',(-0.338704442192,0.,0.940892821122));
#7312 = DIRECTION('',(0.940892821122,0.,0.338704442192));
#7313 = ADVANCED_FACE('',(#7314),#7325,.T.);
#7314 = FACE_BOUND('',#7315,.T.);
#7315 = EDGE_LOOP('',(#7316,#7317,#7318,#7319));
#7316 = ORIENTED_EDGE('',*,*,#4324,.T.);
#7317 = ORIENTED_EDGE('',*,*,#6549,.T.);
#7318 = ORIENTED_EDGE('',*,*,#3768,.F.);
#7319 = ORIENTED_EDGE('',*,*,#7320,.T.);
#7320 = EDGE_CURVE('',#3761,#4325,#7321,.T.);
#7321 = LINE('',#7322,#7323);
#7322 = CARTESIAN_POINT('',(325.09448242187,-27.,56.193462371826));
#7323 = VECTOR('',#7324,1.);
#7324 = DIRECTION('',(0.,1.,0.));
#7325 = PLANE('',#7326);
#7326 = AXIS2_PLACEMENT_3D('',#7327,#7328,#7329);
#7327 = CARTESIAN_POINT('',(325.22691345214,-26.44999980926,
    56.397436141968));
#7328 = DIRECTION('',(0.838728947487,0.,-0.544549127855));
#7329 = DIRECTION('',(0.544549127855,0.,0.838728947487));
#7330 = ADVANCED_FACE('',(#7331),#7342,.T.);
#7331 = FACE_BOUND('',#7332,.T.);
#7332 = EDGE_LOOP('',(#7333,#7334,#7340,#7341));
#7333 = ORIENTED_EDGE('',*,*,#5778,.F.);
#7334 = ORIENTED_EDGE('',*,*,#7335,.T.);
#7335 = EDGE_CURVE('',#5771,#5031,#7336,.T.);
#7336 = LINE('',#7337,#7338);
#7337 = CARTESIAN_POINT('',(325.09448242187,25.89999961853,
    56.193462371826));
#7338 = VECTOR('',#7339,1.);
#7339 = DIRECTION('',(0.,1.,0.));
#7340 = ORIENTED_EDGE('',*,*,#5030,.F.);
#7341 = ORIENTED_EDGE('',*,*,#6565,.T.);
#7342 = PLANE('',#7343);
#7343 = AXIS2_PLACEMENT_3D('',#7344,#7345,#7346);
#7344 = CARTESIAN_POINT('',(325.22691345214,26.449999809265,
    56.397436141968));
#7345 = DIRECTION('',(0.838728947487,0.,-0.544549127855));
#7346 = DIRECTION('',(0.544549127855,0.,0.838728947487));
#7347 = ADVANCED_FACE('',(#7348),#7359,.T.);
#7348 = FACE_BOUND('',#7349,.T.);
#7349 = EDGE_LOOP('',(#7350,#7351,#7352,#7358));
#7350 = ORIENTED_EDGE('',*,*,#7049,.T.);
#7351 = ORIENTED_EDGE('',*,*,#4541,.F.);
#7352 = ORIENTED_EDGE('',*,*,#7353,.F.);
#7353 = EDGE_CURVE('',#5779,#4317,#7354,.T.);
#7354 = LINE('',#7355,#7356);
#7355 = CARTESIAN_POINT('',(325.35934448242,25.89999961853,
    56.601409912109));
#7356 = VECTOR('',#7357,1.);
#7357 = DIRECTION('',(0.,-1.,0.));
#7358 = ORIENTED_EDGE('',*,*,#5802,.T.);
#7359 = PLANE('',#7360);
#7360 = AXIS2_PLACEMENT_3D('',#7361,#7362,#7363);
#7361 = CARTESIAN_POINT('',(328.18611145019,-4.946803841821E-16,
    56.544157028198));
#7362 = DIRECTION('',(-2.024968633546E-02,-0.,-0.99979495408));
#7363 = DIRECTION('',(-0.99979495408,0.,2.024968633546E-02));
#7364 = ADVANCED_FACE('',(#7365),#7371,.T.);
#7365 = FACE_BOUND('',#7366,.T.);
#7366 = EDGE_LOOP('',(#7367,#7368,#7369,#7370));
#7367 = ORIENTED_EDGE('',*,*,#7353,.T.);
#7368 = ORIENTED_EDGE('',*,*,#4535,.F.);
#7369 = ORIENTED_EDGE('',*,*,#7056,.T.);
#7370 = ORIENTED_EDGE('',*,*,#5786,.F.);
#7371 = PLANE('',#7372);
#7372 = AXIS2_PLACEMENT_3D('',#7373,#7374,#7375);
#7373 = CARTESIAN_POINT('',(329.10012449694,-3.739450987591E-14,
    56.507320815977));
#7374 = DIRECTION('',(2.514431422926E-02,0.,0.99968383175));
#7375 = DIRECTION('',(0.99968383175,0.,-2.514431422926E-02));
#7376 = ADVANCED_FACE('',(#7377),#7388,.T.);
#7377 = FACE_BOUND('',#7378,.T.);
#7378 = EDGE_LOOP('',(#7379,#7380,#7386,#7387));
#7379 = ORIENTED_EDGE('',*,*,#5746,.T.);
#7380 = ORIENTED_EDGE('',*,*,#7381,.T.);
#7381 = EDGE_CURVE('',#5739,#4357,#7382,.T.);
#7382 = LINE('',#7383,#7384);
#7383 = CARTESIAN_POINT('',(342.24429321289,25.89999961853,
    56.001564025879));
#7384 = VECTOR('',#7385,1.);
#7385 = DIRECTION('',(0.,-1.,0.));
#7386 = ORIENTED_EDGE('',*,*,#4356,.T.);
#7387 = ORIENTED_EDGE('',*,*,#7070,.F.);
#7388 = PLANE('',#7389);
#7389 = AXIS2_PLACEMENT_3D('',#7390,#7391,#7392);
#7390 = CARTESIAN_POINT('',(340.25779724121,0.,56.097970962524));
#7391 = DIRECTION('',(-4.847410005585E-02,-0.,-0.998824439841));
#7392 = DIRECTION('',(-0.998824439841,0.,4.847410005585E-02));
#7393 = ADVANCED_FACE('',(#7394),#7405,.T.);
#7394 = FACE_BOUND('',#7395,.T.);
#7395 = EDGE_LOOP('',(#7396,#7397,#7398,#7404));
#7396 = ORIENTED_EDGE('',*,*,#7077,.T.);
#7397 = ORIENTED_EDGE('',*,*,#4340,.F.);
#7398 = ORIENTED_EDGE('',*,*,#7399,.F.);
#7399 = EDGE_CURVE('',#5763,#4333,#7400,.T.);
#7400 = LINE('',#7401,#7402);
#7401 = CARTESIAN_POINT('',(340.80950927734,25.89999961853,
    56.037689208984));
#7402 = VECTOR('',#7403,1.);
#7403 = DIRECTION('',(0.,-1.,0.));
#7404 = ORIENTED_EDGE('',*,*,#5762,.F.);
#7405 = PLANE('',#7406);
#7406 = AXIS2_PLACEMENT_3D('',#7407,#7408,#7409);
#7407 = CARTESIAN_POINT('',(339.27130556232,7.397822094978E-13,
    56.126878710066));
#7408 = DIRECTION('',(5.788566816153E-02,0.,0.998323218913));
#7409 = DIRECTION('',(0.998323218913,0.,-5.788566816153E-02));
#7410 = ADVANCED_FACE('',(#7411),#7422,.T.);
#7411 = FACE_BOUND('',#7412,.T.);
#7412 = EDGE_LOOP('',(#7413,#7414,#7420,#7421));
#7413 = ORIENTED_EDGE('',*,*,#4492,.T.);
#7414 = ORIENTED_EDGE('',*,*,#7415,.F.);
#7415 = EDGE_CURVE('',#5611,#4485,#7416,.T.);
#7416 = LINE('',#7417,#7418);
#7417 = CARTESIAN_POINT('',(362.0361328125,25.89999961853,
    85.569625854492));
#7418 = VECTOR('',#7419,1.);
#7419 = DIRECTION('',(0.,-1.,0.));
#7420 = ORIENTED_EDGE('',*,*,#5610,.T.);
#7421 = ORIENTED_EDGE('',*,*,#7032,.T.);
#7422 = PLANE('',#7423);
#7423 = AXIS2_PLACEMENT_3D('',#7424,#7425,#7426);
#7424 = CARTESIAN_POINT('',(361.41964721679,0.,86.820949554443));
#7425 = DIRECTION('',(0.897043000871,0.,0.441943270782));
#7426 = DIRECTION('',(-0.441943270782,0.,0.897043000871));
#7427 = ADVANCED_FACE('',(#7428),#7439,.T.);
#7428 = FACE_BOUND('',#7429,.T.);
#7429 = EDGE_LOOP('',(#7430,#7431,#7432,#7438));
#7430 = ORIENTED_EDGE('',*,*,#6583,.F.);
#7431 = ORIENTED_EDGE('',*,*,#4757,.T.);
#7432 = ORIENTED_EDGE('',*,*,#7433,.T.);
#7433 = EDGE_CURVE('',#4750,#2255,#7434,.T.);
#7434 = LINE('',#7435,#7436);
#7435 = CARTESIAN_POINT('',(341.09622192382,-22.10000038147,
    113.77365112304));
#7436 = VECTOR('',#7437,1.);
#7437 = DIRECTION('',(0.,1.,0.));
#7438 = ORIENTED_EDGE('',*,*,#2254,.F.);
#7439 = PLANE('',#7440);
#7440 = AXIS2_PLACEMENT_3D('',#7441,#7442,#7443);
#7441 = CARTESIAN_POINT('',(341.32243347168,-19.25,113.53541946411));
#7442 = DIRECTION('',(-0.725164372658,-0.,-0.688575800205));
#7443 = DIRECTION('',(0.688575800205,0.,-0.725164372658));
#7444 = ADVANCED_FACE('',(#7445),#7456,.T.);
#7445 = FACE_BOUND('',#7446,.T.);
#7446 = EDGE_LOOP('',(#7447,#7448,#7449,#7450));
#7447 = ORIENTED_EDGE('',*,*,#6348,.F.);
#7448 = ORIENTED_EDGE('',*,*,#6599,.F.);
#7449 = ORIENTED_EDGE('',*,*,#2723,.T.);
#7450 = ORIENTED_EDGE('',*,*,#7451,.T.);
#7451 = EDGE_CURVE('',#2716,#6349,#7452,.T.);
#7452 = LINE('',#7453,#7454);
#7453 = CARTESIAN_POINT('',(341.09622192382,16.39999961853,
    113.77365112304));
#7454 = VECTOR('',#7455,1.);
#7455 = DIRECTION('',(0.,1.,0.));
#7456 = PLANE('',#7457);
#7457 = AXIS2_PLACEMENT_3D('',#7458,#7459,#7460);
#7458 = CARTESIAN_POINT('',(341.32243347168,19.25,113.53541946411));
#7459 = DIRECTION('',(-0.725164372658,-0.,-0.688575800205));
#7460 = DIRECTION('',(0.688575800205,0.,-0.725164372658));
#7461 = ADVANCED_FACE('',(#7462),#7480,.T.);
#7462 = FACE_BOUND('',#7463,.T.);
#7463 = EDGE_LOOP('',(#7464,#7472,#7478,#7479));
#7464 = ORIENTED_EDGE('',*,*,#7465,.F.);
#7465 = EDGE_CURVE('',#7466,#7212,#7468,.T.);
#7466 = VERTEX_POINT('',#7467);
#7467 = CARTESIAN_POINT('',(335.04202270507,18.10000038147,
    112.45018005371));
#7468 = LINE('',#7469,#7470);
#7469 = CARTESIAN_POINT('',(335.04202270507,18.10000038147,
    112.45018005371));
#7470 = VECTOR('',#7471,1.);
#7471 = DIRECTION('',(0.908748570503,0.,-0.417344025486));
#7472 = ORIENTED_EDGE('',*,*,#7473,.F.);
#7473 = EDGE_CURVE('',#2812,#7466,#7474,.T.);
#7474 = LINE('',#7475,#7476);
#7475 = CARTESIAN_POINT('',(335.04202270507,16.39999961853,
    112.45018005371));
#7476 = VECTOR('',#7477,1.);
#7477 = DIRECTION('',(0.,1.,0.));
#7478 = ORIENTED_EDGE('',*,*,#2811,.T.);
#7479 = ORIENTED_EDGE('',*,*,#7211,.F.);
#7480 = PLANE('',#7481);
#7481 = AXIS2_PLACEMENT_3D('',#7482,#7483,#7484);
#7482 = CARTESIAN_POINT('',(335.16737365722,17.25,112.39261245727));
#7483 = DIRECTION('',(0.417344025486,0.,0.908748570503));
#7484 = DIRECTION('',(0.908748570503,0.,-0.417344025486));
#7485 = ADVANCED_FACE('',(#7486),#7504,.T.);
#7486 = FACE_BOUND('',#7487,.T.);
#7487 = EDGE_LOOP('',(#7488,#7489,#7490,#7498));
#7488 = ORIENTED_EDGE('',*,*,#7236,.F.);
#7489 = ORIENTED_EDGE('',*,*,#2166,.F.);
#7490 = ORIENTED_EDGE('',*,*,#7491,.F.);
#7491 = EDGE_CURVE('',#7492,#2159,#7494,.T.);
#7492 = VERTEX_POINT('',#7493);
#7493 = CARTESIAN_POINT('',(335.04202270507,-18.10000038147,
    112.45018005371));
#7494 = LINE('',#7495,#7496);
#7495 = CARTESIAN_POINT('',(335.04202270507,-18.10000038147,
    112.45018005371));
#7496 = VECTOR('',#7497,1.);
#7497 = DIRECTION('',(0.,1.,0.));
#7498 = ORIENTED_EDGE('',*,*,#7499,.T.);
#7499 = EDGE_CURVE('',#7492,#7237,#7500,.T.);
#7500 = LINE('',#7501,#7502);
#7501 = CARTESIAN_POINT('',(335.04202270507,-18.10000038147,
    112.45018005371));
#7502 = VECTOR('',#7503,1.);
#7503 = DIRECTION('',(0.908748570503,0.,-0.417344025486));
#7504 = PLANE('',#7505);
#7505 = AXIS2_PLACEMENT_3D('',#7506,#7507,#7508);
#7506 = CARTESIAN_POINT('',(335.16737365722,-17.25,112.39261245727));
#7507 = DIRECTION('',(0.417344025486,0.,0.908748570503));
#7508 = DIRECTION('',(0.908748570503,0.,-0.417344025486));
#7509 = ADVANCED_FACE('',(#7510),#7622,.T.);
#7510 = FACE_BOUND('',#7511,.T.);
#7511 = EDGE_LOOP('',(#7512,#7513,#7514,#7522,#7530,#7538,#7546,#7554,
    #7562,#7570,#7576,#7577,#7585,#7593,#7599,#7600,#7608,#7614,#7615,
    #7621));
#7512 = ORIENTED_EDGE('',*,*,#7221,.T.);
#7513 = ORIENTED_EDGE('',*,*,#6532,.F.);
#7514 = ORIENTED_EDGE('',*,*,#7515,.F.);
#7515 = EDGE_CURVE('',#7516,#6525,#7518,.T.);
#7516 = VERTEX_POINT('',#7517);
#7517 = CARTESIAN_POINT('',(338.08795166015,18.10000038147,
    110.91729736328));
#7518 = LINE('',#7519,#7520);
#7519 = CARTESIAN_POINT('',(338.08795166015,18.10000038147,
    110.91729736328));
#7520 = VECTOR('',#7521,1.);
#7521 = DIRECTION('',(0.688502515435,0.,-0.725233952763));
#7522 = ORIENTED_EDGE('',*,*,#7523,.F.);
#7523 = EDGE_CURVE('',#7524,#7516,#7526,.T.);
#7524 = VERTEX_POINT('',#7525);
#7525 = CARTESIAN_POINT('',(337.80493164062,18.10000038147,
    111.51029205322));
#7526 = LINE('',#7527,#7528);
#7527 = CARTESIAN_POINT('',(337.80493164062,18.10000038147,
    111.51029205322));
#7528 = VECTOR('',#7529,1.);
#7529 = DIRECTION('',(0.430729371283,0.,-0.902481140365));
#7530 = ORIENTED_EDGE('',*,*,#7531,.F.);
#7531 = EDGE_CURVE('',#7532,#7524,#7534,.T.);
#7532 = VERTEX_POINT('',#7533);
#7533 = CARTESIAN_POINT('',(337.71896362304,18.10000038147,
    112.16162872314));
#7534 = LINE('',#7535,#7536);
#7535 = CARTESIAN_POINT('',(337.71896362304,18.10000038147,
    112.16162872314));
#7536 = VECTOR('',#7537,1.);
#7537 = DIRECTION('',(0.130852228155,0.,-0.991401883389));
#7538 = ORIENTED_EDGE('',*,*,#7539,.F.);
#7539 = EDGE_CURVE('',#7540,#7532,#7542,.T.);
#7540 = VERTEX_POINT('',#7541);
#7541 = CARTESIAN_POINT('',(337.83853149414,18.10000038147,
    112.80771636962));
#7542 = LINE('',#7543,#7544);
#7543 = CARTESIAN_POINT('',(337.83853149414,18.10000038147,
    112.80771636962));
#7544 = VECTOR('',#7545,1.);
#7545 = DIRECTION('',(-0.181974499716,0.,-0.983303249996));
#7546 = ORIENTED_EDGE('',*,*,#7547,.F.);
#7547 = EDGE_CURVE('',#7548,#7540,#7550,.T.);
#7548 = VERTEX_POINT('',#7549);
#7549 = CARTESIAN_POINT('',(338.15188598632,18.10000038147,
    113.38516235351));
#7550 = LINE('',#7551,#7552);
#7551 = CARTESIAN_POINT('',(338.15188598632,18.10000038147,
    113.38516235351));
#7552 = VECTOR('',#7553,1.);
#7553 = DIRECTION('',(-0.476955265582,0.,-0.878927570755));
#7554 = ORIENTED_EDGE('',*,*,#7555,.F.);
#7555 = EDGE_CURVE('',#7556,#7548,#7558,.T.);
#7556 = VERTEX_POINT('',#7557);
#7557 = CARTESIAN_POINT('',(338.62835693359,18.10000038147,113.837600708
    ));
#7558 = LINE('',#7559,#7560);
#7559 = CARTESIAN_POINT('',(338.62835693359,18.10000038147,113.837600708
    ));
#7560 = VECTOR('',#7561,1.);
#7561 = DIRECTION('',(-0.725158282138,0.,-0.688582214298));
#7562 = ORIENTED_EDGE('',*,*,#7563,.F.);
#7563 = EDGE_CURVE('',#7564,#7556,#7566,.T.);
#7564 = VERTEX_POINT('',#7565);
#7565 = CARTESIAN_POINT('',(339.2212524414,18.10000038147,
    114.12060546875));
#7566 = LINE('',#7567,#7568);
#7567 = CARTESIAN_POINT('',(339.2212524414,18.10000038147,
    114.12060546875));
#7568 = VECTOR('',#7569,1.);
#7569 = DIRECTION('',(-0.902462159227,0.,-0.430769139057));
#7570 = ORIENTED_EDGE('',*,*,#7571,.F.);
#7571 = EDGE_CURVE('',#6480,#7564,#7572,.T.);
#7572 = LINE('',#7573,#7574);
#7573 = CARTESIAN_POINT('',(339.87268066406,18.10000038147,
    114.20658874511));
#7574 = VECTOR('',#7575,1.);
#7575 = DIRECTION('',(-0.991401256534,0.,-0.130856977433));
#7576 = ORIENTED_EDGE('',*,*,#6479,.F.);
#7577 = ORIENTED_EDGE('',*,*,#7578,.F.);
#7578 = EDGE_CURVE('',#7579,#6457,#7581,.T.);
#7579 = VERTEX_POINT('',#7580);
#7580 = CARTESIAN_POINT('',(337.13647460937,18.10000038147,
    115.90003204345));
#7581 = LINE('',#7582,#7583);
#7582 = CARTESIAN_POINT('',(337.13647460937,18.10000038147,
    115.90003204345));
#7583 = VECTOR('',#7584,1.);
#7584 = DIRECTION('',(0.873969824722,0.,-0.485980190414));
#7585 = ORIENTED_EDGE('',*,*,#7586,.F.);
#7586 = EDGE_CURVE('',#7587,#7579,#7589,.T.);
#7587 = VERTEX_POINT('',#7588);
#7588 = CARTESIAN_POINT('',(336.77233886718,18.10000038147,
    116.14865875244));
#7589 = LINE('',#7590,#7591);
#7590 = CARTESIAN_POINT('',(336.77233886718,18.10000038147,
    116.14865875244));
#7591 = VECTOR('',#7592,1.);
#7592 = DIRECTION('',(0.825855225696,0.,-0.5638822095));
#7593 = ORIENTED_EDGE('',*,*,#7594,.F.);
#7594 = EDGE_CURVE('',#5503,#7587,#7595,.T.);
#7595 = LINE('',#7596,#7597);
#7596 = CARTESIAN_POINT('',(336.44674682617,18.10000038147,
    116.44738769531));
#7597 = VECTOR('',#7598,1.);
#7598 = DIRECTION('',(0.736850181433,0.,-0.67605607025));
#7599 = ORIENTED_EDGE('',*,*,#5502,.T.);
#7600 = ORIENTED_EDGE('',*,*,#7601,.T.);
#7601 = EDGE_CURVE('',#5505,#7602,#7604,.T.);
#7602 = VERTEX_POINT('',#7603);
#7603 = CARTESIAN_POINT('',(335.2723083496,18.10000038147,114.8237991333
    ));
#7604 = LINE('',#7605,#7606);
#7605 = CARTESIAN_POINT('',(335.96612548828,18.10000038147,
    115.94979095459));
#7606 = VECTOR('',#7607,1.);
#7607 = DIRECTION('',(-0.524590411251,0.,-0.851354744171));
#7608 = ORIENTED_EDGE('',*,*,#7609,.T.);
#7609 = EDGE_CURVE('',#7602,#5480,#7610,.T.);
#7610 = LINE('',#7611,#7612);
#7611 = CARTESIAN_POINT('',(335.2723083496,18.10000038147,114.8237991333
    ));
#7612 = VECTOR('',#7613,1.);
#7613 = DIRECTION('',(-0.307895377747,0.,-0.951420220703));
#7614 = ORIENTED_EDGE('',*,*,#5479,.T.);
#7615 = ORIENTED_EDGE('',*,*,#7616,.T.);
#7616 = EDGE_CURVE('',#5457,#7466,#7617,.T.);
#7617 = LINE('',#7618,#7619);
#7618 = CARTESIAN_POINT('',(334.78186035156,18.10000038147,
    112.54151153564));
#7619 = VECTOR('',#7620,1.);
#7620 = DIRECTION('',(0.943547344872,0.,-0.331237691069));
#7621 = ORIENTED_EDGE('',*,*,#7465,.T.);
#7622 = PLANE('',#7623);
#7623 = AXIS2_PLACEMENT_3D('',#7624,#7625,#7626);
#7624 = CARTESIAN_POINT('',(337.33454058759,18.10000038147,
    113.40720976997));
#7625 = DIRECTION('',(-0.,-1.,-0.));
#7626 = DIRECTION('',(0.,0.,-1.));
#7627 = ADVANCED_FACE('',(#7628),#7639,.T.);
#7628 = FACE_BOUND('',#7629,.T.);
#7629 = EDGE_LOOP('',(#7630,#7631,#7632,#7638));
#7630 = ORIENTED_EDGE('',*,*,#7399,.T.);
#7631 = ORIENTED_EDGE('',*,*,#4332,.F.);
#7632 = ORIENTED_EDGE('',*,*,#7633,.T.);
#7633 = EDGE_CURVE('',#4325,#5771,#7634,.T.);
#7634 = LINE('',#7635,#7636);
#7635 = CARTESIAN_POINT('',(325.09448242187,-25.89999961853,
    56.193462371826));
#7636 = VECTOR('',#7637,1.);
#7637 = DIRECTION('',(0.,1.,0.));
#7638 = ORIENTED_EDGE('',*,*,#5770,.F.);
#7639 = PLANE('',#7640);
#7640 = AXIS2_PLACEMENT_3D('',#7641,#7642,#7643);
#7641 = CARTESIAN_POINT('',(332.9519958496,0.,56.115575790405));
#7642 = DIRECTION('',(-9.911883198537E-03,-0.,-0.999950876079));
#7643 = DIRECTION('',(-0.999950876079,0.,9.911883198537E-03));
#7644 = ADVANCED_FACE('',(#7645),#7656,.T.);
#7645 = FACE_BOUND('',#7646,.T.);
#7646 = EDGE_LOOP('',(#7647,#7648,#7654,#7655));
#7647 = ORIENTED_EDGE('',*,*,#4484,.T.);
#7648 = ORIENTED_EDGE('',*,*,#7649,.F.);
#7649 = EDGE_CURVE('',#5619,#4477,#7650,.T.);
#7650 = LINE('',#7651,#7652);
#7651 = CARTESIAN_POINT('',(362.94580078125,25.89999961853,
    82.823852539062));
#7652 = VECTOR('',#7653,1.);
#7653 = DIRECTION('',(0.,-1.,0.));
#7654 = ORIENTED_EDGE('',*,*,#5618,.T.);
#7655 = ORIENTED_EDGE('',*,*,#7415,.T.);
#7656 = PLANE('',#7657);
#7657 = AXIS2_PLACEMENT_3D('',#7658,#7659,#7660);
#7658 = CARTESIAN_POINT('',(362.49096679687,0.,84.196739196777));
#7659 = DIRECTION('',(0.949261451309,0.,0.314487991916));
#7660 = DIRECTION('',(-0.314487991916,0.,0.949261451309));
#7661 = ADVANCED_FACE('',(#7662),#7673,.T.);
#7662 = FACE_BOUND('',#7663,.T.);
#7663 = EDGE_LOOP('',(#7664,#7665,#7671,#7672));
#7664 = ORIENTED_EDGE('',*,*,#2334,.F.);
#7665 = ORIENTED_EDGE('',*,*,#7666,.T.);
#7666 = EDGE_CURVE('',#2327,#3417,#7667,.T.);
#7667 = LINE('',#7668,#7669);
#7668 = CARTESIAN_POINT('',(340.95825195312,-16.39999961853,
    117.34099578857));
#7669 = VECTOR('',#7670,1.);
#7670 = DIRECTION('',(0.,-1.,0.));
#7671 = ORIENTED_EDGE('',*,*,#3416,.F.);
#7672 = ORIENTED_EDGE('',*,*,#7093,.F.);
#7673 = PLANE('',#7674);
#7674 = AXIS2_PLACEMENT_3D('',#7675,#7676,#7677);
#7675 = CARTESIAN_POINT('',(341.62841796875,-21.69999980926,
    117.03815841674));
#7676 = DIRECTION('',(0.411791987587,0.,0.911277871431));
#7677 = DIRECTION('',(0.911277871431,0.,-0.411791987587));
#7678 = ADVANCED_FACE('',(#7679),#7690,.T.);
#7679 = FACE_BOUND('',#7680,.T.);
#7680 = EDGE_LOOP('',(#7681,#7682,#7688,#7689));
#7681 = ORIENTED_EDGE('',*,*,#5373,.T.);
#7682 = ORIENTED_EDGE('',*,*,#7683,.T.);
#7683 = EDGE_CURVE('',#5366,#2644,#7684,.T.);
#7684 = LINE('',#7685,#7686);
#7685 = CARTESIAN_POINT('',(340.95825195312,27.,117.34099578857));
#7686 = VECTOR('',#7687,1.);
#7687 = DIRECTION('',(0.,-1.,0.));
#7688 = ORIENTED_EDGE('',*,*,#2643,.T.);
#7689 = ORIENTED_EDGE('',*,*,#7112,.T.);
#7690 = PLANE('',#7691);
#7691 = AXIS2_PLACEMENT_3D('',#7692,#7693,#7694);
#7692 = CARTESIAN_POINT('',(341.62841796875,21.699999809265,
    117.03815841674));
#7693 = DIRECTION('',(0.411791987587,0.,0.911277871431));
#7694 = DIRECTION('',(0.911277871431,0.,-0.411791987587));
#7695 = ADVANCED_FACE('',(#7696),#7707,.T.);
#7696 = FACE_BOUND('',#7697,.T.);
#7697 = EDGE_LOOP('',(#7698,#7699,#7700,#7701));
#7698 = ORIENTED_EDGE('',*,*,#3560,.F.);
#7699 = ORIENTED_EDGE('',*,*,#7178,.F.);
#7700 = ORIENTED_EDGE('',*,*,#6217,.F.);
#7701 = ORIENTED_EDGE('',*,*,#7702,.T.);
#7702 = EDGE_CURVE('',#6210,#3561,#7703,.T.);
#7703 = LINE('',#7704,#7705);
#7704 = CARTESIAN_POINT('',(328.21966552734,-24.5,90.727127075195));
#7705 = VECTOR('',#7706,1.);
#7706 = DIRECTION('',(0.,-1.,0.));
#7707 = PLANE('',#7708);
#7708 = AXIS2_PLACEMENT_3D('',#7709,#7710,#7711);
#7709 = CARTESIAN_POINT('',(329.41476440429,-25.75,93.546569824219));
#7710 = DIRECTION('',(-0.920702473609,-0.,0.390265236845));
#7711 = DIRECTION('',(-0.390265236845,0.,-0.920702473609));
#7712 = ADVANCED_FACE('',(#7713),#7724,.T.);
#7713 = FACE_BOUND('',#7714,.T.);
#7714 = EDGE_LOOP('',(#7715,#7716,#7722,#7723));
#7715 = ORIENTED_EDGE('',*,*,#5238,.F.);
#7716 = ORIENTED_EDGE('',*,*,#7717,.F.);
#7717 = EDGE_CURVE('',#6660,#5231,#7718,.T.);
#7718 = LINE('',#7719,#7720);
#7719 = CARTESIAN_POINT('',(328.21966552734,24.5,90.727127075195));
#7720 = VECTOR('',#7721,1.);
#7721 = DIRECTION('',(0.,1.,0.));
#7722 = ORIENTED_EDGE('',*,*,#6659,.T.);
#7723 = ORIENTED_EDGE('',*,*,#7195,.T.);
#7724 = PLANE('',#7725);
#7725 = AXIS2_PLACEMENT_3D('',#7726,#7727,#7728);
#7726 = CARTESIAN_POINT('',(329.41476440429,25.75,93.546569824219));
#7727 = DIRECTION('',(-0.920702473609,-0.,0.390265236845));
#7728 = DIRECTION('',(-0.390265236845,0.,-0.920702473609));
#7729 = ADVANCED_FACE('',(#7730),#7748,.T.);
#7730 = FACE_BOUND('',#7731,.T.);
#7731 = EDGE_LOOP('',(#7732,#7733,#7734,#7742));
#7732 = ORIENTED_EDGE('',*,*,#4677,.T.);
#7733 = ORIENTED_EDGE('',*,*,#4820,.F.);
#7734 = ORIENTED_EDGE('',*,*,#7735,.F.);
#7735 = EDGE_CURVE('',#7736,#4812,#7738,.T.);
#7736 = VERTEX_POINT('',#7737);
#7737 = CARTESIAN_POINT('',(338.08795166015,-18.10000038147,
    110.91729736328));
#7738 = LINE('',#7739,#7740);
#7739 = CARTESIAN_POINT('',(338.08795166015,-18.10000038147,
    110.91729736328));
#7740 = VECTOR('',#7741,1.);
#7741 = DIRECTION('',(0.688502515435,0.,-0.725233952763));
#7742 = ORIENTED_EDGE('',*,*,#7743,.T.);
#7743 = EDGE_CURVE('',#7736,#4678,#7744,.T.);
#7744 = LINE('',#7745,#7746);
#7745 = CARTESIAN_POINT('',(338.08795166015,-18.10000038147,
    110.91729736328));
#7746 = VECTOR('',#7747,1.);
#7747 = DIRECTION('',(0.,-1.,0.));
#7748 = PLANE('',#7749);
#7749 = AXIS2_PLACEMENT_3D('',#7750,#7751,#7752);
#7750 = CARTESIAN_POINT('',(338.31411743164,-20.10000038147,
    110.67906570434));
#7751 = DIRECTION('',(0.725233952763,0.,0.688502515435));
#7752 = DIRECTION('',(-0.688502515435,0.,0.725233952763));
#7753 = ADVANCED_FACE('',(#7754),#7765,.T.);
#7754 = FACE_BOUND('',#7755,.T.);
#7755 = EDGE_LOOP('',(#7756,#7757,#7758,#7759));
#7756 = ORIENTED_EDGE('',*,*,#7515,.T.);
#7757 = ORIENTED_EDGE('',*,*,#6524,.T.);
#7758 = ORIENTED_EDGE('',*,*,#6428,.F.);
#7759 = ORIENTED_EDGE('',*,*,#7760,.T.);
#7760 = EDGE_CURVE('',#6421,#7516,#7761,.T.);
#7761 = LINE('',#7762,#7763);
#7762 = CARTESIAN_POINT('',(338.08795166015,22.10000038147,
    110.91729736328));
#7763 = VECTOR('',#7764,1.);
#7764 = DIRECTION('',(0.,-1.,0.));
#7765 = PLANE('',#7766);
#7766 = AXIS2_PLACEMENT_3D('',#7767,#7768,#7769);
#7767 = CARTESIAN_POINT('',(338.31411743164,20.10000038147,
    110.67906570434));
#7768 = DIRECTION('',(0.725233952763,0.,0.688502515435));
#7769 = DIRECTION('',(-0.688502515435,0.,0.725233952763));
#7770 = ADVANCED_FACE('',(#7771),#7782,.T.);
#7771 = FACE_BOUND('',#7772,.T.);
#7772 = EDGE_LOOP('',(#7773,#7774,#7780,#7781));
#7773 = ORIENTED_EDGE('',*,*,#6859,.F.);
#7774 = ORIENTED_EDGE('',*,*,#7775,.F.);
#7775 = EDGE_CURVE('',#6018,#6852,#7776,.T.);
#7776 = LINE('',#7777,#7778);
#7777 = CARTESIAN_POINT('',(357.28085327148,-24.5,90.630302429199));
#7778 = VECTOR('',#7779,1.);
#7779 = DIRECTION('',(0.,1.,0.));
#7780 = ORIENTED_EDGE('',*,*,#6017,.T.);
#7781 = ORIENTED_EDGE('',*,*,#7161,.T.);
#7782 = PLANE('',#7783);
#7783 = AXIS2_PLACEMENT_3D('',#7784,#7785,#7786);
#7784 = CARTESIAN_POINT('',(356.48675537109,0.,91.327655792236));
#7785 = DIRECTION('',(-0.659852822192,-0.,-0.751394871586));
#7786 = DIRECTION('',(-0.751394871586,0.,0.659852822192));
#7787 = ADVANCED_FACE('',(#7788),#7799,.T.);
#7788 = FACE_BOUND('',#7789,.T.);
#7789 = EDGE_LOOP('',(#7790,#7791,#7792,#7798));
#7790 = ORIENTED_EDGE('',*,*,#7260,.T.);
#7791 = ORIENTED_EDGE('',*,*,#2827,.T.);
#7792 = ORIENTED_EDGE('',*,*,#7793,.F.);
#7793 = EDGE_CURVE('',#5457,#2820,#7794,.T.);
#7794 = LINE('',#7795,#7796);
#7795 = CARTESIAN_POINT('',(334.78186035156,18.10000038147,
    112.54151153564));
#7796 = VECTOR('',#7797,1.);
#7797 = DIRECTION('',(0.,-1.,0.));
#7798 = ORIENTED_EDGE('',*,*,#5465,.F.);
#7799 = PLANE('',#7800);
#7800 = AXIS2_PLACEMENT_3D('',#7801,#7802,#7803);
#7801 = CARTESIAN_POINT('',(334.75935263543,21.566433224918,
    112.15379624034));
#7802 = DIRECTION('',(-0.998319219547,-0.,5.795460191653E-02));
#7803 = DIRECTION('',(-5.795460191653E-02,0.,-0.998319219547));
#7804 = ADVANCED_FACE('',(#7805),#7816,.T.);
#7805 = FACE_BOUND('',#7806,.T.);
#7806 = EDGE_LOOP('',(#7807,#7808,#7809,#7815));
#7807 = ORIENTED_EDGE('',*,*,#7277,.T.);
#7808 = ORIENTED_EDGE('',*,*,#3930,.F.);
#7809 = ORIENTED_EDGE('',*,*,#7810,.T.);
#7810 = EDGE_CURVE('',#3931,#2151,#7811,.T.);
#7811 = LINE('',#7812,#7813);
#7812 = CARTESIAN_POINT('',(334.78186035156,-18.10000038147,
    112.54151153564));
#7813 = VECTOR('',#7814,1.);
#7814 = DIRECTION('',(0.,1.,0.));
#7815 = ORIENTED_EDGE('',*,*,#2150,.F.);
#7816 = PLANE('',#7817);
#7817 = AXIS2_PLACEMENT_3D('',#7818,#7819,#7820);
#7818 = CARTESIAN_POINT('',(334.75935263543,-21.56643322491,
    112.15379624034));
#7819 = DIRECTION('',(-0.998319219547,-0.,5.795460191653E-02));
#7820 = DIRECTION('',(-5.795460191653E-02,0.,-0.998319219547));
#7821 = ADVANCED_FACE('',(#7822),#7833,.T.);
#7822 = FACE_BOUND('',#7823,.T.);
#7823 = EDGE_LOOP('',(#7824,#7825,#7826,#7827));
#7824 = ORIENTED_EDGE('',*,*,#3568,.F.);
#7825 = ORIENTED_EDGE('',*,*,#7702,.F.);
#7826 = ORIENTED_EDGE('',*,*,#6209,.F.);
#7827 = ORIENTED_EDGE('',*,*,#7828,.T.);
#7828 = EDGE_CURVE('',#6202,#3569,#7829,.T.);
#7829 = LINE('',#7830,#7831);
#7830 = CARTESIAN_POINT('',(325.65148925781,-24.5,85.586639404297));
#7831 = VECTOR('',#7832,1.);
#7832 = DIRECTION('',(0.,-1.,0.));
#7833 = PLANE('',#7834);
#7834 = AXIS2_PLACEMENT_3D('',#7835,#7836,#7837);
#7835 = CARTESIAN_POINT('',(326.93557739257,-25.75,88.156883239746));
#7836 = DIRECTION('',(-0.894571067576,-0.,0.446925726554));
#7837 = DIRECTION('',(-0.446925726554,0.,-0.894571067576));
#7838 = ADVANCED_FACE('',(#7839),#7850,.T.);
#7839 = FACE_BOUND('',#7840,.T.);
#7840 = EDGE_LOOP('',(#7841,#7842,#7848,#7849));
#7841 = ORIENTED_EDGE('',*,*,#5230,.F.);
#7842 = ORIENTED_EDGE('',*,*,#7843,.F.);
#7843 = EDGE_CURVE('',#6668,#5223,#7844,.T.);
#7844 = LINE('',#7845,#7846);
#7845 = CARTESIAN_POINT('',(325.65148925781,24.5,85.586639404297));
#7846 = VECTOR('',#7847,1.);
#7847 = DIRECTION('',(0.,1.,0.));
#7848 = ORIENTED_EDGE('',*,*,#6667,.T.);
#7849 = ORIENTED_EDGE('',*,*,#7717,.T.);
#7850 = PLANE('',#7851);
#7851 = AXIS2_PLACEMENT_3D('',#7852,#7853,#7854);
#7852 = CARTESIAN_POINT('',(326.93557739257,25.75,88.156883239746));
#7853 = DIRECTION('',(-0.894571067576,-0.,0.446925726554));
#7854 = DIRECTION('',(-0.446925726554,0.,-0.894571067576));
#7855 = ADVANCED_FACE('',(#7856),#7867,.T.);
#7856 = FACE_BOUND('',#7857,.T.);
#7857 = EDGE_LOOP('',(#7858,#7859,#7860,#7861));
#7858 = ORIENTED_EDGE('',*,*,#3576,.F.);
#7859 = ORIENTED_EDGE('',*,*,#7828,.F.);
#7860 = ORIENTED_EDGE('',*,*,#6201,.T.);
#7861 = ORIENTED_EDGE('',*,*,#7862,.T.);
#7862 = EDGE_CURVE('',#6194,#3577,#7863,.T.);
#7863 = LINE('',#7864,#7865);
#7864 = CARTESIAN_POINT('',(322.91116333007,-24.5,80.91918182373));
#7865 = VECTOR('',#7866,1.);
#7866 = DIRECTION('',(0.,-1.,0.));
#7867 = PLANE('',#7868);
#7868 = AXIS2_PLACEMENT_3D('',#7869,#7870,#7871);
#7869 = CARTESIAN_POINT('',(324.28132629394,-25.75,83.252910614014));
#7870 = DIRECTION('',(-0.862356796132,-0.,0.506301052898));
#7871 = DIRECTION('',(-0.506301052898,0.,-0.862356796132));
#7872 = ADVANCED_FACE('',(#7873),#7884,.T.);
#7873 = FACE_BOUND('',#7874,.T.);
#7874 = EDGE_LOOP('',(#7875,#7876,#7882,#7883));
#7875 = ORIENTED_EDGE('',*,*,#5222,.F.);
#7876 = ORIENTED_EDGE('',*,*,#7877,.T.);
#7877 = EDGE_CURVE('',#5215,#6676,#7878,.T.);
#7878 = LINE('',#7879,#7880);
#7879 = CARTESIAN_POINT('',(322.91116333007,27.,80.91918182373));
#7880 = VECTOR('',#7881,1.);
#7881 = DIRECTION('',(0.,-1.,0.));
#7882 = ORIENTED_EDGE('',*,*,#6675,.T.);
#7883 = ORIENTED_EDGE('',*,*,#7843,.T.);
#7884 = PLANE('',#7885);
#7885 = AXIS2_PLACEMENT_3D('',#7886,#7887,#7888);
#7886 = CARTESIAN_POINT('',(324.28132629394,25.75,83.252910614014));
#7887 = DIRECTION('',(-0.862356796132,-0.,0.506301052898));
#7888 = DIRECTION('',(-0.506301052898,0.,-0.862356796132));
#7889 = ADVANCED_FACE('',(#7890),#7903,.T.);
#7890 = FACE_BOUND('',#7891,.T.);
#7891 = EDGE_LOOP('',(#7892,#7893,#7894,#7900,#7901,#7902));
#7892 = ORIENTED_EDGE('',*,*,#7320,.F.);
#7893 = ORIENTED_EDGE('',*,*,#3760,.F.);
#7894 = ORIENTED_EDGE('',*,*,#7895,.F.);
#7895 = EDGE_CURVE('',#5039,#3753,#7896,.T.);
#7896 = LINE('',#7897,#7898);
#7897 = CARTESIAN_POINT('',(303.24462890625,27.,56.409980773926));
#7898 = VECTOR('',#7899,1.);
#7899 = DIRECTION('',(0.,-1.,0.));
#7900 = ORIENTED_EDGE('',*,*,#5038,.F.);
#7901 = ORIENTED_EDGE('',*,*,#7335,.F.);
#7902 = ORIENTED_EDGE('',*,*,#7633,.F.);
#7903 = PLANE('',#7904);
#7904 = AXIS2_PLACEMENT_3D('',#7905,#7906,#7907);
#7905 = CARTESIAN_POINT('',(314.16955566406,0.,56.301721572876));
#7906 = DIRECTION('',(-9.908888960616E-03,-0.,-0.999950905755));
#7907 = DIRECTION('',(-0.999950905755,0.,9.908888960616E-03));
#7908 = ADVANCED_FACE('',(#7909),#7920,.T.);
#7909 = FACE_BOUND('',#7910,.T.);
#7910 = EDGE_LOOP('',(#7911,#7912,#7918,#7919));
#7911 = ORIENTED_EDGE('',*,*,#5738,.T.);
#7912 = ORIENTED_EDGE('',*,*,#7913,.T.);
#7913 = EDGE_CURVE('',#5731,#4365,#7914,.T.);
#7914 = LINE('',#7915,#7916);
#7915 = CARTESIAN_POINT('',(345.17306518554,25.89999961853,
    56.202304840088));
#7916 = VECTOR('',#7917,1.);
#7917 = DIRECTION('',(0.,-1.,0.));
#7918 = ORIENTED_EDGE('',*,*,#4364,.T.);
#7919 = ORIENTED_EDGE('',*,*,#7381,.F.);
#7920 = PLANE('',#7921);
#7921 = AXIS2_PLACEMENT_3D('',#7922,#7923,#7924);
#7922 = CARTESIAN_POINT('',(343.70867919921,0.,56.101934432983));
#7923 = DIRECTION('',(6.838051738654E-02,-0.,-0.997659313013));
#7924 = DIRECTION('',(-0.997659313013,0.,-6.838051738654E-02));
#7925 = ADVANCED_FACE('',(#7926),#7937,.T.);
#7926 = FACE_BOUND('',#7927,.T.);
#7927 = EDGE_LOOP('',(#7928,#7929,#7935,#7936));
#7928 = ORIENTED_EDGE('',*,*,#4476,.T.);
#7929 = ORIENTED_EDGE('',*,*,#7930,.F.);
#7930 = EDGE_CURVE('',#5627,#4469,#7931,.T.);
#7931 = LINE('',#7932,#7933);
#7932 = CARTESIAN_POINT('',(363.02645874023,25.89999961853,
    82.504188537598));
#7933 = VECTOR('',#7934,1.);
#7934 = DIRECTION('',(0.,-1.,0.));
#7935 = ORIENTED_EDGE('',*,*,#5626,.T.);
#7936 = ORIENTED_EDGE('',*,*,#7649,.T.);
#7937 = PLANE('',#7938);
#7938 = AXIS2_PLACEMENT_3D('',#7939,#7940,#7941);
#7939 = CARTESIAN_POINT('',(362.98612976074,0.,82.66402053833));
#7940 = DIRECTION('',(0.969610653176,0.,0.244653185646));
#7941 = DIRECTION('',(-0.244653185646,0.,0.969610653176));
#7942 = ADVANCED_FACE('',(#7943),#7954,.T.);
#7943 = FACE_BOUND('',#7944,.T.);
#7944 = EDGE_LOOP('',(#7945,#7946,#7947,#7948));
#7945 = ORIENTED_EDGE('',*,*,#2262,.F.);
#7946 = ORIENTED_EDGE('',*,*,#7433,.F.);
#7947 = ORIENTED_EDGE('',*,*,#4749,.T.);
#7948 = ORIENTED_EDGE('',*,*,#7949,.T.);
#7949 = EDGE_CURVE('',#4742,#2263,#7950,.T.);
#7950 = LINE('',#7951,#7952);
#7951 = CARTESIAN_POINT('',(340.51876831054,-22.10000038147,
    114.08701324462));
#7952 = VECTOR('',#7953,1.);
#7953 = DIRECTION('',(0.,1.,0.));
#7954 = PLANE('',#7955);
#7955 = AXIS2_PLACEMENT_3D('',#7956,#7957,#7958);
#7956 = CARTESIAN_POINT('',(340.80749511718,-19.25,113.93033218383));
#7957 = DIRECTION('',(-0.476959368318,-0.,-0.878925344369));
#7958 = DIRECTION('',(-0.878925344369,0.,0.476959368318));
#7959 = ADVANCED_FACE('',(#7960),#7971,.T.);
#7960 = FACE_BOUND('',#7961,.T.);
#7961 = EDGE_LOOP('',(#7962,#7963,#7964,#7965));
#7962 = ORIENTED_EDGE('',*,*,#6356,.F.);
#7963 = ORIENTED_EDGE('',*,*,#7451,.F.);
#7964 = ORIENTED_EDGE('',*,*,#2715,.T.);
#7965 = ORIENTED_EDGE('',*,*,#7966,.F.);
#7966 = EDGE_CURVE('',#6357,#2708,#7967,.T.);
#7967 = LINE('',#7968,#7969);
#7968 = CARTESIAN_POINT('',(340.51876831054,22.10000038147,
    114.08701324462));
#7969 = VECTOR('',#7970,1.);
#7970 = DIRECTION('',(0.,-1.,0.));
#7971 = PLANE('',#7972);
#7972 = AXIS2_PLACEMENT_3D('',#7973,#7974,#7975);
#7973 = CARTESIAN_POINT('',(340.80749511718,19.25,113.93033218383));
#7974 = DIRECTION('',(-0.476959368318,-0.,-0.878925344369));
#7975 = DIRECTION('',(-0.878925344369,0.,0.476959368318));
#7976 = ADVANCED_FACE('',(#7977),#8082,.T.);
#7977 = FACE_BOUND('',#7978,.T.);
#7978 = EDGE_LOOP('',(#7979,#7980,#7981,#7987,#7988,#7996,#8002,#8003,
    #8011,#8019,#8025,#8026,#8034,#8042,#8050,#8058,#8066,#8074,#8080,
    #8081));
#7979 = ORIENTED_EDGE('',*,*,#7244,.F.);
#7980 = ORIENTED_EDGE('',*,*,#7499,.F.);
#7981 = ORIENTED_EDGE('',*,*,#7982,.F.);
#7982 = EDGE_CURVE('',#3931,#7492,#7983,.T.);
#7983 = LINE('',#7984,#7985);
#7984 = CARTESIAN_POINT('',(334.78186035156,-18.10000038147,
    112.54151153564));
#7985 = VECTOR('',#7986,1.);
#7986 = DIRECTION('',(0.943547344872,0.,-0.331237691069));
#7987 = ORIENTED_EDGE('',*,*,#3961,.F.);
#7988 = ORIENTED_EDGE('',*,*,#7989,.F.);
#7989 = EDGE_CURVE('',#7990,#3953,#7992,.T.);
#7990 = VERTEX_POINT('',#7991);
#7991 = CARTESIAN_POINT('',(335.2723083496,-18.10000038147,
    114.8237991333));
#7992 = LINE('',#7993,#7994);
#7993 = CARTESIAN_POINT('',(335.2723083496,-18.10000038147,
    114.8237991333));
#7994 = VECTOR('',#7995,1.);
#7995 = DIRECTION('',(-0.307895377747,0.,-0.951420220703));
#7996 = ORIENTED_EDGE('',*,*,#7997,.F.);
#7997 = EDGE_CURVE('',#3892,#7990,#7998,.T.);
#7998 = LINE('',#7999,#8000);
#7999 = CARTESIAN_POINT('',(335.96612548828,-18.10000038147,
    115.94979095459));
#8000 = VECTOR('',#8001,1.);
#8001 = DIRECTION('',(-0.524590411251,0.,-0.851354744171));
#8002 = ORIENTED_EDGE('',*,*,#3899,.F.);
#8003 = ORIENTED_EDGE('',*,*,#8004,.T.);
#8004 = EDGE_CURVE('',#3884,#8005,#8007,.T.);
#8005 = VERTEX_POINT('',#8006);
#8006 = CARTESIAN_POINT('',(336.77233886718,-18.10000038147,
    116.14865875244));
#8007 = LINE('',#8008,#8009);
#8008 = CARTESIAN_POINT('',(336.44674682617,-18.10000038147,
    116.44738769531));
#8009 = VECTOR('',#8010,1.);
#8010 = DIRECTION('',(0.736850181433,0.,-0.67605607025));
#8011 = ORIENTED_EDGE('',*,*,#8012,.T.);
#8012 = EDGE_CURVE('',#8005,#8013,#8015,.T.);
#8013 = VERTEX_POINT('',#8014);
#8014 = CARTESIAN_POINT('',(337.13647460937,-18.10000038147,
    115.90003204345));
#8015 = LINE('',#8016,#8017);
#8016 = CARTESIAN_POINT('',(336.77233886718,-18.10000038147,
    116.14865875244));
#8017 = VECTOR('',#8018,1.);
#8018 = DIRECTION('',(0.825855225696,0.,-0.5638822095));
#8019 = ORIENTED_EDGE('',*,*,#8020,.T.);
#8020 = EDGE_CURVE('',#8013,#4835,#8021,.T.);
#8021 = LINE('',#8022,#8023);
#8022 = CARTESIAN_POINT('',(337.13647460937,-18.10000038147,
    115.90003204345));
#8023 = VECTOR('',#8024,1.);
#8024 = DIRECTION('',(0.873969824722,0.,-0.485980190414));
#8025 = ORIENTED_EDGE('',*,*,#4857,.T.);
#8026 = ORIENTED_EDGE('',*,*,#8027,.T.);
#8027 = EDGE_CURVE('',#4858,#8028,#8030,.T.);
#8028 = VERTEX_POINT('',#8029);
#8029 = CARTESIAN_POINT('',(339.2212524414,-18.10000038147,
    114.12060546875));
#8030 = LINE('',#8031,#8032);
#8031 = CARTESIAN_POINT('',(339.87268066406,-18.10000038147,
    114.20658874511));
#8032 = VECTOR('',#8033,1.);
#8033 = DIRECTION('',(-0.991401256534,0.,-0.130856977433));
#8034 = ORIENTED_EDGE('',*,*,#8035,.T.);
#8035 = EDGE_CURVE('',#8028,#8036,#8038,.T.);
#8036 = VERTEX_POINT('',#8037);
#8037 = CARTESIAN_POINT('',(338.62835693359,-18.10000038147,
    113.837600708));
#8038 = LINE('',#8039,#8040);
#8039 = CARTESIAN_POINT('',(339.2212524414,-18.10000038147,
    114.12060546875));
#8040 = VECTOR('',#8041,1.);
#8041 = DIRECTION('',(-0.902462159227,0.,-0.430769139057));
#8042 = ORIENTED_EDGE('',*,*,#8043,.T.);
#8043 = EDGE_CURVE('',#8036,#8044,#8046,.T.);
#8044 = VERTEX_POINT('',#8045);
#8045 = CARTESIAN_POINT('',(338.15188598632,-18.10000038147,
    113.38516235351));
#8046 = LINE('',#8047,#8048);
#8047 = CARTESIAN_POINT('',(338.62835693359,-18.10000038147,
    113.837600708));
#8048 = VECTOR('',#8049,1.);
#8049 = DIRECTION('',(-0.725158282138,0.,-0.688582214298));
#8050 = ORIENTED_EDGE('',*,*,#8051,.T.);
#8051 = EDGE_CURVE('',#8044,#8052,#8054,.T.);
#8052 = VERTEX_POINT('',#8053);
#8053 = CARTESIAN_POINT('',(337.83853149414,-18.10000038147,
    112.80771636962));
#8054 = LINE('',#8055,#8056);
#8055 = CARTESIAN_POINT('',(338.15188598632,-18.10000038147,
    113.38516235351));
#8056 = VECTOR('',#8057,1.);
#8057 = DIRECTION('',(-0.476955265582,0.,-0.878927570755));
#8058 = ORIENTED_EDGE('',*,*,#8059,.T.);
#8059 = EDGE_CURVE('',#8052,#8060,#8062,.T.);
#8060 = VERTEX_POINT('',#8061);
#8061 = CARTESIAN_POINT('',(337.71896362304,-18.10000038147,
    112.16162872314));
#8062 = LINE('',#8063,#8064);
#8063 = CARTESIAN_POINT('',(337.83853149414,-18.10000038147,
    112.80771636962));
#8064 = VECTOR('',#8065,1.);
#8065 = DIRECTION('',(-0.181974499716,0.,-0.983303249996));
#8066 = ORIENTED_EDGE('',*,*,#8067,.T.);
#8067 = EDGE_CURVE('',#8060,#8068,#8070,.T.);
#8068 = VERTEX_POINT('',#8069);
#8069 = CARTESIAN_POINT('',(337.80493164062,-18.10000038147,
    111.51029205322));
#8070 = LINE('',#8071,#8072);
#8071 = CARTESIAN_POINT('',(337.71896362304,-18.10000038147,
    112.16162872314));
#8072 = VECTOR('',#8073,1.);
#8073 = DIRECTION('',(0.130852228155,0.,-0.991401883389));
#8074 = ORIENTED_EDGE('',*,*,#8075,.T.);
#8075 = EDGE_CURVE('',#8068,#7736,#8076,.T.);
#8076 = LINE('',#8077,#8078);
#8077 = CARTESIAN_POINT('',(337.80493164062,-18.10000038147,
    111.51029205322));
#8078 = VECTOR('',#8079,1.);
#8079 = DIRECTION('',(0.430729371283,0.,-0.902481140365));
#8080 = ORIENTED_EDGE('',*,*,#7735,.T.);
#8081 = ORIENTED_EDGE('',*,*,#4811,.T.);
#8082 = PLANE('',#8083);
#8083 = AXIS2_PLACEMENT_3D('',#8084,#8085,#8086);
#8084 = CARTESIAN_POINT('',(337.33454058759,-18.10000038147,
    113.40720976997));
#8085 = DIRECTION('',(0.,1.,0.));
#8086 = DIRECTION('',(0.,-0.,1.));
#8087 = ADVANCED_FACE('',(#8088),#8099,.T.);
#8088 = FACE_BOUND('',#8089,.T.);
#8089 = EDGE_LOOP('',(#8090,#8091,#8092,#8093));
#8090 = ORIENTED_EDGE('',*,*,#4685,.T.);
#8091 = ORIENTED_EDGE('',*,*,#7743,.F.);
#8092 = ORIENTED_EDGE('',*,*,#8075,.F.);
#8093 = ORIENTED_EDGE('',*,*,#8094,.T.);
#8094 = EDGE_CURVE('',#8068,#4686,#8095,.T.);
#8095 = LINE('',#8096,#8097);
#8096 = CARTESIAN_POINT('',(337.80493164062,-18.10000038147,
    111.51029205322));
#8097 = VECTOR('',#8098,1.);
#8098 = DIRECTION('',(0.,-1.,0.));
#8099 = PLANE('',#8100);
#8100 = AXIS2_PLACEMENT_3D('',#8101,#8102,#8103);
#8101 = CARTESIAN_POINT('',(337.94644165039,-20.10000038147,
    111.21379470825));
#8102 = DIRECTION('',(0.902481140365,0.,0.430729371283));
#8103 = DIRECTION('',(-0.430729371283,0.,0.902481140365));
#8104 = ADVANCED_FACE('',(#8105),#8116,.T.);
#8105 = FACE_BOUND('',#8106,.T.);
#8106 = EDGE_LOOP('',(#8107,#8108,#8109,#8110));
#8107 = ORIENTED_EDGE('',*,*,#7523,.T.);
#8108 = ORIENTED_EDGE('',*,*,#7760,.F.);
#8109 = ORIENTED_EDGE('',*,*,#6420,.F.);
#8110 = ORIENTED_EDGE('',*,*,#8111,.T.);
#8111 = EDGE_CURVE('',#6413,#7524,#8112,.T.);
#8112 = LINE('',#8113,#8114);
#8113 = CARTESIAN_POINT('',(337.80493164062,22.10000038147,
    111.51029205322));
#8114 = VECTOR('',#8115,1.);
#8115 = DIRECTION('',(0.,-1.,0.));
#8116 = PLANE('',#8117);
#8117 = AXIS2_PLACEMENT_3D('',#8118,#8119,#8120);
#8118 = CARTESIAN_POINT('',(337.94644165039,20.10000038147,
    111.21379470825));
#8119 = DIRECTION('',(0.902481140365,0.,0.430729371283));
#8120 = DIRECTION('',(-0.430729371283,0.,0.902481140365));
#8121 = ADVANCED_FACE('',(#8122),#8133,.T.);
#8122 = FACE_BOUND('',#8123,.T.);
#8123 = EDGE_LOOP('',(#8124,#8125,#8126,#8132));
#8124 = ORIENTED_EDGE('',*,*,#7775,.T.);
#8125 = ORIENTED_EDGE('',*,*,#6851,.F.);
#8126 = ORIENTED_EDGE('',*,*,#8127,.F.);
#8127 = EDGE_CURVE('',#6026,#6844,#8128,.T.);
#8128 = LINE('',#8129,#8130);
#8129 = CARTESIAN_POINT('',(358.55084228515,-24.5,89.046813964844));
#8130 = VECTOR('',#8131,1.);
#8131 = DIRECTION('',(0.,1.,0.));
#8132 = ORIENTED_EDGE('',*,*,#6025,.T.);
#8133 = PLANE('',#8134);
#8134 = AXIS2_PLACEMENT_3D('',#8135,#8136,#8137);
#8135 = CARTESIAN_POINT('',(357.91584777832,-4.177217911731E-16,
    89.838558197021));
#8136 = DIRECTION('',(-0.7800996321,-0.,-0.625655307656));
#8137 = DIRECTION('',(0.625655307656,0.,-0.7800996321));
#8138 = ADVANCED_FACE('',(#8139),#8145,.T.);
#8139 = FACE_BOUND('',#8140,.T.);
#8140 = EDGE_LOOP('',(#8141,#8142,#8143,#8144));
#8141 = ORIENTED_EDGE('',*,*,#7616,.F.);
#8142 = ORIENTED_EDGE('',*,*,#7793,.T.);
#8143 = ORIENTED_EDGE('',*,*,#2819,.T.);
#8144 = ORIENTED_EDGE('',*,*,#7473,.T.);
#8145 = PLANE('',#8146);
#8146 = AXIS2_PLACEMENT_3D('',#8147,#8148,#8149);
#8147 = CARTESIAN_POINT('',(334.91194152832,17.25,112.49584579467));
#8148 = DIRECTION('',(0.331237691069,0.,0.943547344872));
#8149 = DIRECTION('',(0.943547344872,0.,-0.331237691069));
#8150 = ADVANCED_FACE('',(#8151),#8157,.T.);
#8151 = FACE_BOUND('',#8152,.T.);
#8152 = EDGE_LOOP('',(#8153,#8154,#8155,#8156));
#8153 = ORIENTED_EDGE('',*,*,#2158,.F.);
#8154 = ORIENTED_EDGE('',*,*,#7810,.F.);
#8155 = ORIENTED_EDGE('',*,*,#7982,.T.);
#8156 = ORIENTED_EDGE('',*,*,#7491,.T.);
#8157 = PLANE('',#8158);
#8158 = AXIS2_PLACEMENT_3D('',#8159,#8160,#8161);
#8159 = CARTESIAN_POINT('',(334.91194152832,-17.25,112.49584579467));
#8160 = DIRECTION('',(0.331237691069,0.,0.943547344872));
#8161 = DIRECTION('',(0.943547344872,0.,-0.331237691069));
#8162 = ADVANCED_FACE('',(#8163),#8174,.T.);
#8163 = FACE_BOUND('',#8164,.T.);
#8164 = EDGE_LOOP('',(#8165,#8166,#8167,#8168));
#8165 = ORIENTED_EDGE('',*,*,#3584,.F.);
#8166 = ORIENTED_EDGE('',*,*,#7862,.F.);
#8167 = ORIENTED_EDGE('',*,*,#6193,.F.);
#8168 = ORIENTED_EDGE('',*,*,#8169,.T.);
#8169 = EDGE_CURVE('',#6186,#3585,#8170,.T.);
#8170 = LINE('',#8171,#8172);
#8171 = CARTESIAN_POINT('',(319.75988769531,-24.5,76.373733520508));
#8172 = VECTOR('',#8173,1.);
#8173 = DIRECTION('',(0.,-1.,0.));
#8174 = PLANE('',#8175);
#8175 = AXIS2_PLACEMENT_3D('',#8176,#8177,#8178);
#8176 = CARTESIAN_POINT('',(321.33552551269,-25.75,78.646457672119));
#8177 = DIRECTION('',(-0.82181744162,-0.,0.569750904035));
#8178 = DIRECTION('',(-0.569750904035,0.,-0.82181744162));
#8179 = ADVANCED_FACE('',(#8180),#8191,.T.);
#8180 = FACE_BOUND('',#8181,.T.);
#8181 = EDGE_LOOP('',(#8182,#8188,#8189,#8190));
#8182 = ORIENTED_EDGE('',*,*,#8183,.F.);
#8183 = EDGE_CURVE('',#6684,#5207,#8184,.T.);
#8184 = LINE('',#8185,#8186);
#8185 = CARTESIAN_POINT('',(319.75988769531,24.5,76.373733520508));
#8186 = VECTOR('',#8187,1.);
#8187 = DIRECTION('',(0.,1.,0.));
#8188 = ORIENTED_EDGE('',*,*,#6683,.T.);
#8189 = ORIENTED_EDGE('',*,*,#7877,.F.);
#8190 = ORIENTED_EDGE('',*,*,#5214,.F.);
#8191 = PLANE('',#8192);
#8192 = AXIS2_PLACEMENT_3D('',#8193,#8194,#8195);
#8193 = CARTESIAN_POINT('',(321.33552551269,25.75,78.646457672119));
#8194 = DIRECTION('',(-0.82181744162,-0.,0.569750904035));
#8195 = DIRECTION('',(-0.569750904035,0.,-0.82181744162));
#8196 = ADVANCED_FACE('',(#8197),#8213,.T.);
#8197 = FACE_BOUND('',#8198,.T.);
#8198 = EDGE_LOOP('',(#8199,#8200,#8206,#8207));
#8199 = ORIENTED_EDGE('',*,*,#5698,.T.);
#8200 = ORIENTED_EDGE('',*,*,#8201,.T.);
#8201 = EDGE_CURVE('',#5691,#4405,#8202,.T.);
#8202 = LINE('',#8203,#8204);
#8203 = CARTESIAN_POINT('',(357.71127319335,25.89999961853,
    62.488349914551));
#8204 = VECTOR('',#8205,1.);
#8205 = DIRECTION('',(0.,-1.,0.));
#8206 = ORIENTED_EDGE('',*,*,#4404,.T.);
#8207 = ORIENTED_EDGE('',*,*,#8208,.F.);
#8208 = EDGE_CURVE('',#5699,#4397,#8209,.T.);
#8209 = LINE('',#8210,#8211);
#8210 = CARTESIAN_POINT('',(355.60382080078,25.89999961853,
    60.680721282959));
#8211 = VECTOR('',#8212,1.);
#8212 = DIRECTION('',(0.,-1.,0.));
#8213 = PLANE('',#8214);
#8214 = AXIS2_PLACEMENT_3D('',#8215,#8216,#8217);
#8215 = CARTESIAN_POINT('',(356.65754699707,0.,61.584535598755));
#8216 = DIRECTION('',(0.651048972061,-0.,-0.759035727735));
#8217 = DIRECTION('',(-0.759035727735,0.,-0.651048972061));
#8218 = ADVANCED_FACE('',(#8219),#8230,.T.);
#8219 = FACE_BOUND('',#8220,.T.);
#8220 = EDGE_LOOP('',(#8221,#8222,#8228,#8229));
#8221 = ORIENTED_EDGE('',*,*,#4468,.T.);
#8222 = ORIENTED_EDGE('',*,*,#8223,.F.);
#8223 = EDGE_CURVE('',#5635,#4461,#8224,.T.);
#8224 = LINE('',#8225,#8226);
#8225 = CARTESIAN_POINT('',(363.56372070312,25.89999961853,
    79.421592712402));
#8226 = VECTOR('',#8227,1.);
#8227 = DIRECTION('',(0.,-1.,0.));
#8228 = ORIENTED_EDGE('',*,*,#5634,.T.);
#8229 = ORIENTED_EDGE('',*,*,#7930,.T.);
#8230 = PLANE('',#8231);
#8231 = AXIS2_PLACEMENT_3D('',#8232,#8233,#8234);
#8232 = CARTESIAN_POINT('',(363.29508972168,0.,80.962890625));
#8233 = DIRECTION('',(0.985149198907,0.,0.171700483086));
#8234 = DIRECTION('',(-0.171700483086,0.,0.985149198907));
#8235 = ADVANCED_FACE('',(#8236),#8247,.T.);
#8236 = FACE_BOUND('',#8237,.T.);
#8237 = EDGE_LOOP('',(#8238,#8239,#8245,#8246));
#8238 = ORIENTED_EDGE('',*,*,#2326,.F.);
#8239 = ORIENTED_EDGE('',*,*,#8240,.T.);
#8240 = EDGE_CURVE('',#2319,#3425,#8241,.T.);
#8241 = LINE('',#8242,#8243);
#8242 = CARTESIAN_POINT('',(339.54946899414,-16.39999961853,
    117.56895446777));
#8243 = VECTOR('',#8244,1.);
#8244 = DIRECTION('',(0.,-1.,0.));
#8245 = ORIENTED_EDGE('',*,*,#3424,.F.);
#8246 = ORIENTED_EDGE('',*,*,#7666,.F.);
#8247 = PLANE('',#8248);
#8248 = AXIS2_PLACEMENT_3D('',#8249,#8250,#8251);
#8249 = CARTESIAN_POINT('',(340.25386047363,-21.69999980926,
    117.45497512817));
#8250 = DIRECTION('',(0.159734811936,0.,0.987159961635));
#8251 = DIRECTION('',(0.987159961635,0.,-0.159734811936));
#8252 = ADVANCED_FACE('',(#8253),#8264,.T.);
#8253 = FACE_BOUND('',#8254,.T.);
#8254 = EDGE_LOOP('',(#8255,#8256,#8262,#8263));
#8255 = ORIENTED_EDGE('',*,*,#5365,.T.);
#8256 = ORIENTED_EDGE('',*,*,#8257,.T.);
#8257 = EDGE_CURVE('',#5358,#2652,#8258,.T.);
#8258 = LINE('',#8259,#8260);
#8259 = CARTESIAN_POINT('',(339.54946899414,27.,117.56895446777));
#8260 = VECTOR('',#8261,1.);
#8261 = DIRECTION('',(0.,-1.,0.));
#8262 = ORIENTED_EDGE('',*,*,#2651,.T.);
#8263 = ORIENTED_EDGE('',*,*,#7683,.F.);
#8264 = PLANE('',#8265);
#8265 = AXIS2_PLACEMENT_3D('',#8266,#8267,#8268);
#8266 = CARTESIAN_POINT('',(340.25386047363,21.699999809265,
    117.45497512817));
#8267 = DIRECTION('',(0.159734811936,0.,0.987159961635));
#8268 = DIRECTION('',(0.987159961635,0.,-0.159734811936));
#8269 = ADVANCED_FACE('',(#8270),#8281,.T.);
#8270 = FACE_BOUND('',#8271,.T.);
#8271 = EDGE_LOOP('',(#8272,#8273,#8279,#8280));
#8272 = ORIENTED_EDGE('',*,*,#3464,.F.);
#8273 = ORIENTED_EDGE('',*,*,#8274,.F.);
#8274 = EDGE_CURVE('',#7990,#3457,#8275,.T.);
#8275 = LINE('',#8276,#8277);
#8276 = CARTESIAN_POINT('',(335.2723083496,-18.10000038147,
    114.8237991333));
#8277 = VECTOR('',#8278,1.);
#8278 = DIRECTION('',(0.,-1.,0.));
#8279 = ORIENTED_EDGE('',*,*,#7989,.T.);
#8280 = ORIENTED_EDGE('',*,*,#3952,.T.);
#8281 = PLANE('',#8282);
#8282 = AXIS2_PLACEMENT_3D('',#8283,#8284,#8285);
#8283 = CARTESIAN_POINT('',(335.12239074707,-22.55000019073,
    114.36054229736));
#8284 = DIRECTION('',(-0.951420220703,-0.,0.307895377747));
#8285 = DIRECTION('',(-0.307895377747,0.,-0.951420220703));
#8286 = ADVANCED_FACE('',(#8287),#8298,.T.);
#8287 = FACE_BOUND('',#8288,.T.);
#8288 = EDGE_LOOP('',(#8289,#8295,#8296,#8297));
#8289 = ORIENTED_EDGE('',*,*,#8290,.F.);
#8290 = EDGE_CURVE('',#5326,#7602,#8291,.T.);
#8291 = LINE('',#8292,#8293);
#8292 = CARTESIAN_POINT('',(335.2723083496,27.,114.8237991333));
#8293 = VECTOR('',#8294,1.);
#8294 = DIRECTION('',(0.,-1.,0.));
#8295 = ORIENTED_EDGE('',*,*,#5325,.T.);
#8296 = ORIENTED_EDGE('',*,*,#5487,.T.);
#8297 = ORIENTED_EDGE('',*,*,#7609,.F.);
#8298 = PLANE('',#8299);
#8299 = AXIS2_PLACEMENT_3D('',#8300,#8301,#8302);
#8300 = CARTESIAN_POINT('',(335.12239074707,22.550000190735,
    114.36054229736));
#8301 = DIRECTION('',(-0.951420220703,-0.,0.307895377747));
#8302 = DIRECTION('',(-0.307895377747,0.,-0.951420220703));
#8303 = ADVANCED_FACE('',(#8304),#8315,.T.);
#8304 = FACE_BOUND('',#8305,.T.);
#8305 = EDGE_LOOP('',(#8306,#8307,#8308,#8314));
#8306 = ORIENTED_EDGE('',*,*,#7949,.F.);
#8307 = ORIENTED_EDGE('',*,*,#4834,.F.);
#8308 = ORIENTED_EDGE('',*,*,#8309,.F.);
#8309 = EDGE_CURVE('',#2271,#4835,#8310,.T.);
#8310 = LINE('',#8311,#8312);
#8311 = CARTESIAN_POINT('',(340.26849365234,-16.39999961853,
    114.15843963623));
#8312 = VECTOR('',#8313,1.);
#8313 = DIRECTION('',(0.,-1.,0.));
#8314 = ORIENTED_EDGE('',*,*,#2270,.F.);
#8315 = PLANE('',#8316);
#8316 = AXIS2_PLACEMENT_3D('',#8317,#8318,#8319);
#8317 = CARTESIAN_POINT('',(340.43652763153,-19.1870477552,
    114.11048407857));
#8318 = DIRECTION('',(-0.27443461602,-0.,-0.961605762009));
#8319 = DIRECTION('',(-0.961605762009,0.,0.27443461602));
#8320 = ADVANCED_FACE('',(#8321),#8332,.T.);
#8321 = FACE_BOUND('',#8322,.T.);
#8322 = EDGE_LOOP('',(#8323,#8324,#8325,#8331));
#8323 = ORIENTED_EDGE('',*,*,#7966,.T.);
#8324 = ORIENTED_EDGE('',*,*,#2707,.T.);
#8325 = ORIENTED_EDGE('',*,*,#8326,.T.);
#8326 = EDGE_CURVE('',#2700,#6457,#8327,.T.);
#8327 = LINE('',#8328,#8329);
#8328 = CARTESIAN_POINT('',(340.26849365234,16.39999961853,
    114.15843963623));
#8329 = VECTOR('',#8330,1.);
#8330 = DIRECTION('',(0.,1.,0.));
#8331 = ORIENTED_EDGE('',*,*,#6456,.F.);
#8332 = PLANE('',#8333);
#8333 = AXIS2_PLACEMENT_3D('',#8334,#8335,#8336);
#8334 = CARTESIAN_POINT('',(340.43652763153,19.187047755202,
    114.11048407857));
#8335 = DIRECTION('',(-0.27443461602,-0.,-0.961605762009));
#8336 = DIRECTION('',(-0.961605762009,0.,0.27443461602));
#8337 = ADVANCED_FACE('',(#8338),#8349,.T.);
#8338 = FACE_BOUND('',#8339,.T.);
#8339 = EDGE_LOOP('',(#8340,#8341,#8342,#8343));
#8340 = ORIENTED_EDGE('',*,*,#4693,.T.);
#8341 = ORIENTED_EDGE('',*,*,#8094,.F.);
#8342 = ORIENTED_EDGE('',*,*,#8067,.F.);
#8343 = ORIENTED_EDGE('',*,*,#8344,.T.);
#8344 = EDGE_CURVE('',#8060,#4694,#8345,.T.);
#8345 = LINE('',#8346,#8347);
#8346 = CARTESIAN_POINT('',(337.71896362304,-18.10000038147,
    112.16162872314));
#8347 = VECTOR('',#8348,1.);
#8348 = DIRECTION('',(0.,-1.,0.));
#8349 = PLANE('',#8350);
#8350 = AXIS2_PLACEMENT_3D('',#8351,#8352,#8353);
#8351 = CARTESIAN_POINT('',(337.76194763183,-20.10000038147,
    111.83596038818));
#8352 = DIRECTION('',(0.991401883389,0.,0.130852228155));
#8353 = DIRECTION('',(-0.130852228155,0.,0.991401883389));
#8354 = ADVANCED_FACE('',(#8355),#8366,.T.);
#8355 = FACE_BOUND('',#8356,.T.);
#8356 = EDGE_LOOP('',(#8357,#8358,#8359,#8360));
#8357 = ORIENTED_EDGE('',*,*,#7531,.T.);
#8358 = ORIENTED_EDGE('',*,*,#8111,.F.);
#8359 = ORIENTED_EDGE('',*,*,#6412,.F.);
#8360 = ORIENTED_EDGE('',*,*,#8361,.T.);
#8361 = EDGE_CURVE('',#6405,#7532,#8362,.T.);
#8362 = LINE('',#8363,#8364);
#8363 = CARTESIAN_POINT('',(337.71896362304,22.10000038147,
    112.16162872314));
#8364 = VECTOR('',#8365,1.);
#8365 = DIRECTION('',(0.,-1.,0.));
#8366 = PLANE('',#8367);
#8367 = AXIS2_PLACEMENT_3D('',#8368,#8369,#8370);
#8368 = CARTESIAN_POINT('',(337.76194763183,20.10000038147,
    111.83596038818));
#8369 = DIRECTION('',(0.991401883389,0.,0.130852228155));
#8370 = DIRECTION('',(-0.130852228155,0.,0.991401883389));
#8371 = ADVANCED_FACE('',(#8372),#8383,.T.);
#8372 = FACE_BOUND('',#8373,.T.);
#8373 = EDGE_LOOP('',(#8374,#8375,#8376,#8382));
#8374 = ORIENTED_EDGE('',*,*,#8127,.T.);
#8375 = ORIENTED_EDGE('',*,*,#6843,.F.);
#8376 = ORIENTED_EDGE('',*,*,#8377,.F.);
#8377 = EDGE_CURVE('',#6034,#6836,#8378,.T.);
#8378 = LINE('',#8379,#8380);
#8379 = CARTESIAN_POINT('',(359.7544555664,-24.5,86.894493103027));
#8380 = VECTOR('',#8381,1.);
#8381 = DIRECTION('',(0.,1.,0.));
#8382 = ORIENTED_EDGE('',*,*,#6033,.T.);
#8383 = PLANE('',#8384);
#8384 = AXIS2_PLACEMENT_3D('',#8385,#8386,#8387);
#8385 = CARTESIAN_POINT('',(359.15264892578,0.,87.970653533936));
#8386 = DIRECTION('',(-0.872797396682,-0.,-0.488082681873));
#8387 = DIRECTION('',(0.488082681873,0.,-0.872797396682));
#8388 = ADVANCED_FACE('',(#8389),#8400,.T.);
#8389 = FACE_BOUND('',#8390,.T.);
#8390 = EDGE_LOOP('',(#8391,#8392,#8398,#8399));
#8391 = ORIENTED_EDGE('',*,*,#6185,.F.);
#8392 = ORIENTED_EDGE('',*,*,#8393,.T.);
#8393 = EDGE_CURVE('',#6178,#3593,#8394,.T.);
#8394 = LINE('',#8395,#8396);
#8395 = CARTESIAN_POINT('',(316.49011230468,-24.5,72.362655639648));
#8396 = VECTOR('',#8397,1.);
#8397 = DIRECTION('',(0.,-1.,0.));
#8398 = ORIENTED_EDGE('',*,*,#3592,.F.);
#8399 = ORIENTED_EDGE('',*,*,#8169,.F.);
#8400 = PLANE('',#8401);
#8401 = AXIS2_PLACEMENT_3D('',#8402,#8403,#8404);
#8402 = CARTESIAN_POINT('',(318.125,-25.75,74.368194580078));
#8403 = DIRECTION('',(-0.775093998181,-0.,0.631845941653));
#8404 = DIRECTION('',(-0.631845941653,0.,-0.775093998181));
#8405 = ADVANCED_FACE('',(#8406),#8417,.T.);
#8406 = FACE_BOUND('',#8407,.T.);
#8407 = EDGE_LOOP('',(#8408,#8409,#8415,#8416));
#8408 = ORIENTED_EDGE('',*,*,#5206,.F.);
#8409 = ORIENTED_EDGE('',*,*,#8410,.F.);
#8410 = EDGE_CURVE('',#6692,#5199,#8411,.T.);
#8411 = LINE('',#8412,#8413);
#8412 = CARTESIAN_POINT('',(316.49011230468,24.5,72.362655639648));
#8413 = VECTOR('',#8414,1.);
#8414 = DIRECTION('',(0.,1.,0.));
#8415 = ORIENTED_EDGE('',*,*,#6691,.T.);
#8416 = ORIENTED_EDGE('',*,*,#8183,.T.);
#8417 = PLANE('',#8418);
#8418 = AXIS2_PLACEMENT_3D('',#8419,#8420,#8421);
#8419 = CARTESIAN_POINT('',(318.125,25.75,74.368194580078));
#8420 = DIRECTION('',(-0.775093998181,-0.,0.631845941653));
#8421 = DIRECTION('',(-0.631845941653,0.,-0.775093998181));
#8422 = ADVANCED_FACE('',(#8423),#8439,.T.);
#8423 = FACE_BOUND('',#8424,.T.);
#8424 = EDGE_LOOP('',(#8425,#8426,#8432,#8433));
#8425 = ORIENTED_EDGE('',*,*,#3861,.T.);
#8426 = ORIENTED_EDGE('',*,*,#8427,.F.);
#8427 = EDGE_CURVE('',#5427,#3852,#8428,.T.);
#8428 = LINE('',#8429,#8430);
#8429 = CARTESIAN_POINT('',(319.23736454453,-14.60914281611,
    56.647446243548));
#8430 = VECTOR('',#8431,1.);
#8431 = DIRECTION('',(0.,-1.,0.));
#8432 = ORIENTED_EDGE('',*,*,#5442,.F.);
#8433 = ORIENTED_EDGE('',*,*,#8434,.T.);
#8434 = EDGE_CURVE('',#5435,#3862,#8435,.T.);
#8435 = LINE('',#8436,#8437);
#8436 = CARTESIAN_POINT('',(313.86470876375,2.080623507528,
    56.683650271853));
#8437 = VECTOR('',#8438,1.);
#8438 = DIRECTION('',(0.,-1.,0.));
#8439 = PLANE('',#8440);
#8440 = AXIS2_PLACEMENT_3D('',#8441,#8442,#8443);
#8441 = CARTESIAN_POINT('',(316.55103665405,8.275081514334E-10,
    56.665548257701));
#8442 = DIRECTION('',(6.738419103614E-03,0.,0.999977296596));
#8443 = DIRECTION('',(0.999977296596,0.,-6.738419103614E-03));
#8444 = ADVANCED_FACE('',(#8445),#8456,.T.);
#8445 = FACE_BOUND('',#8446,.T.);
#8446 = EDGE_LOOP('',(#8447,#8453,#8454,#8455));
#8447 = ORIENTED_EDGE('',*,*,#8448,.F.);
#8448 = EDGE_CURVE('',#5047,#3745,#8449,.T.);
#8449 = LINE('',#8450,#8451);
#8450 = CARTESIAN_POINT('',(304.37076944846,-0.465235642471,
    56.443345733752));
#8451 = VECTOR('',#8452,1.);
#8452 = DIRECTION('',(0.,-1.,0.));
#8453 = ORIENTED_EDGE('',*,*,#5046,.T.);
#8454 = ORIENTED_EDGE('',*,*,#7895,.T.);
#8455 = ORIENTED_EDGE('',*,*,#3752,.F.);
#8456 = PLANE('',#8457);
#8457 = AXIS2_PLACEMENT_3D('',#8458,#8459,#8460);
#8458 = CARTESIAN_POINT('',(303.80769917735,-3.477850493303E-13,
    56.426663253839));
#8459 = DIRECTION('',(-2.961470998869E-02,0.,0.999561388286));
#8460 = DIRECTION('',(0.999561388286,0.,2.961470998869E-02));
#8461 = ADVANCED_FACE('',(#8462),#8473,.T.);
#8462 = FACE_BOUND('',#8463,.T.);
#8463 = EDGE_LOOP('',(#8464,#8465,#8466,#8472));
#8464 = ORIENTED_EDGE('',*,*,#8201,.F.);
#8465 = ORIENTED_EDGE('',*,*,#5690,.T.);
#8466 = ORIENTED_EDGE('',*,*,#8467,.T.);
#8467 = EDGE_CURVE('',#5683,#4413,#8468,.T.);
#8468 = LINE('',#8469,#8470);
#8469 = CARTESIAN_POINT('',(359.53842163085,25.89999961853,
    64.508232116699));
#8470 = VECTOR('',#8471,1.);
#8471 = DIRECTION('',(0.,-1.,0.));
#8472 = ORIENTED_EDGE('',*,*,#4412,.T.);
#8473 = PLANE('',#8474);
#8474 = AXIS2_PLACEMENT_3D('',#8475,#8476,#8477);
#8475 = CARTESIAN_POINT('',(358.6248474121,-3.909546281961E-16,
    63.498291015625));
#8476 = DIRECTION('',(0.741602269417,0.,-0.670839827377));
#8477 = DIRECTION('',(0.670839827377,0.,0.741602269417));
#8478 = ADVANCED_FACE('',(#8479),#8490,.T.);
#8479 = FACE_BOUND('',#8480,.T.);
#8480 = EDGE_LOOP('',(#8481,#8482,#8483,#8489));
#8481 = ORIENTED_EDGE('',*,*,#8208,.T.);
#8482 = ORIENTED_EDGE('',*,*,#4396,.T.);
#8483 = ORIENTED_EDGE('',*,*,#8484,.F.);
#8484 = EDGE_CURVE('',#5707,#4389,#8485,.T.);
#8485 = LINE('',#8486,#8487);
#8486 = CARTESIAN_POINT('',(352.9197692871,25.89999961853,
    58.780025482178));
#8487 = VECTOR('',#8488,1.);
#8488 = DIRECTION('',(0.,-1.,0.));
#8489 = ORIENTED_EDGE('',*,*,#5706,.T.);
#8490 = PLANE('',#8491);
#8491 = AXIS2_PLACEMENT_3D('',#8492,#8493,#8494);
#8492 = CARTESIAN_POINT('',(354.26179504394,1.289811404E-16,
    59.730373382568));
#8493 = DIRECTION('',(0.577914612855,-0.,-0.816097237006));
#8494 = DIRECTION('',(-0.816097237006,0.,-0.577914612855));
#8495 = ADVANCED_FACE('',(#8496),#8507,.T.);
#8496 = FACE_BOUND('',#8497,.T.);
#8497 = EDGE_LOOP('',(#8498,#8499,#8505,#8506));
#8498 = ORIENTED_EDGE('',*,*,#5730,.T.);
#8499 = ORIENTED_EDGE('',*,*,#8500,.T.);
#8500 = EDGE_CURVE('',#5723,#4373,#8501,.T.);
#8501 = LINE('',#8502,#8503);
#8502 = CARTESIAN_POINT('',(348.52969360351,25.89999961853,
    56.913791656494));
#8503 = VECTOR('',#8504,1.);
#8504 = DIRECTION('',(0.,-1.,0.));
#8505 = ORIENTED_EDGE('',*,*,#4372,.T.);
#8506 = ORIENTED_EDGE('',*,*,#7913,.F.);
#8507 = PLANE('',#8508);
#8508 = AXIS2_PLACEMENT_3D('',#8509,#8510,#8511);
#8509 = CARTESIAN_POINT('',(346.85137939453,0.,56.558048248291));
#8510 = DIRECTION('',(0.207357710823,-0.,-0.978265188874));
#8511 = DIRECTION('',(-0.978265188874,0.,-0.207357710823));
#8512 = ADVANCED_FACE('',(#8513),#8524,.T.);
#8513 = FACE_BOUND('',#8514,.T.);
#8514 = EDGE_LOOP('',(#8515,#8516,#8522,#8523));
#8515 = ORIENTED_EDGE('',*,*,#4460,.T.);
#8516 = ORIENTED_EDGE('',*,*,#8517,.F.);
#8517 = EDGE_CURVE('',#5643,#4453,#8518,.T.);
#8518 = LINE('',#8519,#8520);
#8519 = CARTESIAN_POINT('',(363.67105102539,25.89999961853,
    76.282997131348));
#8520 = VECTOR('',#8521,1.);
#8521 = DIRECTION('',(0.,-1.,0.));
#8522 = ORIENTED_EDGE('',*,*,#5642,.T.);
#8523 = ORIENTED_EDGE('',*,*,#8223,.T.);
#8524 = PLANE('',#8525);
#8525 = AXIS2_PLACEMENT_3D('',#8526,#8527,#8528);
#8526 = CARTESIAN_POINT('',(363.61738586425,0.,77.852294921875));
#8527 = DIRECTION('',(0.999415797448,0.,3.417694852595E-02));
#8528 = DIRECTION('',(-3.417694852595E-02,0.,0.999415797448));
#8529 = ADVANCED_FACE('',(#8530),#8541,.T.);
#8530 = FACE_BOUND('',#8531,.T.);
#8531 = EDGE_LOOP('',(#8532,#8533,#8534,#8535));
#8532 = ORIENTED_EDGE('',*,*,#6041,.T.);
#8533 = ORIENTED_EDGE('',*,*,#8377,.T.);
#8534 = ORIENTED_EDGE('',*,*,#6835,.F.);
#8535 = ORIENTED_EDGE('',*,*,#8536,.F.);
#8536 = EDGE_CURVE('',#6042,#6828,#8537,.T.);
#8537 = LINE('',#8538,#8539);
#8538 = CARTESIAN_POINT('',(360.95321655273,-24.5,83.893676757812));
#8539 = VECTOR('',#8540,1.);
#8540 = DIRECTION('',(0.,1.,0.));
#8541 = PLANE('',#8542);
#8542 = AXIS2_PLACEMENT_3D('',#8543,#8544,#8545);
#8543 = CARTESIAN_POINT('',(360.35383605957,0.,85.39408493042));
#8544 = DIRECTION('',(-0.928643659501,-0.,-0.370972982397));
#8545 = DIRECTION('',(0.370972982397,0.,-0.928643659501));
#8546 = ADVANCED_FACE('',(#8547),#8558,.T.);
#8547 = FACE_BOUND('',#8548,.T.);
#8548 = EDGE_LOOP('',(#8549,#8550,#8551,#8552));
#8549 = ORIENTED_EDGE('',*,*,#6049,.T.);
#8550 = ORIENTED_EDGE('',*,*,#8536,.T.);
#8551 = ORIENTED_EDGE('',*,*,#6827,.F.);
#8552 = ORIENTED_EDGE('',*,*,#8553,.F.);
#8553 = EDGE_CURVE('',#6050,#6820,#8554,.T.);
#8554 = LINE('',#8555,#8556);
#8555 = CARTESIAN_POINT('',(361.72018432617,-24.5,80.868682861328));
#8556 = VECTOR('',#8557,1.);
#8557 = DIRECTION('',(0.,1.,0.));
#8558 = PLANE('',#8559);
#8559 = AXIS2_PLACEMENT_3D('',#8560,#8561,#8562);
#8560 = CARTESIAN_POINT('',(361.33670043945,0.,82.38117980957));
#8561 = DIRECTION('',(-0.96932890385,-0.,-0.245767117738));
#8562 = DIRECTION('',(0.245767117738,0.,-0.96932890385));
#8563 = ADVANCED_FACE('',(#8564),#8575,.T.);
#8564 = FACE_BOUND('',#8565,.T.);
#8565 = EDGE_LOOP('',(#8566,#8572,#8573,#8574));
#8566 = ORIENTED_EDGE('',*,*,#8567,.F.);
#8567 = EDGE_CURVE('',#8028,#4726,#8568,.T.);
#8568 = LINE('',#8569,#8570);
#8569 = CARTESIAN_POINT('',(339.2212524414,-18.10000038147,
    114.12060546875));
#8570 = VECTOR('',#8571,1.);
#8571 = DIRECTION('',(0.,-1.,0.));
#8572 = ORIENTED_EDGE('',*,*,#8027,.F.);
#8573 = ORIENTED_EDGE('',*,*,#4865,.F.);
#8574 = ORIENTED_EDGE('',*,*,#4733,.T.);
#8575 = PLANE('',#8576);
#8576 = AXIS2_PLACEMENT_3D('',#8577,#8578,#8579);
#8577 = CARTESIAN_POINT('',(339.54696655273,-20.10000038147,
    114.16359710693));
#8578 = DIRECTION('',(0.130856977433,-0.,-0.991401256534));
#8579 = DIRECTION('',(-0.991401256534,0.,-0.130856977433));
#8580 = ADVANCED_FACE('',(#8581),#8592,.T.);
#8581 = FACE_BOUND('',#8582,.T.);
#8582 = EDGE_LOOP('',(#8583,#8584,#8585,#8586));
#8583 = ORIENTED_EDGE('',*,*,#6372,.F.);
#8584 = ORIENTED_EDGE('',*,*,#6487,.T.);
#8585 = ORIENTED_EDGE('',*,*,#7571,.T.);
#8586 = ORIENTED_EDGE('',*,*,#8587,.F.);
#8587 = EDGE_CURVE('',#6373,#7564,#8588,.T.);
#8588 = LINE('',#8589,#8590);
#8589 = CARTESIAN_POINT('',(339.2212524414,22.10000038147,
    114.12060546875));
#8590 = VECTOR('',#8591,1.);
#8591 = DIRECTION('',(0.,-1.,0.));
#8592 = PLANE('',#8593);
#8593 = AXIS2_PLACEMENT_3D('',#8594,#8595,#8596);
#8594 = CARTESIAN_POINT('',(339.54696655273,20.10000038147,
    114.16359710693));
#8595 = DIRECTION('',(0.130856977433,-0.,-0.991401256534));
#8596 = DIRECTION('',(-0.991401256534,0.,-0.130856977433));
#8597 = ADVANCED_FACE('',(#8598),#8609,.T.);
#8598 = FACE_BOUND('',#8599,.T.);
#8599 = EDGE_LOOP('',(#8600,#8601,#8602,#8603));
#8600 = ORIENTED_EDGE('',*,*,#4701,.T.);
#8601 = ORIENTED_EDGE('',*,*,#8344,.F.);
#8602 = ORIENTED_EDGE('',*,*,#8059,.F.);
#8603 = ORIENTED_EDGE('',*,*,#8604,.T.);
#8604 = EDGE_CURVE('',#8052,#4702,#8605,.T.);
#8605 = LINE('',#8606,#8607);
#8606 = CARTESIAN_POINT('',(337.83853149414,-18.10000038147,
    112.80771636962));
#8607 = VECTOR('',#8608,1.);
#8608 = DIRECTION('',(0.,-1.,0.));
#8609 = PLANE('',#8610);
#8610 = AXIS2_PLACEMENT_3D('',#8611,#8612,#8613);
#8611 = CARTESIAN_POINT('',(337.77874755859,-20.10000038147,
    112.48467254638));
#8612 = DIRECTION('',(0.983303249996,0.,-0.181974499716));
#8613 = DIRECTION('',(0.181974499716,0.,0.983303249996));
#8614 = ADVANCED_FACE('',(#8615),#8626,.T.);
#8615 = FACE_BOUND('',#8616,.T.);
#8616 = EDGE_LOOP('',(#8617,#8618,#8619,#8620));
#8617 = ORIENTED_EDGE('',*,*,#7539,.T.);
#8618 = ORIENTED_EDGE('',*,*,#8361,.F.);
#8619 = ORIENTED_EDGE('',*,*,#6404,.F.);
#8620 = ORIENTED_EDGE('',*,*,#8621,.T.);
#8621 = EDGE_CURVE('',#6397,#7540,#8622,.T.);
#8622 = LINE('',#8623,#8624);
#8623 = CARTESIAN_POINT('',(337.83853149414,22.10000038147,
    112.80771636962));
#8624 = VECTOR('',#8625,1.);
#8625 = DIRECTION('',(0.,-1.,0.));
#8626 = PLANE('',#8627);
#8627 = AXIS2_PLACEMENT_3D('',#8628,#8629,#8630);
#8628 = CARTESIAN_POINT('',(337.77874755859,20.10000038147,
    112.48467254638));
#8629 = DIRECTION('',(0.983303249996,0.,-0.181974499716));
#8630 = DIRECTION('',(0.181974499716,0.,0.983303249996));
#8631 = ADVANCED_FACE('',(#8632),#8638,.T.);
#8632 = FACE_BOUND('',#8633,.T.);
#8633 = EDGE_LOOP('',(#8634,#8635,#8636,#8637));
#8634 = ORIENTED_EDGE('',*,*,#7601,.F.);
#8635 = ORIENTED_EDGE('',*,*,#5518,.F.);
#8636 = ORIENTED_EDGE('',*,*,#5333,.T.);
#8637 = ORIENTED_EDGE('',*,*,#8290,.T.);
#8638 = PLANE('',#8639);
#8639 = AXIS2_PLACEMENT_3D('',#8640,#8641,#8642);
#8640 = CARTESIAN_POINT('',(335.61921691894,22.550000190735,
    115.38679504394));
#8641 = DIRECTION('',(-0.851354744171,-0.,0.524590411251));
#8642 = DIRECTION('',(-0.524590411251,0.,-0.851354744171));
#8643 = ADVANCED_FACE('',(#8644),#8650,.T.);
#8644 = FACE_BOUND('',#8645,.T.);
#8645 = EDGE_LOOP('',(#8646,#8647,#8648,#8649));
#8646 = ORIENTED_EDGE('',*,*,#3456,.F.);
#8647 = ORIENTED_EDGE('',*,*,#3891,.F.);
#8648 = ORIENTED_EDGE('',*,*,#7997,.T.);
#8649 = ORIENTED_EDGE('',*,*,#8274,.T.);
#8650 = PLANE('',#8651);
#8651 = AXIS2_PLACEMENT_3D('',#8652,#8653,#8654);
#8652 = CARTESIAN_POINT('',(335.61921691894,-22.55000019073,
    115.38679504394));
#8653 = DIRECTION('',(-0.851354744171,-0.,0.524590411251));
#8654 = DIRECTION('',(-0.524590411251,0.,-0.851354744171));
#8655 = ADVANCED_FACE('',(#8656),#8667,.T.);
#8656 = FACE_BOUND('',#8657,.T.);
#8657 = EDGE_LOOP('',(#8658,#8659,#8665,#8666));
#8658 = ORIENTED_EDGE('',*,*,#6177,.F.);
#8659 = ORIENTED_EDGE('',*,*,#8660,.T.);
#8660 = EDGE_CURVE('',#6170,#3601,#8661,.T.);
#8661 = LINE('',#8662,#8663);
#8662 = CARTESIAN_POINT('',(312.49264526367,-24.5,68.059875488281));
#8663 = VECTOR('',#8664,1.);
#8664 = DIRECTION('',(0.,-1.,0.));
#8665 = ORIENTED_EDGE('',*,*,#3600,.F.);
#8666 = ORIENTED_EDGE('',*,*,#8393,.F.);
#8667 = PLANE('',#8668);
#8668 = AXIS2_PLACEMENT_3D('',#8669,#8670,#8671);
#8669 = CARTESIAN_POINT('',(314.49137878418,-25.75,70.211265563965));
#8670 = DIRECTION('',(-0.732621262551,-0.,0.680636529771));
#8671 = DIRECTION('',(-0.680636529771,0.,-0.732621262551));
#8672 = ADVANCED_FACE('',(#8673),#8684,.T.);
#8673 = FACE_BOUND('',#8674,.T.);
#8674 = EDGE_LOOP('',(#8675,#8676,#8682,#8683));
#8675 = ORIENTED_EDGE('',*,*,#5198,.F.);
#8676 = ORIENTED_EDGE('',*,*,#8677,.T.);
#8677 = EDGE_CURVE('',#5191,#6700,#8678,.T.);
#8678 = LINE('',#8679,#8680);
#8679 = CARTESIAN_POINT('',(312.49264526367,27.,68.059875488281));
#8680 = VECTOR('',#8681,1.);
#8681 = DIRECTION('',(0.,-1.,0.));
#8682 = ORIENTED_EDGE('',*,*,#6699,.T.);
#8683 = ORIENTED_EDGE('',*,*,#8410,.T.);
#8684 = PLANE('',#8685);
#8685 = AXIS2_PLACEMENT_3D('',#8686,#8687,#8688);
#8686 = CARTESIAN_POINT('',(314.49137878418,25.75,70.211265563965));
#8687 = DIRECTION('',(-0.732621262551,-0.,0.680636529771));
#8688 = DIRECTION('',(-0.680636529771,0.,-0.732621262551));
#8689 = ADVANCED_FACE('',(#8690),#8701,.T.);
#8690 = FACE_BOUND('',#8691,.T.);
#8691 = EDGE_LOOP('',(#8692,#8698,#8699,#8700));
#8692 = ORIENTED_EDGE('',*,*,#8693,.T.);
#8693 = EDGE_CURVE('',#5425,#3854,#8694,.T.);
#8694 = LINE('',#8695,#8696);
#8695 = CARTESIAN_POINT('',(314.01342773437,27.,56.686729431152));
#8696 = VECTOR('',#8697,1.);
#8697 = DIRECTION('',(0.,-1.,0.));
#8698 = ORIENTED_EDGE('',*,*,#3869,.T.);
#8699 = ORIENTED_EDGE('',*,*,#8434,.F.);
#8700 = ORIENTED_EDGE('',*,*,#5434,.T.);
#8701 = PLANE('',#8702);
#8702 = AXIS2_PLACEMENT_3D('',#8703,#8704,#8705);
#8703 = CARTESIAN_POINT('',(313.93906824906,2.974277159406E-13,
    56.685189851503));
#8704 = DIRECTION('',(2.070011319919E-02,-0.,-0.999785729701));
#8705 = DIRECTION('',(-0.999785729701,0.,-2.070011319919E-02));
#8706 = ADVANCED_FACE('',(#8707),#8723,.T.);
#8707 = FACE_BOUND('',#8708,.T.);
#8708 = EDGE_LOOP('',(#8709,#8710,#8716,#8717));
#8709 = ORIENTED_EDGE('',*,*,#3825,.T.);
#8710 = ORIENTED_EDGE('',*,*,#8711,.F.);
#8711 = EDGE_CURVE('',#5409,#3828,#8712,.T.);
#8712 = LINE('',#8713,#8714);
#8713 = CARTESIAN_POINT('',(306.93402099609,27.,56.540153503418));
#8714 = VECTOR('',#8715,1.);
#8715 = DIRECTION('',(0.,-1.,0.));
#8716 = ORIENTED_EDGE('',*,*,#5408,.T.);
#8717 = ORIENTED_EDGE('',*,*,#8718,.T.);
#8718 = EDGE_CURVE('',#5399,#3826,#8719,.T.);
#8719 = LINE('',#8720,#8721);
#8720 = CARTESIAN_POINT('',(312.84901212196,1.822581159564,
    56.662620730386));
#8721 = VECTOR('',#8722,1.);
#8722 = DIRECTION('',(0.,-1.,0.));
#8723 = PLANE('',#8724);
#8724 = AXIS2_PLACEMENT_3D('',#8725,#8726,#8727);
#8725 = CARTESIAN_POINT('',(309.89151655901,-1.355309705905E-11,
    56.601387116902));
#8726 = DIRECTION('',(2.070011319934E-02,-2.609773040932E-16,
    -0.999785729701));
#8727 = DIRECTION('',(-0.999785729701,-7.703719777549E-34,
    -2.070011319934E-02));
#8728 = ADVANCED_FACE('',(#8729),#8735,.T.);
#8729 = FACE_BOUND('',#8730,.T.);
#8730 = EDGE_LOOP('',(#8731,#8732,#8733,#8734));
#8731 = ORIENTED_EDGE('',*,*,#8427,.T.);
#8732 = ORIENTED_EDGE('',*,*,#3851,.T.);
#8733 = ORIENTED_EDGE('',*,*,#8693,.F.);
#8734 = ORIENTED_EDGE('',*,*,#5424,.T.);
#8735 = PLANE('',#8736);
#8736 = AXIS2_PLACEMENT_3D('',#8737,#8738,#8739);
#8737 = CARTESIAN_POINT('',(316.62539613937,8.293188594082E-10,
    56.667087837351));
#8738 = DIRECTION('',(-7.519630957444E-03,-0.,-0.999971727175));
#8739 = DIRECTION('',(-0.999971727175,0.,7.519630957444E-03));
#8740 = ADVANCED_FACE('',(#8741),#8752,.T.);
#8741 = FACE_BOUND('',#8742,.T.);
#8742 = EDGE_LOOP('',(#8743,#8744,#8745,#8746));
#8743 = ORIENTED_EDGE('',*,*,#3835,.T.);
#8744 = ORIENTED_EDGE('',*,*,#8718,.F.);
#8745 = ORIENTED_EDGE('',*,*,#5398,.T.);
#8746 = ORIENTED_EDGE('',*,*,#8747,.F.);
#8747 = EDGE_CURVE('',#3836,#5401,#8748,.T.);
#8748 = LINE('',#8749,#8750);
#8749 = CARTESIAN_POINT('',(305.12900585419,1.263338904942,
    56.465548981245));
#8750 = VECTOR('',#8751,1.);
#8751 = DIRECTION('',(0.,1.,0.));
#8752 = PLANE('',#8753);
#8753 = AXIS2_PLACEMENT_3D('',#8754,#8755,#8756);
#8754 = CARTESIAN_POINT('',(308.98900898806,-1.619308177982E-11,
    56.564084855815));
#8755 = DIRECTION('',(-2.551909453335E-02,3.674475747552E-16,
    0.999674334878));
#8756 = DIRECTION('',(0.999674334878,0.,2.551909453335E-02));
#8757 = ADVANCED_FACE('',(#8758),#8769,.T.);
#8758 = FACE_BOUND('',#8759,.T.);
#8759 = EDGE_LOOP('',(#8760,#8761,#8762,#8768));
#8760 = ORIENTED_EDGE('',*,*,#8448,.T.);
#8761 = ORIENTED_EDGE('',*,*,#3744,.T.);
#8762 = ORIENTED_EDGE('',*,*,#8763,.F.);
#8763 = EDGE_CURVE('',#5055,#3737,#8764,.T.);
#8764 = LINE('',#8765,#8766);
#8765 = CARTESIAN_POINT('',(302.78009033203,27.,56.416244506836));
#8766 = VECTOR('',#8767,1.);
#8767 = DIRECTION('',(0.,-1.,0.));
#8768 = ORIENTED_EDGE('',*,*,#5054,.T.);
#8769 = PLANE('',#8770);
#8770 = AXIS2_PLACEMENT_3D('',#8771,#8772,#8773);
#8771 = CARTESIAN_POINT('',(303.57542989024,-3.451041523944E-13,
    56.429795120294));
#8772 = DIRECTION('',(1.703504752147E-02,-0.,-0.99985489305));
#8773 = DIRECTION('',(-0.99985489305,0.,-1.703504752147E-02));
#8774 = ADVANCED_FACE('',(#8775),#8786,.T.);
#8775 = FACE_BOUND('',#8776,.T.);
#8776 = EDGE_LOOP('',(#8777,#8778,#8779,#8785));
#8777 = ORIENTED_EDGE('',*,*,#8467,.F.);
#8778 = ORIENTED_EDGE('',*,*,#5682,.T.);
#8779 = ORIENTED_EDGE('',*,*,#8780,.T.);
#8780 = EDGE_CURVE('',#5675,#4421,#8781,.T.);
#8781 = LINE('',#8782,#8783);
#8782 = CARTESIAN_POINT('',(359.84045410156,25.89999961853,
    64.910087585449));
#8783 = VECTOR('',#8784,1.);
#8784 = DIRECTION('',(0.,-1.,0.));
#8785 = ORIENTED_EDGE('',*,*,#4420,.T.);
#8786 = PLANE('',#8787);
#8787 = AXIS2_PLACEMENT_3D('',#8788,#8789,#8790);
#8788 = CARTESIAN_POINT('',(359.68943786621,4.415190311494E-16,
    64.709159851074));
#8789 = DIRECTION('',(0.799387659003,0.,-0.600815587876));
#8790 = DIRECTION('',(0.600815587876,0.,0.799387659003));
#8791 = ADVANCED_FACE('',(#8792),#8803,.T.);
#8792 = FACE_BOUND('',#8793,.T.);
#8793 = EDGE_LOOP('',(#8794,#8795,#8801,#8802));
#8794 = ORIENTED_EDGE('',*,*,#4452,.T.);
#8795 = ORIENTED_EDGE('',*,*,#8796,.F.);
#8796 = EDGE_CURVE('',#5651,#4445,#8797,.T.);
#8797 = LINE('',#8798,#8799);
#8798 = CARTESIAN_POINT('',(363.33502197265,25.89999961853,
    73.20524597168));
#8799 = VECTOR('',#8800,1.);
#8800 = DIRECTION('',(0.,-1.,0.));
#8801 = ORIENTED_EDGE('',*,*,#5650,.T.);
#8802 = ORIENTED_EDGE('',*,*,#8517,.T.);
#8803 = PLANE('',#8804);
#8804 = AXIS2_PLACEMENT_3D('',#8805,#8806,#8807);
#8805 = CARTESIAN_POINT('',(363.50303649902,0.,74.744121551514));
#8806 = DIRECTION('',(0.994092618477,0.,-0.108535090586));
#8807 = DIRECTION('',(0.108535090586,0.,0.994092618477));
#8808 = ADVANCED_FACE('',(#8809),#8820,.T.);
#8809 = FACE_BOUND('',#8810,.T.);
#8810 = EDGE_LOOP('',(#8811,#8812,#8818,#8819));
#8811 = ORIENTED_EDGE('',*,*,#8020,.F.);
#8812 = ORIENTED_EDGE('',*,*,#8813,.F.);
#8813 = EDGE_CURVE('',#2279,#8013,#8814,.T.);
#8814 = LINE('',#8815,#8816);
#8815 = CARTESIAN_POINT('',(337.13647460937,-16.39999961853,
    115.90003204345));
#8816 = VECTOR('',#8817,1.);
#8817 = DIRECTION('',(0.,-1.,0.));
#8818 = ORIENTED_EDGE('',*,*,#2278,.F.);
#8819 = ORIENTED_EDGE('',*,*,#8309,.T.);
#8820 = PLANE('',#8821);
#8821 = AXIS2_PLACEMENT_3D('',#8822,#8823,#8824);
#8822 = CARTESIAN_POINT('',(338.70248413085,-17.25,115.02923583984));
#8823 = DIRECTION('',(-0.485980190414,-0.,-0.873969824722));
#8824 = DIRECTION('',(-0.873969824722,0.,0.485980190414));
#8825 = ADVANCED_FACE('',(#8826),#8837,.T.);
#8826 = FACE_BOUND('',#8827,.T.);
#8827 = EDGE_LOOP('',(#8828,#8829,#8830,#8836));
#8828 = ORIENTED_EDGE('',*,*,#8326,.F.);
#8829 = ORIENTED_EDGE('',*,*,#2699,.T.);
#8830 = ORIENTED_EDGE('',*,*,#8831,.T.);
#8831 = EDGE_CURVE('',#2692,#7579,#8832,.T.);
#8832 = LINE('',#8833,#8834);
#8833 = CARTESIAN_POINT('',(337.13647460937,16.39999961853,
    115.90003204345));
#8834 = VECTOR('',#8835,1.);
#8835 = DIRECTION('',(0.,1.,0.));
#8836 = ORIENTED_EDGE('',*,*,#7578,.T.);
#8837 = PLANE('',#8838);
#8838 = AXIS2_PLACEMENT_3D('',#8839,#8840,#8841);
#8839 = CARTESIAN_POINT('',(338.70248413085,17.25,115.02923583984));
#8840 = DIRECTION('',(-0.485980190414,-0.,-0.873969824722));
#8841 = DIRECTION('',(-0.873969824722,0.,0.485980190414));
#8842 = ADVANCED_FACE('',(#8843),#8854,.T.);
#8843 = FACE_BOUND('',#8844,.T.);
#8844 = EDGE_LOOP('',(#8845,#8846,#8852,#8853));
#8845 = ORIENTED_EDGE('',*,*,#2318,.F.);
#8846 = ORIENTED_EDGE('',*,*,#8847,.T.);
#8847 = EDGE_CURVE('',#2311,#3433,#8848,.T.);
#8848 = LINE('',#8849,#8850);
#8849 = CARTESIAN_POINT('',(338.15353393554,-16.39999961853,
    117.38046264648));
#8850 = VECTOR('',#8851,1.);
#8851 = DIRECTION('',(0.,-1.,0.));
#8852 = ORIENTED_EDGE('',*,*,#3432,.F.);
#8853 = ORIENTED_EDGE('',*,*,#8240,.F.);
#8854 = PLANE('',#8855);
#8855 = AXIS2_PLACEMENT_3D('',#8856,#8857,#8858);
#8856 = CARTESIAN_POINT('',(338.85150146484,-21.69999980926,
    117.47470855712));
#8857 = DIRECTION('',(-0.133814675074,0.,0.991006373711));
#8858 = DIRECTION('',(0.991006373711,0.,0.133814675074));
#8859 = ADVANCED_FACE('',(#8860),#8871,.T.);
#8860 = FACE_BOUND('',#8861,.T.);
#8861 = EDGE_LOOP('',(#8862,#8863,#8869,#8870));
#8862 = ORIENTED_EDGE('',*,*,#5357,.T.);
#8863 = ORIENTED_EDGE('',*,*,#8864,.T.);
#8864 = EDGE_CURVE('',#5350,#2660,#8865,.T.);
#8865 = LINE('',#8866,#8867);
#8866 = CARTESIAN_POINT('',(338.15353393554,27.,117.38046264648));
#8867 = VECTOR('',#8868,1.);
#8868 = DIRECTION('',(0.,-1.,0.));
#8869 = ORIENTED_EDGE('',*,*,#2659,.T.);
#8870 = ORIENTED_EDGE('',*,*,#8257,.F.);
#8871 = PLANE('',#8872);
#8872 = AXIS2_PLACEMENT_3D('',#8873,#8874,#8875);
#8873 = CARTESIAN_POINT('',(338.85150146484,21.699999809265,
    117.47470855712));
#8874 = DIRECTION('',(-0.133814675074,0.,0.991006373711));
#8875 = DIRECTION('',(0.991006373711,0.,0.133814675074));
#8876 = ADVANCED_FACE('',(#8877),#8893,.T.);
#8877 = FACE_BOUND('',#8878,.T.);
#8878 = EDGE_LOOP('',(#8879,#8880,#8886,#8887));
#8879 = ORIENTED_EDGE('',*,*,#6065,.T.);
#8880 = ORIENTED_EDGE('',*,*,#8881,.T.);
#8881 = EDGE_CURVE('',#6058,#6812,#8882,.T.);
#8882 = LINE('',#8883,#8884);
#8883 = CARTESIAN_POINT('',(362.07650756835,-24.5,77.90828704834));
#8884 = VECTOR('',#8885,1.);
#8885 = DIRECTION('',(0.,1.,0.));
#8886 = ORIENTED_EDGE('',*,*,#6811,.F.);
#8887 = ORIENTED_EDGE('',*,*,#8888,.F.);
#8888 = EDGE_CURVE('',#6066,#6804,#8889,.T.);
#8889 = LINE('',#8890,#8891);
#8890 = CARTESIAN_POINT('',(362.04028320312,-24.5,75.051010131836));
#8891 = VECTOR('',#8892,1.);
#8892 = DIRECTION('',(0.,1.,0.));
#8893 = PLANE('',#8894);
#8894 = AXIS2_PLACEMENT_3D('',#8895,#8896,#8897);
#8895 = CARTESIAN_POINT('',(362.05839538574,0.,76.479648590088));
#8896 = DIRECTION('',(-0.999919644694,-0.,1.267691423439E-02));
#8897 = DIRECTION('',(-1.267691423439E-02,0.,-0.999919644694));
#8898 = ADVANCED_FACE('',(#8899),#8910,.T.);
#8899 = FACE_BOUND('',#8900,.T.);
#8900 = EDGE_LOOP('',(#8901,#8902,#8903,#8904));
#8901 = ORIENTED_EDGE('',*,*,#6073,.T.);
#8902 = ORIENTED_EDGE('',*,*,#8888,.T.);
#8903 = ORIENTED_EDGE('',*,*,#6803,.F.);
#8904 = ORIENTED_EDGE('',*,*,#8905,.F.);
#8905 = EDGE_CURVE('',#6074,#6796,#8906,.T.);
#8906 = LINE('',#8907,#8908);
#8907 = CARTESIAN_POINT('',(361.65710449218,-24.5,72.497383117676));
#8908 = VECTOR('',#8909,1.);
#8909 = DIRECTION('',(0.,1.,0.));
#8910 = PLANE('',#8911);
#8911 = AXIS2_PLACEMENT_3D('',#8912,#8913,#8914);
#8912 = CARTESIAN_POINT('',(361.84869384765,0.,73.774196624756));
#8913 = DIRECTION('',(-0.988928701398,-0.,0.148391453767));
#8914 = DIRECTION('',(-0.148391453767,0.,-0.988928701398));
#8915 = ADVANCED_FACE('',(#8916),#8922,.T.);
#8916 = FACE_BOUND('',#8917,.T.);
#8917 = EDGE_LOOP('',(#8918,#8919,#8920,#8921));
#8918 = ORIENTED_EDGE('',*,*,#6057,.T.);
#8919 = ORIENTED_EDGE('',*,*,#8553,.T.);
#8920 = ORIENTED_EDGE('',*,*,#6819,.F.);
#8921 = ORIENTED_EDGE('',*,*,#8881,.F.);
#8922 = PLANE('',#8923);
#8923 = AXIS2_PLACEMENT_3D('',#8924,#8925,#8926);
#8924 = CARTESIAN_POINT('',(361.89834594726,0.,79.388484954834));
#8925 = DIRECTION('',(-0.992834096392,-0.,-0.119500866279));
#8926 = DIRECTION('',(0.119500866279,0.,-0.992834096392));
#8927 = ADVANCED_FACE('',(#8928),#8939,.T.);
#8928 = FACE_BOUND('',#8929,.T.);
#8929 = EDGE_LOOP('',(#8930,#8931,#8932,#8933));
#8930 = ORIENTED_EDGE('',*,*,#8035,.F.);
#8931 = ORIENTED_EDGE('',*,*,#8567,.T.);
#8932 = ORIENTED_EDGE('',*,*,#4725,.T.);
#8933 = ORIENTED_EDGE('',*,*,#8934,.F.);
#8934 = EDGE_CURVE('',#8036,#4718,#8935,.T.);
#8935 = LINE('',#8936,#8937);
#8936 = CARTESIAN_POINT('',(338.62835693359,-18.10000038147,
    113.837600708));
#8937 = VECTOR('',#8938,1.);
#8938 = DIRECTION('',(0.,-1.,0.));
#8939 = PLANE('',#8940);
#8940 = AXIS2_PLACEMENT_3D('',#8941,#8942,#8943);
#8941 = CARTESIAN_POINT('',(338.9248046875,-20.10000038147,
    113.97910308837));
#8942 = DIRECTION('',(0.430769139057,-0.,-0.902462159227));
#8943 = DIRECTION('',(-0.902462159227,0.,-0.430769139057));
#8944 = ADVANCED_FACE('',(#8945),#8956,.T.);
#8945 = FACE_BOUND('',#8946,.T.);
#8946 = EDGE_LOOP('',(#8947,#8948,#8949,#8950));
#8947 = ORIENTED_EDGE('',*,*,#6380,.F.);
#8948 = ORIENTED_EDGE('',*,*,#8587,.T.);
#8949 = ORIENTED_EDGE('',*,*,#7563,.T.);
#8950 = ORIENTED_EDGE('',*,*,#8951,.F.);
#8951 = EDGE_CURVE('',#6381,#7556,#8952,.T.);
#8952 = LINE('',#8953,#8954);
#8953 = CARTESIAN_POINT('',(338.62835693359,22.10000038147,113.837600708
    ));
#8954 = VECTOR('',#8955,1.);
#8955 = DIRECTION('',(0.,-1.,0.));
#8956 = PLANE('',#8957);
#8957 = AXIS2_PLACEMENT_3D('',#8958,#8959,#8960);
#8958 = CARTESIAN_POINT('',(338.9248046875,20.10000038147,
    113.97910308837));
#8959 = DIRECTION('',(0.430769139057,-0.,-0.902462159227));
#8960 = DIRECTION('',(-0.902462159227,0.,-0.430769139057));
#8961 = ADVANCED_FACE('',(#8962),#8973,.T.);
#8962 = FACE_BOUND('',#8963,.T.);
#8963 = EDGE_LOOP('',(#8964,#8965,#8966,#8967));
#8964 = ORIENTED_EDGE('',*,*,#4709,.T.);
#8965 = ORIENTED_EDGE('',*,*,#8604,.F.);
#8966 = ORIENTED_EDGE('',*,*,#8051,.F.);
#8967 = ORIENTED_EDGE('',*,*,#8968,.T.);
#8968 = EDGE_CURVE('',#8044,#4710,#8969,.T.);
#8969 = LINE('',#8970,#8971);
#8970 = CARTESIAN_POINT('',(338.15188598632,-18.10000038147,
    113.38516235351));
#8971 = VECTOR('',#8972,1.);
#8972 = DIRECTION('',(0.,-1.,0.));
#8973 = PLANE('',#8974);
#8974 = AXIS2_PLACEMENT_3D('',#8975,#8976,#8977);
#8975 = CARTESIAN_POINT('',(337.99520874023,-20.10000038147,
    113.09643936157));
#8976 = DIRECTION('',(0.878927570755,0.,-0.476955265582));
#8977 = DIRECTION('',(0.476955265582,0.,0.878927570755));
#8978 = ADVANCED_FACE('',(#8979),#8990,.T.);
#8979 = FACE_BOUND('',#8980,.T.);
#8980 = EDGE_LOOP('',(#8981,#8982,#8983,#8984));
#8981 = ORIENTED_EDGE('',*,*,#7547,.T.);
#8982 = ORIENTED_EDGE('',*,*,#8621,.F.);
#8983 = ORIENTED_EDGE('',*,*,#6396,.F.);
#8984 = ORIENTED_EDGE('',*,*,#8985,.T.);
#8985 = EDGE_CURVE('',#6389,#7548,#8986,.T.);
#8986 = LINE('',#8987,#8988);
#8987 = CARTESIAN_POINT('',(338.15188598632,22.10000038147,
    113.38516235351));
#8988 = VECTOR('',#8989,1.);
#8989 = DIRECTION('',(0.,-1.,0.));
#8990 = PLANE('',#8991);
#8991 = AXIS2_PLACEMENT_3D('',#8992,#8993,#8994);
#8992 = CARTESIAN_POINT('',(337.99520874023,20.10000038147,
    113.09643936157));
#8993 = DIRECTION('',(0.878927570755,0.,-0.476955265582));
#8994 = DIRECTION('',(0.476955265582,0.,0.878927570755));
#8995 = ADVANCED_FACE('',(#8996),#9012,.T.);
#8996 = FACE_BOUND('',#8997,.T.);
#8997 = EDGE_LOOP('',(#8998,#9004,#9005,#9011));
#8998 = ORIENTED_EDGE('',*,*,#8999,.F.);
#8999 = EDGE_CURVE('',#6114,#6756,#9000,.T.);
#9000 = LINE('',#9001,#9002);
#9001 = CARTESIAN_POINT('',(353.9429321289,-24.5,61.356651306152));
#9002 = VECTOR('',#9003,1.);
#9003 = DIRECTION('',(0.,1.,0.));
#9004 = ORIENTED_EDGE('',*,*,#6113,.T.);
#9005 = ORIENTED_EDGE('',*,*,#9006,.T.);
#9006 = EDGE_CURVE('',#6106,#6764,#9007,.T.);
#9007 = LINE('',#9008,#9009);
#9008 = CARTESIAN_POINT('',(356.32727050781,-24.5,63.238883972168));
#9009 = VECTOR('',#9010,1.);
#9010 = DIRECTION('',(0.,1.,0.));
#9011 = ORIENTED_EDGE('',*,*,#6763,.F.);
#9012 = PLANE('',#9013);
#9013 = AXIS2_PLACEMENT_3D('',#9014,#9015,#9016);
#9014 = CARTESIAN_POINT('',(355.13510131835,-1.365437323965E-16,
    62.29776763916));
#9015 = DIRECTION('',(-0.619615949824,0.,0.784905137405));
#9016 = DIRECTION('',(0.784905137405,0.,0.619615949824));
#9017 = ADVANCED_FACE('',(#9018),#9029,.T.);
#9018 = FACE_BOUND('',#9019,.T.);
#9019 = EDGE_LOOP('',(#9020,#9026,#9027,#9028));
#9020 = ORIENTED_EDGE('',*,*,#9021,.F.);
#9021 = EDGE_CURVE('',#6122,#6748,#9022,.T.);
#9022 = LINE('',#9023,#9024);
#9023 = CARTESIAN_POINT('',(351.2615661621,-24.5,59.750843048096));
#9024 = VECTOR('',#9025,1.);
#9025 = DIRECTION('',(0.,1.,0.));
#9026 = ORIENTED_EDGE('',*,*,#6121,.T.);
#9027 = ORIENTED_EDGE('',*,*,#8999,.T.);
#9028 = ORIENTED_EDGE('',*,*,#6755,.F.);
#9029 = PLANE('',#9030);
#9030 = AXIS2_PLACEMENT_3D('',#9031,#9032,#9033);
#9031 = CARTESIAN_POINT('',(352.6022491455,5.45256062787E-16,
    60.553747177124));
#9032 = DIRECTION('',(-0.513787132081,0.,0.85791770171));
#9033 = DIRECTION('',(0.85791770171,0.,0.513787132081));
#9034 = ADVANCED_FACE('',(#9035),#9046,.T.);
#9035 = FACE_BOUND('',#9036,.T.);
#9036 = EDGE_LOOP('',(#9037,#9038,#9044,#9045));
#9037 = ORIENTED_EDGE('',*,*,#6169,.F.);
#9038 = ORIENTED_EDGE('',*,*,#9039,.T.);
#9039 = EDGE_CURVE('',#6162,#3609,#9040,.T.);
#9040 = LINE('',#9041,#9042);
#9041 = CARTESIAN_POINT('',(307.12200927734,-24.5,62.871631622314));
#9042 = VECTOR('',#9043,1.);
#9043 = DIRECTION('',(0.,-1.,0.));
#9044 = ORIENTED_EDGE('',*,*,#3608,.F.);
#9045 = ORIENTED_EDGE('',*,*,#8660,.F.);
#9046 = PLANE('',#9047);
#9047 = AXIS2_PLACEMENT_3D('',#9048,#9049,#9050);
#9048 = CARTESIAN_POINT('',(309.8073272705,-25.75,65.465753555298));
#9049 = DIRECTION('',(-0.694788701186,0.,0.719213918598));
#9050 = DIRECTION('',(0.719213918598,0.,0.694788701186));
#9051 = ADVANCED_FACE('',(#9052),#9063,.T.);
#9052 = FACE_BOUND('',#9053,.T.);
#9053 = EDGE_LOOP('',(#9054,#9055,#9061,#9062));
#9054 = ORIENTED_EDGE('',*,*,#5190,.F.);
#9055 = ORIENTED_EDGE('',*,*,#9056,.F.);
#9056 = EDGE_CURVE('',#6708,#5183,#9057,.T.);
#9057 = LINE('',#9058,#9059);
#9058 = CARTESIAN_POINT('',(307.12200927734,24.5,62.871631622314));
#9059 = VECTOR('',#9060,1.);
#9060 = DIRECTION('',(0.,1.,0.));
#9061 = ORIENTED_EDGE('',*,*,#6707,.T.);
#9062 = ORIENTED_EDGE('',*,*,#8677,.F.);
#9063 = PLANE('',#9064);
#9064 = AXIS2_PLACEMENT_3D('',#9065,#9066,#9067);
#9065 = CARTESIAN_POINT('',(309.8073272705,25.75,65.465753555298));
#9066 = DIRECTION('',(-0.694788701186,0.,0.719213918598));
#9067 = DIRECTION('',(0.719213918598,0.,0.694788701186));
#9068 = ADVANCED_FACE('',(#9069),#9085,.T.);
#9069 = FACE_BOUND('',#9070,.T.);
#9070 = EDGE_LOOP('',(#9071,#9077,#9078,#9084));
#9071 = ORIENTED_EDGE('',*,*,#9072,.F.);
#9072 = EDGE_CURVE('',#6138,#6732,#9073,.T.);
#9073 = LINE('',#9074,#9075);
#9074 = CARTESIAN_POINT('',(344.4673461914,-24.5,57.139747619629));
#9075 = VECTOR('',#9076,1.);
#9076 = DIRECTION('',(0.,1.,0.));
#9077 = ORIENTED_EDGE('',*,*,#6137,.T.);
#9078 = ORIENTED_EDGE('',*,*,#9079,.T.);
#9079 = EDGE_CURVE('',#6130,#6740,#9080,.T.);
#9080 = LINE('',#9081,#9082);
#9081 = CARTESIAN_POINT('',(348.17492675781,-24.5,58.350688934326));
#9082 = VECTOR('',#9083,1.);
#9083 = DIRECTION('',(0.,1.,0.));
#9084 = ORIENTED_EDGE('',*,*,#6739,.F.);
#9085 = PLANE('',#9086);
#9086 = AXIS2_PLACEMENT_3D('',#9087,#9088,#9089);
#9087 = CARTESIAN_POINT('',(346.3211364746,0.,57.745218276978));
#9088 = DIRECTION('',(-0.310471926685,0.,0.950582549146));
#9089 = DIRECTION('',(0.950582549146,0.,0.310471926685));
#9090 = ADVANCED_FACE('',(#9091),#9097,.T.);
#9091 = FACE_BOUND('',#9092,.T.);
#9092 = EDGE_LOOP('',(#9093,#9094,#9095,#9096));
#9093 = ORIENTED_EDGE('',*,*,#8711,.T.);
#9094 = ORIENTED_EDGE('',*,*,#3843,.T.);
#9095 = ORIENTED_EDGE('',*,*,#8747,.T.);
#9096 = ORIENTED_EDGE('',*,*,#5416,.T.);
#9097 = PLANE('',#9098);
#9098 = AXIS2_PLACEMENT_3D('',#9099,#9100,#9101);
#9099 = CARTESIAN_POINT('',(306.03151342514,-3.359402790929E-12,
    56.502851242332));
#9100 = DIRECTION('',(4.129653977065E-02,-0.,-0.999146934041));
#9101 = DIRECTION('',(-0.999146934041,0.,-4.129653977065E-02));
#9102 = ADVANCED_FACE('',(#9103),#9114,.T.);
#9103 = FACE_BOUND('',#9104,.T.);
#9104 = EDGE_LOOP('',(#9105,#9106,#9107,#9113));
#9105 = ORIENTED_EDGE('',*,*,#8780,.F.);
#9106 = ORIENTED_EDGE('',*,*,#5674,.T.);
#9107 = ORIENTED_EDGE('',*,*,#9108,.T.);
#9108 = EDGE_CURVE('',#5667,#4429,#9109,.T.);
#9109 = LINE('',#9110,#9111);
#9110 = CARTESIAN_POINT('',(361.38543701171,25.89999961853,
    67.430351257324));
#9111 = VECTOR('',#9112,1.);
#9112 = DIRECTION('',(0.,-1.,0.));
#9113 = ORIENTED_EDGE('',*,*,#4428,.T.);
#9114 = PLANE('',#9115);
#9115 = AXIS2_PLACEMENT_3D('',#9116,#9117,#9118);
#9116 = CARTESIAN_POINT('',(360.61294555664,2.595299387087E-16,
    66.170219421387));
#9117 = DIRECTION('',(0.852555254126,0.,-0.522637100351));
#9118 = DIRECTION('',(0.522637100351,0.,0.852555254126));
#9119 = ADVANCED_FACE('',(#9120),#9131,.T.);
#9120 = FACE_BOUND('',#9121,.T.);
#9121 = EDGE_LOOP('',(#9122,#9123,#9124,#9130));
#9122 = ORIENTED_EDGE('',*,*,#8484,.T.);
#9123 = ORIENTED_EDGE('',*,*,#4388,.T.);
#9124 = ORIENTED_EDGE('',*,*,#9125,.F.);
#9125 = EDGE_CURVE('',#5715,#4381,#9126,.T.);
#9126 = LINE('',#9127,#9128);
#9127 = CARTESIAN_POINT('',(350.79946899414,25.89999961853,
    57.673866271973));
#9128 = VECTOR('',#9129,1.);
#9129 = DIRECTION('',(0.,-1.,0.));
#9130 = ORIENTED_EDGE('',*,*,#5714,.T.);
#9131 = PLANE('',#9132);
#9132 = AXIS2_PLACEMENT_3D('',#9133,#9134,#9135);
#9133 = CARTESIAN_POINT('',(351.85961914062,0.,58.226945877075));
#9134 = DIRECTION('',(0.462538259173,-0.,-0.886599322581));
#9135 = DIRECTION('',(-0.886599322581,0.,-0.462538259173));
#9136 = ADVANCED_FACE('',(#9137),#9143,.T.);
#9137 = FACE_BOUND('',#9138,.T.);
#9138 = EDGE_LOOP('',(#9139,#9140,#9141,#9142));
#9139 = ORIENTED_EDGE('',*,*,#5722,.T.);
#9140 = ORIENTED_EDGE('',*,*,#9125,.T.);
#9141 = ORIENTED_EDGE('',*,*,#4380,.T.);
#9142 = ORIENTED_EDGE('',*,*,#8500,.F.);
#9143 = PLANE('',#9144);
#9144 = AXIS2_PLACEMENT_3D('',#9145,#9146,#9147);
#9145 = CARTESIAN_POINT('',(349.66458129882,0.,57.293828964233));
#9146 = DIRECTION('',(0.317536982684,-0.,-0.948245888274));
#9147 = DIRECTION('',(-0.948245888274,0.,-0.317536982684));
#9148 = ADVANCED_FACE('',(#9149),#9160,.T.);
#9149 = FACE_BOUND('',#9150,.T.);
#9150 = EDGE_LOOP('',(#9151,#9152,#9158,#9159));
#9151 = ORIENTED_EDGE('',*,*,#4444,.T.);
#9152 = ORIENTED_EDGE('',*,*,#9153,.F.);
#9153 = EDGE_CURVE('',#5659,#4437,#9154,.T.);
#9154 = LINE('',#9155,#9156);
#9155 = CARTESIAN_POINT('',(362.56564331054,25.89999961853,
    70.233444213867));
#9156 = VECTOR('',#9157,1.);
#9157 = DIRECTION('',(0.,-1.,0.));
#9158 = ORIENTED_EDGE('',*,*,#5658,.T.);
#9159 = ORIENTED_EDGE('',*,*,#8796,.T.);
#9160 = PLANE('',#9161);
#9161 = AXIS2_PLACEMENT_3D('',#9162,#9163,#9164);
#9162 = CARTESIAN_POINT('',(362.9503326416,0.,71.719345092773));
#9163 = DIRECTION('',(0.968082977713,0.,-0.250629902969));
#9164 = DIRECTION('',(0.250629902969,0.,0.968082977713));
#9165 = ADVANCED_FACE('',(#9166),#9177,.T.);
#9166 = FACE_BOUND('',#9167,.T.);
#9167 = EDGE_LOOP('',(#9168,#9169,#9170,#9176));
#9168 = ORIENTED_EDGE('',*,*,#8763,.T.);
#9169 = ORIENTED_EDGE('',*,*,#3736,.T.);
#9170 = ORIENTED_EDGE('',*,*,#9171,.F.);
#9171 = EDGE_CURVE('',#5063,#3729,#9172,.T.);
#9172 = LINE('',#9173,#9174);
#9173 = CARTESIAN_POINT('',(300.99774169921,27.,56.595119476318));
#9174 = VECTOR('',#9175,1.);
#9175 = DIRECTION('',(0.,-1.,0.));
#9176 = ORIENTED_EDGE('',*,*,#5062,.T.);
#9177 = PLANE('',#9178);
#9178 = AXIS2_PLACEMENT_3D('',#9179,#9180,#9181);
#9179 = CARTESIAN_POINT('',(301.88891601562,-1.273572600238E-16,
    56.505681991577));
#9180 = DIRECTION('',(-9.985751600434E-02,-0.,-0.995001746982));
#9181 = DIRECTION('',(-0.995001746982,0.,9.985751600434E-02));
#9182 = ADVANCED_FACE('',(#9183),#9194,.T.);
#9183 = FACE_BOUND('',#9184,.T.);
#9184 = EDGE_LOOP('',(#9185,#9186,#9187,#9188));
#9185 = ORIENTED_EDGE('',*,*,#6081,.T.);
#9186 = ORIENTED_EDGE('',*,*,#8905,.T.);
#9187 = ORIENTED_EDGE('',*,*,#6795,.F.);
#9188 = ORIENTED_EDGE('',*,*,#9189,.F.);
#9189 = EDGE_CURVE('',#6082,#6788,#9190,.T.);
#9190 = LINE('',#9191,#9192);
#9191 = CARTESIAN_POINT('',(360.865234375,-24.5,69.85782623291));
#9192 = VECTOR('',#9193,1.);
#9193 = DIRECTION('',(0.,1.,0.));
#9194 = PLANE('',#9195);
#9195 = AXIS2_PLACEMENT_3D('',#9196,#9197,#9198);
#9196 = CARTESIAN_POINT('',(361.26116943359,0.,71.177604675293));
#9197 = DIRECTION('',(-0.957825980431,-0.,0.287348901532));
#9198 = DIRECTION('',(-0.287348901532,0.,-0.957825980431));
#9199 = ADVANCED_FACE('',(#9200),#9206,.T.);
#9200 = FACE_BOUND('',#9201,.T.);
#9201 = EDGE_LOOP('',(#9202,#9203,#9204,#9205));
#9202 = ORIENTED_EDGE('',*,*,#8043,.F.);
#9203 = ORIENTED_EDGE('',*,*,#8934,.T.);
#9204 = ORIENTED_EDGE('',*,*,#4717,.T.);
#9205 = ORIENTED_EDGE('',*,*,#8968,.F.);
#9206 = PLANE('',#9207);
#9207 = AXIS2_PLACEMENT_3D('',#9208,#9209,#9210);
#9208 = CARTESIAN_POINT('',(338.39012145996,-20.10000038147,
    113.61138153076));
#9209 = DIRECTION('',(0.688582214298,-0.,-0.725158282138));
#9210 = DIRECTION('',(-0.725158282138,0.,-0.688582214298));
#9211 = ADVANCED_FACE('',(#9212),#9218,.T.);
#9212 = FACE_BOUND('',#9213,.T.);
#9213 = EDGE_LOOP('',(#9214,#9215,#9216,#9217));
#9214 = ORIENTED_EDGE('',*,*,#6388,.F.);
#9215 = ORIENTED_EDGE('',*,*,#8951,.T.);
#9216 = ORIENTED_EDGE('',*,*,#7555,.T.);
#9217 = ORIENTED_EDGE('',*,*,#8985,.F.);
#9218 = PLANE('',#9219);
#9219 = AXIS2_PLACEMENT_3D('',#9220,#9221,#9222);
#9220 = CARTESIAN_POINT('',(338.39012145996,20.10000038147,
    113.61138153076));
#9221 = DIRECTION('',(0.688582214298,-0.,-0.725158282138));
#9222 = DIRECTION('',(-0.725158282138,0.,-0.688582214298));
#9223 = ADVANCED_FACE('',(#9224),#9235,.T.);
#9224 = FACE_BOUND('',#9225,.T.);
#9225 = EDGE_LOOP('',(#9226,#9227,#9233,#9234));
#9226 = ORIENTED_EDGE('',*,*,#6105,.T.);
#9227 = ORIENTED_EDGE('',*,*,#9228,.T.);
#9228 = EDGE_CURVE('',#6098,#6772,#9229,.T.);
#9229 = LINE('',#9230,#9231);
#9230 = CARTESIAN_POINT('',(358.13613891601,-24.5,65.138145446777));
#9231 = VECTOR('',#9232,1.);
#9232 = DIRECTION('',(0.,1.,0.));
#9233 = ORIENTED_EDGE('',*,*,#6771,.F.);
#9234 = ORIENTED_EDGE('',*,*,#9006,.F.);
#9235 = PLANE('',#9236);
#9236 = AXIS2_PLACEMENT_3D('',#9237,#9238,#9239);
#9237 = CARTESIAN_POINT('',(357.23170471191,0.,64.188514709473));
#9238 = DIRECTION('',(-0.724128799746,-0.,0.68966476014));
#9239 = DIRECTION('',(-0.68966476014,0.,-0.724128799746));
#9240 = ADVANCED_FACE('',(#9241),#9247,.T.);
#9241 = FACE_BOUND('',#9242,.T.);
#9242 = EDGE_LOOP('',(#9243,#9244,#9245,#9246));
#9243 = ORIENTED_EDGE('',*,*,#9079,.F.);
#9244 = ORIENTED_EDGE('',*,*,#6129,.T.);
#9245 = ORIENTED_EDGE('',*,*,#9021,.T.);
#9246 = ORIENTED_EDGE('',*,*,#6747,.F.);
#9247 = PLANE('',#9248);
#9248 = AXIS2_PLACEMENT_3D('',#9249,#9250,#9251);
#9249 = CARTESIAN_POINT('',(349.71824645996,1.356272933016E-16,
    59.050765991211));
#9250 = DIRECTION('',(-0.413102565885,0.,0.910684506324));
#9251 = DIRECTION('',(0.910684506324,0.,0.413102565885));
#9252 = ADVANCED_FACE('',(#9253),#9322,.T.);
#9253 = FACE_BOUND('',#9254,.T.);
#9254 = EDGE_LOOP('',(#9255,#9256,#9257,#9258,#9266,#9274,#9282,#9290,
    #9298,#9306,#9314,#9320,#9321));
#9255 = ORIENTED_EDGE('',*,*,#9072,.T.);
#9256 = ORIENTED_EDGE('',*,*,#6731,.T.);
#9257 = ORIENTED_EDGE('',*,*,#6883,.T.);
#9258 = ORIENTED_EDGE('',*,*,#9259,.T.);
#9259 = EDGE_CURVE('',#6884,#9260,#9262,.T.);
#9260 = VERTEX_POINT('',#9261);
#9261 = CARTESIAN_POINT('',(306.19454956054,15.,57.418045043945));
#9262 = LINE('',#9263,#9264);
#9263 = CARTESIAN_POINT('',(306.19454956054,21.,57.418045043945));
#9264 = VECTOR('',#9265,1.);
#9265 = DIRECTION('',(0.,-1.,0.));
#9266 = ORIENTED_EDGE('',*,*,#9267,.T.);
#9267 = EDGE_CURVE('',#9260,#9268,#9270,.T.);
#9268 = VERTEX_POINT('',#9269);
#9269 = CARTESIAN_POINT('',(306.19454956054,9.,57.418045043945));
#9270 = LINE('',#9271,#9272);
#9271 = CARTESIAN_POINT('',(306.19454956054,15.,57.418045043945));
#9272 = VECTOR('',#9273,1.);
#9273 = DIRECTION('',(0.,-1.,0.));
#9274 = ORIENTED_EDGE('',*,*,#9275,.F.);
#9275 = EDGE_CURVE('',#9276,#9268,#9278,.T.);
#9276 = VERTEX_POINT('',#9277);
#9277 = CARTESIAN_POINT('',(306.19454956054,3.,57.418045043945));
#9278 = LINE('',#9279,#9280);
#9279 = CARTESIAN_POINT('',(306.19454956054,3.,57.418045043945));
#9280 = VECTOR('',#9281,1.);
#9281 = DIRECTION('',(0.,1.,0.));
#9282 = ORIENTED_EDGE('',*,*,#9283,.T.);
#9283 = EDGE_CURVE('',#9276,#9284,#9286,.T.);
#9284 = VERTEX_POINT('',#9285);
#9285 = CARTESIAN_POINT('',(306.19454956054,-6.100575655131E-15,
    57.418045043945));
#9286 = LINE('',#9287,#9288);
#9287 = CARTESIAN_POINT('',(306.19454956054,3.,57.418045043945));
#9288 = VECTOR('',#9289,1.);
#9289 = DIRECTION('',(0.,-1.,0.));
#9290 = ORIENTED_EDGE('',*,*,#9291,.T.);
#9291 = EDGE_CURVE('',#9284,#9292,#9294,.T.);
#9292 = VERTEX_POINT('',#9293);
#9293 = CARTESIAN_POINT('',(306.19455745869,-3.,57.418064126536));
#9294 = LINE('',#9295,#9296);
#9295 = CARTESIAN_POINT('',(306.19454956054,-6.100575655131E-15,
    57.418045043945));
#9296 = VECTOR('',#9297,1.);
#9297 = DIRECTION('',(0.,-1.,0.));
#9298 = ORIENTED_EDGE('',*,*,#9299,.T.);
#9299 = EDGE_CURVE('',#9292,#9300,#9302,.T.);
#9300 = VERTEX_POINT('',#9301);
#9301 = CARTESIAN_POINT('',(306.19454956054,-9.,57.418045043945));
#9302 = LINE('',#9303,#9304);
#9303 = CARTESIAN_POINT('',(306.19454956054,-6.100575655131E-15,
    57.418045043945));
#9304 = VECTOR('',#9305,1.);
#9305 = DIRECTION('',(0.,-1.,0.));
#9306 = ORIENTED_EDGE('',*,*,#9307,.F.);
#9307 = EDGE_CURVE('',#9308,#9300,#9310,.T.);
#9308 = VERTEX_POINT('',#9309);
#9309 = CARTESIAN_POINT('',(306.19454956054,-15.,57.418045043945));
#9310 = LINE('',#9311,#9312);
#9311 = CARTESIAN_POINT('',(306.19454956054,-15.,57.418045043945));
#9312 = VECTOR('',#9313,1.);
#9313 = DIRECTION('',(0.,1.,0.));
#9314 = ORIENTED_EDGE('',*,*,#9315,.T.);
#9315 = EDGE_CURVE('',#9308,#6241,#9316,.T.);
#9316 = LINE('',#9317,#9318);
#9317 = CARTESIAN_POINT('',(306.19454956054,-15.,57.418045043945));
#9318 = VECTOR('',#9319,1.);
#9319 = DIRECTION('',(0.,-1.,0.));
#9320 = ORIENTED_EDGE('',*,*,#6248,.T.);
#9321 = ORIENTED_EDGE('',*,*,#6145,.T.);
#9322 = PLANE('',#9323);
#9323 = AXIS2_PLACEMENT_3D('',#9324,#9325,#9326);
#9324 = CARTESIAN_POINT('',(325.33094787597,0.,57.278896331787));
#9325 = DIRECTION('',(7.271223736645E-03,0.,0.999973564303));
#9326 = DIRECTION('',(0.999973564303,0.,-7.271223736645E-03));
#9327 = ADVANCED_FACE('',(#9328),#9339,.T.);
#9328 = FACE_BOUND('',#9329,.T.);
#9329 = EDGE_LOOP('',(#9330,#9331,#9337,#9338));
#9330 = ORIENTED_EDGE('',*,*,#6161,.F.);
#9331 = ORIENTED_EDGE('',*,*,#9332,.F.);
#9332 = EDGE_CURVE('',#3617,#6154,#9333,.T.);
#9333 = LINE('',#9334,#9335);
#9334 = CARTESIAN_POINT('',(302.53063964843,-27.,58.934597015381));
#9335 = VECTOR('',#9336,1.);
#9336 = DIRECTION('',(0.,1.,0.));
#9337 = ORIENTED_EDGE('',*,*,#3616,.F.);
#9338 = ORIENTED_EDGE('',*,*,#9039,.F.);
#9339 = PLANE('',#9340);
#9340 = AXIS2_PLACEMENT_3D('',#9341,#9342,#9343);
#9341 = CARTESIAN_POINT('',(304.82632446289,-25.75,60.903114318848));
#9342 = DIRECTION('',(-0.650941470778,0.,0.759127921777));
#9343 = DIRECTION('',(0.759127921777,0.,0.650941470778));
#9344 = ADVANCED_FACE('',(#9345),#9356,.T.);
#9345 = FACE_BOUND('',#9346,.T.);
#9346 = EDGE_LOOP('',(#9347,#9348,#9354,#9355));
#9347 = ORIENTED_EDGE('',*,*,#5182,.F.);
#9348 = ORIENTED_EDGE('',*,*,#9349,.F.);
#9349 = EDGE_CURVE('',#6716,#5175,#9350,.T.);
#9350 = LINE('',#9351,#9352);
#9351 = CARTESIAN_POINT('',(302.53063964843,24.5,58.934597015381));
#9352 = VECTOR('',#9353,1.);
#9353 = DIRECTION('',(0.,1.,0.));
#9354 = ORIENTED_EDGE('',*,*,#6715,.T.);
#9355 = ORIENTED_EDGE('',*,*,#9056,.T.);
#9356 = PLANE('',#9357);
#9357 = AXIS2_PLACEMENT_3D('',#9358,#9359,#9360);
#9358 = CARTESIAN_POINT('',(304.82632446289,25.75,60.903114318848));
#9359 = DIRECTION('',(-0.650941470778,0.,0.759127921777));
#9360 = DIRECTION('',(0.759127921777,0.,0.650941470778));
#9361 = ADVANCED_FACE('',(#9362),#9368,.T.);
#9362 = FACE_BOUND('',#9363,.T.);
#9363 = EDGE_LOOP('',(#9364,#9365,#9366,#9367));
#9364 = ORIENTED_EDGE('',*,*,#9108,.F.);
#9365 = ORIENTED_EDGE('',*,*,#5666,.T.);
#9366 = ORIENTED_EDGE('',*,*,#9153,.T.);
#9367 = ORIENTED_EDGE('',*,*,#4436,.T.);
#9368 = PLANE('',#9369);
#9369 = AXIS2_PLACEMENT_3D('',#9370,#9371,#9372);
#9370 = CARTESIAN_POINT('',(361.97554016113,3.886894897498E-16,
    68.831897735596));
#9371 = DIRECTION('',(0.921640474692,0.,-0.388044888396));
#9372 = DIRECTION('',(0.388044888396,0.,0.921640474692));
#9373 = ADVANCED_FACE('',(#9374),#9385,.T.);
#9374 = FACE_BOUND('',#9375,.T.);
#9375 = EDGE_LOOP('',(#9376,#9377,#9378,#9384));
#9376 = ORIENTED_EDGE('',*,*,#8813,.T.);
#9377 = ORIENTED_EDGE('',*,*,#8012,.F.);
#9378 = ORIENTED_EDGE('',*,*,#9379,.T.);
#9379 = EDGE_CURVE('',#8005,#2287,#9380,.T.);
#9380 = LINE('',#9381,#9382);
#9381 = CARTESIAN_POINT('',(336.77233886718,-18.10000038147,
    116.14865875244));
#9382 = VECTOR('',#9383,1.);
#9383 = DIRECTION('',(0.,1.,0.));
#9384 = ORIENTED_EDGE('',*,*,#2286,.F.);
#9385 = PLANE('',#9386);
#9386 = AXIS2_PLACEMENT_3D('',#9387,#9388,#9389);
#9387 = CARTESIAN_POINT('',(336.95440673828,-17.25,116.02434539794));
#9388 = DIRECTION('',(-0.5638822095,-0.,-0.825855225696));
#9389 = DIRECTION('',(-0.825855225696,0.,0.5638822095));
#9390 = ADVANCED_FACE('',(#9391),#9402,.T.);
#9391 = FACE_BOUND('',#9392,.T.);
#9392 = EDGE_LOOP('',(#9393,#9394,#9395,#9396));
#9393 = ORIENTED_EDGE('',*,*,#7586,.T.);
#9394 = ORIENTED_EDGE('',*,*,#8831,.F.);
#9395 = ORIENTED_EDGE('',*,*,#2691,.T.);
#9396 = ORIENTED_EDGE('',*,*,#9397,.T.);
#9397 = EDGE_CURVE('',#2684,#7587,#9398,.T.);
#9398 = LINE('',#9399,#9400);
#9399 = CARTESIAN_POINT('',(336.77233886718,16.39999961853,
    116.14865875244));
#9400 = VECTOR('',#9401,1.);
#9401 = DIRECTION('',(0.,1.,0.));
#9402 = PLANE('',#9403);
#9403 = AXIS2_PLACEMENT_3D('',#9404,#9405,#9406);
#9404 = CARTESIAN_POINT('',(336.95440673828,17.25,116.02434539794));
#9405 = DIRECTION('',(-0.5638822095,-0.,-0.825855225696));
#9406 = DIRECTION('',(-0.825855225696,0.,0.5638822095));
#9407 = ADVANCED_FACE('',(#9408),#9419,.T.);
#9408 = FACE_BOUND('',#9409,.T.);
#9409 = EDGE_LOOP('',(#9410,#9411,#9417,#9418));
#9410 = ORIENTED_EDGE('',*,*,#2310,.F.);
#9411 = ORIENTED_EDGE('',*,*,#9412,.T.);
#9412 = EDGE_CURVE('',#2303,#3441,#9413,.T.);
#9413 = LINE('',#9414,#9415);
#9414 = CARTESIAN_POINT('',(336.96310424804,-16.39999961853,
    116.84090423584));
#9415 = VECTOR('',#9416,1.);
#9416 = DIRECTION('',(0.,-1.,0.));
#9417 = ORIENTED_EDGE('',*,*,#3440,.F.);
#9418 = ORIENTED_EDGE('',*,*,#8847,.F.);
#9419 = PLANE('',#9420);
#9420 = AXIS2_PLACEMENT_3D('',#9421,#9422,#9423);
#9421 = CARTESIAN_POINT('',(337.55831909179,-21.69999980926,
    117.11068344116));
#9422 = DIRECTION('',(-0.412822391411,0.,0.910811546452));
#9423 = DIRECTION('',(0.910811546452,0.,0.412822391411));
#9424 = ADVANCED_FACE('',(#9425),#9436,.T.);
#9425 = FACE_BOUND('',#9426,.T.);
#9426 = EDGE_LOOP('',(#9427,#9428,#9434,#9435));
#9427 = ORIENTED_EDGE('',*,*,#5349,.T.);
#9428 = ORIENTED_EDGE('',*,*,#9429,.T.);
#9429 = EDGE_CURVE('',#5342,#2668,#9430,.T.);
#9430 = LINE('',#9431,#9432);
#9431 = CARTESIAN_POINT('',(336.96310424804,27.,116.84090423584));
#9432 = VECTOR('',#9433,1.);
#9433 = DIRECTION('',(0.,-1.,0.));
#9434 = ORIENTED_EDGE('',*,*,#2667,.T.);
#9435 = ORIENTED_EDGE('',*,*,#8864,.F.);
#9436 = PLANE('',#9437);
#9437 = AXIS2_PLACEMENT_3D('',#9438,#9439,#9440);
#9438 = CARTESIAN_POINT('',(337.55831909179,21.699999809265,
    117.11068344116));
#9439 = DIRECTION('',(-0.412822391411,0.,0.910811546452));
#9440 = DIRECTION('',(0.910811546452,0.,0.412822391411));
#9441 = ADVANCED_FACE('',(#9442),#9453,.T.);
#9442 = FACE_BOUND('',#9443,.T.);
#9443 = EDGE_LOOP('',(#9444,#9445,#9446,#9447));
#9444 = ORIENTED_EDGE('',*,*,#6089,.T.);
#9445 = ORIENTED_EDGE('',*,*,#9189,.T.);
#9446 = ORIENTED_EDGE('',*,*,#6787,.F.);
#9447 = ORIENTED_EDGE('',*,*,#9448,.F.);
#9448 = EDGE_CURVE('',#6090,#6780,#9449,.T.);
#9449 = LINE('',#9450,#9451);
#9450 = CARTESIAN_POINT('',(359.71459960937,-24.5,67.427742004395));
#9451 = VECTOR('',#9452,1.);
#9452 = DIRECTION('',(0.,1.,0.));
#9453 = PLANE('',#9454);
#9454 = AXIS2_PLACEMENT_3D('',#9455,#9456,#9457);
#9455 = CARTESIAN_POINT('',(360.28991699218,0.,68.642784118652));
#9456 = DIRECTION('',(-0.903803695206,-0.,0.427947287095));
#9457 = DIRECTION('',(-0.427947287095,0.,-0.903803695206));
#9458 = ADVANCED_FACE('',(#9459),#9470,.T.);
#9459 = FACE_BOUND('',#9460,.T.);
#9460 = EDGE_LOOP('',(#9461,#9462,#9463,#9464));
#9461 = ORIENTED_EDGE('',*,*,#7594,.T.);
#9462 = ORIENTED_EDGE('',*,*,#9397,.F.);
#9463 = ORIENTED_EDGE('',*,*,#2683,.T.);
#9464 = ORIENTED_EDGE('',*,*,#9465,.T.);
#9465 = EDGE_CURVE('',#2676,#5503,#9466,.T.);
#9466 = LINE('',#9467,#9468);
#9467 = CARTESIAN_POINT('',(336.44674682617,16.39999961853,
    116.44738769531));
#9468 = VECTOR('',#9469,1.);
#9469 = DIRECTION('',(0.,1.,0.));
#9470 = PLANE('',#9471);
#9471 = AXIS2_PLACEMENT_3D('',#9472,#9473,#9474);
#9472 = CARTESIAN_POINT('',(336.60954284668,17.25,116.29802322387));
#9473 = DIRECTION('',(-0.67605607025,-0.,-0.736850181433));
#9474 = DIRECTION('',(-0.736850181433,0.,0.67605607025));
#9475 = ADVANCED_FACE('',(#9476),#9487,.T.);
#9476 = FACE_BOUND('',#9477,.T.);
#9477 = EDGE_LOOP('',(#9478,#9479,#9480,#9481));
#9478 = ORIENTED_EDGE('',*,*,#2294,.F.);
#9479 = ORIENTED_EDGE('',*,*,#9379,.F.);
#9480 = ORIENTED_EDGE('',*,*,#8004,.F.);
#9481 = ORIENTED_EDGE('',*,*,#9482,.F.);
#9482 = EDGE_CURVE('',#2295,#3884,#9483,.T.);
#9483 = LINE('',#9484,#9485);
#9484 = CARTESIAN_POINT('',(336.44674682617,-16.39999961853,
    116.44738769531));
#9485 = VECTOR('',#9486,1.);
#9486 = DIRECTION('',(0.,-1.,0.));
#9487 = PLANE('',#9488);
#9488 = AXIS2_PLACEMENT_3D('',#9489,#9490,#9491);
#9489 = CARTESIAN_POINT('',(336.60954284668,-17.25,116.29802322387));
#9490 = DIRECTION('',(-0.67605607025,-0.,-0.736850181433));
#9491 = DIRECTION('',(-0.736850181433,0.,0.67605607025));
#9492 = ADVANCED_FACE('',(#9493),#9499,.T.);
#9493 = FACE_BOUND('',#9494,.T.);
#9494 = EDGE_LOOP('',(#9495,#9496,#9497,#9498));
#9495 = ORIENTED_EDGE('',*,*,#9429,.F.);
#9496 = ORIENTED_EDGE('',*,*,#5534,.T.);
#9497 = ORIENTED_EDGE('',*,*,#9465,.F.);
#9498 = ORIENTED_EDGE('',*,*,#2675,.T.);
#9499 = PLANE('',#9500);
#9500 = AXIS2_PLACEMENT_3D('',#9501,#9502,#9503);
#9501 = CARTESIAN_POINT('',(336.80997764739,21.543607845511,
    116.72420629058));
#9502 = DIRECTION('',(-0.606141995856,0.,0.795356448933));
#9503 = DIRECTION('',(0.795356448933,0.,0.606141995856));
#9504 = ADVANCED_FACE('',(#9505),#9511,.T.);
#9505 = FACE_BOUND('',#9506,.T.);
#9506 = EDGE_LOOP('',(#9507,#9508,#9509,#9510));
#9507 = ORIENTED_EDGE('',*,*,#9412,.F.);
#9508 = ORIENTED_EDGE('',*,*,#2302,.F.);
#9509 = ORIENTED_EDGE('',*,*,#9482,.T.);
#9510 = ORIENTED_EDGE('',*,*,#3914,.T.);
#9511 = PLANE('',#9512);
#9512 = AXIS2_PLACEMENT_3D('',#9513,#9514,#9515);
#9513 = CARTESIAN_POINT('',(336.80997764739,-21.54360784551,
    116.72420629058));
#9514 = DIRECTION('',(-0.606141995856,0.,0.795356448933));
#9515 = DIRECTION('',(0.795356448933,0.,0.606141995856));
#9516 = ADVANCED_FACE('',(#9517),#9523,.T.);
#9517 = FACE_BOUND('',#9518,.T.);
#9518 = EDGE_LOOP('',(#9519,#9520,#9521,#9522));
#9519 = ORIENTED_EDGE('',*,*,#6097,.T.);
#9520 = ORIENTED_EDGE('',*,*,#9448,.T.);
#9521 = ORIENTED_EDGE('',*,*,#6779,.F.);
#9522 = ORIENTED_EDGE('',*,*,#9228,.F.);
#9523 = PLANE('',#9524);
#9524 = AXIS2_PLACEMENT_3D('',#9525,#9526,#9527);
#9525 = CARTESIAN_POINT('',(358.92536926269,0.,66.282943725586));
#9526 = DIRECTION('',(-0.823308805239,-0.,0.567593702586));
#9527 = DIRECTION('',(-0.567593702586,0.,-0.823308805239));
#9528 = ADVANCED_FACE('',(#9529),#9540,.T.);
#9529 = FACE_BOUND('',#9530,.T.);
#9530 = EDGE_LOOP('',(#9531,#9532,#9533,#9539));
#9531 = ORIENTED_EDGE('',*,*,#9332,.T.);
#9532 = ORIENTED_EDGE('',*,*,#6272,.T.);
#9533 = ORIENTED_EDGE('',*,*,#9534,.F.);
#9534 = EDGE_CURVE('',#3625,#6264,#9535,.T.);
#9535 = LINE('',#9536,#9537);
#9536 = CARTESIAN_POINT('',(300.53994750976,-27.,59.758487701416));
#9537 = VECTOR('',#9538,1.);
#9538 = DIRECTION('',(0.,1.,0.));
#9539 = ORIENTED_EDGE('',*,*,#3624,.F.);
#9540 = PLANE('',#9541);
#9541 = AXIS2_PLACEMENT_3D('',#9542,#9543,#9544);
#9542 = CARTESIAN_POINT('',(301.29934003291,-24.38612593666,
    59.444196799918));
#9543 = DIRECTION('',(0.382413617748,0.,0.923991247232));
#9544 = DIRECTION('',(0.923991247232,0.,-0.382413617748));
#9545 = ADVANCED_FACE('',(#9546),#9557,.T.);
#9546 = FACE_BOUND('',#9547,.T.);
#9547 = EDGE_LOOP('',(#9548,#9549,#9555,#9556));
#9548 = ORIENTED_EDGE('',*,*,#5174,.F.);
#9549 = ORIENTED_EDGE('',*,*,#9550,.F.);
#9550 = EDGE_CURVE('',#6907,#5167,#9551,.T.);
#9551 = LINE('',#9552,#9553);
#9552 = CARTESIAN_POINT('',(300.53994750976,21.,59.758487701416));
#9553 = VECTOR('',#9554,1.);
#9554 = DIRECTION('',(0.,1.,0.));
#9555 = ORIENTED_EDGE('',*,*,#6914,.F.);
#9556 = ORIENTED_EDGE('',*,*,#9349,.T.);
#9557 = PLANE('',#9558);
#9558 = AXIS2_PLACEMENT_3D('',#9559,#9560,#9561);
#9559 = CARTESIAN_POINT('',(301.29934003291,24.386125936667,
    59.444196799918));
#9560 = DIRECTION('',(0.382413617748,0.,0.923991247232));
#9561 = DIRECTION('',(0.923991247232,0.,-0.382413617748));
#9562 = ADVANCED_FACE('',(#9563),#9638,.T.);
#9563 = FACE_BOUND('',#9564,.T.);
#9564 = EDGE_LOOP('',(#9565,#9566,#9567,#9575,#9583,#9591,#9599,#9607,
    #9615,#9623,#9631,#9637));
#9565 = ORIENTED_EDGE('',*,*,#9171,.T.);
#9566 = ORIENTED_EDGE('',*,*,#3728,.T.);
#9567 = ORIENTED_EDGE('',*,*,#9568,.T.);
#9568 = EDGE_CURVE('',#3721,#9569,#9571,.T.);
#9569 = VERTEX_POINT('',#9570);
#9570 = CARTESIAN_POINT('',(299.86596679687,-21.,56.898986816406));
#9571 = LINE('',#9572,#9573);
#9572 = CARTESIAN_POINT('',(299.86596679687,-27.,56.898986816406));
#9573 = VECTOR('',#9574,1.);
#9574 = DIRECTION('',(0.,1.,0.));
#9575 = ORIENTED_EDGE('',*,*,#9576,.T.);
#9576 = EDGE_CURVE('',#9569,#9577,#9579,.T.);
#9577 = VERTEX_POINT('',#9578);
#9578 = CARTESIAN_POINT('',(299.86596679687,-15.,56.898986816406));
#9579 = LINE('',#9580,#9581);
#9580 = CARTESIAN_POINT('',(299.86596679687,-21.,56.898986816406));
#9581 = VECTOR('',#9582,1.);
#9582 = DIRECTION('',(0.,1.,0.));
#9583 = ORIENTED_EDGE('',*,*,#9584,.F.);
#9584 = EDGE_CURVE('',#9585,#9577,#9587,.T.);
#9585 = VERTEX_POINT('',#9586);
#9586 = CARTESIAN_POINT('',(299.86596679687,-9.,56.898986816406));
#9587 = LINE('',#9588,#9589);
#9588 = CARTESIAN_POINT('',(299.86596679687,-9.,56.898986816406));
#9589 = VECTOR('',#9590,1.);
#9590 = DIRECTION('',(0.,-1.,0.));
#9591 = ORIENTED_EDGE('',*,*,#9592,.F.);
#9592 = EDGE_CURVE('',#9593,#9585,#9595,.T.);
#9593 = VERTEX_POINT('',#9594);
#9594 = CARTESIAN_POINT('',(299.86596679687,-3.,56.898986816406));
#9595 = LINE('',#9596,#9597);
#9596 = CARTESIAN_POINT('',(299.86596679687,-6.165557058229E-15,
    56.898986816406));
#9597 = VECTOR('',#9598,1.);
#9598 = DIRECTION('',(0.,-1.,0.));
#9599 = ORIENTED_EDGE('',*,*,#9600,.F.);
#9600 = EDGE_CURVE('',#9601,#9593,#9603,.T.);
#9601 = VERTEX_POINT('',#9602);
#9602 = CARTESIAN_POINT('',(299.86596679687,3.,56.898986816406));
#9603 = LINE('',#9604,#9605);
#9604 = CARTESIAN_POINT('',(299.86596679687,-6.165557058229E-15,
    56.898986816406));
#9605 = VECTOR('',#9606,1.);
#9606 = DIRECTION('',(0.,-1.,0.));
#9607 = ORIENTED_EDGE('',*,*,#9608,.T.);
#9608 = EDGE_CURVE('',#9601,#9609,#9611,.T.);
#9609 = VERTEX_POINT('',#9610);
#9610 = CARTESIAN_POINT('',(299.86596679687,9.,56.898986816406));
#9611 = LINE('',#9612,#9613);
#9612 = CARTESIAN_POINT('',(299.86596679687,3.,56.898986816406));
#9613 = VECTOR('',#9614,1.);
#9614 = DIRECTION('',(0.,1.,0.));
#9615 = ORIENTED_EDGE('',*,*,#9616,.T.);
#9616 = EDGE_CURVE('',#9609,#9617,#9619,.T.);
#9617 = VERTEX_POINT('',#9618);
#9618 = CARTESIAN_POINT('',(299.86596679687,15.,56.898986816406));
#9619 = LINE('',#9620,#9621);
#9620 = CARTESIAN_POINT('',(299.86596679687,9.,56.898986816406));
#9621 = VECTOR('',#9622,1.);
#9622 = DIRECTION('',(0.,1.,0.));
#9623 = ORIENTED_EDGE('',*,*,#9624,.T.);
#9624 = EDGE_CURVE('',#9617,#9625,#9627,.T.);
#9625 = VERTEX_POINT('',#9626);
#9626 = CARTESIAN_POINT('',(299.86596679687,21.,56.898986816406));
#9627 = LINE('',#9628,#9629);
#9628 = CARTESIAN_POINT('',(299.86596679687,15.,56.898986816406));
#9629 = VECTOR('',#9630,1.);
#9630 = DIRECTION('',(0.,1.,0.));
#9631 = ORIENTED_EDGE('',*,*,#9632,.T.);
#9632 = EDGE_CURVE('',#9625,#5071,#9633,.T.);
#9633 = LINE('',#9634,#9635);
#9634 = CARTESIAN_POINT('',(299.86596679687,21.,56.898986816406));
#9635 = VECTOR('',#9636,1.);
#9636 = DIRECTION('',(0.,1.,0.));
#9637 = ORIENTED_EDGE('',*,*,#5070,.T.);
#9638 = PLANE('',#9639);
#9639 = AXIS2_PLACEMENT_3D('',#9640,#9641,#9642);
#9640 = CARTESIAN_POINT('',(300.43185424804,3.219679240073E-16,
    56.747053146362));
#9641 = DIRECTION('',(-0.259304022342,-0.,-0.965795746521));
#9642 = DIRECTION('',(-0.965795746521,0.,0.259304022342));
#9643 = ADVANCED_FACE('',(#9644),#9669,.T.);
#9644 = FACE_BOUND('',#9645,.T.);
#9645 = EDGE_LOOP('',(#9646,#9647,#9655,#9663));
#9646 = ORIENTED_EDGE('',*,*,#9315,.F.);
#9647 = ORIENTED_EDGE('',*,*,#9648,.F.);
#9648 = EDGE_CURVE('',#9649,#9308,#9651,.T.);
#9649 = VERTEX_POINT('',#9650);
#9650 = CARTESIAN_POINT('',(302.28594970703,-15.,57.446475982666));
#9651 = LINE('',#9652,#9653);
#9652 = CARTESIAN_POINT('',(302.28594970703,-15.,57.446475982666));
#9653 = VECTOR('',#9654,1.);
#9654 = DIRECTION('',(0.999973545915,0.,-7.273752154664E-03));
#9655 = ORIENTED_EDGE('',*,*,#9656,.T.);
#9656 = EDGE_CURVE('',#9649,#9657,#9659,.T.);
#9657 = VERTEX_POINT('',#9658);
#9658 = CARTESIAN_POINT('',(302.28594970703,-21.,57.446475982666));
#9659 = LINE('',#9660,#9661);
#9660 = CARTESIAN_POINT('',(302.28594970703,-15.,57.446475982666));
#9661 = VECTOR('',#9662,1.);
#9662 = DIRECTION('',(0.,-1.,0.));
#9663 = ORIENTED_EDGE('',*,*,#9664,.T.);
#9664 = EDGE_CURVE('',#9657,#6241,#9665,.T.);
#9665 = LINE('',#9666,#9667);
#9666 = CARTESIAN_POINT('',(302.28594970703,-21.,57.446475982666));
#9667 = VECTOR('',#9668,1.);
#9668 = DIRECTION('',(0.999973545915,0.,-7.273752154664E-03));
#9669 = PLANE('',#9670);
#9670 = AXIS2_PLACEMENT_3D('',#9671,#9672,#9673);
#9671 = CARTESIAN_POINT('',(304.24024963378,-18.,57.432260513306));
#9672 = DIRECTION('',(7.273752154664E-03,0.,0.999973545915));
#9673 = DIRECTION('',(0.999973545915,0.,-7.273752154664E-03));
#9674 = ADVANCED_FACE('',(#9675),#9700,.T.);
#9675 = FACE_BOUND('',#9676,.T.);
#9676 = EDGE_LOOP('',(#9677,#9685,#9686,#9694));
#9677 = ORIENTED_EDGE('',*,*,#9678,.F.);
#9678 = EDGE_CURVE('',#9300,#9679,#9681,.T.);
#9679 = VERTEX_POINT('',#9680);
#9680 = CARTESIAN_POINT('',(302.28594970703,-9.,57.446475982666));
#9681 = LINE('',#9682,#9683);
#9682 = CARTESIAN_POINT('',(306.19454956054,-9.,57.418045043945));
#9683 = VECTOR('',#9684,1.);
#9684 = DIRECTION('',(-0.999973545915,0.,7.273752154664E-03));
#9685 = ORIENTED_EDGE('',*,*,#9299,.F.);
#9686 = ORIENTED_EDGE('',*,*,#9687,.F.);
#9687 = EDGE_CURVE('',#9688,#9292,#9690,.T.);
#9688 = VERTEX_POINT('',#9689);
#9689 = CARTESIAN_POINT('',(302.28594970703,-3.,57.446475982666));
#9690 = LINE('',#9691,#9692);
#9691 = CARTESIAN_POINT('',(303.88051766371,-3.,57.43487718372));
#9692 = VECTOR('',#9693,1.);
#9693 = DIRECTION('',(0.999973545915,0.,-7.273752154664E-03));
#9694 = ORIENTED_EDGE('',*,*,#9695,.T.);
#9695 = EDGE_CURVE('',#9688,#9679,#9696,.T.);
#9696 = LINE('',#9697,#9698);
#9697 = CARTESIAN_POINT('',(302.28594970703,-6.101963518615E-15,
    57.446475982666));
#9698 = VECTOR('',#9699,1.);
#9699 = DIRECTION('',(0.,-1.,0.));
#9700 = PLANE('',#9701);
#9701 = AXIS2_PLACEMENT_3D('',#9702,#9703,#9704);
#9702 = CARTESIAN_POINT('',(304.24024963378,-6.,57.432260513306));
#9703 = DIRECTION('',(7.273752154664E-03,8.612928070047E-16,
    0.999973545915));
#9704 = DIRECTION('',(0.999973545915,0.,-7.273752154664E-03));
#9705 = ADVANCED_FACE('',(#9706),#9731,.T.);
#9706 = FACE_BOUND('',#9707,.T.);
#9707 = EDGE_LOOP('',(#9708,#9716,#9724,#9730));
#9708 = ORIENTED_EDGE('',*,*,#9709,.T.);
#9709 = EDGE_CURVE('',#6884,#9710,#9712,.T.);
#9710 = VERTEX_POINT('',#9711);
#9711 = CARTESIAN_POINT('',(302.28594970703,21.,57.446475982666));
#9712 = LINE('',#9713,#9714);
#9713 = CARTESIAN_POINT('',(306.19454956054,21.,57.418045043945));
#9714 = VECTOR('',#9715,1.);
#9715 = DIRECTION('',(-0.999973545915,0.,7.273752154664E-03));
#9716 = ORIENTED_EDGE('',*,*,#9717,.T.);
#9717 = EDGE_CURVE('',#9710,#9718,#9720,.T.);
#9718 = VERTEX_POINT('',#9719);
#9719 = CARTESIAN_POINT('',(302.28594970703,15.,57.446475982666));
#9720 = LINE('',#9721,#9722);
#9721 = CARTESIAN_POINT('',(302.28594970703,21.,57.446475982666));
#9722 = VECTOR('',#9723,1.);
#9723 = DIRECTION('',(0.,-1.,0.));
#9724 = ORIENTED_EDGE('',*,*,#9725,.T.);
#9725 = EDGE_CURVE('',#9718,#9260,#9726,.T.);
#9726 = LINE('',#9727,#9728);
#9727 = CARTESIAN_POINT('',(302.28594970703,15.,57.446475982666));
#9728 = VECTOR('',#9729,1.);
#9729 = DIRECTION('',(0.999973545915,0.,-7.273752154664E-03));
#9730 = ORIENTED_EDGE('',*,*,#9259,.F.);
#9731 = PLANE('',#9732);
#9732 = AXIS2_PLACEMENT_3D('',#9733,#9734,#9735);
#9733 = CARTESIAN_POINT('',(304.24024963378,18.,57.432260513306));
#9734 = DIRECTION('',(7.273752154664E-03,0.,0.999973545915));
#9735 = DIRECTION('',(0.999973545915,0.,-7.273752154664E-03));
#9736 = ADVANCED_FACE('',(#9737),#9762,.T.);
#9737 = FACE_BOUND('',#9738,.T.);
#9738 = EDGE_LOOP('',(#9739,#9747,#9755,#9761));
#9739 = ORIENTED_EDGE('',*,*,#9740,.T.);
#9740 = EDGE_CURVE('',#9268,#9741,#9743,.T.);
#9741 = VERTEX_POINT('',#9742);
#9742 = CARTESIAN_POINT('',(302.28594970703,9.,57.446475982666));
#9743 = LINE('',#9744,#9745);
#9744 = CARTESIAN_POINT('',(306.19454956054,9.,57.418045043945));
#9745 = VECTOR('',#9746,1.);
#9746 = DIRECTION('',(-0.999973545915,0.,7.273752154664E-03));
#9747 = ORIENTED_EDGE('',*,*,#9748,.T.);
#9748 = EDGE_CURVE('',#9741,#9749,#9751,.T.);
#9749 = VERTEX_POINT('',#9750);
#9750 = CARTESIAN_POINT('',(302.28594970703,3.,57.446475982666));
#9751 = LINE('',#9752,#9753);
#9752 = CARTESIAN_POINT('',(302.28594970703,9.,57.446475982666));
#9753 = VECTOR('',#9754,1.);
#9754 = DIRECTION('',(0.,-1.,0.));
#9755 = ORIENTED_EDGE('',*,*,#9756,.T.);
#9756 = EDGE_CURVE('',#9749,#9276,#9757,.T.);
#9757 = LINE('',#9758,#9759);
#9758 = CARTESIAN_POINT('',(302.28594970703,3.,57.446475982666));
#9759 = VECTOR('',#9760,1.);
#9760 = DIRECTION('',(0.999973545915,0.,-7.273752154664E-03));
#9761 = ORIENTED_EDGE('',*,*,#9275,.T.);
#9762 = PLANE('',#9763);
#9763 = AXIS2_PLACEMENT_3D('',#9764,#9765,#9766);
#9764 = CARTESIAN_POINT('',(304.24024963378,6.,57.432260513306));
#9765 = DIRECTION('',(7.273752154664E-03,0.,0.999973545915));
#9766 = DIRECTION('',(0.999973545915,0.,-7.273752154664E-03));
#9767 = ADVANCED_FACE('',(#9768),#9793,.T.);
#9768 = FACE_BOUND('',#9769,.T.);
#9769 = EDGE_LOOP('',(#9770,#9771,#9779,#9787));
#9770 = ORIENTED_EDGE('',*,*,#9307,.T.);
#9771 = ORIENTED_EDGE('',*,*,#9772,.F.);
#9772 = EDGE_CURVE('',#9773,#9300,#9775,.T.);
#9773 = VERTEX_POINT('',#9774);
#9774 = CARTESIAN_POINT('',(300.53994750976,-9.,59.758487701416));
#9775 = LINE('',#9776,#9777);
#9776 = CARTESIAN_POINT('',(300.53994750976,-9.,59.758487701416));
#9777 = VECTOR('',#9778,1.);
#9778 = DIRECTION('',(0.923981767374,0.,-0.382436522264));
#9779 = ORIENTED_EDGE('',*,*,#9780,.F.);
#9780 = EDGE_CURVE('',#9781,#9773,#9783,.T.);
#9781 = VERTEX_POINT('',#9782);
#9782 = CARTESIAN_POINT('',(300.53994750976,-15.,59.758487701416));
#9783 = LINE('',#9784,#9785);
#9784 = CARTESIAN_POINT('',(300.53994750976,-15.,59.758487701416));
#9785 = VECTOR('',#9786,1.);
#9786 = DIRECTION('',(0.,1.,0.));
#9787 = ORIENTED_EDGE('',*,*,#9788,.F.);
#9788 = EDGE_CURVE('',#9308,#9781,#9789,.T.);
#9789 = LINE('',#9790,#9791);
#9790 = CARTESIAN_POINT('',(306.19454956054,-15.,57.418045043945));
#9791 = VECTOR('',#9792,1.);
#9792 = DIRECTION('',(-0.923981767374,0.,0.382436522264));
#9793 = PLANE('',#9794);
#9794 = AXIS2_PLACEMENT_3D('',#9795,#9796,#9797);
#9795 = CARTESIAN_POINT('',(303.36724853515,-12.,58.588266372681));
#9796 = DIRECTION('',(0.382436522264,0.,0.923981767374));
#9797 = DIRECTION('',(0.923981767374,0.,-0.382436522264));
#9798 = ADVANCED_FACE('',(#9799),#9824,.T.);
#9799 = FACE_BOUND('',#9800,.T.);
#9800 = EDGE_LOOP('',(#9801,#9809,#9817,#9823));
#9801 = ORIENTED_EDGE('',*,*,#9802,.T.);
#9802 = EDGE_CURVE('',#9276,#9803,#9805,.T.);
#9803 = VERTEX_POINT('',#9804);
#9804 = CARTESIAN_POINT('',(300.53994750976,3.,59.758487701416));
#9805 = LINE('',#9806,#9807);
#9806 = CARTESIAN_POINT('',(306.19454956054,3.,57.418045043945));
#9807 = VECTOR('',#9808,1.);
#9808 = DIRECTION('',(-0.923981767374,0.,0.382436522264));
#9809 = ORIENTED_EDGE('',*,*,#9810,.F.);
#9810 = EDGE_CURVE('',#9811,#9803,#9813,.T.);
#9811 = VERTEX_POINT('',#9812);
#9812 = CARTESIAN_POINT('',(300.53994750976,-5.847322544781E-15,
    59.758487701416));
#9813 = LINE('',#9814,#9815);
#9814 = CARTESIAN_POINT('',(300.53994750976,-5.847322544781E-15,
    59.758487701416));
#9815 = VECTOR('',#9816,1.);
#9816 = DIRECTION('',(0.,1.,0.));
#9817 = ORIENTED_EDGE('',*,*,#9818,.F.);
#9818 = EDGE_CURVE('',#9284,#9811,#9819,.T.);
#9819 = LINE('',#9820,#9821);
#9820 = CARTESIAN_POINT('',(306.19454956054,-6.100575655131E-15,
    57.418045043945));
#9821 = VECTOR('',#9822,1.);
#9822 = DIRECTION('',(-0.923981767374,4.138244466944E-17,0.382436522264)
  );
#9823 = ORIENTED_EDGE('',*,*,#9283,.F.);
#9824 = PLANE('',#9825);
#9825 = AXIS2_PLACEMENT_3D('',#9826,#9827,#9828);
#9826 = CARTESIAN_POINT('',(303.36724853515,1.5,58.588266372681));
#9827 = DIRECTION('',(0.382436522264,0.,0.923981767374));
#9828 = DIRECTION('',(0.923981767374,0.,-0.382436522264));
#9829 = ADVANCED_FACE('',(#9830),#9855,.T.);
#9830 = FACE_BOUND('',#9831,.T.);
#9831 = EDGE_LOOP('',(#9832,#9833,#9841,#9849));
#9832 = ORIENTED_EDGE('',*,*,#9267,.F.);
#9833 = ORIENTED_EDGE('',*,*,#9834,.T.);
#9834 = EDGE_CURVE('',#9260,#9835,#9837,.T.);
#9835 = VERTEX_POINT('',#9836);
#9836 = CARTESIAN_POINT('',(300.53994750976,15.,59.758487701416));
#9837 = LINE('',#9838,#9839);
#9838 = CARTESIAN_POINT('',(306.19454956054,15.,57.418045043945));
#9839 = VECTOR('',#9840,1.);
#9840 = DIRECTION('',(-0.923981767374,0.,0.382436522264));
#9841 = ORIENTED_EDGE('',*,*,#9842,.F.);
#9842 = EDGE_CURVE('',#9843,#9835,#9845,.T.);
#9843 = VERTEX_POINT('',#9844);
#9844 = CARTESIAN_POINT('',(300.53994750976,9.,59.758487701416));
#9845 = LINE('',#9846,#9847);
#9846 = CARTESIAN_POINT('',(300.53994750976,9.,59.758487701416));
#9847 = VECTOR('',#9848,1.);
#9848 = DIRECTION('',(0.,1.,0.));
#9849 = ORIENTED_EDGE('',*,*,#9850,.F.);
#9850 = EDGE_CURVE('',#9268,#9843,#9851,.T.);
#9851 = LINE('',#9852,#9853);
#9852 = CARTESIAN_POINT('',(306.19454956054,9.,57.418045043945));
#9853 = VECTOR('',#9854,1.);
#9854 = DIRECTION('',(-0.923981767374,0.,0.382436522264));
#9855 = PLANE('',#9856);
#9856 = AXIS2_PLACEMENT_3D('',#9857,#9858,#9859);
#9857 = CARTESIAN_POINT('',(303.36724853515,12.,58.588266372681));
#9858 = DIRECTION('',(0.382436522264,0.,0.923981767374));
#9859 = DIRECTION('',(0.923981767374,0.,-0.382436522264));
#9860 = ADVANCED_FACE('',(#9861),#9981,.T.);
#9861 = FACE_BOUND('',#9862,.T.);
#9862 = EDGE_LOOP('',(#9863,#9864,#9865,#9873,#9881,#9887,#9895,#9903,
    #9911,#9919,#9927,#9935,#9943,#9951,#9959,#9967,#9975));
#9863 = ORIENTED_EDGE('',*,*,#6263,.T.);
#9864 = ORIENTED_EDGE('',*,*,#9664,.F.);
#9865 = ORIENTED_EDGE('',*,*,#9866,.F.);
#9866 = EDGE_CURVE('',#9867,#9657,#9869,.T.);
#9867 = VERTEX_POINT('',#9868);
#9868 = CARTESIAN_POINT('',(300.66400146484,-21.,57.488464355469));
#9869 = LINE('',#9870,#9871);
#9870 = CARTESIAN_POINT('',(300.66400146484,-21.,57.488464355469));
#9871 = VECTOR('',#9872,1.);
#9872 = DIRECTION('',(0.999665084005,0.,-2.587894553802E-02));
#9873 = ORIENTED_EDGE('',*,*,#9874,.T.);
#9874 = EDGE_CURVE('',#9867,#9875,#9877,.T.);
#9875 = VERTEX_POINT('',#9876);
#9876 = CARTESIAN_POINT('',(300.26608276367,-21.,57.192413330078));
#9877 = LINE('',#9878,#9879);
#9878 = CARTESIAN_POINT('',(300.66400146484,-21.,57.488464355469));
#9879 = VECTOR('',#9880,1.);
#9880 = DIRECTION('',(-0.80230517674,0.,-0.596914066995));
#9881 = ORIENTED_EDGE('',*,*,#9882,.F.);
#9882 = EDGE_CURVE('',#9569,#9875,#9883,.T.);
#9883 = LINE('',#9884,#9885);
#9884 = CARTESIAN_POINT('',(299.86596679687,-21.,56.898986816406));
#9885 = VECTOR('',#9886,1.);
#9886 = DIRECTION('',(0.80639717429,0.,0.59137432925));
#9887 = ORIENTED_EDGE('',*,*,#9888,.T.);
#9888 = EDGE_CURVE('',#9569,#9889,#9891,.T.);
#9889 = VERTEX_POINT('',#9890);
#9890 = CARTESIAN_POINT('',(294.91064453125,-21.,58.105144500732));
#9891 = LINE('',#9892,#9893);
#9892 = CARTESIAN_POINT('',(299.86596679687,-21.,56.898986816406));
#9893 = VECTOR('',#9894,1.);
#9894 = DIRECTION('',(-0.971631160898,0.,0.236501347082));
#9895 = ORIENTED_EDGE('',*,*,#9896,.T.);
#9896 = EDGE_CURVE('',#9889,#9897,#9899,.T.);
#9897 = VERTEX_POINT('',#9898);
#9898 = CARTESIAN_POINT('',(294.76846313476,-21.,58.15743637085));
#9899 = LINE('',#9900,#9901);
#9900 = CARTESIAN_POINT('',(294.91064453125,-21.,58.105144500732));
#9901 = VECTOR('',#9902,1.);
#9902 = DIRECTION('',(-0.938537290346,0.,0.345177859414));
#9903 = ORIENTED_EDGE('',*,*,#9904,.T.);
#9904 = EDGE_CURVE('',#9897,#9905,#9907,.T.);
#9905 = VERTEX_POINT('',#9906);
#9906 = CARTESIAN_POINT('',(294.59426879882,-21.,58.271068572998));
#9907 = LINE('',#9908,#9909);
#9908 = CARTESIAN_POINT('',(294.76846313476,-21.,58.15743637085));
#9909 = VECTOR('',#9910,1.);
#9910 = DIRECTION('',(-0.837550750524,0.,0.546359533913));
#9911 = ORIENTED_EDGE('',*,*,#9912,.T.);
#9912 = EDGE_CURVE('',#9905,#9913,#9915,.T.);
#9913 = VERTEX_POINT('',#9914);
#9914 = CARTESIAN_POINT('',(294.47827148437,-21.,58.407989501953));
#9915 = LINE('',#9916,#9917);
#9916 = CARTESIAN_POINT('',(294.59426879882,-21.,58.271068572998));
#9917 = VECTOR('',#9918,1.);
#9918 = DIRECTION('',(-0.64640048243,0.,0.762998306888));
#9919 = ORIENTED_EDGE('',*,*,#9920,.T.);
#9920 = EDGE_CURVE('',#9913,#9921,#9923,.T.);
#9921 = VERTEX_POINT('',#9922);
#9922 = CARTESIAN_POINT('',(294.40213012695,-21.,58.583698272705));
#9923 = LINE('',#9924,#9925);
#9924 = CARTESIAN_POINT('',(294.47827148437,-21.,58.407989501953));
#9925 = VECTOR('',#9926,1.);
#9926 = DIRECTION('',(-0.397611350901,0.,0.917553929551));
#9927 = ORIENTED_EDGE('',*,*,#9928,.T.);
#9928 = EDGE_CURVE('',#9921,#9929,#9931,.T.);
#9929 = VERTEX_POINT('',#9930);
#9930 = CARTESIAN_POINT('',(294.37878417968,-21.,58.779651641846));
#9931 = LINE('',#9932,#9933);
#9932 = CARTESIAN_POINT('',(294.40213012695,-21.,58.583698272705));
#9933 = VECTOR('',#9934,1.);
#9934 = DIRECTION('',(-0.118303653721,0.,0.992977464758));
#9935 = ORIENTED_EDGE('',*,*,#9936,.T.);
#9936 = EDGE_CURVE('',#9929,#9937,#9939,.T.);
#9937 = VERTEX_POINT('',#9938);
#9938 = CARTESIAN_POINT('',(294.41329956054,-21.,58.992004394531));
#9939 = LINE('',#9940,#9941);
#9940 = CARTESIAN_POINT('',(294.37878417968,-21.,58.779651641846));
#9941 = VECTOR('',#9942,1.);
#9942 = DIRECTION('',(0.160432562922,0.,0.98704680373));
#9943 = ORIENTED_EDGE('',*,*,#9944,.T.);
#9944 = EDGE_CURVE('',#9937,#9945,#9947,.T.);
#9945 = VERTEX_POINT('',#9946);
#9946 = CARTESIAN_POINT('',(294.50888061523,-21.,59.191913604736));
#9947 = LINE('',#9948,#9949);
#9948 = CARTESIAN_POINT('',(294.41329956054,-21.,58.992004394531));
#9949 = VECTOR('',#9950,1.);
#9950 = DIRECTION('',(0.431353763681,0.,0.902182869799));
#9951 = ORIENTED_EDGE('',*,*,#9952,.T.);
#9952 = EDGE_CURVE('',#9945,#9953,#9955,.T.);
#9953 = VERTEX_POINT('',#9954);
#9954 = CARTESIAN_POINT('',(294.66091918945,-21.,59.355129241943));
#9955 = LINE('',#9956,#9957);
#9956 = CARTESIAN_POINT('',(294.50888061523,-21.,59.191913604736));
#9957 = VECTOR('',#9958,1.);
#9958 = DIRECTION('',(0.68160867239,0.,0.731716897252));
#9959 = ORIENTED_EDGE('',*,*,#9960,.T.);
#9960 = EDGE_CURVE('',#9953,#9961,#9963,.T.);
#9961 = VERTEX_POINT('',#9962);
#9962 = CARTESIAN_POINT('',(294.92010498046,-21.,59.50622177124));
#9963 = LINE('',#9964,#9965);
#9964 = CARTESIAN_POINT('',(294.66091918945,-21.,59.355129241943));
#9965 = VECTOR('',#9966,1.);
#9966 = DIRECTION('',(0.863922751874,0.,0.503624342933));
#9967 = ORIENTED_EDGE('',*,*,#9968,.T.);
#9968 = EDGE_CURVE('',#9961,#9969,#9971,.T.);
#9969 = VERTEX_POINT('',#9970);
#9970 = CARTESIAN_POINT('',(295.38870239257,-21.,59.655323028564));
#9971 = LINE('',#9972,#9973);
#9972 = CARTESIAN_POINT('',(294.92010498046,-21.,59.50622177124));
#9973 = VECTOR('',#9974,1.);
#9974 = DIRECTION('',(0.952924557444,0.,0.303207499611));
#9975 = ORIENTED_EDGE('',*,*,#9976,.T.);
#9976 = EDGE_CURVE('',#9969,#6264,#9977,.T.);
#9977 = LINE('',#9978,#9979);
#9978 = CARTESIAN_POINT('',(295.38870239257,-21.,59.655323028564));
#9979 = VECTOR('',#9980,1.);
#9980 = DIRECTION('',(0.999799517271,0.,2.002311825005E-02));
#9981 = PLANE('',#9982);
#9982 = AXIS2_PLACEMENT_3D('',#9983,#9984,#9985);
#9983 = CARTESIAN_POINT('',(300.13462937722,-21.,58.326385542706));
#9984 = DIRECTION('',(0.,1.,0.));
#9985 = DIRECTION('',(0.,-0.,1.));
#9986 = ADVANCED_FACE('',(#9987),#9998,.T.);
#9987 = FACE_BOUND('',#9988,.T.);
#9988 = EDGE_LOOP('',(#9989,#9990,#9996,#9997));
#9989 = ORIENTED_EDGE('',*,*,#9976,.F.);
#9990 = ORIENTED_EDGE('',*,*,#9991,.F.);
#9991 = EDGE_CURVE('',#3633,#9969,#9992,.T.);
#9992 = LINE('',#9993,#9994);
#9993 = CARTESIAN_POINT('',(295.38870239257,-27.,59.655323028564));
#9994 = VECTOR('',#9995,1.);
#9995 = DIRECTION('',(0.,1.,0.));
#9996 = ORIENTED_EDGE('',*,*,#3632,.F.);
#9997 = ORIENTED_EDGE('',*,*,#9534,.T.);
#9998 = PLANE('',#9999);
#9999 = AXIS2_PLACEMENT_3D('',#10000,#10001,#10002);
#10000 = CARTESIAN_POINT('',(297.96432495117,-24.,59.70690536499));
#10001 = DIRECTION('',(-2.002311825005E-02,0.,0.999799517271));
#10002 = DIRECTION('',(0.999799517271,0.,2.002311825005E-02));
#10003 = ADVANCED_FACE('',(#10004),#10022,.T.);
#10004 = FACE_BOUND('',#10005,.T.);
#10005 = EDGE_LOOP('',(#10006,#10007,#10015,#10021));
#10006 = ORIENTED_EDGE('',*,*,#5166,.F.);
#10007 = ORIENTED_EDGE('',*,*,#10008,.F.);
#10008 = EDGE_CURVE('',#10009,#5159,#10011,.T.);
#10009 = VERTEX_POINT('',#10010);
#10010 = CARTESIAN_POINT('',(295.38870239257,21.,59.655323028564));
#10011 = LINE('',#10012,#10013);
#10012 = CARTESIAN_POINT('',(295.38870239257,21.,59.655323028564));
#10013 = VECTOR('',#10014,1.);
#10014 = DIRECTION('',(0.,1.,0.));
#10015 = ORIENTED_EDGE('',*,*,#10016,.T.);
#10016 = EDGE_CURVE('',#10009,#6907,#10017,.T.);
#10017 = LINE('',#10018,#10019);
#10018 = CARTESIAN_POINT('',(295.38870239257,21.,59.655323028564));
#10019 = VECTOR('',#10020,1.);
#10020 = DIRECTION('',(0.999799517271,0.,2.002311825005E-02));
#10021 = ORIENTED_EDGE('',*,*,#9550,.T.);
#10022 = PLANE('',#10023);
#10023 = AXIS2_PLACEMENT_3D('',#10024,#10025,#10026);
#10024 = CARTESIAN_POINT('',(297.96432495117,24.,59.70690536499));
#10025 = DIRECTION('',(-2.002311825005E-02,0.,0.999799517271));
#10026 = DIRECTION('',(0.999799517271,0.,2.002311825005E-02));
#10027 = ADVANCED_FACE('',(#10028),#10069,.T.);
#10028 = FACE_BOUND('',#10029,.T.);
#10029 = EDGE_LOOP('',(#10030,#10038,#10039,#10047,#10055,#10063));
#10030 = ORIENTED_EDGE('',*,*,#10031,.T.);
#10031 = EDGE_CURVE('',#10032,#9811,#10034,.T.);
#10032 = VERTEX_POINT('',#10033);
#10033 = CARTESIAN_POINT('',(300.53994750976,-3.,59.758487701416));
#10034 = LINE('',#10035,#10036);
#10035 = CARTESIAN_POINT('',(300.53994750976,-3.,59.758487701416));
#10036 = VECTOR('',#10037,1.);
#10037 = DIRECTION('',(0.,1.,0.));
#10038 = ORIENTED_EDGE('',*,*,#9810,.T.);
#10039 = ORIENTED_EDGE('',*,*,#10040,.T.);
#10040 = EDGE_CURVE('',#9803,#10041,#10043,.T.);
#10041 = VERTEX_POINT('',#10042);
#10042 = CARTESIAN_POINT('',(295.38870239257,3.,59.655323028564));
#10043 = LINE('',#10044,#10045);
#10044 = CARTESIAN_POINT('',(300.53994750976,3.,59.758487701416));
#10045 = VECTOR('',#10046,1.);
#10046 = DIRECTION('',(-0.999799517271,0.,-2.002311825005E-02));
#10047 = ORIENTED_EDGE('',*,*,#10048,.T.);
#10048 = EDGE_CURVE('',#10041,#10049,#10051,.T.);
#10049 = VERTEX_POINT('',#10050);
#10050 = CARTESIAN_POINT('',(295.38870239257,-5.864764223714E-15,
    59.655323028564));
#10051 = LINE('',#10052,#10053);
#10052 = CARTESIAN_POINT('',(295.38870239257,3.,59.655323028564));
#10053 = VECTOR('',#10054,1.);
#10054 = DIRECTION('',(0.,-1.,0.));
#10055 = ORIENTED_EDGE('',*,*,#10056,.T.);
#10056 = EDGE_CURVE('',#10049,#10057,#10059,.T.);
#10057 = VERTEX_POINT('',#10058);
#10058 = CARTESIAN_POINT('',(295.38870239257,-3.,59.655323028564));
#10059 = LINE('',#10060,#10061);
#10060 = CARTESIAN_POINT('',(295.38870239257,-5.864764223714E-15,
    59.655323028564));
#10061 = VECTOR('',#10062,1.);
#10062 = DIRECTION('',(0.,-1.,0.));
#10063 = ORIENTED_EDGE('',*,*,#10064,.T.);
#10064 = EDGE_CURVE('',#10057,#10032,#10065,.T.);
#10065 = LINE('',#10066,#10067);
#10066 = CARTESIAN_POINT('',(295.38870239257,-3.,59.655323028564));
#10067 = VECTOR('',#10068,1.);
#10068 = DIRECTION('',(0.999799517271,0.,2.002311825005E-02));
#10069 = PLANE('',#10070);
#10070 = AXIS2_PLACEMENT_3D('',#10071,#10072,#10073);
#10071 = CARTESIAN_POINT('',(297.96432495117,2.389229576931E-16,
    59.70690536499));
#10072 = DIRECTION('',(-2.002311825005E-02,0.,0.999799517271));
#10073 = DIRECTION('',(0.999799517271,0.,2.002311825005E-02));
#10074 = ADVANCED_FACE('',(#10075),#10100,.T.);
#10075 = FACE_BOUND('',#10076,.T.);
#10076 = EDGE_LOOP('',(#10077,#10085,#10093,#10099));
#10077 = ORIENTED_EDGE('',*,*,#10078,.T.);
#10078 = EDGE_CURVE('',#9773,#10079,#10081,.T.);
#10079 = VERTEX_POINT('',#10080);
#10080 = CARTESIAN_POINT('',(295.38870239257,-9.,59.655323028564));
#10081 = LINE('',#10082,#10083);
#10082 = CARTESIAN_POINT('',(300.53994750976,-9.,59.758487701416));
#10083 = VECTOR('',#10084,1.);
#10084 = DIRECTION('',(-0.999799517271,0.,-2.002311825005E-02));
#10085 = ORIENTED_EDGE('',*,*,#10086,.T.);
#10086 = EDGE_CURVE('',#10079,#10087,#10089,.T.);
#10087 = VERTEX_POINT('',#10088);
#10088 = CARTESIAN_POINT('',(295.38870239257,-15.,59.655323028564));
#10089 = LINE('',#10090,#10091);
#10090 = CARTESIAN_POINT('',(295.38870239257,-9.,59.655323028564));
#10091 = VECTOR('',#10092,1.);
#10092 = DIRECTION('',(0.,-1.,0.));
#10093 = ORIENTED_EDGE('',*,*,#10094,.T.);
#10094 = EDGE_CURVE('',#10087,#9781,#10095,.T.);
#10095 = LINE('',#10096,#10097);
#10096 = CARTESIAN_POINT('',(295.38870239257,-15.,59.655323028564));
#10097 = VECTOR('',#10098,1.);
#10098 = DIRECTION('',(0.999799517271,0.,2.002311825005E-02));
#10099 = ORIENTED_EDGE('',*,*,#9780,.T.);
#10100 = PLANE('',#10101);
#10101 = AXIS2_PLACEMENT_3D('',#10102,#10103,#10104);
#10102 = CARTESIAN_POINT('',(297.96432495117,-12.,59.70690536499));
#10103 = DIRECTION('',(-2.002311825005E-02,0.,0.999799517271));
#10104 = DIRECTION('',(0.999799517271,0.,2.002311825005E-02));
#10105 = ADVANCED_FACE('',(#10106),#10131,.T.);
#10106 = FACE_BOUND('',#10107,.T.);
#10107 = EDGE_LOOP('',(#10108,#10116,#10124,#10130));
#10108 = ORIENTED_EDGE('',*,*,#10109,.T.);
#10109 = EDGE_CURVE('',#9835,#10110,#10112,.T.);
#10110 = VERTEX_POINT('',#10111);
#10111 = CARTESIAN_POINT('',(295.38870239257,15.,59.655323028564));
#10112 = LINE('',#10113,#10114);
#10113 = CARTESIAN_POINT('',(300.53994750976,15.,59.758487701416));
#10114 = VECTOR('',#10115,1.);
#10115 = DIRECTION('',(-0.999799517271,0.,-2.002311825005E-02));
#10116 = ORIENTED_EDGE('',*,*,#10117,.T.);
#10117 = EDGE_CURVE('',#10110,#10118,#10120,.T.);
#10118 = VERTEX_POINT('',#10119);
#10119 = CARTESIAN_POINT('',(295.38870239257,9.,59.655323028564));
#10120 = LINE('',#10121,#10122);
#10121 = CARTESIAN_POINT('',(295.38870239257,15.,59.655323028564));
#10122 = VECTOR('',#10123,1.);
#10123 = DIRECTION('',(0.,-1.,0.));
#10124 = ORIENTED_EDGE('',*,*,#10125,.T.);
#10125 = EDGE_CURVE('',#10118,#9843,#10126,.T.);
#10126 = LINE('',#10127,#10128);
#10127 = CARTESIAN_POINT('',(295.38870239257,9.,59.655323028564));
#10128 = VECTOR('',#10129,1.);
#10129 = DIRECTION('',(0.999799517271,0.,2.002311825005E-02));
#10130 = ORIENTED_EDGE('',*,*,#9842,.T.);
#10131 = PLANE('',#10132);
#10132 = AXIS2_PLACEMENT_3D('',#10133,#10134,#10135);
#10133 = CARTESIAN_POINT('',(297.96432495117,12.,59.70690536499));
#10134 = DIRECTION('',(-2.002311825005E-02,0.,0.999799517271));
#10135 = DIRECTION('',(0.999799517271,0.,2.002311825005E-02));
#10136 = ADVANCED_FACE('',(#10137),#10148,.T.);
#10137 = FACE_BOUND('',#10138,.T.);
#10138 = EDGE_LOOP('',(#10139,#10140,#10141,#10147));
#10139 = ORIENTED_EDGE('',*,*,#9568,.F.);
#10140 = ORIENTED_EDGE('',*,*,#3720,.T.);
#10141 = ORIENTED_EDGE('',*,*,#10142,.T.);
#10142 = EDGE_CURVE('',#3713,#9889,#10143,.T.);
#10143 = LINE('',#10144,#10145);
#10144 = CARTESIAN_POINT('',(294.91064453125,-27.,58.105144500732));
#10145 = VECTOR('',#10146,1.);
#10146 = DIRECTION('',(0.,1.,0.));
#10147 = ORIENTED_EDGE('',*,*,#9888,.F.);
#10148 = PLANE('',#10149);
#10149 = AXIS2_PLACEMENT_3D('',#10150,#10151,#10152);
#10150 = CARTESIAN_POINT('',(297.38830566406,-24.,57.502065658569));
#10151 = DIRECTION('',(-0.236501347082,-0.,-0.971631160898));
#10152 = DIRECTION('',(-0.971631160898,0.,0.236501347082));
#10153 = ADVANCED_FACE('',(#10154),#10187,.T.);
#10154 = FACE_BOUND('',#10155,.T.);
#10155 = EDGE_LOOP('',(#10156,#10157,#10165,#10173,#10181));
#10156 = ORIENTED_EDGE('',*,*,#9600,.T.);
#10157 = ORIENTED_EDGE('',*,*,#10158,.F.);
#10158 = EDGE_CURVE('',#10159,#9593,#10161,.T.);
#10159 = VERTEX_POINT('',#10160);
#10160 = CARTESIAN_POINT('',(294.91064453125,-3.,58.105144500732));
#10161 = LINE('',#10162,#10163);
#10162 = CARTESIAN_POINT('',(294.91064453125,-3.,58.105144500732));
#10163 = VECTOR('',#10164,1.);
#10164 = DIRECTION('',(0.971631160898,0.,-0.236501347082));
#10165 = ORIENTED_EDGE('',*,*,#10166,.T.);
#10166 = EDGE_CURVE('',#10159,#10167,#10169,.T.);
#10167 = VERTEX_POINT('',#10168);
#10168 = CARTESIAN_POINT('',(294.91064453125,-6.037414949353E-15,
    58.105144500732));
#10169 = LINE('',#10170,#10171);
#10170 = CARTESIAN_POINT('',(294.91064453125,-3.,58.105144500732));
#10171 = VECTOR('',#10172,1.);
#10172 = DIRECTION('',(0.,1.,0.));
#10173 = ORIENTED_EDGE('',*,*,#10174,.F.);
#10174 = EDGE_CURVE('',#10175,#10167,#10177,.T.);
#10175 = VERTEX_POINT('',#10176);
#10176 = CARTESIAN_POINT('',(294.91064453125,3.,58.105144500732));
#10177 = LINE('',#10178,#10179);
#10178 = CARTESIAN_POINT('',(294.91064453125,3.,58.105144500732));
#10179 = VECTOR('',#10180,1.);
#10180 = DIRECTION('',(0.,-1.,0.));
#10181 = ORIENTED_EDGE('',*,*,#10182,.F.);
#10182 = EDGE_CURVE('',#9601,#10175,#10183,.T.);
#10183 = LINE('',#10184,#10185);
#10184 = CARTESIAN_POINT('',(299.86596679687,3.,56.898986816406));
#10185 = VECTOR('',#10186,1.);
#10186 = DIRECTION('',(-0.971631160898,0.,0.236501347082));
#10187 = PLANE('',#10188);
#10188 = AXIS2_PLACEMENT_3D('',#10189,#10190,#10191);
#10189 = CARTESIAN_POINT('',(297.38830566406,-1.600320980591E-16,
    57.502065658569));
#10190 = DIRECTION('',(-0.236501347082,-0.,-0.971631160898));
#10191 = DIRECTION('',(-0.971631160898,0.,0.236501347082));
#10192 = ADVANCED_FACE('',(#10193),#10211,.T.);
#10193 = FACE_BOUND('',#10194,.T.);
#10194 = EDGE_LOOP('',(#10195,#10196,#10197,#10205));
#10195 = ORIENTED_EDGE('',*,*,#5078,.F.);
#10196 = ORIENTED_EDGE('',*,*,#9632,.F.);
#10197 = ORIENTED_EDGE('',*,*,#10198,.F.);
#10198 = EDGE_CURVE('',#10199,#9625,#10201,.T.);
#10199 = VERTEX_POINT('',#10200);
#10200 = CARTESIAN_POINT('',(294.91064453125,21.,58.105144500732));
#10201 = LINE('',#10202,#10203);
#10202 = CARTESIAN_POINT('',(294.91064453125,21.,58.105144500732));
#10203 = VECTOR('',#10204,1.);
#10204 = DIRECTION('',(0.971631160898,0.,-0.236501347082));
#10205 = ORIENTED_EDGE('',*,*,#10206,.T.);
#10206 = EDGE_CURVE('',#10199,#5079,#10207,.T.);
#10207 = LINE('',#10208,#10209);
#10208 = CARTESIAN_POINT('',(294.91064453125,21.,58.105144500732));
#10209 = VECTOR('',#10210,1.);
#10210 = DIRECTION('',(0.,1.,0.));
#10211 = PLANE('',#10212);
#10212 = AXIS2_PLACEMENT_3D('',#10213,#10214,#10215);
#10213 = CARTESIAN_POINT('',(297.38830566406,24.,57.502065658569));
#10214 = DIRECTION('',(-0.236501347082,-0.,-0.971631160898));
#10215 = DIRECTION('',(-0.971631160898,0.,0.236501347082));
#10216 = ADVANCED_FACE('',(#10217),#10242,.T.);
#10217 = FACE_BOUND('',#10218,.T.);
#10218 = EDGE_LOOP('',(#10219,#10220,#10228,#10236));
#10219 = ORIENTED_EDGE('',*,*,#9584,.T.);
#10220 = ORIENTED_EDGE('',*,*,#10221,.T.);
#10221 = EDGE_CURVE('',#9577,#10222,#10224,.T.);
#10222 = VERTEX_POINT('',#10223);
#10223 = CARTESIAN_POINT('',(294.91064453125,-15.,58.105144500732));
#10224 = LINE('',#10225,#10226);
#10225 = CARTESIAN_POINT('',(299.86596679687,-15.,56.898986816406));
#10226 = VECTOR('',#10227,1.);
#10227 = DIRECTION('',(-0.971631160898,0.,0.236501347082));
#10228 = ORIENTED_EDGE('',*,*,#10229,.T.);
#10229 = EDGE_CURVE('',#10222,#10230,#10232,.T.);
#10230 = VERTEX_POINT('',#10231);
#10231 = CARTESIAN_POINT('',(294.91064453125,-9.,58.105144500732));
#10232 = LINE('',#10233,#10234);
#10233 = CARTESIAN_POINT('',(294.91064453125,-15.,58.105144500732));
#10234 = VECTOR('',#10235,1.);
#10235 = DIRECTION('',(0.,1.,0.));
#10236 = ORIENTED_EDGE('',*,*,#10237,.T.);
#10237 = EDGE_CURVE('',#10230,#9585,#10238,.T.);
#10238 = LINE('',#10239,#10240);
#10239 = CARTESIAN_POINT('',(294.91064453125,-9.,58.105144500732));
#10240 = VECTOR('',#10241,1.);
#10241 = DIRECTION('',(0.971631160898,0.,-0.236501347082));
#10242 = PLANE('',#10243);
#10243 = AXIS2_PLACEMENT_3D('',#10244,#10245,#10246);
#10244 = CARTESIAN_POINT('',(297.38830566406,-12.,57.502065658569));
#10245 = DIRECTION('',(-0.236501347082,-0.,-0.971631160898));
#10246 = DIRECTION('',(-0.971631160898,0.,0.236501347082));
#10247 = ADVANCED_FACE('',(#10248),#10273,.T.);
#10248 = FACE_BOUND('',#10249,.T.);
#10249 = EDGE_LOOP('',(#10250,#10251,#10259,#10267));
#10250 = ORIENTED_EDGE('',*,*,#9616,.F.);
#10251 = ORIENTED_EDGE('',*,*,#10252,.F.);
#10252 = EDGE_CURVE('',#10253,#9609,#10255,.T.);
#10253 = VERTEX_POINT('',#10254);
#10254 = CARTESIAN_POINT('',(294.91064453125,9.,58.105144500732));
#10255 = LINE('',#10256,#10257);
#10256 = CARTESIAN_POINT('',(294.91064453125,9.,58.105144500732));
#10257 = VECTOR('',#10258,1.);
#10258 = DIRECTION('',(0.971631160898,0.,-0.236501347082));
#10259 = ORIENTED_EDGE('',*,*,#10260,.T.);
#10260 = EDGE_CURVE('',#10253,#10261,#10263,.T.);
#10261 = VERTEX_POINT('',#10262);
#10262 = CARTESIAN_POINT('',(294.91064453125,15.,58.105144500732));
#10263 = LINE('',#10264,#10265);
#10264 = CARTESIAN_POINT('',(294.91064453125,9.,58.105144500732));
#10265 = VECTOR('',#10266,1.);
#10266 = DIRECTION('',(0.,1.,0.));
#10267 = ORIENTED_EDGE('',*,*,#10268,.T.);
#10268 = EDGE_CURVE('',#10261,#9617,#10269,.T.);
#10269 = LINE('',#10270,#10271);
#10270 = CARTESIAN_POINT('',(294.91064453125,15.,58.105144500732));
#10271 = VECTOR('',#10272,1.);
#10272 = DIRECTION('',(0.971631160898,0.,-0.236501347082));
#10273 = PLANE('',#10274);
#10274 = AXIS2_PLACEMENT_3D('',#10275,#10276,#10277);
#10275 = CARTESIAN_POINT('',(297.38830566406,12.,57.502065658569));
#10276 = DIRECTION('',(-0.236501347082,-0.,-0.971631160898));
#10277 = DIRECTION('',(-0.971631160898,0.,0.236501347082));
#10278 = ADVANCED_FACE('',(#10279),#10304,.T.);
#10279 = FACE_BOUND('',#10280,.T.);
#10280 = EDGE_LOOP('',(#10281,#10282,#10290,#10298));
#10281 = ORIENTED_EDGE('',*,*,#9592,.T.);
#10282 = ORIENTED_EDGE('',*,*,#10283,.F.);
#10283 = EDGE_CURVE('',#10284,#9585,#10286,.T.);
#10284 = VERTEX_POINT('',#10285);
#10285 = CARTESIAN_POINT('',(300.26608276367,-9.,57.192413330078));
#10286 = LINE('',#10287,#10288);
#10287 = CARTESIAN_POINT('',(300.26608276367,-9.,57.192413330078));
#10288 = VECTOR('',#10289,1.);
#10289 = DIRECTION('',(-0.80639717429,0.,-0.59137432925));
#10290 = ORIENTED_EDGE('',*,*,#10291,.F.);
#10291 = EDGE_CURVE('',#10292,#10284,#10294,.T.);
#10292 = VERTEX_POINT('',#10293);
#10293 = CARTESIAN_POINT('',(300.26608276367,-3.,57.192413330078));
#10294 = LINE('',#10295,#10296);
#10295 = CARTESIAN_POINT('',(300.26608276367,-6.132516844055E-15,
    57.192413330078));
#10296 = VECTOR('',#10297,1.);
#10297 = DIRECTION('',(0.,-1.,0.));
#10298 = ORIENTED_EDGE('',*,*,#10299,.F.);
#10299 = EDGE_CURVE('',#9593,#10292,#10300,.T.);
#10300 = LINE('',#10301,#10302);
#10301 = CARTESIAN_POINT('',(301.19214085646,-3.,57.871541433367));
#10302 = VECTOR('',#10303,1.);
#10303 = DIRECTION('',(0.80639717429,-0.,0.59137432925));
#10304 = PLANE('',#10305);
#10305 = AXIS2_PLACEMENT_3D('',#10306,#10307,#10308);
#10306 = CARTESIAN_POINT('',(300.06602478027,-6.,57.045700073242));
#10307 = DIRECTION('',(-0.59137432925,2.304063683594E-16,0.80639717429)
  );
#10308 = DIRECTION('',(0.80639717429,1.232595164408E-32,0.59137432925));
#10309 = ADVANCED_FACE('',(#10310),#10328,.T.);
#10310 = FACE_BOUND('',#10311,.T.);
#10311 = EDGE_LOOP('',(#10312,#10313,#10314,#10322));
#10312 = ORIENTED_EDGE('',*,*,#9576,.F.);
#10313 = ORIENTED_EDGE('',*,*,#9882,.T.);
#10314 = ORIENTED_EDGE('',*,*,#10315,.F.);
#10315 = EDGE_CURVE('',#10316,#9875,#10318,.T.);
#10316 = VERTEX_POINT('',#10317);
#10317 = CARTESIAN_POINT('',(300.26608276367,-15.,57.192413330078));
#10318 = LINE('',#10319,#10320);
#10319 = CARTESIAN_POINT('',(300.26608276367,-15.,57.192413330078));
#10320 = VECTOR('',#10321,1.);
#10321 = DIRECTION('',(0.,-1.,0.));
#10322 = ORIENTED_EDGE('',*,*,#10323,.F.);
#10323 = EDGE_CURVE('',#9577,#10316,#10324,.T.);
#10324 = LINE('',#10325,#10326);
#10325 = CARTESIAN_POINT('',(299.86596679687,-15.,56.898986816406));
#10326 = VECTOR('',#10327,1.);
#10327 = DIRECTION('',(0.80639717429,0.,0.59137432925));
#10328 = PLANE('',#10329);
#10329 = AXIS2_PLACEMENT_3D('',#10330,#10331,#10332);
#10330 = CARTESIAN_POINT('',(300.06602478027,-18.,57.045700073242));
#10331 = DIRECTION('',(-0.59137432925,0.,0.80639717429));
#10332 = DIRECTION('',(0.80639717429,0.,0.59137432925));
#10333 = ADVANCED_FACE('',(#10334),#10359,.T.);
#10334 = FACE_BOUND('',#10335,.T.);
#10335 = EDGE_LOOP('',(#10336,#10337,#10345,#10353));
#10336 = ORIENTED_EDGE('',*,*,#9608,.F.);
#10337 = ORIENTED_EDGE('',*,*,#10338,.F.);
#10338 = EDGE_CURVE('',#10339,#9601,#10341,.T.);
#10339 = VERTEX_POINT('',#10340);
#10340 = CARTESIAN_POINT('',(300.26608276367,3.,57.192413330078));
#10341 = LINE('',#10342,#10343);
#10342 = CARTESIAN_POINT('',(300.26608276367,3.,57.192413330078));
#10343 = VECTOR('',#10344,1.);
#10344 = DIRECTION('',(-0.80639717429,0.,-0.59137432925));
#10345 = ORIENTED_EDGE('',*,*,#10346,.T.);
#10346 = EDGE_CURVE('',#10339,#10347,#10349,.T.);
#10347 = VERTEX_POINT('',#10348);
#10348 = CARTESIAN_POINT('',(300.26608276367,9.,57.192413330078));
#10349 = LINE('',#10350,#10351);
#10350 = CARTESIAN_POINT('',(300.26608276367,3.,57.192413330078));
#10351 = VECTOR('',#10352,1.);
#10352 = DIRECTION('',(0.,1.,0.));
#10353 = ORIENTED_EDGE('',*,*,#10354,.F.);
#10354 = EDGE_CURVE('',#9609,#10347,#10355,.T.);
#10355 = LINE('',#10356,#10357);
#10356 = CARTESIAN_POINT('',(299.86596679687,9.,56.898986816406));
#10357 = VECTOR('',#10358,1.);
#10358 = DIRECTION('',(0.80639717429,0.,0.59137432925));
#10359 = PLANE('',#10360);
#10360 = AXIS2_PLACEMENT_3D('',#10361,#10362,#10363);
#10361 = CARTESIAN_POINT('',(300.06602478027,6.,57.045700073242));
#10362 = DIRECTION('',(-0.59137432925,0.,0.80639717429));
#10363 = DIRECTION('',(0.80639717429,0.,0.59137432925));
#10364 = ADVANCED_FACE('',(#10365),#10390,.T.);
#10365 = FACE_BOUND('',#10366,.T.);
#10366 = EDGE_LOOP('',(#10367,#10368,#10376,#10384));
#10367 = ORIENTED_EDGE('',*,*,#9624,.F.);
#10368 = ORIENTED_EDGE('',*,*,#10369,.F.);
#10369 = EDGE_CURVE('',#10370,#9617,#10372,.T.);
#10370 = VERTEX_POINT('',#10371);
#10371 = CARTESIAN_POINT('',(300.26608276367,15.,57.192413330078));
#10372 = LINE('',#10373,#10374);
#10373 = CARTESIAN_POINT('',(300.26608276367,15.,57.192413330078));
#10374 = VECTOR('',#10375,1.);
#10375 = DIRECTION('',(-0.80639717429,0.,-0.59137432925));
#10376 = ORIENTED_EDGE('',*,*,#10377,.T.);
#10377 = EDGE_CURVE('',#10370,#10378,#10380,.T.);
#10378 = VERTEX_POINT('',#10379);
#10379 = CARTESIAN_POINT('',(300.26608276367,21.,57.192413330078));
#10380 = LINE('',#10381,#10382);
#10381 = CARTESIAN_POINT('',(300.26608276367,15.,57.192413330078));
#10382 = VECTOR('',#10383,1.);
#10383 = DIRECTION('',(0.,1.,0.));
#10384 = ORIENTED_EDGE('',*,*,#10385,.F.);
#10385 = EDGE_CURVE('',#9625,#10378,#10386,.T.);
#10386 = LINE('',#10387,#10388);
#10387 = CARTESIAN_POINT('',(299.86596679687,21.,56.898986816406));
#10388 = VECTOR('',#10389,1.);
#10389 = DIRECTION('',(0.80639717429,0.,0.59137432925));
#10390 = PLANE('',#10391);
#10391 = AXIS2_PLACEMENT_3D('',#10392,#10393,#10394);
#10392 = CARTESIAN_POINT('',(300.06602478027,18.,57.045700073242));
#10393 = DIRECTION('',(-0.59137432925,0.,0.80639717429));
#10394 = DIRECTION('',(0.80639717429,0.,0.59137432925));
#10395 = ADVANCED_FACE('',(#10396),#10407,.T.);
#10396 = FACE_BOUND('',#10397,.T.);
#10397 = EDGE_LOOP('',(#10398,#10399,#10400,#10406));
#10398 = ORIENTED_EDGE('',*,*,#9818,.T.);
#10399 = ORIENTED_EDGE('',*,*,#10031,.F.);
#10400 = ORIENTED_EDGE('',*,*,#10401,.T.);
#10401 = EDGE_CURVE('',#10032,#9292,#10402,.T.);
#10402 = LINE('',#10403,#10404);
#10403 = CARTESIAN_POINT('',(300.53994750976,-3.,59.758487701416));
#10404 = VECTOR('',#10405,1.);
#10405 = DIRECTION('',(0.923984348563,0.,-0.382430285948));
#10406 = ORIENTED_EDGE('',*,*,#9291,.F.);
#10407 = PLANE('',#10408);
#10408 = AXIS2_PLACEMENT_3D('',#10409,#10410,#10411);
#10409 = CARTESIAN_POINT('',(303.36725118516,-1.499999999989,
    58.58827277533));
#10410 = DIRECTION('',(0.382434429834,4.684100044761E-06,0.923982633417)
  );
#10411 = DIRECTION('',(0.923982633427,0.,-0.382434429838));
#10412 = ADVANCED_FACE('',(#10413),#10512,.T.);
#10413 = FACE_BOUND('',#10414,.T.);
#10414 = EDGE_LOOP('',(#10415,#10416,#10417,#10425,#10433,#10441,#10449,
    #10457,#10465,#10473,#10481,#10489,#10495,#10496,#10497,#10505,
    #10511));
#10415 = ORIENTED_EDGE('',*,*,#9788,.T.);
#10416 = ORIENTED_EDGE('',*,*,#10094,.F.);
#10417 = ORIENTED_EDGE('',*,*,#10418,.F.);
#10418 = EDGE_CURVE('',#10419,#10087,#10421,.T.);
#10419 = VERTEX_POINT('',#10420);
#10420 = CARTESIAN_POINT('',(294.92010498046,-15.,59.50622177124));
#10421 = LINE('',#10422,#10423);
#10422 = CARTESIAN_POINT('',(294.92010498046,-15.,59.50622177124));
#10423 = VECTOR('',#10424,1.);
#10424 = DIRECTION('',(0.952924557444,0.,0.303207499611));
#10425 = ORIENTED_EDGE('',*,*,#10426,.F.);
#10426 = EDGE_CURVE('',#10427,#10419,#10429,.T.);
#10427 = VERTEX_POINT('',#10428);
#10428 = CARTESIAN_POINT('',(294.66091918945,-15.,59.355129241943));
#10429 = LINE('',#10430,#10431);
#10430 = CARTESIAN_POINT('',(294.66091918945,-15.,59.355129241943));
#10431 = VECTOR('',#10432,1.);
#10432 = DIRECTION('',(0.863922751874,0.,0.503624342933));
#10433 = ORIENTED_EDGE('',*,*,#10434,.F.);
#10434 = EDGE_CURVE('',#10435,#10427,#10437,.T.);
#10435 = VERTEX_POINT('',#10436);
#10436 = CARTESIAN_POINT('',(294.50888061523,-15.,59.191913604736));
#10437 = LINE('',#10438,#10439);
#10438 = CARTESIAN_POINT('',(294.50888061523,-15.,59.191913604736));
#10439 = VECTOR('',#10440,1.);
#10440 = DIRECTION('',(0.68160867239,0.,0.731716897252));
#10441 = ORIENTED_EDGE('',*,*,#10442,.F.);
#10442 = EDGE_CURVE('',#10443,#10435,#10445,.T.);
#10443 = VERTEX_POINT('',#10444);
#10444 = CARTESIAN_POINT('',(294.41329956054,-15.,58.992004394531));
#10445 = LINE('',#10446,#10447);
#10446 = CARTESIAN_POINT('',(294.41329956054,-15.,58.992004394531));
#10447 = VECTOR('',#10448,1.);
#10448 = DIRECTION('',(0.431353763681,0.,0.902182869799));
#10449 = ORIENTED_EDGE('',*,*,#10450,.F.);
#10450 = EDGE_CURVE('',#10451,#10443,#10453,.T.);
#10451 = VERTEX_POINT('',#10452);
#10452 = CARTESIAN_POINT('',(294.37878417968,-15.,58.779651641846));
#10453 = LINE('',#10454,#10455);
#10454 = CARTESIAN_POINT('',(294.37878417968,-15.,58.779651641846));
#10455 = VECTOR('',#10456,1.);
#10456 = DIRECTION('',(0.160432562922,0.,0.98704680373));
#10457 = ORIENTED_EDGE('',*,*,#10458,.F.);
#10458 = EDGE_CURVE('',#10459,#10451,#10461,.T.);
#10459 = VERTEX_POINT('',#10460);
#10460 = CARTESIAN_POINT('',(294.40213012695,-15.,58.583698272705));
#10461 = LINE('',#10462,#10463);
#10462 = CARTESIAN_POINT('',(294.40213012695,-15.,58.583698272705));
#10463 = VECTOR('',#10464,1.);
#10464 = DIRECTION('',(-0.118303653721,0.,0.992977464758));
#10465 = ORIENTED_EDGE('',*,*,#10466,.F.);
#10466 = EDGE_CURVE('',#10467,#10459,#10469,.T.);
#10467 = VERTEX_POINT('',#10468);
#10468 = CARTESIAN_POINT('',(294.47827148437,-15.,58.407989501953));
#10469 = LINE('',#10470,#10471);
#10470 = CARTESIAN_POINT('',(294.47827148437,-15.,58.407989501953));
#10471 = VECTOR('',#10472,1.);
#10472 = DIRECTION('',(-0.397611350901,0.,0.917553929551));
#10473 = ORIENTED_EDGE('',*,*,#10474,.F.);
#10474 = EDGE_CURVE('',#10475,#10467,#10477,.T.);
#10475 = VERTEX_POINT('',#10476);
#10476 = CARTESIAN_POINT('',(294.59426879882,-15.,58.271068572998));
#10477 = LINE('',#10478,#10479);
#10478 = CARTESIAN_POINT('',(294.59426879882,-15.,58.271068572998));
#10479 = VECTOR('',#10480,1.);
#10480 = DIRECTION('',(-0.64640048243,0.,0.762998306888));
#10481 = ORIENTED_EDGE('',*,*,#10482,.F.);
#10482 = EDGE_CURVE('',#10483,#10475,#10485,.T.);
#10483 = VERTEX_POINT('',#10484);
#10484 = CARTESIAN_POINT('',(294.76846313476,-15.,58.15743637085));
#10485 = LINE('',#10486,#10487);
#10486 = CARTESIAN_POINT('',(294.76846313476,-15.,58.15743637085));
#10487 = VECTOR('',#10488,1.);
#10488 = DIRECTION('',(-0.837550750524,0.,0.546359533913));
#10489 = ORIENTED_EDGE('',*,*,#10490,.F.);
#10490 = EDGE_CURVE('',#10222,#10483,#10491,.T.);
#10491 = LINE('',#10492,#10493);
#10492 = CARTESIAN_POINT('',(294.91064453125,-15.,58.105144500732));
#10493 = VECTOR('',#10494,1.);
#10494 = DIRECTION('',(-0.938537290346,0.,0.345177859414));
#10495 = ORIENTED_EDGE('',*,*,#10221,.F.);
#10496 = ORIENTED_EDGE('',*,*,#10323,.T.);
#10497 = ORIENTED_EDGE('',*,*,#10498,.T.);
#10498 = EDGE_CURVE('',#10316,#10499,#10501,.T.);
#10499 = VERTEX_POINT('',#10500);
#10500 = CARTESIAN_POINT('',(300.66400146484,-15.,57.488464355469));
#10501 = LINE('',#10502,#10503);
#10502 = CARTESIAN_POINT('',(300.26608276367,-15.,57.192413330078));
#10503 = VECTOR('',#10504,1.);
#10504 = DIRECTION('',(0.80230517674,0.,0.596914066995));
#10505 = ORIENTED_EDGE('',*,*,#10506,.T.);
#10506 = EDGE_CURVE('',#10499,#9649,#10507,.T.);
#10507 = LINE('',#10508,#10509);
#10508 = CARTESIAN_POINT('',(300.66400146484,-15.,57.488464355469));
#10509 = VECTOR('',#10510,1.);
#10510 = DIRECTION('',(0.999665084005,0.,-2.587894553802E-02));
#10511 = ORIENTED_EDGE('',*,*,#9648,.T.);
#10512 = PLANE('',#10513);
#10513 = AXIS2_PLACEMENT_3D('',#10514,#10515,#10516);
#10514 = CARTESIAN_POINT('',(300.13462937722,-15.,58.326385542706));
#10515 = DIRECTION('',(-0.,-1.,-0.));
#10516 = DIRECTION('',(0.,0.,-1.));
#10517 = ADVANCED_FACE('',(#10518),#10529,.T.);
#10518 = FACE_BOUND('',#10519,.T.);
#10519 = EDGE_LOOP('',(#10520,#10521,#10527,#10528));
#10520 = ORIENTED_EDGE('',*,*,#10506,.F.);
#10521 = ORIENTED_EDGE('',*,*,#10522,.T.);
#10522 = EDGE_CURVE('',#10499,#9867,#10523,.T.);
#10523 = LINE('',#10524,#10525);
#10524 = CARTESIAN_POINT('',(300.66400146484,-15.,57.488464355469));
#10525 = VECTOR('',#10526,1.);
#10526 = DIRECTION('',(0.,-1.,0.));
#10527 = ORIENTED_EDGE('',*,*,#9866,.T.);
#10528 = ORIENTED_EDGE('',*,*,#9656,.F.);
#10529 = PLANE('',#10530);
#10530 = AXIS2_PLACEMENT_3D('',#10531,#10532,#10533);
#10531 = CARTESIAN_POINT('',(301.47497558593,-18.,57.467470169067));
#10532 = DIRECTION('',(2.587894553802E-02,0.,0.999665084005));
#10533 = DIRECTION('',(0.999665084005,0.,-2.587894553802E-02));
#10534 = ADVANCED_FACE('',(#10535),#10560,.T.);
#10535 = FACE_BOUND('',#10536,.T.);
#10536 = EDGE_LOOP('',(#10537,#10547,#10553,#10554));
#10537 = ORIENTED_EDGE('',*,*,#10538,.T.);
#10538 = EDGE_CURVE('',#10539,#10541,#10543,.T.);
#10539 = VERTEX_POINT('',#10540);
#10540 = CARTESIAN_POINT('',(300.66400146484,-3.,57.488464355469));
#10541 = VERTEX_POINT('',#10542);
#10542 = CARTESIAN_POINT('',(300.66400146484,-9.,57.488464355469));
#10543 = LINE('',#10544,#10545);
#10544 = CARTESIAN_POINT('',(300.66400146484,-6.099187791647E-15,
    57.488464355469));
#10545 = VECTOR('',#10546,1.);
#10546 = DIRECTION('',(0.,-1.,0.));
#10547 = ORIENTED_EDGE('',*,*,#10548,.F.);
#10548 = EDGE_CURVE('',#9679,#10541,#10549,.T.);
#10549 = LINE('',#10550,#10551);
#10550 = CARTESIAN_POINT('',(302.28594970703,-9.,57.446475982666));
#10551 = VECTOR('',#10552,1.);
#10552 = DIRECTION('',(-0.999665084005,0.,2.587894553802E-02));
#10553 = ORIENTED_EDGE('',*,*,#9695,.F.);
#10554 = ORIENTED_EDGE('',*,*,#10555,.F.);
#10555 = EDGE_CURVE('',#10539,#9688,#10556,.T.);
#10556 = LINE('',#10557,#10558);
#10557 = CARTESIAN_POINT('',(302.2910309033,-3.,57.446344442609));
#10558 = VECTOR('',#10559,1.);
#10559 = DIRECTION('',(0.999665084005,0.,-2.587894553802E-02));
#10560 = PLANE('',#10561);
#10561 = AXIS2_PLACEMENT_3D('',#10562,#10563,#10564);
#10562 = CARTESIAN_POINT('',(301.47497558593,-6.,57.467470169067));
#10563 = DIRECTION('',(2.587894553802E-02,0.,0.999665084005));
#10564 = DIRECTION('',(0.999665084005,0.,-2.587894553802E-02));
#10565 = ADVANCED_FACE('',(#10566),#10591,.T.);
#10566 = FACE_BOUND('',#10567,.T.);
#10567 = EDGE_LOOP('',(#10568,#10576,#10584,#10590));
#10568 = ORIENTED_EDGE('',*,*,#10569,.T.);
#10569 = EDGE_CURVE('',#9710,#10570,#10572,.T.);
#10570 = VERTEX_POINT('',#10571);
#10571 = CARTESIAN_POINT('',(300.66400146484,21.,57.488464355469));
#10572 = LINE('',#10573,#10574);
#10573 = CARTESIAN_POINT('',(302.28594970703,21.,57.446475982666));
#10574 = VECTOR('',#10575,1.);
#10575 = DIRECTION('',(-0.999665084005,0.,2.587894553802E-02));
#10576 = ORIENTED_EDGE('',*,*,#10577,.T.);
#10577 = EDGE_CURVE('',#10570,#10578,#10580,.T.);
#10578 = VERTEX_POINT('',#10579);
#10579 = CARTESIAN_POINT('',(300.66400146484,15.,57.488464355469));
#10580 = LINE('',#10581,#10582);
#10581 = CARTESIAN_POINT('',(300.66400146484,21.,57.488464355469));
#10582 = VECTOR('',#10583,1.);
#10583 = DIRECTION('',(0.,-1.,0.));
#10584 = ORIENTED_EDGE('',*,*,#10585,.F.);
#10585 = EDGE_CURVE('',#9718,#10578,#10586,.T.);
#10586 = LINE('',#10587,#10588);
#10587 = CARTESIAN_POINT('',(302.28594970703,15.,57.446475982666));
#10588 = VECTOR('',#10589,1.);
#10589 = DIRECTION('',(-0.999665084005,0.,2.587894553802E-02));
#10590 = ORIENTED_EDGE('',*,*,#9717,.F.);
#10591 = PLANE('',#10592);
#10592 = AXIS2_PLACEMENT_3D('',#10593,#10594,#10595);
#10593 = CARTESIAN_POINT('',(301.47497558593,18.,57.467470169067));
#10594 = DIRECTION('',(2.587894553802E-02,0.,0.999665084005));
#10595 = DIRECTION('',(0.999665084005,0.,-2.587894553802E-02));
#10596 = ADVANCED_FACE('',(#10597),#10622,.T.);
#10597 = FACE_BOUND('',#10598,.T.);
#10598 = EDGE_LOOP('',(#10599,#10607,#10615,#10621));
#10599 = ORIENTED_EDGE('',*,*,#10600,.T.);
#10600 = EDGE_CURVE('',#9741,#10601,#10603,.T.);
#10601 = VERTEX_POINT('',#10602);
#10602 = CARTESIAN_POINT('',(300.66400146484,9.,57.488464355469));
#10603 = LINE('',#10604,#10605);
#10604 = CARTESIAN_POINT('',(302.28594970703,9.,57.446475982666));
#10605 = VECTOR('',#10606,1.);
#10606 = DIRECTION('',(-0.999665084005,0.,2.587894553802E-02));
#10607 = ORIENTED_EDGE('',*,*,#10608,.T.);
#10608 = EDGE_CURVE('',#10601,#10609,#10611,.T.);
#10609 = VERTEX_POINT('',#10610);
#10610 = CARTESIAN_POINT('',(300.66400146484,3.,57.488464355469));
#10611 = LINE('',#10612,#10613);
#10612 = CARTESIAN_POINT('',(300.66400146484,9.,57.488464355469));
#10613 = VECTOR('',#10614,1.);
#10614 = DIRECTION('',(0.,-1.,0.));
#10615 = ORIENTED_EDGE('',*,*,#10616,.F.);
#10616 = EDGE_CURVE('',#9749,#10609,#10617,.T.);
#10617 = LINE('',#10618,#10619);
#10618 = CARTESIAN_POINT('',(302.28594970703,3.,57.446475982666));
#10619 = VECTOR('',#10620,1.);
#10620 = DIRECTION('',(-0.999665084005,0.,2.587894553802E-02));
#10621 = ORIENTED_EDGE('',*,*,#9748,.F.);
#10622 = PLANE('',#10623);
#10623 = AXIS2_PLACEMENT_3D('',#10624,#10625,#10626);
#10624 = CARTESIAN_POINT('',(301.47497558593,6.,57.467470169067));
#10625 = DIRECTION('',(2.587894553802E-02,0.,0.999665084005));
#10626 = DIRECTION('',(0.999665084005,0.,-2.587894553802E-02));
#10627 = ADVANCED_FACE('',(#10628),#10639,.T.);
#10628 = FACE_BOUND('',#10629,.T.);
#10629 = EDGE_LOOP('',(#10630,#10631,#10637,#10638));
#10630 = ORIENTED_EDGE('',*,*,#9968,.F.);
#10631 = ORIENTED_EDGE('',*,*,#10632,.F.);
#10632 = EDGE_CURVE('',#3641,#9961,#10633,.T.);
#10633 = LINE('',#10634,#10635);
#10634 = CARTESIAN_POINT('',(294.92010498046,-27.,59.50622177124));
#10635 = VECTOR('',#10636,1.);
#10636 = DIRECTION('',(0.,1.,0.));
#10637 = ORIENTED_EDGE('',*,*,#3640,.T.);
#10638 = ORIENTED_EDGE('',*,*,#9991,.T.);
#10639 = PLANE('',#10640);
#10640 = AXIS2_PLACEMENT_3D('',#10641,#10642,#10643);
#10641 = CARTESIAN_POINT('',(295.15440368652,-24.,59.580772399902));
#10642 = DIRECTION('',(-0.303207499611,0.,0.952924557444));
#10643 = DIRECTION('',(0.952924557444,0.,0.303207499611));
#10644 = ADVANCED_FACE('',(#10645),#10678,.T.);
#10645 = FACE_BOUND('',#10646,.T.);
#10646 = EDGE_LOOP('',(#10647,#10657,#10663,#10664,#10672));
#10647 = ORIENTED_EDGE('',*,*,#10648,.F.);
#10648 = EDGE_CURVE('',#10649,#10651,#10653,.T.);
#10649 = VERTEX_POINT('',#10650);
#10650 = CARTESIAN_POINT('',(294.92010498046,-3.,59.50622177124));
#10651 = VERTEX_POINT('',#10652);
#10652 = CARTESIAN_POINT('',(294.92010498046,-5.881861583754E-15,
    59.50622177124));
#10653 = LINE('',#10654,#10655);
#10654 = CARTESIAN_POINT('',(294.92010498046,-3.,59.50622177124));
#10655 = VECTOR('',#10656,1.);
#10656 = DIRECTION('',(0.,1.,0.));
#10657 = ORIENTED_EDGE('',*,*,#10658,.F.);
#10658 = EDGE_CURVE('',#10057,#10649,#10659,.T.);
#10659 = LINE('',#10660,#10661);
#10660 = CARTESIAN_POINT('',(295.38870239257,-3.,59.655323028564));
#10661 = VECTOR('',#10662,1.);
#10662 = DIRECTION('',(-0.952924557444,0.,-0.303207499611));
#10663 = ORIENTED_EDGE('',*,*,#10056,.F.);
#10664 = ORIENTED_EDGE('',*,*,#10665,.F.);
#10665 = EDGE_CURVE('',#10666,#10049,#10668,.T.);
#10666 = VERTEX_POINT('',#10667);
#10667 = CARTESIAN_POINT('',(294.93683223495,-5.88125145329E-15,
    59.511544153762));
#10668 = LINE('',#10669,#10670);
#10669 = CARTESIAN_POINT('',(294.92010498046,-5.881861583754E-15,
    59.50622177124));
#10670 = VECTOR('',#10671,1.);
#10671 = DIRECTION('',(0.952924557444,3.476863898276E-17,0.303207499611)
  );
#10672 = ORIENTED_EDGE('',*,*,#10673,.F.);
#10673 = EDGE_CURVE('',#10651,#10666,#10674,.T.);
#10674 = LINE('',#10675,#10676);
#10675 = CARTESIAN_POINT('',(294.92010498046,-5.881861583754E-15,
    59.50622177124));
#10676 = VECTOR('',#10677,1.);
#10677 = DIRECTION('',(0.952924557444,3.476863898276E-17,0.303207499611)
  );
#10678 = PLANE('',#10679);
#10679 = AXIS2_PLACEMENT_3D('',#10680,#10681,#10682);
#10680 = CARTESIAN_POINT('',(295.15440368652,-1.5,59.580772399902));
#10681 = DIRECTION('',(-0.303207499611,0.,0.952924557444));
#10682 = DIRECTION('',(0.952924557444,0.,0.303207499611));
#10683 = ADVANCED_FACE('',(#10684),#10702,.T.);
#10684 = FACE_BOUND('',#10685,.T.);
#10685 = EDGE_LOOP('',(#10686,#10694,#10700,#10701));
#10686 = ORIENTED_EDGE('',*,*,#10687,.T.);
#10687 = EDGE_CURVE('',#10079,#10688,#10690,.T.);
#10688 = VERTEX_POINT('',#10689);
#10689 = CARTESIAN_POINT('',(294.92010498046,-9.,59.50622177124));
#10690 = LINE('',#10691,#10692);
#10691 = CARTESIAN_POINT('',(295.38870239257,-9.,59.655323028564));
#10692 = VECTOR('',#10693,1.);
#10693 = DIRECTION('',(-0.952924557444,0.,-0.303207499611));
#10694 = ORIENTED_EDGE('',*,*,#10695,.F.);
#10695 = EDGE_CURVE('',#10419,#10688,#10696,.T.);
#10696 = LINE('',#10697,#10698);
#10697 = CARTESIAN_POINT('',(294.92010498046,-15.,59.50622177124));
#10698 = VECTOR('',#10699,1.);
#10699 = DIRECTION('',(0.,1.,0.));
#10700 = ORIENTED_EDGE('',*,*,#10418,.T.);
#10701 = ORIENTED_EDGE('',*,*,#10086,.F.);
#10702 = PLANE('',#10703);
#10703 = AXIS2_PLACEMENT_3D('',#10704,#10705,#10706);
#10704 = CARTESIAN_POINT('',(295.15440368652,-12.,59.580772399902));
#10705 = DIRECTION('',(-0.303207499611,0.,0.952924557444));
#10706 = DIRECTION('',(0.952924557444,0.,0.303207499611));
#10707 = ADVANCED_FACE('',(#10708),#10793,.T.);
#10708 = FACE_BOUND('',#10709,.T.);
#10709 = EDGE_LOOP('',(#10710,#10711,#10712,#10718,#10719,#10720,#10721,
    #10722,#10723,#10731,#10739,#10747,#10755,#10763,#10771,#10779,
    #10787));
#10710 = ORIENTED_EDGE('',*,*,#10158,.T.);
#10711 = ORIENTED_EDGE('',*,*,#10299,.T.);
#10712 = ORIENTED_EDGE('',*,*,#10713,.T.);
#10713 = EDGE_CURVE('',#10292,#10539,#10714,.T.);
#10714 = LINE('',#10715,#10716);
#10715 = CARTESIAN_POINT('',(301.28718767712,-3.,57.952114132701));
#10716 = VECTOR('',#10717,1.);
#10717 = DIRECTION('',(0.80230517674,-0.,0.596914066995));
#10718 = ORIENTED_EDGE('',*,*,#10555,.T.);
#10719 = ORIENTED_EDGE('',*,*,#9687,.T.);
#10720 = ORIENTED_EDGE('',*,*,#10401,.F.);
#10721 = ORIENTED_EDGE('',*,*,#10064,.F.);
#10722 = ORIENTED_EDGE('',*,*,#10658,.T.);
#10723 = ORIENTED_EDGE('',*,*,#10724,.T.);
#10724 = EDGE_CURVE('',#10649,#10725,#10727,.T.);
#10725 = VERTEX_POINT('',#10726);
#10726 = CARTESIAN_POINT('',(294.66091918945,-3.,59.355129241943));
#10727 = LINE('',#10728,#10729);
#10728 = CARTESIAN_POINT('',(294.92010498046,-3.,59.50622177124));
#10729 = VECTOR('',#10730,1.);
#10730 = DIRECTION('',(-0.863922751874,0.,-0.503624342933));
#10731 = ORIENTED_EDGE('',*,*,#10732,.T.);
#10732 = EDGE_CURVE('',#10725,#10733,#10735,.T.);
#10733 = VERTEX_POINT('',#10734);
#10734 = CARTESIAN_POINT('',(294.50888061523,-3.,59.191913604736));
#10735 = LINE('',#10736,#10737);
#10736 = CARTESIAN_POINT('',(294.66091918945,-3.,59.355129241943));
#10737 = VECTOR('',#10738,1.);
#10738 = DIRECTION('',(-0.68160867239,0.,-0.731716897252));
#10739 = ORIENTED_EDGE('',*,*,#10740,.T.);
#10740 = EDGE_CURVE('',#10733,#10741,#10743,.T.);
#10741 = VERTEX_POINT('',#10742);
#10742 = CARTESIAN_POINT('',(294.41329956054,-3.,58.992004394531));
#10743 = LINE('',#10744,#10745);
#10744 = CARTESIAN_POINT('',(294.50888061523,-3.,59.191913604736));
#10745 = VECTOR('',#10746,1.);
#10746 = DIRECTION('',(-0.431353763681,0.,-0.902182869799));
#10747 = ORIENTED_EDGE('',*,*,#10748,.T.);
#10748 = EDGE_CURVE('',#10741,#10749,#10751,.T.);
#10749 = VERTEX_POINT('',#10750);
#10750 = CARTESIAN_POINT('',(294.37878417968,-3.,58.779651641846));
#10751 = LINE('',#10752,#10753);
#10752 = CARTESIAN_POINT('',(294.41329956054,-3.,58.992004394531));
#10753 = VECTOR('',#10754,1.);
#10754 = DIRECTION('',(-0.160432562922,0.,-0.98704680373));
#10755 = ORIENTED_EDGE('',*,*,#10756,.T.);
#10756 = EDGE_CURVE('',#10749,#10757,#10759,.T.);
#10757 = VERTEX_POINT('',#10758);
#10758 = CARTESIAN_POINT('',(294.40213012695,-3.,58.583698272705));
#10759 = LINE('',#10760,#10761);
#10760 = CARTESIAN_POINT('',(294.37878417968,-3.,58.779651641846));
#10761 = VECTOR('',#10762,1.);
#10762 = DIRECTION('',(0.118303653721,0.,-0.992977464758));
#10763 = ORIENTED_EDGE('',*,*,#10764,.T.);
#10764 = EDGE_CURVE('',#10757,#10765,#10767,.T.);
#10765 = VERTEX_POINT('',#10766);
#10766 = CARTESIAN_POINT('',(294.47827148437,-3.,58.407989501953));
#10767 = LINE('',#10768,#10769);
#10768 = CARTESIAN_POINT('',(294.40213012695,-3.,58.583698272705));
#10769 = VECTOR('',#10770,1.);
#10770 = DIRECTION('',(0.397611350901,0.,-0.917553929551));
#10771 = ORIENTED_EDGE('',*,*,#10772,.T.);
#10772 = EDGE_CURVE('',#10765,#10773,#10775,.T.);
#10773 = VERTEX_POINT('',#10774);
#10774 = CARTESIAN_POINT('',(294.59426879882,-3.,58.271068572998));
#10775 = LINE('',#10776,#10777);
#10776 = CARTESIAN_POINT('',(294.47827148437,-3.,58.407989501953));
#10777 = VECTOR('',#10778,1.);
#10778 = DIRECTION('',(0.64640048243,0.,-0.762998306888));
#10779 = ORIENTED_EDGE('',*,*,#10780,.T.);
#10780 = EDGE_CURVE('',#10773,#10781,#10783,.T.);
#10781 = VERTEX_POINT('',#10782);
#10782 = CARTESIAN_POINT('',(294.76846313476,-3.,58.15743637085));
#10783 = LINE('',#10784,#10785);
#10784 = CARTESIAN_POINT('',(294.59426879882,-3.,58.271068572998));
#10785 = VECTOR('',#10786,1.);
#10786 = DIRECTION('',(0.837550750524,0.,-0.546359533913));
#10787 = ORIENTED_EDGE('',*,*,#10788,.T.);
#10788 = EDGE_CURVE('',#10781,#10159,#10789,.T.);
#10789 = LINE('',#10790,#10791);
#10790 = CARTESIAN_POINT('',(294.76846313476,-3.,58.15743637085));
#10791 = VECTOR('',#10792,1.);
#10792 = DIRECTION('',(0.938537290346,0.,-0.345177859414));
#10793 = PLANE('',#10794);
#10794 = AXIS2_PLACEMENT_3D('',#10795,#10796,#10797);
#10795 = CARTESIAN_POINT('',(300.13463128959,-3.,58.326390163208));
#10796 = DIRECTION('',(-0.,-1.,-0.));
#10797 = DIRECTION('',(0.,0.,-1.));
#10798 = ADVANCED_FACE('',(#10799),#10884,.T.);
#10799 = FACE_BOUND('',#10800,.T.);
#10800 = EDGE_LOOP('',(#10801,#10802,#10803,#10811,#10819,#10827,#10835,
    #10843,#10851,#10859,#10867,#10873,#10874,#10875,#10876,#10877,
    #10878));
#10801 = ORIENTED_EDGE('',*,*,#10283,.T.);
#10802 = ORIENTED_EDGE('',*,*,#10237,.F.);
#10803 = ORIENTED_EDGE('',*,*,#10804,.F.);
#10804 = EDGE_CURVE('',#10805,#10230,#10807,.T.);
#10805 = VERTEX_POINT('',#10806);
#10806 = CARTESIAN_POINT('',(294.76846313476,-9.,58.15743637085));
#10807 = LINE('',#10808,#10809);
#10808 = CARTESIAN_POINT('',(294.76846313476,-9.,58.15743637085));
#10809 = VECTOR('',#10810,1.);
#10810 = DIRECTION('',(0.938537290346,0.,-0.345177859414));
#10811 = ORIENTED_EDGE('',*,*,#10812,.F.);
#10812 = EDGE_CURVE('',#10813,#10805,#10815,.T.);
#10813 = VERTEX_POINT('',#10814);
#10814 = CARTESIAN_POINT('',(294.59426879882,-9.,58.271068572998));
#10815 = LINE('',#10816,#10817);
#10816 = CARTESIAN_POINT('',(294.59426879882,-9.,58.271068572998));
#10817 = VECTOR('',#10818,1.);
#10818 = DIRECTION('',(0.837550750524,0.,-0.546359533913));
#10819 = ORIENTED_EDGE('',*,*,#10820,.F.);
#10820 = EDGE_CURVE('',#10821,#10813,#10823,.T.);
#10821 = VERTEX_POINT('',#10822);
#10822 = CARTESIAN_POINT('',(294.47827148437,-9.,58.407989501953));
#10823 = LINE('',#10824,#10825);
#10824 = CARTESIAN_POINT('',(294.47827148437,-9.,58.407989501953));
#10825 = VECTOR('',#10826,1.);
#10826 = DIRECTION('',(0.64640048243,0.,-0.762998306888));
#10827 = ORIENTED_EDGE('',*,*,#10828,.F.);
#10828 = EDGE_CURVE('',#10829,#10821,#10831,.T.);
#10829 = VERTEX_POINT('',#10830);
#10830 = CARTESIAN_POINT('',(294.40213012695,-9.,58.583698272705));
#10831 = LINE('',#10832,#10833);
#10832 = CARTESIAN_POINT('',(294.40213012695,-9.,58.583698272705));
#10833 = VECTOR('',#10834,1.);
#10834 = DIRECTION('',(0.397611350901,0.,-0.917553929551));
#10835 = ORIENTED_EDGE('',*,*,#10836,.F.);
#10836 = EDGE_CURVE('',#10837,#10829,#10839,.T.);
#10837 = VERTEX_POINT('',#10838);
#10838 = CARTESIAN_POINT('',(294.37878417968,-9.,58.779651641846));
#10839 = LINE('',#10840,#10841);
#10840 = CARTESIAN_POINT('',(294.37878417968,-9.,58.779651641846));
#10841 = VECTOR('',#10842,1.);
#10842 = DIRECTION('',(0.118303653721,0.,-0.992977464758));
#10843 = ORIENTED_EDGE('',*,*,#10844,.F.);
#10844 = EDGE_CURVE('',#10845,#10837,#10847,.T.);
#10845 = VERTEX_POINT('',#10846);
#10846 = CARTESIAN_POINT('',(294.41329956054,-9.,58.992004394531));
#10847 = LINE('',#10848,#10849);
#10848 = CARTESIAN_POINT('',(294.41329956054,-9.,58.992004394531));
#10849 = VECTOR('',#10850,1.);
#10850 = DIRECTION('',(-0.160432562922,0.,-0.98704680373));
#10851 = ORIENTED_EDGE('',*,*,#10852,.F.);
#10852 = EDGE_CURVE('',#10853,#10845,#10855,.T.);
#10853 = VERTEX_POINT('',#10854);
#10854 = CARTESIAN_POINT('',(294.50888061523,-9.,59.191913604736));
#10855 = LINE('',#10856,#10857);
#10856 = CARTESIAN_POINT('',(294.50888061523,-9.,59.191913604736));
#10857 = VECTOR('',#10858,1.);
#10858 = DIRECTION('',(-0.431353763681,0.,-0.902182869799));
#10859 = ORIENTED_EDGE('',*,*,#10860,.F.);
#10860 = EDGE_CURVE('',#10861,#10853,#10863,.T.);
#10861 = VERTEX_POINT('',#10862);
#10862 = CARTESIAN_POINT('',(294.66091918945,-9.,59.355129241943));
#10863 = LINE('',#10864,#10865);
#10864 = CARTESIAN_POINT('',(294.66091918945,-9.,59.355129241943));
#10865 = VECTOR('',#10866,1.);
#10866 = DIRECTION('',(-0.68160867239,0.,-0.731716897252));
#10867 = ORIENTED_EDGE('',*,*,#10868,.F.);
#10868 = EDGE_CURVE('',#10688,#10861,#10869,.T.);
#10869 = LINE('',#10870,#10871);
#10870 = CARTESIAN_POINT('',(294.92010498046,-9.,59.50622177124));
#10871 = VECTOR('',#10872,1.);
#10872 = DIRECTION('',(-0.863922751874,0.,-0.503624342933));
#10873 = ORIENTED_EDGE('',*,*,#10687,.F.);
#10874 = ORIENTED_EDGE('',*,*,#10078,.F.);
#10875 = ORIENTED_EDGE('',*,*,#9772,.T.);
#10876 = ORIENTED_EDGE('',*,*,#9678,.T.);
#10877 = ORIENTED_EDGE('',*,*,#10548,.T.);
#10878 = ORIENTED_EDGE('',*,*,#10879,.T.);
#10879 = EDGE_CURVE('',#10541,#10284,#10880,.T.);
#10880 = LINE('',#10881,#10882);
#10881 = CARTESIAN_POINT('',(300.66400146484,-9.,57.488464355469));
#10882 = VECTOR('',#10883,1.);
#10883 = DIRECTION('',(-0.80230517674,0.,-0.596914066995));
#10884 = PLANE('',#10885);
#10885 = AXIS2_PLACEMENT_3D('',#10886,#10887,#10888);
#10886 = CARTESIAN_POINT('',(300.13462937722,-9.,58.326385542706));
#10887 = DIRECTION('',(0.,1.,0.));
#10888 = DIRECTION('',(0.,-0.,1.));
#10889 = ADVANCED_FACE('',(#10890),#10982,.T.);
#10890 = FACE_BOUND('',#10891,.T.);
#10891 = EDGE_LOOP('',(#10892,#10893,#10894,#10902,#10910,#10918,#10926,
    #10934,#10942,#10950,#10958,#10966,#10972,#10973,#10974,#10980,
    #10981));
#10892 = ORIENTED_EDGE('',*,*,#6906,.T.);
#10893 = ORIENTED_EDGE('',*,*,#10016,.F.);
#10894 = ORIENTED_EDGE('',*,*,#10895,.T.);
#10895 = EDGE_CURVE('',#10009,#10896,#10898,.T.);
#10896 = VERTEX_POINT('',#10897);
#10897 = CARTESIAN_POINT('',(294.94964599609,21.,59.518714904785));
#10898 = LINE('',#10899,#10900);
#10899 = CARTESIAN_POINT('',(295.38870239257,21.,59.655323028564));
#10900 = VECTOR('',#10901,1.);
#10901 = DIRECTION('',(-0.954848879563,0.,-0.297091933916));
#10902 = ORIENTED_EDGE('',*,*,#10903,.T.);
#10903 = EDGE_CURVE('',#10896,#10904,#10906,.T.);
#10904 = VERTEX_POINT('',#10905);
#10905 = CARTESIAN_POINT('',(294.6694946289,21.,59.361938476562));
#10906 = LINE('',#10907,#10908);
#10907 = CARTESIAN_POINT('',(294.94964599609,21.,59.518714904785));
#10908 = VECTOR('',#10909,1.);
#10909 = DIRECTION('',(-0.872649841613,0.,-0.488346448674));
#10910 = ORIENTED_EDGE('',*,*,#10911,.T.);
#10911 = EDGE_CURVE('',#10904,#10912,#10914,.T.);
#10912 = VERTEX_POINT('',#10913);
#10913 = CARTESIAN_POINT('',(294.5230102539,21.,59.212066650391));
#10914 = LINE('',#10915,#10916);
#10915 = CARTESIAN_POINT('',(294.6694946289,21.,59.361938476562));
#10916 = VECTOR('',#10917,1.);
#10917 = DIRECTION('',(-0.698978652375,0.,-0.715142533712));
#10918 = ORIENTED_EDGE('',*,*,#10919,.T.);
#10919 = EDGE_CURVE('',#10912,#10920,#10922,.T.);
#10920 = VERTEX_POINT('',#10921);
#10921 = CARTESIAN_POINT('',(294.41940307617,21.,59.010738372803));
#10922 = LINE('',#10923,#10924);
#10923 = CARTESIAN_POINT('',(294.5230102539,21.,59.212066650391));
#10924 = VECTOR('',#10925,1.);
#10925 = DIRECTION('',(-0.45758173191,0.,-0.889167564986));
#10926 = ORIENTED_EDGE('',*,*,#10927,.T.);
#10927 = EDGE_CURVE('',#10920,#10928,#10930,.T.);
#10928 = VERTEX_POINT('',#10929);
#10929 = CARTESIAN_POINT('',(294.37905883789,21.,58.789451599121));
#10930 = LINE('',#10931,#10932);
#10931 = CARTESIAN_POINT('',(294.41940307617,21.,59.010738372803));
#10932 = VECTOR('',#10933,1.);
#10933 = DIRECTION('',(-0.179360002327,0.,-0.983783507468));
#10934 = ORIENTED_EDGE('',*,*,#10935,.T.);
#10935 = EDGE_CURVE('',#10928,#10936,#10938,.T.);
#10936 = VERTEX_POINT('',#10937);
#10937 = CARTESIAN_POINT('',(294.3982849121,21.,58.598838806152));
#10938 = LINE('',#10939,#10940);
#10939 = CARTESIAN_POINT('',(294.37905883789,21.,58.789451599121));
#10940 = VECTOR('',#10941,1.);
#10941 = DIRECTION('',(0.100355354606,0.,-0.994951658525));
#10942 = ORIENTED_EDGE('',*,*,#10943,.T.);
#10943 = EDGE_CURVE('',#10936,#10944,#10946,.T.);
#10944 = VERTEX_POINT('',#10945);
#10945 = CARTESIAN_POINT('',(294.43688964843,21.,58.485527038574));
#10946 = LINE('',#10947,#10948);
#10947 = CARTESIAN_POINT('',(294.3982849121,21.,58.598838806152));
#10948 = VECTOR('',#10949,1.);
#10949 = DIRECTION('',(0.322492247038,0.,-0.946572105336));
#10950 = ORIENTED_EDGE('',*,*,#10951,.T.);
#10951 = EDGE_CURVE('',#10944,#10952,#10954,.T.);
#10952 = VERTEX_POINT('',#10953);
#10953 = CARTESIAN_POINT('',(294.53607177734,21.,58.329978942871));
#10954 = LINE('',#10955,#10956);
#10955 = CARTESIAN_POINT('',(294.43688964843,21.,58.485527038574));
#10956 = VECTOR('',#10957,1.);
#10957 = DIRECTION('',(0.537635261945,0.,-0.843177516964));
#10958 = ORIENTED_EDGE('',*,*,#10959,.T.);
#10959 = EDGE_CURVE('',#10952,#10960,#10962,.T.);
#10960 = VERTEX_POINT('',#10961);
#10961 = CARTESIAN_POINT('',(294.67889404296,21.,58.206878662109));
#10962 = LINE('',#10963,#10964);
#10963 = CARTESIAN_POINT('',(294.53607177734,21.,58.329978942871));
#10964 = VECTOR('',#10965,1.);
#10965 = DIRECTION('',(0.757468610671,0.,-0.652871582969));
#10966 = ORIENTED_EDGE('',*,*,#10967,.T.);
#10967 = EDGE_CURVE('',#10960,#10199,#10968,.T.);
#10968 = LINE('',#10969,#10970);
#10969 = CARTESIAN_POINT('',(294.67889404296,21.,58.206878662109));
#10970 = VECTOR('',#10971,1.);
#10971 = DIRECTION('',(0.915658507807,0.,-0.40195708363));
#10972 = ORIENTED_EDGE('',*,*,#10198,.T.);
#10973 = ORIENTED_EDGE('',*,*,#10385,.T.);
#10974 = ORIENTED_EDGE('',*,*,#10975,.F.);
#10975 = EDGE_CURVE('',#10570,#10378,#10976,.T.);
#10976 = LINE('',#10977,#10978);
#10977 = CARTESIAN_POINT('',(300.66400146484,21.,57.488464355469));
#10978 = VECTOR('',#10979,1.);
#10979 = DIRECTION('',(-0.80230517674,0.,-0.596914066995));
#10980 = ORIENTED_EDGE('',*,*,#10569,.F.);
#10981 = ORIENTED_EDGE('',*,*,#9709,.F.);
#10982 = PLANE('',#10983);
#10983 = AXIS2_PLACEMENT_3D('',#10984,#10985,#10986);
#10984 = CARTESIAN_POINT('',(300.13464244296,21.,58.326432498874));
#10985 = DIRECTION('',(-0.,-1.,-0.));
#10986 = DIRECTION('',(0.,0.,-1.));
#10987 = ADVANCED_FACE('',(#10988),#10999,.T.);
#10988 = FACE_BOUND('',#10989,.T.);
#10989 = EDGE_LOOP('',(#10990,#10991,#10992,#10998));
#10990 = ORIENTED_EDGE('',*,*,#10142,.F.);
#10991 = ORIENTED_EDGE('',*,*,#3712,.T.);
#10992 = ORIENTED_EDGE('',*,*,#10993,.T.);
#10993 = EDGE_CURVE('',#3705,#9897,#10994,.T.);
#10994 = LINE('',#10995,#10996);
#10995 = CARTESIAN_POINT('',(294.76846313476,-27.,58.15743637085));
#10996 = VECTOR('',#10997,1.);
#10997 = DIRECTION('',(0.,1.,0.));
#10998 = ORIENTED_EDGE('',*,*,#9896,.F.);
#10999 = PLANE('',#11000);
#11000 = AXIS2_PLACEMENT_3D('',#11001,#11002,#11003);
#11001 = CARTESIAN_POINT('',(294.839553833,-24.,58.131290435791));
#11002 = DIRECTION('',(-0.345177859414,-0.,-0.938537290346));
#11003 = DIRECTION('',(-0.938537290346,0.,0.345177859414));
#11004 = ADVANCED_FACE('',(#11005),#11023,.T.);
#11005 = FACE_BOUND('',#11006,.T.);
#11006 = EDGE_LOOP('',(#11007,#11008,#11009,#11017));
#11007 = ORIENTED_EDGE('',*,*,#10166,.F.);
#11008 = ORIENTED_EDGE('',*,*,#10788,.F.);
#11009 = ORIENTED_EDGE('',*,*,#11010,.F.);
#11010 = EDGE_CURVE('',#11011,#10781,#11013,.T.);
#11011 = VERTEX_POINT('',#11012);
#11012 = CARTESIAN_POINT('',(294.76846313476,-6.031774980474E-15,
    58.15743637085));
#11013 = LINE('',#11014,#11015);
#11014 = CARTESIAN_POINT('',(294.76846313476,-6.031774980474E-15,
    58.15743637085));
#11015 = VECTOR('',#11016,1.);
#11016 = DIRECTION('',(0.,-1.,0.));
#11017 = ORIENTED_EDGE('',*,*,#11018,.F.);
#11018 = EDGE_CURVE('',#10167,#11011,#11019,.T.);
#11019 = LINE('',#11020,#11021);
#11020 = CARTESIAN_POINT('',(294.91064453125,-6.037414949353E-15,
    58.105144500732));
#11021 = VECTOR('',#11022,1.);
#11022 = DIRECTION('',(-0.938537290346,3.722935095936E-17,0.345177859414
    ));
#11023 = PLANE('',#11024);
#11024 = AXIS2_PLACEMENT_3D('',#11025,#11026,#11027);
#11025 = CARTESIAN_POINT('',(294.839553833,-1.5,58.131290435791));
#11026 = DIRECTION('',(-0.345177859414,-0.,-0.938537290346));
#11027 = DIRECTION('',(-0.938537290346,0.,0.345177859414));
#11028 = ADVANCED_FACE('',(#11029),#11040,.T.);
#11029 = FACE_BOUND('',#11030,.T.);
#11030 = EDGE_LOOP('',(#11031,#11032,#11033,#11039));
#11031 = ORIENTED_EDGE('',*,*,#10229,.F.);
#11032 = ORIENTED_EDGE('',*,*,#10490,.T.);
#11033 = ORIENTED_EDGE('',*,*,#11034,.T.);
#11034 = EDGE_CURVE('',#10483,#10805,#11035,.T.);
#11035 = LINE('',#11036,#11037);
#11036 = CARTESIAN_POINT('',(294.76846313476,-15.,58.15743637085));
#11037 = VECTOR('',#11038,1.);
#11038 = DIRECTION('',(0.,1.,0.));
#11039 = ORIENTED_EDGE('',*,*,#10804,.T.);
#11040 = PLANE('',#11041);
#11041 = AXIS2_PLACEMENT_3D('',#11042,#11043,#11044);
#11042 = CARTESIAN_POINT('',(294.839553833,-12.,58.131290435791));
#11043 = DIRECTION('',(-0.345177859414,-0.,-0.938537290346));
#11044 = DIRECTION('',(-0.938537290346,0.,0.345177859414));
#11045 = ADVANCED_FACE('',(#11046),#11129,.T.);
#11046 = FACE_BOUND('',#11047,.T.);
#11047 = EDGE_LOOP('',(#11048,#11049,#11050,#11058,#11064,#11065,#11073,
    #11081,#11089,#11097,#11105,#11113,#11119,#11120,#11121,#11122,
    #11123));
#11048 = ORIENTED_EDGE('',*,*,#10338,.T.);
#11049 = ORIENTED_EDGE('',*,*,#10182,.T.);
#11050 = ORIENTED_EDGE('',*,*,#11051,.T.);
#11051 = EDGE_CURVE('',#10175,#11052,#11054,.T.);
#11052 = VERTEX_POINT('',#11053);
#11053 = CARTESIAN_POINT('',(294.67889404296,3.,58.206878662109));
#11054 = LINE('',#11055,#11056);
#11055 = CARTESIAN_POINT('',(294.91064453125,3.,58.105144500732));
#11056 = VECTOR('',#11057,1.);
#11057 = DIRECTION('',(-0.915658507807,0.,0.40195708363));
#11058 = ORIENTED_EDGE('',*,*,#11059,.T.);
#11059 = EDGE_CURVE('',#11052,#63,#11060,.T.);
#11060 = LINE('',#11061,#11062);
#11061 = CARTESIAN_POINT('',(294.67889404296,3.,58.206878662109));
#11062 = VECTOR('',#11063,1.);
#11063 = DIRECTION('',(-0.757468610671,0.,0.652871582969));
#11064 = ORIENTED_EDGE('',*,*,#62,.T.);
#11065 = ORIENTED_EDGE('',*,*,#11066,.T.);
#11066 = EDGE_CURVE('',#55,#11067,#11069,.T.);
#11067 = VERTEX_POINT('',#11068);
#11068 = CARTESIAN_POINT('',(294.3982849121,3.,58.598838806152));
#11069 = LINE('',#11070,#11071);
#11070 = CARTESIAN_POINT('',(294.43688964843,3.,58.485527038574));
#11071 = VECTOR('',#11072,1.);
#11072 = DIRECTION('',(-0.322492247038,0.,0.946572105336));
#11073 = ORIENTED_EDGE('',*,*,#11074,.T.);
#11074 = EDGE_CURVE('',#11067,#11075,#11077,.T.);
#11075 = VERTEX_POINT('',#11076);
#11076 = CARTESIAN_POINT('',(294.37905883789,3.,58.789451599121));
#11077 = LINE('',#11078,#11079);
#11078 = CARTESIAN_POINT('',(294.3982849121,3.,58.598838806152));
#11079 = VECTOR('',#11080,1.);
#11080 = DIRECTION('',(-0.100355354606,0.,0.994951658525));
#11081 = ORIENTED_EDGE('',*,*,#11082,.T.);
#11082 = EDGE_CURVE('',#11075,#11083,#11085,.T.);
#11083 = VERTEX_POINT('',#11084);
#11084 = CARTESIAN_POINT('',(294.41940307617,3.,59.010738372803));
#11085 = LINE('',#11086,#11087);
#11086 = CARTESIAN_POINT('',(294.37905883789,3.,58.789451599121));
#11087 = VECTOR('',#11088,1.);
#11088 = DIRECTION('',(0.179360002327,0.,0.983783507468));
#11089 = ORIENTED_EDGE('',*,*,#11090,.T.);
#11090 = EDGE_CURVE('',#11083,#11091,#11093,.T.);
#11091 = VERTEX_POINT('',#11092);
#11092 = CARTESIAN_POINT('',(294.5230102539,3.,59.212066650391));
#11093 = LINE('',#11094,#11095);
#11094 = CARTESIAN_POINT('',(294.41940307617,3.,59.010738372803));
#11095 = VECTOR('',#11096,1.);
#11096 = DIRECTION('',(0.45758173191,0.,0.889167564986));
#11097 = ORIENTED_EDGE('',*,*,#11098,.T.);
#11098 = EDGE_CURVE('',#11091,#11099,#11101,.T.);
#11099 = VERTEX_POINT('',#11100);
#11100 = CARTESIAN_POINT('',(294.6694946289,3.,59.361938476562));
#11101 = LINE('',#11102,#11103);
#11102 = CARTESIAN_POINT('',(294.5230102539,3.,59.212066650391));
#11103 = VECTOR('',#11104,1.);
#11104 = DIRECTION('',(0.698978652375,0.,0.715142533712));
#11105 = ORIENTED_EDGE('',*,*,#11106,.T.);
#11106 = EDGE_CURVE('',#11099,#11107,#11109,.T.);
#11107 = VERTEX_POINT('',#11108);
#11108 = CARTESIAN_POINT('',(294.94964599609,3.,59.518714904785));
#11109 = LINE('',#11110,#11111);
#11110 = CARTESIAN_POINT('',(294.6694946289,3.,59.361938476562));
#11111 = VECTOR('',#11112,1.);
#11112 = DIRECTION('',(0.872649841613,0.,0.488346448674));
#11113 = ORIENTED_EDGE('',*,*,#11114,.T.);
#11114 = EDGE_CURVE('',#11107,#10041,#11115,.T.);
#11115 = LINE('',#11116,#11117);
#11116 = CARTESIAN_POINT('',(294.94964599609,3.,59.518714904785));
#11117 = VECTOR('',#11118,1.);
#11118 = DIRECTION('',(0.954848879563,0.,0.297091933916));
#11119 = ORIENTED_EDGE('',*,*,#10040,.F.);
#11120 = ORIENTED_EDGE('',*,*,#9802,.F.);
#11121 = ORIENTED_EDGE('',*,*,#9756,.F.);
#11122 = ORIENTED_EDGE('',*,*,#10616,.T.);
#11123 = ORIENTED_EDGE('',*,*,#11124,.T.);
#11124 = EDGE_CURVE('',#10609,#10339,#11125,.T.);
#11125 = LINE('',#11126,#11127);
#11126 = CARTESIAN_POINT('',(300.66400146484,3.,57.488464355469));
#11127 = VECTOR('',#11128,1.);
#11128 = DIRECTION('',(-0.80230517674,0.,-0.596914066995));
#11129 = PLANE('',#11130);
#11130 = AXIS2_PLACEMENT_3D('',#11131,#11132,#11133);
#11131 = CARTESIAN_POINT('',(300.13464244296,3.,58.326432498874));
#11132 = DIRECTION('',(0.,1.,0.));
#11133 = DIRECTION('',(0.,-0.,1.));
#11134 = ADVANCED_FACE('',(#11135),#11161,.T.);
#11135 = FACE_BOUND('',#11136,.T.);
#11136 = EDGE_LOOP('',(#11137,#11138,#11146,#11154,#11160));
#11137 = ORIENTED_EDGE('',*,*,#10174,.T.);
#11138 = ORIENTED_EDGE('',*,*,#11139,.F.);
#11139 = EDGE_CURVE('',#11140,#10167,#11142,.T.);
#11140 = VERTEX_POINT('',#11141);
#11141 = CARTESIAN_POINT('',(294.72101439793,-6.028394085957E-15,
    58.188388608342));
#11142 = LINE('',#11143,#11144);
#11143 = CARTESIAN_POINT('',(294.67889404296,-6.026390392028E-15,
    58.206878662109));
#11144 = VECTOR('',#11145,1.);
#11145 = DIRECTION('',(0.915658507807,-4.355861247283E-17,-0.40195708363
    ));
#11146 = ORIENTED_EDGE('',*,*,#11147,.F.);
#11147 = EDGE_CURVE('',#11148,#11140,#11150,.T.);
#11148 = VERTEX_POINT('',#11149);
#11149 = CARTESIAN_POINT('',(294.67889404296,-6.026390392028E-15,
    58.206878662109));
#11150 = LINE('',#11151,#11152);
#11151 = CARTESIAN_POINT('',(294.67889404296,-6.026390392028E-15,
    58.206878662109));
#11152 = VECTOR('',#11153,1.);
#11153 = DIRECTION('',(0.915658507807,-4.355861247283E-17,-0.40195708363
    ));
#11154 = ORIENTED_EDGE('',*,*,#11155,.F.);
#11155 = EDGE_CURVE('',#11052,#11148,#11156,.T.);
#11156 = LINE('',#11157,#11158);
#11157 = CARTESIAN_POINT('',(294.67889404296,3.,58.206878662109));
#11158 = VECTOR('',#11159,1.);
#11159 = DIRECTION('',(0.,-1.,0.));
#11160 = ORIENTED_EDGE('',*,*,#11051,.F.);
#11161 = PLANE('',#11162);
#11162 = AXIS2_PLACEMENT_3D('',#11163,#11164,#11165);
#11163 = CARTESIAN_POINT('',(294.7947692871,1.5,58.156011581421));
#11164 = DIRECTION('',(-0.40195708363,-0.,-0.915658507807));
#11165 = DIRECTION('',(-0.915658507807,0.,0.40195708363));
#11166 = ADVANCED_FACE('',(#11167),#11178,.T.);
#11167 = FACE_BOUND('',#11168,.T.);
#11168 = EDGE_LOOP('',(#11169,#11170,#11171,#11177));
#11169 = ORIENTED_EDGE('',*,*,#10206,.F.);
#11170 = ORIENTED_EDGE('',*,*,#10967,.F.);
#11171 = ORIENTED_EDGE('',*,*,#11172,.F.);
#11172 = EDGE_CURVE('',#5087,#10960,#11173,.T.);
#11173 = LINE('',#11174,#11175);
#11174 = CARTESIAN_POINT('',(294.67889404296,27.,58.206878662109));
#11175 = VECTOR('',#11176,1.);
#11176 = DIRECTION('',(0.,-1.,0.));
#11177 = ORIENTED_EDGE('',*,*,#5086,.F.);
#11178 = PLANE('',#11179);
#11179 = AXIS2_PLACEMENT_3D('',#11180,#11181,#11182);
#11180 = CARTESIAN_POINT('',(294.7947692871,24.,58.156011581421));
#11181 = DIRECTION('',(-0.40195708363,-0.,-0.915658507807));
#11182 = DIRECTION('',(-0.915658507807,0.,0.40195708363));
#11183 = ADVANCED_FACE('',(#11184),#11209,.T.);
#11184 = FACE_BOUND('',#11185,.T.);
#11185 = EDGE_LOOP('',(#11186,#11187,#11195,#11203));
#11186 = ORIENTED_EDGE('',*,*,#10260,.F.);
#11187 = ORIENTED_EDGE('',*,*,#11188,.F.);
#11188 = EDGE_CURVE('',#11189,#10253,#11191,.T.);
#11189 = VERTEX_POINT('',#11190);
#11190 = CARTESIAN_POINT('',(294.67889404296,9.,58.206878662109));
#11191 = LINE('',#11192,#11193);
#11192 = CARTESIAN_POINT('',(294.67889404296,9.,58.206878662109));
#11193 = VECTOR('',#11194,1.);
#11194 = DIRECTION('',(0.915658507807,0.,-0.40195708363));
#11195 = ORIENTED_EDGE('',*,*,#11196,.F.);
#11196 = EDGE_CURVE('',#11197,#11189,#11199,.T.);
#11197 = VERTEX_POINT('',#11198);
#11198 = CARTESIAN_POINT('',(294.67889404296,15.,58.206878662109));
#11199 = LINE('',#11200,#11201);
#11200 = CARTESIAN_POINT('',(294.67889404296,15.,58.206878662109));
#11201 = VECTOR('',#11202,1.);
#11202 = DIRECTION('',(0.,-1.,0.));
#11203 = ORIENTED_EDGE('',*,*,#11204,.T.);
#11204 = EDGE_CURVE('',#11197,#10261,#11205,.T.);
#11205 = LINE('',#11206,#11207);
#11206 = CARTESIAN_POINT('',(294.67889404296,15.,58.206878662109));
#11207 = VECTOR('',#11208,1.);
#11208 = DIRECTION('',(0.915658507807,0.,-0.40195708363));
#11209 = PLANE('',#11210);
#11210 = AXIS2_PLACEMENT_3D('',#11211,#11212,#11213);
#11211 = CARTESIAN_POINT('',(294.7947692871,12.,58.156011581421));
#11212 = DIRECTION('',(-0.40195708363,-0.,-0.915658507807));
#11213 = DIRECTION('',(-0.915658507807,0.,0.40195708363));
#11214 = ADVANCED_FACE('',(#11215),#11221,.T.);
#11215 = FACE_BOUND('',#11216,.T.);
#11216 = EDGE_LOOP('',(#11217,#11218,#11219,#11220));
#11217 = ORIENTED_EDGE('',*,*,#10291,.T.);
#11218 = ORIENTED_EDGE('',*,*,#10879,.F.);
#11219 = ORIENTED_EDGE('',*,*,#10538,.F.);
#11220 = ORIENTED_EDGE('',*,*,#10713,.F.);
#11221 = PLANE('',#11222);
#11222 = AXIS2_PLACEMENT_3D('',#11223,#11224,#11225);
#11223 = CARTESIAN_POINT('',(300.46504211425,-6.,57.340438842773));
#11224 = DIRECTION('',(-0.596914066995,0.,0.80230517674));
#11225 = DIRECTION('',(0.80230517674,0.,0.596914066995));
#11226 = ADVANCED_FACE('',(#11227),#11233,.T.);
#11227 = FACE_BOUND('',#11228,.T.);
#11228 = EDGE_LOOP('',(#11229,#11230,#11231,#11232));
#11229 = ORIENTED_EDGE('',*,*,#10498,.F.);
#11230 = ORIENTED_EDGE('',*,*,#10315,.T.);
#11231 = ORIENTED_EDGE('',*,*,#9874,.F.);
#11232 = ORIENTED_EDGE('',*,*,#10522,.F.);
#11233 = PLANE('',#11234);
#11234 = AXIS2_PLACEMENT_3D('',#11235,#11236,#11237);
#11235 = CARTESIAN_POINT('',(300.46504211425,-18.,57.340438842773));
#11236 = DIRECTION('',(-0.596914066995,0.,0.80230517674));
#11237 = DIRECTION('',(0.80230517674,0.,0.596914066995));
#11238 = ADVANCED_FACE('',(#11239),#11250,.T.);
#11239 = FACE_BOUND('',#11240,.T.);
#11240 = EDGE_LOOP('',(#11241,#11242,#11243,#11244));
#11241 = ORIENTED_EDGE('',*,*,#10346,.F.);
#11242 = ORIENTED_EDGE('',*,*,#11124,.F.);
#11243 = ORIENTED_EDGE('',*,*,#10608,.F.);
#11244 = ORIENTED_EDGE('',*,*,#11245,.T.);
#11245 = EDGE_CURVE('',#10601,#10347,#11246,.T.);
#11246 = LINE('',#11247,#11248);
#11247 = CARTESIAN_POINT('',(300.66400146484,9.,57.488464355469));
#11248 = VECTOR('',#11249,1.);
#11249 = DIRECTION('',(-0.80230517674,0.,-0.596914066995));
#11250 = PLANE('',#11251);
#11251 = AXIS2_PLACEMENT_3D('',#11252,#11253,#11254);
#11252 = CARTESIAN_POINT('',(300.46504211425,6.,57.340438842773));
#11253 = DIRECTION('',(-0.596914066995,0.,0.80230517674));
#11254 = DIRECTION('',(0.80230517674,0.,0.596914066995));
#11255 = ADVANCED_FACE('',(#11256),#11267,.T.);
#11256 = FACE_BOUND('',#11257,.T.);
#11257 = EDGE_LOOP('',(#11258,#11259,#11265,#11266));
#11258 = ORIENTED_EDGE('',*,*,#10377,.F.);
#11259 = ORIENTED_EDGE('',*,*,#11260,.F.);
#11260 = EDGE_CURVE('',#10578,#10370,#11261,.T.);
#11261 = LINE('',#11262,#11263);
#11262 = CARTESIAN_POINT('',(300.66400146484,15.,57.488464355469));
#11263 = VECTOR('',#11264,1.);
#11264 = DIRECTION('',(-0.80230517674,0.,-0.596914066995));
#11265 = ORIENTED_EDGE('',*,*,#10577,.F.);
#11266 = ORIENTED_EDGE('',*,*,#10975,.T.);
#11267 = PLANE('',#11268);
#11268 = AXIS2_PLACEMENT_3D('',#11269,#11270,#11271);
#11269 = CARTESIAN_POINT('',(300.46504211425,18.,57.340438842773));
#11270 = DIRECTION('',(-0.596914066995,0.,0.80230517674));
#11271 = DIRECTION('',(0.80230517674,0.,0.596914066995));
#11272 = ADVANCED_FACE('',(#11273),#11284,.T.);
#11273 = FACE_BOUND('',#11274,.T.);
#11274 = EDGE_LOOP('',(#11275,#11276,#11277,#11283));
#11275 = ORIENTED_EDGE('',*,*,#10008,.T.);
#11276 = ORIENTED_EDGE('',*,*,#5158,.F.);
#11277 = ORIENTED_EDGE('',*,*,#11278,.T.);
#11278 = EDGE_CURVE('',#5151,#10896,#11279,.T.);
#11279 = LINE('',#11280,#11281);
#11280 = CARTESIAN_POINT('',(294.94964599609,27.,59.518714904785));
#11281 = VECTOR('',#11282,1.);
#11282 = DIRECTION('',(0.,-1.,0.));
#11283 = ORIENTED_EDGE('',*,*,#10895,.F.);
#11284 = PLANE('',#11285);
#11285 = AXIS2_PLACEMENT_3D('',#11286,#11287,#11288);
#11286 = CARTESIAN_POINT('',(295.16917419433,24.,59.587018966675));
#11287 = DIRECTION('',(-0.297091933916,0.,0.954848879563));
#11288 = DIRECTION('',(0.954848879563,0.,0.297091933916));
#11289 = ADVANCED_FACE('',(#11290),#11308,.T.);
#11290 = FACE_BOUND('',#11291,.T.);
#11291 = EDGE_LOOP('',(#11292,#11293,#11294,#11302));
#11292 = ORIENTED_EDGE('',*,*,#10048,.F.);
#11293 = ORIENTED_EDGE('',*,*,#11114,.F.);
#11294 = ORIENTED_EDGE('',*,*,#11295,.F.);
#11295 = EDGE_CURVE('',#11296,#11107,#11298,.T.);
#11296 = VERTEX_POINT('',#11297);
#11297 = CARTESIAN_POINT('',(294.94964599609,-5.880440685985E-15,
    59.518714904785));
#11298 = LINE('',#11299,#11300);
#11299 = CARTESIAN_POINT('',(294.94964599609,-5.880440685985E-15,
    59.518714904785));
#11300 = VECTOR('',#11301,1.);
#11301 = DIRECTION('',(0.,1.,0.));
#11302 = ORIENTED_EDGE('',*,*,#11303,.F.);
#11303 = EDGE_CURVE('',#10049,#11296,#11304,.T.);
#11304 = LINE('',#11305,#11306);
#11305 = CARTESIAN_POINT('',(295.38870239257,-5.864764223714E-15,
    59.655323028564));
#11306 = VECTOR('',#11307,1.);
#11307 = DIRECTION('',(-0.954848879563,-3.409277841098E-17,
    -0.297091933916));
#11308 = PLANE('',#11309);
#11309 = AXIS2_PLACEMENT_3D('',#11310,#11311,#11312);
#11310 = CARTESIAN_POINT('',(295.16917419433,1.5,59.587018966675));
#11311 = DIRECTION('',(-0.297091933916,0.,0.954848879563));
#11312 = DIRECTION('',(0.954848879563,0.,0.297091933916));
#11313 = ADVANCED_FACE('',(#11314),#11339,.T.);
#11314 = FACE_BOUND('',#11315,.T.);
#11315 = EDGE_LOOP('',(#11316,#11326,#11332,#11333));
#11316 = ORIENTED_EDGE('',*,*,#11317,.T.);
#11317 = EDGE_CURVE('',#11318,#11320,#11322,.T.);
#11318 = VERTEX_POINT('',#11319);
#11319 = CARTESIAN_POINT('',(294.94964599609,15.,59.518714904785));
#11320 = VERTEX_POINT('',#11321);
#11321 = CARTESIAN_POINT('',(294.94964599609,9.,59.518714904785));
#11322 = LINE('',#11323,#11324);
#11323 = CARTESIAN_POINT('',(294.94964599609,15.,59.518714904785));
#11324 = VECTOR('',#11325,1.);
#11325 = DIRECTION('',(0.,-1.,0.));
#11326 = ORIENTED_EDGE('',*,*,#11327,.F.);
#11327 = EDGE_CURVE('',#10118,#11320,#11328,.T.);
#11328 = LINE('',#11329,#11330);
#11329 = CARTESIAN_POINT('',(295.38870239257,9.,59.655323028564));
#11330 = VECTOR('',#11331,1.);
#11331 = DIRECTION('',(-0.954848879563,0.,-0.297091933916));
#11332 = ORIENTED_EDGE('',*,*,#10117,.F.);
#11333 = ORIENTED_EDGE('',*,*,#11334,.T.);
#11334 = EDGE_CURVE('',#10110,#11318,#11335,.T.);
#11335 = LINE('',#11336,#11337);
#11336 = CARTESIAN_POINT('',(295.38870239257,15.,59.655323028564));
#11337 = VECTOR('',#11338,1.);
#11338 = DIRECTION('',(-0.954848879563,0.,-0.297091933916));
#11339 = PLANE('',#11340);
#11340 = AXIS2_PLACEMENT_3D('',#11341,#11342,#11343);
#11341 = CARTESIAN_POINT('',(295.16917419433,12.,59.587018966675));
#11342 = DIRECTION('',(-0.297091933916,0.,0.954848879563));
#11343 = DIRECTION('',(0.954848879563,0.,0.297091933916));
#11344 = ADVANCED_FACE('',(#11345),#11418,.T.);
#11345 = FACE_BOUND('',#11346,.T.);
#11346 = EDGE_LOOP('',(#11347,#11348,#11349,#11350,#11358,#11366,#11374,
    #11382,#11390,#11398,#11406,#11412,#11413,#11414,#11415,#11416,
    #11417));
#11347 = ORIENTED_EDGE('',*,*,#10369,.T.);
#11348 = ORIENTED_EDGE('',*,*,#10268,.F.);
#11349 = ORIENTED_EDGE('',*,*,#11204,.F.);
#11350 = ORIENTED_EDGE('',*,*,#11351,.F.);
#11351 = EDGE_CURVE('',#11352,#11197,#11354,.T.);
#11352 = VERTEX_POINT('',#11353);
#11353 = CARTESIAN_POINT('',(294.53607177734,15.,58.329978942871));
#11354 = LINE('',#11355,#11356);
#11355 = CARTESIAN_POINT('',(294.53607177734,15.,58.329978942871));
#11356 = VECTOR('',#11357,1.);
#11357 = DIRECTION('',(0.757468610671,0.,-0.652871582969));
#11358 = ORIENTED_EDGE('',*,*,#11359,.F.);
#11359 = EDGE_CURVE('',#11360,#11352,#11362,.T.);
#11360 = VERTEX_POINT('',#11361);
#11361 = CARTESIAN_POINT('',(294.43688964843,15.,58.485527038574));
#11362 = LINE('',#11363,#11364);
#11363 = CARTESIAN_POINT('',(294.43688964843,15.,58.485527038574));
#11364 = VECTOR('',#11365,1.);
#11365 = DIRECTION('',(0.537635261945,0.,-0.843177516964));
#11366 = ORIENTED_EDGE('',*,*,#11367,.F.);
#11367 = EDGE_CURVE('',#11368,#11360,#11370,.T.);
#11368 = VERTEX_POINT('',#11369);
#11369 = CARTESIAN_POINT('',(294.3982849121,15.,58.598838806152));
#11370 = LINE('',#11371,#11372);
#11371 = CARTESIAN_POINT('',(294.3982849121,15.,58.598838806152));
#11372 = VECTOR('',#11373,1.);
#11373 = DIRECTION('',(0.322492247038,0.,-0.946572105336));
#11374 = ORIENTED_EDGE('',*,*,#11375,.F.);
#11375 = EDGE_CURVE('',#11376,#11368,#11378,.T.);
#11376 = VERTEX_POINT('',#11377);
#11377 = CARTESIAN_POINT('',(294.37905883789,15.,58.789451599121));
#11378 = LINE('',#11379,#11380);
#11379 = CARTESIAN_POINT('',(294.37905883789,15.,58.789451599121));
#11380 = VECTOR('',#11381,1.);
#11381 = DIRECTION('',(0.100355354606,0.,-0.994951658525));
#11382 = ORIENTED_EDGE('',*,*,#11383,.F.);
#11383 = EDGE_CURVE('',#11384,#11376,#11386,.T.);
#11384 = VERTEX_POINT('',#11385);
#11385 = CARTESIAN_POINT('',(294.41940307617,15.,59.010738372803));
#11386 = LINE('',#11387,#11388);
#11387 = CARTESIAN_POINT('',(294.41940307617,15.,59.010738372803));
#11388 = VECTOR('',#11389,1.);
#11389 = DIRECTION('',(-0.179360002327,0.,-0.983783507468));
#11390 = ORIENTED_EDGE('',*,*,#11391,.F.);
#11391 = EDGE_CURVE('',#11392,#11384,#11394,.T.);
#11392 = VERTEX_POINT('',#11393);
#11393 = CARTESIAN_POINT('',(294.5230102539,15.,59.212066650391));
#11394 = LINE('',#11395,#11396);
#11395 = CARTESIAN_POINT('',(294.5230102539,15.,59.212066650391));
#11396 = VECTOR('',#11397,1.);
#11397 = DIRECTION('',(-0.45758173191,0.,-0.889167564986));
#11398 = ORIENTED_EDGE('',*,*,#11399,.F.);
#11399 = EDGE_CURVE('',#11400,#11392,#11402,.T.);
#11400 = VERTEX_POINT('',#11401);
#11401 = CARTESIAN_POINT('',(294.6694946289,15.,59.361938476562));
#11402 = LINE('',#11403,#11404);
#11403 = CARTESIAN_POINT('',(294.6694946289,15.,59.361938476562));
#11404 = VECTOR('',#11405,1.);
#11405 = DIRECTION('',(-0.698978652375,0.,-0.715142533712));
#11406 = ORIENTED_EDGE('',*,*,#11407,.F.);
#11407 = EDGE_CURVE('',#11318,#11400,#11408,.T.);
#11408 = LINE('',#11409,#11410);
#11409 = CARTESIAN_POINT('',(294.94964599609,15.,59.518714904785));
#11410 = VECTOR('',#11411,1.);
#11411 = DIRECTION('',(-0.872649841613,0.,-0.488346448674));
#11412 = ORIENTED_EDGE('',*,*,#11334,.F.);
#11413 = ORIENTED_EDGE('',*,*,#10109,.F.);
#11414 = ORIENTED_EDGE('',*,*,#9834,.F.);
#11415 = ORIENTED_EDGE('',*,*,#9725,.F.);
#11416 = ORIENTED_EDGE('',*,*,#10585,.T.);
#11417 = ORIENTED_EDGE('',*,*,#11260,.T.);
#11418 = PLANE('',#11419);
#11419 = AXIS2_PLACEMENT_3D('',#11420,#11421,#11422);
#11420 = CARTESIAN_POINT('',(300.13464244296,15.,58.326432498874));
#11421 = DIRECTION('',(0.,1.,0.));
#11422 = DIRECTION('',(0.,-0.,1.));
#11423 = ADVANCED_FACE('',(#11424),#11435,.T.);
#11424 = FACE_BOUND('',#11425,.T.);
#11425 = EDGE_LOOP('',(#11426,#11427,#11433,#11434));
#11426 = ORIENTED_EDGE('',*,*,#9960,.F.);
#11427 = ORIENTED_EDGE('',*,*,#11428,.F.);
#11428 = EDGE_CURVE('',#3649,#9953,#11429,.T.);
#11429 = LINE('',#11430,#11431);
#11430 = CARTESIAN_POINT('',(294.66091918945,-27.,59.355129241943));
#11431 = VECTOR('',#11432,1.);
#11432 = DIRECTION('',(0.,1.,0.));
#11433 = ORIENTED_EDGE('',*,*,#3648,.T.);
#11434 = ORIENTED_EDGE('',*,*,#10632,.T.);
#11435 = PLANE('',#11436);
#11436 = AXIS2_PLACEMENT_3D('',#11437,#11438,#11439);
#11437 = CARTESIAN_POINT('',(294.79051208496,-24.,59.430675506592));
#11438 = DIRECTION('',(-0.503624342933,0.,0.863922751874));
#11439 = DIRECTION('',(0.863922751874,0.,0.503624342933));
#11440 = ADVANCED_FACE('',(#11441),#11475,.T.);
#11441 = FACE_BOUND('',#11442,.T.);
#11442 = EDGE_LOOP('',(#11443,#11444,#11452,#11460,#11468,#11474));
#11443 = ORIENTED_EDGE('',*,*,#10648,.T.);
#11444 = ORIENTED_EDGE('',*,*,#11445,.F.);
#11445 = EDGE_CURVE('',#11446,#10651,#11448,.T.);
#11446 = VERTEX_POINT('',#11447);
#11447 = CARTESIAN_POINT('',(294.74706018402,-5.893261869495E-15,
    59.405345192033));
#11448 = LINE('',#11449,#11450);
#11449 = CARTESIAN_POINT('',(294.66091918945,-5.898936920938E-15,
    59.355129241943));
#11450 = VECTOR('',#11451,1.);
#11451 = DIRECTION('',(0.863922751874,5.691582177832E-17,0.503624342933)
  );
#11452 = ORIENTED_EDGE('',*,*,#11453,.F.);
#11453 = EDGE_CURVE('',#11454,#11446,#11456,.T.);
#11454 = VERTEX_POINT('',#11455);
#11455 = CARTESIAN_POINT('',(294.66538222083,-5.898642784001E-15,
    59.357730969059));
#11456 = LINE('',#11457,#11458);
#11457 = CARTESIAN_POINT('',(294.66091918945,-5.898936920938E-15,
    59.355129241943));
#11458 = VECTOR('',#11459,1.);
#11459 = DIRECTION('',(0.863922751874,5.691582177832E-17,0.503624342933)
  );
#11460 = ORIENTED_EDGE('',*,*,#11461,.F.);
#11461 = EDGE_CURVE('',#11462,#11454,#11464,.T.);
#11462 = VERTEX_POINT('',#11463);
#11463 = CARTESIAN_POINT('',(294.66091918945,-5.898936920938E-15,
    59.355129241943));
#11464 = LINE('',#11465,#11466);
#11465 = CARTESIAN_POINT('',(294.66091918945,-5.898936920938E-15,
    59.355129241943));
#11466 = VECTOR('',#11467,1.);
#11467 = DIRECTION('',(0.863922751874,5.691582177832E-17,0.503624342933)
  );
#11468 = ORIENTED_EDGE('',*,*,#11469,.T.);
#11469 = EDGE_CURVE('',#11462,#10725,#11470,.T.);
#11470 = LINE('',#11471,#11472);
#11471 = CARTESIAN_POINT('',(294.66091918945,-5.898936920938E-15,
    59.355129241943));
#11472 = VECTOR('',#11473,1.);
#11473 = DIRECTION('',(0.,-1.,0.));
#11474 = ORIENTED_EDGE('',*,*,#10724,.F.);
#11475 = PLANE('',#11476);
#11476 = AXIS2_PLACEMENT_3D('',#11477,#11478,#11479);
#11477 = CARTESIAN_POINT('',(294.79051208496,-1.5,59.430675506592));
#11478 = DIRECTION('',(-0.503624342933,0.,0.863922751874));
#11479 = DIRECTION('',(0.863922751874,0.,0.503624342933));
#11480 = ADVANCED_FACE('',(#11481),#11492,.T.);
#11481 = FACE_BOUND('',#11482,.T.);
#11482 = EDGE_LOOP('',(#11483,#11484,#11490,#11491));
#11483 = ORIENTED_EDGE('',*,*,#10868,.T.);
#11484 = ORIENTED_EDGE('',*,*,#11485,.F.);
#11485 = EDGE_CURVE('',#10427,#10861,#11486,.T.);
#11486 = LINE('',#11487,#11488);
#11487 = CARTESIAN_POINT('',(294.66091918945,-15.,59.355129241943));
#11488 = VECTOR('',#11489,1.);
#11489 = DIRECTION('',(0.,1.,0.));
#11490 = ORIENTED_EDGE('',*,*,#10426,.T.);
#11491 = ORIENTED_EDGE('',*,*,#10695,.T.);
#11492 = PLANE('',#11493);
#11493 = AXIS2_PLACEMENT_3D('',#11494,#11495,#11496);
#11494 = CARTESIAN_POINT('',(294.79051208496,-12.,59.430675506592));
#11495 = DIRECTION('',(-0.503624342933,0.,0.863922751874));
#11496 = DIRECTION('',(0.863922751874,0.,0.503624342933));
#11497 = ADVANCED_FACE('',(#11498),#11571,.T.);
#11498 = FACE_BOUND('',#11499,.T.);
#11499 = EDGE_LOOP('',(#11500,#11501,#11502,#11503,#11504,#11505,#11506,
    #11507,#11508,#11516,#11524,#11532,#11540,#11548,#11556,#11564,
    #11570));
#11500 = ORIENTED_EDGE('',*,*,#10252,.T.);
#11501 = ORIENTED_EDGE('',*,*,#10354,.T.);
#11502 = ORIENTED_EDGE('',*,*,#11245,.F.);
#11503 = ORIENTED_EDGE('',*,*,#10600,.F.);
#11504 = ORIENTED_EDGE('',*,*,#9740,.F.);
#11505 = ORIENTED_EDGE('',*,*,#9850,.T.);
#11506 = ORIENTED_EDGE('',*,*,#10125,.F.);
#11507 = ORIENTED_EDGE('',*,*,#11327,.T.);
#11508 = ORIENTED_EDGE('',*,*,#11509,.T.);
#11509 = EDGE_CURVE('',#11320,#11510,#11512,.T.);
#11510 = VERTEX_POINT('',#11511);
#11511 = CARTESIAN_POINT('',(294.6694946289,9.,59.361938476562));
#11512 = LINE('',#11513,#11514);
#11513 = CARTESIAN_POINT('',(294.94964599609,9.,59.518714904785));
#11514 = VECTOR('',#11515,1.);
#11515 = DIRECTION('',(-0.872649841613,0.,-0.488346448674));
#11516 = ORIENTED_EDGE('',*,*,#11517,.T.);
#11517 = EDGE_CURVE('',#11510,#11518,#11520,.T.);
#11518 = VERTEX_POINT('',#11519);
#11519 = CARTESIAN_POINT('',(294.5230102539,9.,59.212066650391));
#11520 = LINE('',#11521,#11522);
#11521 = CARTESIAN_POINT('',(294.6694946289,9.,59.361938476562));
#11522 = VECTOR('',#11523,1.);
#11523 = DIRECTION('',(-0.698978652375,0.,-0.715142533712));
#11524 = ORIENTED_EDGE('',*,*,#11525,.T.);
#11525 = EDGE_CURVE('',#11518,#11526,#11528,.T.);
#11526 = VERTEX_POINT('',#11527);
#11527 = CARTESIAN_POINT('',(294.41940307617,9.,59.010738372803));
#11528 = LINE('',#11529,#11530);
#11529 = CARTESIAN_POINT('',(294.5230102539,9.,59.212066650391));
#11530 = VECTOR('',#11531,1.);
#11531 = DIRECTION('',(-0.45758173191,0.,-0.889167564986));
#11532 = ORIENTED_EDGE('',*,*,#11533,.T.);
#11533 = EDGE_CURVE('',#11526,#11534,#11536,.T.);
#11534 = VERTEX_POINT('',#11535);
#11535 = CARTESIAN_POINT('',(294.37905883789,9.,58.789451599121));
#11536 = LINE('',#11537,#11538);
#11537 = CARTESIAN_POINT('',(294.41940307617,9.,59.010738372803));
#11538 = VECTOR('',#11539,1.);
#11539 = DIRECTION('',(-0.179360002327,0.,-0.983783507468));
#11540 = ORIENTED_EDGE('',*,*,#11541,.T.);
#11541 = EDGE_CURVE('',#11534,#11542,#11544,.T.);
#11542 = VERTEX_POINT('',#11543);
#11543 = CARTESIAN_POINT('',(294.3982849121,9.,58.598838806152));
#11544 = LINE('',#11545,#11546);
#11545 = CARTESIAN_POINT('',(294.37905883789,9.,58.789451599121));
#11546 = VECTOR('',#11547,1.);
#11547 = DIRECTION('',(0.100355354606,0.,-0.994951658525));
#11548 = ORIENTED_EDGE('',*,*,#11549,.T.);
#11549 = EDGE_CURVE('',#11542,#11550,#11552,.T.);
#11550 = VERTEX_POINT('',#11551);
#11551 = CARTESIAN_POINT('',(294.43688964843,9.,58.485527038574));
#11552 = LINE('',#11553,#11554);
#11553 = CARTESIAN_POINT('',(294.3982849121,9.,58.598838806152));
#11554 = VECTOR('',#11555,1.);
#11555 = DIRECTION('',(0.322492247038,0.,-0.946572105336));
#11556 = ORIENTED_EDGE('',*,*,#11557,.T.);
#11557 = EDGE_CURVE('',#11550,#11558,#11560,.T.);
#11558 = VERTEX_POINT('',#11559);
#11559 = CARTESIAN_POINT('',(294.53607177734,9.,58.329978942871));
#11560 = LINE('',#11561,#11562);
#11561 = CARTESIAN_POINT('',(294.43688964843,9.,58.485527038574));
#11562 = VECTOR('',#11563,1.);
#11563 = DIRECTION('',(0.537635261945,0.,-0.843177516964));
#11564 = ORIENTED_EDGE('',*,*,#11565,.T.);
#11565 = EDGE_CURVE('',#11558,#11189,#11566,.T.);
#11566 = LINE('',#11567,#11568);
#11567 = CARTESIAN_POINT('',(294.53607177734,9.,58.329978942871));
#11568 = VECTOR('',#11569,1.);
#11569 = DIRECTION('',(0.757468610671,0.,-0.652871582969));
#11570 = ORIENTED_EDGE('',*,*,#11188,.T.);
#11571 = PLANE('',#11572);
#11572 = AXIS2_PLACEMENT_3D('',#11573,#11574,#11575);
#11573 = CARTESIAN_POINT('',(300.13464244296,9.,58.326432498875));
#11574 = DIRECTION('',(-0.,-1.,-0.));
#11575 = DIRECTION('',(0.,0.,-1.));
#11576 = ADVANCED_FACE('',(#11577),#11594,.T.);
#11577 = FACE_BOUND('',#11578,.T.);
#11578 = EDGE_LOOP('',(#11579,#11580,#11588));
#11579 = ORIENTED_EDGE('',*,*,#11147,.T.);
#11580 = ORIENTED_EDGE('',*,*,#11581,.T.);
#11581 = EDGE_CURVE('',#11140,#11582,#11584,.T.);
#11582 = VERTEX_POINT('',#11583);
#11583 = CARTESIAN_POINT('',(294.63601676396,-6.022337589017E-15,
    58.243835120266));
#11584 = LINE('',#11585,#11586);
#11585 = CARTESIAN_POINT('',(294.76846313476,-6.031774980474E-15,
    58.15743637085));
#11586 = VECTOR('',#11587,1.);
#11587 = DIRECTION('',(-0.837550750524,5.967862038658E-17,0.546359533913
    ));
#11588 = ORIENTED_EDGE('',*,*,#11589,.T.);
#11589 = EDGE_CURVE('',#11582,#11148,#11590,.T.);
#11590 = LINE('',#11591,#11592);
#11591 = CARTESIAN_POINT('',(294.53607177734,-6.012890380915E-15,
    58.329978942871));
#11592 = VECTOR('',#11593,1.);
#11593 = DIRECTION('',(0.757468610671,-7.15983226937E-17,-0.652871582969
    ));
#11594 = PLANE('',#11595);
#11595 = AXIS2_PLACEMENT_3D('',#11596,#11597,#11598);
#11596 = CARTESIAN_POINT('',(294.67750644694,-6.025544709763E-15,
    58.21451121624));
#11597 = DIRECTION('',(-0.,-1.,-0.));
#11598 = DIRECTION('',(0.,0.,-1.));
#11599 = ADVANCED_FACE('',(#11600),#11610,.T.);
#11600 = FACE_BOUND('',#11601,.T.);
#11601 = EDGE_LOOP('',(#11602,#11608,#11609));
#11602 = ORIENTED_EDGE('',*,*,#11603,.T.);
#11603 = EDGE_CURVE('',#11011,#11140,#11604,.T.);
#11604 = LINE('',#11605,#11606);
#11605 = CARTESIAN_POINT('',(294.76846313476,-6.031774980474E-15,
    58.15743637085));
#11606 = VECTOR('',#11607,1.);
#11607 = DIRECTION('',(-0.837550750524,5.967862038658E-17,0.546359533913
    ));
#11608 = ORIENTED_EDGE('',*,*,#11139,.T.);
#11609 = ORIENTED_EDGE('',*,*,#11018,.T.);
#11610 = PLANE('',#11611);
#11611 = AXIS2_PLACEMENT_3D('',#11612,#11613,#11614);
#11612 = CARTESIAN_POINT('',(294.81478585586,-6.033136511472E-15,
    58.144687515573));
#11613 = DIRECTION('',(0.,1.,0.));
#11614 = DIRECTION('',(0.,-0.,1.));
#11615 = ADVANCED_FACE('',(#11616),#11626,.T.);
#11616 = FACE_BOUND('',#11617,.T.);
#11617 = EDGE_LOOP('',(#11618,#11619,#11625));
#11618 = ORIENTED_EDGE('',*,*,#11303,.T.);
#11619 = ORIENTED_EDGE('',*,*,#11620,.T.);
#11620 = EDGE_CURVE('',#11296,#10666,#11621,.T.);
#11621 = LINE('',#11622,#11623);
#11622 = CARTESIAN_POINT('',(294.94964599609,-5.880440685985E-15,
    59.518714904785));
#11623 = VECTOR('',#11624,1.);
#11624 = DIRECTION('',(-0.872649841613,-5.522787046328E-17,
    -0.488346448674));
#11625 = ORIENTED_EDGE('',*,*,#10665,.T.);
#11626 = PLANE('',#11627);
#11627 = AXIS2_PLACEMENT_3D('',#11628,#11629,#11630);
#11628 = CARTESIAN_POINT('',(295.16247480919,-5.872932629486E-15,
    59.58411416873));
#11629 = DIRECTION('',(-0.,-1.,-0.));
#11630 = DIRECTION('',(0.,0.,-1.));
#11631 = ADVANCED_FACE('',(#11632),#11642,.T.);
#11632 = FACE_BOUND('',#11633,.T.);
#11633 = EDGE_LOOP('',(#11634,#11635,#11641));
#11634 = ORIENTED_EDGE('',*,*,#10673,.T.);
#11635 = ORIENTED_EDGE('',*,*,#11636,.T.);
#11636 = EDGE_CURVE('',#10666,#11446,#11637,.T.);
#11637 = LINE('',#11638,#11639);
#11638 = CARTESIAN_POINT('',(294.94964599609,-5.880440685985E-15,
    59.518714904785));
#11639 = VECTOR('',#11640,1.);
#11640 = DIRECTION('',(-0.872649841613,-5.522787046328E-17,
    -0.488346448674));
#11641 = ORIENTED_EDGE('',*,*,#11445,.T.);
#11642 = PLANE('',#11643);
#11643 = AXIS2_PLACEMENT_3D('',#11644,#11645,#11646);
#11644 = CARTESIAN_POINT('',(294.84158678413,-5.887167222023E-15,
    59.459254037322));
#11645 = DIRECTION('',(0.,1.,0.));
#11646 = DIRECTION('',(0.,-0.,1.));
#11647 = ADVANCED_FACE('',(#11648),#11665,.T.);
#11648 = FACE_BOUND('',#11649,.T.);
#11649 = EDGE_LOOP('',(#11650,#11658,#11664));
#11650 = ORIENTED_EDGE('',*,*,#11651,.T.);
#11651 = EDGE_CURVE('',#11446,#11652,#11654,.T.);
#11652 = VERTEX_POINT('',#11653);
#11653 = CARTESIAN_POINT('',(294.6694946289,-5.898170779637E-15,
    59.361938476562));
#11654 = LINE('',#11655,#11656);
#11655 = CARTESIAN_POINT('',(294.94964599609,-5.880440685985E-15,
    59.518714904785));
#11656 = VECTOR('',#11657,1.);
#11657 = DIRECTION('',(-0.872649841613,-5.522787046328E-17,
    -0.488346448674));
#11658 = ORIENTED_EDGE('',*,*,#11659,.T.);
#11659 = EDGE_CURVE('',#11652,#11454,#11660,.T.);
#11660 = LINE('',#11661,#11662);
#11661 = CARTESIAN_POINT('',(294.6694946289,-5.898170779637E-15,
    59.361938476562));
#11662 = VECTOR('',#11663,1.);
#11663 = DIRECTION('',(-0.698978652375,-8.020714802432E-17,
    -0.715142533712));
#11664 = ORIENTED_EDGE('',*,*,#11453,.T.);
#11665 = PLANE('',#11666);
#11666 = AXIS2_PLACEMENT_3D('',#11667,#11668,#11669);
#11667 = CARTESIAN_POINT('',(294.70598132931,-5.895917825511E-15,
    59.3818513293));
#11668 = DIRECTION('',(-0.,-1.,-0.));
#11669 = DIRECTION('',(0.,0.,-1.));
#11670 = ADVANCED_FACE('',(#11671),#11688,.T.);
#11671 = FACE_BOUND('',#11672,.T.);
#11672 = EDGE_LOOP('',(#11673,#11681,#11687));
#11673 = ORIENTED_EDGE('',*,*,#11674,.T.);
#11674 = EDGE_CURVE('',#11454,#11675,#11677,.T.);
#11675 = VERTEX_POINT('',#11676);
#11676 = CARTESIAN_POINT('',(294.62193277529,-5.903628503671E-15,
    59.313276755088));
#11677 = LINE('',#11678,#11679);
#11678 = CARTESIAN_POINT('',(294.6694946289,-5.898170779637E-15,
    59.361938476562));
#11679 = VECTOR('',#11680,1.);
#11680 = DIRECTION('',(-0.698978652375,-8.020714802432E-17,
    -0.715142533712));
#11681 = ORIENTED_EDGE('',*,*,#11682,.T.);
#11682 = EDGE_CURVE('',#11675,#11462,#11683,.T.);
#11683 = LINE('',#11684,#11685);
#11684 = CARTESIAN_POINT('',(294.50888061523,-5.917233256115E-15,
    59.191913604736));
#11685 = VECTOR('',#11686,1.);
#11686 = DIRECTION('',(0.68160867239,8.202484661398E-17,0.731716897252)
  );
#11687 = ORIENTED_EDGE('',*,*,#11461,.T.);
#11688 = PLANE('',#11689);
#11689 = AXIS2_PLACEMENT_3D('',#11690,#11691,#11692);
#11690 = CARTESIAN_POINT('',(294.64344119289,-5.901105853548E-15,
    59.335774480775));
#11691 = DIRECTION('',(0.,1.,0.));
#11692 = DIRECTION('',(0.,-0.,1.));
#11693 = ADVANCED_FACE('',(#11694),#11705,.T.);
#11694 = FACE_BOUND('',#11695,.T.);
#11695 = EDGE_LOOP('',(#11696,#11697,#11703,#11704));
#11696 = ORIENTED_EDGE('',*,*,#5150,.F.);
#11697 = ORIENTED_EDGE('',*,*,#11698,.T.);
#11698 = EDGE_CURVE('',#5143,#10904,#11699,.T.);
#11699 = LINE('',#11700,#11701);
#11700 = CARTESIAN_POINT('',(294.6694946289,27.,59.361938476562));
#11701 = VECTOR('',#11702,1.);
#11702 = DIRECTION('',(0.,-1.,0.));
#11703 = ORIENTED_EDGE('',*,*,#10903,.F.);
#11704 = ORIENTED_EDGE('',*,*,#11278,.F.);
#11705 = PLANE('',#11706);
#11706 = AXIS2_PLACEMENT_3D('',#11707,#11708,#11709);
#11707 = CARTESIAN_POINT('',(294.8095703125,24.,59.440326690674));
#11708 = DIRECTION('',(-0.488346448674,0.,0.872649841613));
#11709 = DIRECTION('',(0.872649841613,0.,0.488346448674));
#11710 = ADVANCED_FACE('',(#11711),#11724,.T.);
#11711 = FACE_BOUND('',#11712,.T.);
#11712 = EDGE_LOOP('',(#11713,#11714,#11715,#11721,#11722,#11723));
#11713 = ORIENTED_EDGE('',*,*,#11295,.T.);
#11714 = ORIENTED_EDGE('',*,*,#11106,.F.);
#11715 = ORIENTED_EDGE('',*,*,#11716,.T.);
#11716 = EDGE_CURVE('',#11099,#11652,#11717,.T.);
#11717 = LINE('',#11718,#11719);
#11718 = CARTESIAN_POINT('',(294.6694946289,3.,59.361938476562));
#11719 = VECTOR('',#11720,1.);
#11720 = DIRECTION('',(0.,-1.,0.));
#11721 = ORIENTED_EDGE('',*,*,#11651,.F.);
#11722 = ORIENTED_EDGE('',*,*,#11636,.F.);
#11723 = ORIENTED_EDGE('',*,*,#11620,.F.);
#11724 = PLANE('',#11725);
#11725 = AXIS2_PLACEMENT_3D('',#11726,#11727,#11728);
#11726 = CARTESIAN_POINT('',(294.8095703125,1.5,59.440326690674));
#11727 = DIRECTION('',(-0.488346448674,0.,0.872649841613));
#11728 = DIRECTION('',(0.872649841613,0.,0.488346448674));
#11729 = ADVANCED_FACE('',(#11730),#11741,.T.);
#11730 = FACE_BOUND('',#11731,.T.);
#11731 = EDGE_LOOP('',(#11732,#11733,#11739,#11740));
#11732 = ORIENTED_EDGE('',*,*,#11407,.T.);
#11733 = ORIENTED_EDGE('',*,*,#11734,.T.);
#11734 = EDGE_CURVE('',#11400,#11510,#11735,.T.);
#11735 = LINE('',#11736,#11737);
#11736 = CARTESIAN_POINT('',(294.6694946289,15.,59.361938476562));
#11737 = VECTOR('',#11738,1.);
#11738 = DIRECTION('',(0.,-1.,0.));
#11739 = ORIENTED_EDGE('',*,*,#11509,.F.);
#11740 = ORIENTED_EDGE('',*,*,#11317,.F.);
#11741 = PLANE('',#11742);
#11742 = AXIS2_PLACEMENT_3D('',#11743,#11744,#11745);
#11743 = CARTESIAN_POINT('',(294.8095703125,12.,59.440326690674));
#11744 = DIRECTION('',(-0.488346448674,0.,0.872649841613));
#11745 = DIRECTION('',(0.872649841613,0.,0.488346448674));
#11746 = ADVANCED_FACE('',(#11747),#11758,.T.);
#11747 = FACE_BOUND('',#11748,.T.);
#11748 = EDGE_LOOP('',(#11749,#11750,#11751,#11757));
#11749 = ORIENTED_EDGE('',*,*,#10993,.F.);
#11750 = ORIENTED_EDGE('',*,*,#3704,.T.);
#11751 = ORIENTED_EDGE('',*,*,#11752,.T.);
#11752 = EDGE_CURVE('',#3697,#9905,#11753,.T.);
#11753 = LINE('',#11754,#11755);
#11754 = CARTESIAN_POINT('',(294.59426879882,-27.,58.271068572998));
#11755 = VECTOR('',#11756,1.);
#11756 = DIRECTION('',(0.,1.,0.));
#11757 = ORIENTED_EDGE('',*,*,#9904,.F.);
#11758 = PLANE('',#11759);
#11759 = AXIS2_PLACEMENT_3D('',#11760,#11761,#11762);
#11760 = CARTESIAN_POINT('',(294.68136596679,-24.,58.214252471924));
#11761 = DIRECTION('',(-0.546359533913,-0.,-0.837550750524));
#11762 = DIRECTION('',(-0.837550750524,0.,0.546359533913));
#11763 = ADVANCED_FACE('',(#11764),#11784,.T.);
#11764 = FACE_BOUND('',#11765,.T.);
#11765 = EDGE_LOOP('',(#11766,#11767,#11768,#11769,#11777,#11783));
#11766 = ORIENTED_EDGE('',*,*,#11603,.F.);
#11767 = ORIENTED_EDGE('',*,*,#11010,.T.);
#11768 = ORIENTED_EDGE('',*,*,#10780,.F.);
#11769 = ORIENTED_EDGE('',*,*,#11770,.T.);
#11770 = EDGE_CURVE('',#10773,#11771,#11773,.T.);
#11771 = VERTEX_POINT('',#11772);
#11772 = CARTESIAN_POINT('',(294.59426879882,-6.019362983181E-15,
    58.271068572998));
#11773 = LINE('',#11774,#11775);
#11774 = CARTESIAN_POINT('',(294.59426879882,-3.,58.271068572998));
#11775 = VECTOR('',#11776,1.);
#11776 = DIRECTION('',(0.,1.,0.));
#11777 = ORIENTED_EDGE('',*,*,#11778,.F.);
#11778 = EDGE_CURVE('',#11582,#11771,#11779,.T.);
#11779 = LINE('',#11780,#11781);
#11780 = CARTESIAN_POINT('',(294.76846313476,-6.031774980474E-15,
    58.15743637085));
#11781 = VECTOR('',#11782,1.);
#11782 = DIRECTION('',(-0.837550750524,5.967862038658E-17,0.546359533913
    ));
#11783 = ORIENTED_EDGE('',*,*,#11581,.F.);
#11784 = PLANE('',#11785);
#11785 = AXIS2_PLACEMENT_3D('',#11786,#11787,#11788);
#11786 = CARTESIAN_POINT('',(294.68136596679,-1.5,58.214252471924));
#11787 = DIRECTION('',(-0.546359533913,-0.,-0.837550750524));
#11788 = DIRECTION('',(-0.837550750524,0.,0.546359533913));
#11789 = ADVANCED_FACE('',(#11790),#11807,.T.);
#11790 = FACE_BOUND('',#11791,.T.);
#11791 = EDGE_LOOP('',(#11792,#11793,#11801));
#11792 = ORIENTED_EDGE('',*,*,#11778,.T.);
#11793 = ORIENTED_EDGE('',*,*,#11794,.T.);
#11794 = EDGE_CURVE('',#11771,#11795,#11797,.T.);
#11795 = VERTEX_POINT('',#11796);
#11796 = CARTESIAN_POINT('',(294.5667946346,-6.015794518113E-15,
    58.303498531442));
#11797 = LINE('',#11798,#11799);
#11798 = CARTESIAN_POINT('',(294.59426879882,-6.019362983181E-15,
    58.271068572998));
#11799 = VECTOR('',#11800,1.);
#11800 = DIRECTION('',(-0.64640048243,8.395460786522E-17,0.762998306888)
  );
#11801 = ORIENTED_EDGE('',*,*,#11802,.T.);
#11802 = EDGE_CURVE('',#11795,#11582,#11803,.T.);
#11803 = LINE('',#11804,#11805);
#11804 = CARTESIAN_POINT('',(294.53607177734,-6.012890380915E-15,
    58.329978942871));
#11805 = VECTOR('',#11806,1.);
#11806 = DIRECTION('',(0.757468610671,-7.15983226937E-17,-0.652871582969
    ));
#11807 = PLANE('',#11808);
#11808 = AXIS2_PLACEMENT_3D('',#11809,#11810,#11811);
#11809 = CARTESIAN_POINT('',(294.60030365102,-6.019206013684E-15,
    58.272417827429));
#11810 = DIRECTION('',(0.,1.,0.));
#11811 = DIRECTION('',(0.,-0.,1.));
#11812 = ADVANCED_FACE('',(#11813),#11824,.T.);
#11813 = FACE_BOUND('',#11814,.T.);
#11814 = EDGE_LOOP('',(#11815,#11816,#11817,#11823));
#11815 = ORIENTED_EDGE('',*,*,#11034,.F.);
#11816 = ORIENTED_EDGE('',*,*,#10482,.T.);
#11817 = ORIENTED_EDGE('',*,*,#11818,.T.);
#11818 = EDGE_CURVE('',#10475,#10813,#11819,.T.);
#11819 = LINE('',#11820,#11821);
#11820 = CARTESIAN_POINT('',(294.59426879882,-15.,58.271068572998));
#11821 = VECTOR('',#11822,1.);
#11822 = DIRECTION('',(0.,1.,0.));
#11823 = ORIENTED_EDGE('',*,*,#10812,.T.);
#11824 = PLANE('',#11825);
#11825 = AXIS2_PLACEMENT_3D('',#11826,#11827,#11828);
#11826 = CARTESIAN_POINT('',(294.68136596679,-12.,58.214252471924));
#11827 = DIRECTION('',(-0.546359533913,-0.,-0.837550750524));
#11828 = DIRECTION('',(-0.837550750524,0.,0.546359533913));
#11829 = ADVANCED_FACE('',(#11830),#11843,.T.);
#11830 = FACE_BOUND('',#11831,.T.);
#11831 = EDGE_LOOP('',(#11832,#11833,#11834,#11835,#11836,#11842));
#11832 = ORIENTED_EDGE('',*,*,#11059,.F.);
#11833 = ORIENTED_EDGE('',*,*,#11155,.T.);
#11834 = ORIENTED_EDGE('',*,*,#11589,.F.);
#11835 = ORIENTED_EDGE('',*,*,#11802,.F.);
#11836 = ORIENTED_EDGE('',*,*,#11837,.F.);
#11837 = EDGE_CURVE('',#71,#11795,#11838,.T.);
#11838 = LINE('',#11839,#11840);
#11839 = CARTESIAN_POINT('',(294.53607177734,-6.012890380915E-15,
    58.329978942871));
#11840 = VECTOR('',#11841,1.);
#11841 = DIRECTION('',(0.757468610671,-7.15983226937E-17,-0.652871582969
    ));
#11842 = ORIENTED_EDGE('',*,*,#70,.T.);
#11843 = PLANE('',#11844);
#11844 = AXIS2_PLACEMENT_3D('',#11845,#11846,#11847);
#11845 = CARTESIAN_POINT('',(294.60748291015,1.5,58.26842880249));
#11846 = DIRECTION('',(-0.652871582969,-0.,-0.757468610671));
#11847 = DIRECTION('',(-0.757468610671,0.,0.652871582969));
#11848 = ADVANCED_FACE('',(#11849),#11859,.T.);
#11849 = FACE_BOUND('',#11850,.T.);
#11850 = EDGE_LOOP('',(#11851,#11852,#11858));
#11851 = ORIENTED_EDGE('',*,*,#11837,.T.);
#11852 = ORIENTED_EDGE('',*,*,#11853,.T.);
#11853 = EDGE_CURVE('',#11795,#79,#11854,.T.);
#11854 = LINE('',#11855,#11856);
#11855 = CARTESIAN_POINT('',(294.59426879882,-6.019362983181E-15,
    58.271068572998));
#11856 = VECTOR('',#11857,1.);
#11857 = DIRECTION('',(-0.64640048243,8.395460786522E-17,0.762998306888)
  );
#11858 = ORIENTED_EDGE('',*,*,#78,.T.);
#11859 = PLANE('',#11860);
#11860 = AXIS2_PLACEMENT_3D('',#11861,#11862,#11863);
#11861 = CARTESIAN_POINT('',(294.53762044748,-6.012278384329E-15,
    58.335476109616));
#11862 = DIRECTION('',(-0.,-1.,-0.));
#11863 = DIRECTION('',(0.,0.,-1.));
#11864 = ADVANCED_FACE('',(#11865),#11876,.T.);
#11865 = FACE_BOUND('',#11866,.T.);
#11866 = EDGE_LOOP('',(#11867,#11868,#11869,#11870));
#11867 = ORIENTED_EDGE('',*,*,#5094,.F.);
#11868 = ORIENTED_EDGE('',*,*,#11172,.T.);
#11869 = ORIENTED_EDGE('',*,*,#10959,.F.);
#11870 = ORIENTED_EDGE('',*,*,#11871,.T.);
#11871 = EDGE_CURVE('',#10952,#5095,#11872,.T.);
#11872 = LINE('',#11873,#11874);
#11873 = CARTESIAN_POINT('',(294.53607177734,21.,58.329978942871));
#11874 = VECTOR('',#11875,1.);
#11875 = DIRECTION('',(0.,1.,0.));
#11876 = PLANE('',#11877);
#11877 = AXIS2_PLACEMENT_3D('',#11878,#11879,#11880);
#11878 = CARTESIAN_POINT('',(294.60748291015,24.,58.26842880249));
#11879 = DIRECTION('',(-0.652871582969,-0.,-0.757468610671));
#11880 = DIRECTION('',(-0.757468610671,0.,0.652871582969));
#11881 = ADVANCED_FACE('',(#11882),#11893,.T.);
#11882 = FACE_BOUND('',#11883,.T.);
#11883 = EDGE_LOOP('',(#11884,#11885,#11886,#11892));
#11884 = ORIENTED_EDGE('',*,*,#11196,.T.);
#11885 = ORIENTED_EDGE('',*,*,#11565,.F.);
#11886 = ORIENTED_EDGE('',*,*,#11887,.F.);
#11887 = EDGE_CURVE('',#11352,#11558,#11888,.T.);
#11888 = LINE('',#11889,#11890);
#11889 = CARTESIAN_POINT('',(294.53607177734,15.,58.329978942871));
#11890 = VECTOR('',#11891,1.);
#11891 = DIRECTION('',(0.,-1.,0.));
#11892 = ORIENTED_EDGE('',*,*,#11351,.T.);
#11893 = PLANE('',#11894);
#11894 = AXIS2_PLACEMENT_3D('',#11895,#11896,#11897);
#11895 = CARTESIAN_POINT('',(294.60748291015,12.,58.26842880249));
#11896 = DIRECTION('',(-0.652871582969,-0.,-0.757468610671));
#11897 = DIRECTION('',(-0.757468610671,0.,0.652871582969));
#11898 = ADVANCED_FACE('',(#11899),#11910,.T.);
#11899 = FACE_BOUND('',#11900,.T.);
#11900 = EDGE_LOOP('',(#11901,#11902,#11903,#11909));
#11901 = ORIENTED_EDGE('',*,*,#11428,.T.);
#11902 = ORIENTED_EDGE('',*,*,#9952,.F.);
#11903 = ORIENTED_EDGE('',*,*,#11904,.F.);
#11904 = EDGE_CURVE('',#3657,#9945,#11905,.T.);
#11905 = LINE('',#11906,#11907);
#11906 = CARTESIAN_POINT('',(294.50888061523,-27.,59.191913604736));
#11907 = VECTOR('',#11908,1.);
#11908 = DIRECTION('',(0.,1.,0.));
#11909 = ORIENTED_EDGE('',*,*,#3656,.T.);
#11910 = PLANE('',#11911);
#11911 = AXIS2_PLACEMENT_3D('',#11912,#11913,#11914);
#11912 = CARTESIAN_POINT('',(294.58489990234,-24.,59.27352142334));
#11913 = DIRECTION('',(-0.731716897252,-0.,0.68160867239));
#11914 = DIRECTION('',(-0.68160867239,0.,-0.731716897252));
#11915 = ADVANCED_FACE('',(#11916),#11943,.T.);
#11916 = FACE_BOUND('',#11917,.T.);
#11917 = EDGE_LOOP('',(#11918,#11919,#11920,#11928,#11936,#11942));
#11918 = ORIENTED_EDGE('',*,*,#11469,.F.);
#11919 = ORIENTED_EDGE('',*,*,#11682,.F.);
#11920 = ORIENTED_EDGE('',*,*,#11921,.F.);
#11921 = EDGE_CURVE('',#11922,#11675,#11924,.T.);
#11922 = VERTEX_POINT('',#11923);
#11923 = CARTESIAN_POINT('',(294.51727859778,-5.916222741291E-15,
    59.200928962058));
#11924 = LINE('',#11925,#11926);
#11925 = CARTESIAN_POINT('',(294.50888061523,-5.917233256115E-15,
    59.191913604736));
#11926 = VECTOR('',#11927,1.);
#11927 = DIRECTION('',(0.68160867239,8.202484661398E-17,0.731716897252)
  );
#11928 = ORIENTED_EDGE('',*,*,#11929,.F.);
#11929 = EDGE_CURVE('',#11930,#11922,#11932,.T.);
#11930 = VERTEX_POINT('',#11931);
#11931 = CARTESIAN_POINT('',(294.50888061523,-5.917233256115E-15,
    59.191913604736));
#11932 = LINE('',#11933,#11934);
#11933 = CARTESIAN_POINT('',(294.50888061523,-5.917233256115E-15,
    59.191913604736));
#11934 = VECTOR('',#11935,1.);
#11935 = DIRECTION('',(0.68160867239,8.202484661398E-17,0.731716897252)
  );
#11936 = ORIENTED_EDGE('',*,*,#11937,.F.);
#11937 = EDGE_CURVE('',#10733,#11930,#11938,.T.);
#11938 = LINE('',#11939,#11940);
#11939 = CARTESIAN_POINT('',(294.50888061523,-3.,59.191913604736));
#11940 = VECTOR('',#11941,1.);
#11941 = DIRECTION('',(0.,1.,0.));
#11942 = ORIENTED_EDGE('',*,*,#10732,.F.);
#11943 = PLANE('',#11944);
#11944 = AXIS2_PLACEMENT_3D('',#11945,#11946,#11947);
#11945 = CARTESIAN_POINT('',(294.58489990234,-1.5,59.27352142334));
#11946 = DIRECTION('',(-0.731716897252,-0.,0.68160867239));
#11947 = DIRECTION('',(-0.68160867239,0.,-0.731716897252));
#11948 = ADVANCED_FACE('',(#11949),#11966,.F.);
#11949 = FACE_BOUND('',#11950,.F.);
#11950 = EDGE_LOOP('',(#11951,#11959,#11960));
#11951 = ORIENTED_EDGE('',*,*,#11952,.F.);
#11952 = EDGE_CURVE('',#11675,#11953,#11955,.T.);
#11953 = VERTEX_POINT('',#11954);
#11954 = CARTESIAN_POINT('',(294.5230102539,-5.914979724959E-15,
    59.212066650391));
#11955 = LINE('',#11956,#11957);
#11956 = CARTESIAN_POINT('',(294.6694946289,-5.898170779637E-15,
    59.361938476562));
#11957 = VECTOR('',#11958,1.);
#11958 = DIRECTION('',(-0.698978652375,-8.020714802432E-17,
    -0.715142533712));
#11959 = ORIENTED_EDGE('',*,*,#11921,.F.);
#11960 = ORIENTED_EDGE('',*,*,#11961,.F.);
#11961 = EDGE_CURVE('',#11953,#11922,#11962,.T.);
#11962 = LINE('',#11963,#11964);
#11963 = CARTESIAN_POINT('',(294.5230102539,-5.914979724959E-15,
    59.212066650391));
#11964 = VECTOR('',#11965,1.);
#11965 = DIRECTION('',(-0.45758173191,-9.924303046712E-17,
    -0.889167564986));
#11966 = PLANE('',#11967);
#11967 = AXIS2_PLACEMENT_3D('',#11968,#11969,#11970);
#11968 = CARTESIAN_POINT('',(294.53784402361,-5.917289882588E-15,
    59.19109990034));
#11969 = DIRECTION('',(0.,1.,0.));
#11970 = DIRECTION('',(0.,-0.,1.));
#11971 = ADVANCED_FACE('',(#11972),#11989,.F.);
#11972 = FACE_BOUND('',#11973,.F.);
#11973 = EDGE_LOOP('',(#11974,#11982,#11988));
#11974 = ORIENTED_EDGE('',*,*,#11975,.F.);
#11975 = EDGE_CURVE('',#11976,#11930,#11978,.T.);
#11976 = VERTEX_POINT('',#11977);
#11977 = CARTESIAN_POINT('',(294.45964122644,-5.928723589792E-15,
    59.088928684183));
#11978 = LINE('',#11979,#11980);
#11979 = CARTESIAN_POINT('',(294.41329956054,-5.939537751199E-15,
    58.992004394531));
#11980 = VECTOR('',#11981,1.);
#11981 = DIRECTION('',(0.431353763681,1.006593611333E-16,0.902182869799)
  );
#11982 = ORIENTED_EDGE('',*,*,#11983,.F.);
#11983 = EDGE_CURVE('',#11922,#11976,#11984,.T.);
#11984 = LINE('',#11985,#11986);
#11985 = CARTESIAN_POINT('',(294.5230102539,-5.914979724959E-15,
    59.212066650391));
#11986 = VECTOR('',#11987,1.);
#11987 = DIRECTION('',(-0.45758173191,-9.924303046712E-17,
    -0.889167564986));
#11988 = ORIENTED_EDGE('',*,*,#11929,.F.);
#11989 = PLANE('',#11990);
#11990 = AXIS2_PLACEMENT_3D('',#11991,#11992,#11993);
#11991 = CARTESIAN_POINT('',(294.53011451545,-5.9187164839E-15,
    59.178331502143));
#11992 = DIRECTION('',(-0.,-1.,-0.));
#11993 = DIRECTION('',(0.,0.,-1.));
#11994 = ADVANCED_FACE('',(#11995),#12006,.T.);
#11995 = FACE_BOUND('',#11996,.T.);
#11996 = EDGE_LOOP('',(#11997,#11998,#11999,#12005));
#11997 = ORIENTED_EDGE('',*,*,#11485,.T.);
#11998 = ORIENTED_EDGE('',*,*,#10860,.T.);
#11999 = ORIENTED_EDGE('',*,*,#12000,.F.);
#12000 = EDGE_CURVE('',#10435,#10853,#12001,.T.);
#12001 = LINE('',#12002,#12003);
#12002 = CARTESIAN_POINT('',(294.50888061523,-15.,59.191913604736));
#12003 = VECTOR('',#12004,1.);
#12004 = DIRECTION('',(0.,1.,0.));
#12005 = ORIENTED_EDGE('',*,*,#10434,.T.);
#12006 = PLANE('',#12007);
#12007 = AXIS2_PLACEMENT_3D('',#12008,#12009,#12010);
#12008 = CARTESIAN_POINT('',(294.58489990234,-12.,59.27352142334));
#12009 = DIRECTION('',(-0.731716897252,-0.,0.68160867239));
#12010 = DIRECTION('',(-0.68160867239,0.,-0.731716897252));
#12011 = ADVANCED_FACE('',(#12012),#12023,.T.);
#12012 = FACE_BOUND('',#12013,.T.);
#12013 = EDGE_LOOP('',(#12014,#12015,#12021,#12022));
#12014 = ORIENTED_EDGE('',*,*,#3696,.T.);
#12015 = ORIENTED_EDGE('',*,*,#12016,.F.);
#12016 = EDGE_CURVE('',#9913,#3689,#12017,.T.);
#12017 = LINE('',#12018,#12019);
#12018 = CARTESIAN_POINT('',(294.47827148437,-21.,58.407989501953));
#12019 = VECTOR('',#12020,1.);
#12020 = DIRECTION('',(0.,-1.,0.));
#12021 = ORIENTED_EDGE('',*,*,#9912,.F.);
#12022 = ORIENTED_EDGE('',*,*,#11752,.F.);
#12023 = PLANE('',#12024);
#12024 = AXIS2_PLACEMENT_3D('',#12025,#12026,#12027);
#12025 = CARTESIAN_POINT('',(294.5362701416,-24.,58.339529037476));
#12026 = DIRECTION('',(-0.762998306888,-0.,-0.64640048243));
#12027 = DIRECTION('',(0.64640048243,0.,-0.762998306888));
#12028 = ADVANCED_FACE('',(#12029),#12049,.T.);
#12029 = FACE_BOUND('',#12030,.T.);
#12030 = EDGE_LOOP('',(#12031,#12032,#12040,#12046,#12047,#12048));
#12031 = ORIENTED_EDGE('',*,*,#10772,.F.);
#12032 = ORIENTED_EDGE('',*,*,#12033,.F.);
#12033 = EDGE_CURVE('',#12034,#10765,#12036,.T.);
#12034 = VERTEX_POINT('',#12035);
#12035 = CARTESIAN_POINT('',(294.47827148437,-6.004297231665E-15,
    58.407989501953));
#12036 = LINE('',#12037,#12038);
#12037 = CARTESIAN_POINT('',(294.47827148437,-6.004297231665E-15,
    58.407989501953));
#12038 = VECTOR('',#12039,1.);
#12039 = DIRECTION('',(0.,-1.,0.));
#12040 = ORIENTED_EDGE('',*,*,#12041,.F.);
#12041 = EDGE_CURVE('',#79,#12034,#12042,.T.);
#12042 = LINE('',#12043,#12044);
#12043 = CARTESIAN_POINT('',(294.59426879882,-6.019362983181E-15,
    58.271068572998));
#12044 = VECTOR('',#12045,1.);
#12045 = DIRECTION('',(-0.64640048243,8.395460786522E-17,0.762998306888)
  );
#12046 = ORIENTED_EDGE('',*,*,#11853,.F.);
#12047 = ORIENTED_EDGE('',*,*,#11794,.F.);
#12048 = ORIENTED_EDGE('',*,*,#11770,.F.);
#12049 = PLANE('',#12050);
#12050 = AXIS2_PLACEMENT_3D('',#12051,#12052,#12053);
#12051 = CARTESIAN_POINT('',(294.5362701416,-1.5,58.339529037476));
#12052 = DIRECTION('',(-0.762998306888,-0.,-0.64640048243));
#12053 = DIRECTION('',(0.64640048243,0.,-0.762998306888));
#12054 = ADVANCED_FACE('',(#12055),#12065,.T.);
#12055 = FACE_BOUND('',#12056,.T.);
#12056 = EDGE_LOOP('',(#12057,#12063,#12064));
#12057 = ORIENTED_EDGE('',*,*,#12058,.T.);
#12058 = EDGE_CURVE('',#12034,#24,#12059,.T.);
#12059 = LINE('',#12060,#12061);
#12060 = CARTESIAN_POINT('',(294.47827148437,-6.004297231665E-15,
    58.407989501953));
#12061 = VECTOR('',#12062,1.);
#12062 = DIRECTION('',(-0.397611350901,1.014000886566E-16,0.917553929551
    ));
#12063 = ORIENTED_EDGE('',*,*,#86,.T.);
#12064 = ORIENTED_EDGE('',*,*,#12041,.T.);
#12065 = PLANE('',#12066);
#12066 = AXIS2_PLACEMENT_3D('',#12067,#12068,#12069);
#12067 = CARTESIAN_POINT('',(294.48456327487,-6.004334893643E-15,
    58.407583587451));
#12068 = DIRECTION('',(0.,1.,0.));
#12069 = DIRECTION('',(0.,-0.,1.));
#12070 = ADVANCED_FACE('',(#12071),#12082,.T.);
#12071 = FACE_BOUND('',#12072,.T.);
#12072 = EDGE_LOOP('',(#12073,#12079,#12080,#12081));
#12073 = ORIENTED_EDGE('',*,*,#12074,.T.);
#12074 = EDGE_CURVE('',#10467,#10821,#12075,.T.);
#12075 = LINE('',#12076,#12077);
#12076 = CARTESIAN_POINT('',(294.47827148437,-15.,58.407989501953));
#12077 = VECTOR('',#12078,1.);
#12078 = DIRECTION('',(0.,1.,0.));
#12079 = ORIENTED_EDGE('',*,*,#10820,.T.);
#12080 = ORIENTED_EDGE('',*,*,#11818,.F.);
#12081 = ORIENTED_EDGE('',*,*,#10474,.T.);
#12082 = PLANE('',#12083);
#12083 = AXIS2_PLACEMENT_3D('',#12084,#12085,#12086);
#12084 = CARTESIAN_POINT('',(294.5362701416,-12.,58.339529037476));
#12085 = DIRECTION('',(-0.762998306888,-0.,-0.64640048243));
#12086 = DIRECTION('',(0.64640048243,0.,-0.762998306888));
#12087 = ADVANCED_FACE('',(#12088),#12099,.T.);
#12088 = FACE_BOUND('',#12089,.T.);
#12089 = EDGE_LOOP('',(#12090,#12091,#12092,#12098));
#12090 = ORIENTED_EDGE('',*,*,#11698,.F.);
#12091 = ORIENTED_EDGE('',*,*,#5142,.F.);
#12092 = ORIENTED_EDGE('',*,*,#12093,.T.);
#12093 = EDGE_CURVE('',#5135,#10912,#12094,.T.);
#12094 = LINE('',#12095,#12096);
#12095 = CARTESIAN_POINT('',(294.5230102539,27.,59.212066650391));
#12096 = VECTOR('',#12097,1.);
#12097 = DIRECTION('',(0.,-1.,0.));
#12098 = ORIENTED_EDGE('',*,*,#10911,.F.);
#12099 = PLANE('',#12100);
#12100 = AXIS2_PLACEMENT_3D('',#12101,#12102,#12103);
#12101 = CARTESIAN_POINT('',(294.5962524414,24.,59.287002563477));
#12102 = DIRECTION('',(-0.715142533712,-0.,0.698978652375));
#12103 = DIRECTION('',(-0.698978652375,0.,-0.715142533712));
#12104 = ADVANCED_FACE('',(#12105),#12118,.T.);
#12105 = FACE_BOUND('',#12106,.T.);
#12106 = EDGE_LOOP('',(#12107,#12108,#12109,#12115,#12116,#12117));
#12107 = ORIENTED_EDGE('',*,*,#11716,.F.);
#12108 = ORIENTED_EDGE('',*,*,#11098,.F.);
#12109 = ORIENTED_EDGE('',*,*,#12110,.F.);
#12110 = EDGE_CURVE('',#11953,#11091,#12111,.T.);
#12111 = LINE('',#12112,#12113);
#12112 = CARTESIAN_POINT('',(294.5230102539,-5.914979724959E-15,
    59.212066650391));
#12113 = VECTOR('',#12114,1.);
#12114 = DIRECTION('',(0.,1.,0.));
#12115 = ORIENTED_EDGE('',*,*,#11952,.F.);
#12116 = ORIENTED_EDGE('',*,*,#11674,.F.);
#12117 = ORIENTED_EDGE('',*,*,#11659,.F.);
#12118 = PLANE('',#12119);
#12119 = AXIS2_PLACEMENT_3D('',#12120,#12121,#12122);
#12120 = CARTESIAN_POINT('',(294.5962524414,1.5,59.287002563477));
#12121 = DIRECTION('',(-0.715142533712,-0.,0.698978652375));
#12122 = DIRECTION('',(-0.698978652375,0.,-0.715142533712));
#12123 = ADVANCED_FACE('',(#12124),#12135,.T.);
#12124 = FACE_BOUND('',#12125,.T.);
#12125 = EDGE_LOOP('',(#12126,#12127,#12128,#12134));
#12126 = ORIENTED_EDGE('',*,*,#11734,.F.);
#12127 = ORIENTED_EDGE('',*,*,#11399,.T.);
#12128 = ORIENTED_EDGE('',*,*,#12129,.T.);
#12129 = EDGE_CURVE('',#11392,#11518,#12130,.T.);
#12130 = LINE('',#12131,#12132);
#12131 = CARTESIAN_POINT('',(294.5230102539,15.,59.212066650391));
#12132 = VECTOR('',#12133,1.);
#12133 = DIRECTION('',(0.,-1.,0.));
#12134 = ORIENTED_EDGE('',*,*,#11517,.F.);
#12135 = PLANE('',#12136);
#12136 = AXIS2_PLACEMENT_3D('',#12137,#12138,#12139);
#12137 = CARTESIAN_POINT('',(294.5962524414,12.,59.287002563477));
#12138 = DIRECTION('',(-0.715142533712,-0.,0.698978652375));
#12139 = DIRECTION('',(-0.698978652375,0.,-0.715142533712));
#12140 = ADVANCED_FACE('',(#12141),#12152,.T.);
#12141 = FACE_BOUND('',#12142,.T.);
#12142 = EDGE_LOOP('',(#12143,#12149,#12150,#12151));
#12143 = ORIENTED_EDGE('',*,*,#12144,.F.);
#12144 = EDGE_CURVE('',#5103,#10944,#12145,.T.);
#12145 = LINE('',#12146,#12147);
#12146 = CARTESIAN_POINT('',(294.43688964843,27.,58.485527038574));
#12147 = VECTOR('',#12148,1.);
#12148 = DIRECTION('',(0.,-1.,0.));
#12149 = ORIENTED_EDGE('',*,*,#5102,.F.);
#12150 = ORIENTED_EDGE('',*,*,#11871,.F.);
#12151 = ORIENTED_EDGE('',*,*,#10951,.F.);
#12152 = PLANE('',#12153);
#12153 = AXIS2_PLACEMENT_3D('',#12154,#12155,#12156);
#12154 = CARTESIAN_POINT('',(294.48648071289,24.,58.407752990723));
#12155 = DIRECTION('',(-0.843177516964,-0.,-0.537635261945));
#12156 = DIRECTION('',(0.537635261945,0.,-0.843177516964));
#12157 = ADVANCED_FACE('',(#12158),#12169,.T.);
#12158 = FACE_BOUND('',#12159,.T.);
#12159 = EDGE_LOOP('',(#12160,#12161,#12167,#12168));
#12160 = ORIENTED_EDGE('',*,*,#11557,.F.);
#12161 = ORIENTED_EDGE('',*,*,#12162,.F.);
#12162 = EDGE_CURVE('',#11360,#11550,#12163,.T.);
#12163 = LINE('',#12164,#12165);
#12164 = CARTESIAN_POINT('',(294.43688964843,15.,58.485527038574));
#12165 = VECTOR('',#12166,1.);
#12166 = DIRECTION('',(0.,-1.,0.));
#12167 = ORIENTED_EDGE('',*,*,#11359,.T.);
#12168 = ORIENTED_EDGE('',*,*,#11887,.T.);
#12169 = PLANE('',#12170);
#12170 = AXIS2_PLACEMENT_3D('',#12171,#12172,#12173);
#12171 = CARTESIAN_POINT('',(294.48648071289,12.,58.407752990723));
#12172 = DIRECTION('',(-0.843177516964,-0.,-0.537635261945));
#12173 = DIRECTION('',(0.537635261945,0.,-0.843177516964));
#12174 = ADVANCED_FACE('',(#12175),#12191,.T.);
#12175 = FACE_BOUND('',#12176,.T.);
#12176 = EDGE_LOOP('',(#12177,#12183,#12184,#12190));
#12177 = ORIENTED_EDGE('',*,*,#12178,.T.);
#12178 = EDGE_CURVE('',#3665,#9937,#12179,.T.);
#12179 = LINE('',#12180,#12181);
#12180 = CARTESIAN_POINT('',(294.41329956054,-27.,58.992004394531));
#12181 = VECTOR('',#12182,1.);
#12182 = DIRECTION('',(0.,1.,0.));
#12183 = ORIENTED_EDGE('',*,*,#9936,.F.);
#12184 = ORIENTED_EDGE('',*,*,#12185,.F.);
#12185 = EDGE_CURVE('',#3673,#9929,#12186,.T.);
#12186 = LINE('',#12187,#12188);
#12187 = CARTESIAN_POINT('',(294.37878417968,-27.,58.779651641846));
#12188 = VECTOR('',#12189,1.);
#12189 = DIRECTION('',(0.,1.,0.));
#12190 = ORIENTED_EDGE('',*,*,#3672,.T.);
#12191 = PLANE('',#12192);
#12192 = AXIS2_PLACEMENT_3D('',#12193,#12194,#12195);
#12193 = CARTESIAN_POINT('',(294.39604187011,-24.,58.885828018188));
#12194 = DIRECTION('',(-0.98704680373,-0.,0.160432562922));
#12195 = DIRECTION('',(-0.160432562922,0.,-0.98704680373));
#12196 = ADVANCED_FACE('',(#12197),#12238,.T.);
#12197 = FACE_BOUND('',#12198,.T.);
#12198 = EDGE_LOOP('',(#12199,#12200,#12208,#12216,#12224,#12232));
#12199 = ORIENTED_EDGE('',*,*,#10748,.F.);
#12200 = ORIENTED_EDGE('',*,*,#12201,.T.);
#12201 = EDGE_CURVE('',#10741,#12202,#12204,.T.);
#12202 = VERTEX_POINT('',#12203);
#12203 = CARTESIAN_POINT('',(294.41329956054,-5.939537751199E-15,
    58.992004394531));
#12204 = LINE('',#12205,#12206);
#12205 = CARTESIAN_POINT('',(294.41329956054,-3.,58.992004394531));
#12206 = VECTOR('',#12207,1.);
#12207 = DIRECTION('',(0.,1.,0.));
#12208 = ORIENTED_EDGE('',*,*,#12209,.F.);
#12209 = EDGE_CURVE('',#12210,#12202,#12212,.T.);
#12210 = VERTEX_POINT('',#12211);
#12211 = CARTESIAN_POINT('',(294.39120990183,-5.95465091003E-15,
    58.856099771234));
#12212 = LINE('',#12213,#12214);
#12213 = CARTESIAN_POINT('',(294.37878417968,-5.963152182735E-15,
    58.779651641846));
#12214 = VECTOR('',#12215,1.);
#12215 = DIRECTION('',(0.160432562922,1.097633483684E-16,0.98704680373)
  );
#12216 = ORIENTED_EDGE('',*,*,#12217,.F.);
#12217 = EDGE_CURVE('',#12218,#12210,#12220,.T.);
#12218 = VERTEX_POINT('',#12219);
#12219 = CARTESIAN_POINT('',(294.37956361796,-5.962619037285E-15,
    58.784447065221));
#12220 = LINE('',#12221,#12222);
#12221 = CARTESIAN_POINT('',(294.37878417968,-5.963152182735E-15,
    58.779651641846));
#12222 = VECTOR('',#12223,1.);
#12223 = DIRECTION('',(0.160432562922,1.097633483684E-16,0.98704680373)
  );
#12224 = ORIENTED_EDGE('',*,*,#12225,.F.);
#12225 = EDGE_CURVE('',#12226,#12218,#12228,.T.);
#12226 = VERTEX_POINT('',#12227);
#12227 = CARTESIAN_POINT('',(294.37878417968,-5.963152182735E-15,
    58.779651641846));
#12228 = LINE('',#12229,#12230);
#12229 = CARTESIAN_POINT('',(294.37878417968,-5.963152182735E-15,
    58.779651641846));
#12230 = VECTOR('',#12231,1.);
#12231 = DIRECTION('',(0.160432562922,1.097633483684E-16,0.98704680373)
  );
#12232 = ORIENTED_EDGE('',*,*,#12233,.F.);
#12233 = EDGE_CURVE('',#10749,#12226,#12234,.T.);
#12234 = LINE('',#12235,#12236);
#12235 = CARTESIAN_POINT('',(294.37878417968,-3.,58.779651641846));
#12236 = VECTOR('',#12237,1.);
#12237 = DIRECTION('',(0.,1.,0.));
#12238 = PLANE('',#12239);
#12239 = AXIS2_PLACEMENT_3D('',#12240,#12241,#12242);
#12240 = CARTESIAN_POINT('',(294.39604187011,-1.5,58.885828018188));
#12241 = DIRECTION('',(-0.98704680373,-2.624468581236E-16,0.160432562922
    ));
#12242 = DIRECTION('',(-0.160432562922,6.162975822039E-33,-0.98704680373
    ));
#12243 = ADVANCED_FACE('',(#12244),#12261,.T.);
#12244 = FACE_BOUND('',#12245,.T.);
#12245 = EDGE_LOOP('',(#12246,#12254,#12260));
#12246 = ORIENTED_EDGE('',*,*,#12247,.T.);
#12247 = EDGE_CURVE('',#12202,#12248,#12250,.T.);
#12248 = VERTEX_POINT('',#12249);
#12249 = CARTESIAN_POINT('',(294.41764428141,-5.938523780553E-15,
    59.001091443423));
#12250 = LINE('',#12251,#12252);
#12251 = CARTESIAN_POINT('',(294.41329956054,-5.939537751199E-15,
    58.992004394531));
#12252 = VECTOR('',#12253,1.);
#12253 = DIRECTION('',(0.431353763681,1.006593611333E-16,0.902182869799)
  );
#12254 = ORIENTED_EDGE('',*,*,#12255,.T.);
#12255 = EDGE_CURVE('',#12248,#12210,#12256,.T.);
#12256 = LINE('',#12257,#12258);
#12257 = CARTESIAN_POINT('',(294.41940307617,-5.937450662017E-15,
    59.010738372803));
#12258 = VECTOR('',#12259,1.);
#12259 = DIRECTION('',(-0.179360002327,-1.09425257299E-16,
    -0.983783507468));
#12260 = ORIENTED_EDGE('',*,*,#12209,.T.);
#12261 = PLANE('',#12262);
#12262 = AXIS2_PLACEMENT_3D('',#12263,#12264,#12265);
#12263 = CARTESIAN_POINT('',(294.40379057961,-5.946565956089E-15,
    58.928794989706));
#12264 = DIRECTION('',(0.,1.,0.));
#12265 = DIRECTION('',(0.,-0.,1.));
#12266 = ADVANCED_FACE('',(#12267),#12284,.T.);
#12267 = FACE_BOUND('',#12268,.T.);
#12268 = EDGE_LOOP('',(#12269,#12277,#12278));
#12269 = ORIENTED_EDGE('',*,*,#12270,.T.);
#12270 = EDGE_CURVE('',#12271,#12218,#12273,.T.);
#12271 = VERTEX_POINT('',#12272);
#12272 = CARTESIAN_POINT('',(294.37905883789,-5.962064168915E-15,
    58.789451599121));
#12273 = LINE('',#12274,#12275);
#12274 = CARTESIAN_POINT('',(294.37905883789,-5.962064168915E-15,
    58.789451599121));
#12275 = VECTOR('',#12276,1.);
#12276 = DIRECTION('',(0.100355354606,-1.103380274958E-16,
    -0.994951658525));
#12277 = ORIENTED_EDGE('',*,*,#12217,.T.);
#12278 = ORIENTED_EDGE('',*,*,#12279,.T.);
#12279 = EDGE_CURVE('',#12210,#12271,#12280,.T.);
#12280 = LINE('',#12281,#12282);
#12281 = CARTESIAN_POINT('',(294.41940307617,-5.937450662017E-15,
    59.010738372803));
#12282 = VECTOR('',#12283,1.);
#12283 = DIRECTION('',(-0.179360002327,-1.09425257299E-16,
    -0.983783507468));
#12284 = PLANE('',#12285);
#12285 = AXIS2_PLACEMENT_3D('',#12286,#12287,#12288);
#12286 = CARTESIAN_POINT('',(294.38505891933,-5.958633903954E-15,
    58.820286507866));
#12287 = DIRECTION('',(-0.,-1.,-0.));
#12288 = DIRECTION('',(0.,0.,-1.));
#12289 = ADVANCED_FACE('',(#12290),#12307,.T.);
#12290 = FACE_BOUND('',#12291,.T.);
#12291 = EDGE_LOOP('',(#12292,#12300,#12301));
#12292 = ORIENTED_EDGE('',*,*,#12293,.T.);
#12293 = EDGE_CURVE('',#12294,#12226,#12296,.T.);
#12294 = VERTEX_POINT('',#12295);
#12295 = CARTESIAN_POINT('',(294.38701854239,-5.970815631034E-15,
    58.710536814485));
#12296 = LINE('',#12297,#12298);
#12297 = CARTESIAN_POINT('',(294.40213012695,-5.984879424865E-15,
    58.583698272705));
#12298 = VECTOR('',#12299,1.);
#12299 = DIRECTION('',(-0.118303653721,1.101009995442E-16,0.992977464758
    ));
#12300 = ORIENTED_EDGE('',*,*,#12225,.T.);
#12301 = ORIENTED_EDGE('',*,*,#12302,.T.);
#12302 = EDGE_CURVE('',#12218,#12294,#12303,.T.);
#12303 = LINE('',#12304,#12305);
#12304 = CARTESIAN_POINT('',(294.37905883789,-5.962064168915E-15,
    58.789451599121));
#12305 = VECTOR('',#12306,1.);
#12306 = DIRECTION('',(0.100355354606,-1.103380274958E-16,
    -0.994951658525));
#12307 = PLANE('',#12308);
#12308 = AXIS2_PLACEMENT_3D('',#12309,#12310,#12311);
#12309 = CARTESIAN_POINT('',(294.38297424345,-5.966716950269E-15,
    58.747498681178));
#12310 = DIRECTION('',(0.,1.,0.));
#12311 = DIRECTION('',(0.,-0.,1.));
#12312 = ADVANCED_FACE('',(#12313),#12329,.T.);
#12313 = FACE_BOUND('',#12314,.T.);
#12314 = EDGE_LOOP('',(#12315,#12321,#12322,#12328));
#12315 = ORIENTED_EDGE('',*,*,#12316,.T.);
#12316 = EDGE_CURVE('',#10443,#10845,#12317,.T.);
#12317 = LINE('',#12318,#12319);
#12318 = CARTESIAN_POINT('',(294.41329956054,-15.,58.992004394531));
#12319 = VECTOR('',#12320,1.);
#12320 = DIRECTION('',(0.,1.,0.));
#12321 = ORIENTED_EDGE('',*,*,#10844,.T.);
#12322 = ORIENTED_EDGE('',*,*,#12323,.F.);
#12323 = EDGE_CURVE('',#10451,#10837,#12324,.T.);
#12324 = LINE('',#12325,#12326);
#12325 = CARTESIAN_POINT('',(294.37878417968,-15.,58.779651641846));
#12326 = VECTOR('',#12327,1.);
#12327 = DIRECTION('',(0.,1.,0.));
#12328 = ORIENTED_EDGE('',*,*,#10450,.T.);
#12329 = PLANE('',#12330);
#12330 = AXIS2_PLACEMENT_3D('',#12331,#12332,#12333);
#12331 = CARTESIAN_POINT('',(294.39604187011,-12.,58.885828018188));
#12332 = DIRECTION('',(-0.98704680373,-0.,0.160432562922));
#12333 = DIRECTION('',(-0.160432562922,0.,-0.98704680373));
#12334 = ADVANCED_FACE('',(#12335),#12341,.T.);
#12335 = FACE_BOUND('',#12336,.T.);
#12336 = EDGE_LOOP('',(#12337,#12338,#12339,#12340));
#12337 = ORIENTED_EDGE('',*,*,#11904,.T.);
#12338 = ORIENTED_EDGE('',*,*,#9944,.F.);
#12339 = ORIENTED_EDGE('',*,*,#12178,.F.);
#12340 = ORIENTED_EDGE('',*,*,#3664,.T.);
#12341 = PLANE('',#12342);
#12342 = AXIS2_PLACEMENT_3D('',#12343,#12344,#12345);
#12343 = CARTESIAN_POINT('',(294.46109008789,-24.,59.091958999634));
#12344 = DIRECTION('',(-0.902182869799,-0.,0.431353763681));
#12345 = DIRECTION('',(-0.431353763681,0.,-0.902182869799));
#12346 = ADVANCED_FACE('',(#12347),#12360,.T.);
#12347 = FACE_BOUND('',#12348,.T.);
#12348 = EDGE_LOOP('',(#12349,#12350,#12351,#12352,#12358,#12359));
#12349 = ORIENTED_EDGE('',*,*,#10740,.F.);
#12350 = ORIENTED_EDGE('',*,*,#11937,.T.);
#12351 = ORIENTED_EDGE('',*,*,#11975,.F.);
#12352 = ORIENTED_EDGE('',*,*,#12353,.F.);
#12353 = EDGE_CURVE('',#12248,#11976,#12354,.T.);
#12354 = LINE('',#12355,#12356);
#12355 = CARTESIAN_POINT('',(294.41329956054,-5.939537751199E-15,
    58.992004394531));
#12356 = VECTOR('',#12357,1.);
#12357 = DIRECTION('',(0.431353763681,1.006593611333E-16,0.902182869799)
  );
#12358 = ORIENTED_EDGE('',*,*,#12247,.F.);
#12359 = ORIENTED_EDGE('',*,*,#12201,.F.);
#12360 = PLANE('',#12361);
#12361 = AXIS2_PLACEMENT_3D('',#12362,#12363,#12364);
#12362 = CARTESIAN_POINT('',(294.46109008789,-1.5,59.091958999634));
#12363 = DIRECTION('',(-0.902182869799,-0.,0.431353763681));
#12364 = DIRECTION('',(-0.431353763681,0.,-0.902182869799));
#12365 = ADVANCED_FACE('',(#12366),#12383,.T.);
#12366 = FACE_BOUND('',#12367,.T.);
#12367 = EDGE_LOOP('',(#12368,#12369,#12377));
#12368 = ORIENTED_EDGE('',*,*,#12353,.T.);
#12369 = ORIENTED_EDGE('',*,*,#12370,.T.);
#12370 = EDGE_CURVE('',#11976,#12371,#12373,.T.);
#12371 = VERTEX_POINT('',#12372);
#12372 = CARTESIAN_POINT('',(294.41940307617,-5.937450662017E-15,
    59.010738372803));
#12373 = LINE('',#12374,#12375);
#12374 = CARTESIAN_POINT('',(294.5230102539,-5.914979724959E-15,
    59.212066650391));
#12375 = VECTOR('',#12376,1.);
#12376 = DIRECTION('',(-0.45758173191,-9.924303046712E-17,
    -0.889167564986));
#12377 = ORIENTED_EDGE('',*,*,#12378,.T.);
#12378 = EDGE_CURVE('',#12371,#12248,#12379,.T.);
#12379 = LINE('',#12380,#12381);
#12380 = CARTESIAN_POINT('',(294.41940307617,-5.937450662017E-15,
    59.010738372803));
#12381 = VECTOR('',#12382,1.);
#12382 = DIRECTION('',(-0.179360002327,-1.09425257299E-16,
    -0.983783507468));
#12383 = PLANE('',#12384);
#12384 = AXIS2_PLACEMENT_3D('',#12385,#12386,#12387);
#12385 = CARTESIAN_POINT('',(294.43802792345,-5.933601183785E-15,
    59.045219151588));
#12386 = DIRECTION('',(-0.,-1.,-0.));
#12387 = DIRECTION('',(0.,0.,-1.));
#12388 = ADVANCED_FACE('',(#12389),#12395,.T.);
#12389 = FACE_BOUND('',#12390,.T.);
#12390 = EDGE_LOOP('',(#12391,#12392,#12393,#12394));
#12391 = ORIENTED_EDGE('',*,*,#12000,.T.);
#12392 = ORIENTED_EDGE('',*,*,#10852,.T.);
#12393 = ORIENTED_EDGE('',*,*,#12316,.F.);
#12394 = ORIENTED_EDGE('',*,*,#10442,.T.);
#12395 = PLANE('',#12396);
#12396 = AXIS2_PLACEMENT_3D('',#12397,#12398,#12399);
#12397 = CARTESIAN_POINT('',(294.46109008789,-12.,59.091958999634));
#12398 = DIRECTION('',(-0.902182869799,-0.,0.431353763681));
#12399 = DIRECTION('',(-0.431353763681,0.,-0.902182869799));
#12400 = ADVANCED_FACE('',(#12401),#12412,.T.);
#12401 = FACE_BOUND('',#12402,.T.);
#12402 = EDGE_LOOP('',(#12403,#12404,#12410,#12411));
#12403 = ORIENTED_EDGE('',*,*,#3688,.T.);
#12404 = ORIENTED_EDGE('',*,*,#12405,.T.);
#12405 = EDGE_CURVE('',#3681,#9921,#12406,.T.);
#12406 = LINE('',#12407,#12408);
#12407 = CARTESIAN_POINT('',(294.40213012695,-27.,58.583698272705));
#12408 = VECTOR('',#12409,1.);
#12409 = DIRECTION('',(0.,1.,0.));
#12410 = ORIENTED_EDGE('',*,*,#9920,.F.);
#12411 = ORIENTED_EDGE('',*,*,#12016,.T.);
#12412 = PLANE('',#12413);
#12413 = AXIS2_PLACEMENT_3D('',#12414,#12415,#12416);
#12414 = CARTESIAN_POINT('',(294.44020080566,-24.,58.495843887329));
#12415 = DIRECTION('',(-0.917553929551,-0.,-0.397611350901));
#12416 = DIRECTION('',(0.397611350901,0.,-0.917553929551));
#12417 = ADVANCED_FACE('',(#12418),#12438,.T.);
#12418 = FACE_BOUND('',#12419,.T.);
#12419 = EDGE_LOOP('',(#12420,#12421,#12429,#12435,#12436,#12437));
#12420 = ORIENTED_EDGE('',*,*,#10764,.F.);
#12421 = ORIENTED_EDGE('',*,*,#12422,.F.);
#12422 = EDGE_CURVE('',#12423,#10757,#12425,.T.);
#12423 = VERTEX_POINT('',#12424);
#12424 = CARTESIAN_POINT('',(294.40213012695,-5.984879424865E-15,
    58.583698272705));
#12425 = LINE('',#12426,#12427);
#12426 = CARTESIAN_POINT('',(294.40213012695,-5.984879424865E-15,
    58.583698272705));
#12427 = VECTOR('',#12428,1.);
#12428 = DIRECTION('',(0.,-1.,0.));
#12429 = ORIENTED_EDGE('',*,*,#12430,.F.);
#12430 = EDGE_CURVE('',#32,#12423,#12431,.T.);
#12431 = LINE('',#12432,#12433);
#12432 = CARTESIAN_POINT('',(294.47827148437,-6.004297231665E-15,
    58.407989501953));
#12433 = VECTOR('',#12434,1.);
#12434 = DIRECTION('',(-0.397611350901,1.014000886566E-16,0.917553929551
    ));
#12435 = ORIENTED_EDGE('',*,*,#31,.F.);
#12436 = ORIENTED_EDGE('',*,*,#12058,.F.);
#12437 = ORIENTED_EDGE('',*,*,#12033,.T.);
#12438 = PLANE('',#12439);
#12439 = AXIS2_PLACEMENT_3D('',#12440,#12441,#12442);
#12440 = CARTESIAN_POINT('',(294.44020080566,-1.5,58.495843887329));
#12441 = DIRECTION('',(-0.917553929551,-0.,-0.397611350901));
#12442 = DIRECTION('',(0.397611350901,0.,-0.917553929551));
#12443 = ADVANCED_FACE('',(#12444),#12461,.T.);
#12444 = FACE_BOUND('',#12445,.T.);
#12445 = EDGE_LOOP('',(#12446,#12454,#12460));
#12446 = ORIENTED_EDGE('',*,*,#12447,.T.);
#12447 = EDGE_CURVE('',#12423,#12448,#12450,.T.);
#12448 = VERTEX_POINT('',#12449);
#12449 = CARTESIAN_POINT('',(294.40142401814,-5.98422210976E-15,
    58.589624971596));
#12450 = LINE('',#12451,#12452);
#12451 = CARTESIAN_POINT('',(294.40213012695,-5.984879424865E-15,
    58.583698272705));
#12452 = VECTOR('',#12453,1.);
#12453 = DIRECTION('',(-0.118303653721,1.101009995442E-16,0.992977464758
    ));
#12454 = ORIENTED_EDGE('',*,*,#12455,.T.);
#12455 = EDGE_CURVE('',#12448,#32,#12456,.T.);
#12456 = LINE('',#12457,#12458);
#12457 = CARTESIAN_POINT('',(294.3982849121,-5.983202723146E-15,
    58.598838806152));
#12458 = VECTOR('',#12459,1.);
#12459 = DIRECTION('',(0.322492247038,-1.047085183526E-16,
    -0.946572105336));
#12460 = ORIENTED_EDGE('',*,*,#12430,.T.);
#12461 = PLANE('',#12462);
#12462 = AXIS2_PLACEMENT_3D('',#12463,#12464,#12465);
#12463 = CARTESIAN_POINT('',(294.40454615186,-5.985343251896E-15,
    58.579493330164));
#12464 = DIRECTION('',(0.,1.,0.));
#12465 = DIRECTION('',(0.,-0.,1.));
#12466 = ADVANCED_FACE('',(#12467),#12478,.T.);
#12467 = FACE_BOUND('',#12468,.T.);
#12468 = EDGE_LOOP('',(#12469,#12475,#12476,#12477));
#12469 = ORIENTED_EDGE('',*,*,#12470,.T.);
#12470 = EDGE_CURVE('',#10459,#10829,#12471,.T.);
#12471 = LINE('',#12472,#12473);
#12472 = CARTESIAN_POINT('',(294.40213012695,-15.,58.583698272705));
#12473 = VECTOR('',#12474,1.);
#12474 = DIRECTION('',(0.,1.,0.));
#12475 = ORIENTED_EDGE('',*,*,#10828,.T.);
#12476 = ORIENTED_EDGE('',*,*,#12074,.F.);
#12477 = ORIENTED_EDGE('',*,*,#10466,.T.);
#12478 = PLANE('',#12479);
#12479 = AXIS2_PLACEMENT_3D('',#12480,#12481,#12482);
#12480 = CARTESIAN_POINT('',(294.44020080566,-12.,58.495843887329));
#12481 = DIRECTION('',(-0.917553929551,-0.,-0.397611350901));
#12482 = DIRECTION('',(0.397611350901,0.,-0.917553929551));
#12483 = ADVANCED_FACE('',(#12484),#12500,.T.);
#12484 = FACE_BOUND('',#12485,.T.);
#12485 = EDGE_LOOP('',(#12486,#12492,#12493,#12499));
#12486 = ORIENTED_EDGE('',*,*,#12487,.T.);
#12487 = EDGE_CURVE('',#5119,#10928,#12488,.T.);
#12488 = LINE('',#12489,#12490);
#12489 = CARTESIAN_POINT('',(294.37905883789,27.,58.789451599121));
#12490 = VECTOR('',#12491,1.);
#12491 = DIRECTION('',(0.,-1.,0.));
#12492 = ORIENTED_EDGE('',*,*,#10927,.F.);
#12493 = ORIENTED_EDGE('',*,*,#12494,.T.);
#12494 = EDGE_CURVE('',#10920,#5127,#12495,.T.);
#12495 = LINE('',#12496,#12497);
#12496 = CARTESIAN_POINT('',(294.41940307617,21.,59.010738372803));
#12497 = VECTOR('',#12498,1.);
#12498 = DIRECTION('',(0.,1.,0.));
#12499 = ORIENTED_EDGE('',*,*,#5126,.F.);
#12500 = PLANE('',#12501);
#12501 = AXIS2_PLACEMENT_3D('',#12502,#12503,#12504);
#12502 = CARTESIAN_POINT('',(294.39923095703,24.,58.900094985962));
#12503 = DIRECTION('',(-0.983783507468,-0.,0.179360002327));
#12504 = DIRECTION('',(-0.179360002327,0.,-0.983783507468));
#12505 = ADVANCED_FACE('',(#12506),#12522,.T.);
#12506 = FACE_BOUND('',#12507,.T.);
#12507 = EDGE_LOOP('',(#12508,#12514,#12515,#12521));
#12508 = ORIENTED_EDGE('',*,*,#12509,.T.);
#12509 = EDGE_CURVE('',#11376,#11534,#12510,.T.);
#12510 = LINE('',#12511,#12512);
#12511 = CARTESIAN_POINT('',(294.37905883789,15.,58.789451599121));
#12512 = VECTOR('',#12513,1.);
#12513 = DIRECTION('',(0.,-1.,0.));
#12514 = ORIENTED_EDGE('',*,*,#11533,.F.);
#12515 = ORIENTED_EDGE('',*,*,#12516,.T.);
#12516 = EDGE_CURVE('',#11526,#11384,#12517,.T.);
#12517 = LINE('',#12518,#12519);
#12518 = CARTESIAN_POINT('',(294.41940307617,9.,59.010738372803));
#12519 = VECTOR('',#12520,1.);
#12520 = DIRECTION('',(0.,1.,0.));
#12521 = ORIENTED_EDGE('',*,*,#11383,.T.);
#12522 = PLANE('',#12523);
#12523 = AXIS2_PLACEMENT_3D('',#12524,#12525,#12526);
#12524 = CARTESIAN_POINT('',(294.39923095703,12.,58.900094985962));
#12525 = DIRECTION('',(-0.983783507468,-0.,0.179360002327));
#12526 = DIRECTION('',(-0.179360002327,0.,-0.983783507468));
#12527 = ADVANCED_FACE('',(#12528),#12546,.T.);
#12528 = FACE_BOUND('',#12529,.T.);
#12529 = EDGE_LOOP('',(#12530,#12536,#12537,#12538,#12539,#12545));
#12530 = ORIENTED_EDGE('',*,*,#12531,.T.);
#12531 = EDGE_CURVE('',#11075,#12271,#12532,.T.);
#12532 = LINE('',#12533,#12534);
#12533 = CARTESIAN_POINT('',(294.37905883789,3.,58.789451599121));
#12534 = VECTOR('',#12535,1.);
#12535 = DIRECTION('',(0.,-1.,0.));
#12536 = ORIENTED_EDGE('',*,*,#12279,.F.);
#12537 = ORIENTED_EDGE('',*,*,#12255,.F.);
#12538 = ORIENTED_EDGE('',*,*,#12378,.F.);
#12539 = ORIENTED_EDGE('',*,*,#12540,.T.);
#12540 = EDGE_CURVE('',#12371,#11083,#12541,.T.);
#12541 = LINE('',#12542,#12543);
#12542 = CARTESIAN_POINT('',(294.41940307617,-5.937450662017E-15,
    59.010738372803));
#12543 = VECTOR('',#12544,1.);
#12544 = DIRECTION('',(0.,1.,0.));
#12545 = ORIENTED_EDGE('',*,*,#11082,.F.);
#12546 = PLANE('',#12547);
#12547 = AXIS2_PLACEMENT_3D('',#12548,#12549,#12550);
#12548 = CARTESIAN_POINT('',(294.39923095703,1.5,58.900094985962));
#12549 = DIRECTION('',(-0.983783507468,-0.,0.179360002327));
#12550 = DIRECTION('',(-0.179360002327,0.,-0.983783507468));
#12551 = ADVANCED_FACE('',(#12552),#12563,.T.);
#12552 = FACE_BOUND('',#12553,.T.);
#12553 = EDGE_LOOP('',(#12554,#12555,#12556,#12562));
#12554 = ORIENTED_EDGE('',*,*,#12487,.F.);
#12555 = ORIENTED_EDGE('',*,*,#5118,.F.);
#12556 = ORIENTED_EDGE('',*,*,#12557,.T.);
#12557 = EDGE_CURVE('',#5111,#10936,#12558,.T.);
#12558 = LINE('',#12559,#12560);
#12559 = CARTESIAN_POINT('',(294.3982849121,27.,58.598838806152));
#12560 = VECTOR('',#12561,1.);
#12561 = DIRECTION('',(0.,-1.,0.));
#12562 = ORIENTED_EDGE('',*,*,#10935,.F.);
#12563 = PLANE('',#12564);
#12564 = AXIS2_PLACEMENT_3D('',#12565,#12566,#12567);
#12565 = CARTESIAN_POINT('',(294.388671875,24.,58.694145202637));
#12566 = DIRECTION('',(-0.994951658525,-0.,-0.100355354606));
#12567 = DIRECTION('',(0.100355354606,0.,-0.994951658525));
#12568 = ADVANCED_FACE('',(#12569),#12580,.T.);
#12569 = FACE_BOUND('',#12570,.T.);
#12570 = EDGE_LOOP('',(#12571,#12572,#12573,#12579));
#12571 = ORIENTED_EDGE('',*,*,#12509,.F.);
#12572 = ORIENTED_EDGE('',*,*,#11375,.T.);
#12573 = ORIENTED_EDGE('',*,*,#12574,.F.);
#12574 = EDGE_CURVE('',#11542,#11368,#12575,.T.);
#12575 = LINE('',#12576,#12577);
#12576 = CARTESIAN_POINT('',(294.3982849121,9.,58.598838806152));
#12577 = VECTOR('',#12578,1.);
#12578 = DIRECTION('',(0.,1.,0.));
#12579 = ORIENTED_EDGE('',*,*,#11541,.F.);
#12580 = PLANE('',#12581);
#12581 = AXIS2_PLACEMENT_3D('',#12582,#12583,#12584);
#12582 = CARTESIAN_POINT('',(294.388671875,12.,58.694145202637));
#12583 = DIRECTION('',(-0.994951658525,-0.,-0.100355354606));
#12584 = DIRECTION('',(0.100355354606,0.,-0.994951658525));
#12585 = ADVANCED_FACE('',(#12586),#12606,.T.);
#12586 = FACE_BOUND('',#12587,.T.);
#12587 = EDGE_LOOP('',(#12588,#12589,#12590,#12598,#12604,#12605));
#12588 = ORIENTED_EDGE('',*,*,#12531,.F.);
#12589 = ORIENTED_EDGE('',*,*,#11074,.F.);
#12590 = ORIENTED_EDGE('',*,*,#12591,.T.);
#12591 = EDGE_CURVE('',#11067,#12592,#12594,.T.);
#12592 = VERTEX_POINT('',#12593);
#12593 = CARTESIAN_POINT('',(294.3982849121,-5.983202723146E-15,
    58.598838806152));
#12594 = LINE('',#12595,#12596);
#12595 = CARTESIAN_POINT('',(294.3982849121,3.,58.598838806152));
#12596 = VECTOR('',#12597,1.);
#12597 = DIRECTION('',(0.,-1.,0.));
#12598 = ORIENTED_EDGE('',*,*,#12599,.F.);
#12599 = EDGE_CURVE('',#12294,#12592,#12600,.T.);
#12600 = LINE('',#12601,#12602);
#12601 = CARTESIAN_POINT('',(294.37905883789,-5.962064168915E-15,
    58.789451599121));
#12602 = VECTOR('',#12603,1.);
#12603 = DIRECTION('',(0.100355354606,-1.103380274958E-16,
    -0.994951658525));
#12604 = ORIENTED_EDGE('',*,*,#12302,.F.);
#12605 = ORIENTED_EDGE('',*,*,#12270,.F.);
#12606 = PLANE('',#12607);
#12607 = AXIS2_PLACEMENT_3D('',#12608,#12609,#12610);
#12608 = CARTESIAN_POINT('',(294.388671875,1.5,58.694145202637));
#12609 = DIRECTION('',(-0.994951658525,3.258458455153E-16,
    -0.100355354606));
#12610 = DIRECTION('',(0.100355354606,-6.162975822039E-33,
    -0.994951658525));
#12611 = ADVANCED_FACE('',(#12612),#12627,.T.);
#12612 = FACE_BOUND('',#12613,.T.);
#12613 = EDGE_LOOP('',(#12614,#12620,#12626));
#12614 = ORIENTED_EDGE('',*,*,#12615,.T.);
#12615 = EDGE_CURVE('',#12592,#12448,#12616,.T.);
#12616 = LINE('',#12617,#12618);
#12617 = CARTESIAN_POINT('',(294.3982849121,-5.983202723146E-15,
    58.598838806152));
#12618 = VECTOR('',#12619,1.);
#12619 = DIRECTION('',(0.322492247038,-1.047085183526E-16,
    -0.946572105336));
#12620 = ORIENTED_EDGE('',*,*,#12621,.T.);
#12621 = EDGE_CURVE('',#12448,#12294,#12622,.T.);
#12622 = LINE('',#12623,#12624);
#12623 = CARTESIAN_POINT('',(294.40213012695,-5.984879424865E-15,
    58.583698272705));
#12624 = VECTOR('',#12625,1.);
#12625 = DIRECTION('',(-0.118303653721,1.101009995442E-16,0.992977464758
    ));
#12626 = ORIENTED_EDGE('',*,*,#12599,.T.);
#12627 = PLANE('',#12628);
#12628 = AXIS2_PLACEMENT_3D('',#12629,#12630,#12631);
#12629 = CARTESIAN_POINT('',(294.39372337305,-5.977531488553E-15,
    58.649972453024));
#12630 = DIRECTION('',(-0.,-1.,-0.));
#12631 = DIRECTION('',(0.,0.,-1.));
#12632 = ADVANCED_FACE('',(#12633),#12639,.T.);
#12633 = FACE_BOUND('',#12634,.T.);
#12634 = EDGE_LOOP('',(#12635,#12636,#12637,#12638));
#12635 = ORIENTED_EDGE('',*,*,#12557,.F.);
#12636 = ORIENTED_EDGE('',*,*,#5110,.F.);
#12637 = ORIENTED_EDGE('',*,*,#12144,.T.);
#12638 = ORIENTED_EDGE('',*,*,#10943,.F.);
#12639 = PLANE('',#12640);
#12640 = AXIS2_PLACEMENT_3D('',#12641,#12642,#12643);
#12641 = CARTESIAN_POINT('',(294.41758728027,24.,58.542182922363));
#12642 = DIRECTION('',(-0.946572105336,-0.,-0.322492247038));
#12643 = DIRECTION('',(0.322492247038,0.,-0.946572105336));
#12644 = ADVANCED_FACE('',(#12645),#12653,.T.);
#12645 = FACE_BOUND('',#12646,.T.);
#12646 = EDGE_LOOP('',(#12647,#12648,#12649,#12650,#12651,#12652));
#12647 = ORIENTED_EDGE('',*,*,#12591,.F.);
#12648 = ORIENTED_EDGE('',*,*,#11066,.F.);
#12649 = ORIENTED_EDGE('',*,*,#54,.T.);
#12650 = ORIENTED_EDGE('',*,*,#39,.F.);
#12651 = ORIENTED_EDGE('',*,*,#12455,.F.);
#12652 = ORIENTED_EDGE('',*,*,#12615,.F.);
#12653 = PLANE('',#12654);
#12654 = AXIS2_PLACEMENT_3D('',#12655,#12656,#12657);
#12655 = CARTESIAN_POINT('',(294.41758728027,1.5,58.542182922363));
#12656 = DIRECTION('',(-0.946572105336,-0.,-0.322492247038));
#12657 = DIRECTION('',(0.322492247038,0.,-0.946572105336));
#12658 = ADVANCED_FACE('',(#12659),#12665,.T.);
#12659 = FACE_BOUND('',#12660,.T.);
#12660 = EDGE_LOOP('',(#12661,#12662,#12663,#12664));
#12661 = ORIENTED_EDGE('',*,*,#11549,.F.);
#12662 = ORIENTED_EDGE('',*,*,#12574,.T.);
#12663 = ORIENTED_EDGE('',*,*,#11367,.T.);
#12664 = ORIENTED_EDGE('',*,*,#12162,.T.);
#12665 = PLANE('',#12666);
#12666 = AXIS2_PLACEMENT_3D('',#12667,#12668,#12669);
#12667 = CARTESIAN_POINT('',(294.41758728027,12.,58.542182922363));
#12668 = DIRECTION('',(-0.946572105336,-0.,-0.322492247038));
#12669 = DIRECTION('',(0.322492247038,0.,-0.946572105336));
#12670 = ADVANCED_FACE('',(#12671),#12677,.T.);
#12671 = FACE_BOUND('',#12672,.T.);
#12672 = EDGE_LOOP('',(#12673,#12674,#12675,#12676));
#12673 = ORIENTED_EDGE('',*,*,#12185,.T.);
#12674 = ORIENTED_EDGE('',*,*,#9928,.F.);
#12675 = ORIENTED_EDGE('',*,*,#12405,.F.);
#12676 = ORIENTED_EDGE('',*,*,#3680,.T.);
#12677 = PLANE('',#12678);
#12678 = AXIS2_PLACEMENT_3D('',#12679,#12680,#12681);
#12679 = CARTESIAN_POINT('',(294.39045715332,-24.,58.681674957275));
#12680 = DIRECTION('',(-0.992977464758,-0.,-0.118303653721));
#12681 = DIRECTION('',(0.118303653721,0.,-0.992977464758));
#12682 = ADVANCED_FACE('',(#12683),#12691,.T.);
#12683 = FACE_BOUND('',#12684,.T.);
#12684 = EDGE_LOOP('',(#12685,#12686,#12687,#12688,#12689,#12690));
#12685 = ORIENTED_EDGE('',*,*,#10756,.F.);
#12686 = ORIENTED_EDGE('',*,*,#12233,.T.);
#12687 = ORIENTED_EDGE('',*,*,#12293,.F.);
#12688 = ORIENTED_EDGE('',*,*,#12621,.F.);
#12689 = ORIENTED_EDGE('',*,*,#12447,.F.);
#12690 = ORIENTED_EDGE('',*,*,#12422,.T.);
#12691 = PLANE('',#12692);
#12692 = AXIS2_PLACEMENT_3D('',#12693,#12694,#12695);
#12693 = CARTESIAN_POINT('',(294.39045715332,-1.5,58.681674957275));
#12694 = DIRECTION('',(-0.992977464758,-1.572285185276E-16,
    -0.118303653721));
#12695 = DIRECTION('',(0.118303653721,0.,-0.992977464758));
#12696 = ADVANCED_FACE('',(#12697),#12703,.T.);
#12697 = FACE_BOUND('',#12698,.T.);
#12698 = EDGE_LOOP('',(#12699,#12700,#12701,#12702));
#12699 = ORIENTED_EDGE('',*,*,#12323,.T.);
#12700 = ORIENTED_EDGE('',*,*,#10836,.T.);
#12701 = ORIENTED_EDGE('',*,*,#12470,.F.);
#12702 = ORIENTED_EDGE('',*,*,#10458,.T.);
#12703 = PLANE('',#12704);
#12704 = AXIS2_PLACEMENT_3D('',#12705,#12706,#12707);
#12705 = CARTESIAN_POINT('',(294.39045715332,-12.,58.681674957275));
#12706 = DIRECTION('',(-0.992977464758,-0.,-0.118303653721));
#12707 = DIRECTION('',(0.118303653721,0.,-0.992977464758));
#12708 = ADVANCED_FACE('',(#12709),#12715,.T.);
#12709 = FACE_BOUND('',#12710,.T.);
#12710 = EDGE_LOOP('',(#12711,#12712,#12713,#12714));
#12711 = ORIENTED_EDGE('',*,*,#12093,.F.);
#12712 = ORIENTED_EDGE('',*,*,#5134,.F.);
#12713 = ORIENTED_EDGE('',*,*,#12494,.F.);
#12714 = ORIENTED_EDGE('',*,*,#10919,.F.);
#12715 = PLANE('',#12716);
#12716 = AXIS2_PLACEMENT_3D('',#12717,#12718,#12719);
#12717 = CARTESIAN_POINT('',(294.47120666503,24.,59.111402511597));
#12718 = DIRECTION('',(-0.889167564986,-0.,0.45758173191));
#12719 = DIRECTION('',(-0.45758173191,0.,-0.889167564986));
#12720 = ADVANCED_FACE('',(#12721),#12729,.T.);
#12721 = FACE_BOUND('',#12722,.T.);
#12722 = EDGE_LOOP('',(#12723,#12724,#12725,#12726,#12727,#12728));
#12723 = ORIENTED_EDGE('',*,*,#11961,.F.);
#12724 = ORIENTED_EDGE('',*,*,#12110,.T.);
#12725 = ORIENTED_EDGE('',*,*,#11090,.F.);
#12726 = ORIENTED_EDGE('',*,*,#12540,.F.);
#12727 = ORIENTED_EDGE('',*,*,#12370,.F.);
#12728 = ORIENTED_EDGE('',*,*,#11983,.F.);
#12729 = PLANE('',#12730);
#12730 = AXIS2_PLACEMENT_3D('',#12731,#12732,#12733);
#12731 = CARTESIAN_POINT('',(294.47120666503,1.5,59.111402511597));
#12732 = DIRECTION('',(-0.889167564986,-0.,0.45758173191));
#12733 = DIRECTION('',(-0.45758173191,0.,-0.889167564986));
#12734 = ADVANCED_FACE('',(#12735),#12741,.T.);
#12735 = FACE_BOUND('',#12736,.T.);
#12736 = EDGE_LOOP('',(#12737,#12738,#12739,#12740));
#12737 = ORIENTED_EDGE('',*,*,#12129,.F.);
#12738 = ORIENTED_EDGE('',*,*,#11391,.T.);
#12739 = ORIENTED_EDGE('',*,*,#12516,.F.);
#12740 = ORIENTED_EDGE('',*,*,#11525,.F.);
#12741 = PLANE('',#12742);
#12742 = AXIS2_PLACEMENT_3D('',#12743,#12744,#12745);
#12743 = CARTESIAN_POINT('',(294.47120666503,12.,59.111402511597));
#12744 = DIRECTION('',(-0.889167564986,-0.,0.45758173191));
#12745 = DIRECTION('',(-0.45758173191,0.,-0.889167564986));
#12746 = ( GEOMETRIC_REPRESENTATION_CONTEXT(3) 
GLOBAL_UNCERTAINTY_ASSIGNED_CONTEXT((#12750)) 
GLOBAL_UNIT_ASSIGNED_CONTEXT((#12747,#12748,#12749)) 
REPRESENTATION_CONTEXT('Context #1',
  '3D Context with UNIT and UNCERTAINTY') );
#12747 = ( LENGTH_UNIT() NAMED_UNIT(*) SI_UNIT(.MILLI.,.METRE.) );
#12748 = ( NAMED_UNIT(*) PLANE_ANGLE_UNIT() SI_UNIT($,.RADIAN.) );
#12749 = ( NAMED_UNIT(*) SI_UNIT($,.STERADIAN.) SOLID_ANGLE_UNIT() );
#12750 = UNCERTAINTY_MEASURE_WITH_UNIT(LENGTH_MEASURE(1.E-04),#12747,
  'distance_accuracy_value','confusion accuracy');
#12751 = PRODUCT_RELATED_PRODUCT_CATEGORY('part',$,(#7));
ENDSEC;
END-ISO-10303-21;
