ISO-10303-21;
HEADER;
FILE_DESCRIPTION(('Open CASCADE Model'),'2;1');
FILE_NAME('Open CASCADE Shape Model','2026-09-25T21:40:29',('Author'),(
    'Open CASCADE'),'Open CASCADE STEP processor 7.9','Open CASCADE 7.9'
  ,'Unknown');
FILE_SCHEMA(('AUTOMOTIVE_DESIGN { 1 0 10303 214 1 1 1 1 }'));
ENDSEC;
DATA;
#1 = APPLICATION_PROTOCOL_DEFINITION('international standard',
  'automotive_design',2000,#2);
#2 = APPLICATION_CONTEXT(
  'core data for automotive mechanical design processes');
#3 = SHAPE_DEFINITION_REPRESENTATION(#4,#10);
#4 = PRODUCT_DEFINITION_SHAPE('','',#5);
#5 = PRODUCT_DEFINITION('design','',#6,#9);
#6 = PRODUCT_DEFINITION_FORMATION('','',#7);
#7 = PRODUCT('Open CASCADE STEP translator 7.9 1',
  'Open CASCADE STEP translator 7.9 1','',(#8));
#8 = PRODUCT_CONTEXT('',#2,'mechanical');
#9 = PRODUCT_DEFINITION_CONTEXT('part definition',#2,'design');
#10 = ADVANCED_BREP_SHAPE_REPRESENTATION('',(#11,#15),#4656);
#11 = AXIS2_PLACEMENT_3D('',#12,#13,#14);
#12 = CARTESIAN_POINT('',(0.,0.,0.));
#13 = DIRECTION('',(0.,0.,1.));
#14 = DIRECTION('',(1.,0.,-0.));
#15 = MANIFOLD_SOLID_BREP('',#16);
#16 = CLOSED_SHELL('',(#17,#329,#384,#458,#512,#559,#591,#660,#714,#768,
    #793,#848,#903,#986,#1025,#1386,#1737,#1909,#2066,#2121,#2148,#2175,
    #2205,#2390,#2492,#2519,#2601,#2919,#2946,#3067,#3156,#3163,#3190,
    #3513,#3572,#3631,#3713,#3767,#3827,#3859,#3894,#3901,#3951,#4027,
    #4076,#4125,#4174,#4223,#4250,#4321,#4370,#4419,#4468,#4517,#4544,
    #4551,#4563,#4617,#4644));
#17 = ADVANCED_FACE('',(#18,#54,#174,#294),#31,.F.);
#18 = FACE_BOUND('',#19,.T.);
#19 = EDGE_LOOP('',(#20));
#20 = ORIENTED_EDGE('',*,*,#21,.F.);
#21 = EDGE_CURVE('',#22,#22,#24,.T.);
#22 = VERTEX_POINT('',#23);
#23 = CARTESIAN_POINT('',(32.5,0.,-7.));
#24 = SURFACE_CURVE('',#25,(#30,#42),.PCURVE_S1.);
#25 = CIRCLE('',#26,32.5);
#26 = AXIS2_PLACEMENT_3D('',#27,#28,#29);
#27 = CARTESIAN_POINT('',(0.,0.,-7.));
#28 = DIRECTION('',(0.,0.,1.));
#29 = DIRECTION('',(1.,0.,-0.));
#30 = PCURVE('',#31,#36);
#31 = PLANE('',#32);
#32 = AXIS2_PLACEMENT_3D('',#33,#34,#35);
#33 = CARTESIAN_POINT('',(0.,0.,-7.));
#34 = DIRECTION('',(0.,0.,1.));
#35 = DIRECTION('',(1.,0.,-0.));
#36 = DEFINITIONAL_REPRESENTATION('',(#37),#41);
#37 = CIRCLE('',#38,32.5);
#38 = AXIS2_PLACEMENT_2D('',#39,#40);
#39 = CARTESIAN_POINT('',(0.,0.));
#40 = DIRECTION('',(1.,-0.));
#41 = ( GEOMETRIC_REPRESENTATION_CONTEXT(2) 
PARAMETRIC_REPRESENTATION_CONTEXT() REPRESENTATION_CONTEXT('2D SPACE',''
  ) );
#42 = PCURVE('',#43,#48);
#43 = CYLINDRICAL_SURFACE('',#44,32.5);
#44 = AXIS2_PLACEMENT_3D('',#45,#46,#47);
#45 = CARTESIAN_POINT('',(0.,0.,-7.));
#46 = DIRECTION('',(0.,0.,1.));
#47 = DIRECTION('',(1.,0.,-0.));
#48 = DEFINITIONAL_REPRESENTATION('',(#49),#53);
#49 = LINE('',#50,#51);
#50 = CARTESIAN_POINT('',(0.,0.));
#51 = VECTOR('',#52,1.);
#52 = DIRECTION('',(1.,0.));
#53 = ( GEOMETRIC_REPRESENTATION_CONTEXT(2) 
PARAMETRIC_REPRESENTATION_CONTEXT() REPRESENTATION_CONTEXT('2D SPACE',''
  ) );
#54 = FACE_BOUND('',#55,.T.);
#55 = EDGE_LOOP('',(#56,#84,#117,#143));
#56 = ORIENTED_EDGE('',*,*,#57,.F.);
#57 = EDGE_CURVE('',#58,#60,#62,.T.);
#58 = VERTEX_POINT('',#59);
#59 = CARTESIAN_POINT('',(11.594144489399,-3.530695902926,-7.));
#60 = VERTEX_POINT('',#61);
#61 = CARTESIAN_POINT('',(19.0258683431,-6.9961656492,-7.));
#62 = SURFACE_CURVE('',#63,(#67,#73),.PCURVE_S1.);
#63 = LINE('',#64,#65);
#64 = CARTESIAN_POINT('',(6.156297767179,-0.994986332482,-7.));
#65 = VECTOR('',#66,1.);
#66 = DIRECTION('',(0.906307787037,-0.422618261741,0.));
#67 = PCURVE('',#31,#68);
#68 = DEFINITIONAL_REPRESENTATION('',(#69),#72);
#69 = B_SPLINE_CURVE_WITH_KNOTS('',1,(#70,#71),.UNSPECIFIED.,.F.,.F.,(2,
    2),(6.,14.2),.PIECEWISE_BEZIER_KNOTS.);
#70 = CARTESIAN_POINT('',(11.594144489399,-3.530695902926));
#71 = CARTESIAN_POINT('',(19.0258683431,-6.9961656492));
#72 = ( GEOMETRIC_REPRESENTATION_CONTEXT(2) 
PARAMETRIC_REPRESENTATION_CONTEXT() REPRESENTATION_CONTEXT('2D SPACE',''
  ) );
#73 = PCURVE('',#74,#79);
#74 = PLANE('',#75);
#75 = AXIS2_PLACEMENT_3D('',#76,#77,#78);
#76 = CARTESIAN_POINT('',(11.594144489399,-3.530695902926,-8.));
#77 = DIRECTION('',(0.422618261741,0.906307787037,0.));
#78 = DIRECTION('',(0.906307787037,-0.422618261741,0.));
#79 = DEFINITIONAL_REPRESENTATION('',(#80),#83);
#80 = B_SPLINE_CURVE_WITH_KNOTS('',1,(#81,#82),.UNSPECIFIED.,.F.,.F.,(2,
    2),(6.,14.2),.PIECEWISE_BEZIER_KNOTS.);
#81 = CARTESIAN_POINT('',(0.,-1.));
#82 = CARTESIAN_POINT('',(8.2,-1.));
#83 = ( GEOMETRIC_REPRESENTATION_CONTEXT(2) 
PARAMETRIC_REPRESENTATION_CONTEXT() REPRESENTATION_CONTEXT('2D SPACE',''
  ) );
#84 = ORIENTED_EDGE('',*,*,#85,.F.);
#85 = EDGE_CURVE('',#86,#58,#88,.T.);
#86 = VERTEX_POINT('',#87);
#87 = CARTESIAN_POINT('',(10.157242399481,-6.612142378851,-7.));
#88 = SURFACE_CURVE('',#89,(#94,#105),.PCURVE_S1.);
#89 = CIRCLE('',#90,1.7);
#90 = AXIS2_PLACEMENT_3D('',#91,#92,#93);
#91 = CARTESIAN_POINT('',(10.87569344444,-5.071419140888,-7.));
#92 = DIRECTION('',(0.,-0.,-1.));
#93 = DIRECTION('',(-0.422618261741,-0.906307787037,0.));
#94 = PCURVE('',#31,#95);
#95 = DEFINITIONAL_REPRESENTATION('',(#96),#104);
#96 = ( BOUNDED_CURVE() B_SPLINE_CURVE(2,(#97,#98,#99,#100,#101,#102,
#103),.UNSPECIFIED.,.T.,.F.) B_SPLINE_CURVE_WITH_KNOTS((1,2,2,2,2,1),(
    -2.094395102393,0.,2.094395102393,4.188790204786,6.28318530718,
8.377580409573),.UNSPECIFIED.) CURVE() GEOMETRIC_REPRESENTATION_ITEM() 
RATIONAL_B_SPLINE_CURVE((1.,0.5,1.,0.5,1.,0.5,1.)) REPRESENTATION_ITEM(
  '') );
#97 = CARTESIAN_POINT('',(10.157242399481,-6.612142378851));
#98 = CARTESIAN_POINT('',(7.488631470928,-5.36774866623));
#99 = CARTESIAN_POINT('',(9.900613502643,-3.678860665597));
#100 = CARTESIAN_POINT('',(12.312595534358,-1.989972664964));
#101 = CARTESIAN_POINT('',(12.569224431196,-4.923254378217));
#102 = CARTESIAN_POINT('',(12.825853328033,-7.856536091471));
#103 = CARTESIAN_POINT('',(10.157242399481,-6.612142378851));
#104 = ( GEOMETRIC_REPRESENTATION_CONTEXT(2) 
PARAMETRIC_REPRESENTATION_CONTEXT() REPRESENTATION_CONTEXT('2D SPACE',''
  ) );
#105 = PCURVE('',#106,#111);
#106 = CYLINDRICAL_SURFACE('',#107,1.7);
#107 = AXIS2_PLACEMENT_3D('',#108,#109,#110);
#108 = CARTESIAN_POINT('',(10.87569344444,-5.071419140888,-8.));
#109 = DIRECTION('',(0.,-0.,-1.));
#110 = DIRECTION('',(-0.422618261741,-0.906307787037,0.));
#111 = DEFINITIONAL_REPRESENTATION('',(#112),#116);
#112 = LINE('',#113,#114);
#113 = CARTESIAN_POINT('',(0.,-1.));
#114 = VECTOR('',#115,1.);
#115 = DIRECTION('',(1.,0.));
#116 = ( GEOMETRIC_REPRESENTATION_CONTEXT(2) 
PARAMETRIC_REPRESENTATION_CONTEXT() REPRESENTATION_CONTEXT('2D SPACE',''
  ) );
#117 = ORIENTED_EDGE('',*,*,#118,.F.);
#118 = EDGE_CURVE('',#119,#86,#121,.T.);
#119 = VERTEX_POINT('',#120);
#120 = CARTESIAN_POINT('',(17.588966253181,-10.07761212512,-7.));
#121 = SURFACE_CURVE('',#122,(#126,#132),.PCURVE_S1.);
#122 = LINE('',#123,#124);
#123 = CARTESIAN_POINT('',(8.435257604111,-5.809167681543,-7.));
#124 = VECTOR('',#125,1.);
#125 = DIRECTION('',(-0.906307787037,0.422618261741,0.));
#126 = PCURVE('',#31,#127);
#127 = DEFINITIONAL_REPRESENTATION('',(#128),#131);
#128 = B_SPLINE_CURVE_WITH_KNOTS('',1,(#129,#130),.UNSPECIFIED.,.F.,.F.,
  (2,2),(-10.1,-1.9),.PIECEWISE_BEZIER_KNOTS.);
#129 = CARTESIAN_POINT('',(17.588966253181,-10.07761212512));
#130 = CARTESIAN_POINT('',(10.157242399481,-6.612142378851));
#131 = ( GEOMETRIC_REPRESENTATION_CONTEXT(2) 
PARAMETRIC_REPRESENTATION_CONTEXT() REPRESENTATION_CONTEXT('2D SPACE',''
  ) );
#132 = PCURVE('',#133,#138);
#133 = PLANE('',#134);
#134 = AXIS2_PLACEMENT_3D('',#135,#136,#137);
#135 = CARTESIAN_POINT('',(17.588966253181,-10.07761212512,-8.));
#136 = DIRECTION('',(-0.422618261741,-0.906307787037,0.));
#137 = DIRECTION('',(-0.906307787037,0.422618261741,0.));
#138 = DEFINITIONAL_REPRESENTATION('',(#139),#142);
#139 = B_SPLINE_CURVE_WITH_KNOTS('',1,(#140,#141),.UNSPECIFIED.,.F.,.F.,
  (2,2),(-10.1,-1.9),.PIECEWISE_BEZIER_KNOTS.);
#140 = CARTESIAN_POINT('',(0.,-1.));
#141 = CARTESIAN_POINT('',(8.2,-1.));
#142 = ( GEOMETRIC_REPRESENTATION_CONTEXT(2) 
PARAMETRIC_REPRESENTATION_CONTEXT() REPRESENTATION_CONTEXT('2D SPACE',''
  ) );
#143 = ORIENTED_EDGE('',*,*,#144,.F.);
#144 = EDGE_CURVE('',#60,#119,#145,.T.);
#145 = SURFACE_CURVE('',#146,(#151,#162),.PCURVE_S1.);
#146 = CIRCLE('',#147,1.7);
#147 = AXIS2_PLACEMENT_3D('',#148,#149,#150);
#148 = CARTESIAN_POINT('',(18.30741729814,-8.536888887162,-7.));
#149 = DIRECTION('',(0.,0.,-1.));
#150 = DIRECTION('',(0.422618261741,0.906307787037,0.));
#151 = PCURVE('',#31,#152);
#152 = DEFINITIONAL_REPRESENTATION('',(#153),#161);
#153 = ( BOUNDED_CURVE() B_SPLINE_CURVE(2,(#154,#155,#156,#157,#158,#159
,#160),.UNSPECIFIED.,.T.,.F.) B_SPLINE_CURVE_WITH_KNOTS((1,2,2,2,2,1),(
    -2.094395102393,0.,2.094395102393,4.188790204786,6.28318530718,
8.377580409573),.UNSPECIFIED.) CURVE() GEOMETRIC_REPRESENTATION_ITEM() 
RATIONAL_B_SPLINE_CURVE((1.,0.5,1.,0.5,1.,0.5,1.)) REPRESENTATION_ITEM(
  '') );
#154 = CARTESIAN_POINT('',(19.0258683431,-6.9961656492));
#155 = CARTESIAN_POINT('',(21.694479271652,-8.24055936182));
#156 = CARTESIAN_POINT('',(19.282497239937,-9.929447362453));
#157 = CARTESIAN_POINT('',(16.870515208222,-11.61833536308));
#158 = CARTESIAN_POINT('',(16.613886311384,-8.685053649833));
#159 = CARTESIAN_POINT('',(16.357257414547,-5.75177193658));
#160 = CARTESIAN_POINT('',(19.0258683431,-6.9961656492));
#161 = ( GEOMETRIC_REPRESENTATION_CONTEXT(2) 
PARAMETRIC_REPRESENTATION_CONTEXT() REPRESENTATION_CONTEXT('2D SPACE',''
  ) );
#162 = PCURVE('',#163,#168);
#163 = CYLINDRICAL_SURFACE('',#164,1.7);
#164 = AXIS2_PLACEMENT_3D('',#165,#166,#167);
#165 = CARTESIAN_POINT('',(18.30741729814,-8.536888887162,-8.));
#166 = DIRECTION('',(0.,0.,-1.));
#167 = DIRECTION('',(0.422618261741,0.906307787037,0.));
#168 = DEFINITIONAL_REPRESENTATION('',(#169),#173);
#169 = LINE('',#170,#171);
#170 = CARTESIAN_POINT('',(0.,-1.));
#171 = VECTOR('',#172,1.);
#172 = DIRECTION('',(1.,0.));
#173 = ( GEOMETRIC_REPRESENTATION_CONTEXT(2) 
PARAMETRIC_REPRESENTATION_CONTEXT() REPRESENTATION_CONTEXT('2D SPACE',''
  ) );
#174 = FACE_BOUND('',#175,.T.);
#175 = EDGE_LOOP('',(#176,#204,#237,#263));
#176 = ORIENTED_EDGE('',*,*,#177,.F.);
#177 = EDGE_CURVE('',#178,#180,#182,.T.);
#178 = VERTEX_POINT('',#179);
#179 = CARTESIAN_POINT('',(10.157242399481,6.612142378851,-7.));
#180 = VERTEX_POINT('',#181);
#181 = CARTESIAN_POINT('',(17.588966253181,10.077612125124,-7.));
#182 = SURFACE_CURVE('',#183,(#187,#193),.PCURVE_S1.);
#183 = LINE('',#184,#185);
#184 = CARTESIAN_POINT('',(4.719395677261,4.076432808407,-7.));
#185 = VECTOR('',#186,1.);
#186 = DIRECTION('',(0.906307787037,0.422618261741,-0.));
#187 = PCURVE('',#31,#188);
#188 = DEFINITIONAL_REPRESENTATION('',(#189),#192);
#189 = B_SPLINE_CURVE_WITH_KNOTS('',1,(#190,#191),.UNSPECIFIED.,.F.,.F.,
  (2,2),(6.,14.2),.PIECEWISE_BEZIER_KNOTS.);
#190 = CARTESIAN_POINT('',(10.157242399481,6.612142378851));
#191 = CARTESIAN_POINT('',(17.588966253181,10.077612125124));
#192 = ( GEOMETRIC_REPRESENTATION_CONTEXT(2) 
PARAMETRIC_REPRESENTATION_CONTEXT() REPRESENTATION_CONTEXT('2D SPACE',''
  ) );
#193 = PCURVE('',#194,#199);
#194 = PLANE('',#195);
#195 = AXIS2_PLACEMENT_3D('',#196,#197,#198);
#196 = CARTESIAN_POINT('',(10.157242399481,6.612142378851,-8.));
#197 = DIRECTION('',(-0.422618261741,0.906307787037,0.));
#198 = DIRECTION('',(0.906307787037,0.422618261741,0.));
#199 = DEFINITIONAL_REPRESENTATION('',(#200),#203);
#200 = B_SPLINE_CURVE_WITH_KNOTS('',1,(#201,#202),.UNSPECIFIED.,.F.,.F.,
  (2,2),(6.,14.2),.PIECEWISE_BEZIER_KNOTS.);
#201 = CARTESIAN_POINT('',(0.,-1.));
#202 = CARTESIAN_POINT('',(8.2,-1.));
#203 = ( GEOMETRIC_REPRESENTATION_CONTEXT(2) 
PARAMETRIC_REPRESENTATION_CONTEXT() REPRESENTATION_CONTEXT('2D SPACE',''
  ) );
#204 = ORIENTED_EDGE('',*,*,#205,.F.);
#205 = EDGE_CURVE('',#206,#178,#208,.T.);
#206 = VERTEX_POINT('',#207);
#207 = CARTESIAN_POINT('',(11.594144489399,3.530695902926,-7.));
#208 = SURFACE_CURVE('',#209,(#214,#225),.PCURVE_S1.);
#209 = CIRCLE('',#210,1.7);
#210 = AXIS2_PLACEMENT_3D('',#211,#212,#213);
#211 = CARTESIAN_POINT('',(10.87569344444,5.071419140888,-7.));
#212 = DIRECTION('',(0.,0.,-1.));
#213 = DIRECTION('',(0.422618261741,-0.906307787037,0.));
#214 = PCURVE('',#31,#215);
#215 = DEFINITIONAL_REPRESENTATION('',(#216),#224);
#216 = ( BOUNDED_CURVE() B_SPLINE_CURVE(2,(#217,#218,#219,#220,#221,#222
,#223),.UNSPECIFIED.,.T.,.F.) B_SPLINE_CURVE_WITH_KNOTS((1,2,2,2,2,1),(
    -2.094395102393,0.,2.094395102393,4.188790204786,6.28318530718,
8.377580409573),.UNSPECIFIED.) CURVE() GEOMETRIC_REPRESENTATION_ITEM() 
RATIONAL_B_SPLINE_CURVE((1.,0.5,1.,0.5,1.,0.5,1.)) REPRESENTATION_ITEM(
  '') );
#217 = CARTESIAN_POINT('',(11.594144489399,3.530695902926));
#218 = CARTESIAN_POINT('',(8.925533560846,2.286302190306));
#219 = CARTESIAN_POINT('',(9.182162457684,5.219583903559));
#220 = CARTESIAN_POINT('',(9.438791354521,8.152865616813));
#221 = CARTESIAN_POINT('',(11.850773386237,6.46397761618));
#222 = CARTESIAN_POINT('',(14.262755417952,4.775089615546));
#223 = CARTESIAN_POINT('',(11.594144489399,3.530695902926));
#224 = ( GEOMETRIC_REPRESENTATION_CONTEXT(2) 
PARAMETRIC_REPRESENTATION_CONTEXT() REPRESENTATION_CONTEXT('2D SPACE',''
  ) );
#225 = PCURVE('',#226,#231);
#226 = CYLINDRICAL_SURFACE('',#227,1.7);
#227 = AXIS2_PLACEMENT_3D('',#228,#229,#230);
#228 = CARTESIAN_POINT('',(10.87569344444,5.071419140888,-8.));
#229 = DIRECTION('',(0.,0.,-1.));
#230 = DIRECTION('',(0.422618261741,-0.906307787037,0.));
#231 = DEFINITIONAL_REPRESENTATION('',(#232),#236);
#232 = LINE('',#233,#234);
#233 = CARTESIAN_POINT('',(0.,-1.));
#234 = VECTOR('',#235,1.);
#235 = DIRECTION('',(1.,0.));
#236 = ( GEOMETRIC_REPRESENTATION_CONTEXT(2) 
PARAMETRIC_REPRESENTATION_CONTEXT() REPRESENTATION_CONTEXT('2D SPACE',''
  ) );
#237 = ORIENTED_EDGE('',*,*,#238,.F.);
#238 = EDGE_CURVE('',#239,#206,#241,.T.);
#239 = VERTEX_POINT('',#240);
#240 = CARTESIAN_POINT('',(19.0258683431,6.9961656492,-7.));
#241 = SURFACE_CURVE('',#242,(#246,#252),.PCURVE_S1.);
#242 = LINE('',#243,#244);
#243 = CARTESIAN_POINT('',(9.872159694029,2.727721205619,-7.));
#244 = VECTOR('',#245,1.);
#245 = DIRECTION('',(-0.906307787037,-0.422618261741,0.));
#246 = PCURVE('',#31,#247);
#247 = DEFINITIONAL_REPRESENTATION('',(#248),#251);
#248 = B_SPLINE_CURVE_WITH_KNOTS('',1,(#249,#250),.UNSPECIFIED.,.F.,.F.,
  (2,2),(-10.1,-1.9),.PIECEWISE_BEZIER_KNOTS.);
#249 = CARTESIAN_POINT('',(19.0258683431,6.9961656492));
#250 = CARTESIAN_POINT('',(11.594144489399,3.530695902926));
#251 = ( GEOMETRIC_REPRESENTATION_CONTEXT(2) 
PARAMETRIC_REPRESENTATION_CONTEXT() REPRESENTATION_CONTEXT('2D SPACE',''
  ) );
#252 = PCURVE('',#253,#258);
#253 = PLANE('',#254);
#254 = AXIS2_PLACEMENT_3D('',#255,#256,#257);
#255 = CARTESIAN_POINT('',(19.0258683431,6.9961656492,-8.));
#256 = DIRECTION('',(0.422618261741,-0.906307787037,0.));
#257 = DIRECTION('',(-0.906307787037,-0.422618261741,0.));
#258 = DEFINITIONAL_REPRESENTATION('',(#259),#262);
#259 = B_SPLINE_CURVE_WITH_KNOTS('',1,(#260,#261),.UNSPECIFIED.,.F.,.F.,
  (2,2),(-10.1,-1.9),.PIECEWISE_BEZIER_KNOTS.);
#260 = CARTESIAN_POINT('',(0.,-1.));
#261 = CARTESIAN_POINT('',(8.2,-1.));
#262 = ( GEOMETRIC_REPRESENTATION_CONTEXT(2) 
PARAMETRIC_REPRESENTATION_CONTEXT() REPRESENTATION_CONTEXT('2D SPACE',''
  ) );
#263 = ORIENTED_EDGE('',*,*,#264,.F.);
#264 = EDGE_CURVE('',#180,#239,#265,.T.);
#265 = SURFACE_CURVE('',#266,(#271,#282),.PCURVE_S1.);
#266 = CIRCLE('',#267,1.7);
#267 = AXIS2_PLACEMENT_3D('',#268,#269,#270);
#268 = CARTESIAN_POINT('',(18.30741729814,8.536888887162,-7.));
#269 = DIRECTION('',(0.,0.,-1.));
#270 = DIRECTION('',(-0.422618261741,0.906307787037,0.));
#271 = PCURVE('',#31,#272);
#272 = DEFINITIONAL_REPRESENTATION('',(#273),#281);
#273 = ( BOUNDED_CURVE() B_SPLINE_CURVE(2,(#274,#275,#276,#277,#278,#279
,#280),.UNSPECIFIED.,.T.,.F.) B_SPLINE_CURVE_WITH_KNOTS((1,2,2,2,2,1),(
    -2.094395102393,0.,2.094395102393,4.188790204786,6.28318530718,
8.377580409573),.UNSPECIFIED.) CURVE() GEOMETRIC_REPRESENTATION_ITEM() 
RATIONAL_B_SPLINE_CURVE((1.,0.5,1.,0.5,1.,0.5,1.)) REPRESENTATION_ITEM(
  '') );
#274 = CARTESIAN_POINT('',(17.588966253181,10.077612125124));
#275 = CARTESIAN_POINT('',(20.257577181734,11.322005837745));
#276 = CARTESIAN_POINT('',(20.000948284896,8.388724124491));
#277 = CARTESIAN_POINT('',(19.744319388059,5.455442411238));
#278 = CARTESIAN_POINT('',(17.332337356344,7.144330411871));
#279 = CARTESIAN_POINT('',(14.920355324628,8.833218412504));
#280 = CARTESIAN_POINT('',(17.588966253181,10.077612125124));
#281 = ( GEOMETRIC_REPRESENTATION_CONTEXT(2) 
PARAMETRIC_REPRESENTATION_CONTEXT() REPRESENTATION_CONTEXT('2D SPACE',''
  ) );
#282 = PCURVE('',#283,#288);
#283 = CYLINDRICAL_SURFACE('',#284,1.7);
#284 = AXIS2_PLACEMENT_3D('',#285,#286,#287);
#285 = CARTESIAN_POINT('',(18.30741729814,8.536888887162,-8.));
#286 = DIRECTION('',(0.,0.,-1.));
#287 = DIRECTION('',(-0.422618261741,0.906307787037,0.));
#288 = DEFINITIONAL_REPRESENTATION('',(#289),#293);
#289 = LINE('',#290,#291);
#290 = CARTESIAN_POINT('',(0.,-1.));
#291 = VECTOR('',#292,1.);
#292 = DIRECTION('',(1.,0.));
#293 = ( GEOMETRIC_REPRESENTATION_CONTEXT(2) 
PARAMETRIC_REPRESENTATION_CONTEXT() REPRESENTATION_CONTEXT('2D SPACE',''
  ) );
#294 = FACE_BOUND('',#295,.T.);
#295 = EDGE_LOOP('',(#296));
#296 = ORIENTED_EDGE('',*,*,#297,.F.);
#297 = EDGE_CURVE('',#298,#298,#300,.T.);
#298 = VERTEX_POINT('',#299);
#299 = CARTESIAN_POINT('',(10.,0.,-7.));
#300 = SURFACE_CURVE('',#301,(#306,#317),.PCURVE_S1.);
#301 = CIRCLE('',#302,10.);
#302 = AXIS2_PLACEMENT_3D('',#303,#304,#305);
#303 = CARTESIAN_POINT('',(0.,0.,-7.));
#304 = DIRECTION('',(0.,0.,-1.));
#305 = DIRECTION('',(1.,0.,0.));
#306 = PCURVE('',#31,#307);
#307 = DEFINITIONAL_REPRESENTATION('',(#308),#316);
#308 = ( BOUNDED_CURVE() B_SPLINE_CURVE(2,(#309,#310,#311,#312,#313,#314
,#315),.UNSPECIFIED.,.T.,.F.) B_SPLINE_CURVE_WITH_KNOTS((1,2,2,2,2,1),(
    -2.094395102393,0.,2.094395102393,4.188790204786,6.28318530718,
8.377580409573),.UNSPECIFIED.) CURVE() GEOMETRIC_REPRESENTATION_ITEM() 
RATIONAL_B_SPLINE_CURVE((1.,0.5,1.,0.5,1.,0.5,1.)) REPRESENTATION_ITEM(
  '') );
#309 = CARTESIAN_POINT('',(10.,0.));
#310 = CARTESIAN_POINT('',(10.,-17.32050807568));
#311 = CARTESIAN_POINT('',(-5.,-8.660254037844));
#312 = CARTESIAN_POINT('',(-20.,-2.449293598295E-15));
#313 = CARTESIAN_POINT('',(-5.,8.660254037844));
#314 = CARTESIAN_POINT('',(10.,17.320508075689));
#315 = CARTESIAN_POINT('',(10.,0.));
#316 = ( GEOMETRIC_REPRESENTATION_CONTEXT(2) 
PARAMETRIC_REPRESENTATION_CONTEXT() REPRESENTATION_CONTEXT('2D SPACE',''
  ) );
#317 = PCURVE('',#318,#323);
#318 = CYLINDRICAL_SURFACE('',#319,10.);
#319 = AXIS2_PLACEMENT_3D('',#320,#321,#322);
#320 = CARTESIAN_POINT('',(0.,0.,-8.75));
#321 = DIRECTION('',(-0.,-0.,-1.));
#322 = DIRECTION('',(1.,0.,0.));
#323 = DEFINITIONAL_REPRESENTATION('',(#324),#328);
#324 = LINE('',#325,#326);
#325 = CARTESIAN_POINT('',(-6.28318530718,-1.75));
#326 = VECTOR('',#327,1.);
#327 = DIRECTION('',(1.,-0.));
#328 = ( GEOMETRIC_REPRESENTATION_CONTEXT(2) 
PARAMETRIC_REPRESENTATION_CONTEXT() REPRESENTATION_CONTEXT('2D SPACE',''
  ) );
#329 = ADVANCED_FACE('',(#330),#43,.T.);
#330 = FACE_BOUND('',#331,.T.);
#331 = EDGE_LOOP('',(#332,#333,#356,#383));
#332 = ORIENTED_EDGE('',*,*,#21,.T.);
#333 = ORIENTED_EDGE('',*,*,#334,.T.);
#334 = EDGE_CURVE('',#22,#335,#337,.T.);
#335 = VERTEX_POINT('',#336);
#336 = CARTESIAN_POINT('',(32.5,0.,-5.5));
#337 = SEAM_CURVE('',#338,(#342,#349),.PCURVE_S1.);
#338 = LINE('',#339,#340);
#339 = CARTESIAN_POINT('',(32.5,0.,-7.));
#340 = VECTOR('',#341,1.);
#341 = DIRECTION('',(0.,0.,1.));
#342 = PCURVE('',#43,#343);
#343 = DEFINITIONAL_REPRESENTATION('',(#344),#348);
#344 = LINE('',#345,#346);
#345 = CARTESIAN_POINT('',(0.,0.));
#346 = VECTOR('',#347,1.);
#347 = DIRECTION('',(0.,1.));
#348 = ( GEOMETRIC_REPRESENTATION_CONTEXT(2) 
PARAMETRIC_REPRESENTATION_CONTEXT() REPRESENTATION_CONTEXT('2D SPACE',''
  ) );
#349 = PCURVE('',#43,#350);
#350 = DEFINITIONAL_REPRESENTATION('',(#351),#355);
#351 = LINE('',#352,#353);
#352 = CARTESIAN_POINT('',(6.28318530718,0.));
#353 = VECTOR('',#354,1.);
#354 = DIRECTION('',(0.,1.));
#355 = ( GEOMETRIC_REPRESENTATION_CONTEXT(2) 
PARAMETRIC_REPRESENTATION_CONTEXT() REPRESENTATION_CONTEXT('2D SPACE',''
  ) );
#356 = ORIENTED_EDGE('',*,*,#357,.F.);
#357 = EDGE_CURVE('',#335,#335,#358,.T.);
#358 = SURFACE_CURVE('',#359,(#364,#371),.PCURVE_S1.);
#359 = CIRCLE('',#360,32.5);
#360 = AXIS2_PLACEMENT_3D('',#361,#362,#363);
#361 = CARTESIAN_POINT('',(0.,0.,-5.5));
#362 = DIRECTION('',(0.,0.,1.));
#363 = DIRECTION('',(1.,0.,-0.));
#364 = PCURVE('',#43,#365);
#365 = DEFINITIONAL_REPRESENTATION('',(#366),#370);
#366 = LINE('',#367,#368);
#367 = CARTESIAN_POINT('',(0.,1.5));
#368 = VECTOR('',#369,1.);
#369 = DIRECTION('',(1.,0.));
#370 = ( GEOMETRIC_REPRESENTATION_CONTEXT(2) 
PARAMETRIC_REPRESENTATION_CONTEXT() REPRESENTATION_CONTEXT('2D SPACE',''
  ) );
#371 = PCURVE('',#372,#377);
#372 = CONICAL_SURFACE('',#373,32.5,0.785398163397);
#373 = AXIS2_PLACEMENT_3D('',#374,#375,#376);
#374 = CARTESIAN_POINT('',(0.,0.,-5.5));
#375 = DIRECTION('',(-0.,-0.,-1.));
#376 = DIRECTION('',(1.,0.,-0.));
#377 = DEFINITIONAL_REPRESENTATION('',(#378),#382);
#378 = LINE('',#379,#380);
#379 = CARTESIAN_POINT('',(-0.,-0.));
#380 = VECTOR('',#381,1.);
#381 = DIRECTION('',(-1.,-0.));
#382 = ( GEOMETRIC_REPRESENTATION_CONTEXT(2) 
PARAMETRIC_REPRESENTATION_CONTEXT() REPRESENTATION_CONTEXT('2D SPACE',''
  ) );
#383 = ORIENTED_EDGE('',*,*,#334,.F.);
#384 = ADVANCED_FACE('',(#385),#74,.F.);
#385 = FACE_BOUND('',#386,.F.);
#386 = EDGE_LOOP('',(#387,#388,#411,#437));
#387 = ORIENTED_EDGE('',*,*,#57,.F.);
#388 = ORIENTED_EDGE('',*,*,#389,.T.);
#389 = EDGE_CURVE('',#58,#390,#392,.T.);
#390 = VERTEX_POINT('',#391);
#391 = CARTESIAN_POINT('',(11.594144489399,-3.530695902926,-3.));
#392 = SURFACE_CURVE('',#393,(#397,#404),.PCURVE_S1.);
#393 = LINE('',#394,#395);
#394 = CARTESIAN_POINT('',(11.594144489399,-3.530695902926,-8.));
#395 = VECTOR('',#396,1.);
#396 = DIRECTION('',(0.,0.,1.));
#397 = PCURVE('',#74,#398);
#398 = DEFINITIONAL_REPRESENTATION('',(#399),#403);
#399 = LINE('',#400,#401);
#400 = CARTESIAN_POINT('',(0.,0.));
#401 = VECTOR('',#402,1.);
#402 = DIRECTION('',(0.,-1.));
#403 = ( GEOMETRIC_REPRESENTATION_CONTEXT(2) 
PARAMETRIC_REPRESENTATION_CONTEXT() REPRESENTATION_CONTEXT('2D SPACE',''
  ) );
#404 = PCURVE('',#106,#405);
#405 = DEFINITIONAL_REPRESENTATION('',(#406),#410);
#406 = LINE('',#407,#408);
#407 = CARTESIAN_POINT('',(3.14159265359,0.));
#408 = VECTOR('',#409,1.);
#409 = DIRECTION('',(0.,-1.));
#410 = ( GEOMETRIC_REPRESENTATION_CONTEXT(2) 
PARAMETRIC_REPRESENTATION_CONTEXT() REPRESENTATION_CONTEXT('2D SPACE',''
  ) );
#411 = ORIENTED_EDGE('',*,*,#412,.F.);
#412 = EDGE_CURVE('',#413,#390,#415,.T.);
#413 = VERTEX_POINT('',#414);
#414 = CARTESIAN_POINT('',(19.0258683431,-6.9961656492,-3.));
#415 = SURFACE_CURVE('',#416,(#420,#426),.PCURVE_S1.);
#416 = LINE('',#417,#418);
#417 = CARTESIAN_POINT('',(6.156297767179,-0.994986332482,-3.));
#418 = VECTOR('',#419,1.);
#419 = DIRECTION('',(-0.906307787037,0.422618261741,0.));
#420 = PCURVE('',#74,#421);
#421 = DEFINITIONAL_REPRESENTATION('',(#422),#425);
#422 = B_SPLINE_CURVE_WITH_KNOTS('',1,(#423,#424),.UNSPECIFIED.,.F.,.F.,
  (2,2),(-14.2,-6.),.PIECEWISE_BEZIER_KNOTS.);
#423 = CARTESIAN_POINT('',(8.2,-5.));
#424 = CARTESIAN_POINT('',(0.,-5.));
#425 = ( GEOMETRIC_REPRESENTATION_CONTEXT(2) 
PARAMETRIC_REPRESENTATION_CONTEXT() REPRESENTATION_CONTEXT('2D SPACE',''
  ) );
#426 = PCURVE('',#427,#432);
#427 = PLANE('',#428);
#428 = AXIS2_PLACEMENT_3D('',#429,#430,#431);
#429 = CARTESIAN_POINT('',(0.,8.788616970813E-16,-3.));
#430 = DIRECTION('',(0.,0.,1.));
#431 = DIRECTION('',(1.,0.,-0.));
#432 = DEFINITIONAL_REPRESENTATION('',(#433),#436);
#433 = B_SPLINE_CURVE_WITH_KNOTS('',1,(#434,#435),.UNSPECIFIED.,.F.,.F.,
  (2,2),(-14.2,-6.),.PIECEWISE_BEZIER_KNOTS.);
#434 = CARTESIAN_POINT('',(19.0258683431,-6.9961656492));
#435 = CARTESIAN_POINT('',(11.594144489399,-3.530695902926));
#436 = ( GEOMETRIC_REPRESENTATION_CONTEXT(2) 
PARAMETRIC_REPRESENTATION_CONTEXT() REPRESENTATION_CONTEXT('2D SPACE',''
  ) );
#437 = ORIENTED_EDGE('',*,*,#438,.F.);
#438 = EDGE_CURVE('',#60,#413,#439,.T.);
#439 = SURFACE_CURVE('',#440,(#444,#451),.PCURVE_S1.);
#440 = LINE('',#441,#442);
#441 = CARTESIAN_POINT('',(19.0258683431,-6.9961656492,-8.));
#442 = VECTOR('',#443,1.);
#443 = DIRECTION('',(0.,0.,1.));
#444 = PCURVE('',#74,#445);
#445 = DEFINITIONAL_REPRESENTATION('',(#446),#450);
#446 = LINE('',#447,#448);
#447 = CARTESIAN_POINT('',(8.2,0.));
#448 = VECTOR('',#449,1.);
#449 = DIRECTION('',(0.,-1.));
#450 = ( GEOMETRIC_REPRESENTATION_CONTEXT(2) 
PARAMETRIC_REPRESENTATION_CONTEXT() REPRESENTATION_CONTEXT('2D SPACE',''
  ) );
#451 = PCURVE('',#163,#452);
#452 = DEFINITIONAL_REPRESENTATION('',(#453),#457);
#453 = LINE('',#454,#455);
#454 = CARTESIAN_POINT('',(0.,0.));
#455 = VECTOR('',#456,1.);
#456 = DIRECTION('',(0.,-1.));
#457 = ( GEOMETRIC_REPRESENTATION_CONTEXT(2) 
PARAMETRIC_REPRESENTATION_CONTEXT() REPRESENTATION_CONTEXT('2D SPACE',''
  ) );
#458 = ADVANCED_FACE('',(#459),#163,.F.);
#459 = FACE_BOUND('',#460,.F.);
#460 = EDGE_LOOP('',(#461,#462,#463,#491));
#461 = ORIENTED_EDGE('',*,*,#144,.F.);
#462 = ORIENTED_EDGE('',*,*,#438,.T.);
#463 = ORIENTED_EDGE('',*,*,#464,.T.);
#464 = EDGE_CURVE('',#413,#465,#467,.T.);
#465 = VERTEX_POINT('',#466);
#466 = CARTESIAN_POINT('',(17.588966253181,-10.07761212512,-3.));
#467 = SURFACE_CURVE('',#468,(#473,#480),.PCURVE_S1.);
#468 = CIRCLE('',#469,1.7);
#469 = AXIS2_PLACEMENT_3D('',#470,#471,#472);
#470 = CARTESIAN_POINT('',(18.30741729814,-8.536888887162,-3.));
#471 = DIRECTION('',(0.,0.,-1.));
#472 = DIRECTION('',(0.422618261741,0.906307787037,0.));
#473 = PCURVE('',#163,#474);
#474 = DEFINITIONAL_REPRESENTATION('',(#475),#479);
#475 = LINE('',#476,#477);
#476 = CARTESIAN_POINT('',(0.,-5.));
#477 = VECTOR('',#478,1.);
#478 = DIRECTION('',(1.,0.));
#479 = ( GEOMETRIC_REPRESENTATION_CONTEXT(2) 
PARAMETRIC_REPRESENTATION_CONTEXT() REPRESENTATION_CONTEXT('2D SPACE',''
  ) );
#480 = PCURVE('',#427,#481);
#481 = DEFINITIONAL_REPRESENTATION('',(#482),#490);
#482 = ( BOUNDED_CURVE() B_SPLINE_CURVE(2,(#483,#484,#485,#486,#487,#488
,#489),.UNSPECIFIED.,.T.,.F.) B_SPLINE_CURVE_WITH_KNOTS((1,2,2,2,2,1),(
    -2.094395102393,0.,2.094395102393,4.188790204786,6.28318530718,
8.377580409573),.UNSPECIFIED.) CURVE() GEOMETRIC_REPRESENTATION_ITEM() 
RATIONAL_B_SPLINE_CURVE((1.,0.5,1.,0.5,1.,0.5,1.)) REPRESENTATION_ITEM(
  '') );
#483 = CARTESIAN_POINT('',(19.0258683431,-6.9961656492));
#484 = CARTESIAN_POINT('',(21.694479271652,-8.24055936182));
#485 = CARTESIAN_POINT('',(19.282497239937,-9.929447362453));
#486 = CARTESIAN_POINT('',(16.870515208222,-11.61833536308));
#487 = CARTESIAN_POINT('',(16.613886311384,-8.685053649833));
#488 = CARTESIAN_POINT('',(16.357257414547,-5.75177193658));
#489 = CARTESIAN_POINT('',(19.0258683431,-6.9961656492));
#490 = ( GEOMETRIC_REPRESENTATION_CONTEXT(2) 
PARAMETRIC_REPRESENTATION_CONTEXT() REPRESENTATION_CONTEXT('2D SPACE',''
  ) );
#491 = ORIENTED_EDGE('',*,*,#492,.F.);
#492 = EDGE_CURVE('',#119,#465,#493,.T.);
#493 = SURFACE_CURVE('',#494,(#498,#505),.PCURVE_S1.);
#494 = LINE('',#495,#496);
#495 = CARTESIAN_POINT('',(17.588966253181,-10.07761212512,-8.));
#496 = VECTOR('',#497,1.);
#497 = DIRECTION('',(0.,0.,1.));
#498 = PCURVE('',#163,#499);
#499 = DEFINITIONAL_REPRESENTATION('',(#500),#504);
#500 = LINE('',#501,#502);
#501 = CARTESIAN_POINT('',(3.14159265359,0.));
#502 = VECTOR('',#503,1.);
#503 = DIRECTION('',(0.,-1.));
#504 = ( GEOMETRIC_REPRESENTATION_CONTEXT(2) 
PARAMETRIC_REPRESENTATION_CONTEXT() REPRESENTATION_CONTEXT('2D SPACE',''
  ) );
#505 = PCURVE('',#133,#506);
#506 = DEFINITIONAL_REPRESENTATION('',(#507),#511);
#507 = LINE('',#508,#509);
#508 = CARTESIAN_POINT('',(0.,0.));
#509 = VECTOR('',#510,1.);
#510 = DIRECTION('',(0.,-1.));
#511 = ( GEOMETRIC_REPRESENTATION_CONTEXT(2) 
PARAMETRIC_REPRESENTATION_CONTEXT() REPRESENTATION_CONTEXT('2D SPACE',''
  ) );
#512 = ADVANCED_FACE('',(#513),#133,.F.);
#513 = FACE_BOUND('',#514,.F.);
#514 = EDGE_LOOP('',(#515,#516,#517,#538));
#515 = ORIENTED_EDGE('',*,*,#118,.F.);
#516 = ORIENTED_EDGE('',*,*,#492,.T.);
#517 = ORIENTED_EDGE('',*,*,#518,.F.);
#518 = EDGE_CURVE('',#519,#465,#521,.T.);
#519 = VERTEX_POINT('',#520);
#520 = CARTESIAN_POINT('',(10.157242399481,-6.612142378851,-3.));
#521 = SURFACE_CURVE('',#522,(#526,#532),.PCURVE_S1.);
#522 = LINE('',#523,#524);
#523 = CARTESIAN_POINT('',(8.435257604111,-5.809167681543,-3.));
#524 = VECTOR('',#525,1.);
#525 = DIRECTION('',(0.906307787037,-0.422618261741,0.));
#526 = PCURVE('',#133,#527);
#527 = DEFINITIONAL_REPRESENTATION('',(#528),#531);
#528 = B_SPLINE_CURVE_WITH_KNOTS('',1,(#529,#530),.UNSPECIFIED.,.F.,.F.,
  (2,2),(1.9,10.1),.PIECEWISE_BEZIER_KNOTS.);
#529 = CARTESIAN_POINT('',(8.2,-5.));
#530 = CARTESIAN_POINT('',(0.,-5.));
#531 = ( GEOMETRIC_REPRESENTATION_CONTEXT(2) 
PARAMETRIC_REPRESENTATION_CONTEXT() REPRESENTATION_CONTEXT('2D SPACE',''
  ) );
#532 = PCURVE('',#427,#533);
#533 = DEFINITIONAL_REPRESENTATION('',(#534),#537);
#534 = B_SPLINE_CURVE_WITH_KNOTS('',1,(#535,#536),.UNSPECIFIED.,.F.,.F.,
  (2,2),(1.9,10.1),.PIECEWISE_BEZIER_KNOTS.);
#535 = CARTESIAN_POINT('',(10.157242399481,-6.612142378851));
#536 = CARTESIAN_POINT('',(17.588966253181,-10.07761212512));
#537 = ( GEOMETRIC_REPRESENTATION_CONTEXT(2) 
PARAMETRIC_REPRESENTATION_CONTEXT() REPRESENTATION_CONTEXT('2D SPACE',''
  ) );
#538 = ORIENTED_EDGE('',*,*,#539,.F.);
#539 = EDGE_CURVE('',#86,#519,#540,.T.);
#540 = SURFACE_CURVE('',#541,(#545,#552),.PCURVE_S1.);
#541 = LINE('',#542,#543);
#542 = CARTESIAN_POINT('',(10.157242399481,-6.612142378851,-8.));
#543 = VECTOR('',#544,1.);
#544 = DIRECTION('',(0.,0.,1.));
#545 = PCURVE('',#133,#546);
#546 = DEFINITIONAL_REPRESENTATION('',(#547),#551);
#547 = LINE('',#548,#549);
#548 = CARTESIAN_POINT('',(8.2,0.));
#549 = VECTOR('',#550,1.);
#550 = DIRECTION('',(0.,-1.));
#551 = ( GEOMETRIC_REPRESENTATION_CONTEXT(2) 
PARAMETRIC_REPRESENTATION_CONTEXT() REPRESENTATION_CONTEXT('2D SPACE',''
  ) );
#552 = PCURVE('',#106,#553);
#553 = DEFINITIONAL_REPRESENTATION('',(#554),#558);
#554 = LINE('',#555,#556);
#555 = CARTESIAN_POINT('',(0.,0.));
#556 = VECTOR('',#557,1.);
#557 = DIRECTION('',(0.,-1.));
#558 = ( GEOMETRIC_REPRESENTATION_CONTEXT(2) 
PARAMETRIC_REPRESENTATION_CONTEXT() REPRESENTATION_CONTEXT('2D SPACE',''
  ) );
#559 = ADVANCED_FACE('',(#560),#106,.F.);
#560 = FACE_BOUND('',#561,.F.);
#561 = EDGE_LOOP('',(#562,#563,#564,#590));
#562 = ORIENTED_EDGE('',*,*,#85,.F.);
#563 = ORIENTED_EDGE('',*,*,#539,.T.);
#564 = ORIENTED_EDGE('',*,*,#565,.T.);
#565 = EDGE_CURVE('',#519,#390,#566,.T.);
#566 = SURFACE_CURVE('',#567,(#572,#579),.PCURVE_S1.);
#567 = CIRCLE('',#568,1.7);
#568 = AXIS2_PLACEMENT_3D('',#569,#570,#571);
#569 = CARTESIAN_POINT('',(10.87569344444,-5.071419140888,-3.));
#570 = DIRECTION('',(0.,-0.,-1.));
#571 = DIRECTION('',(-0.422618261741,-0.906307787037,0.));
#572 = PCURVE('',#106,#573);
#573 = DEFINITIONAL_REPRESENTATION('',(#574),#578);
#574 = LINE('',#575,#576);
#575 = CARTESIAN_POINT('',(0.,-5.));
#576 = VECTOR('',#577,1.);
#577 = DIRECTION('',(1.,0.));
#578 = ( GEOMETRIC_REPRESENTATION_CONTEXT(2) 
PARAMETRIC_REPRESENTATION_CONTEXT() REPRESENTATION_CONTEXT('2D SPACE',''
  ) );
#579 = PCURVE('',#427,#580);
#580 = DEFINITIONAL_REPRESENTATION('',(#581),#589);
#581 = ( BOUNDED_CURVE() B_SPLINE_CURVE(2,(#582,#583,#584,#585,#586,#587
,#588),.UNSPECIFIED.,.T.,.F.) B_SPLINE_CURVE_WITH_KNOTS((1,2,2,2,2,1),(
    -2.094395102393,0.,2.094395102393,4.188790204786,6.28318530718,
8.377580409573),.UNSPECIFIED.) CURVE() GEOMETRIC_REPRESENTATION_ITEM() 
RATIONAL_B_SPLINE_CURVE((1.,0.5,1.,0.5,1.,0.5,1.)) REPRESENTATION_ITEM(
  '') );
#582 = CARTESIAN_POINT('',(10.157242399481,-6.612142378851));
#583 = CARTESIAN_POINT('',(7.488631470928,-5.36774866623));
#584 = CARTESIAN_POINT('',(9.900613502643,-3.678860665597));
#585 = CARTESIAN_POINT('',(12.312595534358,-1.989972664964));
#586 = CARTESIAN_POINT('',(12.569224431196,-4.923254378217));
#587 = CARTESIAN_POINT('',(12.825853328033,-7.856536091471));
#588 = CARTESIAN_POINT('',(10.157242399481,-6.612142378851));
#589 = ( GEOMETRIC_REPRESENTATION_CONTEXT(2) 
PARAMETRIC_REPRESENTATION_CONTEXT() REPRESENTATION_CONTEXT('2D SPACE',''
  ) );
#590 = ORIENTED_EDGE('',*,*,#389,.F.);
#591 = ADVANCED_FACE('',(#592),#194,.F.);
#592 = FACE_BOUND('',#593,.F.);
#593 = EDGE_LOOP('',(#594,#595,#618,#639));
#594 = ORIENTED_EDGE('',*,*,#177,.F.);
#595 = ORIENTED_EDGE('',*,*,#596,.T.);
#596 = EDGE_CURVE('',#178,#597,#599,.T.);
#597 = VERTEX_POINT('',#598);
#598 = CARTESIAN_POINT('',(10.157242399481,6.612142378851,-3.));
#599 = SURFACE_CURVE('',#600,(#604,#611),.PCURVE_S1.);
#600 = LINE('',#601,#602);
#601 = CARTESIAN_POINT('',(10.157242399481,6.612142378851,-8.));
#602 = VECTOR('',#603,1.);
#603 = DIRECTION('',(0.,0.,1.));
#604 = PCURVE('',#194,#605);
#605 = DEFINITIONAL_REPRESENTATION('',(#606),#610);
#606 = LINE('',#607,#608);
#607 = CARTESIAN_POINT('',(0.,0.));
#608 = VECTOR('',#609,1.);
#609 = DIRECTION('',(0.,-1.));
#610 = ( GEOMETRIC_REPRESENTATION_CONTEXT(2) 
PARAMETRIC_REPRESENTATION_CONTEXT() REPRESENTATION_CONTEXT('2D SPACE',''
  ) );
#611 = PCURVE('',#226,#612);
#612 = DEFINITIONAL_REPRESENTATION('',(#613),#617);
#613 = LINE('',#614,#615);
#614 = CARTESIAN_POINT('',(3.14159265359,0.));
#615 = VECTOR('',#616,1.);
#616 = DIRECTION('',(0.,-1.));
#617 = ( GEOMETRIC_REPRESENTATION_CONTEXT(2) 
PARAMETRIC_REPRESENTATION_CONTEXT() REPRESENTATION_CONTEXT('2D SPACE',''
  ) );
#618 = ORIENTED_EDGE('',*,*,#619,.F.);
#619 = EDGE_CURVE('',#620,#597,#622,.T.);
#620 = VERTEX_POINT('',#621);
#621 = CARTESIAN_POINT('',(17.588966253181,10.077612125124,-3.));
#622 = SURFACE_CURVE('',#623,(#627,#633),.PCURVE_S1.);
#623 = LINE('',#624,#625);
#624 = CARTESIAN_POINT('',(4.719395677261,4.076432808407,-3.));
#625 = VECTOR('',#626,1.);
#626 = DIRECTION('',(-0.906307787037,-0.422618261741,0.));
#627 = PCURVE('',#194,#628);
#628 = DEFINITIONAL_REPRESENTATION('',(#629),#632);
#629 = B_SPLINE_CURVE_WITH_KNOTS('',1,(#630,#631),.UNSPECIFIED.,.F.,.F.,
  (2,2),(-14.2,-6.),.PIECEWISE_BEZIER_KNOTS.);
#630 = CARTESIAN_POINT('',(8.2,-5.));
#631 = CARTESIAN_POINT('',(0.,-5.));
#632 = ( GEOMETRIC_REPRESENTATION_CONTEXT(2) 
PARAMETRIC_REPRESENTATION_CONTEXT() REPRESENTATION_CONTEXT('2D SPACE',''
  ) );
#633 = PCURVE('',#427,#634);
#634 = DEFINITIONAL_REPRESENTATION('',(#635),#638);
#635 = B_SPLINE_CURVE_WITH_KNOTS('',1,(#636,#637),.UNSPECIFIED.,.F.,.F.,
  (2,2),(-14.2,-6.),.PIECEWISE_BEZIER_KNOTS.);
#636 = CARTESIAN_POINT('',(17.588966253181,10.077612125124));
#637 = CARTESIAN_POINT('',(10.157242399481,6.612142378851));
#638 = ( GEOMETRIC_REPRESENTATION_CONTEXT(2) 
PARAMETRIC_REPRESENTATION_CONTEXT() REPRESENTATION_CONTEXT('2D SPACE',''
  ) );
#639 = ORIENTED_EDGE('',*,*,#640,.F.);
#640 = EDGE_CURVE('',#180,#620,#641,.T.);
#641 = SURFACE_CURVE('',#642,(#646,#653),.PCURVE_S1.);
#642 = LINE('',#643,#644);
#643 = CARTESIAN_POINT('',(17.588966253181,10.077612125124,-8.));
#644 = VECTOR('',#645,1.);
#645 = DIRECTION('',(0.,0.,1.));
#646 = PCURVE('',#194,#647);
#647 = DEFINITIONAL_REPRESENTATION('',(#648),#652);
#648 = LINE('',#649,#650);
#649 = CARTESIAN_POINT('',(8.2,0.));
#650 = VECTOR('',#651,1.);
#651 = DIRECTION('',(0.,-1.));
#652 = ( GEOMETRIC_REPRESENTATION_CONTEXT(2) 
PARAMETRIC_REPRESENTATION_CONTEXT() REPRESENTATION_CONTEXT('2D SPACE',''
  ) );
#653 = PCURVE('',#283,#654);
#654 = DEFINITIONAL_REPRESENTATION('',(#655),#659);
#655 = LINE('',#656,#657);
#656 = CARTESIAN_POINT('',(0.,0.));
#657 = VECTOR('',#658,1.);
#658 = DIRECTION('',(0.,-1.));
#659 = ( GEOMETRIC_REPRESENTATION_CONTEXT(2) 
PARAMETRIC_REPRESENTATION_CONTEXT() REPRESENTATION_CONTEXT('2D SPACE',''
  ) );
#660 = ADVANCED_FACE('',(#661),#226,.F.);
#661 = FACE_BOUND('',#662,.F.);
#662 = EDGE_LOOP('',(#663,#664,#687,#713));
#663 = ORIENTED_EDGE('',*,*,#205,.F.);
#664 = ORIENTED_EDGE('',*,*,#665,.T.);
#665 = EDGE_CURVE('',#206,#666,#668,.T.);
#666 = VERTEX_POINT('',#667);
#667 = CARTESIAN_POINT('',(11.594144489399,3.530695902926,-3.));
#668 = SURFACE_CURVE('',#669,(#673,#680),.PCURVE_S1.);
#669 = LINE('',#670,#671);
#670 = CARTESIAN_POINT('',(11.594144489399,3.530695902926,-8.));
#671 = VECTOR('',#672,1.);
#672 = DIRECTION('',(0.,0.,1.));
#673 = PCURVE('',#226,#674);
#674 = DEFINITIONAL_REPRESENTATION('',(#675),#679);
#675 = LINE('',#676,#677);
#676 = CARTESIAN_POINT('',(0.,0.));
#677 = VECTOR('',#678,1.);
#678 = DIRECTION('',(0.,-1.));
#679 = ( GEOMETRIC_REPRESENTATION_CONTEXT(2) 
PARAMETRIC_REPRESENTATION_CONTEXT() REPRESENTATION_CONTEXT('2D SPACE',''
  ) );
#680 = PCURVE('',#253,#681);
#681 = DEFINITIONAL_REPRESENTATION('',(#682),#686);
#682 = LINE('',#683,#684);
#683 = CARTESIAN_POINT('',(8.2,0.));
#684 = VECTOR('',#685,1.);
#685 = DIRECTION('',(0.,-1.));
#686 = ( GEOMETRIC_REPRESENTATION_CONTEXT(2) 
PARAMETRIC_REPRESENTATION_CONTEXT() REPRESENTATION_CONTEXT('2D SPACE',''
  ) );
#687 = ORIENTED_EDGE('',*,*,#688,.T.);
#688 = EDGE_CURVE('',#666,#597,#689,.T.);
#689 = SURFACE_CURVE('',#690,(#695,#702),.PCURVE_S1.);
#690 = CIRCLE('',#691,1.7);
#691 = AXIS2_PLACEMENT_3D('',#692,#693,#694);
#692 = CARTESIAN_POINT('',(10.87569344444,5.071419140888,-3.));
#693 = DIRECTION('',(0.,0.,-1.));
#694 = DIRECTION('',(0.422618261741,-0.906307787037,0.));
#695 = PCURVE('',#226,#696);
#696 = DEFINITIONAL_REPRESENTATION('',(#697),#701);
#697 = LINE('',#698,#699);
#698 = CARTESIAN_POINT('',(0.,-5.));
#699 = VECTOR('',#700,1.);
#700 = DIRECTION('',(1.,0.));
#701 = ( GEOMETRIC_REPRESENTATION_CONTEXT(2) 
PARAMETRIC_REPRESENTATION_CONTEXT() REPRESENTATION_CONTEXT('2D SPACE',''
  ) );
#702 = PCURVE('',#427,#703);
#703 = DEFINITIONAL_REPRESENTATION('',(#704),#712);
#704 = ( BOUNDED_CURVE() B_SPLINE_CURVE(2,(#705,#706,#707,#708,#709,#710
,#711),.UNSPECIFIED.,.T.,.F.) B_SPLINE_CURVE_WITH_KNOTS((1,2,2,2,2,1),(
    -2.094395102393,0.,2.094395102393,4.188790204786,6.28318530718,
8.377580409573),.UNSPECIFIED.) CURVE() GEOMETRIC_REPRESENTATION_ITEM() 
RATIONAL_B_SPLINE_CURVE((1.,0.5,1.,0.5,1.,0.5,1.)) REPRESENTATION_ITEM(
  '') );
#705 = CARTESIAN_POINT('',(11.594144489399,3.530695902926));
#706 = CARTESIAN_POINT('',(8.925533560846,2.286302190306));
#707 = CARTESIAN_POINT('',(9.182162457684,5.219583903559));
#708 = CARTESIAN_POINT('',(9.438791354521,8.152865616813));
#709 = CARTESIAN_POINT('',(11.850773386237,6.46397761618));
#710 = CARTESIAN_POINT('',(14.262755417952,4.775089615546));
#711 = CARTESIAN_POINT('',(11.594144489399,3.530695902926));
#712 = ( GEOMETRIC_REPRESENTATION_CONTEXT(2) 
PARAMETRIC_REPRESENTATION_CONTEXT() REPRESENTATION_CONTEXT('2D SPACE',''
  ) );
#713 = ORIENTED_EDGE('',*,*,#596,.F.);
#714 = ADVANCED_FACE('',(#715),#283,.F.);
#715 = FACE_BOUND('',#716,.F.);
#716 = EDGE_LOOP('',(#717,#718,#719,#747));
#717 = ORIENTED_EDGE('',*,*,#264,.F.);
#718 = ORIENTED_EDGE('',*,*,#640,.T.);
#719 = ORIENTED_EDGE('',*,*,#720,.T.);
#720 = EDGE_CURVE('',#620,#721,#723,.T.);
#721 = VERTEX_POINT('',#722);
#722 = CARTESIAN_POINT('',(19.0258683431,6.9961656492,-3.));
#723 = SURFACE_CURVE('',#724,(#729,#736),.PCURVE_S1.);
#724 = CIRCLE('',#725,1.7);
#725 = AXIS2_PLACEMENT_3D('',#726,#727,#728);
#726 = CARTESIAN_POINT('',(18.30741729814,8.536888887162,-3.));
#727 = DIRECTION('',(0.,0.,-1.));
#728 = DIRECTION('',(-0.422618261741,0.906307787037,0.));
#729 = PCURVE('',#283,#730);
#730 = DEFINITIONAL_REPRESENTATION('',(#731),#735);
#731 = LINE('',#732,#733);
#732 = CARTESIAN_POINT('',(0.,-5.));
#733 = VECTOR('',#734,1.);
#734 = DIRECTION('',(1.,0.));
#735 = ( GEOMETRIC_REPRESENTATION_CONTEXT(2) 
PARAMETRIC_REPRESENTATION_CONTEXT() REPRESENTATION_CONTEXT('2D SPACE',''
  ) );
#736 = PCURVE('',#427,#737);
#737 = DEFINITIONAL_REPRESENTATION('',(#738),#746);
#738 = ( BOUNDED_CURVE() B_SPLINE_CURVE(2,(#739,#740,#741,#742,#743,#744
,#745),.UNSPECIFIED.,.T.,.F.) B_SPLINE_CURVE_WITH_KNOTS((1,2,2,2,2,1),(
    -2.094395102393,0.,2.094395102393,4.188790204786,6.28318530718,
8.377580409573),.UNSPECIFIED.) CURVE() GEOMETRIC_REPRESENTATION_ITEM() 
RATIONAL_B_SPLINE_CURVE((1.,0.5,1.,0.5,1.,0.5,1.)) REPRESENTATION_ITEM(
  '') );
#739 = CARTESIAN_POINT('',(17.588966253181,10.077612125124));
#740 = CARTESIAN_POINT('',(20.257577181734,11.322005837745));
#741 = CARTESIAN_POINT('',(20.000948284896,8.388724124491));
#742 = CARTESIAN_POINT('',(19.744319388059,5.455442411238));
#743 = CARTESIAN_POINT('',(17.332337356344,7.144330411871));
#744 = CARTESIAN_POINT('',(14.920355324628,8.833218412504));
#745 = CARTESIAN_POINT('',(17.588966253181,10.077612125124));
#746 = ( GEOMETRIC_REPRESENTATION_CONTEXT(2) 
PARAMETRIC_REPRESENTATION_CONTEXT() REPRESENTATION_CONTEXT('2D SPACE',''
  ) );
#747 = ORIENTED_EDGE('',*,*,#748,.F.);
#748 = EDGE_CURVE('',#239,#721,#749,.T.);
#749 = SURFACE_CURVE('',#750,(#754,#761),.PCURVE_S1.);
#750 = LINE('',#751,#752);
#751 = CARTESIAN_POINT('',(19.0258683431,6.9961656492,-8.));
#752 = VECTOR('',#753,1.);
#753 = DIRECTION('',(0.,0.,1.));
#754 = PCURVE('',#283,#755);
#755 = DEFINITIONAL_REPRESENTATION('',(#756),#760);
#756 = LINE('',#757,#758);
#757 = CARTESIAN_POINT('',(3.14159265359,0.));
#758 = VECTOR('',#759,1.);
#759 = DIRECTION('',(0.,-1.));
#760 = ( GEOMETRIC_REPRESENTATION_CONTEXT(2) 
PARAMETRIC_REPRESENTATION_CONTEXT() REPRESENTATION_CONTEXT('2D SPACE',''
  ) );
#761 = PCURVE('',#253,#762);
#762 = DEFINITIONAL_REPRESENTATION('',(#763),#767);
#763 = LINE('',#764,#765);
#764 = CARTESIAN_POINT('',(0.,0.));
#765 = VECTOR('',#766,1.);
#766 = DIRECTION('',(0.,-1.));
#767 = ( GEOMETRIC_REPRESENTATION_CONTEXT(2) 
PARAMETRIC_REPRESENTATION_CONTEXT() REPRESENTATION_CONTEXT('2D SPACE',''
  ) );
#768 = ADVANCED_FACE('',(#769),#253,.F.);
#769 = FACE_BOUND('',#770,.F.);
#770 = EDGE_LOOP('',(#771,#772,#773,#792));
#771 = ORIENTED_EDGE('',*,*,#238,.F.);
#772 = ORIENTED_EDGE('',*,*,#748,.T.);
#773 = ORIENTED_EDGE('',*,*,#774,.F.);
#774 = EDGE_CURVE('',#666,#721,#775,.T.);
#775 = SURFACE_CURVE('',#776,(#780,#786),.PCURVE_S1.);
#776 = LINE('',#777,#778);
#777 = CARTESIAN_POINT('',(9.872159694029,2.727721205619,-3.));
#778 = VECTOR('',#779,1.);
#779 = DIRECTION('',(0.906307787037,0.422618261741,-0.));
#780 = PCURVE('',#253,#781);
#781 = DEFINITIONAL_REPRESENTATION('',(#782),#785);
#782 = B_SPLINE_CURVE_WITH_KNOTS('',1,(#783,#784),.UNSPECIFIED.,.F.,.F.,
  (2,2),(1.9,10.1),.PIECEWISE_BEZIER_KNOTS.);
#783 = CARTESIAN_POINT('',(8.2,-5.));
#784 = CARTESIAN_POINT('',(0.,-5.));
#785 = ( GEOMETRIC_REPRESENTATION_CONTEXT(2) 
PARAMETRIC_REPRESENTATION_CONTEXT() REPRESENTATION_CONTEXT('2D SPACE',''
  ) );
#786 = PCURVE('',#427,#787);
#787 = DEFINITIONAL_REPRESENTATION('',(#788),#791);
#788 = B_SPLINE_CURVE_WITH_KNOTS('',1,(#789,#790),.UNSPECIFIED.,.F.,.F.,
  (2,2),(1.9,10.1),.PIECEWISE_BEZIER_KNOTS.);
#789 = CARTESIAN_POINT('',(11.594144489399,3.530695902926));
#790 = CARTESIAN_POINT('',(19.0258683431,6.9961656492));
#791 = ( GEOMETRIC_REPRESENTATION_CONTEXT(2) 
PARAMETRIC_REPRESENTATION_CONTEXT() REPRESENTATION_CONTEXT('2D SPACE',''
  ) );
#792 = ORIENTED_EDGE('',*,*,#665,.F.);
#793 = ADVANCED_FACE('',(#794),#318,.T.);
#794 = FACE_BOUND('',#795,.F.);
#795 = EDGE_LOOP('',(#796,#825,#846,#847));
#796 = ORIENTED_EDGE('',*,*,#797,.F.);
#797 = EDGE_CURVE('',#798,#798,#800,.T.);
#798 = VERTEX_POINT('',#799);
#799 = CARTESIAN_POINT('',(10.,0.,-8.75));
#800 = SURFACE_CURVE('',#801,(#806,#813),.PCURVE_S1.);
#801 = CIRCLE('',#802,10.);
#802 = AXIS2_PLACEMENT_3D('',#803,#804,#805);
#803 = CARTESIAN_POINT('',(0.,0.,-8.75));
#804 = DIRECTION('',(0.,0.,1.));
#805 = DIRECTION('',(1.,0.,0.));
#806 = PCURVE('',#318,#807);
#807 = DEFINITIONAL_REPRESENTATION('',(#808),#812);
#808 = LINE('',#809,#810);
#809 = CARTESIAN_POINT('',(-0.,0.));
#810 = VECTOR('',#811,1.);
#811 = DIRECTION('',(-1.,0.));
#812 = ( GEOMETRIC_REPRESENTATION_CONTEXT(2) 
PARAMETRIC_REPRESENTATION_CONTEXT() REPRESENTATION_CONTEXT('2D SPACE',''
  ) );
#813 = PCURVE('',#814,#819);
#814 = PLANE('',#815);
#815 = AXIS2_PLACEMENT_3D('',#816,#817,#818);
#816 = CARTESIAN_POINT('',(-5.469760530158E-16,6.857365063158E-16,-8.75)
  );
#817 = DIRECTION('',(0.,0.,1.));
#818 = DIRECTION('',(1.,0.,-0.));
#819 = DEFINITIONAL_REPRESENTATION('',(#820),#824);
#820 = CIRCLE('',#821,10.);
#821 = AXIS2_PLACEMENT_2D('',#822,#823);
#822 = CARTESIAN_POINT('',(5.469760530158E-16,-6.857365063158E-16));
#823 = DIRECTION('',(1.,0.));
#824 = ( GEOMETRIC_REPRESENTATION_CONTEXT(2) 
PARAMETRIC_REPRESENTATION_CONTEXT() REPRESENTATION_CONTEXT('2D SPACE',''
  ) );
#825 = ORIENTED_EDGE('',*,*,#826,.T.);
#826 = EDGE_CURVE('',#798,#298,#827,.T.);
#827 = SEAM_CURVE('',#828,(#832,#839),.PCURVE_S1.);
#828 = LINE('',#829,#830);
#829 = CARTESIAN_POINT('',(10.,0.,-8.75));
#830 = VECTOR('',#831,1.);
#831 = DIRECTION('',(0.,0.,1.));
#832 = PCURVE('',#318,#833);
#833 = DEFINITIONAL_REPRESENTATION('',(#834),#838);
#834 = LINE('',#835,#836);
#835 = CARTESIAN_POINT('',(-6.28318530718,0.));
#836 = VECTOR('',#837,1.);
#837 = DIRECTION('',(-0.,-1.));
#838 = ( GEOMETRIC_REPRESENTATION_CONTEXT(2) 
PARAMETRIC_REPRESENTATION_CONTEXT() REPRESENTATION_CONTEXT('2D SPACE',''
  ) );
#839 = PCURVE('',#318,#840);
#840 = DEFINITIONAL_REPRESENTATION('',(#841),#845);
#841 = LINE('',#842,#843);
#842 = CARTESIAN_POINT('',(-0.,0.));
#843 = VECTOR('',#844,1.);
#844 = DIRECTION('',(-0.,-1.));
#845 = ( GEOMETRIC_REPRESENTATION_CONTEXT(2) 
PARAMETRIC_REPRESENTATION_CONTEXT() REPRESENTATION_CONTEXT('2D SPACE',''
  ) );
#846 = ORIENTED_EDGE('',*,*,#297,.F.);
#847 = ORIENTED_EDGE('',*,*,#826,.F.);
#848 = ADVANCED_FACE('',(#849),#372,.T.);
#849 = FACE_BOUND('',#850,.T.);
#850 = EDGE_LOOP('',(#851,#852,#875,#902));
#851 = ORIENTED_EDGE('',*,*,#357,.T.);
#852 = ORIENTED_EDGE('',*,*,#853,.T.);
#853 = EDGE_CURVE('',#335,#854,#856,.T.);
#854 = VERTEX_POINT('',#855);
#855 = CARTESIAN_POINT('',(29.2,0.,-2.2));
#856 = SEAM_CURVE('',#857,(#861,#868),.PCURVE_S1.);
#857 = LINE('',#858,#859);
#858 = CARTESIAN_POINT('',(32.5,0.,-5.5));
#859 = VECTOR('',#860,1.);
#860 = DIRECTION('',(-0.707106781187,0.,0.707106781187));
#861 = PCURVE('',#372,#862);
#862 = DEFINITIONAL_REPRESENTATION('',(#863),#867);
#863 = LINE('',#864,#865);
#864 = CARTESIAN_POINT('',(-0.,-0.));
#865 = VECTOR('',#866,1.);
#866 = DIRECTION('',(-0.,-1.));
#867 = ( GEOMETRIC_REPRESENTATION_CONTEXT(2) 
PARAMETRIC_REPRESENTATION_CONTEXT() REPRESENTATION_CONTEXT('2D SPACE',''
  ) );
#868 = PCURVE('',#372,#869);
#869 = DEFINITIONAL_REPRESENTATION('',(#870),#874);
#870 = LINE('',#871,#872);
#871 = CARTESIAN_POINT('',(-6.28318530718,-0.));
#872 = VECTOR('',#873,1.);
#873 = DIRECTION('',(-0.,-1.));
#874 = ( GEOMETRIC_REPRESENTATION_CONTEXT(2) 
PARAMETRIC_REPRESENTATION_CONTEXT() REPRESENTATION_CONTEXT('2D SPACE',''
  ) );
#875 = ORIENTED_EDGE('',*,*,#876,.F.);
#876 = EDGE_CURVE('',#854,#854,#877,.T.);
#877 = SURFACE_CURVE('',#878,(#883,#890),.PCURVE_S1.);
#878 = CIRCLE('',#879,29.2);
#879 = AXIS2_PLACEMENT_3D('',#880,#881,#882);
#880 = CARTESIAN_POINT('',(0.,0.,-2.2));
#881 = DIRECTION('',(0.,0.,1.));
#882 = DIRECTION('',(1.,0.,-0.));
#883 = PCURVE('',#372,#884);
#884 = DEFINITIONAL_REPRESENTATION('',(#885),#889);
#885 = LINE('',#886,#887);
#886 = CARTESIAN_POINT('',(-0.,-3.3));
#887 = VECTOR('',#888,1.);
#888 = DIRECTION('',(-1.,-0.));
#889 = ( GEOMETRIC_REPRESENTATION_CONTEXT(2) 
PARAMETRIC_REPRESENTATION_CONTEXT() REPRESENTATION_CONTEXT('2D SPACE',''
  ) );
#890 = PCURVE('',#891,#896);
#891 = CYLINDRICAL_SURFACE('',#892,29.2);
#892 = AXIS2_PLACEMENT_3D('',#893,#894,#895);
#893 = CARTESIAN_POINT('',(0.,0.,-2.2));
#894 = DIRECTION('',(0.,0.,1.));
#895 = DIRECTION('',(1.,0.,-0.));
#896 = DEFINITIONAL_REPRESENTATION('',(#897),#901);
#897 = LINE('',#898,#899);
#898 = CARTESIAN_POINT('',(0.,0.));
#899 = VECTOR('',#900,1.);
#900 = DIRECTION('',(1.,0.));
#901 = ( GEOMETRIC_REPRESENTATION_CONTEXT(2) 
PARAMETRIC_REPRESENTATION_CONTEXT() REPRESENTATION_CONTEXT('2D SPACE',''
  ) );
#902 = ORIENTED_EDGE('',*,*,#853,.F.);
#903 = ADVANCED_FACE('',(#904,#939,#945,#980),#427,.T.);
#904 = FACE_BOUND('',#905,.T.);
#905 = EDGE_LOOP('',(#906));
#906 = ORIENTED_EDGE('',*,*,#907,.F.);
#907 = EDGE_CURVE('',#908,#908,#910,.T.);
#908 = VERTEX_POINT('',#909);
#909 = CARTESIAN_POINT('',(23.2,0.,-3.));
#910 = SURFACE_CURVE('',#911,(#916,#927),.PCURVE_S1.);
#911 = CIRCLE('',#912,23.2);
#912 = AXIS2_PLACEMENT_3D('',#913,#914,#915);
#913 = CARTESIAN_POINT('',(0.,0.,-3.));
#914 = DIRECTION('',(0.,0.,-1.));
#915 = DIRECTION('',(1.,0.,0.));
#916 = PCURVE('',#427,#917);
#917 = DEFINITIONAL_REPRESENTATION('',(#918),#926);
#918 = ( BOUNDED_CURVE() B_SPLINE_CURVE(2,(#919,#920,#921,#922,#923,#924
,#925),.UNSPECIFIED.,.T.,.F.) B_SPLINE_CURVE_WITH_KNOTS((1,2,2,2,2,1),(
    -2.094395102393,0.,2.094395102393,4.188790204786,6.28318530718,
8.377580409573),.UNSPECIFIED.) CURVE() GEOMETRIC_REPRESENTATION_ITEM() 
RATIONAL_B_SPLINE_CURVE((1.,0.5,1.,0.5,1.,0.5,1.)) REPRESENTATION_ITEM(
  '') );
#919 = CARTESIAN_POINT('',(23.2,-8.788616970813E-16));
#920 = CARTESIAN_POINT('',(23.2,-40.18357873559));
#921 = CARTESIAN_POINT('',(-11.6,-20.09178936779));
#922 = CARTESIAN_POINT('',(-46.4,-6.561222845125E-15));
#923 = CARTESIAN_POINT('',(-11.6,20.091789367799));
#924 = CARTESIAN_POINT('',(23.2,40.183578735598));
#925 = CARTESIAN_POINT('',(23.2,-8.788616970813E-16));
#926 = ( GEOMETRIC_REPRESENTATION_CONTEXT(2) 
PARAMETRIC_REPRESENTATION_CONTEXT() REPRESENTATION_CONTEXT('2D SPACE',''
  ) );
#927 = PCURVE('',#928,#933);
#928 = CYLINDRICAL_SURFACE('',#929,23.2);
#929 = AXIS2_PLACEMENT_3D('',#930,#931,#932);
#930 = CARTESIAN_POINT('',(0.,0.,7.));
#931 = DIRECTION('',(-0.,-0.,-1.));
#932 = DIRECTION('',(1.,0.,0.));
#933 = DEFINITIONAL_REPRESENTATION('',(#934),#938);
#934 = LINE('',#935,#936);
#935 = CARTESIAN_POINT('',(-6.28318530718,10.));
#936 = VECTOR('',#937,1.);
#937 = DIRECTION('',(1.,-0.));
#938 = ( GEOMETRIC_REPRESENTATION_CONTEXT(2) 
PARAMETRIC_REPRESENTATION_CONTEXT() REPRESENTATION_CONTEXT('2D SPACE',''
  ) );
#939 = FACE_BOUND('',#940,.T.);
#940 = EDGE_LOOP('',(#941,#942,#943,#944));
#941 = ORIENTED_EDGE('',*,*,#412,.F.);
#942 = ORIENTED_EDGE('',*,*,#464,.T.);
#943 = ORIENTED_EDGE('',*,*,#518,.F.);
#944 = ORIENTED_EDGE('',*,*,#565,.T.);
#945 = FACE_BOUND('',#946,.T.);
#946 = EDGE_LOOP('',(#947));
#947 = ORIENTED_EDGE('',*,*,#948,.T.);
#948 = EDGE_CURVE('',#949,#949,#951,.T.);
#949 = VERTEX_POINT('',#950);
#950 = CARTESIAN_POINT('',(10.,0.,-3.));
#951 = SURFACE_CURVE('',#952,(#957,#968),.PCURVE_S1.);
#952 = CIRCLE('',#953,10.);
#953 = AXIS2_PLACEMENT_3D('',#954,#955,#956);
#954 = CARTESIAN_POINT('',(0.,0.,-3.));
#955 = DIRECTION('',(0.,0.,-1.));
#956 = DIRECTION('',(1.,0.,0.));
#957 = PCURVE('',#427,#958);
#958 = DEFINITIONAL_REPRESENTATION('',(#959),#967);
#959 = ( BOUNDED_CURVE() B_SPLINE_CURVE(2,(#960,#961,#962,#963,#964,#965
,#966),.UNSPECIFIED.,.T.,.F.) B_SPLINE_CURVE_WITH_KNOTS((1,2,2,2,2,1),(
    -2.094395102393,0.,2.094395102393,4.188790204786,6.28318530718,
8.377580409573),.UNSPECIFIED.) CURVE() GEOMETRIC_REPRESENTATION_ITEM() 
RATIONAL_B_SPLINE_CURVE((1.,0.5,1.,0.5,1.,0.5,1.)) REPRESENTATION_ITEM(
  '') );
#960 = CARTESIAN_POINT('',(10.,-8.788616970813E-16));
#961 = CARTESIAN_POINT('',(10.,-17.32050807568));
#962 = CARTESIAN_POINT('',(-5.,-8.660254037844));
#963 = CARTESIAN_POINT('',(-20.,-3.328155295376E-15));
#964 = CARTESIAN_POINT('',(-5.,8.660254037844));
#965 = CARTESIAN_POINT('',(10.,17.320508075689));
#966 = CARTESIAN_POINT('',(10.,-8.788616970813E-16));
#967 = ( GEOMETRIC_REPRESENTATION_CONTEXT(2) 
PARAMETRIC_REPRESENTATION_CONTEXT() REPRESENTATION_CONTEXT('2D SPACE',''
  ) );
#968 = PCURVE('',#969,#974);
#969 = CYLINDRICAL_SURFACE('',#970,10.);
#970 = AXIS2_PLACEMENT_3D('',#971,#972,#973);
#971 = CARTESIAN_POINT('',(0.,0.,-8.75));
#972 = DIRECTION('',(-0.,-0.,-1.));
#973 = DIRECTION('',(1.,0.,0.));
#974 = DEFINITIONAL_REPRESENTATION('',(#975),#979);
#975 = LINE('',#976,#977);
#976 = CARTESIAN_POINT('',(-6.28318530718,-5.75));
#977 = VECTOR('',#978,1.);
#978 = DIRECTION('',(1.,-0.));
#979 = ( GEOMETRIC_REPRESENTATION_CONTEXT(2) 
PARAMETRIC_REPRESENTATION_CONTEXT() REPRESENTATION_CONTEXT('2D SPACE',''
  ) );
#980 = FACE_BOUND('',#981,.T.);
#981 = EDGE_LOOP('',(#982,#983,#984,#985));
#982 = ORIENTED_EDGE('',*,*,#619,.F.);
#983 = ORIENTED_EDGE('',*,*,#720,.T.);
#984 = ORIENTED_EDGE('',*,*,#774,.F.);
#985 = ORIENTED_EDGE('',*,*,#688,.T.);
#986 = ADVANCED_FACE('',(#987,#990),#814,.F.);
#987 = FACE_BOUND('',#988,.F.);
#988 = EDGE_LOOP('',(#989));
#989 = ORIENTED_EDGE('',*,*,#797,.T.);
#990 = FACE_BOUND('',#991,.F.);
#991 = EDGE_LOOP('',(#992));
#992 = ORIENTED_EDGE('',*,*,#993,.T.);
#993 = EDGE_CURVE('',#994,#994,#996,.T.);
#994 = VERTEX_POINT('',#995);
#995 = CARTESIAN_POINT('',(4.15,0.,-8.75));
#996 = SURFACE_CURVE('',#997,(#1002,#1013),.PCURVE_S1.);
#997 = CIRCLE('',#998,4.15);
#998 = AXIS2_PLACEMENT_3D('',#999,#1000,#1001);
#999 = CARTESIAN_POINT('',(0.,0.,-8.75));
#1000 = DIRECTION('',(0.,0.,-1.));
#1001 = DIRECTION('',(1.,0.,0.));
#1002 = PCURVE('',#814,#1003);
#1003 = DEFINITIONAL_REPRESENTATION('',(#1004),#1012);
#1004 = ( BOUNDED_CURVE() B_SPLINE_CURVE(2,(#1005,#1006,#1007,#1008,
#1009,#1010,#1011),.UNSPECIFIED.,.T.,.F.) B_SPLINE_CURVE_WITH_KNOTS((1,2
    ,2,2,2,1),(-2.094395102393,0.,2.094395102393,4.188790204786,
6.28318530718,8.377580409573),.UNSPECIFIED.) CURVE() 
GEOMETRIC_REPRESENTATION_ITEM() RATIONAL_B_SPLINE_CURVE((1.,0.5,1.,0.5,
1.,0.5,1.)) REPRESENTATION_ITEM('') );
#1005 = CARTESIAN_POINT('',(4.15,-6.857365063158E-16));
#1006 = CARTESIAN_POINT('',(4.15,-7.188010851411));
#1007 = CARTESIAN_POINT('',(-2.075,-3.594005425705));
#1008 = CARTESIAN_POINT('',(-8.3,-1.702193349608E-15));
#1009 = CARTESIAN_POINT('',(-2.075,3.594005425705));
#1010 = CARTESIAN_POINT('',(4.15,7.188010851411));
#1011 = CARTESIAN_POINT('',(4.15,-6.857365063158E-16));
#1012 = ( GEOMETRIC_REPRESENTATION_CONTEXT(2) 
PARAMETRIC_REPRESENTATION_CONTEXT() REPRESENTATION_CONTEXT('2D SPACE',''
  ) );
#1013 = PCURVE('',#1014,#1019);
#1014 = CYLINDRICAL_SURFACE('',#1015,4.15);
#1015 = AXIS2_PLACEMENT_3D('',#1016,#1017,#1018);
#1016 = CARTESIAN_POINT('',(0.,0.,-200.));
#1017 = DIRECTION('',(-0.,-0.,-1.));
#1018 = DIRECTION('',(1.,0.,0.));
#1019 = DEFINITIONAL_REPRESENTATION('',(#1020),#1024);
#1020 = LINE('',#1021,#1022);
#1021 = CARTESIAN_POINT('',(-6.28318530718,-191.25));
#1022 = VECTOR('',#1023,1.);
#1023 = DIRECTION('',(1.,-0.));
#1024 = ( GEOMETRIC_REPRESENTATION_CONTEXT(2) 
PARAMETRIC_REPRESENTATION_CONTEXT() REPRESENTATION_CONTEXT('2D SPACE',''
  ) );
#1025 = ADVANCED_FACE('',(#1026,#1080,#1233),#891,.T.);
#1026 = FACE_BOUND('',#1027,.T.);
#1027 = EDGE_LOOP('',(#1028,#1029,#1052,#1079));
#1028 = ORIENTED_EDGE('',*,*,#876,.T.);
#1029 = ORIENTED_EDGE('',*,*,#1030,.T.);
#1030 = EDGE_CURVE('',#854,#1031,#1033,.T.);
#1031 = VERTEX_POINT('',#1032);
#1032 = CARTESIAN_POINT('',(29.2,0.,2.2));
#1033 = SEAM_CURVE('',#1034,(#1038,#1045),.PCURVE_S1.);
#1034 = LINE('',#1035,#1036);
#1035 = CARTESIAN_POINT('',(29.2,0.,-2.2));
#1036 = VECTOR('',#1037,1.);
#1037 = DIRECTION('',(0.,0.,1.));
#1038 = PCURVE('',#891,#1039);
#1039 = DEFINITIONAL_REPRESENTATION('',(#1040),#1044);
#1040 = LINE('',#1041,#1042);
#1041 = CARTESIAN_POINT('',(0.,0.));
#1042 = VECTOR('',#1043,1.);
#1043 = DIRECTION('',(0.,1.));
#1044 = ( GEOMETRIC_REPRESENTATION_CONTEXT(2) 
PARAMETRIC_REPRESENTATION_CONTEXT() REPRESENTATION_CONTEXT('2D SPACE',''
  ) );
#1045 = PCURVE('',#891,#1046);
#1046 = DEFINITIONAL_REPRESENTATION('',(#1047),#1051);
#1047 = LINE('',#1048,#1049);
#1048 = CARTESIAN_POINT('',(6.28318530718,0.));
#1049 = VECTOR('',#1050,1.);
#1050 = DIRECTION('',(0.,1.));
#1051 = ( GEOMETRIC_REPRESENTATION_CONTEXT(2) 
PARAMETRIC_REPRESENTATION_CONTEXT() REPRESENTATION_CONTEXT('2D SPACE',''
  ) );
#1052 = ORIENTED_EDGE('',*,*,#1053,.F.);
#1053 = EDGE_CURVE('',#1031,#1031,#1054,.T.);
#1054 = SURFACE_CURVE('',#1055,(#1060,#1067),.PCURVE_S1.);
#1055 = CIRCLE('',#1056,29.2);
#1056 = AXIS2_PLACEMENT_3D('',#1057,#1058,#1059);
#1057 = CARTESIAN_POINT('',(0.,0.,2.2));
#1058 = DIRECTION('',(0.,0.,1.));
#1059 = DIRECTION('',(1.,0.,-0.));
#1060 = PCURVE('',#891,#1061);
#1061 = DEFINITIONAL_REPRESENTATION('',(#1062),#1066);
#1062 = LINE('',#1063,#1064);
#1063 = CARTESIAN_POINT('',(0.,4.4));
#1064 = VECTOR('',#1065,1.);
#1065 = DIRECTION('',(1.,0.));
#1066 = ( GEOMETRIC_REPRESENTATION_CONTEXT(2) 
PARAMETRIC_REPRESENTATION_CONTEXT() REPRESENTATION_CONTEXT('2D SPACE',''
  ) );
#1067 = PCURVE('',#1068,#1073);
#1068 = CONICAL_SURFACE('',#1069,29.2,0.785398163397);
#1069 = AXIS2_PLACEMENT_3D('',#1070,#1071,#1072);
#1070 = CARTESIAN_POINT('',(0.,0.,2.2));
#1071 = DIRECTION('',(0.,0.,1.));
#1072 = DIRECTION('',(1.,0.,-0.));
#1073 = DEFINITIONAL_REPRESENTATION('',(#1074),#1078);
#1074 = LINE('',#1075,#1076);
#1075 = CARTESIAN_POINT('',(0.,0.));
#1076 = VECTOR('',#1077,1.);
#1077 = DIRECTION('',(1.,0.));
#1078 = ( GEOMETRIC_REPRESENTATION_CONTEXT(2) 
PARAMETRIC_REPRESENTATION_CONTEXT() REPRESENTATION_CONTEXT('2D SPACE',''
  ) );
#1079 = ORIENTED_EDGE('',*,*,#1030,.F.);
#1080 = FACE_BOUND('',#1081,.T.);
#1081 = EDGE_LOOP('',(#1082));
#1082 = ORIENTED_EDGE('',*,*,#1083,.F.);
#1083 = EDGE_CURVE('',#1084,#1084,#1086,.T.);
#1084 = VERTEX_POINT('',#1085);
#1085 = CARTESIAN_POINT('',(23.814925455078,16.896429373364,0.));
#1086 = SURFACE_CURVE('',#1087,(#1132,#1180),.PCURVE_S1.);
#1087 = B_SPLINE_CURVE_WITH_KNOTS('',7,(#1088,#1089,#1090,#1091,#1092,
    #1093,#1094,#1095,#1096,#1097,#1098,#1099,#1100,#1101,#1102,#1103,
    #1104,#1105,#1106,#1107,#1108,#1109,#1110,#1111,#1112,#1113,#1114,
    #1115,#1116,#1117,#1118,#1119,#1120,#1121,#1122,#1123,#1124,#1125,
    #1126,#1127,#1128,#1129,#1130,#1131),.UNSPECIFIED.,.T.,.F.,(8,6,6,6,
    6,6,6,8),(0.,0.150965795081,0.287158547916,0.424568370554,
    0.587458137068,0.713952254072,0.84002463778,1.),.UNSPECIFIED.);
#1088 = CARTESIAN_POINT('',(23.814925455078,16.896429373364,
    -4.440892098501E-16));
#1089 = CARTESIAN_POINT('',(23.814925455078,16.896429373364,
    0.144306344273));
#1090 = CARTESIAN_POINT('',(23.826650259185,16.879903614439,
    0.288709593909));
#1091 = CARTESIAN_POINT('',(23.850130126913,16.846809864138,
    0.431102482227));
#1092 = CARTESIAN_POINT('',(23.885531400147,16.796759147364,
    0.569167269236));
#1093 = CARTESIAN_POINT('',(23.933029316325,16.729199382303,
    0.70007863509));
#1094 = CARTESIAN_POINT('',(23.992681806055,16.643531842491,
    0.820230345752));
#1095 = CARTESIAN_POINT('',(24.1286771609,16.445665242691,1.01878659272)
  );
#1096 = CARTESIAN_POINT('',(24.204394726716,16.334584822669,
    1.102432551595));
#1097 = CARTESIAN_POINT('',(24.289486567517,16.208358653981,
    1.167127886395));
#1098 = CARTESIAN_POINT('',(24.380592428094,16.071243319556,
    1.207074021367));
#1099 = CARTESIAN_POINT('',(24.473669776869,15.928826834023,
    1.219212233342));
#1100 = CARTESIAN_POINT('',(24.564740779531,15.787307200995,
    1.203345134108));
#1101 = CARTESIAN_POINT('',(24.736899142325,15.516179874038,
    1.120887655956));
#1102 = CARTESIAN_POINT('',(24.815513209296,15.390433566007,
    1.054983648054));
#1103 = CARTESIAN_POINT('',(24.884933854399,15.277789495916,
    0.969270507351));
#1104 = CARTESIAN_POINT('',(24.944530737186,15.179949315187,
    0.868029028256));
#1105 = CARTESIAN_POINT('',(24.994064135678,15.097916901706,
    0.75533174649));
#1106 = CARTESIAN_POINT('',(25.033617586446,15.032012753903,
    0.635070817954));
#1107 = CARTESIAN_POINT('',(25.099161932409,14.922361470939,
    0.363780968316));
#1108 = CARTESIAN_POINT('',(25.1222826028,14.883308241531,0.207023685626
    ));
#1109 = CARTESIAN_POINT('',(25.13262189242,14.865727907081,
    4.492206978281E-02));
#1110 = CARTESIAN_POINT('',(25.130127126435,14.869967847914,
    -0.118429589103));
#1111 = CARTESIAN_POINT('',(25.114852572216,14.895888908823,
    -0.279202237729));
#1112 = CARTESIAN_POINT('',(25.086843922466,14.943111056307,
    -0.433750900188));
#1113 = CARTESIAN_POINT('',(25.014318231717,15.064119166159,
    -0.690203959523));
#1114 = CARTESIAN_POINT('',(24.974321946684,15.130556843573,
    -0.798156721409));
#1115 = CARTESIAN_POINT('',(24.925749810204,15.210733741769,
    -0.898809705393));
#1116 = CARTESIAN_POINT('',(24.868610525065,15.30424612849,
    -0.988916579523));
#1117 = CARTESIAN_POINT('',(24.803188264426,15.410137232778,
    -1.065161670291));
#1118 = CARTESIAN_POINT('',(24.730089211699,15.526904640801,
    -1.124149360451));
#1119 = CARTESIAN_POINT('',(24.571050457427,15.77737026808,
    -1.200323032138));
#1120 = CARTESIAN_POINT('',(24.48681791576,15.908390567859,
    -1.216851044922));
#1121 = CARTESIAN_POINT('',(24.400505397001,16.04074949822,
    -1.209341714807));
#1122 = CARTESIAN_POINT('',(24.315382749888,16.169318436632,
    -1.177676180922));
#1123 = CARTESIAN_POINT('',(24.234810763537,16.289361392333,
    -1.124051739054));
#1124 = CARTESIAN_POINT('',(24.161697661106,16.397107574746,
    -1.052901156711));
#1125 = CARTESIAN_POINT('',(24.016896121162,16.608710468306,
    -0.866666735805));
#1126 = CARTESIAN_POINT('',(23.949115237503,16.706305817968,
    -0.74264630512));
#1127 = CARTESIAN_POINT('',(23.895110020128,16.783214083017,
    -0.605237947812));
#1128 = CARTESIAN_POINT('',(23.854879172743,16.840116463567,
    -0.459022338437));
#1129 = CARTESIAN_POINT('',(23.828224389046,16.877684882415,
    -0.307551316618));
#1130 = CARTESIAN_POINT('',(23.814925455078,16.896429373364,
    -0.153689015548));
#1131 = CARTESIAN_POINT('',(23.814925455078,16.896429373364,
    -4.440892098501E-16));
#1132 = PCURVE('',#891,#1133);
#1133 = DEFINITIONAL_REPRESENTATION('',(#1134),#1179);
#1134 = B_SPLINE_CURVE_WITH_KNOTS('',7,(#1135,#1136,#1137,#1138,#1139,
    #1140,#1141,#1142,#1143,#1144,#1145,#1146,#1147,#1148,#1149,#1150,
    #1151,#1152,#1153,#1154,#1155,#1156,#1157,#1158,#1159,#1160,#1161,
    #1162,#1163,#1164,#1165,#1166,#1167,#1168,#1169,#1170,#1171,#1172,
    #1173,#1174,#1175,#1176,#1177,#1178),.UNSPECIFIED.,.T.,.F.,(8,6,6,6,
    6,6,6,8),(0.,0.150965795081,0.287158547916,0.424568370554,
    0.587458137068,0.713952254072,0.84002463778,1.),.UNSPECIFIED.);
#1135 = CARTESIAN_POINT('',(0.617066119987,2.2));
#1136 = CARTESIAN_POINT('',(0.617066119987,2.344306344273));
#1137 = CARTESIAN_POINT('',(0.616372196295,2.488709593909));
#1138 = CARTESIAN_POINT('',(0.614982570127,2.631102482227));
#1139 = CARTESIAN_POINT('',(0.612883079384,2.769167269236));
#1140 = CARTESIAN_POINT('',(0.610054833777,2.90007863509));
#1141 = CARTESIAN_POINT('',(0.606479888071,3.020230345752));
#1142 = CARTESIAN_POINT('',(0.598257433825,3.21878659272));
#1143 = CARTESIAN_POINT('',(0.593653627574,3.302432551595));
#1144 = CARTESIAN_POINT('',(0.588440414375,3.367127886395));
#1145 = CARTESIAN_POINT('',(0.58280288845,3.407074021367));
#1146 = CARTESIAN_POINT('',(0.576976594753,3.419212233342));
#1147 = CARTESIAN_POINT('',(0.571213322236,3.403345134108));
#1148 = CARTESIAN_POINT('',(0.56021443705,3.320887655956));
#1149 = CARTESIAN_POINT('',(0.555135862326,3.254983648054));
#1150 = CARTESIAN_POINT('',(0.550604574865,3.169270507351));
#1151 = CARTESIAN_POINT('',(0.546681270366,3.068029028256));
#1152 = CARTESIAN_POINT('',(0.543399533479,2.95533174649));
#1153 = CARTESIAN_POINT('',(0.540767262682,2.835070817954));
#1154 = CARTESIAN_POINT('',(0.536392342751,2.563780968316));
#1155 = CARTESIAN_POINT('',(0.534838105415,2.407023685626));
#1156 = CARTESIAN_POINT('',(0.534139630705,2.244922069783));
#1157 = CARTESIAN_POINT('',(0.534308105638,2.081570410897));
#1158 = CARTESIAN_POINT('',(0.535338479047,1.920797762271));
#1159 = CARTESIAN_POINT('',(0.537218722668,1.766249099812));
#1160 = CARTESIAN_POINT('',(0.542050153303,1.509796040477));
#1161 = CARTESIAN_POINT('',(0.544705896291,1.401843278591));
#1162 = CARTESIAN_POINT('',(0.547916222161,1.301190294607));
#1163 = CARTESIAN_POINT('',(0.551669171294,1.211083420477));
#1164 = CARTESIAN_POINT('',(0.55593176474,1.134838329709));
#1165 = CARTESIAN_POINT('',(0.560649511152,1.075850639549));
#1166 = CARTESIAN_POINT('',(0.570810208373,0.999676967862));
#1167 = CARTESIAN_POINT('',(0.576144399971,0.983148955078));
#1168 = CARTESIAN_POINT('',(0.581555684803,0.990658285193));
#1169 = CARTESIAN_POINT('',(0.58683609166,1.022323819078));
#1170 = CARTESIAN_POINT('',(0.591787215254,1.075948260946));
#1171 = CARTESIAN_POINT('',(0.596246442924,1.147098843289));
#1172 = CARTESIAN_POINT('',(0.605027419146,1.333333264195));
#1173 = CARTESIAN_POINT('',(0.609096630606,1.45735369488));
#1174 = CARTESIAN_POINT('',(0.612314938329,1.594762052188));
#1175 = CARTESIAN_POINT('',(0.614701508431,1.740977661563));
#1176 = CARTESIAN_POINT('',(0.616279031314,1.892448683382));
#1177 = CARTESIAN_POINT('',(0.617066119987,2.046310984452));
#1178 = CARTESIAN_POINT('',(0.617066119987,2.2));
#1179 = ( GEOMETRIC_REPRESENTATION_CONTEXT(2) 
PARAMETRIC_REPRESENTATION_CONTEXT() REPRESENTATION_CONTEXT('2D SPACE',''
  ) );
#1180 = PCURVE('',#1181,#1186);
#1181 = CYLINDRICAL_SURFACE('',#1182,1.2);
#1182 = AXIS2_PLACEMENT_3D('',#1183,#1184,#1185);
#1183 = CARTESIAN_POINT('',(15.263804336607,9.912430437273,0.));
#1184 = DIRECTION('',(-0.838670567945,-0.544639035015,-0.));
#1185 = DIRECTION('',(-0.544639035015,0.838670567945,0.));
#1186 = DEFINITIONAL_REPRESENTATION('',(#1187),#1232);
#1187 = B_SPLINE_CURVE_WITH_KNOTS('',7,(#1188,#1189,#1190,#1191,#1192,
    #1193,#1194,#1195,#1196,#1197,#1198,#1199,#1200,#1201,#1202,#1203,
    #1204,#1205,#1206,#1207,#1208,#1209,#1210,#1211,#1212,#1213,#1214,
    #1215,#1216,#1217,#1218,#1219,#1220,#1221,#1222,#1223,#1224,#1225,
    #1226,#1227,#1228,#1229,#1230,#1231),.UNSPECIFIED.,.F.,.F.,(8,6,6,6,
    6,6,6,8),(0.,0.150965795081,0.287158547916,0.424568370554,
    0.587458137068,0.713952254072,0.84002463778,1.),.UNSPECIFIED.);
#1188 = CARTESIAN_POINT('',(0.,-10.97533204609));
#1189 = CARTESIAN_POINT('',(-0.120255286894,-10.97533204609));
#1190 = CARTESIAN_POINT('',(-0.240590879574,-10.97616472082));
#1191 = CARTESIAN_POINT('',(-0.362094128666,-10.97783244659));
#1192 = CARTESIAN_POINT('',(-0.485682669346,-10.98026287843));
#1193 = CARTESIAN_POINT('',(-0.61236103705,-10.98330229752));
#1194 = CARTESIAN_POINT('',(-0.743177978121,-10.98667319875));
#1195 = CARTESIAN_POINT('',(-1.002759578126,-10.99296262626));
#1196 = CARTESIAN_POINT('',(-1.133488423069,-10.99596598742));
#1197 = CARTESIAN_POINT('',(-1.268628479424,-10.99858231116));
#1198 = CARTESIAN_POINT('',(-1.406400948417,-11.00031175157));
#1199 = CARTESIAN_POINT('',(-1.545462487458,-11.00080740728));
#1200 = CARTESIAN_POINT('',(-1.684585172404,-11.00010886043));
#1201 = CARTESIAN_POINT('',(-1.960891402263,-10.99682648661));
#1202 = CARTESIAN_POINT('',(-2.09423134253,-10.99427144295));
#1203 = CARTESIAN_POINT('',(-2.223126678703,-10.99114213717));
#1204 = CARTESIAN_POINT('',(-2.348106352835,-10.98783670708));
#1205 = CARTESIAN_POINT('',(-2.469508505025,-10.98470085601));
#1206 = CARTESIAN_POINT('',(-2.587442430507,-10.98197919957));
#1207 = CARTESIAN_POINT('',(-2.837296669594,-10.97722894448));
#1208 = CARTESIAN_POINT('',(-2.971583936388,-10.97534965707));
#1209 = CARTESIAN_POINT('',(-3.105109901728,-10.97444597858));
#1210 = CARTESIAN_POINT('',(-3.238394088291,-10.97466292906));
#1211 = CARTESIAN_POINT('',(-3.372088931031,-10.97597023159));
#1212 = CARTESIAN_POINT('',(-3.506972944772,-10.97819922624));
#1213 = CARTESIAN_POINT('',(-3.750849760556,-10.98327980416));
#1214 = CARTESIAN_POINT('',(-3.860797039504,-10.9859206496));
#1215 = CARTESIAN_POINT('',(-3.973894735672,-10.98885209677));
#1216 = CARTESIAN_POINT('',(-4.090166326946,-10.99186155612));
#1217 = CARTESIAN_POINT('',(-4.209819756953,-10.99466626049));
#1218 = CARTESIAN_POINT('',(-4.333223529398,-10.99695632485));
#1219 = CARTESIAN_POINT('',(-4.588473392845,-10.99998856002));
#1220 = CARTESIAN_POINT('',(-4.717619729847,-11.0007039761));
#1221 = CARTESIAN_POINT('',(-4.846985726905,-11.00040404708));
#1222 = CARTESIAN_POINT('',(-4.975421586714,-10.99903785083));
#1223 = CARTESIAN_POINT('',(-5.101718556323,-10.99684457683));
#1224 = CARTESIAN_POINT('',(-5.224337398122,-10.99420954651));
#1225 = CARTESIAN_POINT('',(-5.488371499267,-10.98801595252));
#1226 = CARTESIAN_POINT('',(-5.629190196328,-10.98432435739));
#1227 = CARTESIAN_POINT('',(-5.765064416383,-10.98091901432));
#1228 = CARTESIAN_POINT('',(-5.89723259599,-10.97816984433));
#1229 = CARTESIAN_POINT('',(-6.026893322048,-10.97627648913));
#1230 = CARTESIAN_POINT('',(-6.155111127556,-10.97533204609));
#1231 = CARTESIAN_POINT('',(-6.28318530718,-10.97533204609));
#1232 = ( GEOMETRIC_REPRESENTATION_CONTEXT(2) 
PARAMETRIC_REPRESENTATION_CONTEXT() REPRESENTATION_CONTEXT('2D SPACE',''
  ) );
#1233 = FACE_BOUND('',#1234,.T.);
#1234 = EDGE_LOOP('',(#1235));
#1235 = ORIENTED_EDGE('',*,*,#1236,.F.);
#1236 = EDGE_CURVE('',#1237,#1237,#1239,.T.);
#1237 = VERTEX_POINT('',#1238);
#1238 = CARTESIAN_POINT('',(25.122059139114,-14.88362001029,0.));
#1239 = SURFACE_CURVE('',#1240,(#1285,#1333),.PCURVE_S1.);
#1240 = B_SPLINE_CURVE_WITH_KNOTS('',7,(#1241,#1242,#1243,#1244,#1245,
    #1246,#1247,#1248,#1249,#1250,#1251,#1252,#1253,#1254,#1255,#1256,
    #1257,#1258,#1259,#1260,#1261,#1262,#1263,#1264,#1265,#1266,#1267,
    #1268,#1269,#1270,#1271,#1272,#1273,#1274,#1275,#1276,#1277,#1278,
    #1279,#1280,#1281,#1282,#1283,#1284),.UNSPECIFIED.,.T.,.F.,(8,6,6,6,
    6,6,6,8),(0.,0.150965788298,0.287158535013,0.424568356325,
    0.587458126782,0.713952246907,0.840024633773,1.),.UNSPECIFIED.);
#1241 = CARTESIAN_POINT('',(25.122059139114,-14.88362001029,
    -4.440892098501E-16));
#1242 = CARTESIAN_POINT('',(25.122059139114,-14.88362001029,
    0.144306344273));
#1243 = CARTESIAN_POINT('',(25.111731014578,-14.90105278353,
    0.288709593909));
#1244 = CARTESIAN_POINT('',(25.091048491893,-14.93596315095,
    0.431102482228));
#1245 = CARTESIAN_POINT('',(25.059723881968,-14.98866128383,
    0.569167269235));
#1246 = CARTESIAN_POINT('',(25.017324108457,-15.05953182145,
    0.70007863509));
#1247 = CARTESIAN_POINT('',(24.963325770019,-15.14887121004,
    0.820230345752));
#1248 = CARTESIAN_POINT('',(24.837879930655,-15.3535887453,1.01878659272
    ));
#1249 = CARTESIAN_POINT('',(24.767200026053,-15.46794066077,
    1.102432551595));
#1250 = CARTESIAN_POINT('',(24.686496652693,-15.59701673353,
    1.167127886395));
#1251 = CARTESIAN_POINT('',(24.598291653651,-15.73601590947,
    1.207074021367));
#1252 = CARTESIAN_POINT('',(24.506045688587,-15.87897230189,
    1.219212233342));
#1253 = CARTESIAN_POINT('',(24.413802984571,-16.01973102316,
    1.203345134108));
#1254 = CARTESIAN_POINT('',(24.236138957998,-16.28728293704,
    1.120887654495));
#1255 = CARTESIAN_POINT('',(24.153239222019,-16.4102460757,
    1.054983650316));
#1256 = CARTESIAN_POINT('',(24.078569649018,-16.51948148379,
    0.969270510513));
#1257 = CARTESIAN_POINT('',(24.013428440322,-16.61372111955,
    0.868029017038));
#1258 = CARTESIAN_POINT('',(23.958635150932,-16.69233771819,
    0.755331757585));
#1259 = CARTESIAN_POINT('',(23.914516550569,-16.75527722988,
    0.635070813752));
#1260 = CARTESIAN_POINT('',(23.841004407481,-16.85975416253,
    0.363780968315));
#1261 = CARTESIAN_POINT('',(23.81473153101,-16.89676032537,
    0.207023685625));
#1262 = CARTESIAN_POINT('',(23.802876464281,-16.91335630266,
    4.492206978183E-02));
#1263 = CARTESIAN_POINT('',(23.805735130227,-16.90935268123,
    -0.118429589102));
#1264 = CARTESIAN_POINT('',(23.82320247677,-16.8848556363,
    -0.279202237728));
#1265 = CARTESIAN_POINT('',(23.854949910928,-16.8400614838,
    -0.433750900188));
#1266 = CARTESIAN_POINT('',(23.935997464046,-16.72458753605,
    -0.690203959576));
#1267 = CARTESIAN_POINT('',(23.980423347744,-16.66102647366,
    -0.798156721401));
#1268 = CARTESIAN_POINT('',(24.033912521135,-16.58404273662,
    -0.898809705352));
#1269 = CARTESIAN_POINT('',(24.096099696227,-16.49380848798,
    -0.988916579505));
#1270 = CARTESIAN_POINT('',(24.166226402907,-16.39097248661,
    -1.06516167031));
#1271 = CARTESIAN_POINT('',(24.243166674816,-16.27669959544,
    -1.124149360465));
#1272 = CARTESIAN_POINT('',(24.40729152185,-16.02953691548,
    -1.200323032138));
#1273 = CARTESIAN_POINT('',(24.492724060337,-15.89929590275,
    -1.216851044922));
#1274 = CARTESIAN_POINT('',(24.578533495811,-15.76661026628,
    -1.209341714807));
#1275 = CARTESIAN_POINT('',(24.661364565754,-15.63655316026,
    -1.177676180922));
#1276 = CARTESIAN_POINT('',(24.738257683404,-15.51412111929,
    -1.124051739053));
#1277 = CARTESIAN_POINT('',(24.806950941076,-15.40350465613,
    -1.052901156711));
#1278 = CARTESIAN_POINT('',(24.941363711044,-15.18515521646,
    -0.866666735805));
#1279 = CARTESIAN_POINT('',(25.002952530331,-15.08353869318,
    -0.742646305121));
#1280 = CARTESIAN_POINT('',(25.051245825697,-15.0029210626,
    -0.605237947812));
#1281 = CARTESIAN_POINT('',(25.086865377164,-14.94302407147,
    -0.459022338437));
#1282 = CARTESIAN_POINT('',(25.110344358311,-14.90339326233,
    -0.307551316618));
#1283 = CARTESIAN_POINT('',(25.122059139114,-14.88362001029,
    -0.153689015548));
#1284 = CARTESIAN_POINT('',(25.122059139114,-14.88362001029,
    -4.440892098501E-16));
#1285 = PCURVE('',#891,#1286);
#1286 = DEFINITIONAL_REPRESENTATION('',(#1287),#1332);
#1287 = B_SPLINE_CURVE_WITH_KNOTS('',7,(#1288,#1289,#1290,#1291,#1292,
    #1293,#1294,#1295,#1296,#1297,#1298,#1299,#1300,#1301,#1302,#1303,
    #1304,#1305,#1306,#1307,#1308,#1309,#1310,#1311,#1312,#1313,#1314,
    #1315,#1316,#1317,#1318,#1319,#1320,#1321,#1322,#1323,#1324,#1325,
    #1326,#1327,#1328,#1329,#1330,#1331),.UNSPECIFIED.,.T.,.F.,(8,6,6,6,
    6,6,6,8),(0.,0.150965788298,0.287158535013,0.424568356325,
    0.587458126782,0.713952246907,0.840024633773,1.),.UNSPECIFIED.);
#1288 = CARTESIAN_POINT('',(5.74833412085,2.2));
#1289 = CARTESIAN_POINT('',(5.74833412085,2.344306344273));
#1290 = CARTESIAN_POINT('',(5.747640197158,2.488709593909));
#1291 = CARTESIAN_POINT('',(5.74625057099,2.631102482228));
#1292 = CARTESIAN_POINT('',(5.744151080248,2.769167269235));
#1293 = CARTESIAN_POINT('',(5.74132283464,2.90007863509));
#1294 = CARTESIAN_POINT('',(5.737747888934,3.020230345752));
#1295 = CARTESIAN_POINT('',(5.729525434689,3.21878659272));
#1296 = CARTESIAN_POINT('',(5.724921628437,3.302432551595));
#1297 = CARTESIAN_POINT('',(5.719708415239,3.367127886395));
#1298 = CARTESIAN_POINT('',(5.714070889314,3.407074021367));
#1299 = CARTESIAN_POINT('',(5.708244595616,3.419212233342));
#1300 = CARTESIAN_POINT('',(5.7024813231,3.403345134108));
#1301 = CARTESIAN_POINT('',(5.691482437718,3.320887654495));
#1302 = CARTESIAN_POINT('',(5.686403863666,3.254983650316));
#1303 = CARTESIAN_POINT('',(5.681872575296,3.169270510513));
#1304 = CARTESIAN_POINT('',(5.677949271304,3.068029017038));
#1305 = CARTESIAN_POINT('',(5.674667534467,2.955331757585));
#1306 = CARTESIAN_POINT('',(5.672035263478,2.835070813752));
#1307 = CARTESIAN_POINT('',(5.667660343614,2.563780968315));
#1308 = CARTESIAN_POINT('',(5.666106106279,2.407023685625));
#1309 = CARTESIAN_POINT('',(5.665407631569,2.244922069782));
#1310 = CARTESIAN_POINT('',(5.665576106502,2.081570410898));
#1311 = CARTESIAN_POINT('',(5.66660647991,1.920797762272));
#1312 = CARTESIAN_POINT('',(5.668486723531,1.766249099812));
#1313 = CARTESIAN_POINT('',(5.673318154167,1.509796040424));
#1314 = CARTESIAN_POINT('',(5.675973897155,1.401843278599));
#1315 = CARTESIAN_POINT('',(5.679184223023,1.301190294648));
#1316 = CARTESIAN_POINT('',(5.682937172156,1.211083420495));
#1317 = CARTESIAN_POINT('',(5.687199765603,1.13483832969));
#1318 = CARTESIAN_POINT('',(5.691917512017,1.075850639535));
#1319 = CARTESIAN_POINT('',(5.702078209236,0.999676967862));
#1320 = CARTESIAN_POINT('',(5.707412400834,0.983148955078));
#1321 = CARTESIAN_POINT('',(5.712823685666,0.990658285193));
#1322 = CARTESIAN_POINT('',(5.718104092524,1.022323819078));
#1323 = CARTESIAN_POINT('',(5.723055216118,1.075948260947));
#1324 = CARTESIAN_POINT('',(5.727514443788,1.147098843289));
#1325 = CARTESIAN_POINT('',(5.73629542001,1.333333264195));
#1326 = CARTESIAN_POINT('',(5.740364631469,1.457353694879));
#1327 = CARTESIAN_POINT('',(5.743582939192,1.594762052188));
#1328 = CARTESIAN_POINT('',(5.745969509294,1.740977661563));
#1329 = CARTESIAN_POINT('',(5.747547032177,1.892448683382));
#1330 = CARTESIAN_POINT('',(5.74833412085,2.046310984452));
#1331 = CARTESIAN_POINT('',(5.74833412085,2.2));
#1332 = ( GEOMETRIC_REPRESENTATION_CONTEXT(2) 
PARAMETRIC_REPRESENTATION_CONTEXT() REPRESENTATION_CONTEXT('2D SPACE',''
  ) );
#1333 = PCURVE('',#1334,#1339);
#1334 = CYLINDRICAL_SURFACE('',#1335,1.2);
#1335 = AXIS2_PLACEMENT_3D('',#1336,#1337,#1338);
#1336 = CARTESIAN_POINT('',(15.263804336607,-9.912430437273,0.));
#1337 = DIRECTION('',(-0.838670567945,0.544639035015,-0.));
#1338 = DIRECTION('',(0.544639035015,0.838670567945,0.));
#1339 = DEFINITIONAL_REPRESENTATION('',(#1340),#1385);
#1340 = B_SPLINE_CURVE_WITH_KNOTS('',7,(#1341,#1342,#1343,#1344,#1345,
    #1346,#1347,#1348,#1349,#1350,#1351,#1352,#1353,#1354,#1355,#1356,
    #1357,#1358,#1359,#1360,#1361,#1362,#1363,#1364,#1365,#1366,#1367,
    #1368,#1369,#1370,#1371,#1372,#1373,#1374,#1375,#1376,#1377,#1378,
    #1379,#1380,#1381,#1382,#1383,#1384),.UNSPECIFIED.,.F.,.F.,(8,6,6,6,
    6,6,6,8),(0.,0.150965788298,0.287158535013,0.424568356325,
    0.587458126782,0.713952246907,0.840024633773,1.),.UNSPECIFIED.);
#1341 = CARTESIAN_POINT('',(0.,-10.97533204609));
#1342 = CARTESIAN_POINT('',(-0.120255286894,-10.97533204609));
#1343 = CARTESIAN_POINT('',(-0.240590879574,-10.97616472082));
#1344 = CARTESIAN_POINT('',(-0.362094128666,-10.97783244659));
#1345 = CARTESIAN_POINT('',(-0.485682669345,-10.98026287843));
#1346 = CARTESIAN_POINT('',(-0.61236103705,-10.98330229752));
#1347 = CARTESIAN_POINT('',(-0.743177978121,-10.98667319875));
#1348 = CARTESIAN_POINT('',(-1.002759578126,-10.99296262626));
#1349 = CARTESIAN_POINT('',(-1.133488423069,-10.99596598742));
#1350 = CARTESIAN_POINT('',(-1.268628479424,-10.99858231116));
#1351 = CARTESIAN_POINT('',(-1.406400948417,-11.00031175157));
#1352 = CARTESIAN_POINT('',(-1.545462487458,-11.00080740728));
#1353 = CARTESIAN_POINT('',(-1.684585172404,-11.00010886043));
#1354 = CARTESIAN_POINT('',(-1.96089140716,-10.99682648656));
#1355 = CARTESIAN_POINT('',(-2.094231331421,-10.99427144308));
#1356 = CARTESIAN_POINT('',(-2.22312668582,-10.99114213713));
#1357 = CARTESIAN_POINT('',(-2.348106357602,-10.98783670692));
#1358 = CARTESIAN_POINT('',(-2.469508496124,-10.98470085621));
#1359 = CARTESIAN_POINT('',(-2.587442434378,-10.98197919949));
#1360 = CARTESIAN_POINT('',(-2.837296669594,-10.97722894448));
#1361 = CARTESIAN_POINT('',(-2.971583936388,-10.97534965707));
#1362 = CARTESIAN_POINT('',(-3.105109901729,-10.97444597858));
#1363 = CARTESIAN_POINT('',(-3.238394088291,-10.97466292906));
#1364 = CARTESIAN_POINT('',(-3.37208893103,-10.97597023159));
#1365 = CARTESIAN_POINT('',(-3.506972944771,-10.97819922624));
#1366 = CARTESIAN_POINT('',(-3.750849760606,-10.98327980417));
#1367 = CARTESIAN_POINT('',(-3.860797039503,-10.9859206496));
#1368 = CARTESIAN_POINT('',(-3.973894735632,-10.98885209677));
#1369 = CARTESIAN_POINT('',(-4.09016632691,-10.99186155612));
#1370 = CARTESIAN_POINT('',(-4.209819756962,-10.99466626049));
#1371 = CARTESIAN_POINT('',(-4.333223529446,-10.99695632485));
#1372 = CARTESIAN_POINT('',(-4.588473392846,-10.99998856002));
#1373 = CARTESIAN_POINT('',(-4.717619729846,-11.0007039761));
#1374 = CARTESIAN_POINT('',(-4.846985726905,-11.00040404708));
#1375 = CARTESIAN_POINT('',(-4.975421586714,-10.99903785083));
#1376 = CARTESIAN_POINT('',(-5.101718556323,-10.99684457683));
#1377 = CARTESIAN_POINT('',(-5.224337398122,-10.99420954651));
#1378 = CARTESIAN_POINT('',(-5.488371499267,-10.98801595252));
#1379 = CARTESIAN_POINT('',(-5.629190196328,-10.98432435739));
#1380 = CARTESIAN_POINT('',(-5.765064416383,-10.98091901432));
#1381 = CARTESIAN_POINT('',(-5.89723259599,-10.97816984433));
#1382 = CARTESIAN_POINT('',(-6.026893322049,-10.97627648913));
#1383 = CARTESIAN_POINT('',(-6.155111127556,-10.97533204609));
#1384 = CARTESIAN_POINT('',(-6.28318530718,-10.97533204609));
#1385 = ( GEOMETRIC_REPRESENTATION_CONTEXT(2) 
PARAMETRIC_REPRESENTATION_CONTEXT() REPRESENTATION_CONTEXT('2D SPACE',''
  ) );
#1386 = ADVANCED_FACE('',(#1387,#1441,#1589),#928,.F.);
#1387 = FACE_BOUND('',#1388,.T.);
#1388 = EDGE_LOOP('',(#1389,#1412,#1439,#1440));
#1389 = ORIENTED_EDGE('',*,*,#1390,.F.);
#1390 = EDGE_CURVE('',#1391,#908,#1393,.T.);
#1391 = VERTEX_POINT('',#1392);
#1392 = CARTESIAN_POINT('',(23.2,0.,7.));
#1393 = SEAM_CURVE('',#1394,(#1398,#1405),.PCURVE_S1.);
#1394 = LINE('',#1395,#1396);
#1395 = CARTESIAN_POINT('',(23.2,0.,7.));
#1396 = VECTOR('',#1397,1.);
#1397 = DIRECTION('',(0.,0.,-1.));
#1398 = PCURVE('',#928,#1399);
#1399 = DEFINITIONAL_REPRESENTATION('',(#1400),#1404);
#1400 = LINE('',#1401,#1402);
#1401 = CARTESIAN_POINT('',(-0.,0.));
#1402 = VECTOR('',#1403,1.);
#1403 = DIRECTION('',(-0.,1.));
#1404 = ( GEOMETRIC_REPRESENTATION_CONTEXT(2) 
PARAMETRIC_REPRESENTATION_CONTEXT() REPRESENTATION_CONTEXT('2D SPACE',''
  ) );
#1405 = PCURVE('',#928,#1406);
#1406 = DEFINITIONAL_REPRESENTATION('',(#1407),#1411);
#1407 = LINE('',#1408,#1409);
#1408 = CARTESIAN_POINT('',(-6.28318530718,0.));
#1409 = VECTOR('',#1410,1.);
#1410 = DIRECTION('',(-0.,1.));
#1411 = ( GEOMETRIC_REPRESENTATION_CONTEXT(2) 
PARAMETRIC_REPRESENTATION_CONTEXT() REPRESENTATION_CONTEXT('2D SPACE',''
  ) );
#1412 = ORIENTED_EDGE('',*,*,#1413,.T.);
#1413 = EDGE_CURVE('',#1391,#1391,#1414,.T.);
#1414 = SURFACE_CURVE('',#1415,(#1420,#1427),.PCURVE_S1.);
#1415 = CIRCLE('',#1416,23.2);
#1416 = AXIS2_PLACEMENT_3D('',#1417,#1418,#1419);
#1417 = CARTESIAN_POINT('',(0.,0.,7.));
#1418 = DIRECTION('',(0.,0.,1.));
#1419 = DIRECTION('',(1.,0.,-0.));
#1420 = PCURVE('',#928,#1421);
#1421 = DEFINITIONAL_REPRESENTATION('',(#1422),#1426);
#1422 = LINE('',#1423,#1424);
#1423 = CARTESIAN_POINT('',(-0.,0.));
#1424 = VECTOR('',#1425,1.);
#1425 = DIRECTION('',(-1.,0.));
#1426 = ( GEOMETRIC_REPRESENTATION_CONTEXT(2) 
PARAMETRIC_REPRESENTATION_CONTEXT() REPRESENTATION_CONTEXT('2D SPACE',''
  ) );
#1427 = PCURVE('',#1428,#1433);
#1428 = PLANE('',#1429);
#1429 = AXIS2_PLACEMENT_3D('',#1430,#1431,#1432);
#1430 = CARTESIAN_POINT('',(0.,0.,7.));
#1431 = DIRECTION('',(0.,0.,1.));
#1432 = DIRECTION('',(1.,0.,-0.));
#1433 = DEFINITIONAL_REPRESENTATION('',(#1434),#1438);
#1434 = CIRCLE('',#1435,23.2);
#1435 = AXIS2_PLACEMENT_2D('',#1436,#1437);
#1436 = CARTESIAN_POINT('',(0.,0.));
#1437 = DIRECTION('',(1.,0.));
#1438 = ( GEOMETRIC_REPRESENTATION_CONTEXT(2) 
PARAMETRIC_REPRESENTATION_CONTEXT() REPRESENTATION_CONTEXT('2D SPACE',''
  ) );
#1439 = ORIENTED_EDGE('',*,*,#1390,.T.);
#1440 = ORIENTED_EDGE('',*,*,#907,.T.);
#1441 = FACE_BOUND('',#1442,.T.);
#1442 = EDGE_LOOP('',(#1443));
#1443 = ORIENTED_EDGE('',*,*,#1444,.T.);
#1444 = EDGE_CURVE('',#1445,#1445,#1447,.T.);
#1445 = VERTEX_POINT('',#1446);
#1446 = CARTESIAN_POINT('',(20.084678879201,-11.61230701968,0.));
#1447 = SURFACE_CURVE('',#1448,(#1493,#1541),.PCURVE_S1.);
#1448 = B_SPLINE_CURVE_WITH_KNOTS('',7,(#1449,#1450,#1451,#1452,#1453,
    #1454,#1455,#1456,#1457,#1458,#1459,#1460,#1461,#1462,#1463,#1464,
    #1465,#1466,#1467,#1468,#1469,#1470,#1471,#1472,#1473,#1474,#1475,
    #1476,#1477,#1478,#1479,#1480,#1481,#1482,#1483,#1484,#1485,#1486,
    #1487,#1488,#1489,#1490,#1491,#1492),.UNSPECIFIED.,.T.,.F.,(8,6,6,6,
    6,6,6,8),(0.,0.150961119412,0.28716424045,0.424576678745,
    0.587447318521,0.713946416463,0.840028903776,1.),.UNSPECIFIED.);
#1449 = CARTESIAN_POINT('',(20.084678879201,-11.61230701968,
    2.22044604925E-16));
#1450 = CARTESIAN_POINT('',(20.084678879201,-11.61230701968,
    0.144319881847));
#1451 = CARTESIAN_POINT('',(20.074529889539,-11.62986065697,
    0.288735592751));
#1452 = CARTESIAN_POINT('',(20.054206429734,-11.6650126036,
    0.431136167667));
#1453 = CARTESIAN_POINT('',(20.023406442432,-11.71806018001,
    0.56920134355));
#1454 = CARTESIAN_POINT('',(19.981665302157,-11.78936245347,
    0.700105417777));
#1455 = CARTESIAN_POINT('',(19.928401415914,-11.87917301913,
    0.820244163519));
#1456 = CARTESIAN_POINT('',(19.804331192635,-12.08476054248,
    1.018784211834));
#1457 = CARTESIAN_POINT('',(19.734303137674,-12.19953581293,
    1.102431596726));
#1458 = CARTESIAN_POINT('',(19.654167056223,-12.32898099041,
    1.167127182431));
#1459 = CARTESIAN_POINT('',(19.566337560926,-12.46822280725,
    1.207072978352));
#1460 = CARTESIAN_POINT('',(19.474199831272,-12.61124805803,
    1.219212192169));
#1461 = CARTESIAN_POINT('',(19.381805148515,-12.75190927199,
    1.203346027203));
#1462 = CARTESIAN_POINT('',(19.203430313687,-13.01899692747,
    1.120889119113));
#1463 = CARTESIAN_POINT('',(19.119979876,-13.1415948083,1.054988726923)
  );
#1464 = CARTESIAN_POINT('',(19.044633837924,-13.25038559875,
    0.969281251412));
#1465 = CARTESIAN_POINT('',(18.978775456052,-13.34415868568,
    0.86804536428));
#1466 = CARTESIAN_POINT('',(18.923299018286,-13.42233587793,
    0.755350635963));
#1467 = CARTESIAN_POINT('',(18.878585144949,-13.48489686281,
    0.635085559206));
#1468 = CARTESIAN_POINT('',(18.804037318928,-13.58870802553,
    0.363783575779));
#1469 = CARTESIAN_POINT('',(18.77735520903,-13.62544977967,
    0.207026015097));
#1470 = CARTESIAN_POINT('',(18.765302895258,-13.64191903065,
    4.492143587707E-02));
#1471 = CARTESIAN_POINT('',(18.768208876485,-13.63794586796,
    -0.118434948437));
#1472 = CARTESIAN_POINT('',(18.785962077596,-13.61363140781,
    -0.279211440627));
#1473 = CARTESIAN_POINT('',(18.81819559122,-13.56914974529,
    -0.433758891286));
#1474 = CARTESIAN_POINT('',(18.90034822762,-13.4543912305,
    -0.690215332033));
#1475 = CARTESIAN_POINT('',(18.945350884806,-13.39119843164,
    -0.798171000283));
#1476 = CARTESIAN_POINT('',(18.999478013247,-13.31462621859,
    -0.898821757181));
#1477 = CARTESIAN_POINT('',(19.062317783537,-13.22481715532,
    -0.988924209218));
#1478 = CARTESIAN_POINT('',(19.133050807132,-13.12237963592,
    -1.065165090337));
#1479 = CARTESIAN_POINT('',(19.210485088961,-13.00843353499,
    -1.124150313199));
#1480 = CARTESIAN_POINT('',(19.375266955719,-12.7616991652,
    -1.200323632464));
#1481 = CARTESIAN_POINT('',(19.460855272624,-12.63155788325,
    -1.216851212748));
#1482 = CARTESIAN_POINT('',(19.546599528049,-12.49883006007,
    -1.209341105073));
#1483 = CARTESIAN_POINT('',(19.629134277559,-12.36858072006,
    -1.17767542602));
#1484 = CARTESIAN_POINT('',(19.705551911458,-12.24583920537,
    -1.124050392238));
#1485 = CARTESIAN_POINT('',(19.773673118414,-12.13485169522,
    -1.052898643713));
#1486 = CARTESIAN_POINT('',(19.906729376085,-11.91564893844,
    -0.866681047789));
#1487 = CARTESIAN_POINT('',(19.967513622117,-11.81351716319,
    -0.742675393009));
#1488 = CARTESIAN_POINT('',(20.015069050604,-11.73241595493,
    -0.605276031303));
#1489 = CARTESIAN_POINT('',(20.050095394947,-11.67212336816,
    -0.459060814993));
#1490 = CARTESIAN_POINT('',(20.073167039625,-11.63221777235,
    -0.30758156118));
#1491 = CARTESIAN_POINT('',(20.084678879201,-11.61230701968,
    -0.153705022632));
#1492 = CARTESIAN_POINT('',(20.084678879201,-11.61230701968,
    2.22044604925E-16));
#1493 = PCURVE('',#928,#1494);
#1494 = DEFINITIONAL_REPRESENTATION('',(#1495),#1540);
#1495 = B_SPLINE_CURVE_WITH_KNOTS('',7,(#1496,#1497,#1498,#1499,#1500,
    #1501,#1502,#1503,#1504,#1505,#1506,#1507,#1508,#1509,#1510,#1511,
    #1512,#1513,#1514,#1515,#1516,#1517,#1518,#1519,#1520,#1521,#1522,
    #1523,#1524,#1525,#1526,#1527,#1528,#1529,#1530,#1531,#1532,#1533,
    #1534,#1535,#1536,#1537,#1538,#1539),.UNSPECIFIED.,.T.,.F.,(8,6,6,6,
    6,6,6,8),(0.,0.150961119412,0.28716424045,0.424576678745,
    0.587447318521,0.713946416463,0.840028903776,1.),.UNSPECIFIED.);
#1496 = CARTESIAN_POINT('',(-5.75897388344,7.));
#1497 = CARTESIAN_POINT('',(-5.75897388344,6.855680118153));
#1498 = CARTESIAN_POINT('',(-5.758099900788,6.711264407249));
#1499 = CARTESIAN_POINT('',(-5.756349719685,6.568863832333));
#1500 = CARTESIAN_POINT('',(-5.753705725952,6.430798656451));
#1501 = CARTESIAN_POINT('',(-5.750144501581,6.299894582222));
#1502 = CARTESIAN_POINT('',(-5.74564388722,6.179755836481));
#1503 = CARTESIAN_POINT('',(-5.735293704513,5.981215788166));
#1504 = CARTESIAN_POINT('',(-5.729498438034,5.897568403274));
#1505 = CARTESIAN_POINT('',(-5.722936468496,5.832872817569));
#1506 = CARTESIAN_POINT('',(-5.715840971595,5.792927021648));
#1507 = CARTESIAN_POINT('',(-5.708508087942,5.780787807831));
#1508 = CARTESIAN_POINT('',(-5.701254311715,5.796653972797));
#1509 = CARTESIAN_POINT('',(-5.687410560589,5.879110880887));
#1510 = CARTESIAN_POINT('',(-5.681018375555,5.945011273077));
#1511 = CARTESIAN_POINT('',(-5.675314560093,6.030718748588));
#1512 = CARTESIAN_POINT('',(-5.670375478516,6.131954635721));
#1513 = CARTESIAN_POINT('',(-5.666243584898,6.244649364037));
#1514 = CARTESIAN_POINT('',(-5.662929050549,6.364914440794));
#1515 = CARTESIAN_POINT('',(-5.657420211333,6.636216424221));
#1516 = CARTESIAN_POINT('',(-5.655462995556,6.792973984903));
#1517 = CARTESIAN_POINT('',(-5.654583322216,6.955078564123));
#1518 = CARTESIAN_POINT('',(-5.654795499286,7.118434948436));
#1519 = CARTESIAN_POINT('',(-5.656093179656,7.279211440627));
#1520 = CARTESIAN_POINT('',(-5.658460935101,7.433758891286));
#1521 = CARTESIAN_POINT('',(-5.664544261502,7.690215332033));
#1522 = CARTESIAN_POINT('',(-5.667888192699,7.798171000283));
#1523 = CARTESIAN_POINT('',(-5.671930015303,7.898821757181));
#1524 = CARTESIAN_POINT('',(-5.67665450575,7.988924209218));
#1525 = CARTESIAN_POINT('',(-5.682020039525,8.065165090337));
#1526 = CARTESIAN_POINT('',(-5.68795808487,8.124150313199));
#1527 = CARTESIAN_POINT('',(-5.700746879633,8.200323632464));
#1528 = CARTESIAN_POINT('',(-5.707460635025,8.216851212748));
#1529 = CARTESIAN_POINT('',(-5.714271254348,8.209341105073));
#1530 = CARTESIAN_POINT('',(-5.720917270916,8.17767542602));
#1531 = CARTESIAN_POINT('',(-5.727149226489,8.124050392238));
#1532 = CARTESIAN_POINT('',(-5.732762332539,8.052898643713));
#1533 = CARTESIAN_POINT('',(-5.74381513726,7.866681047789));
#1534 = CARTESIAN_POINT('',(-5.74893784243,7.742675393009));
#1535 = CARTESIAN_POINT('',(-5.752990156209,7.605276031303));
#1536 = CARTESIAN_POINT('',(-5.755995684991,7.459060814993));
#1537 = CARTESIAN_POINT('',(-5.75798254081,7.30758156118));
#1538 = CARTESIAN_POINT('',(-5.75897388344,7.153705022632));
#1539 = CARTESIAN_POINT('',(-5.75897388344,7.));
#1540 = ( GEOMETRIC_REPRESENTATION_CONTEXT(2) 
PARAMETRIC_REPRESENTATION_CONTEXT() REPRESENTATION_CONTEXT('2D SPACE',''
  ) );
#1541 = PCURVE('',#1334,#1542);
#1542 = DEFINITIONAL_REPRESENTATION('',(#1543),#1588);
#1543 = B_SPLINE_CURVE_WITH_KNOTS('',7,(#1544,#1545,#1546,#1547,#1548,
    #1549,#1550,#1551,#1552,#1553,#1554,#1555,#1556,#1557,#1558,#1559,
    #1560,#1561,#1562,#1563,#1564,#1565,#1566,#1567,#1568,#1569,#1570,
    #1571,#1572,#1573,#1574,#1575,#1576,#1577,#1578,#1579,#1580,#1581,
    #1582,#1583,#1584,#1585,#1586,#1587),.UNSPECIFIED.,.F.,.F.,(8,6,6,6,
    6,6,6,8),(0.,0.150961119412,0.28716424045,0.424576678745,
    0.587447318521,0.713946416463,0.840028903776,1.),.UNSPECIFIED.);
#1544 = CARTESIAN_POINT('',(0.,-4.968944732119));
#1545 = CARTESIAN_POINT('',(-0.120266568206,-4.968944732119));
#1546 = CARTESIAN_POINT('',(-0.240612547264,-4.969993469273));
#1547 = CARTESIAN_POINT('',(-0.362122992107,-4.972093903986));
#1548 = CARTESIAN_POINT('',(-0.485714086463,-4.975154641969));
#1549 = CARTESIAN_POINT('',(-0.612389103219,-4.978981577559));
#1550 = CARTESIAN_POINT('',(-0.743196042715,-4.983225063647));
#1551 = CARTESIAN_POINT('',(-1.002756465485,-4.991142009354));
#1552 = CARTESIAN_POINT('',(-1.133486093906,-4.994922633267));
#1553 = CARTESIAN_POINT('',(-1.268626401013,-4.998215756877));
#1554 = CARTESIAN_POINT('',(-1.40639821788,-5.000392272931));
#1555 = CARTESIAN_POINT('',(-1.545458889458,-5.001016205438));
#1556 = CARTESIAN_POINT('',(-1.684582179736,-5.000137092209));
#1557 = CARTESIAN_POINT('',(-1.96088649938,-4.996005731122));
#1558 = CARTESIAN_POINT('',(-2.094220512387,-4.992789896666));
#1559 = CARTESIAN_POINT('',(-2.223110625662,-4.988851103246));
#1560 = CARTESIAN_POINT('',(-2.348087040854,-4.984690100294));
#1561 = CARTESIAN_POINT('',(-2.469489405433,-4.980741995274));
#1562 = CARTESIAN_POINT('',(-2.587428854016,-4.977314940163));
#1563 = CARTESIAN_POINT('',(-2.837294268156,-4.971333484062));
#1564 = CARTESIAN_POINT('',(-2.971582147009,-4.968966977318));
#1565 = CARTESIAN_POINT('',(-3.105110537253,-4.967828853443));
#1566 = CARTESIAN_POINT('',(-3.238398370405,-4.968102074874));
#1567 = CARTESIAN_POINT('',(-3.37209634614,-4.969748558021));
#1568 = CARTESIAN_POINT('',(-3.506980543993,-4.972555407448));
#1569 = CARTESIAN_POINT('',(-3.750860575367,-4.978952438923));
#1570 = CARTESIAN_POINT('',(-3.860812096392,-4.982277577993));
#1571 = CARTESIAN_POINT('',(-3.973909704082,-4.985968191317));
#1572 = CARTESIAN_POINT('',(-4.090178413111,-4.989756535601));
#1573 = CARTESIAN_POINT('',(-4.209827505818,-4.993286768959));
#1574 = CARTESIAN_POINT('',(-4.333226721954,-4.996169127624));
#1575 = CARTESIAN_POINT('',(-4.588475404473,-4.999985660336));
#1576 = CARTESIAN_POINT('',(-4.717622618279,-5.000886040468));
#1577 = CARTESIAN_POINT('',(-4.8469885372,-5.000508470325));
#1578 = CARTESIAN_POINT('',(-4.975424401862,-4.998789060717));
#1579 = CARTESIAN_POINT('',(-5.101721797515,-4.996028461023));
#1580 = CARTESIAN_POINT('',(-5.224340960929,-4.992711581923));
#1581 = CARTESIAN_POINT('',(-5.488351208431,-4.984915571189));
#1582 = CARTESIAN_POINT('',(-5.629158569946,-4.980268577814));
#1583 = CARTESIAN_POINT('',(-5.765028719607,-4.97598103223));
#1584 = CARTESIAN_POINT('',(-5.897199472578,-4.972518900052));
#1585 = CARTESIAN_POINT('',(-6.026868114762,-4.970134264203));
#1586 = CARTESIAN_POINT('',(-6.155097788319,-4.968944732119));
#1587 = CARTESIAN_POINT('',(-6.28318530718,-4.968944732119));
#1588 = ( GEOMETRIC_REPRESENTATION_CONTEXT(2) 
PARAMETRIC_REPRESENTATION_CONTEXT() REPRESENTATION_CONTEXT('2D SPACE',''
  ) );
#1589 = FACE_BOUND('',#1590,.T.);
#1590 = EDGE_LOOP('',(#1591));
#1591 = ORIENTED_EDGE('',*,*,#1592,.T.);
#1592 = EDGE_CURVE('',#1593,#1593,#1595,.T.);
#1593 = VERTEX_POINT('',#1594);
#1594 = CARTESIAN_POINT('',(18.777545195165,13.625116382752,0.));
#1595 = SURFACE_CURVE('',#1596,(#1641,#1689),.PCURVE_S1.);
#1596 = B_SPLINE_CURVE_WITH_KNOTS('',7,(#1597,#1598,#1599,#1600,#1601,
    #1602,#1603,#1604,#1605,#1606,#1607,#1608,#1609,#1610,#1611,#1612,
    #1613,#1614,#1615,#1616,#1617,#1618,#1619,#1620,#1621,#1622,#1623,
    #1624,#1625,#1626,#1627,#1628,#1629,#1630,#1631,#1632,#1633,#1634,
    #1635,#1636,#1637,#1638,#1639,#1640),.UNSPECIFIED.,.T.,.F.,(8,6,6,6,
    6,6,6,8),(0.,0.150961119431,0.287164240486,0.424576678798,
    0.587447318595,0.713946416528,0.840028903812,1.),.UNSPECIFIED.);
#1597 = CARTESIAN_POINT('',(18.777545195165,13.625116382752,
    2.22044604925E-16));
#1598 = CARTESIAN_POINT('',(18.777545195165,13.625116382752,
    0.144319881847));
#1599 = CARTESIAN_POINT('',(18.789453274795,13.60870511184,
    0.288735592751));
#1600 = CARTESIAN_POINT('',(18.813299880148,13.575841122683,
    0.431136167667));
#1601 = CARTESIAN_POINT('',(18.849233769174,13.526127541035,
    0.569201343549));
#1602 = CARTESIAN_POINT('',(18.897393985939,13.45899386459,
    0.700105417778));
#1603 = CARTESIAN_POINT('',(18.957775645956,13.373805635268,
    0.820244163519));
#1604 = CARTESIAN_POINT('',(19.09512528794,13.176841867256,
    1.018784211834));
#1605 = CARTESIAN_POINT('',(19.17149473891,13.06618474753,1.102431596726
    ));
#1606 = CARTESIAN_POINT('',(19.257154512058,12.940326697374,
    1.167127182431));
#1607 = CARTESIAN_POINT('',(19.348634767267,12.803455711739,
    1.207072978352));
#1608 = CARTESIAN_POINT('',(19.44181904458,12.661110096962,
    1.219212192169));
#1609 = CARTESIAN_POINT('',(19.532739154554,12.519491284243,
    1.203346027203));
#1610 = CARTESIAN_POINT('',(19.704184287484,12.247903427731,
    1.120889119113));
#1611 = CARTESIAN_POINT('',(19.782240673751,12.121802608943,
    1.054988726923));
#1612 = CARTESIAN_POINT('',(19.850980011598,12.008721377206,
    0.969281251412));
#1613 = CARTESIAN_POINT('',(19.909858972053,11.910415801008,
    0.868045364279));
#1614 = CARTESIAN_POINT('',(19.95871309086,11.82793802454,0.755350635963
    ));
#1615 = CARTESIAN_POINT('',(19.997678623684,11.761644023681,
    0.635085559206));
#1616 = CARTESIAN_POINT('',(20.062193507334,11.651317392004,
    0.363783575778));
#1617 = CARTESIAN_POINT('',(20.084906178122,11.611997853969,
    0.207026015095));
#1618 = CARTESIAN_POINT('',(20.095049469901,11.59428886961,
    4.492143587689E-02));
#1619 = CARTESIAN_POINT('',(20.092601774218,11.598559646417,
    -0.118434948437));
#1620 = CARTESIAN_POINT('',(20.077610287021,11.624667584547,
    -0.279211440625));
#1621 = CARTESIAN_POINT('',(20.050084817403,11.672206686594,
    -0.433758891284));
#1622 = CARTESIAN_POINT('',(19.978662185048,11.79393334747,
    -0.690215332012));
#1623 = CARTESIAN_POINT('',(19.939236920404,11.860748147406,
    -0.798171000286));
#1624 = CARTESIAN_POINT('',(19.891300209499,11.941340464634,
    -0.898821757198));
#1625 = CARTESIAN_POINT('',(19.834814784912,12.035276088257,
    -0.988924209225));
#1626 = CARTESIAN_POINT('',(19.770003166956,12.141559013415,
    -1.065165090329));
#1627 = CARTESIAN_POINT('',(19.697403583896,12.258644804413,
    -1.124150313193));
#1628 = CARTESIAN_POINT('',(19.53902334444,12.509536439612,
    -1.200323632464));
#1629 = CARTESIAN_POINT('',(19.454945272169,12.640658485893,
    -1.216851212748));
#1630 = CARTESIAN_POINT('',(19.368567702812,12.772975030199,
    -1.209341105073));
#1631 = CARTESIAN_POINT('',(19.283148916836,12.901351455032,
    -1.17767542602));
#1632 = CARTESIAN_POINT('',(19.202100815511,13.021085909014,
    -1.124050392238));
#1633 = CARTESIAN_POINT('',(19.128416070798,13.128460415499,
    -1.052898643713));
#1634 = CARTESIAN_POINT('',(18.982283243627,13.33917114875,
    -0.866681047789));
#1635 = CARTESIAN_POINT('',(18.913704404448,13.436241056026,
    -0.742675393009));
#1636 = CARTESIAN_POINT('',(18.858957299381,13.512671934902,
    -0.605276031302));
#1637 = CARTESIAN_POINT('',(18.818123778317,13.569193297023,
    -0.459060814993));
#1638 = CARTESIAN_POINT('',(18.791052285837,13.606501361299,
    -0.30758156118));
#1639 = CARTESIAN_POINT('',(18.777545195165,13.625116382752,
    -0.153705022632));
#1640 = CARTESIAN_POINT('',(18.777545195165,13.625116382752,
    2.22044604925E-16));
#1641 = PCURVE('',#928,#1642);
#1642 = DEFINITIONAL_REPRESENTATION('',(#1643),#1688);
#1643 = B_SPLINE_CURVE_WITH_KNOTS('',7,(#1644,#1645,#1646,#1647,#1648,
    #1649,#1650,#1651,#1652,#1653,#1654,#1655,#1656,#1657,#1658,#1659,
    #1660,#1661,#1662,#1663,#1664,#1665,#1666,#1667,#1668,#1669,#1670,
    #1671,#1672,#1673,#1674,#1675,#1676,#1677,#1678,#1679,#1680,#1681,
    #1682,#1683,#1684,#1685,#1686,#1687),.UNSPECIFIED.,.T.,.F.,(8,6,6,6,
    6,6,6,8),(0.,0.150961119431,0.287164240486,0.424576678798,
    0.587447318595,0.713946416528,0.840028903812,1.),.UNSPECIFIED.);
#1644 = CARTESIAN_POINT('',(-0.627705882577,7.));
#1645 = CARTESIAN_POINT('',(-0.627705882577,6.855680118153));
#1646 = CARTESIAN_POINT('',(-0.626831899925,6.711264407249));
#1647 = CARTESIAN_POINT('',(-0.625081718822,6.568863832333));
#1648 = CARTESIAN_POINT('',(-0.622437725088,6.430798656451));
#1649 = CARTESIAN_POINT('',(-0.618876500718,6.299894582222));
#1650 = CARTESIAN_POINT('',(-0.614375886357,6.179755836481));
#1651 = CARTESIAN_POINT('',(-0.60402570365,5.981215788166));
#1652 = CARTESIAN_POINT('',(-0.598230437171,5.897568403274));
#1653 = CARTESIAN_POINT('',(-0.591668467633,5.832872817569));
#1654 = CARTESIAN_POINT('',(-0.584572970731,5.792927021648));
#1655 = CARTESIAN_POINT('',(-0.577240087079,5.780787807831));
#1656 = CARTESIAN_POINT('',(-0.569986310852,5.796653972797));
#1657 = CARTESIAN_POINT('',(-0.556142559726,5.879110880887));
#1658 = CARTESIAN_POINT('',(-0.549750374692,5.945011273077));
#1659 = CARTESIAN_POINT('',(-0.54404655923,6.030718748588));
#1660 = CARTESIAN_POINT('',(-0.539107477653,6.131954635721));
#1661 = CARTESIAN_POINT('',(-0.534975584035,6.244649364037));
#1662 = CARTESIAN_POINT('',(-0.531661049685,6.364914440794));
#1663 = CARTESIAN_POINT('',(-0.526152210469,6.636216424222));
#1664 = CARTESIAN_POINT('',(-0.524194994693,6.792973984905));
#1665 = CARTESIAN_POINT('',(-0.523315321353,6.955078564123));
#1666 = CARTESIAN_POINT('',(-0.523527498423,7.118434948437));
#1667 = CARTESIAN_POINT('',(-0.524825178793,7.279211440625));
#1668 = CARTESIAN_POINT('',(-0.527192934238,7.433758891284));
#1669 = CARTESIAN_POINT('',(-0.533276260639,7.690215332012));
#1670 = CARTESIAN_POINT('',(-0.536620191835,7.798171000286));
#1671 = CARTESIAN_POINT('',(-0.54066201444,7.898821757198));
#1672 = CARTESIAN_POINT('',(-0.545386504888,7.988924209225));
#1673 = CARTESIAN_POINT('',(-0.550752038661,8.065165090329));
#1674 = CARTESIAN_POINT('',(-0.556690084005,8.124150313193));
#1675 = CARTESIAN_POINT('',(-0.56947887877,8.200323632464));
#1676 = CARTESIAN_POINT('',(-0.576192634161,8.216851212748));
#1677 = CARTESIAN_POINT('',(-0.583003253485,8.209341105073));
#1678 = CARTESIAN_POINT('',(-0.589649270053,8.17767542602));
#1679 = CARTESIAN_POINT('',(-0.595881225625,8.124050392238));
#1680 = CARTESIAN_POINT('',(-0.601494331675,8.052898643713));
#1681 = CARTESIAN_POINT('',(-0.612547136396,7.866681047789));
#1682 = CARTESIAN_POINT('',(-0.617669841567,7.742675393009));
#1683 = CARTESIAN_POINT('',(-0.621722155346,7.605276031302));
#1684 = CARTESIAN_POINT('',(-0.624727684128,7.459060814993));
#1685 = CARTESIAN_POINT('',(-0.626714539947,7.30758156118));
#1686 = CARTESIAN_POINT('',(-0.627705882577,7.153705022632));
#1687 = CARTESIAN_POINT('',(-0.627705882577,7.));
#1688 = ( GEOMETRIC_REPRESENTATION_CONTEXT(2) 
PARAMETRIC_REPRESENTATION_CONTEXT() REPRESENTATION_CONTEXT('2D SPACE',''
  ) );
#1689 = PCURVE('',#1181,#1690);
#1690 = DEFINITIONAL_REPRESENTATION('',(#1691),#1736);
#1691 = B_SPLINE_CURVE_WITH_KNOTS('',7,(#1692,#1693,#1694,#1695,#1696,
    #1697,#1698,#1699,#1700,#1701,#1702,#1703,#1704,#1705,#1706,#1707,
    #1708,#1709,#1710,#1711,#1712,#1713,#1714,#1715,#1716,#1717,#1718,
    #1719,#1720,#1721,#1722,#1723,#1724,#1725,#1726,#1727,#1728,#1729,
    #1730,#1731,#1732,#1733,#1734,#1735),.UNSPECIFIED.,.F.,.F.,(8,6,6,6,
    6,6,6,8),(0.,0.150961119431,0.287164240486,0.424576678798,
    0.587447318595,0.713946416528,0.840028903812,1.),.UNSPECIFIED.);
#1692 = CARTESIAN_POINT('',(0.,-4.968944732119));
#1693 = CARTESIAN_POINT('',(-0.120266568206,-4.968944732119));
#1694 = CARTESIAN_POINT('',(-0.240612547264,-4.969993469273));
#1695 = CARTESIAN_POINT('',(-0.362122992107,-4.972093903986));
#1696 = CARTESIAN_POINT('',(-0.485714086463,-4.975154641968));
#1697 = CARTESIAN_POINT('',(-0.612389103219,-4.978981577559));
#1698 = CARTESIAN_POINT('',(-0.743196042715,-4.983225063647));
#1699 = CARTESIAN_POINT('',(-1.002756465485,-4.991142009354));
#1700 = CARTESIAN_POINT('',(-1.133486093906,-4.994922633267));
#1701 = CARTESIAN_POINT('',(-1.268626401013,-4.998215756877));
#1702 = CARTESIAN_POINT('',(-1.40639821788,-5.000392272931));
#1703 = CARTESIAN_POINT('',(-1.545458889458,-5.001016205438));
#1704 = CARTESIAN_POINT('',(-1.684582179736,-5.000137092209));
#1705 = CARTESIAN_POINT('',(-1.96088649938,-4.996005731122));
#1706 = CARTESIAN_POINT('',(-2.094220512387,-4.992789896666));
#1707 = CARTESIAN_POINT('',(-2.223110625662,-4.988851103246));
#1708 = CARTESIAN_POINT('',(-2.348087040854,-4.984690100294));
#1709 = CARTESIAN_POINT('',(-2.469489405433,-4.980741995274));
#1710 = CARTESIAN_POINT('',(-2.587428854016,-4.977314940163));
#1711 = CARTESIAN_POINT('',(-2.837294268157,-4.971333484062));
#1712 = CARTESIAN_POINT('',(-2.971582147011,-4.968966977318));
#1713 = CARTESIAN_POINT('',(-3.105110537252,-4.967828853443));
#1714 = CARTESIAN_POINT('',(-3.238398370406,-4.968102074874));
#1715 = CARTESIAN_POINT('',(-3.372096346138,-4.969748558021));
#1716 = CARTESIAN_POINT('',(-3.506980543991,-4.972555407448));
#1717 = CARTESIAN_POINT('',(-3.750860575347,-4.978952438922));
#1718 = CARTESIAN_POINT('',(-3.860812096393,-4.982277577993));
#1719 = CARTESIAN_POINT('',(-3.973909704098,-4.985968191318));
#1720 = CARTESIAN_POINT('',(-4.090178413125,-4.989756535602));
#1721 = CARTESIAN_POINT('',(-4.209827505814,-4.993286768958));
#1722 = CARTESIAN_POINT('',(-4.333226721935,-4.996169127624));
#1723 = CARTESIAN_POINT('',(-4.588475404473,-4.999985660336));
#1724 = CARTESIAN_POINT('',(-4.717622618279,-5.000886040468));
#1725 = CARTESIAN_POINT('',(-4.846988537199,-5.000508470325));
#1726 = CARTESIAN_POINT('',(-4.975424401863,-4.998789060717));
#1727 = CARTESIAN_POINT('',(-5.101721797515,-4.996028461023));
#1728 = CARTESIAN_POINT('',(-5.224340960929,-4.992711581923));
#1729 = CARTESIAN_POINT('',(-5.488351208431,-4.984915571189));
#1730 = CARTESIAN_POINT('',(-5.629158569946,-4.980268577814));
#1731 = CARTESIAN_POINT('',(-5.765028719607,-4.97598103223));
#1732 = CARTESIAN_POINT('',(-5.897199472578,-4.972518900052));
#1733 = CARTESIAN_POINT('',(-6.026868114762,-4.970134264203));
#1734 = CARTESIAN_POINT('',(-6.155097788319,-4.968944732119));
#1735 = CARTESIAN_POINT('',(-6.28318530718,-4.968944732119));
#1736 = ( GEOMETRIC_REPRESENTATION_CONTEXT(2) 
PARAMETRIC_REPRESENTATION_CONTEXT() REPRESENTATION_CONTEXT('2D SPACE',''
  ) );
#1737 = ADVANCED_FACE('',(#1738),#969,.T.);
#1738 = FACE_BOUND('',#1739,.F.);
#1739 = EDGE_LOOP('',(#1740,#1741,#1764,#1797,#1823,#1856,#1882,#1908));
#1740 = ORIENTED_EDGE('',*,*,#948,.T.);
#1741 = ORIENTED_EDGE('',*,*,#1742,.T.);
#1742 = EDGE_CURVE('',#949,#1743,#1745,.T.);
#1743 = VERTEX_POINT('',#1744);
#1744 = CARTESIAN_POINT('',(10.,0.,41.));
#1745 = SEAM_CURVE('',#1746,(#1750,#1757),.PCURVE_S1.);
#1746 = LINE('',#1747,#1748);
#1747 = CARTESIAN_POINT('',(10.,0.,-8.75));
#1748 = VECTOR('',#1749,1.);
#1749 = DIRECTION('',(0.,0.,1.));
#1750 = PCURVE('',#969,#1751);
#1751 = DEFINITIONAL_REPRESENTATION('',(#1752),#1756);
#1752 = LINE('',#1753,#1754);
#1753 = CARTESIAN_POINT('',(-6.28318530718,0.));
#1754 = VECTOR('',#1755,1.);
#1755 = DIRECTION('',(-0.,-1.));
#1756 = ( GEOMETRIC_REPRESENTATION_CONTEXT(2) 
PARAMETRIC_REPRESENTATION_CONTEXT() REPRESENTATION_CONTEXT('2D SPACE',''
  ) );
#1757 = PCURVE('',#969,#1758);
#1758 = DEFINITIONAL_REPRESENTATION('',(#1759),#1763);
#1759 = LINE('',#1760,#1761);
#1760 = CARTESIAN_POINT('',(-0.,0.));
#1761 = VECTOR('',#1762,1.);
#1762 = DIRECTION('',(-0.,-1.));
#1763 = ( GEOMETRIC_REPRESENTATION_CONTEXT(2) 
PARAMETRIC_REPRESENTATION_CONTEXT() REPRESENTATION_CONTEXT('2D SPACE',''
  ) );
#1764 = ORIENTED_EDGE('',*,*,#1765,.F.);
#1765 = EDGE_CURVE('',#1766,#1743,#1768,.T.);
#1766 = VERTEX_POINT('',#1767);
#1767 = CARTESIAN_POINT('',(-0.75,-9.97183533759,41.));
#1768 = SURFACE_CURVE('',#1769,(#1774,#1781),.PCURVE_S1.);
#1769 = CIRCLE('',#1770,10.);
#1770 = AXIS2_PLACEMENT_3D('',#1771,#1772,#1773);
#1771 = CARTESIAN_POINT('',(0.,0.,41.));
#1772 = DIRECTION('',(0.,0.,-1.));
#1773 = DIRECTION('',(1.,0.,0.));
#1774 = PCURVE('',#969,#1775);
#1775 = DEFINITIONAL_REPRESENTATION('',(#1776),#1780);
#1776 = LINE('',#1777,#1778);
#1777 = CARTESIAN_POINT('',(-6.28318530718,-49.75));
#1778 = VECTOR('',#1779,1.);
#1779 = DIRECTION('',(1.,-0.));
#1780 = ( GEOMETRIC_REPRESENTATION_CONTEXT(2) 
PARAMETRIC_REPRESENTATION_CONTEXT() REPRESENTATION_CONTEXT('2D SPACE',''
  ) );
#1781 = PCURVE('',#1782,#1787);
#1782 = PLANE('',#1783);
#1783 = AXIS2_PLACEMENT_3D('',#1784,#1785,#1786);
#1784 = CARTESIAN_POINT('',(-11.,-16.,41.));
#1785 = DIRECTION('',(0.,0.,1.));
#1786 = DIRECTION('',(1.,0.,0.));
#1787 = DEFINITIONAL_REPRESENTATION('',(#1788),#1796);
#1788 = ( BOUNDED_CURVE() B_SPLINE_CURVE(2,(#1789,#1790,#1791,#1792,
#1793,#1794,#1795),.UNSPECIFIED.,.T.,.F.) B_SPLINE_CURVE_WITH_KNOTS((1,2
    ,2,2,2,1),(-2.094395102393,0.,2.094395102393,4.188790204786,
6.28318530718,8.377580409573),.UNSPECIFIED.) CURVE() 
GEOMETRIC_REPRESENTATION_ITEM() RATIONAL_B_SPLINE_CURVE((1.,0.5,1.,0.5,
1.,0.5,1.)) REPRESENTATION_ITEM('') );
#1789 = CARTESIAN_POINT('',(21.,16.));
#1790 = CARTESIAN_POINT('',(21.,-1.320508075689));
#1791 = CARTESIAN_POINT('',(6.,7.339745962156));
#1792 = CARTESIAN_POINT('',(-9.,16.));
#1793 = CARTESIAN_POINT('',(6.,24.660254037844));
#1794 = CARTESIAN_POINT('',(21.,33.320508075689));
#1795 = CARTESIAN_POINT('',(21.,16.));
#1796 = ( GEOMETRIC_REPRESENTATION_CONTEXT(2) 
PARAMETRIC_REPRESENTATION_CONTEXT() REPRESENTATION_CONTEXT('2D SPACE',''
  ) );
#1797 = ORIENTED_EDGE('',*,*,#1798,.T.);
#1798 = EDGE_CURVE('',#1766,#1799,#1801,.T.);
#1799 = VERTEX_POINT('',#1800);
#1800 = CARTESIAN_POINT('',(-0.75,-9.97183533759,40.5));
#1801 = SURFACE_CURVE('',#1802,(#1806,#1812),.PCURVE_S1.);
#1802 = LINE('',#1803,#1804);
#1803 = CARTESIAN_POINT('',(-0.75,-9.97183533759,-8.75));
#1804 = VECTOR('',#1805,1.);
#1805 = DIRECTION('',(-0.,-0.,-1.));
#1806 = PCURVE('',#969,#1807);
#1807 = DEFINITIONAL_REPRESENTATION('',(#1808),#1811);
#1808 = B_SPLINE_CURVE_WITH_KNOTS('',1,(#1809,#1810),.UNSPECIFIED.,.F.,
  .F.,(2,2),(-49.7500006,-47.15),.PIECEWISE_BEZIER_KNOTS.);
#1809 = CARTESIAN_POINT('',(-4.637318489308,-49.7500006));
#1810 = CARTESIAN_POINT('',(-4.637318489308,-47.15));
#1811 = ( GEOMETRIC_REPRESENTATION_CONTEXT(2) 
PARAMETRIC_REPRESENTATION_CONTEXT() REPRESENTATION_CONTEXT('2D SPACE',''
  ) );
#1812 = PCURVE('',#1813,#1818);
#1813 = PLANE('',#1814);
#1814 = AXIS2_PLACEMENT_3D('',#1815,#1816,#1817);
#1815 = CARTESIAN_POINT('',(-0.75,-17.,40.5));
#1816 = DIRECTION('',(1.,0.,0.));
#1817 = DIRECTION('',(0.,0.,1.));
#1818 = DEFINITIONAL_REPRESENTATION('',(#1819),#1822);
#1819 = B_SPLINE_CURVE_WITH_KNOTS('',1,(#1820,#1821),.UNSPECIFIED.,.F.,
  .F.,(2,2),(-49.7500006,-47.15),.PIECEWISE_BEZIER_KNOTS.);
#1820 = CARTESIAN_POINT('',(0.5000006,-7.02816466241));
#1821 = CARTESIAN_POINT('',(-2.1,-7.02816466241));
#1822 = ( GEOMETRIC_REPRESENTATION_CONTEXT(2) 
PARAMETRIC_REPRESENTATION_CONTEXT() REPRESENTATION_CONTEXT('2D SPACE',''
  ) );
#1823 = ORIENTED_EDGE('',*,*,#1824,.F.);
#1824 = EDGE_CURVE('',#1825,#1799,#1827,.T.);
#1825 = VERTEX_POINT('',#1826);
#1826 = CARTESIAN_POINT('',(0.75,-9.97183533759,40.5));
#1827 = SURFACE_CURVE('',#1828,(#1833,#1840),.PCURVE_S1.);
#1828 = CIRCLE('',#1829,10.);
#1829 = AXIS2_PLACEMENT_3D('',#1830,#1831,#1832);
#1830 = CARTESIAN_POINT('',(0.,0.,40.5));
#1831 = DIRECTION('',(0.,0.,-1.));
#1832 = DIRECTION('',(1.,0.,0.));
#1833 = PCURVE('',#969,#1834);
#1834 = DEFINITIONAL_REPRESENTATION('',(#1835),#1839);
#1835 = LINE('',#1836,#1837);
#1836 = CARTESIAN_POINT('',(-6.28318530718,-49.25));
#1837 = VECTOR('',#1838,1.);
#1838 = DIRECTION('',(1.,-0.));
#1839 = ( GEOMETRIC_REPRESENTATION_CONTEXT(2) 
PARAMETRIC_REPRESENTATION_CONTEXT() REPRESENTATION_CONTEXT('2D SPACE',''
  ) );
#1840 = PCURVE('',#1841,#1846);
#1841 = PLANE('',#1842);
#1842 = AXIS2_PLACEMENT_3D('',#1843,#1844,#1845);
#1843 = CARTESIAN_POINT('',(-0.75,-17.,40.5));
#1844 = DIRECTION('',(0.,0.,1.));
#1845 = DIRECTION('',(1.,0.,0.));
#1846 = DEFINITIONAL_REPRESENTATION('',(#1847),#1855);
#1847 = ( BOUNDED_CURVE() B_SPLINE_CURVE(2,(#1848,#1849,#1850,#1851,
#1852,#1853,#1854),.UNSPECIFIED.,.T.,.F.) B_SPLINE_CURVE_WITH_KNOTS((1,2
    ,2,2,2,1),(-2.094395102393,0.,2.094395102393,4.188790204786,
6.28318530718,8.377580409573),.UNSPECIFIED.) CURVE() 
GEOMETRIC_REPRESENTATION_ITEM() RATIONAL_B_SPLINE_CURVE((1.,0.5,1.,0.5,
1.,0.5,1.)) REPRESENTATION_ITEM('') );
#1848 = CARTESIAN_POINT('',(10.75,17.));
#1849 = CARTESIAN_POINT('',(10.75,-0.320508075689));
#1850 = CARTESIAN_POINT('',(-4.25,8.339745962156));
#1851 = CARTESIAN_POINT('',(-19.25,17.));
#1852 = CARTESIAN_POINT('',(-4.25,25.660254037844));
#1853 = CARTESIAN_POINT('',(10.75,34.320508075689));
#1854 = CARTESIAN_POINT('',(10.75,17.));
#1855 = ( GEOMETRIC_REPRESENTATION_CONTEXT(2) 
PARAMETRIC_REPRESENTATION_CONTEXT() REPRESENTATION_CONTEXT('2D SPACE',''
  ) );
#1856 = ORIENTED_EDGE('',*,*,#1857,.F.);
#1857 = EDGE_CURVE('',#1858,#1825,#1860,.T.);
#1858 = VERTEX_POINT('',#1859);
#1859 = CARTESIAN_POINT('',(0.75,-9.97183533759,41.));
#1860 = SURFACE_CURVE('',#1861,(#1865,#1871),.PCURVE_S1.);
#1861 = LINE('',#1862,#1863);
#1862 = CARTESIAN_POINT('',(0.75,-9.97183533759,-8.75));
#1863 = VECTOR('',#1864,1.);
#1864 = DIRECTION('',(-0.,-0.,-1.));
#1865 = PCURVE('',#969,#1866);
#1866 = DEFINITIONAL_REPRESENTATION('',(#1867),#1870);
#1867 = B_SPLINE_CURVE_WITH_KNOTS('',1,(#1868,#1869),.UNSPECIFIED.,.F.,
  .F.,(2,2),(-49.7500006,-47.15),.PIECEWISE_BEZIER_KNOTS.);
#1868 = CARTESIAN_POINT('',(-4.787459471461,-49.7500006));
#1869 = CARTESIAN_POINT('',(-4.787459471461,-47.15));
#1870 = ( GEOMETRIC_REPRESENTATION_CONTEXT(2) 
PARAMETRIC_REPRESENTATION_CONTEXT() REPRESENTATION_CONTEXT('2D SPACE',''
  ) );
#1871 = PCURVE('',#1872,#1877);
#1872 = PLANE('',#1873);
#1873 = AXIS2_PLACEMENT_3D('',#1874,#1875,#1876);
#1874 = CARTESIAN_POINT('',(0.75,-17.,40.5));
#1875 = DIRECTION('',(1.,0.,0.));
#1876 = DIRECTION('',(0.,0.,1.));
#1877 = DEFINITIONAL_REPRESENTATION('',(#1878),#1881);
#1878 = B_SPLINE_CURVE_WITH_KNOTS('',1,(#1879,#1880),.UNSPECIFIED.,.F.,
  .F.,(2,2),(-49.7500006,-47.15),.PIECEWISE_BEZIER_KNOTS.);
#1879 = CARTESIAN_POINT('',(0.5000006,-7.02816466241));
#1880 = CARTESIAN_POINT('',(-2.1,-7.02816466241));
#1881 = ( GEOMETRIC_REPRESENTATION_CONTEXT(2) 
PARAMETRIC_REPRESENTATION_CONTEXT() REPRESENTATION_CONTEXT('2D SPACE',''
  ) );
#1882 = ORIENTED_EDGE('',*,*,#1883,.F.);
#1883 = EDGE_CURVE('',#1743,#1858,#1884,.T.);
#1884 = SURFACE_CURVE('',#1885,(#1890,#1897),.PCURVE_S1.);
#1885 = CIRCLE('',#1886,10.);
#1886 = AXIS2_PLACEMENT_3D('',#1887,#1888,#1889);
#1887 = CARTESIAN_POINT('',(0.,0.,41.));
#1888 = DIRECTION('',(0.,0.,-1.));
#1889 = DIRECTION('',(1.,0.,0.));
#1890 = PCURVE('',#969,#1891);
#1891 = DEFINITIONAL_REPRESENTATION('',(#1892),#1896);
#1892 = LINE('',#1893,#1894);
#1893 = CARTESIAN_POINT('',(-6.28318530718,-49.75));
#1894 = VECTOR('',#1895,1.);
#1895 = DIRECTION('',(1.,-0.));
#1896 = ( GEOMETRIC_REPRESENTATION_CONTEXT(2) 
PARAMETRIC_REPRESENTATION_CONTEXT() REPRESENTATION_CONTEXT('2D SPACE',''
  ) );
#1897 = PCURVE('',#1782,#1898);
#1898 = DEFINITIONAL_REPRESENTATION('',(#1899),#1907);
#1899 = ( BOUNDED_CURVE() B_SPLINE_CURVE(2,(#1900,#1901,#1902,#1903,
#1904,#1905,#1906),.UNSPECIFIED.,.T.,.F.) B_SPLINE_CURVE_WITH_KNOTS((1,2
    ,2,2,2,1),(-2.094395102393,0.,2.094395102393,4.188790204786,
6.28318530718,8.377580409573),.UNSPECIFIED.) CURVE() 
GEOMETRIC_REPRESENTATION_ITEM() RATIONAL_B_SPLINE_CURVE((1.,0.5,1.,0.5,
1.,0.5,1.)) REPRESENTATION_ITEM('') );
#1900 = CARTESIAN_POINT('',(21.,16.));
#1901 = CARTESIAN_POINT('',(21.,-1.320508075689));
#1902 = CARTESIAN_POINT('',(6.,7.339745962156));
#1903 = CARTESIAN_POINT('',(-9.,16.));
#1904 = CARTESIAN_POINT('',(6.,24.660254037844));
#1905 = CARTESIAN_POINT('',(21.,33.320508075689));
#1906 = CARTESIAN_POINT('',(21.,16.));
#1907 = ( GEOMETRIC_REPRESENTATION_CONTEXT(2) 
PARAMETRIC_REPRESENTATION_CONTEXT() REPRESENTATION_CONTEXT('2D SPACE',''
  ) );
#1908 = ORIENTED_EDGE('',*,*,#1742,.F.);
#1909 = ADVANCED_FACE('',(#1910),#1014,.F.);
#1910 = FACE_BOUND('',#1911,.T.);
#1911 = EDGE_LOOP('',(#1912,#1935,#1936,#1937,#1970,#1991,#2019,#2040));
#1912 = ORIENTED_EDGE('',*,*,#1913,.F.);
#1913 = EDGE_CURVE('',#994,#1914,#1916,.T.);
#1914 = VERTEX_POINT('',#1915);
#1915 = CARTESIAN_POINT('',(4.15,0.,61.));
#1916 = SEAM_CURVE('',#1917,(#1921,#1928),.PCURVE_S1.);
#1917 = LINE('',#1918,#1919);
#1918 = CARTESIAN_POINT('',(4.15,0.,-200.));
#1919 = VECTOR('',#1920,1.);
#1920 = DIRECTION('',(0.,0.,1.));
#1921 = PCURVE('',#1014,#1922);
#1922 = DEFINITIONAL_REPRESENTATION('',(#1923),#1927);
#1923 = LINE('',#1924,#1925);
#1924 = CARTESIAN_POINT('',(-6.28318530718,0.));
#1925 = VECTOR('',#1926,1.);
#1926 = DIRECTION('',(-0.,-1.));
#1927 = ( GEOMETRIC_REPRESENTATION_CONTEXT(2) 
PARAMETRIC_REPRESENTATION_CONTEXT() REPRESENTATION_CONTEXT('2D SPACE',''
  ) );
#1928 = PCURVE('',#1014,#1929);
#1929 = DEFINITIONAL_REPRESENTATION('',(#1930),#1934);
#1930 = LINE('',#1931,#1932);
#1931 = CARTESIAN_POINT('',(-0.,0.));
#1932 = VECTOR('',#1933,1.);
#1933 = DIRECTION('',(-0.,-1.));
#1934 = ( GEOMETRIC_REPRESENTATION_CONTEXT(2) 
PARAMETRIC_REPRESENTATION_CONTEXT() REPRESENTATION_CONTEXT('2D SPACE',''
  ) );
#1935 = ORIENTED_EDGE('',*,*,#993,.T.);
#1936 = ORIENTED_EDGE('',*,*,#1913,.T.);
#1937 = ORIENTED_EDGE('',*,*,#1938,.F.);
#1938 = EDGE_CURVE('',#1939,#1914,#1941,.T.);
#1939 = VERTEX_POINT('',#1940);
#1940 = CARTESIAN_POINT('',(-0.75,-4.081666326392,61.));
#1941 = SURFACE_CURVE('',#1942,(#1947,#1954),.PCURVE_S1.);
#1942 = CIRCLE('',#1943,4.15);
#1943 = AXIS2_PLACEMENT_3D('',#1944,#1945,#1946);
#1944 = CARTESIAN_POINT('',(0.,0.,61.));
#1945 = DIRECTION('',(0.,0.,-1.));
#1946 = DIRECTION('',(1.,0.,0.));
#1947 = PCURVE('',#1014,#1948);
#1948 = DEFINITIONAL_REPRESENTATION('',(#1949),#1953);
#1949 = LINE('',#1950,#1951);
#1950 = CARTESIAN_POINT('',(-6.28318530718,-261.));
#1951 = VECTOR('',#1952,1.);
#1952 = DIRECTION('',(1.,-0.));
#1953 = ( GEOMETRIC_REPRESENTATION_CONTEXT(2) 
PARAMETRIC_REPRESENTATION_CONTEXT() REPRESENTATION_CONTEXT('2D SPACE',''
  ) );
#1954 = PCURVE('',#1955,#1960);
#1955 = PLANE('',#1956);
#1956 = AXIS2_PLACEMENT_3D('',#1957,#1958,#1959);
#1957 = CARTESIAN_POINT('',(-11.,-16.,61.));
#1958 = DIRECTION('',(0.,0.,1.));
#1959 = DIRECTION('',(1.,0.,0.));
#1960 = DEFINITIONAL_REPRESENTATION('',(#1961),#1969);
#1961 = ( BOUNDED_CURVE() B_SPLINE_CURVE(2,(#1962,#1963,#1964,#1965,
#1966,#1967,#1968),.UNSPECIFIED.,.T.,.F.) B_SPLINE_CURVE_WITH_KNOTS((1,2
    ,2,2,2,1),(-2.094395102393,0.,2.094395102393,4.188790204786,
6.28318530718,8.377580409573),.UNSPECIFIED.) CURVE() 
GEOMETRIC_REPRESENTATION_ITEM() RATIONAL_B_SPLINE_CURVE((1.,0.5,1.,0.5,
1.,0.5,1.)) REPRESENTATION_ITEM('') );
#1962 = CARTESIAN_POINT('',(15.15,16.));
#1963 = CARTESIAN_POINT('',(15.15,8.811989148589));
#1964 = CARTESIAN_POINT('',(8.925,12.405994574295));
#1965 = CARTESIAN_POINT('',(2.7,16.));
#1966 = CARTESIAN_POINT('',(8.925,19.594005425705));
#1967 = CARTESIAN_POINT('',(15.15,23.188010851411));
#1968 = CARTESIAN_POINT('',(15.15,16.));
#1969 = ( GEOMETRIC_REPRESENTATION_CONTEXT(2) 
PARAMETRIC_REPRESENTATION_CONTEXT() REPRESENTATION_CONTEXT('2D SPACE',''
  ) );
#1970 = ORIENTED_EDGE('',*,*,#1971,.T.);
#1971 = EDGE_CURVE('',#1939,#1972,#1974,.T.);
#1972 = VERTEX_POINT('',#1973);
#1973 = CARTESIAN_POINT('',(-0.75,-4.081666326392,40.5));
#1974 = SURFACE_CURVE('',#1975,(#1979,#1985),.PCURVE_S1.);
#1975 = LINE('',#1976,#1977);
#1976 = CARTESIAN_POINT('',(-0.75,-4.081666326392,-200.));
#1977 = VECTOR('',#1978,1.);
#1978 = DIRECTION('',(-0.,-0.,-1.));
#1979 = PCURVE('',#1014,#1980);
#1980 = DEFINITIONAL_REPRESENTATION('',(#1981),#1984);
#1981 = B_SPLINE_CURVE_WITH_KNOTS('',1,(#1982,#1983),.UNSPECIFIED.,.F.,
  .F.,(2,2),(-261.0000006,-238.4),.PIECEWISE_BEZIER_KNOTS.);
#1982 = CARTESIAN_POINT('',(-4.530667584761,-261.0000006));
#1983 = CARTESIAN_POINT('',(-4.530667584761,-238.4));
#1984 = ( GEOMETRIC_REPRESENTATION_CONTEXT(2) 
PARAMETRIC_REPRESENTATION_CONTEXT() REPRESENTATION_CONTEXT('2D SPACE',''
  ) );
#1985 = PCURVE('',#1813,#1986);
#1986 = DEFINITIONAL_REPRESENTATION('',(#1987),#1990);
#1987 = B_SPLINE_CURVE_WITH_KNOTS('',1,(#1988,#1989),.UNSPECIFIED.,.F.,
  .F.,(2,2),(-261.0000006,-238.4),.PIECEWISE_BEZIER_KNOTS.);
#1988 = CARTESIAN_POINT('',(20.5000006,-12.9183336736));
#1989 = CARTESIAN_POINT('',(-2.1,-12.9183336736));
#1990 = ( GEOMETRIC_REPRESENTATION_CONTEXT(2) 
PARAMETRIC_REPRESENTATION_CONTEXT() REPRESENTATION_CONTEXT('2D SPACE',''
  ) );
#1991 = ORIENTED_EDGE('',*,*,#1992,.F.);
#1992 = EDGE_CURVE('',#1993,#1972,#1995,.T.);
#1993 = VERTEX_POINT('',#1994);
#1994 = CARTESIAN_POINT('',(0.75,-4.081666326392,40.5));
#1995 = SURFACE_CURVE('',#1996,(#2001,#2008),.PCURVE_S1.);
#1996 = CIRCLE('',#1997,4.15);
#1997 = AXIS2_PLACEMENT_3D('',#1998,#1999,#2000);
#1998 = CARTESIAN_POINT('',(0.,0.,40.5));
#1999 = DIRECTION('',(0.,0.,-1.));
#2000 = DIRECTION('',(1.,0.,0.));
#2001 = PCURVE('',#1014,#2002);
#2002 = DEFINITIONAL_REPRESENTATION('',(#2003),#2007);
#2003 = LINE('',#2004,#2005);
#2004 = CARTESIAN_POINT('',(-6.28318530718,-240.5));
#2005 = VECTOR('',#2006,1.);
#2006 = DIRECTION('',(1.,-0.));
#2007 = ( GEOMETRIC_REPRESENTATION_CONTEXT(2) 
PARAMETRIC_REPRESENTATION_CONTEXT() REPRESENTATION_CONTEXT('2D SPACE',''
  ) );
#2008 = PCURVE('',#1841,#2009);
#2009 = DEFINITIONAL_REPRESENTATION('',(#2010),#2018);
#2010 = ( BOUNDED_CURVE() B_SPLINE_CURVE(2,(#2011,#2012,#2013,#2014,
#2015,#2016,#2017),.UNSPECIFIED.,.T.,.F.) B_SPLINE_CURVE_WITH_KNOTS((1,2
    ,2,2,2,1),(-2.094395102393,0.,2.094395102393,4.188790204786,
6.28318530718,8.377580409573),.UNSPECIFIED.) CURVE() 
GEOMETRIC_REPRESENTATION_ITEM() RATIONAL_B_SPLINE_CURVE((1.,0.5,1.,0.5,
1.,0.5,1.)) REPRESENTATION_ITEM('') );
#2011 = CARTESIAN_POINT('',(4.9,17.));
#2012 = CARTESIAN_POINT('',(4.9,9.811989148589));
#2013 = CARTESIAN_POINT('',(-1.325,13.405994574295));
#2014 = CARTESIAN_POINT('',(-7.55,17.));
#2015 = CARTESIAN_POINT('',(-1.325,20.594005425705));
#2016 = CARTESIAN_POINT('',(4.9,24.188010851411));
#2017 = CARTESIAN_POINT('',(4.9,17.));
#2018 = ( GEOMETRIC_REPRESENTATION_CONTEXT(2) 
PARAMETRIC_REPRESENTATION_CONTEXT() REPRESENTATION_CONTEXT('2D SPACE',''
  ) );
#2019 = ORIENTED_EDGE('',*,*,#2020,.F.);
#2020 = EDGE_CURVE('',#2021,#1993,#2023,.T.);
#2021 = VERTEX_POINT('',#2022);
#2022 = CARTESIAN_POINT('',(0.75,-4.081666326392,61.));
#2023 = SURFACE_CURVE('',#2024,(#2028,#2034),.PCURVE_S1.);
#2024 = LINE('',#2025,#2026);
#2025 = CARTESIAN_POINT('',(0.75,-4.081666326392,-200.));
#2026 = VECTOR('',#2027,1.);
#2027 = DIRECTION('',(-0.,-0.,-1.));
#2028 = PCURVE('',#1014,#2029);
#2029 = DEFINITIONAL_REPRESENTATION('',(#2030),#2033);
#2030 = B_SPLINE_CURVE_WITH_KNOTS('',1,(#2031,#2032),.UNSPECIFIED.,.F.,
  .F.,(2,2),(-261.0000006,-238.4),.PIECEWISE_BEZIER_KNOTS.);
#2031 = CARTESIAN_POINT('',(-4.894110376008,-261.0000006));
#2032 = CARTESIAN_POINT('',(-4.894110376008,-238.4));
#2033 = ( GEOMETRIC_REPRESENTATION_CONTEXT(2) 
PARAMETRIC_REPRESENTATION_CONTEXT() REPRESENTATION_CONTEXT('2D SPACE',''
  ) );
#2034 = PCURVE('',#1872,#2035);
#2035 = DEFINITIONAL_REPRESENTATION('',(#2036),#2039);
#2036 = B_SPLINE_CURVE_WITH_KNOTS('',1,(#2037,#2038),.UNSPECIFIED.,.F.,
  .F.,(2,2),(-261.0000006,-238.4),.PIECEWISE_BEZIER_KNOTS.);
#2037 = CARTESIAN_POINT('',(20.5000006,-12.9183336736));
#2038 = CARTESIAN_POINT('',(-2.1,-12.9183336736));
#2039 = ( GEOMETRIC_REPRESENTATION_CONTEXT(2) 
PARAMETRIC_REPRESENTATION_CONTEXT() REPRESENTATION_CONTEXT('2D SPACE',''
  ) );
#2040 = ORIENTED_EDGE('',*,*,#2041,.F.);
#2041 = EDGE_CURVE('',#1914,#2021,#2042,.T.);
#2042 = SURFACE_CURVE('',#2043,(#2048,#2055),.PCURVE_S1.);
#2043 = CIRCLE('',#2044,4.15);
#2044 = AXIS2_PLACEMENT_3D('',#2045,#2046,#2047);
#2045 = CARTESIAN_POINT('',(0.,0.,61.));
#2046 = DIRECTION('',(0.,0.,-1.));
#2047 = DIRECTION('',(1.,0.,0.));
#2048 = PCURVE('',#1014,#2049);
#2049 = DEFINITIONAL_REPRESENTATION('',(#2050),#2054);
#2050 = LINE('',#2051,#2052);
#2051 = CARTESIAN_POINT('',(-6.28318530718,-261.));
#2052 = VECTOR('',#2053,1.);
#2053 = DIRECTION('',(1.,-0.));
#2054 = ( GEOMETRIC_REPRESENTATION_CONTEXT(2) 
PARAMETRIC_REPRESENTATION_CONTEXT() REPRESENTATION_CONTEXT('2D SPACE',''
  ) );
#2055 = PCURVE('',#1955,#2056);
#2056 = DEFINITIONAL_REPRESENTATION('',(#2057),#2065);
#2057 = ( BOUNDED_CURVE() B_SPLINE_CURVE(2,(#2058,#2059,#2060,#2061,
#2062,#2063,#2064),.UNSPECIFIED.,.T.,.F.) B_SPLINE_CURVE_WITH_KNOTS((1,2
    ,2,2,2,1),(-2.094395102393,0.,2.094395102393,4.188790204786,
6.28318530718,8.377580409573),.UNSPECIFIED.) CURVE() 
GEOMETRIC_REPRESENTATION_ITEM() RATIONAL_B_SPLINE_CURVE((1.,0.5,1.,0.5,
1.,0.5,1.)) REPRESENTATION_ITEM('') );
#2058 = CARTESIAN_POINT('',(15.15,16.));
#2059 = CARTESIAN_POINT('',(15.15,8.811989148589));
#2060 = CARTESIAN_POINT('',(8.925,12.405994574295));
#2061 = CARTESIAN_POINT('',(2.7,16.));
#2062 = CARTESIAN_POINT('',(8.925,19.594005425705));
#2063 = CARTESIAN_POINT('',(15.15,23.188010851411));
#2064 = CARTESIAN_POINT('',(15.15,16.));
#2065 = ( GEOMETRIC_REPRESENTATION_CONTEXT(2) 
PARAMETRIC_REPRESENTATION_CONTEXT() REPRESENTATION_CONTEXT('2D SPACE',''
  ) );
#2066 = ADVANCED_FACE('',(#2067),#1068,.T.);
#2067 = FACE_BOUND('',#2068,.T.);
#2068 = EDGE_LOOP('',(#2069,#2070,#2093,#2120));
#2069 = ORIENTED_EDGE('',*,*,#1053,.T.);
#2070 = ORIENTED_EDGE('',*,*,#2071,.T.);
#2071 = EDGE_CURVE('',#1031,#2072,#2074,.T.);
#2072 = VERTEX_POINT('',#2073);
#2073 = CARTESIAN_POINT('',(32.5,0.,5.5));
#2074 = SEAM_CURVE('',#2075,(#2079,#2086),.PCURVE_S1.);
#2075 = LINE('',#2076,#2077);
#2076 = CARTESIAN_POINT('',(29.2,0.,2.2));
#2077 = VECTOR('',#2078,1.);
#2078 = DIRECTION('',(0.707106781187,0.,0.707106781187));
#2079 = PCURVE('',#1068,#2080);
#2080 = DEFINITIONAL_REPRESENTATION('',(#2081),#2085);
#2081 = LINE('',#2082,#2083);
#2082 = CARTESIAN_POINT('',(0.,0.));
#2083 = VECTOR('',#2084,1.);
#2084 = DIRECTION('',(0.,1.));
#2085 = ( GEOMETRIC_REPRESENTATION_CONTEXT(2) 
PARAMETRIC_REPRESENTATION_CONTEXT() REPRESENTATION_CONTEXT('2D SPACE',''
  ) );
#2086 = PCURVE('',#1068,#2087);
#2087 = DEFINITIONAL_REPRESENTATION('',(#2088),#2092);
#2088 = LINE('',#2089,#2090);
#2089 = CARTESIAN_POINT('',(6.28318530718,0.));
#2090 = VECTOR('',#2091,1.);
#2091 = DIRECTION('',(0.,1.));
#2092 = ( GEOMETRIC_REPRESENTATION_CONTEXT(2) 
PARAMETRIC_REPRESENTATION_CONTEXT() REPRESENTATION_CONTEXT('2D SPACE',''
  ) );
#2093 = ORIENTED_EDGE('',*,*,#2094,.F.);
#2094 = EDGE_CURVE('',#2072,#2072,#2095,.T.);
#2095 = SURFACE_CURVE('',#2096,(#2101,#2108),.PCURVE_S1.);
#2096 = CIRCLE('',#2097,32.5);
#2097 = AXIS2_PLACEMENT_3D('',#2098,#2099,#2100);
#2098 = CARTESIAN_POINT('',(0.,0.,5.5));
#2099 = DIRECTION('',(0.,0.,1.));
#2100 = DIRECTION('',(1.,0.,-0.));
#2101 = PCURVE('',#1068,#2102);
#2102 = DEFINITIONAL_REPRESENTATION('',(#2103),#2107);
#2103 = LINE('',#2104,#2105);
#2104 = CARTESIAN_POINT('',(0.,3.3));
#2105 = VECTOR('',#2106,1.);
#2106 = DIRECTION('',(1.,0.));
#2107 = ( GEOMETRIC_REPRESENTATION_CONTEXT(2) 
PARAMETRIC_REPRESENTATION_CONTEXT() REPRESENTATION_CONTEXT('2D SPACE',''
  ) );
#2108 = PCURVE('',#2109,#2114);
#2109 = CYLINDRICAL_SURFACE('',#2110,32.5);
#2110 = AXIS2_PLACEMENT_3D('',#2111,#2112,#2113);
#2111 = CARTESIAN_POINT('',(0.,0.,5.5));
#2112 = DIRECTION('',(0.,0.,1.));
#2113 = DIRECTION('',(1.,0.,-0.));
#2114 = DEFINITIONAL_REPRESENTATION('',(#2115),#2119);
#2115 = LINE('',#2116,#2117);
#2116 = CARTESIAN_POINT('',(0.,0.));
#2117 = VECTOR('',#2118,1.);
#2118 = DIRECTION('',(1.,0.));
#2119 = ( GEOMETRIC_REPRESENTATION_CONTEXT(2) 
PARAMETRIC_REPRESENTATION_CONTEXT() REPRESENTATION_CONTEXT('2D SPACE',''
  ) );
#2120 = ORIENTED_EDGE('',*,*,#2071,.F.);
#2121 = ADVANCED_FACE('',(#2122),#1181,.F.);
#2122 = FACE_BOUND('',#2123,.T.);
#2123 = EDGE_LOOP('',(#2124,#2125,#2146,#2147));
#2124 = ORIENTED_EDGE('',*,*,#1592,.F.);
#2125 = ORIENTED_EDGE('',*,*,#2126,.T.);
#2126 = EDGE_CURVE('',#1593,#1084,#2127,.T.);
#2127 = SEAM_CURVE('',#2128,(#2132,#2139),.PCURVE_S1.);
#2128 = LINE('',#2129,#2130);
#2129 = CARTESIAN_POINT('',(14.610237494589,10.918835118808,0.));
#2130 = VECTOR('',#2131,1.);
#2131 = DIRECTION('',(0.838670567945,0.544639035015,0.));
#2132 = PCURVE('',#1181,#2133);
#2133 = DEFINITIONAL_REPRESENTATION('',(#2134),#2138);
#2134 = LINE('',#2135,#2136);
#2135 = CARTESIAN_POINT('',(-6.28318530718,0.));
#2136 = VECTOR('',#2137,1.);
#2137 = DIRECTION('',(-0.,-1.));
#2138 = ( GEOMETRIC_REPRESENTATION_CONTEXT(2) 
PARAMETRIC_REPRESENTATION_CONTEXT() REPRESENTATION_CONTEXT('2D SPACE',''
  ) );
#2139 = PCURVE('',#1181,#2140);
#2140 = DEFINITIONAL_REPRESENTATION('',(#2141),#2145);
#2141 = LINE('',#2142,#2143);
#2142 = CARTESIAN_POINT('',(-0.,0.));
#2143 = VECTOR('',#2144,1.);
#2144 = DIRECTION('',(-0.,-1.));
#2145 = ( GEOMETRIC_REPRESENTATION_CONTEXT(2) 
PARAMETRIC_REPRESENTATION_CONTEXT() REPRESENTATION_CONTEXT('2D SPACE',''
  ) );
#2146 = ORIENTED_EDGE('',*,*,#1083,.T.);
#2147 = ORIENTED_EDGE('',*,*,#2126,.F.);
#2148 = ADVANCED_FACE('',(#2149),#1334,.F.);
#2149 = FACE_BOUND('',#2150,.T.);
#2150 = EDGE_LOOP('',(#2151,#2152,#2173,#2174));
#2151 = ORIENTED_EDGE('',*,*,#1444,.F.);
#2152 = ORIENTED_EDGE('',*,*,#2153,.T.);
#2153 = EDGE_CURVE('',#1445,#1237,#2154,.T.);
#2154 = SEAM_CURVE('',#2155,(#2159,#2166),.PCURVE_S1.);
#2155 = LINE('',#2156,#2157);
#2156 = CARTESIAN_POINT('',(15.917371178625,-8.906025755739,0.));
#2157 = VECTOR('',#2158,1.);
#2158 = DIRECTION('',(0.838670567945,-0.544639035015,0.));
#2159 = PCURVE('',#1334,#2160);
#2160 = DEFINITIONAL_REPRESENTATION('',(#2161),#2165);
#2161 = LINE('',#2162,#2163);
#2162 = CARTESIAN_POINT('',(-6.28318530718,0.));
#2163 = VECTOR('',#2164,1.);
#2164 = DIRECTION('',(-0.,-1.));
#2165 = ( GEOMETRIC_REPRESENTATION_CONTEXT(2) 
PARAMETRIC_REPRESENTATION_CONTEXT() REPRESENTATION_CONTEXT('2D SPACE',''
  ) );
#2166 = PCURVE('',#1334,#2167);
#2167 = DEFINITIONAL_REPRESENTATION('',(#2168),#2172);
#2168 = LINE('',#2169,#2170);
#2169 = CARTESIAN_POINT('',(-0.,0.));
#2170 = VECTOR('',#2171,1.);
#2171 = DIRECTION('',(-0.,-1.));
#2172 = ( GEOMETRIC_REPRESENTATION_CONTEXT(2) 
PARAMETRIC_REPRESENTATION_CONTEXT() REPRESENTATION_CONTEXT('2D SPACE',''
  ) );
#2173 = ORIENTED_EDGE('',*,*,#1236,.T.);
#2174 = ORIENTED_EDGE('',*,*,#2153,.F.);
#2175 = ADVANCED_FACE('',(#2176,#2202),#1428,.T.);
#2176 = FACE_BOUND('',#2177,.T.);
#2177 = EDGE_LOOP('',(#2178));
#2178 = ORIENTED_EDGE('',*,*,#2179,.T.);
#2179 = EDGE_CURVE('',#2180,#2180,#2182,.T.);
#2180 = VERTEX_POINT('',#2181);
#2181 = CARTESIAN_POINT('',(32.5,0.,7.));
#2182 = SURFACE_CURVE('',#2183,(#2188,#2195),.PCURVE_S1.);
#2183 = CIRCLE('',#2184,32.5);
#2184 = AXIS2_PLACEMENT_3D('',#2185,#2186,#2187);
#2185 = CARTESIAN_POINT('',(0.,0.,7.));
#2186 = DIRECTION('',(0.,0.,1.));
#2187 = DIRECTION('',(1.,0.,-0.));
#2188 = PCURVE('',#1428,#2189);
#2189 = DEFINITIONAL_REPRESENTATION('',(#2190),#2194);
#2190 = CIRCLE('',#2191,32.5);
#2191 = AXIS2_PLACEMENT_2D('',#2192,#2193);
#2192 = CARTESIAN_POINT('',(0.,0.));
#2193 = DIRECTION('',(1.,0.));
#2194 = ( GEOMETRIC_REPRESENTATION_CONTEXT(2) 
PARAMETRIC_REPRESENTATION_CONTEXT() REPRESENTATION_CONTEXT('2D SPACE',''
  ) );
#2195 = PCURVE('',#2109,#2196);
#2196 = DEFINITIONAL_REPRESENTATION('',(#2197),#2201);
#2197 = LINE('',#2198,#2199);
#2198 = CARTESIAN_POINT('',(0.,1.5));
#2199 = VECTOR('',#2200,1.);
#2200 = DIRECTION('',(1.,0.));
#2201 = ( GEOMETRIC_REPRESENTATION_CONTEXT(2) 
PARAMETRIC_REPRESENTATION_CONTEXT() REPRESENTATION_CONTEXT('2D SPACE',''
  ) );
#2202 = FACE_BOUND('',#2203,.T.);
#2203 = EDGE_LOOP('',(#2204));
#2204 = ORIENTED_EDGE('',*,*,#1413,.F.);
#2205 = ADVANCED_FACE('',(#2206),#1782,.F.);
#2206 = FACE_BOUND('',#2207,.F.);
#2207 = EDGE_LOOP('',(#2208,#2238,#2266,#2294,#2313,#2314,#2315,#2336,
    #2364));
#2208 = ORIENTED_EDGE('',*,*,#2209,.F.);
#2209 = EDGE_CURVE('',#2210,#2212,#2214,.T.);
#2210 = VERTEX_POINT('',#2211);
#2211 = CARTESIAN_POINT('',(-11.,34.,41.));
#2212 = VERTEX_POINT('',#2213);
#2213 = CARTESIAN_POINT('',(11.,34.,41.));
#2214 = SURFACE_CURVE('',#2215,(#2219,#2226),.PCURVE_S1.);
#2215 = LINE('',#2216,#2217);
#2216 = CARTESIAN_POINT('',(-11.,34.,41.));
#2217 = VECTOR('',#2218,1.);
#2218 = DIRECTION('',(1.,0.,0.));
#2219 = PCURVE('',#1782,#2220);
#2220 = DEFINITIONAL_REPRESENTATION('',(#2221),#2225);
#2221 = LINE('',#2222,#2223);
#2222 = CARTESIAN_POINT('',(0.,50.));
#2223 = VECTOR('',#2224,1.);
#2224 = DIRECTION('',(1.,0.));
#2225 = ( GEOMETRIC_REPRESENTATION_CONTEXT(2) 
PARAMETRIC_REPRESENTATION_CONTEXT() REPRESENTATION_CONTEXT('2D SPACE',''
  ) );
#2226 = PCURVE('',#2227,#2232);
#2227 = PLANE('',#2228);
#2228 = AXIS2_PLACEMENT_3D('',#2229,#2230,#2231);
#2229 = CARTESIAN_POINT('',(-11.,34.,41.));
#2230 = DIRECTION('',(0.,1.,0.));
#2231 = DIRECTION('',(0.,0.,1.));
#2232 = DEFINITIONAL_REPRESENTATION('',(#2233),#2237);
#2233 = LINE('',#2234,#2235);
#2234 = CARTESIAN_POINT('',(0.,0.));
#2235 = VECTOR('',#2236,1.);
#2236 = DIRECTION('',(0.,1.));
#2237 = ( GEOMETRIC_REPRESENTATION_CONTEXT(2) 
PARAMETRIC_REPRESENTATION_CONTEXT() REPRESENTATION_CONTEXT('2D SPACE',''
  ) );
#2238 = ORIENTED_EDGE('',*,*,#2239,.F.);
#2239 = EDGE_CURVE('',#2240,#2210,#2242,.T.);
#2240 = VERTEX_POINT('',#2241);
#2241 = CARTESIAN_POINT('',(-11.,-16.,41.));
#2242 = SURFACE_CURVE('',#2243,(#2247,#2254),.PCURVE_S1.);
#2243 = LINE('',#2244,#2245);
#2244 = CARTESIAN_POINT('',(-11.,-16.,41.));
#2245 = VECTOR('',#2246,1.);
#2246 = DIRECTION('',(0.,1.,0.));
#2247 = PCURVE('',#1782,#2248);
#2248 = DEFINITIONAL_REPRESENTATION('',(#2249),#2253);
#2249 = LINE('',#2250,#2251);
#2250 = CARTESIAN_POINT('',(0.,0.));
#2251 = VECTOR('',#2252,1.);
#2252 = DIRECTION('',(0.,1.));
#2253 = ( GEOMETRIC_REPRESENTATION_CONTEXT(2) 
PARAMETRIC_REPRESENTATION_CONTEXT() REPRESENTATION_CONTEXT('2D SPACE',''
  ) );
#2254 = PCURVE('',#2255,#2260);
#2255 = PLANE('',#2256);
#2256 = AXIS2_PLACEMENT_3D('',#2257,#2258,#2259);
#2257 = CARTESIAN_POINT('',(-11.,-16.,41.));
#2258 = DIRECTION('',(1.,0.,0.));
#2259 = DIRECTION('',(0.,0.,1.));
#2260 = DEFINITIONAL_REPRESENTATION('',(#2261),#2265);
#2261 = LINE('',#2262,#2263);
#2262 = CARTESIAN_POINT('',(0.,0.));
#2263 = VECTOR('',#2264,1.);
#2264 = DIRECTION('',(0.,-1.));
#2265 = ( GEOMETRIC_REPRESENTATION_CONTEXT(2) 
PARAMETRIC_REPRESENTATION_CONTEXT() REPRESENTATION_CONTEXT('2D SPACE',''
  ) );
#2266 = ORIENTED_EDGE('',*,*,#2267,.T.);
#2267 = EDGE_CURVE('',#2240,#2268,#2270,.T.);
#2268 = VERTEX_POINT('',#2269);
#2269 = CARTESIAN_POINT('',(-0.75,-16.,41.));
#2270 = SURFACE_CURVE('',#2271,(#2275,#2282),.PCURVE_S1.);
#2271 = LINE('',#2272,#2273);
#2272 = CARTESIAN_POINT('',(-11.,-16.,41.));
#2273 = VECTOR('',#2274,1.);
#2274 = DIRECTION('',(1.,0.,0.));
#2275 = PCURVE('',#1782,#2276);
#2276 = DEFINITIONAL_REPRESENTATION('',(#2277),#2281);
#2277 = LINE('',#2278,#2279);
#2278 = CARTESIAN_POINT('',(0.,0.));
#2279 = VECTOR('',#2280,1.);
#2280 = DIRECTION('',(1.,0.));
#2281 = ( GEOMETRIC_REPRESENTATION_CONTEXT(2) 
PARAMETRIC_REPRESENTATION_CONTEXT() REPRESENTATION_CONTEXT('2D SPACE',''
  ) );
#2282 = PCURVE('',#2283,#2288);
#2283 = PLANE('',#2284);
#2284 = AXIS2_PLACEMENT_3D('',#2285,#2286,#2287);
#2285 = CARTESIAN_POINT('',(-11.,-16.,41.));
#2286 = DIRECTION('',(0.,1.,0.));
#2287 = DIRECTION('',(0.,0.,1.));
#2288 = DEFINITIONAL_REPRESENTATION('',(#2289),#2293);
#2289 = LINE('',#2290,#2291);
#2290 = CARTESIAN_POINT('',(0.,0.));
#2291 = VECTOR('',#2292,1.);
#2292 = DIRECTION('',(0.,1.));
#2293 = ( GEOMETRIC_REPRESENTATION_CONTEXT(2) 
PARAMETRIC_REPRESENTATION_CONTEXT() REPRESENTATION_CONTEXT('2D SPACE',''
  ) );
#2294 = ORIENTED_EDGE('',*,*,#2295,.T.);
#2295 = EDGE_CURVE('',#2268,#1766,#2296,.T.);
#2296 = SURFACE_CURVE('',#2297,(#2301,#2307),.PCURVE_S1.);
#2297 = LINE('',#2298,#2299);
#2298 = CARTESIAN_POINT('',(-0.75,-16.5,41.));
#2299 = VECTOR('',#2300,1.);
#2300 = DIRECTION('',(0.,1.,0.));
#2301 = PCURVE('',#1782,#2302);
#2302 = DEFINITIONAL_REPRESENTATION('',(#2303),#2306);
#2303 = B_SPLINE_CURVE_WITH_KNOTS('',1,(#2304,#2305),.UNSPECIFIED.,.F.,
  .F.,(2,2),(0.5,12.85),.PIECEWISE_BEZIER_KNOTS.);
#2304 = CARTESIAN_POINT('',(10.25,0.));
#2305 = CARTESIAN_POINT('',(10.25,12.35));
#2306 = ( GEOMETRIC_REPRESENTATION_CONTEXT(2) 
PARAMETRIC_REPRESENTATION_CONTEXT() REPRESENTATION_CONTEXT('2D SPACE',''
  ) );
#2307 = PCURVE('',#1813,#2308);
#2308 = DEFINITIONAL_REPRESENTATION('',(#2309),#2312);
#2309 = B_SPLINE_CURVE_WITH_KNOTS('',1,(#2310,#2311),.UNSPECIFIED.,.F.,
  .F.,(2,2),(0.5,12.85),.PIECEWISE_BEZIER_KNOTS.);
#2310 = CARTESIAN_POINT('',(0.5,-1.));
#2311 = CARTESIAN_POINT('',(0.5,-13.35));
#2312 = ( GEOMETRIC_REPRESENTATION_CONTEXT(2) 
PARAMETRIC_REPRESENTATION_CONTEXT() REPRESENTATION_CONTEXT('2D SPACE',''
  ) );
#2313 = ORIENTED_EDGE('',*,*,#1765,.T.);
#2314 = ORIENTED_EDGE('',*,*,#1883,.T.);
#2315 = ORIENTED_EDGE('',*,*,#2316,.F.);
#2316 = EDGE_CURVE('',#2317,#1858,#2319,.T.);
#2317 = VERTEX_POINT('',#2318);
#2318 = CARTESIAN_POINT('',(0.75,-16.,41.));
#2319 = SURFACE_CURVE('',#2320,(#2324,#2330),.PCURVE_S1.);
#2320 = LINE('',#2321,#2322);
#2321 = CARTESIAN_POINT('',(0.75,-16.5,41.));
#2322 = VECTOR('',#2323,1.);
#2323 = DIRECTION('',(0.,1.,0.));
#2324 = PCURVE('',#1782,#2325);
#2325 = DEFINITIONAL_REPRESENTATION('',(#2326),#2329);
#2326 = B_SPLINE_CURVE_WITH_KNOTS('',1,(#2327,#2328),.UNSPECIFIED.,.F.,
  .F.,(2,2),(0.5,12.85),.PIECEWISE_BEZIER_KNOTS.);
#2327 = CARTESIAN_POINT('',(11.75,0.));
#2328 = CARTESIAN_POINT('',(11.75,12.35));
#2329 = ( GEOMETRIC_REPRESENTATION_CONTEXT(2) 
PARAMETRIC_REPRESENTATION_CONTEXT() REPRESENTATION_CONTEXT('2D SPACE',''
  ) );
#2330 = PCURVE('',#1872,#2331);
#2331 = DEFINITIONAL_REPRESENTATION('',(#2332),#2335);
#2332 = B_SPLINE_CURVE_WITH_KNOTS('',1,(#2333,#2334),.UNSPECIFIED.,.F.,
  .F.,(2,2),(0.5,12.85),.PIECEWISE_BEZIER_KNOTS.);
#2333 = CARTESIAN_POINT('',(0.5,-1.));
#2334 = CARTESIAN_POINT('',(0.5,-13.35));
#2335 = ( GEOMETRIC_REPRESENTATION_CONTEXT(2) 
PARAMETRIC_REPRESENTATION_CONTEXT() REPRESENTATION_CONTEXT('2D SPACE',''
  ) );
#2336 = ORIENTED_EDGE('',*,*,#2337,.T.);
#2337 = EDGE_CURVE('',#2317,#2338,#2340,.T.);
#2338 = VERTEX_POINT('',#2339);
#2339 = CARTESIAN_POINT('',(11.,-16.,41.));
#2340 = SURFACE_CURVE('',#2341,(#2345,#2352),.PCURVE_S1.);
#2341 = LINE('',#2342,#2343);
#2342 = CARTESIAN_POINT('',(-11.,-16.,41.));
#2343 = VECTOR('',#2344,1.);
#2344 = DIRECTION('',(1.,0.,0.));
#2345 = PCURVE('',#1782,#2346);
#2346 = DEFINITIONAL_REPRESENTATION('',(#2347),#2351);
#2347 = LINE('',#2348,#2349);
#2348 = CARTESIAN_POINT('',(0.,0.));
#2349 = VECTOR('',#2350,1.);
#2350 = DIRECTION('',(1.,0.));
#2351 = ( GEOMETRIC_REPRESENTATION_CONTEXT(2) 
PARAMETRIC_REPRESENTATION_CONTEXT() REPRESENTATION_CONTEXT('2D SPACE',''
  ) );
#2352 = PCURVE('',#2353,#2358);
#2353 = PLANE('',#2354);
#2354 = AXIS2_PLACEMENT_3D('',#2355,#2356,#2357);
#2355 = CARTESIAN_POINT('',(-11.,-16.,41.));
#2356 = DIRECTION('',(0.,1.,0.));
#2357 = DIRECTION('',(0.,0.,1.));
#2358 = DEFINITIONAL_REPRESENTATION('',(#2359),#2363);
#2359 = LINE('',#2360,#2361);
#2360 = CARTESIAN_POINT('',(0.,0.));
#2361 = VECTOR('',#2362,1.);
#2362 = DIRECTION('',(0.,1.));
#2363 = ( GEOMETRIC_REPRESENTATION_CONTEXT(2) 
PARAMETRIC_REPRESENTATION_CONTEXT() REPRESENTATION_CONTEXT('2D SPACE',''
  ) );
#2364 = ORIENTED_EDGE('',*,*,#2365,.T.);
#2365 = EDGE_CURVE('',#2338,#2212,#2366,.T.);
#2366 = SURFACE_CURVE('',#2367,(#2371,#2378),.PCURVE_S1.);
#2367 = LINE('',#2368,#2369);
#2368 = CARTESIAN_POINT('',(11.,-16.,41.));
#2369 = VECTOR('',#2370,1.);
#2370 = DIRECTION('',(0.,1.,0.));
#2371 = PCURVE('',#1782,#2372);
#2372 = DEFINITIONAL_REPRESENTATION('',(#2373),#2377);
#2373 = LINE('',#2374,#2375);
#2374 = CARTESIAN_POINT('',(22.,0.));
#2375 = VECTOR('',#2376,1.);
#2376 = DIRECTION('',(0.,1.));
#2377 = ( GEOMETRIC_REPRESENTATION_CONTEXT(2) 
PARAMETRIC_REPRESENTATION_CONTEXT() REPRESENTATION_CONTEXT('2D SPACE',''
  ) );
#2378 = PCURVE('',#2379,#2384);
#2379 = PLANE('',#2380);
#2380 = AXIS2_PLACEMENT_3D('',#2381,#2382,#2383);
#2381 = CARTESIAN_POINT('',(11.,-16.,41.));
#2382 = DIRECTION('',(1.,0.,0.));
#2383 = DIRECTION('',(0.,0.,1.));
#2384 = DEFINITIONAL_REPRESENTATION('',(#2385),#2389);
#2385 = LINE('',#2386,#2387);
#2386 = CARTESIAN_POINT('',(0.,0.));
#2387 = VECTOR('',#2388,1.);
#2388 = DIRECTION('',(0.,-1.));
#2389 = ( GEOMETRIC_REPRESENTATION_CONTEXT(2) 
PARAMETRIC_REPRESENTATION_CONTEXT() REPRESENTATION_CONTEXT('2D SPACE',''
  ) );
#2390 = ADVANCED_FACE('',(#2391,#2457),#1872,.F.);
#2391 = FACE_BOUND('',#2392,.F.);
#2392 = EDGE_LOOP('',(#2393,#2394,#2415,#2416,#2437,#2456));
#2393 = ORIENTED_EDGE('',*,*,#1857,.T.);
#2394 = ORIENTED_EDGE('',*,*,#2395,.T.);
#2395 = EDGE_CURVE('',#1825,#1993,#2396,.T.);
#2396 = SURFACE_CURVE('',#2397,(#2401,#2408),.PCURVE_S1.);
#2397 = LINE('',#2398,#2399);
#2398 = CARTESIAN_POINT('',(0.75,-17.,40.5));
#2399 = VECTOR('',#2400,1.);
#2400 = DIRECTION('',(0.,1.,0.));
#2401 = PCURVE('',#1872,#2402);
#2402 = DEFINITIONAL_REPRESENTATION('',(#2403),#2407);
#2403 = LINE('',#2404,#2405);
#2404 = CARTESIAN_POINT('',(0.,0.));
#2405 = VECTOR('',#2406,1.);
#2406 = DIRECTION('',(0.,-1.));
#2407 = ( GEOMETRIC_REPRESENTATION_CONTEXT(2) 
PARAMETRIC_REPRESENTATION_CONTEXT() REPRESENTATION_CONTEXT('2D SPACE',''
  ) );
#2408 = PCURVE('',#1841,#2409);
#2409 = DEFINITIONAL_REPRESENTATION('',(#2410),#2414);
#2410 = LINE('',#2411,#2412);
#2411 = CARTESIAN_POINT('',(1.5,0.));
#2412 = VECTOR('',#2413,1.);
#2413 = DIRECTION('',(0.,1.));
#2414 = ( GEOMETRIC_REPRESENTATION_CONTEXT(2) 
PARAMETRIC_REPRESENTATION_CONTEXT() REPRESENTATION_CONTEXT('2D SPACE',''
  ) );
#2415 = ORIENTED_EDGE('',*,*,#2020,.F.);
#2416 = ORIENTED_EDGE('',*,*,#2417,.F.);
#2417 = EDGE_CURVE('',#2418,#2021,#2420,.T.);
#2418 = VERTEX_POINT('',#2419);
#2419 = CARTESIAN_POINT('',(0.75,-16.,61.));
#2420 = SURFACE_CURVE('',#2421,(#2425,#2431),.PCURVE_S1.);
#2421 = LINE('',#2422,#2423);
#2422 = CARTESIAN_POINT('',(0.75,-16.5,61.));
#2423 = VECTOR('',#2424,1.);
#2424 = DIRECTION('',(0.,1.,0.));
#2425 = PCURVE('',#1872,#2426);
#2426 = DEFINITIONAL_REPRESENTATION('',(#2427),#2430);
#2427 = B_SPLINE_CURVE_WITH_KNOTS('',1,(#2428,#2429),.UNSPECIFIED.,.F.,
  .F.,(2,2),(0.5,12.85),.PIECEWISE_BEZIER_KNOTS.);
#2428 = CARTESIAN_POINT('',(20.5,-1.));
#2429 = CARTESIAN_POINT('',(20.5,-13.35));
#2430 = ( GEOMETRIC_REPRESENTATION_CONTEXT(2) 
PARAMETRIC_REPRESENTATION_CONTEXT() REPRESENTATION_CONTEXT('2D SPACE',''
  ) );
#2431 = PCURVE('',#1955,#2432);
#2432 = DEFINITIONAL_REPRESENTATION('',(#2433),#2436);
#2433 = B_SPLINE_CURVE_WITH_KNOTS('',1,(#2434,#2435),.UNSPECIFIED.,.F.,
  .F.,(2,2),(0.5,12.85),.PIECEWISE_BEZIER_KNOTS.);
#2434 = CARTESIAN_POINT('',(11.75,0.));
#2435 = CARTESIAN_POINT('',(11.75,12.35));
#2436 = ( GEOMETRIC_REPRESENTATION_CONTEXT(2) 
PARAMETRIC_REPRESENTATION_CONTEXT() REPRESENTATION_CONTEXT('2D SPACE',''
  ) );
#2437 = ORIENTED_EDGE('',*,*,#2438,.T.);
#2438 = EDGE_CURVE('',#2418,#2317,#2439,.T.);
#2439 = SURFACE_CURVE('',#2440,(#2444,#2450),.PCURVE_S1.);
#2440 = LINE('',#2441,#2442);
#2441 = CARTESIAN_POINT('',(0.75,-16.,40.75));
#2442 = VECTOR('',#2443,1.);
#2443 = DIRECTION('',(0.,0.,-1.));
#2444 = PCURVE('',#1872,#2445);
#2445 = DEFINITIONAL_REPRESENTATION('',(#2446),#2449);
#2446 = B_SPLINE_CURVE_WITH_KNOTS('',1,(#2447,#2448),.UNSPECIFIED.,.F.,
  .F.,(2,2),(-20.25,-0.25),.PIECEWISE_BEZIER_KNOTS.);
#2447 = CARTESIAN_POINT('',(20.5,-1.));
#2448 = CARTESIAN_POINT('',(0.5,-1.));
#2449 = ( GEOMETRIC_REPRESENTATION_CONTEXT(2) 
PARAMETRIC_REPRESENTATION_CONTEXT() REPRESENTATION_CONTEXT('2D SPACE',''
  ) );
#2450 = PCURVE('',#2353,#2451);
#2451 = DEFINITIONAL_REPRESENTATION('',(#2452),#2455);
#2452 = B_SPLINE_CURVE_WITH_KNOTS('',1,(#2453,#2454),.UNSPECIFIED.,.F.,
  .F.,(2,2),(-20.25,-0.25),.PIECEWISE_BEZIER_KNOTS.);
#2453 = CARTESIAN_POINT('',(20.,11.75));
#2454 = CARTESIAN_POINT('',(0.,11.75));
#2455 = ( GEOMETRIC_REPRESENTATION_CONTEXT(2) 
PARAMETRIC_REPRESENTATION_CONTEXT() REPRESENTATION_CONTEXT('2D SPACE',''
  ) );
#2456 = ORIENTED_EDGE('',*,*,#2316,.T.);
#2457 = FACE_BOUND('',#2458,.F.);
#2458 = EDGE_LOOP('',(#2459));
#2459 = ORIENTED_EDGE('',*,*,#2460,.T.);
#2460 = EDGE_CURVE('',#2461,#2461,#2463,.T.);
#2461 = VERTEX_POINT('',#2462);
#2462 = CARTESIAN_POINT('',(0.75,-8.8,51.));
#2463 = SURFACE_CURVE('',#2464,(#2469,#2480),.PCURVE_S1.);
#2464 = CIRCLE('',#2465,1.7);
#2465 = AXIS2_PLACEMENT_3D('',#2466,#2467,#2468);
#2466 = CARTESIAN_POINT('',(0.75,-10.5,51.));
#2467 = DIRECTION('',(-1.,0.,0.));
#2468 = DIRECTION('',(0.,1.,0.));
#2469 = PCURVE('',#1872,#2470);
#2470 = DEFINITIONAL_REPRESENTATION('',(#2471),#2479);
#2471 = ( BOUNDED_CURVE() B_SPLINE_CURVE(2,(#2472,#2473,#2474,#2475,
#2476,#2477,#2478),.UNSPECIFIED.,.T.,.F.) B_SPLINE_CURVE_WITH_KNOTS((1,2
    ,2,2,2,1),(-2.094395102393,0.,2.094395102393,4.188790204786,
6.28318530718,8.377580409573),.UNSPECIFIED.) CURVE() 
GEOMETRIC_REPRESENTATION_ITEM() RATIONAL_B_SPLINE_CURVE((1.,0.5,1.,0.5,
1.,0.5,1.)) REPRESENTATION_ITEM('') );
#2472 = CARTESIAN_POINT('',(10.5,-8.2));
#2473 = CARTESIAN_POINT('',(7.555513627133,-8.2));
#2474 = CARTESIAN_POINT('',(9.027756813566,-5.65));
#2475 = CARTESIAN_POINT('',(10.5,-3.1));
#2476 = CARTESIAN_POINT('',(11.972243186434,-5.65));
#2477 = CARTESIAN_POINT('',(13.444486372867,-8.2));
#2478 = CARTESIAN_POINT('',(10.5,-8.2));
#2479 = ( GEOMETRIC_REPRESENTATION_CONTEXT(2) 
PARAMETRIC_REPRESENTATION_CONTEXT() REPRESENTATION_CONTEXT('2D SPACE',''
  ) );
#2480 = PCURVE('',#2481,#2486);
#2481 = CYLINDRICAL_SURFACE('',#2482,1.7);
#2482 = AXIS2_PLACEMENT_3D('',#2483,#2484,#2485);
#2483 = CARTESIAN_POINT('',(-15.,-10.5,51.));
#2484 = DIRECTION('',(-1.,-0.,-0.));
#2485 = DIRECTION('',(0.,1.,0.));
#2486 = DEFINITIONAL_REPRESENTATION('',(#2487),#2491);
#2487 = LINE('',#2488,#2489);
#2488 = CARTESIAN_POINT('',(-6.28318530718,-15.75));
#2489 = VECTOR('',#2490,1.);
#2490 = DIRECTION('',(1.,-0.));
#2491 = ( GEOMETRIC_REPRESENTATION_CONTEXT(2) 
PARAMETRIC_REPRESENTATION_CONTEXT() REPRESENTATION_CONTEXT('2D SPACE',''
  ) );
#2492 = ADVANCED_FACE('',(#2493),#1841,.T.);
#2493 = FACE_BOUND('',#2494,.T.);
#2494 = EDGE_LOOP('',(#2495,#2516,#2517,#2518));
#2495 = ORIENTED_EDGE('',*,*,#2496,.F.);
#2496 = EDGE_CURVE('',#1799,#1972,#2497,.T.);
#2497 = SURFACE_CURVE('',#2498,(#2502,#2509),.PCURVE_S1.);
#2498 = LINE('',#2499,#2500);
#2499 = CARTESIAN_POINT('',(-0.75,-17.,40.5));
#2500 = VECTOR('',#2501,1.);
#2501 = DIRECTION('',(0.,1.,0.));
#2502 = PCURVE('',#1841,#2503);
#2503 = DEFINITIONAL_REPRESENTATION('',(#2504),#2508);
#2504 = LINE('',#2505,#2506);
#2505 = CARTESIAN_POINT('',(0.,0.));
#2506 = VECTOR('',#2507,1.);
#2507 = DIRECTION('',(0.,1.));
#2508 = ( GEOMETRIC_REPRESENTATION_CONTEXT(2) 
PARAMETRIC_REPRESENTATION_CONTEXT() REPRESENTATION_CONTEXT('2D SPACE',''
  ) );
#2509 = PCURVE('',#1813,#2510);
#2510 = DEFINITIONAL_REPRESENTATION('',(#2511),#2515);
#2511 = LINE('',#2512,#2513);
#2512 = CARTESIAN_POINT('',(0.,0.));
#2513 = VECTOR('',#2514,1.);
#2514 = DIRECTION('',(0.,-1.));
#2515 = ( GEOMETRIC_REPRESENTATION_CONTEXT(2) 
PARAMETRIC_REPRESENTATION_CONTEXT() REPRESENTATION_CONTEXT('2D SPACE',''
  ) );
#2516 = ORIENTED_EDGE('',*,*,#1824,.F.);
#2517 = ORIENTED_EDGE('',*,*,#2395,.T.);
#2518 = ORIENTED_EDGE('',*,*,#1992,.T.);
#2519 = ADVANCED_FACE('',(#2520,#2566),#1813,.T.);
#2520 = FACE_BOUND('',#2521,.T.);
#2521 = EDGE_LOOP('',(#2522,#2523,#2524,#2525,#2546,#2565));
#2522 = ORIENTED_EDGE('',*,*,#1798,.T.);
#2523 = ORIENTED_EDGE('',*,*,#2496,.T.);
#2524 = ORIENTED_EDGE('',*,*,#1971,.F.);
#2525 = ORIENTED_EDGE('',*,*,#2526,.F.);
#2526 = EDGE_CURVE('',#2527,#1939,#2529,.T.);
#2527 = VERTEX_POINT('',#2528);
#2528 = CARTESIAN_POINT('',(-0.75,-16.,61.));
#2529 = SURFACE_CURVE('',#2530,(#2534,#2540),.PCURVE_S1.);
#2530 = LINE('',#2531,#2532);
#2531 = CARTESIAN_POINT('',(-0.75,-16.5,61.));
#2532 = VECTOR('',#2533,1.);
#2533 = DIRECTION('',(0.,1.,0.));
#2534 = PCURVE('',#1813,#2535);
#2535 = DEFINITIONAL_REPRESENTATION('',(#2536),#2539);
#2536 = B_SPLINE_CURVE_WITH_KNOTS('',1,(#2537,#2538),.UNSPECIFIED.,.F.,
  .F.,(2,2),(0.5,12.85),.PIECEWISE_BEZIER_KNOTS.);
#2537 = CARTESIAN_POINT('',(20.5,-1.));
#2538 = CARTESIAN_POINT('',(20.5,-13.35));
#2539 = ( GEOMETRIC_REPRESENTATION_CONTEXT(2) 
PARAMETRIC_REPRESENTATION_CONTEXT() REPRESENTATION_CONTEXT('2D SPACE',''
  ) );
#2540 = PCURVE('',#1955,#2541);
#2541 = DEFINITIONAL_REPRESENTATION('',(#2542),#2545);
#2542 = B_SPLINE_CURVE_WITH_KNOTS('',1,(#2543,#2544),.UNSPECIFIED.,.F.,
  .F.,(2,2),(0.5,12.85),.PIECEWISE_BEZIER_KNOTS.);
#2543 = CARTESIAN_POINT('',(10.25,0.));
#2544 = CARTESIAN_POINT('',(10.25,12.35));
#2545 = ( GEOMETRIC_REPRESENTATION_CONTEXT(2) 
PARAMETRIC_REPRESENTATION_CONTEXT() REPRESENTATION_CONTEXT('2D SPACE',''
  ) );
#2546 = ORIENTED_EDGE('',*,*,#2547,.T.);
#2547 = EDGE_CURVE('',#2527,#2268,#2548,.T.);
#2548 = SURFACE_CURVE('',#2549,(#2553,#2559),.PCURVE_S1.);
#2549 = LINE('',#2550,#2551);
#2550 = CARTESIAN_POINT('',(-0.75,-16.,40.75));
#2551 = VECTOR('',#2552,1.);
#2552 = DIRECTION('',(0.,0.,-1.));
#2553 = PCURVE('',#1813,#2554);
#2554 = DEFINITIONAL_REPRESENTATION('',(#2555),#2558);
#2555 = B_SPLINE_CURVE_WITH_KNOTS('',1,(#2556,#2557),.UNSPECIFIED.,.F.,
  .F.,(2,2),(-20.25,-0.25),.PIECEWISE_BEZIER_KNOTS.);
#2556 = CARTESIAN_POINT('',(20.5,-1.));
#2557 = CARTESIAN_POINT('',(0.5,-1.));
#2558 = ( GEOMETRIC_REPRESENTATION_CONTEXT(2) 
PARAMETRIC_REPRESENTATION_CONTEXT() REPRESENTATION_CONTEXT('2D SPACE',''
  ) );
#2559 = PCURVE('',#2283,#2560);
#2560 = DEFINITIONAL_REPRESENTATION('',(#2561),#2564);
#2561 = B_SPLINE_CURVE_WITH_KNOTS('',1,(#2562,#2563),.UNSPECIFIED.,.F.,
  .F.,(2,2),(-20.25,-0.25),.PIECEWISE_BEZIER_KNOTS.);
#2562 = CARTESIAN_POINT('',(20.,10.25));
#2563 = CARTESIAN_POINT('',(0.,10.25));
#2564 = ( GEOMETRIC_REPRESENTATION_CONTEXT(2) 
PARAMETRIC_REPRESENTATION_CONTEXT() REPRESENTATION_CONTEXT('2D SPACE',''
  ) );
#2565 = ORIENTED_EDGE('',*,*,#2295,.T.);
#2566 = FACE_BOUND('',#2567,.T.);
#2567 = EDGE_LOOP('',(#2568));
#2568 = ORIENTED_EDGE('',*,*,#2569,.T.);
#2569 = EDGE_CURVE('',#2570,#2570,#2572,.T.);
#2570 = VERTEX_POINT('',#2571);
#2571 = CARTESIAN_POINT('',(-0.75,-8.8,51.));
#2572 = SURFACE_CURVE('',#2573,(#2578,#2589),.PCURVE_S1.);
#2573 = CIRCLE('',#2574,1.7);
#2574 = AXIS2_PLACEMENT_3D('',#2575,#2576,#2577);
#2575 = CARTESIAN_POINT('',(-0.75,-10.5,51.));
#2576 = DIRECTION('',(-1.,0.,0.));
#2577 = DIRECTION('',(0.,1.,0.));
#2578 = PCURVE('',#1813,#2579);
#2579 = DEFINITIONAL_REPRESENTATION('',(#2580),#2588);
#2580 = ( BOUNDED_CURVE() B_SPLINE_CURVE(2,(#2581,#2582,#2583,#2584,
#2585,#2586,#2587),.UNSPECIFIED.,.T.,.F.) B_SPLINE_CURVE_WITH_KNOTS((1,2
    ,2,2,2,1),(-2.094395102393,0.,2.094395102393,4.188790204786,
6.28318530718,8.377580409573),.UNSPECIFIED.) CURVE() 
GEOMETRIC_REPRESENTATION_ITEM() RATIONAL_B_SPLINE_CURVE((1.,0.5,1.,0.5,
1.,0.5,1.)) REPRESENTATION_ITEM('') );
#2581 = CARTESIAN_POINT('',(10.5,-8.2));
#2582 = CARTESIAN_POINT('',(7.555513627133,-8.2));
#2583 = CARTESIAN_POINT('',(9.027756813566,-5.65));
#2584 = CARTESIAN_POINT('',(10.5,-3.1));
#2585 = CARTESIAN_POINT('',(11.972243186434,-5.65));
#2586 = CARTESIAN_POINT('',(13.444486372867,-8.2));
#2587 = CARTESIAN_POINT('',(10.5,-8.2));
#2588 = ( GEOMETRIC_REPRESENTATION_CONTEXT(2) 
PARAMETRIC_REPRESENTATION_CONTEXT() REPRESENTATION_CONTEXT('2D SPACE',''
  ) );
#2589 = PCURVE('',#2590,#2595);
#2590 = CYLINDRICAL_SURFACE('',#2591,1.7);
#2591 = AXIS2_PLACEMENT_3D('',#2592,#2593,#2594);
#2592 = CARTESIAN_POINT('',(-15.,-10.5,51.));
#2593 = DIRECTION('',(-1.,-0.,-0.));
#2594 = DIRECTION('',(0.,1.,0.));
#2595 = DEFINITIONAL_REPRESENTATION('',(#2596),#2600);
#2596 = LINE('',#2597,#2598);
#2597 = CARTESIAN_POINT('',(-6.28318530718,-14.25));
#2598 = VECTOR('',#2599,1.);
#2599 = DIRECTION('',(1.,-0.));
#2600 = ( GEOMETRIC_REPRESENTATION_CONTEXT(2) 
PARAMETRIC_REPRESENTATION_CONTEXT() REPRESENTATION_CONTEXT('2D SPACE',''
  ) );
#2601 = ADVANCED_FACE('',(#2602),#1955,.T.);
#2602 = FACE_BOUND('',#2603,.T.);
#2603 = EDGE_LOOP('',(#2604,#2629,#2652,#2673,#2674,#2675,#2676,#2677,
    #2700,#2723,#2749,#2775,#2796,#2819,#2842,#2868,#2895));
#2604 = ORIENTED_EDGE('',*,*,#2605,.F.);
#2605 = EDGE_CURVE('',#2606,#2608,#2610,.T.);
#2606 = VERTEX_POINT('',#2607);
#2607 = CARTESIAN_POINT('',(-11.,34.,61.));
#2608 = VERTEX_POINT('',#2609);
#2609 = CARTESIAN_POINT('',(-0.75,34.,61.));
#2610 = SURFACE_CURVE('',#2611,(#2615,#2622),.PCURVE_S1.);
#2611 = LINE('',#2612,#2613);
#2612 = CARTESIAN_POINT('',(-11.,34.,61.));
#2613 = VECTOR('',#2614,1.);
#2614 = DIRECTION('',(1.,0.,0.));
#2615 = PCURVE('',#1955,#2616);
#2616 = DEFINITIONAL_REPRESENTATION('',(#2617),#2621);
#2617 = LINE('',#2618,#2619);
#2618 = CARTESIAN_POINT('',(0.,50.));
#2619 = VECTOR('',#2620,1.);
#2620 = DIRECTION('',(1.,0.));
#2621 = ( GEOMETRIC_REPRESENTATION_CONTEXT(2) 
PARAMETRIC_REPRESENTATION_CONTEXT() REPRESENTATION_CONTEXT('2D SPACE',''
  ) );
#2622 = PCURVE('',#2227,#2623);
#2623 = DEFINITIONAL_REPRESENTATION('',(#2624),#2628);
#2624 = LINE('',#2625,#2626);
#2625 = CARTESIAN_POINT('',(20.,0.));
#2626 = VECTOR('',#2627,1.);
#2627 = DIRECTION('',(0.,1.));
#2628 = ( GEOMETRIC_REPRESENTATION_CONTEXT(2) 
PARAMETRIC_REPRESENTATION_CONTEXT() REPRESENTATION_CONTEXT('2D SPACE',''
  ) );
#2629 = ORIENTED_EDGE('',*,*,#2630,.F.);
#2630 = EDGE_CURVE('',#2631,#2606,#2633,.T.);
#2631 = VERTEX_POINT('',#2632);
#2632 = CARTESIAN_POINT('',(-11.,-16.,61.));
#2633 = SURFACE_CURVE('',#2634,(#2638,#2645),.PCURVE_S1.);
#2634 = LINE('',#2635,#2636);
#2635 = CARTESIAN_POINT('',(-11.,-16.,61.));
#2636 = VECTOR('',#2637,1.);
#2637 = DIRECTION('',(0.,1.,0.));
#2638 = PCURVE('',#1955,#2639);
#2639 = DEFINITIONAL_REPRESENTATION('',(#2640),#2644);
#2640 = LINE('',#2641,#2642);
#2641 = CARTESIAN_POINT('',(0.,0.));
#2642 = VECTOR('',#2643,1.);
#2643 = DIRECTION('',(0.,1.));
#2644 = ( GEOMETRIC_REPRESENTATION_CONTEXT(2) 
PARAMETRIC_REPRESENTATION_CONTEXT() REPRESENTATION_CONTEXT('2D SPACE',''
  ) );
#2645 = PCURVE('',#2255,#2646);
#2646 = DEFINITIONAL_REPRESENTATION('',(#2647),#2651);
#2647 = LINE('',#2648,#2649);
#2648 = CARTESIAN_POINT('',(20.,0.));
#2649 = VECTOR('',#2650,1.);
#2650 = DIRECTION('',(0.,-1.));
#2651 = ( GEOMETRIC_REPRESENTATION_CONTEXT(2) 
PARAMETRIC_REPRESENTATION_CONTEXT() REPRESENTATION_CONTEXT('2D SPACE',''
  ) );
#2652 = ORIENTED_EDGE('',*,*,#2653,.T.);
#2653 = EDGE_CURVE('',#2631,#2527,#2654,.T.);
#2654 = SURFACE_CURVE('',#2655,(#2659,#2666),.PCURVE_S1.);
#2655 = LINE('',#2656,#2657);
#2656 = CARTESIAN_POINT('',(-11.,-16.,61.));
#2657 = VECTOR('',#2658,1.);
#2658 = DIRECTION('',(1.,0.,0.));
#2659 = PCURVE('',#1955,#2660);
#2660 = DEFINITIONAL_REPRESENTATION('',(#2661),#2665);
#2661 = LINE('',#2662,#2663);
#2662 = CARTESIAN_POINT('',(0.,0.));
#2663 = VECTOR('',#2664,1.);
#2664 = DIRECTION('',(1.,0.));
#2665 = ( GEOMETRIC_REPRESENTATION_CONTEXT(2) 
PARAMETRIC_REPRESENTATION_CONTEXT() REPRESENTATION_CONTEXT('2D SPACE',''
  ) );
#2666 = PCURVE('',#2283,#2667);
#2667 = DEFINITIONAL_REPRESENTATION('',(#2668),#2672);
#2668 = LINE('',#2669,#2670);
#2669 = CARTESIAN_POINT('',(20.,0.));
#2670 = VECTOR('',#2671,1.);
#2671 = DIRECTION('',(0.,1.));
#2672 = ( GEOMETRIC_REPRESENTATION_CONTEXT(2) 
PARAMETRIC_REPRESENTATION_CONTEXT() REPRESENTATION_CONTEXT('2D SPACE',''
  ) );
#2673 = ORIENTED_EDGE('',*,*,#2526,.T.);
#2674 = ORIENTED_EDGE('',*,*,#1938,.T.);
#2675 = ORIENTED_EDGE('',*,*,#2041,.T.);
#2676 = ORIENTED_EDGE('',*,*,#2417,.F.);
#2677 = ORIENTED_EDGE('',*,*,#2678,.T.);
#2678 = EDGE_CURVE('',#2418,#2679,#2681,.T.);
#2679 = VERTEX_POINT('',#2680);
#2680 = CARTESIAN_POINT('',(11.,-16.,61.));
#2681 = SURFACE_CURVE('',#2682,(#2686,#2693),.PCURVE_S1.);
#2682 = LINE('',#2683,#2684);
#2683 = CARTESIAN_POINT('',(-11.,-16.,61.));
#2684 = VECTOR('',#2685,1.);
#2685 = DIRECTION('',(1.,0.,0.));
#2686 = PCURVE('',#1955,#2687);
#2687 = DEFINITIONAL_REPRESENTATION('',(#2688),#2692);
#2688 = LINE('',#2689,#2690);
#2689 = CARTESIAN_POINT('',(0.,0.));
#2690 = VECTOR('',#2691,1.);
#2691 = DIRECTION('',(1.,0.));
#2692 = ( GEOMETRIC_REPRESENTATION_CONTEXT(2) 
PARAMETRIC_REPRESENTATION_CONTEXT() REPRESENTATION_CONTEXT('2D SPACE',''
  ) );
#2693 = PCURVE('',#2353,#2694);
#2694 = DEFINITIONAL_REPRESENTATION('',(#2695),#2699);
#2695 = LINE('',#2696,#2697);
#2696 = CARTESIAN_POINT('',(20.,0.));
#2697 = VECTOR('',#2698,1.);
#2698 = DIRECTION('',(0.,1.));
#2699 = ( GEOMETRIC_REPRESENTATION_CONTEXT(2) 
PARAMETRIC_REPRESENTATION_CONTEXT() REPRESENTATION_CONTEXT('2D SPACE',''
  ) );
#2700 = ORIENTED_EDGE('',*,*,#2701,.T.);
#2701 = EDGE_CURVE('',#2679,#2702,#2704,.T.);
#2702 = VERTEX_POINT('',#2703);
#2703 = CARTESIAN_POINT('',(11.,20.25,61.));
#2704 = SURFACE_CURVE('',#2705,(#2709,#2716),.PCURVE_S1.);
#2705 = LINE('',#2706,#2707);
#2706 = CARTESIAN_POINT('',(11.,-16.,61.));
#2707 = VECTOR('',#2708,1.);
#2708 = DIRECTION('',(0.,1.,0.));
#2709 = PCURVE('',#1955,#2710);
#2710 = DEFINITIONAL_REPRESENTATION('',(#2711),#2715);
#2711 = LINE('',#2712,#2713);
#2712 = CARTESIAN_POINT('',(22.,0.));
#2713 = VECTOR('',#2714,1.);
#2714 = DIRECTION('',(0.,1.));
#2715 = ( GEOMETRIC_REPRESENTATION_CONTEXT(2) 
PARAMETRIC_REPRESENTATION_CONTEXT() REPRESENTATION_CONTEXT('2D SPACE',''
  ) );
#2716 = PCURVE('',#2379,#2717);
#2717 = DEFINITIONAL_REPRESENTATION('',(#2718),#2722);
#2718 = LINE('',#2719,#2720);
#2719 = CARTESIAN_POINT('',(20.,0.));
#2720 = VECTOR('',#2721,1.);
#2721 = DIRECTION('',(0.,-1.));
#2722 = ( GEOMETRIC_REPRESENTATION_CONTEXT(2) 
PARAMETRIC_REPRESENTATION_CONTEXT() REPRESENTATION_CONTEXT('2D SPACE',''
  ) );
#2723 = ORIENTED_EDGE('',*,*,#2724,.T.);
#2724 = EDGE_CURVE('',#2702,#2725,#2727,.T.);
#2725 = VERTEX_POINT('',#2726);
#2726 = CARTESIAN_POINT('',(8.,20.25,61.));
#2727 = SURFACE_CURVE('',#2728,(#2732,#2738),.PCURVE_S1.);
#2728 = LINE('',#2729,#2730);
#2729 = CARTESIAN_POINT('',(8.,20.25,61.));
#2730 = VECTOR('',#2731,1.);
#2731 = DIRECTION('',(-1.,-0.,-0.));
#2732 = PCURVE('',#1955,#2733);
#2733 = DEFINITIONAL_REPRESENTATION('',(#2734),#2737);
#2734 = B_SPLINE_CURVE_WITH_KNOTS('',1,(#2735,#2736),.UNSPECIFIED.,.F.,
  .F.,(2,2),(-5.2,5.999999999062E-07),.PIECEWISE_BEZIER_KNOTS.);
#2735 = CARTESIAN_POINT('',(24.2,36.25));
#2736 = CARTESIAN_POINT('',(18.9999994,36.25));
#2737 = ( GEOMETRIC_REPRESENTATION_CONTEXT(2) 
PARAMETRIC_REPRESENTATION_CONTEXT() REPRESENTATION_CONTEXT('2D SPACE',''
  ) );
#2738 = PCURVE('',#2739,#2744);
#2739 = CYLINDRICAL_SURFACE('',#2740,3.25);
#2740 = AXIS2_PLACEMENT_3D('',#2741,#2742,#2743);
#2741 = CARTESIAN_POINT('',(8.,21.5,58.));
#2742 = DIRECTION('',(-1.,-0.,-0.));
#2743 = DIRECTION('',(0.,1.,0.));
#2744 = DEFINITIONAL_REPRESENTATION('',(#2745),#2748);
#2745 = B_SPLINE_CURVE_WITH_KNOTS('',1,(#2746,#2747),.UNSPECIFIED.,.F.,
  .F.,(2,2),(-3.,-0.),.PIECEWISE_BEZIER_KNOTS.);
#2746 = CARTESIAN_POINT('',(-1.965587446495,-3.));
#2747 = CARTESIAN_POINT('',(-1.965587446495,0.));
#2748 = ( GEOMETRIC_REPRESENTATION_CONTEXT(2) 
PARAMETRIC_REPRESENTATION_CONTEXT() REPRESENTATION_CONTEXT('2D SPACE',''
  ) );
#2749 = ORIENTED_EDGE('',*,*,#2750,.T.);
#2750 = EDGE_CURVE('',#2725,#2751,#2753,.T.);
#2751 = VERTEX_POINT('',#2752);
#2752 = CARTESIAN_POINT('',(8.,22.75,61.));
#2753 = SURFACE_CURVE('',#2754,(#2758,#2764),.PCURVE_S1.);
#2754 = LINE('',#2755,#2756);
#2755 = CARTESIAN_POINT('',(8.,2.75,61.));
#2756 = VECTOR('',#2757,1.);
#2757 = DIRECTION('',(0.,1.,0.));
#2758 = PCURVE('',#1955,#2759);
#2759 = DEFINITIONAL_REPRESENTATION('',(#2760),#2763);
#2760 = B_SPLINE_CURVE_WITH_KNOTS('',1,(#2761,#2762),.UNSPECIFIED.,.F.,
  .F.,(2,2),(15.5,22.),.PIECEWISE_BEZIER_KNOTS.);
#2761 = CARTESIAN_POINT('',(19.,34.25));
#2762 = CARTESIAN_POINT('',(19.,40.75));
#2763 = ( GEOMETRIC_REPRESENTATION_CONTEXT(2) 
PARAMETRIC_REPRESENTATION_CONTEXT() REPRESENTATION_CONTEXT('2D SPACE',''
  ) );
#2764 = PCURVE('',#2765,#2770);
#2765 = PLANE('',#2766);
#2766 = AXIS2_PLACEMENT_3D('',#2767,#2768,#2769);
#2767 = CARTESIAN_POINT('',(8.,21.5,58.));
#2768 = DIRECTION('',(1.,0.,0.));
#2769 = DIRECTION('',(-0.,0.,1.));
#2770 = DEFINITIONAL_REPRESENTATION('',(#2771),#2774);
#2771 = B_SPLINE_CURVE_WITH_KNOTS('',1,(#2772,#2773),.UNSPECIFIED.,.F.,
  .F.,(2,2),(15.5,22.),.PIECEWISE_BEZIER_KNOTS.);
#2772 = CARTESIAN_POINT('',(3.,3.25));
#2773 = CARTESIAN_POINT('',(3.,-3.25));
#2774 = ( GEOMETRIC_REPRESENTATION_CONTEXT(2) 
PARAMETRIC_REPRESENTATION_CONTEXT() REPRESENTATION_CONTEXT('2D SPACE',''
  ) );
#2775 = ORIENTED_EDGE('',*,*,#2776,.F.);
#2776 = EDGE_CURVE('',#2777,#2751,#2779,.T.);
#2777 = VERTEX_POINT('',#2778);
#2778 = CARTESIAN_POINT('',(11.,22.75,61.));
#2779 = SURFACE_CURVE('',#2780,(#2784,#2790),.PCURVE_S1.);
#2780 = LINE('',#2781,#2782);
#2781 = CARTESIAN_POINT('',(8.,22.75,61.));
#2782 = VECTOR('',#2783,1.);
#2783 = DIRECTION('',(-1.,-0.,-0.));
#2784 = PCURVE('',#1955,#2785);
#2785 = DEFINITIONAL_REPRESENTATION('',(#2786),#2789);
#2786 = B_SPLINE_CURVE_WITH_KNOTS('',1,(#2787,#2788),.UNSPECIFIED.,.F.,
  .F.,(2,2),(-5.2,5.999999999062E-07),.PIECEWISE_BEZIER_KNOTS.);
#2787 = CARTESIAN_POINT('',(24.2,38.75));
#2788 = CARTESIAN_POINT('',(18.9999994,38.75));
#2789 = ( GEOMETRIC_REPRESENTATION_CONTEXT(2) 
PARAMETRIC_REPRESENTATION_CONTEXT() REPRESENTATION_CONTEXT('2D SPACE',''
  ) );
#2790 = PCURVE('',#2739,#2791);
#2791 = DEFINITIONAL_REPRESENTATION('',(#2792),#2795);
#2792 = B_SPLINE_CURVE_WITH_KNOTS('',1,(#2793,#2794),.UNSPECIFIED.,.F.,
  .F.,(2,2),(-3.,-0.),.PIECEWISE_BEZIER_KNOTS.);
#2793 = CARTESIAN_POINT('',(-7.459190514275,-3.));
#2794 = CARTESIAN_POINT('',(-7.459190514275,0.));
#2795 = ( GEOMETRIC_REPRESENTATION_CONTEXT(2) 
PARAMETRIC_REPRESENTATION_CONTEXT() REPRESENTATION_CONTEXT('2D SPACE',''
  ) );
#2796 = ORIENTED_EDGE('',*,*,#2797,.T.);
#2797 = EDGE_CURVE('',#2777,#2798,#2800,.T.);
#2798 = VERTEX_POINT('',#2799);
#2799 = CARTESIAN_POINT('',(11.,34.,61.));
#2800 = SURFACE_CURVE('',#2801,(#2805,#2812),.PCURVE_S1.);
#2801 = LINE('',#2802,#2803);
#2802 = CARTESIAN_POINT('',(11.,-16.,61.));
#2803 = VECTOR('',#2804,1.);
#2804 = DIRECTION('',(0.,1.,0.));
#2805 = PCURVE('',#1955,#2806);
#2806 = DEFINITIONAL_REPRESENTATION('',(#2807),#2811);
#2807 = LINE('',#2808,#2809);
#2808 = CARTESIAN_POINT('',(22.,0.));
#2809 = VECTOR('',#2810,1.);
#2810 = DIRECTION('',(0.,1.));
#2811 = ( GEOMETRIC_REPRESENTATION_CONTEXT(2) 
PARAMETRIC_REPRESENTATION_CONTEXT() REPRESENTATION_CONTEXT('2D SPACE',''
  ) );
#2812 = PCURVE('',#2379,#2813);
#2813 = DEFINITIONAL_REPRESENTATION('',(#2814),#2818);
#2814 = LINE('',#2815,#2816);
#2815 = CARTESIAN_POINT('',(20.,0.));
#2816 = VECTOR('',#2817,1.);
#2817 = DIRECTION('',(0.,-1.));
#2818 = ( GEOMETRIC_REPRESENTATION_CONTEXT(2) 
PARAMETRIC_REPRESENTATION_CONTEXT() REPRESENTATION_CONTEXT('2D SPACE',''
  ) );
#2819 = ORIENTED_EDGE('',*,*,#2820,.F.);
#2820 = EDGE_CURVE('',#2821,#2798,#2823,.T.);
#2821 = VERTEX_POINT('',#2822);
#2822 = CARTESIAN_POINT('',(0.75,34.,61.));
#2823 = SURFACE_CURVE('',#2824,(#2828,#2835),.PCURVE_S1.);
#2824 = LINE('',#2825,#2826);
#2825 = CARTESIAN_POINT('',(-11.,34.,61.));
#2826 = VECTOR('',#2827,1.);
#2827 = DIRECTION('',(1.,0.,0.));
#2828 = PCURVE('',#1955,#2829);
#2829 = DEFINITIONAL_REPRESENTATION('',(#2830),#2834);
#2830 = LINE('',#2831,#2832);
#2831 = CARTESIAN_POINT('',(0.,50.));
#2832 = VECTOR('',#2833,1.);
#2833 = DIRECTION('',(1.,0.));
#2834 = ( GEOMETRIC_REPRESENTATION_CONTEXT(2) 
PARAMETRIC_REPRESENTATION_CONTEXT() REPRESENTATION_CONTEXT('2D SPACE',''
  ) );
#2835 = PCURVE('',#2227,#2836);
#2836 = DEFINITIONAL_REPRESENTATION('',(#2837),#2841);
#2837 = LINE('',#2838,#2839);
#2838 = CARTESIAN_POINT('',(20.,0.));
#2839 = VECTOR('',#2840,1.);
#2840 = DIRECTION('',(0.,1.));
#2841 = ( GEOMETRIC_REPRESENTATION_CONTEXT(2) 
PARAMETRIC_REPRESENTATION_CONTEXT() REPRESENTATION_CONTEXT('2D SPACE',''
  ) );
#2842 = ORIENTED_EDGE('',*,*,#2843,.F.);
#2843 = EDGE_CURVE('',#2844,#2821,#2846,.T.);
#2844 = VERTEX_POINT('',#2845);
#2845 = CARTESIAN_POINT('',(0.75,9.,61.));
#2846 = SURFACE_CURVE('',#2847,(#2851,#2857),.PCURVE_S1.);
#2847 = LINE('',#2848,#2849);
#2848 = CARTESIAN_POINT('',(0.75,-3.5,61.));
#2849 = VECTOR('',#2850,1.);
#2850 = DIRECTION('',(0.,1.,0.));
#2851 = PCURVE('',#1955,#2852);
#2852 = DEFINITIONAL_REPRESENTATION('',(#2853),#2856);
#2853 = B_SPLINE_CURVE_WITH_KNOTS('',1,(#2854,#2855),.UNSPECIFIED.,.F.,
  .F.,(2,2),(12.5,37.5),.PIECEWISE_BEZIER_KNOTS.);
#2854 = CARTESIAN_POINT('',(11.75,25.));
#2855 = CARTESIAN_POINT('',(11.75,50.));
#2856 = ( GEOMETRIC_REPRESENTATION_CONTEXT(2) 
PARAMETRIC_REPRESENTATION_CONTEXT() REPRESENTATION_CONTEXT('2D SPACE',''
  ) );
#2857 = PCURVE('',#2858,#2863);
#2858 = PLANE('',#2859);
#2859 = AXIS2_PLACEMENT_3D('',#2860,#2861,#2862);
#2860 = CARTESIAN_POINT('',(0.75,9.,51.));
#2861 = DIRECTION('',(1.,0.,0.));
#2862 = DIRECTION('',(0.,0.,1.));
#2863 = DEFINITIONAL_REPRESENTATION('',(#2864),#2867);
#2864 = B_SPLINE_CURVE_WITH_KNOTS('',1,(#2865,#2866),.UNSPECIFIED.,.F.,
  .F.,(2,2),(12.5,37.5),.PIECEWISE_BEZIER_KNOTS.);
#2865 = CARTESIAN_POINT('',(10.,0.));
#2866 = CARTESIAN_POINT('',(10.,-25.));
#2867 = ( GEOMETRIC_REPRESENTATION_CONTEXT(2) 
PARAMETRIC_REPRESENTATION_CONTEXT() REPRESENTATION_CONTEXT('2D SPACE',''
  ) );
#2868 = ORIENTED_EDGE('',*,*,#2869,.T.);
#2869 = EDGE_CURVE('',#2844,#2870,#2872,.T.);
#2870 = VERTEX_POINT('',#2871);
#2871 = CARTESIAN_POINT('',(-0.75,9.,61.));
#2872 = SURFACE_CURVE('',#2873,(#2877,#2883),.PCURVE_S1.);
#2873 = LINE('',#2874,#2875);
#2874 = CARTESIAN_POINT('',(-5.875,9.,61.));
#2875 = VECTOR('',#2876,1.);
#2876 = DIRECTION('',(-1.,0.,0.));
#2877 = PCURVE('',#1955,#2878);
#2878 = DEFINITIONAL_REPRESENTATION('',(#2879),#2882);
#2879 = B_SPLINE_CURVE_WITH_KNOTS('',1,(#2880,#2881),.UNSPECIFIED.,.F.,
  .F.,(2,2),(-6.625,-5.125),.PIECEWISE_BEZIER_KNOTS.);
#2880 = CARTESIAN_POINT('',(11.75,25.));
#2881 = CARTESIAN_POINT('',(10.25,25.));
#2882 = ( GEOMETRIC_REPRESENTATION_CONTEXT(2) 
PARAMETRIC_REPRESENTATION_CONTEXT() REPRESENTATION_CONTEXT('2D SPACE',''
  ) );
#2883 = PCURVE('',#2884,#2889);
#2884 = PLANE('',#2885);
#2885 = AXIS2_PLACEMENT_3D('',#2886,#2887,#2888);
#2886 = CARTESIAN_POINT('',(-0.75,9.,51.));
#2887 = DIRECTION('',(0.,1.,0.));
#2888 = DIRECTION('',(0.,0.,1.));
#2889 = DEFINITIONAL_REPRESENTATION('',(#2890),#2894);
#2890 = LINE('',#2891,#2892);
#2891 = CARTESIAN_POINT('',(10.,-5.125));
#2892 = VECTOR('',#2893,1.);
#2893 = DIRECTION('',(0.,-1.));
#2894 = ( GEOMETRIC_REPRESENTATION_CONTEXT(2) 
PARAMETRIC_REPRESENTATION_CONTEXT() REPRESENTATION_CONTEXT('2D SPACE',''
  ) );
#2895 = ORIENTED_EDGE('',*,*,#2896,.T.);
#2896 = EDGE_CURVE('',#2870,#2608,#2897,.T.);
#2897 = SURFACE_CURVE('',#2898,(#2902,#2908),.PCURVE_S1.);
#2898 = LINE('',#2899,#2900);
#2899 = CARTESIAN_POINT('',(-0.75,-3.5,61.));
#2900 = VECTOR('',#2901,1.);
#2901 = DIRECTION('',(0.,1.,0.));
#2902 = PCURVE('',#1955,#2903);
#2903 = DEFINITIONAL_REPRESENTATION('',(#2904),#2907);
#2904 = B_SPLINE_CURVE_WITH_KNOTS('',1,(#2905,#2906),.UNSPECIFIED.,.F.,
  .F.,(2,2),(12.5,37.5),.PIECEWISE_BEZIER_KNOTS.);
#2905 = CARTESIAN_POINT('',(10.25,25.));
#2906 = CARTESIAN_POINT('',(10.25,50.));
#2907 = ( GEOMETRIC_REPRESENTATION_CONTEXT(2) 
PARAMETRIC_REPRESENTATION_CONTEXT() REPRESENTATION_CONTEXT('2D SPACE',''
  ) );
#2908 = PCURVE('',#2909,#2914);
#2909 = PLANE('',#2910);
#2910 = AXIS2_PLACEMENT_3D('',#2911,#2912,#2913);
#2911 = CARTESIAN_POINT('',(-0.75,9.,51.));
#2912 = DIRECTION('',(1.,0.,0.));
#2913 = DIRECTION('',(0.,0.,1.));
#2914 = DEFINITIONAL_REPRESENTATION('',(#2915),#2918);
#2915 = B_SPLINE_CURVE_WITH_KNOTS('',1,(#2916,#2917),.UNSPECIFIED.,.F.,
  .F.,(2,2),(12.5,37.5),.PIECEWISE_BEZIER_KNOTS.);
#2916 = CARTESIAN_POINT('',(10.,0.));
#2917 = CARTESIAN_POINT('',(10.,-25.));
#2918 = ( GEOMETRIC_REPRESENTATION_CONTEXT(2) 
PARAMETRIC_REPRESENTATION_CONTEXT() REPRESENTATION_CONTEXT('2D SPACE',''
  ) );
#2919 = ADVANCED_FACE('',(#2920),#2109,.T.);
#2920 = FACE_BOUND('',#2921,.T.);
#2921 = EDGE_LOOP('',(#2922,#2923,#2944,#2945));
#2922 = ORIENTED_EDGE('',*,*,#2094,.T.);
#2923 = ORIENTED_EDGE('',*,*,#2924,.T.);
#2924 = EDGE_CURVE('',#2072,#2180,#2925,.T.);
#2925 = SEAM_CURVE('',#2926,(#2930,#2937),.PCURVE_S1.);
#2926 = LINE('',#2927,#2928);
#2927 = CARTESIAN_POINT('',(32.5,0.,5.5));
#2928 = VECTOR('',#2929,1.);
#2929 = DIRECTION('',(0.,0.,1.));
#2930 = PCURVE('',#2109,#2931);
#2931 = DEFINITIONAL_REPRESENTATION('',(#2932),#2936);
#2932 = LINE('',#2933,#2934);
#2933 = CARTESIAN_POINT('',(0.,0.));
#2934 = VECTOR('',#2935,1.);
#2935 = DIRECTION('',(0.,1.));
#2936 = ( GEOMETRIC_REPRESENTATION_CONTEXT(2) 
PARAMETRIC_REPRESENTATION_CONTEXT() REPRESENTATION_CONTEXT('2D SPACE',''
  ) );
#2937 = PCURVE('',#2109,#2938);
#2938 = DEFINITIONAL_REPRESENTATION('',(#2939),#2943);
#2939 = LINE('',#2940,#2941);
#2940 = CARTESIAN_POINT('',(6.28318530718,0.));
#2941 = VECTOR('',#2942,1.);
#2942 = DIRECTION('',(0.,1.));
#2943 = ( GEOMETRIC_REPRESENTATION_CONTEXT(2) 
PARAMETRIC_REPRESENTATION_CONTEXT() REPRESENTATION_CONTEXT('2D SPACE',''
  ) );
#2944 = ORIENTED_EDGE('',*,*,#2179,.F.);
#2945 = ORIENTED_EDGE('',*,*,#2924,.F.);
#2946 = ADVANCED_FACE('',(#2947),#2227,.T.);
#2947 = FACE_BOUND('',#2948,.T.);
#2948 = EDGE_LOOP('',(#2949,#2970,#2971,#2992,#2993,#3014,#3047,#3066));
#2949 = ORIENTED_EDGE('',*,*,#2950,.F.);
#2950 = EDGE_CURVE('',#2212,#2798,#2951,.T.);
#2951 = SURFACE_CURVE('',#2952,(#2956,#2963),.PCURVE_S1.);
#2952 = LINE('',#2953,#2954);
#2953 = CARTESIAN_POINT('',(11.,34.,41.));
#2954 = VECTOR('',#2955,1.);
#2955 = DIRECTION('',(0.,0.,1.));
#2956 = PCURVE('',#2227,#2957);
#2957 = DEFINITIONAL_REPRESENTATION('',(#2958),#2962);
#2958 = LINE('',#2959,#2960);
#2959 = CARTESIAN_POINT('',(0.,22.));
#2960 = VECTOR('',#2961,1.);
#2961 = DIRECTION('',(1.,0.));
#2962 = ( GEOMETRIC_REPRESENTATION_CONTEXT(2) 
PARAMETRIC_REPRESENTATION_CONTEXT() REPRESENTATION_CONTEXT('2D SPACE',''
  ) );
#2963 = PCURVE('',#2379,#2964);
#2964 = DEFINITIONAL_REPRESENTATION('',(#2965),#2969);
#2965 = LINE('',#2966,#2967);
#2966 = CARTESIAN_POINT('',(0.,-50.));
#2967 = VECTOR('',#2968,1.);
#2968 = DIRECTION('',(1.,0.));
#2969 = ( GEOMETRIC_REPRESENTATION_CONTEXT(2) 
PARAMETRIC_REPRESENTATION_CONTEXT() REPRESENTATION_CONTEXT('2D SPACE',''
  ) );
#2970 = ORIENTED_EDGE('',*,*,#2209,.F.);
#2971 = ORIENTED_EDGE('',*,*,#2972,.T.);
#2972 = EDGE_CURVE('',#2210,#2606,#2973,.T.);
#2973 = SURFACE_CURVE('',#2974,(#2978,#2985),.PCURVE_S1.);
#2974 = LINE('',#2975,#2976);
#2975 = CARTESIAN_POINT('',(-11.,34.,41.));
#2976 = VECTOR('',#2977,1.);
#2977 = DIRECTION('',(0.,0.,1.));
#2978 = PCURVE('',#2227,#2979);
#2979 = DEFINITIONAL_REPRESENTATION('',(#2980),#2984);
#2980 = LINE('',#2981,#2982);
#2981 = CARTESIAN_POINT('',(0.,0.));
#2982 = VECTOR('',#2983,1.);
#2983 = DIRECTION('',(1.,0.));
#2984 = ( GEOMETRIC_REPRESENTATION_CONTEXT(2) 
PARAMETRIC_REPRESENTATION_CONTEXT() REPRESENTATION_CONTEXT('2D SPACE',''
  ) );
#2985 = PCURVE('',#2255,#2986);
#2986 = DEFINITIONAL_REPRESENTATION('',(#2987),#2991);
#2987 = LINE('',#2988,#2989);
#2988 = CARTESIAN_POINT('',(0.,-50.));
#2989 = VECTOR('',#2990,1.);
#2990 = DIRECTION('',(1.,0.));
#2991 = ( GEOMETRIC_REPRESENTATION_CONTEXT(2) 
PARAMETRIC_REPRESENTATION_CONTEXT() REPRESENTATION_CONTEXT('2D SPACE',''
  ) );
#2992 = ORIENTED_EDGE('',*,*,#2605,.T.);
#2993 = ORIENTED_EDGE('',*,*,#2994,.T.);
#2994 = EDGE_CURVE('',#2608,#2995,#2997,.T.);
#2995 = VERTEX_POINT('',#2996);
#2996 = CARTESIAN_POINT('',(-0.75,34.,55.081666326392));
#2997 = SURFACE_CURVE('',#2998,(#3002,#3008),.PCURVE_S1.);
#2998 = LINE('',#2999,#3000);
#2999 = CARTESIAN_POINT('',(-0.75,34.,46.));
#3000 = VECTOR('',#3001,1.);
#3001 = DIRECTION('',(0.,0.,-1.));
#3002 = PCURVE('',#2227,#3003);
#3003 = DEFINITIONAL_REPRESENTATION('',(#3004),#3007);
#3004 = B_SPLINE_CURVE_WITH_KNOTS('',1,(#3005,#3006),.UNSPECIFIED.,.F.,
  .F.,(2,2),(-15.,-5.),.PIECEWISE_BEZIER_KNOTS.);
#3005 = CARTESIAN_POINT('',(20.,10.25));
#3006 = CARTESIAN_POINT('',(10.,10.25));
#3007 = ( GEOMETRIC_REPRESENTATION_CONTEXT(2) 
PARAMETRIC_REPRESENTATION_CONTEXT() REPRESENTATION_CONTEXT('2D SPACE',''
  ) );
#3008 = PCURVE('',#2909,#3009);
#3009 = DEFINITIONAL_REPRESENTATION('',(#3010),#3013);
#3010 = B_SPLINE_CURVE_WITH_KNOTS('',1,(#3011,#3012),.UNSPECIFIED.,.F.,
  .F.,(2,2),(-15.,-5.),.PIECEWISE_BEZIER_KNOTS.);
#3011 = CARTESIAN_POINT('',(10.,-25.));
#3012 = CARTESIAN_POINT('',(0.,-25.));
#3013 = ( GEOMETRIC_REPRESENTATION_CONTEXT(2) 
PARAMETRIC_REPRESENTATION_CONTEXT() REPRESENTATION_CONTEXT('2D SPACE',''
  ) );
#3014 = ORIENTED_EDGE('',*,*,#3015,.T.);
#3015 = EDGE_CURVE('',#2995,#3016,#3018,.T.);
#3016 = VERTEX_POINT('',#3017);
#3017 = CARTESIAN_POINT('',(0.75,34.,55.081666326392));
#3018 = SURFACE_CURVE('',#3019,(#3024,#3035),.PCURVE_S1.);
#3019 = CIRCLE('',#3020,4.15);
#3020 = AXIS2_PLACEMENT_3D('',#3021,#3022,#3023);
#3021 = CARTESIAN_POINT('',(0.,34.,51.));
#3022 = DIRECTION('',(-0.,-1.,0.));
#3023 = DIRECTION('',(-0.180722891566,0.,0.983534054552));
#3024 = PCURVE('',#2227,#3025);
#3025 = DEFINITIONAL_REPRESENTATION('',(#3026),#3034);
#3026 = ( BOUNDED_CURVE() B_SPLINE_CURVE(2,(#3027,#3028,#3029,#3030,
#3031,#3032,#3033),.UNSPECIFIED.,.T.,.F.) B_SPLINE_CURVE_WITH_KNOTS((1,2
    ,2,2,2,1),(-2.094395102393,0.,2.094395102393,4.188790204786,
6.28318530718,8.377580409573),.UNSPECIFIED.) CURVE() 
GEOMETRIC_REPRESENTATION_ITEM() RATIONAL_B_SPLINE_CURVE((1.,0.5,1.,0.5,
1.,0.5,1.)) REPRESENTATION_ITEM('') );
#3027 = CARTESIAN_POINT('',(14.081666326392,10.25));
#3028 = CARTESIAN_POINT('',(12.782628220715,3.180346543147));
#3029 = CARTESIAN_POINT('',(7.309647783966,7.840173271573));
#3030 = CARTESIAN_POINT('',(1.836667347217,12.5));
#3031 = CARTESIAN_POINT('',(8.608685889642,14.909826728427));
#3032 = CARTESIAN_POINT('',(15.380704432068,17.319653456853));
#3033 = CARTESIAN_POINT('',(14.081666326392,10.25));
#3034 = ( GEOMETRIC_REPRESENTATION_CONTEXT(2) 
PARAMETRIC_REPRESENTATION_CONTEXT() REPRESENTATION_CONTEXT('2D SPACE',''
  ) );
#3035 = PCURVE('',#3036,#3041);
#3036 = CYLINDRICAL_SURFACE('',#3037,4.15);
#3037 = AXIS2_PLACEMENT_3D('',#3038,#3039,#3040);
#3038 = CARTESIAN_POINT('',(0.,9.,51.));
#3039 = DIRECTION('',(0.,-1.,0.));
#3040 = DIRECTION('',(1.,0.,0.));
#3041 = DEFINITIONAL_REPRESENTATION('',(#3042),#3046);
#3042 = LINE('',#3043,#3044);
#3043 = CARTESIAN_POINT('',(1.752517722419,-25.));
#3044 = VECTOR('',#3045,1.);
#3045 = DIRECTION('',(1.,0.));
#3046 = ( GEOMETRIC_REPRESENTATION_CONTEXT(2) 
PARAMETRIC_REPRESENTATION_CONTEXT() REPRESENTATION_CONTEXT('2D SPACE',''
  ) );
#3047 = ORIENTED_EDGE('',*,*,#3048,.F.);
#3048 = EDGE_CURVE('',#2821,#3016,#3049,.T.);
#3049 = SURFACE_CURVE('',#3050,(#3054,#3060),.PCURVE_S1.);
#3050 = LINE('',#3051,#3052);
#3051 = CARTESIAN_POINT('',(0.75,34.,46.));
#3052 = VECTOR('',#3053,1.);
#3053 = DIRECTION('',(0.,0.,-1.));
#3054 = PCURVE('',#2227,#3055);
#3055 = DEFINITIONAL_REPRESENTATION('',(#3056),#3059);
#3056 = B_SPLINE_CURVE_WITH_KNOTS('',1,(#3057,#3058),.UNSPECIFIED.,.F.,
  .F.,(2,2),(-15.,-5.),.PIECEWISE_BEZIER_KNOTS.);
#3057 = CARTESIAN_POINT('',(20.,11.75));
#3058 = CARTESIAN_POINT('',(10.,11.75));
#3059 = ( GEOMETRIC_REPRESENTATION_CONTEXT(2) 
PARAMETRIC_REPRESENTATION_CONTEXT() REPRESENTATION_CONTEXT('2D SPACE',''
  ) );
#3060 = PCURVE('',#2858,#3061);
#3061 = DEFINITIONAL_REPRESENTATION('',(#3062),#3065);
#3062 = B_SPLINE_CURVE_WITH_KNOTS('',1,(#3063,#3064),.UNSPECIFIED.,.F.,
  .F.,(2,2),(-15.,-5.),.PIECEWISE_BEZIER_KNOTS.);
#3063 = CARTESIAN_POINT('',(10.,-25.));
#3064 = CARTESIAN_POINT('',(0.,-25.));
#3065 = ( GEOMETRIC_REPRESENTATION_CONTEXT(2) 
PARAMETRIC_REPRESENTATION_CONTEXT() REPRESENTATION_CONTEXT('2D SPACE',''
  ) );
#3066 = ORIENTED_EDGE('',*,*,#2820,.T.);
#3067 = ADVANCED_FACE('',(#3068,#3121),#2379,.T.);
#3068 = FACE_BOUND('',#3069,.T.);
#3069 = EDGE_LOOP('',(#3070,#3071,#3092,#3093,#3094,#3095));
#3070 = ORIENTED_EDGE('',*,*,#2701,.F.);
#3071 = ORIENTED_EDGE('',*,*,#3072,.F.);
#3072 = EDGE_CURVE('',#2338,#2679,#3073,.T.);
#3073 = SURFACE_CURVE('',#3074,(#3078,#3085),.PCURVE_S1.);
#3074 = LINE('',#3075,#3076);
#3075 = CARTESIAN_POINT('',(11.,-16.,41.));
#3076 = VECTOR('',#3077,1.);
#3077 = DIRECTION('',(0.,0.,1.));
#3078 = PCURVE('',#2379,#3079);
#3079 = DEFINITIONAL_REPRESENTATION('',(#3080),#3084);
#3080 = LINE('',#3081,#3082);
#3081 = CARTESIAN_POINT('',(0.,0.));
#3082 = VECTOR('',#3083,1.);
#3083 = DIRECTION('',(1.,0.));
#3084 = ( GEOMETRIC_REPRESENTATION_CONTEXT(2) 
PARAMETRIC_REPRESENTATION_CONTEXT() REPRESENTATION_CONTEXT('2D SPACE',''
  ) );
#3085 = PCURVE('',#2353,#3086);
#3086 = DEFINITIONAL_REPRESENTATION('',(#3087),#3091);
#3087 = LINE('',#3088,#3089);
#3088 = CARTESIAN_POINT('',(0.,22.));
#3089 = VECTOR('',#3090,1.);
#3090 = DIRECTION('',(1.,0.));
#3091 = ( GEOMETRIC_REPRESENTATION_CONTEXT(2) 
PARAMETRIC_REPRESENTATION_CONTEXT() REPRESENTATION_CONTEXT('2D SPACE',''
  ) );
#3092 = ORIENTED_EDGE('',*,*,#2365,.T.);
#3093 = ORIENTED_EDGE('',*,*,#2950,.T.);
#3094 = ORIENTED_EDGE('',*,*,#2797,.F.);
#3095 = ORIENTED_EDGE('',*,*,#3096,.T.);
#3096 = EDGE_CURVE('',#2777,#2702,#3097,.T.);
#3097 = SURFACE_CURVE('',#3098,(#3103,#3114),.PCURVE_S1.);
#3098 = CIRCLE('',#3099,3.25);
#3099 = AXIS2_PLACEMENT_3D('',#3100,#3101,#3102);
#3100 = CARTESIAN_POINT('',(11.,21.5,58.));
#3101 = DIRECTION('',(-1.,0.,0.));
#3102 = DIRECTION('',(0.,0.384615384615,0.923076923077));
#3103 = PCURVE('',#2379,#3104);
#3104 = DEFINITIONAL_REPRESENTATION('',(#3105),#3113);
#3105 = ( BOUNDED_CURVE() B_SPLINE_CURVE(2,(#3106,#3107,#3108,#3109,
#3110,#3111,#3112),.UNSPECIFIED.,.T.,.F.) B_SPLINE_CURVE_WITH_KNOTS((1,2
    ,2,2,2,1),(-2.094395102393,0.,2.094395102393,4.188790204786,
6.28318530718,8.377580409573),.UNSPECIFIED.) CURVE() 
GEOMETRIC_REPRESENTATION_ITEM() RATIONAL_B_SPLINE_CURVE((1.,0.5,1.,0.5,
1.,0.5,1.)) REPRESENTATION_ITEM('') );
#3106 = CARTESIAN_POINT('',(20.,-38.75));
#3107 = CARTESIAN_POINT('',(17.834936490539,-43.9461524227));
#3108 = CARTESIAN_POINT('',(14.417468245269,-39.47307621135));
#3109 = CARTESIAN_POINT('',(11.,-35.));
#3110 = CARTESIAN_POINT('',(16.582531754731,-34.27692378864));
#3111 = CARTESIAN_POINT('',(22.165063509461,-33.55384757729));
#3112 = CARTESIAN_POINT('',(20.,-38.75));
#3113 = ( GEOMETRIC_REPRESENTATION_CONTEXT(2) 
PARAMETRIC_REPRESENTATION_CONTEXT() REPRESENTATION_CONTEXT('2D SPACE',''
  ) );
#3114 = PCURVE('',#2739,#3115);
#3115 = DEFINITIONAL_REPRESENTATION('',(#3116),#3120);
#3116 = LINE('',#3117,#3118);
#3117 = CARTESIAN_POINT('',(-7.459190514275,-3.));
#3118 = VECTOR('',#3119,1.);
#3119 = DIRECTION('',(1.,-0.));
#3120 = ( GEOMETRIC_REPRESENTATION_CONTEXT(2) 
PARAMETRIC_REPRESENTATION_CONTEXT() REPRESENTATION_CONTEXT('2D SPACE',''
  ) );
#3121 = FACE_BOUND('',#3122,.T.);
#3122 = EDGE_LOOP('',(#3123));
#3123 = ORIENTED_EDGE('',*,*,#3124,.T.);
#3124 = EDGE_CURVE('',#3125,#3125,#3127,.T.);
#3125 = VERTEX_POINT('',#3126);
#3126 = CARTESIAN_POINT('',(11.,-7.25,51.));
#3127 = SURFACE_CURVE('',#3128,(#3133,#3144),.PCURVE_S1.);
#3128 = CIRCLE('',#3129,3.25);
#3129 = AXIS2_PLACEMENT_3D('',#3130,#3131,#3132);
#3130 = CARTESIAN_POINT('',(11.,-10.5,51.));
#3131 = DIRECTION('',(-1.,0.,0.));
#3132 = DIRECTION('',(0.,1.,0.));
#3133 = PCURVE('',#2379,#3134);
#3134 = DEFINITIONAL_REPRESENTATION('',(#3135),#3143);
#3135 = ( BOUNDED_CURVE() B_SPLINE_CURVE(2,(#3136,#3137,#3138,#3139,
#3140,#3141,#3142),.UNSPECIFIED.,.T.,.F.) B_SPLINE_CURVE_WITH_KNOTS((1,2
    ,2,2,2,1),(-2.094395102393,0.,2.094395102393,4.188790204786,
6.28318530718,8.377580409573),.UNSPECIFIED.) CURVE() 
GEOMETRIC_REPRESENTATION_ITEM() RATIONAL_B_SPLINE_CURVE((1.,0.5,1.,0.5,
1.,0.5,1.)) REPRESENTATION_ITEM('') );
#3136 = CARTESIAN_POINT('',(10.,-8.75));
#3137 = CARTESIAN_POINT('',(4.370834875401,-8.75));
#3138 = CARTESIAN_POINT('',(7.185417437701,-3.875));
#3139 = CARTESIAN_POINT('',(10.,1.));
#3140 = CARTESIAN_POINT('',(12.814582562299,-3.875));
#3141 = CARTESIAN_POINT('',(15.629165124599,-8.75));
#3142 = CARTESIAN_POINT('',(10.,-8.75));
#3143 = ( GEOMETRIC_REPRESENTATION_CONTEXT(2) 
PARAMETRIC_REPRESENTATION_CONTEXT() REPRESENTATION_CONTEXT('2D SPACE',''
  ) );
#3144 = PCURVE('',#3145,#3150);
#3145 = CYLINDRICAL_SURFACE('',#3146,3.25);
#3146 = AXIS2_PLACEMENT_3D('',#3147,#3148,#3149);
#3147 = CARTESIAN_POINT('',(7.,-10.5,51.));
#3148 = DIRECTION('',(-1.,-0.,-0.));
#3149 = DIRECTION('',(0.,1.,0.));
#3150 = DEFINITIONAL_REPRESENTATION('',(#3151),#3155);
#3151 = LINE('',#3152,#3153);
#3152 = CARTESIAN_POINT('',(-6.28318530718,-4.));
#3153 = VECTOR('',#3154,1.);
#3154 = DIRECTION('',(1.,-0.));
#3155 = ( GEOMETRIC_REPRESENTATION_CONTEXT(2) 
PARAMETRIC_REPRESENTATION_CONTEXT() REPRESENTATION_CONTEXT('2D SPACE',''
  ) );
#3156 = ADVANCED_FACE('',(#3157),#2353,.F.);
#3157 = FACE_BOUND('',#3158,.F.);
#3158 = EDGE_LOOP('',(#3159,#3160,#3161,#3162));
#3159 = ORIENTED_EDGE('',*,*,#2337,.F.);
#3160 = ORIENTED_EDGE('',*,*,#2438,.F.);
#3161 = ORIENTED_EDGE('',*,*,#2678,.T.);
#3162 = ORIENTED_EDGE('',*,*,#3072,.F.);
#3163 = ADVANCED_FACE('',(#3164),#2283,.F.);
#3164 = FACE_BOUND('',#3165,.F.);
#3165 = EDGE_LOOP('',(#3166,#3167,#3188,#3189));
#3166 = ORIENTED_EDGE('',*,*,#2267,.F.);
#3167 = ORIENTED_EDGE('',*,*,#3168,.T.);
#3168 = EDGE_CURVE('',#2240,#2631,#3169,.T.);
#3169 = SURFACE_CURVE('',#3170,(#3174,#3181),.PCURVE_S1.);
#3170 = LINE('',#3171,#3172);
#3171 = CARTESIAN_POINT('',(-11.,-16.,41.));
#3172 = VECTOR('',#3173,1.);
#3173 = DIRECTION('',(0.,0.,1.));
#3174 = PCURVE('',#2283,#3175);
#3175 = DEFINITIONAL_REPRESENTATION('',(#3176),#3180);
#3176 = LINE('',#3177,#3178);
#3177 = CARTESIAN_POINT('',(0.,0.));
#3178 = VECTOR('',#3179,1.);
#3179 = DIRECTION('',(1.,0.));
#3180 = ( GEOMETRIC_REPRESENTATION_CONTEXT(2) 
PARAMETRIC_REPRESENTATION_CONTEXT() REPRESENTATION_CONTEXT('2D SPACE',''
  ) );
#3181 = PCURVE('',#2255,#3182);
#3182 = DEFINITIONAL_REPRESENTATION('',(#3183),#3187);
#3183 = LINE('',#3184,#3185);
#3184 = CARTESIAN_POINT('',(0.,0.));
#3185 = VECTOR('',#3186,1.);
#3186 = DIRECTION('',(1.,0.));
#3187 = ( GEOMETRIC_REPRESENTATION_CONTEXT(2) 
PARAMETRIC_REPRESENTATION_CONTEXT() REPRESENTATION_CONTEXT('2D SPACE',''
  ) );
#3188 = ORIENTED_EDGE('',*,*,#2653,.T.);
#3189 = ORIENTED_EDGE('',*,*,#2547,.T.);
#3190 = ADVANCED_FACE('',(#3191,#3197,#3355),#2255,.F.);
#3191 = FACE_BOUND('',#3192,.F.);
#3192 = EDGE_LOOP('',(#3193,#3194,#3195,#3196));
#3193 = ORIENTED_EDGE('',*,*,#3168,.F.);
#3194 = ORIENTED_EDGE('',*,*,#2239,.T.);
#3195 = ORIENTED_EDGE('',*,*,#2972,.T.);
#3196 = ORIENTED_EDGE('',*,*,#2630,.F.);
#3197 = FACE_BOUND('',#3198,.F.);
#3198 = EDGE_LOOP('',(#3199,#3227,#3253,#3279,#3305,#3331));
#3199 = ORIENTED_EDGE('',*,*,#3200,.T.);
#3200 = EDGE_CURVE('',#3201,#3203,#3205,.T.);
#3201 = VERTEX_POINT('',#3202);
#3202 = CARTESIAN_POINT('',(-11.,19.82568421935,60.9));
#3203 = VERTEX_POINT('',#3204);
#3204 = CARTESIAN_POINT('',(-11.,23.17431578065,60.9));
#3205 = SURFACE_CURVE('',#3206,(#3210,#3216),.PCURVE_S1.);
#3206 = LINE('',#3207,#3208);
#3207 = CARTESIAN_POINT('',(-11.,3.587157890325,60.9));
#3208 = VECTOR('',#3209,1.);
#3209 = DIRECTION('',(0.,1.,-1.326181163023E-16));
#3210 = PCURVE('',#2255,#3211);
#3211 = DEFINITIONAL_REPRESENTATION('',(#3212),#3215);
#3212 = B_SPLINE_CURVE_WITH_KNOTS('',1,(#3213,#3214),.UNSPECIFIED.,.F.,
  .F.,(2,2),(16.238526329025,19.587157890325),.PIECEWISE_BEZIER_KNOTS.);
#3213 = CARTESIAN_POINT('',(19.9,-35.82568421935));
#3214 = CARTESIAN_POINT('',(19.9,-39.17431578065));
#3215 = ( GEOMETRIC_REPRESENTATION_CONTEXT(2) 
PARAMETRIC_REPRESENTATION_CONTEXT() REPRESENTATION_CONTEXT('2D SPACE',''
  ) );
#3216 = PCURVE('',#3217,#3222);
#3217 = PLANE('',#3218);
#3218 = AXIS2_PLACEMENT_3D('',#3219,#3220,#3221);
#3219 = CARTESIAN_POINT('',(-20.,23.17431578065,60.9));
#3220 = DIRECTION('',(0.,-1.326181163023E-16,-1.));
#3221 = DIRECTION('',(0.,-1.,1.326181163023E-16));
#3222 = DEFINITIONAL_REPRESENTATION('',(#3223),#3226);
#3223 = B_SPLINE_CURVE_WITH_KNOTS('',1,(#3224,#3225),.UNSPECIFIED.,.F.,
  .F.,(2,2),(16.238526329025,19.587157890325),.PIECEWISE_BEZIER_KNOTS.);
#3224 = CARTESIAN_POINT('',(3.3486315613,-9.));
#3225 = CARTESIAN_POINT('',(0.,-9.));
#3226 = ( GEOMETRIC_REPRESENTATION_CONTEXT(2) 
PARAMETRIC_REPRESENTATION_CONTEXT() REPRESENTATION_CONTEXT('2D SPACE',''
  ) );
#3227 = ORIENTED_EDGE('',*,*,#3228,.T.);
#3228 = EDGE_CURVE('',#3203,#3229,#3231,.T.);
#3229 = VERTEX_POINT('',#3230);
#3230 = CARTESIAN_POINT('',(-11.,24.8486315613,58.));
#3231 = SURFACE_CURVE('',#3232,(#3236,#3242),.PCURVE_S1.);
#3232 = LINE('',#3233,#3234);
#3233 = CARTESIAN_POINT('',(-11.,23.423160582221,60.468988160479));
#3234 = VECTOR('',#3235,1.);
#3235 = DIRECTION('',(0.,0.5,-0.866025403784));
#3236 = PCURVE('',#2255,#3237);
#3237 = DEFINITIONAL_REPRESENTATION('',(#3238),#3241);
#3238 = B_SPLINE_CURVE_WITH_KNOTS('',1,(#3239,#3240),.UNSPECIFIED.,.F.,
  .F.,(2,2),(-0.497689603143,2.850941958157),.PIECEWISE_BEZIER_KNOTS.);
#3239 = CARTESIAN_POINT('',(19.9,-39.17431578065));
#3240 = CARTESIAN_POINT('',(17.,-40.8486315613));
#3241 = ( GEOMETRIC_REPRESENTATION_CONTEXT(2) 
PARAMETRIC_REPRESENTATION_CONTEXT() REPRESENTATION_CONTEXT('2D SPACE',''
  ) );
#3242 = PCURVE('',#3243,#3248);
#3243 = PLANE('',#3244);
#3244 = AXIS2_PLACEMENT_3D('',#3245,#3246,#3247);
#3245 = CARTESIAN_POINT('',(-20.,24.8486315613,58.));
#3246 = DIRECTION('',(0.,-0.866025403784,-0.5));
#3247 = DIRECTION('',(0.,-0.5,0.866025403784));
#3248 = DEFINITIONAL_REPRESENTATION('',(#3249),#3252);
#3249 = B_SPLINE_CURVE_WITH_KNOTS('',1,(#3250,#3251),.UNSPECIFIED.,.F.,
  .F.,(2,2),(-0.497689603143,2.850941958157),.PIECEWISE_BEZIER_KNOTS.);
#3250 = CARTESIAN_POINT('',(3.3486315613,-9.));
#3251 = CARTESIAN_POINT('',(0.,-9.));
#3252 = ( GEOMETRIC_REPRESENTATION_CONTEXT(2) 
PARAMETRIC_REPRESENTATION_CONTEXT() REPRESENTATION_CONTEXT('2D SPACE',''
  ) );
#3253 = ORIENTED_EDGE('',*,*,#3254,.T.);
#3254 = EDGE_CURVE('',#3229,#3255,#3257,.T.);
#3255 = VERTEX_POINT('',#3256);
#3256 = CARTESIAN_POINT('',(-11.,23.17431578065,55.1));
#3257 = SURFACE_CURVE('',#3258,(#3262,#3268),.PCURVE_S1.);
#3258 = LINE('',#3259,#3260);
#3259 = CARTESIAN_POINT('',(-11.,15.224786759729,41.331011839521));
#3260 = VECTOR('',#3261,1.);
#3261 = DIRECTION('',(0.,-0.5,-0.866025403784));
#3262 = PCURVE('',#2255,#3263);
#3263 = DEFINITIONAL_REPRESENTATION('',(#3264),#3267);
#3264 = B_SPLINE_CURVE_WITH_KNOTS('',1,(#3265,#3266),.UNSPECIFIED.,.F.,
  .F.,(2,2),(-19.24768960314,-15.89905804184),.PIECEWISE_BEZIER_KNOTS.);
#3265 = CARTESIAN_POINT('',(17.,-40.8486315613));
#3266 = CARTESIAN_POINT('',(14.1,-39.17431578065));
#3267 = ( GEOMETRIC_REPRESENTATION_CONTEXT(2) 
PARAMETRIC_REPRESENTATION_CONTEXT() REPRESENTATION_CONTEXT('2D SPACE',''
  ) );
#3268 = PCURVE('',#3269,#3274);
#3269 = PLANE('',#3270);
#3270 = AXIS2_PLACEMENT_3D('',#3271,#3272,#3273);
#3271 = CARTESIAN_POINT('',(-20.,23.17431578065,55.1));
#3272 = DIRECTION('',(0.,-0.866025403784,0.5));
#3273 = DIRECTION('',(0.,0.5,0.866025403784));
#3274 = DEFINITIONAL_REPRESENTATION('',(#3275),#3278);
#3275 = B_SPLINE_CURVE_WITH_KNOTS('',1,(#3276,#3277),.UNSPECIFIED.,.F.,
  .F.,(2,2),(-19.24768960314,-15.89905804184),.PIECEWISE_BEZIER_KNOTS.);
#3276 = CARTESIAN_POINT('',(3.3486315613,-9.));
#3277 = CARTESIAN_POINT('',(0.,-9.));
#3278 = ( GEOMETRIC_REPRESENTATION_CONTEXT(2) 
PARAMETRIC_REPRESENTATION_CONTEXT() REPRESENTATION_CONTEXT('2D SPACE',''
  ) );
#3279 = ORIENTED_EDGE('',*,*,#3280,.T.);
#3280 = EDGE_CURVE('',#3255,#3281,#3283,.T.);
#3281 = VERTEX_POINT('',#3282);
#3282 = CARTESIAN_POINT('',(-11.,19.82568421935,55.1));
#3283 = SURFACE_CURVE('',#3284,(#3288,#3294),.PCURVE_S1.);
#3284 = LINE('',#3285,#3286);
#3285 = CARTESIAN_POINT('',(-11.,1.912842109675,55.1));
#3286 = VECTOR('',#3287,1.);
#3287 = DIRECTION('',(0.,-1.,6.630905815116E-16));
#3288 = PCURVE('',#2255,#3289);
#3289 = DEFINITIONAL_REPRESENTATION('',(#3290),#3293);
#3290 = B_SPLINE_CURVE_WITH_KNOTS('',1,(#3291,#3292),.UNSPECIFIED.,.F.,
  .F.,(2,2),(-21.26147367097,-17.91284210967),.PIECEWISE_BEZIER_KNOTS.);
#3291 = CARTESIAN_POINT('',(14.1,-39.17431578065));
#3292 = CARTESIAN_POINT('',(14.1,-35.82568421935));
#3293 = ( GEOMETRIC_REPRESENTATION_CONTEXT(2) 
PARAMETRIC_REPRESENTATION_CONTEXT() REPRESENTATION_CONTEXT('2D SPACE',''
  ) );
#3294 = PCURVE('',#3295,#3300);
#3295 = PLANE('',#3296);
#3296 = AXIS2_PLACEMENT_3D('',#3297,#3298,#3299);
#3297 = CARTESIAN_POINT('',(-20.,19.82568421935,55.1));
#3298 = DIRECTION('',(-0.,6.630905815116E-16,1.));
#3299 = DIRECTION('',(0.,1.,-6.630905815116E-16));
#3300 = DEFINITIONAL_REPRESENTATION('',(#3301),#3304);
#3301 = B_SPLINE_CURVE_WITH_KNOTS('',1,(#3302,#3303),.UNSPECIFIED.,.F.,
  .F.,(2,2),(-21.26147367097,-17.91284210967),.PIECEWISE_BEZIER_KNOTS.);
#3302 = CARTESIAN_POINT('',(3.3486315613,-9.));
#3303 = CARTESIAN_POINT('',(0.,-9.));
#3304 = ( GEOMETRIC_REPRESENTATION_CONTEXT(2) 
PARAMETRIC_REPRESENTATION_CONTEXT() REPRESENTATION_CONTEXT('2D SPACE',''
  ) );
#3305 = ORIENTED_EDGE('',*,*,#3306,.T.);
#3306 = EDGE_CURVE('',#3281,#3307,#3309,.T.);
#3307 = VERTEX_POINT('',#3308);
#3308 = CARTESIAN_POINT('',(-11.,18.1513684387,58.));
#3309 = SURFACE_CURVE('',#3310,(#3314,#3320),.PCURVE_S1.);
#3310 = LINE('',#3311,#3312);
#3311 = CARTESIAN_POINT('',(-11.,17.563055349947,59.018988160479));
#3312 = VECTOR('',#3313,1.);
#3313 = DIRECTION('',(0.,-0.5,0.866025403784));
#3314 = PCURVE('',#2255,#3315);
#3315 = DEFINITIONAL_REPRESENTATION('',(#3316),#3319);
#3316 = B_SPLINE_CURVE_WITH_KNOTS('',1,(#3317,#3318),.UNSPECIFIED.,.F.,
  .F.,(2,2),(-4.525257738807,-1.176626177507),.PIECEWISE_BEZIER_KNOTS.);
#3317 = CARTESIAN_POINT('',(14.1,-35.82568421935));
#3318 = CARTESIAN_POINT('',(17.,-34.1513684387));
#3319 = ( GEOMETRIC_REPRESENTATION_CONTEXT(2) 
PARAMETRIC_REPRESENTATION_CONTEXT() REPRESENTATION_CONTEXT('2D SPACE',''
  ) );
#3320 = PCURVE('',#3321,#3326);
#3321 = PLANE('',#3322);
#3322 = AXIS2_PLACEMENT_3D('',#3323,#3324,#3325);
#3323 = CARTESIAN_POINT('',(-20.,18.1513684387,58.));
#3324 = DIRECTION('',(-0.,0.866025403784,0.5));
#3325 = DIRECTION('',(0.,0.5,-0.866025403784));
#3326 = DEFINITIONAL_REPRESENTATION('',(#3327),#3330);
#3327 = B_SPLINE_CURVE_WITH_KNOTS('',1,(#3328,#3329),.UNSPECIFIED.,.F.,
  .F.,(2,2),(-4.525257738807,-1.176626177507),.PIECEWISE_BEZIER_KNOTS.);
#3328 = CARTESIAN_POINT('',(3.3486315613,-9.));
#3329 = CARTESIAN_POINT('',(0.,-9.));
#3330 = ( GEOMETRIC_REPRESENTATION_CONTEXT(2) 
PARAMETRIC_REPRESENTATION_CONTEXT() REPRESENTATION_CONTEXT('2D SPACE',''
  ) );
#3331 = ORIENTED_EDGE('',*,*,#3332,.T.);
#3332 = EDGE_CURVE('',#3307,#3201,#3333,.T.);
#3333 = SURFACE_CURVE('',#3334,(#3338,#3344),.PCURVE_S1.);
#3334 = LINE('',#3335,#3336);
#3335 = CARTESIAN_POINT('',(-11.,11.038997308104,45.681011839521));
#3336 = VECTOR('',#3337,1.);
#3337 = DIRECTION('',(-0.,0.5,0.866025403784));
#3338 = PCURVE('',#2255,#3339);
#3339 = DEFINITIONAL_REPRESENTATION('',(#3340),#3343);
#3340 = B_SPLINE_CURVE_WITH_KNOTS('',1,(#3341,#3342),.UNSPECIFIED.,.F.,
  .F.,(2,2),(14.224742261193,17.573373822493),.PIECEWISE_BEZIER_KNOTS.);
#3341 = CARTESIAN_POINT('',(17.,-34.1513684387));
#3342 = CARTESIAN_POINT('',(19.9,-35.82568421935));
#3343 = ( GEOMETRIC_REPRESENTATION_CONTEXT(2) 
PARAMETRIC_REPRESENTATION_CONTEXT() REPRESENTATION_CONTEXT('2D SPACE',''
  ) );
#3344 = PCURVE('',#3345,#3350);
#3345 = PLANE('',#3346);
#3346 = AXIS2_PLACEMENT_3D('',#3347,#3348,#3349);
#3347 = CARTESIAN_POINT('',(-20.,19.82568421935,60.9));
#3348 = DIRECTION('',(0.,0.866025403784,-0.5));
#3349 = DIRECTION('',(0.,-0.5,-0.866025403784));
#3350 = DEFINITIONAL_REPRESENTATION('',(#3351),#3354);
#3351 = B_SPLINE_CURVE_WITH_KNOTS('',1,(#3352,#3353),.UNSPECIFIED.,.F.,
  .F.,(2,2),(14.224742261193,17.573373822493),.PIECEWISE_BEZIER_KNOTS.);
#3352 = CARTESIAN_POINT('',(3.3486315613,-9.));
#3353 = CARTESIAN_POINT('',(0.,-9.));
#3354 = ( GEOMETRIC_REPRESENTATION_CONTEXT(2) 
PARAMETRIC_REPRESENTATION_CONTEXT() REPRESENTATION_CONTEXT('2D SPACE',''
  ) );
#3355 = FACE_BOUND('',#3356,.F.);
#3356 = EDGE_LOOP('',(#3357,#3385,#3411,#3437,#3463,#3489));
#3357 = ORIENTED_EDGE('',*,*,#3358,.T.);
#3358 = EDGE_CURVE('',#3359,#3361,#3363,.T.);
#3359 = VERTEX_POINT('',#3360);
#3360 = CARTESIAN_POINT('',(-11.,-12.17431578065,53.9));
#3361 = VERTEX_POINT('',#3362);
#3362 = CARTESIAN_POINT('',(-11.,-8.82568421935,53.9));
#3363 = SURFACE_CURVE('',#3364,(#3368,#3374),.PCURVE_S1.);
#3364 = LINE('',#3365,#3366);
#3365 = CARTESIAN_POINT('',(-11.,-12.41284210967,53.9));
#3366 = VECTOR('',#3367,1.);
#3367 = DIRECTION('',(0.,1.,-1.326181163023E-16));
#3368 = PCURVE('',#2255,#3369);
#3369 = DEFINITIONAL_REPRESENTATION('',(#3370),#3373);
#3370 = B_SPLINE_CURVE_WITH_KNOTS('',1,(#3371,#3372),.UNSPECIFIED.,.F.,
  .F.,(2,2),(0.238526329025,3.587157890325),.PIECEWISE_BEZIER_KNOTS.);
#3371 = CARTESIAN_POINT('',(12.9,-3.82568421935));
#3372 = CARTESIAN_POINT('',(12.9,-7.17431578065));
#3373 = ( GEOMETRIC_REPRESENTATION_CONTEXT(2) 
PARAMETRIC_REPRESENTATION_CONTEXT() REPRESENTATION_CONTEXT('2D SPACE',''
  ) );
#3374 = PCURVE('',#3375,#3380);
#3375 = PLANE('',#3376);
#3376 = AXIS2_PLACEMENT_3D('',#3377,#3378,#3379);
#3377 = CARTESIAN_POINT('',(-19.,-8.82568421935,53.9));
#3378 = DIRECTION('',(0.,-1.326181163023E-16,-1.));
#3379 = DIRECTION('',(0.,-1.,1.326181163023E-16));
#3380 = DEFINITIONAL_REPRESENTATION('',(#3381),#3384);
#3381 = B_SPLINE_CURVE_WITH_KNOTS('',1,(#3382,#3383),.UNSPECIFIED.,.F.,
  .F.,(2,2),(0.238526329025,3.587157890325),.PIECEWISE_BEZIER_KNOTS.);
#3382 = CARTESIAN_POINT('',(3.3486315613,-8.));
#3383 = CARTESIAN_POINT('',(0.,-8.));
#3384 = ( GEOMETRIC_REPRESENTATION_CONTEXT(2) 
PARAMETRIC_REPRESENTATION_CONTEXT() REPRESENTATION_CONTEXT('2D SPACE',''
  ) );
#3385 = ORIENTED_EDGE('',*,*,#3386,.T.);
#3386 = EDGE_CURVE('',#3361,#3387,#3389,.T.);
#3387 = VERTEX_POINT('',#3388);
#3388 = CARTESIAN_POINT('',(-11.,-7.1513684387,51.));
#3389 = SURFACE_CURVE('',#3390,(#3394,#3400),.PCURVE_S1.);
#3390 = LINE('',#3391,#3392);
#3391 = CARTESIAN_POINT('',(-11.,-6.092383874402,49.165784930204));
#3392 = VECTOR('',#3393,1.);
#3393 = DIRECTION('',(0.,0.5,-0.866025403784));
#3394 = PCURVE('',#2255,#3395);
#3395 = DEFINITIONAL_REPRESENTATION('',(#3396),#3399);
#3396 = B_SPLINE_CURVE_WITH_KNOTS('',1,(#3397,#3398),.UNSPECIFIED.,.F.,
  .F.,(2,2),(-5.466600689897,-2.117969128597),.PIECEWISE_BEZIER_KNOTS.);
#3397 = CARTESIAN_POINT('',(12.9,-7.17431578065));
#3398 = CARTESIAN_POINT('',(10.,-8.8486315613));
#3399 = ( GEOMETRIC_REPRESENTATION_CONTEXT(2) 
PARAMETRIC_REPRESENTATION_CONTEXT() REPRESENTATION_CONTEXT('2D SPACE',''
  ) );
#3400 = PCURVE('',#3401,#3406);
#3401 = PLANE('',#3402);
#3402 = AXIS2_PLACEMENT_3D('',#3403,#3404,#3405);
#3403 = CARTESIAN_POINT('',(-19.,-7.1513684387,51.));
#3404 = DIRECTION('',(0.,-0.866025403784,-0.5));
#3405 = DIRECTION('',(0.,-0.5,0.866025403784));
#3406 = DEFINITIONAL_REPRESENTATION('',(#3407),#3410);
#3407 = B_SPLINE_CURVE_WITH_KNOTS('',1,(#3408,#3409),.UNSPECIFIED.,.F.,
  .F.,(2,2),(-5.466600689897,-2.117969128597),.PIECEWISE_BEZIER_KNOTS.);
#3408 = CARTESIAN_POINT('',(3.3486315613,-8.));
#3409 = CARTESIAN_POINT('',(0.,-8.));
#3410 = ( GEOMETRIC_REPRESENTATION_CONTEXT(2) 
PARAMETRIC_REPRESENTATION_CONTEXT() REPRESENTATION_CONTEXT('2D SPACE',''
  ) );
#3411 = ORIENTED_EDGE('',*,*,#3412,.T.);
#3412 = EDGE_CURVE('',#3387,#3413,#3415,.T.);
#3413 = VERTEX_POINT('',#3414);
#3414 = CARTESIAN_POINT('',(-11.,-8.82568421935,48.1));
#3415 = SURFACE_CURVE('',#3416,(#3420,#3426),.PCURVE_S1.);
#3416 = LINE('',#3417,#3418);
#3417 = CARTESIAN_POINT('',(-11.,-11.25966878364,43.884215069796));
#3418 = VECTOR('',#3419,1.);
#3419 = DIRECTION('',(0.,-0.5,-0.866025403784));
#3420 = PCURVE('',#2255,#3421);
#3421 = DEFINITIONAL_REPRESENTATION('',(#3422),#3425);
#3422 = B_SPLINE_CURVE_WITH_KNOTS('',1,(#3423,#3424),.UNSPECIFIED.,.F.,
  .F.,(2,2),(-8.216600689897,-4.867969128597),.PIECEWISE_BEZIER_KNOTS.);
#3423 = CARTESIAN_POINT('',(10.,-8.8486315613));
#3424 = CARTESIAN_POINT('',(7.1,-7.17431578065));
#3425 = ( GEOMETRIC_REPRESENTATION_CONTEXT(2) 
PARAMETRIC_REPRESENTATION_CONTEXT() REPRESENTATION_CONTEXT('2D SPACE',''
  ) );
#3426 = PCURVE('',#3427,#3432);
#3427 = PLANE('',#3428);
#3428 = AXIS2_PLACEMENT_3D('',#3429,#3430,#3431);
#3429 = CARTESIAN_POINT('',(-19.,-8.82568421935,48.1));
#3430 = DIRECTION('',(0.,-0.866025403784,0.5));
#3431 = DIRECTION('',(0.,0.5,0.866025403784));
#3432 = DEFINITIONAL_REPRESENTATION('',(#3433),#3436);
#3433 = B_SPLINE_CURVE_WITH_KNOTS('',1,(#3434,#3435),.UNSPECIFIED.,.F.,
  .F.,(2,2),(-8.216600689897,-4.867969128597),.PIECEWISE_BEZIER_KNOTS.);
#3434 = CARTESIAN_POINT('',(3.3486315613,-8.));
#3435 = CARTESIAN_POINT('',(0.,-8.));
#3436 = ( GEOMETRIC_REPRESENTATION_CONTEXT(2) 
PARAMETRIC_REPRESENTATION_CONTEXT() REPRESENTATION_CONTEXT('2D SPACE',''
  ) );
#3437 = ORIENTED_EDGE('',*,*,#3438,.T.);
#3438 = EDGE_CURVE('',#3413,#3439,#3441,.T.);
#3439 = VERTEX_POINT('',#3440);
#3440 = CARTESIAN_POINT('',(-11.,-12.17431578065,48.1));
#3441 = SURFACE_CURVE('',#3442,(#3446,#3452),.PCURVE_S1.);
#3442 = LINE('',#3443,#3444);
#3443 = CARTESIAN_POINT('',(-11.,-14.08715789032,48.1));
#3444 = VECTOR('',#3445,1.);
#3445 = DIRECTION('',(0.,-1.,6.630905815116E-16));
#3446 = PCURVE('',#2255,#3447);
#3447 = DEFINITIONAL_REPRESENTATION('',(#3448),#3451);
#3448 = B_SPLINE_CURVE_WITH_KNOTS('',1,(#3449,#3450),.UNSPECIFIED.,.F.,
  .F.,(2,2),(-5.261473670975,-1.912842109675),.PIECEWISE_BEZIER_KNOTS.);
#3449 = CARTESIAN_POINT('',(7.1,-7.17431578065));
#3450 = CARTESIAN_POINT('',(7.1,-3.82568421935));
#3451 = ( GEOMETRIC_REPRESENTATION_CONTEXT(2) 
PARAMETRIC_REPRESENTATION_CONTEXT() REPRESENTATION_CONTEXT('2D SPACE',''
  ) );
#3452 = PCURVE('',#3453,#3458);
#3453 = PLANE('',#3454);
#3454 = AXIS2_PLACEMENT_3D('',#3455,#3456,#3457);
#3455 = CARTESIAN_POINT('',(-19.,-12.17431578065,48.1));
#3456 = DIRECTION('',(-0.,6.630905815116E-16,1.));
#3457 = DIRECTION('',(0.,1.,-6.630905815116E-16));
#3458 = DEFINITIONAL_REPRESENTATION('',(#3459),#3462);
#3459 = B_SPLINE_CURVE_WITH_KNOTS('',1,(#3460,#3461),.UNSPECIFIED.,.F.,
  .F.,(2,2),(-5.261473670975,-1.912842109675),.PIECEWISE_BEZIER_KNOTS.);
#3460 = CARTESIAN_POINT('',(3.3486315613,-8.));
#3461 = CARTESIAN_POINT('',(0.,-8.));
#3462 = ( GEOMETRIC_REPRESENTATION_CONTEXT(2) 
PARAMETRIC_REPRESENTATION_CONTEXT() REPRESENTATION_CONTEXT('2D SPACE',''
  ) );
#3463 = ORIENTED_EDGE('',*,*,#3464,.T.);
#3464 = EDGE_CURVE('',#3439,#3465,#3467,.T.);
#3465 = VERTEX_POINT('',#3466);
#3466 = CARTESIAN_POINT('',(-11.,-13.8486315613,51.));
#3467 = SURFACE_CURVE('',#3468,(#3472,#3478),.PCURVE_S1.);
#3468 = LINE('',#3469,#3470);
#3469 = CARTESIAN_POINT('',(-11.,-11.95248910667,47.715784930204));
#3470 = VECTOR('',#3471,1.);
#3471 = DIRECTION('',(0.,-0.5,0.866025403784));
#3472 = PCURVE('',#2255,#3473);
#3473 = DEFINITIONAL_REPRESENTATION('',(#3474),#3477);
#3474 = B_SPLINE_CURVE_WITH_KNOTS('',1,(#3475,#3476),.UNSPECIFIED.,.F.,
  .F.,(2,2),(0.443653347947,3.792284909247),.PIECEWISE_BEZIER_KNOTS.);
#3475 = CARTESIAN_POINT('',(7.1,-3.82568421935));
#3476 = CARTESIAN_POINT('',(10.,-2.1513684387));
#3477 = ( GEOMETRIC_REPRESENTATION_CONTEXT(2) 
PARAMETRIC_REPRESENTATION_CONTEXT() REPRESENTATION_CONTEXT('2D SPACE',''
  ) );
#3478 = PCURVE('',#3479,#3484);
#3479 = PLANE('',#3480);
#3480 = AXIS2_PLACEMENT_3D('',#3481,#3482,#3483);
#3481 = CARTESIAN_POINT('',(-19.,-13.8486315613,51.));
#3482 = DIRECTION('',(-0.,0.866025403784,0.5));
#3483 = DIRECTION('',(0.,0.5,-0.866025403784));
#3484 = DEFINITIONAL_REPRESENTATION('',(#3485),#3488);
#3485 = B_SPLINE_CURVE_WITH_KNOTS('',1,(#3486,#3487),.UNSPECIFIED.,.F.,
  .F.,(2,2),(0.443653347947,3.792284909247),.PIECEWISE_BEZIER_KNOTS.);
#3486 = CARTESIAN_POINT('',(3.3486315613,-8.));
#3487 = CARTESIAN_POINT('',(0.,-8.));
#3488 = ( GEOMETRIC_REPRESENTATION_CONTEXT(2) 
PARAMETRIC_REPRESENTATION_CONTEXT() REPRESENTATION_CONTEXT('2D SPACE',''
  ) );
#3489 = ORIENTED_EDGE('',*,*,#3490,.T.);
#3490 = EDGE_CURVE('',#3465,#3359,#3491,.T.);
#3491 = SURFACE_CURVE('',#3492,(#3496,#3502),.PCURVE_S1.);
#3492 = LINE('',#3493,#3494);
#3493 = CARTESIAN_POINT('',(-11.,-15.44545823527,48.234215069796));
#3494 = VECTOR('',#3495,1.);
#3495 = DIRECTION('',(-0.,0.5,0.866025403784));
#3496 = PCURVE('',#2255,#3497);
#3497 = DEFINITIONAL_REPRESENTATION('',(#3498),#3501);
#3498 = B_SPLINE_CURVE_WITH_KNOTS('',1,(#3499,#3500),.UNSPECIFIED.,.F.,
  .F.,(2,2),(3.193653347947,6.542284909247),.PIECEWISE_BEZIER_KNOTS.);
#3499 = CARTESIAN_POINT('',(10.,-2.1513684387));
#3500 = CARTESIAN_POINT('',(12.9,-3.82568421935));
#3501 = ( GEOMETRIC_REPRESENTATION_CONTEXT(2) 
PARAMETRIC_REPRESENTATION_CONTEXT() REPRESENTATION_CONTEXT('2D SPACE',''
  ) );
#3502 = PCURVE('',#3503,#3508);
#3503 = PLANE('',#3504);
#3504 = AXIS2_PLACEMENT_3D('',#3505,#3506,#3507);
#3505 = CARTESIAN_POINT('',(-19.,-12.17431578065,53.9));
#3506 = DIRECTION('',(0.,0.866025403784,-0.5));
#3507 = DIRECTION('',(0.,-0.5,-0.866025403784));
#3508 = DEFINITIONAL_REPRESENTATION('',(#3509),#3512);
#3509 = B_SPLINE_CURVE_WITH_KNOTS('',1,(#3510,#3511),.UNSPECIFIED.,.F.,
  .F.,(2,2),(3.193653347947,6.542284909247),.PIECEWISE_BEZIER_KNOTS.);
#3510 = CARTESIAN_POINT('',(3.3486315613,-8.));
#3511 = CARTESIAN_POINT('',(0.,-8.));
#3512 = ( GEOMETRIC_REPRESENTATION_CONTEXT(2) 
PARAMETRIC_REPRESENTATION_CONTEXT() REPRESENTATION_CONTEXT('2D SPACE',''
  ) );
#3513 = ADVANCED_FACE('',(#3514),#2481,.F.);
#3514 = FACE_BOUND('',#3515,.T.);
#3515 = EDGE_LOOP('',(#3516,#3539,#3540,#3541));
#3516 = ORIENTED_EDGE('',*,*,#3517,.F.);
#3517 = EDGE_CURVE('',#2461,#3518,#3520,.T.);
#3518 = VERTEX_POINT('',#3519);
#3519 = CARTESIAN_POINT('',(7.,-8.8,51.));
#3520 = SEAM_CURVE('',#3521,(#3525,#3532),.PCURVE_S1.);
#3521 = LINE('',#3522,#3523);
#3522 = CARTESIAN_POINT('',(-15.,-8.8,51.));
#3523 = VECTOR('',#3524,1.);
#3524 = DIRECTION('',(1.,0.,0.));
#3525 = PCURVE('',#2481,#3526);
#3526 = DEFINITIONAL_REPRESENTATION('',(#3527),#3531);
#3527 = LINE('',#3528,#3529);
#3528 = CARTESIAN_POINT('',(-6.28318530718,0.));
#3529 = VECTOR('',#3530,1.);
#3530 = DIRECTION('',(-0.,-1.));
#3531 = ( GEOMETRIC_REPRESENTATION_CONTEXT(2) 
PARAMETRIC_REPRESENTATION_CONTEXT() REPRESENTATION_CONTEXT('2D SPACE',''
  ) );
#3532 = PCURVE('',#2481,#3533);
#3533 = DEFINITIONAL_REPRESENTATION('',(#3534),#3538);
#3534 = LINE('',#3535,#3536);
#3535 = CARTESIAN_POINT('',(-0.,0.));
#3536 = VECTOR('',#3537,1.);
#3537 = DIRECTION('',(-0.,-1.));
#3538 = ( GEOMETRIC_REPRESENTATION_CONTEXT(2) 
PARAMETRIC_REPRESENTATION_CONTEXT() REPRESENTATION_CONTEXT('2D SPACE',''
  ) );
#3539 = ORIENTED_EDGE('',*,*,#2460,.T.);
#3540 = ORIENTED_EDGE('',*,*,#3517,.T.);
#3541 = ORIENTED_EDGE('',*,*,#3542,.F.);
#3542 = EDGE_CURVE('',#3518,#3518,#3543,.T.);
#3543 = SURFACE_CURVE('',#3544,(#3549,#3556),.PCURVE_S1.);
#3544 = CIRCLE('',#3545,1.7);
#3545 = AXIS2_PLACEMENT_3D('',#3546,#3547,#3548);
#3546 = CARTESIAN_POINT('',(7.,-10.5,51.));
#3547 = DIRECTION('',(-1.,0.,0.));
#3548 = DIRECTION('',(0.,1.,0.));
#3549 = PCURVE('',#2481,#3550);
#3550 = DEFINITIONAL_REPRESENTATION('',(#3551),#3555);
#3551 = LINE('',#3552,#3553);
#3552 = CARTESIAN_POINT('',(-6.28318530718,-22.));
#3553 = VECTOR('',#3554,1.);
#3554 = DIRECTION('',(1.,-0.));
#3555 = ( GEOMETRIC_REPRESENTATION_CONTEXT(2) 
PARAMETRIC_REPRESENTATION_CONTEXT() REPRESENTATION_CONTEXT('2D SPACE',''
  ) );
#3556 = PCURVE('',#3557,#3562);
#3557 = PLANE('',#3558);
#3558 = AXIS2_PLACEMENT_3D('',#3559,#3560,#3561);
#3559 = CARTESIAN_POINT('',(7.,-10.5,51.));
#3560 = DIRECTION('',(1.,0.,0.));
#3561 = DIRECTION('',(-0.,0.,1.));
#3562 = DEFINITIONAL_REPRESENTATION('',(#3563),#3571);
#3563 = ( BOUNDED_CURVE() B_SPLINE_CURVE(2,(#3564,#3565,#3566,#3567,
#3568,#3569,#3570),.UNSPECIFIED.,.T.,.F.) B_SPLINE_CURVE_WITH_KNOTS((1,2
    ,2,2,2,1),(-2.094395102393,0.,2.094395102393,4.188790204786,
6.28318530718,8.377580409573),.UNSPECIFIED.) CURVE() 
GEOMETRIC_REPRESENTATION_ITEM() RATIONAL_B_SPLINE_CURVE((1.,0.5,1.,0.5,
1.,0.5,1.)) REPRESENTATION_ITEM('') );
#3564 = CARTESIAN_POINT('',(0.,-1.7));
#3565 = CARTESIAN_POINT('',(-2.944486372867,-1.7));
#3566 = CARTESIAN_POINT('',(-1.472243186434,0.85));
#3567 = CARTESIAN_POINT('',(-4.163799117101E-16,3.4));
#3568 = CARTESIAN_POINT('',(1.472243186434,0.85));
#3569 = CARTESIAN_POINT('',(2.944486372867,-1.7));
#3570 = CARTESIAN_POINT('',(0.,-1.7));
#3571 = ( GEOMETRIC_REPRESENTATION_CONTEXT(2) 
PARAMETRIC_REPRESENTATION_CONTEXT() REPRESENTATION_CONTEXT('2D SPACE',''
  ) );
#3572 = ADVANCED_FACE('',(#3573),#2590,.F.);
#3573 = FACE_BOUND('',#3574,.T.);
#3574 = EDGE_LOOP('',(#3575,#3608,#3629,#3630));
#3575 = ORIENTED_EDGE('',*,*,#3576,.T.);
#3576 = EDGE_CURVE('',#3577,#3577,#3579,.T.);
#3577 = VERTEX_POINT('',#3578);
#3578 = CARTESIAN_POINT('',(-7.,-8.8,51.));
#3579 = SURFACE_CURVE('',#3580,(#3585,#3592),.PCURVE_S1.);
#3580 = CIRCLE('',#3581,1.7);
#3581 = AXIS2_PLACEMENT_3D('',#3582,#3583,#3584);
#3582 = CARTESIAN_POINT('',(-7.,-10.5,51.));
#3583 = DIRECTION('',(-1.,0.,0.));
#3584 = DIRECTION('',(0.,1.,0.));
#3585 = PCURVE('',#2590,#3586);
#3586 = DEFINITIONAL_REPRESENTATION('',(#3587),#3591);
#3587 = LINE('',#3588,#3589);
#3588 = CARTESIAN_POINT('',(-6.28318530718,-8.));
#3589 = VECTOR('',#3590,1.);
#3590 = DIRECTION('',(1.,-0.));
#3591 = ( GEOMETRIC_REPRESENTATION_CONTEXT(2) 
PARAMETRIC_REPRESENTATION_CONTEXT() REPRESENTATION_CONTEXT('2D SPACE',''
  ) );
#3592 = PCURVE('',#3593,#3598);
#3593 = PLANE('',#3594);
#3594 = AXIS2_PLACEMENT_3D('',#3595,#3596,#3597);
#3595 = CARTESIAN_POINT('',(-7.,-10.5,51.));
#3596 = DIRECTION('',(1.,0.,0.));
#3597 = DIRECTION('',(-0.,0.,1.));
#3598 = DEFINITIONAL_REPRESENTATION('',(#3599),#3607);
#3599 = ( BOUNDED_CURVE() B_SPLINE_CURVE(2,(#3600,#3601,#3602,#3603,
#3604,#3605,#3606),.UNSPECIFIED.,.T.,.F.) B_SPLINE_CURVE_WITH_KNOTS((1,2
    ,2,2,2,1),(-2.094395102393,0.,2.094395102393,4.188790204786,
6.28318530718,8.377580409573),.UNSPECIFIED.) CURVE() 
GEOMETRIC_REPRESENTATION_ITEM() RATIONAL_B_SPLINE_CURVE((1.,0.5,1.,0.5,
1.,0.5,1.)) REPRESENTATION_ITEM('') );
#3600 = CARTESIAN_POINT('',(0.,-1.7));
#3601 = CARTESIAN_POINT('',(-2.944486372867,-1.7));
#3602 = CARTESIAN_POINT('',(-1.472243186434,0.85));
#3603 = CARTESIAN_POINT('',(-4.163799117101E-16,3.4));
#3604 = CARTESIAN_POINT('',(1.472243186434,0.85));
#3605 = CARTESIAN_POINT('',(2.944486372867,-1.7));
#3606 = CARTESIAN_POINT('',(0.,-1.7));
#3607 = ( GEOMETRIC_REPRESENTATION_CONTEXT(2) 
PARAMETRIC_REPRESENTATION_CONTEXT() REPRESENTATION_CONTEXT('2D SPACE',''
  ) );
#3608 = ORIENTED_EDGE('',*,*,#3609,.T.);
#3609 = EDGE_CURVE('',#3577,#2570,#3610,.T.);
#3610 = SEAM_CURVE('',#3611,(#3615,#3622),.PCURVE_S1.);
#3611 = LINE('',#3612,#3613);
#3612 = CARTESIAN_POINT('',(-15.,-8.8,51.));
#3613 = VECTOR('',#3614,1.);
#3614 = DIRECTION('',(1.,0.,0.));
#3615 = PCURVE('',#2590,#3616);
#3616 = DEFINITIONAL_REPRESENTATION('',(#3617),#3621);
#3617 = LINE('',#3618,#3619);
#3618 = CARTESIAN_POINT('',(-6.28318530718,0.));
#3619 = VECTOR('',#3620,1.);
#3620 = DIRECTION('',(-0.,-1.));
#3621 = ( GEOMETRIC_REPRESENTATION_CONTEXT(2) 
PARAMETRIC_REPRESENTATION_CONTEXT() REPRESENTATION_CONTEXT('2D SPACE',''
  ) );
#3622 = PCURVE('',#2590,#3623);
#3623 = DEFINITIONAL_REPRESENTATION('',(#3624),#3628);
#3624 = LINE('',#3625,#3626);
#3625 = CARTESIAN_POINT('',(-0.,0.));
#3626 = VECTOR('',#3627,1.);
#3627 = DIRECTION('',(-0.,-1.));
#3628 = ( GEOMETRIC_REPRESENTATION_CONTEXT(2) 
PARAMETRIC_REPRESENTATION_CONTEXT() REPRESENTATION_CONTEXT('2D SPACE',''
  ) );
#3629 = ORIENTED_EDGE('',*,*,#2569,.F.);
#3630 = ORIENTED_EDGE('',*,*,#3609,.F.);
#3631 = ADVANCED_FACE('',(#3632,#3678),#2909,.T.);
#3632 = FACE_BOUND('',#3633,.T.);
#3633 = EDGE_LOOP('',(#3634,#3657,#3676,#3677));
#3634 = ORIENTED_EDGE('',*,*,#3635,.F.);
#3635 = EDGE_CURVE('',#3636,#2870,#3638,.T.);
#3636 = VERTEX_POINT('',#3637);
#3637 = CARTESIAN_POINT('',(-0.75,9.,55.081666326392));
#3638 = SURFACE_CURVE('',#3639,(#3643,#3650),.PCURVE_S1.);
#3639 = LINE('',#3640,#3641);
#3640 = CARTESIAN_POINT('',(-0.75,9.,51.));
#3641 = VECTOR('',#3642,1.);
#3642 = DIRECTION('',(0.,0.,1.));
#3643 = PCURVE('',#2909,#3644);
#3644 = DEFINITIONAL_REPRESENTATION('',(#3645),#3649);
#3645 = LINE('',#3646,#3647);
#3646 = CARTESIAN_POINT('',(0.,0.));
#3647 = VECTOR('',#3648,1.);
#3648 = DIRECTION('',(1.,0.));
#3649 = ( GEOMETRIC_REPRESENTATION_CONTEXT(2) 
PARAMETRIC_REPRESENTATION_CONTEXT() REPRESENTATION_CONTEXT('2D SPACE',''
  ) );
#3650 = PCURVE('',#2884,#3651);
#3651 = DEFINITIONAL_REPRESENTATION('',(#3652),#3656);
#3652 = LINE('',#3653,#3654);
#3653 = CARTESIAN_POINT('',(0.,0.));
#3654 = VECTOR('',#3655,1.);
#3655 = DIRECTION('',(1.,0.));
#3656 = ( GEOMETRIC_REPRESENTATION_CONTEXT(2) 
PARAMETRIC_REPRESENTATION_CONTEXT() REPRESENTATION_CONTEXT('2D SPACE',''
  ) );
#3657 = ORIENTED_EDGE('',*,*,#3658,.F.);
#3658 = EDGE_CURVE('',#2995,#3636,#3659,.T.);
#3659 = SURFACE_CURVE('',#3660,(#3664,#3670),.PCURVE_S1.);
#3660 = LINE('',#3661,#3662);
#3661 = CARTESIAN_POINT('',(-0.75,9.,55.081666326392));
#3662 = VECTOR('',#3663,1.);
#3663 = DIRECTION('',(0.,-1.,0.));
#3664 = PCURVE('',#2909,#3665);
#3665 = DEFINITIONAL_REPRESENTATION('',(#3666),#3669);
#3666 = B_SPLINE_CURVE_WITH_KNOTS('',1,(#3667,#3668),.UNSPECIFIED.,.F.,
  .F.,(2,2),(-25.0000006,5.999999999062E-07),.PIECEWISE_BEZIER_KNOTS.);
#3667 = CARTESIAN_POINT('',(4.081666326392,-25.0000006));
#3668 = CARTESIAN_POINT('',(4.081666326392,5.999999999062E-07));
#3669 = ( GEOMETRIC_REPRESENTATION_CONTEXT(2) 
PARAMETRIC_REPRESENTATION_CONTEXT() REPRESENTATION_CONTEXT('2D SPACE',''
  ) );
#3670 = PCURVE('',#3036,#3671);
#3671 = DEFINITIONAL_REPRESENTATION('',(#3672),#3675);
#3672 = B_SPLINE_CURVE_WITH_KNOTS('',1,(#3673,#3674),.UNSPECIFIED.,.F.,
  .F.,(2,2),(-25.,-0.),.PIECEWISE_BEZIER_KNOTS.);
#3673 = CARTESIAN_POINT('',(1.752517722419,-25.));
#3674 = CARTESIAN_POINT('',(1.752517722419,0.));
#3675 = ( GEOMETRIC_REPRESENTATION_CONTEXT(2) 
PARAMETRIC_REPRESENTATION_CONTEXT() REPRESENTATION_CONTEXT('2D SPACE',''
  ) );
#3676 = ORIENTED_EDGE('',*,*,#2994,.F.);
#3677 = ORIENTED_EDGE('',*,*,#2896,.F.);
#3678 = FACE_BOUND('',#3679,.T.);
#3679 = EDGE_LOOP('',(#3680));
#3680 = ORIENTED_EDGE('',*,*,#3681,.T.);
#3681 = EDGE_CURVE('',#3682,#3682,#3684,.T.);
#3682 = VERTEX_POINT('',#3683);
#3683 = CARTESIAN_POINT('',(-0.75,23.2,58.));
#3684 = SURFACE_CURVE('',#3685,(#3690,#3701),.PCURVE_S1.);
#3685 = CIRCLE('',#3686,1.7);
#3686 = AXIS2_PLACEMENT_3D('',#3687,#3688,#3689);
#3687 = CARTESIAN_POINT('',(-0.75,21.5,58.));
#3688 = DIRECTION('',(-1.,0.,0.));
#3689 = DIRECTION('',(0.,1.,0.));
#3690 = PCURVE('',#2909,#3691);
#3691 = DEFINITIONAL_REPRESENTATION('',(#3692),#3700);
#3692 = ( BOUNDED_CURVE() B_SPLINE_CURVE(2,(#3693,#3694,#3695,#3696,
#3697,#3698,#3699),.UNSPECIFIED.,.T.,.F.) B_SPLINE_CURVE_WITH_KNOTS((1,2
    ,2,2,2,1),(-2.094395102393,0.,2.094395102393,4.188790204786,
6.28318530718,8.377580409573),.UNSPECIFIED.) CURVE() 
GEOMETRIC_REPRESENTATION_ITEM() RATIONAL_B_SPLINE_CURVE((1.,0.5,1.,0.5,
1.,0.5,1.)) REPRESENTATION_ITEM('') );
#3693 = CARTESIAN_POINT('',(7.,-14.2));
#3694 = CARTESIAN_POINT('',(4.055513627133,-14.2));
#3695 = CARTESIAN_POINT('',(5.527756813566,-11.65));
#3696 = CARTESIAN_POINT('',(7.,-9.1));
#3697 = CARTESIAN_POINT('',(8.472243186434,-11.65));
#3698 = CARTESIAN_POINT('',(9.944486372867,-14.2));
#3699 = CARTESIAN_POINT('',(7.,-14.2));
#3700 = ( GEOMETRIC_REPRESENTATION_CONTEXT(2) 
PARAMETRIC_REPRESENTATION_CONTEXT() REPRESENTATION_CONTEXT('2D SPACE',''
  ) );
#3701 = PCURVE('',#3702,#3707);
#3702 = CYLINDRICAL_SURFACE('',#3703,1.7);
#3703 = AXIS2_PLACEMENT_3D('',#3704,#3705,#3706);
#3704 = CARTESIAN_POINT('',(-15.,21.5,58.));
#3705 = DIRECTION('',(-1.,-0.,-0.));
#3706 = DIRECTION('',(0.,1.,0.));
#3707 = DEFINITIONAL_REPRESENTATION('',(#3708),#3712);
#3708 = LINE('',#3709,#3710);
#3709 = CARTESIAN_POINT('',(-6.28318530718,-14.25));
#3710 = VECTOR('',#3711,1.);
#3711 = DIRECTION('',(1.,-0.));
#3712 = ( GEOMETRIC_REPRESENTATION_CONTEXT(2) 
PARAMETRIC_REPRESENTATION_CONTEXT() REPRESENTATION_CONTEXT('2D SPACE',''
  ) );
#3713 = ADVANCED_FACE('',(#3714),#2884,.T.);
#3714 = FACE_BOUND('',#3715,.T.);
#3715 = EDGE_LOOP('',(#3716,#3739,#3765,#3766));
#3716 = ORIENTED_EDGE('',*,*,#3717,.F.);
#3717 = EDGE_CURVE('',#3718,#2844,#3720,.T.);
#3718 = VERTEX_POINT('',#3719);
#3719 = CARTESIAN_POINT('',(0.75,9.,55.081666326392));
#3720 = SURFACE_CURVE('',#3721,(#3725,#3732),.PCURVE_S1.);
#3721 = LINE('',#3722,#3723);
#3722 = CARTESIAN_POINT('',(0.75,9.,51.));
#3723 = VECTOR('',#3724,1.);
#3724 = DIRECTION('',(0.,0.,1.));
#3725 = PCURVE('',#2884,#3726);
#3726 = DEFINITIONAL_REPRESENTATION('',(#3727),#3731);
#3727 = LINE('',#3728,#3729);
#3728 = CARTESIAN_POINT('',(0.,1.5));
#3729 = VECTOR('',#3730,1.);
#3730 = DIRECTION('',(1.,0.));
#3731 = ( GEOMETRIC_REPRESENTATION_CONTEXT(2) 
PARAMETRIC_REPRESENTATION_CONTEXT() REPRESENTATION_CONTEXT('2D SPACE',''
  ) );
#3732 = PCURVE('',#2858,#3733);
#3733 = DEFINITIONAL_REPRESENTATION('',(#3734),#3738);
#3734 = LINE('',#3735,#3736);
#3735 = CARTESIAN_POINT('',(0.,0.));
#3736 = VECTOR('',#3737,1.);
#3737 = DIRECTION('',(1.,0.));
#3738 = ( GEOMETRIC_REPRESENTATION_CONTEXT(2) 
PARAMETRIC_REPRESENTATION_CONTEXT() REPRESENTATION_CONTEXT('2D SPACE',''
  ) );
#3739 = ORIENTED_EDGE('',*,*,#3740,.F.);
#3740 = EDGE_CURVE('',#3636,#3718,#3741,.T.);
#3741 = SURFACE_CURVE('',#3742,(#3747,#3758),.PCURVE_S1.);
#3742 = CIRCLE('',#3743,4.15);
#3743 = AXIS2_PLACEMENT_3D('',#3744,#3745,#3746);
#3744 = CARTESIAN_POINT('',(0.,9.,51.));
#3745 = DIRECTION('',(-0.,-1.,0.));
#3746 = DIRECTION('',(-0.180722891566,0.,0.983534054552));
#3747 = PCURVE('',#2884,#3748);
#3748 = DEFINITIONAL_REPRESENTATION('',(#3749),#3757);
#3749 = ( BOUNDED_CURVE() B_SPLINE_CURVE(2,(#3750,#3751,#3752,#3753,
#3754,#3755,#3756),.UNSPECIFIED.,.T.,.F.) B_SPLINE_CURVE_WITH_KNOTS((1,2
    ,2,2,2,1),(-2.094395102393,0.,2.094395102393,4.188790204786,
6.28318530718,8.377580409573),.UNSPECIFIED.) CURVE() 
GEOMETRIC_REPRESENTATION_ITEM() RATIONAL_B_SPLINE_CURVE((1.,0.5,1.,0.5,
1.,0.5,1.)) REPRESENTATION_ITEM('') );
#3750 = CARTESIAN_POINT('',(4.081666326392,-2.786659791809E-14));
#3751 = CARTESIAN_POINT('',(2.782628220715,-7.069653456853));
#3752 = CARTESIAN_POINT('',(-2.690352216034,-2.409826728427));
#3753 = CARTESIAN_POINT('',(-8.163332652783,2.25));
#3754 = CARTESIAN_POINT('',(-1.391314110358,4.659826728427));
#3755 = CARTESIAN_POINT('',(5.380704432068,7.069653456853));
#3756 = CARTESIAN_POINT('',(4.081666326392,-2.786659791809E-14));
#3757 = ( GEOMETRIC_REPRESENTATION_CONTEXT(2) 
PARAMETRIC_REPRESENTATION_CONTEXT() REPRESENTATION_CONTEXT('2D SPACE',''
  ) );
#3758 = PCURVE('',#3036,#3759);
#3759 = DEFINITIONAL_REPRESENTATION('',(#3760),#3764);
#3760 = LINE('',#3761,#3762);
#3761 = CARTESIAN_POINT('',(1.752517722419,0.));
#3762 = VECTOR('',#3763,1.);
#3763 = DIRECTION('',(1.,0.));
#3764 = ( GEOMETRIC_REPRESENTATION_CONTEXT(2) 
PARAMETRIC_REPRESENTATION_CONTEXT() REPRESENTATION_CONTEXT('2D SPACE',''
  ) );
#3765 = ORIENTED_EDGE('',*,*,#3635,.T.);
#3766 = ORIENTED_EDGE('',*,*,#2869,.F.);
#3767 = ADVANCED_FACE('',(#3768,#3792),#2858,.F.);
#3768 = FACE_BOUND('',#3769,.F.);
#3769 = EDGE_LOOP('',(#3770,#3771,#3790,#3791));
#3770 = ORIENTED_EDGE('',*,*,#3717,.F.);
#3771 = ORIENTED_EDGE('',*,*,#3772,.F.);
#3772 = EDGE_CURVE('',#3016,#3718,#3773,.T.);
#3773 = SURFACE_CURVE('',#3774,(#3778,#3784),.PCURVE_S1.);
#3774 = LINE('',#3775,#3776);
#3775 = CARTESIAN_POINT('',(0.75,9.,55.081666326392));
#3776 = VECTOR('',#3777,1.);
#3777 = DIRECTION('',(0.,-1.,0.));
#3778 = PCURVE('',#2858,#3779);
#3779 = DEFINITIONAL_REPRESENTATION('',(#3780),#3783);
#3780 = B_SPLINE_CURVE_WITH_KNOTS('',1,(#3781,#3782),.UNSPECIFIED.,.F.,
  .F.,(2,2),(-25.0000006,5.999999999062E-07),.PIECEWISE_BEZIER_KNOTS.);
#3781 = CARTESIAN_POINT('',(4.081666326392,-25.0000006));
#3782 = CARTESIAN_POINT('',(4.081666326392,5.999999999062E-07));
#3783 = ( GEOMETRIC_REPRESENTATION_CONTEXT(2) 
PARAMETRIC_REPRESENTATION_CONTEXT() REPRESENTATION_CONTEXT('2D SPACE',''
  ) );
#3784 = PCURVE('',#3036,#3785);
#3785 = DEFINITIONAL_REPRESENTATION('',(#3786),#3789);
#3786 = B_SPLINE_CURVE_WITH_KNOTS('',1,(#3787,#3788),.UNSPECIFIED.,.F.,
  .F.,(2,2),(-25.,0.),.PIECEWISE_BEZIER_KNOTS.);
#3787 = CARTESIAN_POINT('',(7.672260238351,-25.));
#3788 = CARTESIAN_POINT('',(7.672260238351,0.));
#3789 = ( GEOMETRIC_REPRESENTATION_CONTEXT(2) 
PARAMETRIC_REPRESENTATION_CONTEXT() REPRESENTATION_CONTEXT('2D SPACE',''
  ) );
#3790 = ORIENTED_EDGE('',*,*,#3048,.F.);
#3791 = ORIENTED_EDGE('',*,*,#2843,.F.);
#3792 = FACE_BOUND('',#3793,.F.);
#3793 = EDGE_LOOP('',(#3794));
#3794 = ORIENTED_EDGE('',*,*,#3795,.T.);
#3795 = EDGE_CURVE('',#3796,#3796,#3798,.T.);
#3796 = VERTEX_POINT('',#3797);
#3797 = CARTESIAN_POINT('',(0.75,23.2,58.));
#3798 = SURFACE_CURVE('',#3799,(#3804,#3815),.PCURVE_S1.);
#3799 = CIRCLE('',#3800,1.7);
#3800 = AXIS2_PLACEMENT_3D('',#3801,#3802,#3803);
#3801 = CARTESIAN_POINT('',(0.75,21.5,58.));
#3802 = DIRECTION('',(-1.,0.,0.));
#3803 = DIRECTION('',(0.,1.,0.));
#3804 = PCURVE('',#2858,#3805);
#3805 = DEFINITIONAL_REPRESENTATION('',(#3806),#3814);
#3806 = ( BOUNDED_CURVE() B_SPLINE_CURVE(2,(#3807,#3808,#3809,#3810,
#3811,#3812,#3813),.UNSPECIFIED.,.T.,.F.) B_SPLINE_CURVE_WITH_KNOTS((1,2
    ,2,2,2,1),(-2.094395102393,0.,2.094395102393,4.188790204786,
6.28318530718,8.377580409573),.UNSPECIFIED.) CURVE() 
GEOMETRIC_REPRESENTATION_ITEM() RATIONAL_B_SPLINE_CURVE((1.,0.5,1.,0.5,
1.,0.5,1.)) REPRESENTATION_ITEM('') );
#3807 = CARTESIAN_POINT('',(7.,-14.2));
#3808 = CARTESIAN_POINT('',(4.055513627133,-14.2));
#3809 = CARTESIAN_POINT('',(5.527756813566,-11.65));
#3810 = CARTESIAN_POINT('',(7.,-9.1));
#3811 = CARTESIAN_POINT('',(8.472243186434,-11.65));
#3812 = CARTESIAN_POINT('',(9.944486372867,-14.2));
#3813 = CARTESIAN_POINT('',(7.,-14.2));
#3814 = ( GEOMETRIC_REPRESENTATION_CONTEXT(2) 
PARAMETRIC_REPRESENTATION_CONTEXT() REPRESENTATION_CONTEXT('2D SPACE',''
  ) );
#3815 = PCURVE('',#3816,#3821);
#3816 = CYLINDRICAL_SURFACE('',#3817,1.7);
#3817 = AXIS2_PLACEMENT_3D('',#3818,#3819,#3820);
#3818 = CARTESIAN_POINT('',(-15.,21.5,58.));
#3819 = DIRECTION('',(-1.,-0.,-0.));
#3820 = DIRECTION('',(0.,1.,0.));
#3821 = DEFINITIONAL_REPRESENTATION('',(#3822),#3826);
#3822 = LINE('',#3823,#3824);
#3823 = CARTESIAN_POINT('',(-6.28318530718,-15.75));
#3824 = VECTOR('',#3825,1.);
#3825 = DIRECTION('',(1.,-0.));
#3826 = ( GEOMETRIC_REPRESENTATION_CONTEXT(2) 
PARAMETRIC_REPRESENTATION_CONTEXT() REPRESENTATION_CONTEXT('2D SPACE',''
  ) );
#3827 = ADVANCED_FACE('',(#3828),#2739,.F.);
#3828 = FACE_BOUND('',#3829,.T.);
#3829 = EDGE_LOOP('',(#3830,#3831,#3832,#3858));
#3830 = ORIENTED_EDGE('',*,*,#3096,.F.);
#3831 = ORIENTED_EDGE('',*,*,#2776,.T.);
#3832 = ORIENTED_EDGE('',*,*,#3833,.T.);
#3833 = EDGE_CURVE('',#2751,#2725,#3834,.T.);
#3834 = SURFACE_CURVE('',#3835,(#3840,#3847),.PCURVE_S1.);
#3835 = CIRCLE('',#3836,3.25);
#3836 = AXIS2_PLACEMENT_3D('',#3837,#3838,#3839);
#3837 = CARTESIAN_POINT('',(8.,21.5,58.));
#3838 = DIRECTION('',(-1.,0.,0.));
#3839 = DIRECTION('',(0.,0.384615384615,0.923076923077));
#3840 = PCURVE('',#2739,#3841);
#3841 = DEFINITIONAL_REPRESENTATION('',(#3842),#3846);
#3842 = LINE('',#3843,#3844);
#3843 = CARTESIAN_POINT('',(-7.459190514275,0.));
#3844 = VECTOR('',#3845,1.);
#3845 = DIRECTION('',(1.,-0.));
#3846 = ( GEOMETRIC_REPRESENTATION_CONTEXT(2) 
PARAMETRIC_REPRESENTATION_CONTEXT() REPRESENTATION_CONTEXT('2D SPACE',''
  ) );
#3847 = PCURVE('',#2765,#3848);
#3848 = DEFINITIONAL_REPRESENTATION('',(#3849),#3857);
#3849 = ( BOUNDED_CURVE() B_SPLINE_CURVE(2,(#3850,#3851,#3852,#3853,
#3854,#3855,#3856),.UNSPECIFIED.,.T.,.F.) B_SPLINE_CURVE_WITH_KNOTS((1,2
    ,2,2,2,1),(-2.094395102393,0.,2.094395102393,4.188790204786,
6.28318530718,8.377580409573),.UNSPECIFIED.) CURVE() 
GEOMETRIC_REPRESENTATION_ITEM() RATIONAL_B_SPLINE_CURVE((1.,0.5,1.,0.5,
1.,0.5,1.)) REPRESENTATION_ITEM('') );
#3850 = CARTESIAN_POINT('',(3.,-1.25));
#3851 = CARTESIAN_POINT('',(0.834936490539,-6.446152422707));
#3852 = CARTESIAN_POINT('',(-2.582531754731,-1.973076211353));
#3853 = CARTESIAN_POINT('',(-6.,2.5));
#3854 = CARTESIAN_POINT('',(-0.417468245269,3.223076211353));
#3855 = CARTESIAN_POINT('',(5.165063509461,3.946152422707));
#3856 = CARTESIAN_POINT('',(3.,-1.25));
#3857 = ( GEOMETRIC_REPRESENTATION_CONTEXT(2) 
PARAMETRIC_REPRESENTATION_CONTEXT() REPRESENTATION_CONTEXT('2D SPACE',''
  ) );
#3858 = ORIENTED_EDGE('',*,*,#2724,.F.);
#3859 = ADVANCED_FACE('',(#3860,#3864),#2765,.T.);
#3860 = FACE_BOUND('',#3861,.T.);
#3861 = EDGE_LOOP('',(#3862,#3863));
#3862 = ORIENTED_EDGE('',*,*,#2750,.F.);
#3863 = ORIENTED_EDGE('',*,*,#3833,.F.);
#3864 = FACE_BOUND('',#3865,.T.);
#3865 = EDGE_LOOP('',(#3866));
#3866 = ORIENTED_EDGE('',*,*,#3867,.T.);
#3867 = EDGE_CURVE('',#3868,#3868,#3870,.T.);
#3868 = VERTEX_POINT('',#3869);
#3869 = CARTESIAN_POINT('',(8.,23.2,58.));
#3870 = SURFACE_CURVE('',#3871,(#3876,#3887),.PCURVE_S1.);
#3871 = CIRCLE('',#3872,1.7);
#3872 = AXIS2_PLACEMENT_3D('',#3873,#3874,#3875);
#3873 = CARTESIAN_POINT('',(8.,21.5,58.));
#3874 = DIRECTION('',(-1.,0.,0.));
#3875 = DIRECTION('',(0.,1.,0.));
#3876 = PCURVE('',#2765,#3877);
#3877 = DEFINITIONAL_REPRESENTATION('',(#3878),#3886);
#3878 = ( BOUNDED_CURVE() B_SPLINE_CURVE(2,(#3879,#3880,#3881,#3882,
#3883,#3884,#3885),.UNSPECIFIED.,.T.,.F.) B_SPLINE_CURVE_WITH_KNOTS((1,2
    ,2,2,2,1),(-2.094395102393,0.,2.094395102393,4.188790204786,
6.28318530718,8.377580409573),.UNSPECIFIED.) CURVE() 
GEOMETRIC_REPRESENTATION_ITEM() RATIONAL_B_SPLINE_CURVE((1.,0.5,1.,0.5,
1.,0.5,1.)) REPRESENTATION_ITEM('') );
#3879 = CARTESIAN_POINT('',(0.,-1.7));
#3880 = CARTESIAN_POINT('',(-2.944486372867,-1.7));
#3881 = CARTESIAN_POINT('',(-1.472243186434,0.85));
#3882 = CARTESIAN_POINT('',(-4.163799117101E-16,3.4));
#3883 = CARTESIAN_POINT('',(1.472243186434,0.85));
#3884 = CARTESIAN_POINT('',(2.944486372867,-1.7));
#3885 = CARTESIAN_POINT('',(0.,-1.7));
#3886 = ( GEOMETRIC_REPRESENTATION_CONTEXT(2) 
PARAMETRIC_REPRESENTATION_CONTEXT() REPRESENTATION_CONTEXT('2D SPACE',''
  ) );
#3887 = PCURVE('',#3816,#3888);
#3888 = DEFINITIONAL_REPRESENTATION('',(#3889),#3893);
#3889 = LINE('',#3890,#3891);
#3890 = CARTESIAN_POINT('',(-6.28318530718,-23.));
#3891 = VECTOR('',#3892,1.);
#3892 = DIRECTION('',(1.,-0.));
#3893 = ( GEOMETRIC_REPRESENTATION_CONTEXT(2) 
PARAMETRIC_REPRESENTATION_CONTEXT() REPRESENTATION_CONTEXT('2D SPACE',''
  ) );
#3894 = ADVANCED_FACE('',(#3895),#3036,.F.);
#3895 = FACE_BOUND('',#3896,.F.);
#3896 = EDGE_LOOP('',(#3897,#3898,#3899,#3900));
#3897 = ORIENTED_EDGE('',*,*,#3740,.F.);
#3898 = ORIENTED_EDGE('',*,*,#3658,.F.);
#3899 = ORIENTED_EDGE('',*,*,#3015,.T.);
#3900 = ORIENTED_EDGE('',*,*,#3772,.T.);
#3901 = ADVANCED_FACE('',(#3902),#3145,.F.);
#3902 = FACE_BOUND('',#3903,.T.);
#3903 = EDGE_LOOP('',(#3904,#3928,#3949,#3950));
#3904 = ORIENTED_EDGE('',*,*,#3905,.F.);
#3905 = EDGE_CURVE('',#3906,#3906,#3908,.T.);
#3906 = VERTEX_POINT('',#3907);
#3907 = CARTESIAN_POINT('',(7.,-7.25,51.));
#3908 = SURFACE_CURVE('',#3909,(#3914,#3921),.PCURVE_S1.);
#3909 = CIRCLE('',#3910,3.25);
#3910 = AXIS2_PLACEMENT_3D('',#3911,#3912,#3913);
#3911 = CARTESIAN_POINT('',(7.,-10.5,51.));
#3912 = DIRECTION('',(1.,0.,0.));
#3913 = DIRECTION('',(0.,1.,0.));
#3914 = PCURVE('',#3145,#3915);
#3915 = DEFINITIONAL_REPRESENTATION('',(#3916),#3920);
#3916 = LINE('',#3917,#3918);
#3917 = CARTESIAN_POINT('',(-0.,0.));
#3918 = VECTOR('',#3919,1.);
#3919 = DIRECTION('',(-1.,0.));
#3920 = ( GEOMETRIC_REPRESENTATION_CONTEXT(2) 
PARAMETRIC_REPRESENTATION_CONTEXT() REPRESENTATION_CONTEXT('2D SPACE',''
  ) );
#3921 = PCURVE('',#3557,#3922);
#3922 = DEFINITIONAL_REPRESENTATION('',(#3923),#3927);
#3923 = CIRCLE('',#3924,3.25);
#3924 = AXIS2_PLACEMENT_2D('',#3925,#3926);
#3925 = CARTESIAN_POINT('',(0.,0.));
#3926 = DIRECTION('',(0.,-1.));
#3927 = ( GEOMETRIC_REPRESENTATION_CONTEXT(2) 
PARAMETRIC_REPRESENTATION_CONTEXT() REPRESENTATION_CONTEXT('2D SPACE',''
  ) );
#3928 = ORIENTED_EDGE('',*,*,#3929,.T.);
#3929 = EDGE_CURVE('',#3906,#3125,#3930,.T.);
#3930 = SEAM_CURVE('',#3931,(#3935,#3942),.PCURVE_S1.);
#3931 = LINE('',#3932,#3933);
#3932 = CARTESIAN_POINT('',(7.,-7.25,51.));
#3933 = VECTOR('',#3934,1.);
#3934 = DIRECTION('',(1.,0.,0.));
#3935 = PCURVE('',#3145,#3936);
#3936 = DEFINITIONAL_REPRESENTATION('',(#3937),#3941);
#3937 = LINE('',#3938,#3939);
#3938 = CARTESIAN_POINT('',(-6.28318530718,0.));
#3939 = VECTOR('',#3940,1.);
#3940 = DIRECTION('',(-0.,-1.));
#3941 = ( GEOMETRIC_REPRESENTATION_CONTEXT(2) 
PARAMETRIC_REPRESENTATION_CONTEXT() REPRESENTATION_CONTEXT('2D SPACE',''
  ) );
#3942 = PCURVE('',#3145,#3943);
#3943 = DEFINITIONAL_REPRESENTATION('',(#3944),#3948);
#3944 = LINE('',#3945,#3946);
#3945 = CARTESIAN_POINT('',(-0.,0.));
#3946 = VECTOR('',#3947,1.);
#3947 = DIRECTION('',(-0.,-1.));
#3948 = ( GEOMETRIC_REPRESENTATION_CONTEXT(2) 
PARAMETRIC_REPRESENTATION_CONTEXT() REPRESENTATION_CONTEXT('2D SPACE',''
  ) );
#3949 = ORIENTED_EDGE('',*,*,#3124,.F.);
#3950 = ORIENTED_EDGE('',*,*,#3929,.F.);
#3951 = ADVANCED_FACE('',(#3952),#3217,.T.);
#3952 = FACE_BOUND('',#3953,.T.);
#3953 = EDGE_LOOP('',(#3954,#3955,#3978,#4006));
#3954 = ORIENTED_EDGE('',*,*,#3200,.T.);
#3955 = ORIENTED_EDGE('',*,*,#3956,.T.);
#3956 = EDGE_CURVE('',#3203,#3957,#3959,.T.);
#3957 = VERTEX_POINT('',#3958);
#3958 = CARTESIAN_POINT('',(-8.,23.17431578065,60.9));
#3959 = SURFACE_CURVE('',#3960,(#3964,#3971),.PCURVE_S1.);
#3960 = LINE('',#3961,#3962);
#3961 = CARTESIAN_POINT('',(-20.,23.17431578065,60.9));
#3962 = VECTOR('',#3963,1.);
#3963 = DIRECTION('',(1.,0.,0.));
#3964 = PCURVE('',#3217,#3965);
#3965 = DEFINITIONAL_REPRESENTATION('',(#3966),#3970);
#3966 = LINE('',#3967,#3968);
#3967 = CARTESIAN_POINT('',(0.,0.));
#3968 = VECTOR('',#3969,1.);
#3969 = DIRECTION('',(0.,-1.));
#3970 = ( GEOMETRIC_REPRESENTATION_CONTEXT(2) 
PARAMETRIC_REPRESENTATION_CONTEXT() REPRESENTATION_CONTEXT('2D SPACE',''
  ) );
#3971 = PCURVE('',#3243,#3972);
#3972 = DEFINITIONAL_REPRESENTATION('',(#3973),#3977);
#3973 = LINE('',#3974,#3975);
#3974 = CARTESIAN_POINT('',(3.3486315613,0.));
#3975 = VECTOR('',#3976,1.);
#3976 = DIRECTION('',(0.,-1.));
#3977 = ( GEOMETRIC_REPRESENTATION_CONTEXT(2) 
PARAMETRIC_REPRESENTATION_CONTEXT() REPRESENTATION_CONTEXT('2D SPACE',''
  ) );
#3978 = ORIENTED_EDGE('',*,*,#3979,.T.);
#3979 = EDGE_CURVE('',#3957,#3980,#3982,.T.);
#3980 = VERTEX_POINT('',#3981);
#3981 = CARTESIAN_POINT('',(-8.,19.82568421935,60.9));
#3982 = SURFACE_CURVE('',#3983,(#3987,#3994),.PCURVE_S1.);
#3983 = LINE('',#3984,#3985);
#3984 = CARTESIAN_POINT('',(-8.,23.17431578065,60.9));
#3985 = VECTOR('',#3986,1.);
#3986 = DIRECTION('',(0.,-1.,1.326181163023E-16));
#3987 = PCURVE('',#3217,#3988);
#3988 = DEFINITIONAL_REPRESENTATION('',(#3989),#3993);
#3989 = LINE('',#3990,#3991);
#3990 = CARTESIAN_POINT('',(0.,-12.));
#3991 = VECTOR('',#3992,1.);
#3992 = DIRECTION('',(1.,0.));
#3993 = ( GEOMETRIC_REPRESENTATION_CONTEXT(2) 
PARAMETRIC_REPRESENTATION_CONTEXT() REPRESENTATION_CONTEXT('2D SPACE',''
  ) );
#3994 = PCURVE('',#3995,#4000);
#3995 = PLANE('',#3996);
#3996 = AXIS2_PLACEMENT_3D('',#3997,#3998,#3999);
#3997 = CARTESIAN_POINT('',(-8.,21.5,58.));
#3998 = DIRECTION('',(1.,0.,0.));
#3999 = DIRECTION('',(-0.,0.,1.));
#4000 = DEFINITIONAL_REPRESENTATION('',(#4001),#4005);
#4001 = LINE('',#4002,#4003);
#4002 = CARTESIAN_POINT('',(2.9,-1.67431578065));
#4003 = VECTOR('',#4004,1.);
#4004 = DIRECTION('',(1.326181163023E-16,1.));
#4005 = ( GEOMETRIC_REPRESENTATION_CONTEXT(2) 
PARAMETRIC_REPRESENTATION_CONTEXT() REPRESENTATION_CONTEXT('2D SPACE',''
  ) );
#4006 = ORIENTED_EDGE('',*,*,#4007,.F.);
#4007 = EDGE_CURVE('',#3201,#3980,#4008,.T.);
#4008 = SURFACE_CURVE('',#4009,(#4013,#4020),.PCURVE_S1.);
#4009 = LINE('',#4010,#4011);
#4010 = CARTESIAN_POINT('',(-20.,19.82568421935,60.9));
#4011 = VECTOR('',#4012,1.);
#4012 = DIRECTION('',(1.,0.,0.));
#4013 = PCURVE('',#3217,#4014);
#4014 = DEFINITIONAL_REPRESENTATION('',(#4015),#4019);
#4015 = LINE('',#4016,#4017);
#4016 = CARTESIAN_POINT('',(3.3486315613,0.));
#4017 = VECTOR('',#4018,1.);
#4018 = DIRECTION('',(0.,-1.));
#4019 = ( GEOMETRIC_REPRESENTATION_CONTEXT(2) 
PARAMETRIC_REPRESENTATION_CONTEXT() REPRESENTATION_CONTEXT('2D SPACE',''
  ) );
#4020 = PCURVE('',#3345,#4021);
#4021 = DEFINITIONAL_REPRESENTATION('',(#4022),#4026);
#4022 = LINE('',#4023,#4024);
#4023 = CARTESIAN_POINT('',(0.,0.));
#4024 = VECTOR('',#4025,1.);
#4025 = DIRECTION('',(0.,-1.));
#4026 = ( GEOMETRIC_REPRESENTATION_CONTEXT(2) 
PARAMETRIC_REPRESENTATION_CONTEXT() REPRESENTATION_CONTEXT('2D SPACE',''
  ) );
#4027 = ADVANCED_FACE('',(#4028),#3345,.T.);
#4028 = FACE_BOUND('',#4029,.T.);
#4029 = EDGE_LOOP('',(#4030,#4031,#4032,#4055));
#4030 = ORIENTED_EDGE('',*,*,#3332,.T.);
#4031 = ORIENTED_EDGE('',*,*,#4007,.T.);
#4032 = ORIENTED_EDGE('',*,*,#4033,.T.);
#4033 = EDGE_CURVE('',#3980,#4034,#4036,.T.);
#4034 = VERTEX_POINT('',#4035);
#4035 = CARTESIAN_POINT('',(-8.,18.1513684387,58.));
#4036 = SURFACE_CURVE('',#4037,(#4041,#4048),.PCURVE_S1.);
#4037 = LINE('',#4038,#4039);
#4038 = CARTESIAN_POINT('',(-8.,19.82568421935,60.9));
#4039 = VECTOR('',#4040,1.);
#4040 = DIRECTION('',(0.,-0.5,-0.866025403784));
#4041 = PCURVE('',#3345,#4042);
#4042 = DEFINITIONAL_REPRESENTATION('',(#4043),#4047);
#4043 = LINE('',#4044,#4045);
#4044 = CARTESIAN_POINT('',(0.,-12.));
#4045 = VECTOR('',#4046,1.);
#4046 = DIRECTION('',(1.,0.));
#4047 = ( GEOMETRIC_REPRESENTATION_CONTEXT(2) 
PARAMETRIC_REPRESENTATION_CONTEXT() REPRESENTATION_CONTEXT('2D SPACE',''
  ) );
#4048 = PCURVE('',#3995,#4049);
#4049 = DEFINITIONAL_REPRESENTATION('',(#4050),#4054);
#4050 = LINE('',#4051,#4052);
#4051 = CARTESIAN_POINT('',(2.9,1.67431578065));
#4052 = VECTOR('',#4053,1.);
#4053 = DIRECTION('',(-0.866025403784,0.5));
#4054 = ( GEOMETRIC_REPRESENTATION_CONTEXT(2) 
PARAMETRIC_REPRESENTATION_CONTEXT() REPRESENTATION_CONTEXT('2D SPACE',''
  ) );
#4055 = ORIENTED_EDGE('',*,*,#4056,.F.);
#4056 = EDGE_CURVE('',#3307,#4034,#4057,.T.);
#4057 = SURFACE_CURVE('',#4058,(#4062,#4069),.PCURVE_S1.);
#4058 = LINE('',#4059,#4060);
#4059 = CARTESIAN_POINT('',(-20.,18.1513684387,58.));
#4060 = VECTOR('',#4061,1.);
#4061 = DIRECTION('',(1.,0.,0.));
#4062 = PCURVE('',#3345,#4063);
#4063 = DEFINITIONAL_REPRESENTATION('',(#4064),#4068);
#4064 = LINE('',#4065,#4066);
#4065 = CARTESIAN_POINT('',(3.3486315613,0.));
#4066 = VECTOR('',#4067,1.);
#4067 = DIRECTION('',(0.,-1.));
#4068 = ( GEOMETRIC_REPRESENTATION_CONTEXT(2) 
PARAMETRIC_REPRESENTATION_CONTEXT() REPRESENTATION_CONTEXT('2D SPACE',''
  ) );
#4069 = PCURVE('',#3321,#4070);
#4070 = DEFINITIONAL_REPRESENTATION('',(#4071),#4075);
#4071 = LINE('',#4072,#4073);
#4072 = CARTESIAN_POINT('',(0.,0.));
#4073 = VECTOR('',#4074,1.);
#4074 = DIRECTION('',(0.,-1.));
#4075 = ( GEOMETRIC_REPRESENTATION_CONTEXT(2) 
PARAMETRIC_REPRESENTATION_CONTEXT() REPRESENTATION_CONTEXT('2D SPACE',''
  ) );
#4076 = ADVANCED_FACE('',(#4077),#3243,.T.);
#4077 = FACE_BOUND('',#4078,.T.);
#4078 = EDGE_LOOP('',(#4079,#4080,#4103,#4124));
#4079 = ORIENTED_EDGE('',*,*,#3228,.T.);
#4080 = ORIENTED_EDGE('',*,*,#4081,.T.);
#4081 = EDGE_CURVE('',#3229,#4082,#4084,.T.);
#4082 = VERTEX_POINT('',#4083);
#4083 = CARTESIAN_POINT('',(-8.,24.8486315613,58.));
#4084 = SURFACE_CURVE('',#4085,(#4089,#4096),.PCURVE_S1.);
#4085 = LINE('',#4086,#4087);
#4086 = CARTESIAN_POINT('',(-20.,24.8486315613,58.));
#4087 = VECTOR('',#4088,1.);
#4088 = DIRECTION('',(1.,0.,0.));
#4089 = PCURVE('',#3243,#4090);
#4090 = DEFINITIONAL_REPRESENTATION('',(#4091),#4095);
#4091 = LINE('',#4092,#4093);
#4092 = CARTESIAN_POINT('',(0.,0.));
#4093 = VECTOR('',#4094,1.);
#4094 = DIRECTION('',(0.,-1.));
#4095 = ( GEOMETRIC_REPRESENTATION_CONTEXT(2) 
PARAMETRIC_REPRESENTATION_CONTEXT() REPRESENTATION_CONTEXT('2D SPACE',''
  ) );
#4096 = PCURVE('',#3269,#4097);
#4097 = DEFINITIONAL_REPRESENTATION('',(#4098),#4102);
#4098 = LINE('',#4099,#4100);
#4099 = CARTESIAN_POINT('',(3.3486315613,0.));
#4100 = VECTOR('',#4101,1.);
#4101 = DIRECTION('',(0.,-1.));
#4102 = ( GEOMETRIC_REPRESENTATION_CONTEXT(2) 
PARAMETRIC_REPRESENTATION_CONTEXT() REPRESENTATION_CONTEXT('2D SPACE',''
  ) );
#4103 = ORIENTED_EDGE('',*,*,#4104,.T.);
#4104 = EDGE_CURVE('',#4082,#3957,#4105,.T.);
#4105 = SURFACE_CURVE('',#4106,(#4110,#4117),.PCURVE_S1.);
#4106 = LINE('',#4107,#4108);
#4107 = CARTESIAN_POINT('',(-8.,24.8486315613,58.));
#4108 = VECTOR('',#4109,1.);
#4109 = DIRECTION('',(0.,-0.5,0.866025403784));
#4110 = PCURVE('',#3243,#4111);
#4111 = DEFINITIONAL_REPRESENTATION('',(#4112),#4116);
#4112 = LINE('',#4113,#4114);
#4113 = CARTESIAN_POINT('',(0.,-12.));
#4114 = VECTOR('',#4115,1.);
#4115 = DIRECTION('',(1.,0.));
#4116 = ( GEOMETRIC_REPRESENTATION_CONTEXT(2) 
PARAMETRIC_REPRESENTATION_CONTEXT() REPRESENTATION_CONTEXT('2D SPACE',''
  ) );
#4117 = PCURVE('',#3995,#4118);
#4118 = DEFINITIONAL_REPRESENTATION('',(#4119),#4123);
#4119 = LINE('',#4120,#4121);
#4120 = CARTESIAN_POINT('',(0.,-3.3486315613));
#4121 = VECTOR('',#4122,1.);
#4122 = DIRECTION('',(0.866025403784,0.5));
#4123 = ( GEOMETRIC_REPRESENTATION_CONTEXT(2) 
PARAMETRIC_REPRESENTATION_CONTEXT() REPRESENTATION_CONTEXT('2D SPACE',''
  ) );
#4124 = ORIENTED_EDGE('',*,*,#3956,.F.);
#4125 = ADVANCED_FACE('',(#4126),#3321,.T.);
#4126 = FACE_BOUND('',#4127,.T.);
#4127 = EDGE_LOOP('',(#4128,#4129,#4130,#4153));
#4128 = ORIENTED_EDGE('',*,*,#3306,.T.);
#4129 = ORIENTED_EDGE('',*,*,#4056,.T.);
#4130 = ORIENTED_EDGE('',*,*,#4131,.T.);
#4131 = EDGE_CURVE('',#4034,#4132,#4134,.T.);
#4132 = VERTEX_POINT('',#4133);
#4133 = CARTESIAN_POINT('',(-8.,19.82568421935,55.1));
#4134 = SURFACE_CURVE('',#4135,(#4139,#4146),.PCURVE_S1.);
#4135 = LINE('',#4136,#4137);
#4136 = CARTESIAN_POINT('',(-8.,18.1513684387,58.));
#4137 = VECTOR('',#4138,1.);
#4138 = DIRECTION('',(0.,0.5,-0.866025403784));
#4139 = PCURVE('',#3321,#4140);
#4140 = DEFINITIONAL_REPRESENTATION('',(#4141),#4145);
#4141 = LINE('',#4142,#4143);
#4142 = CARTESIAN_POINT('',(0.,-12.));
#4143 = VECTOR('',#4144,1.);
#4144 = DIRECTION('',(1.,0.));
#4145 = ( GEOMETRIC_REPRESENTATION_CONTEXT(2) 
PARAMETRIC_REPRESENTATION_CONTEXT() REPRESENTATION_CONTEXT('2D SPACE',''
  ) );
#4146 = PCURVE('',#3995,#4147);
#4147 = DEFINITIONAL_REPRESENTATION('',(#4148),#4152);
#4148 = LINE('',#4149,#4150);
#4149 = CARTESIAN_POINT('',(0.,3.3486315613));
#4150 = VECTOR('',#4151,1.);
#4151 = DIRECTION('',(-0.866025403784,-0.5));
#4152 = ( GEOMETRIC_REPRESENTATION_CONTEXT(2) 
PARAMETRIC_REPRESENTATION_CONTEXT() REPRESENTATION_CONTEXT('2D SPACE',''
  ) );
#4153 = ORIENTED_EDGE('',*,*,#4154,.F.);
#4154 = EDGE_CURVE('',#3281,#4132,#4155,.T.);
#4155 = SURFACE_CURVE('',#4156,(#4160,#4167),.PCURVE_S1.);
#4156 = LINE('',#4157,#4158);
#4157 = CARTESIAN_POINT('',(-20.,19.82568421935,55.1));
#4158 = VECTOR('',#4159,1.);
#4159 = DIRECTION('',(1.,0.,0.));
#4160 = PCURVE('',#3321,#4161);
#4161 = DEFINITIONAL_REPRESENTATION('',(#4162),#4166);
#4162 = LINE('',#4163,#4164);
#4163 = CARTESIAN_POINT('',(3.3486315613,0.));
#4164 = VECTOR('',#4165,1.);
#4165 = DIRECTION('',(0.,-1.));
#4166 = ( GEOMETRIC_REPRESENTATION_CONTEXT(2) 
PARAMETRIC_REPRESENTATION_CONTEXT() REPRESENTATION_CONTEXT('2D SPACE',''
  ) );
#4167 = PCURVE('',#3295,#4168);
#4168 = DEFINITIONAL_REPRESENTATION('',(#4169),#4173);
#4169 = LINE('',#4170,#4171);
#4170 = CARTESIAN_POINT('',(0.,0.));
#4171 = VECTOR('',#4172,1.);
#4172 = DIRECTION('',(0.,-1.));
#4173 = ( GEOMETRIC_REPRESENTATION_CONTEXT(2) 
PARAMETRIC_REPRESENTATION_CONTEXT() REPRESENTATION_CONTEXT('2D SPACE',''
  ) );
#4174 = ADVANCED_FACE('',(#4175),#3269,.T.);
#4175 = FACE_BOUND('',#4176,.T.);
#4176 = EDGE_LOOP('',(#4177,#4178,#4201,#4222));
#4177 = ORIENTED_EDGE('',*,*,#3254,.T.);
#4178 = ORIENTED_EDGE('',*,*,#4179,.T.);
#4179 = EDGE_CURVE('',#3255,#4180,#4182,.T.);
#4180 = VERTEX_POINT('',#4181);
#4181 = CARTESIAN_POINT('',(-8.,23.17431578065,55.1));
#4182 = SURFACE_CURVE('',#4183,(#4187,#4194),.PCURVE_S1.);
#4183 = LINE('',#4184,#4185);
#4184 = CARTESIAN_POINT('',(-20.,23.17431578065,55.1));
#4185 = VECTOR('',#4186,1.);
#4186 = DIRECTION('',(1.,0.,0.));
#4187 = PCURVE('',#3269,#4188);
#4188 = DEFINITIONAL_REPRESENTATION('',(#4189),#4193);
#4189 = LINE('',#4190,#4191);
#4190 = CARTESIAN_POINT('',(0.,0.));
#4191 = VECTOR('',#4192,1.);
#4192 = DIRECTION('',(0.,-1.));
#4193 = ( GEOMETRIC_REPRESENTATION_CONTEXT(2) 
PARAMETRIC_REPRESENTATION_CONTEXT() REPRESENTATION_CONTEXT('2D SPACE',''
  ) );
#4194 = PCURVE('',#3295,#4195);
#4195 = DEFINITIONAL_REPRESENTATION('',(#4196),#4200);
#4196 = LINE('',#4197,#4198);
#4197 = CARTESIAN_POINT('',(3.3486315613,0.));
#4198 = VECTOR('',#4199,1.);
#4199 = DIRECTION('',(0.,-1.));
#4200 = ( GEOMETRIC_REPRESENTATION_CONTEXT(2) 
PARAMETRIC_REPRESENTATION_CONTEXT() REPRESENTATION_CONTEXT('2D SPACE',''
  ) );
#4201 = ORIENTED_EDGE('',*,*,#4202,.T.);
#4202 = EDGE_CURVE('',#4180,#4082,#4203,.T.);
#4203 = SURFACE_CURVE('',#4204,(#4208,#4215),.PCURVE_S1.);
#4204 = LINE('',#4205,#4206);
#4205 = CARTESIAN_POINT('',(-8.,23.17431578065,55.1));
#4206 = VECTOR('',#4207,1.);
#4207 = DIRECTION('',(0.,0.5,0.866025403784));
#4208 = PCURVE('',#3269,#4209);
#4209 = DEFINITIONAL_REPRESENTATION('',(#4210),#4214);
#4210 = LINE('',#4211,#4212);
#4211 = CARTESIAN_POINT('',(0.,-12.));
#4212 = VECTOR('',#4213,1.);
#4213 = DIRECTION('',(1.,0.));
#4214 = ( GEOMETRIC_REPRESENTATION_CONTEXT(2) 
PARAMETRIC_REPRESENTATION_CONTEXT() REPRESENTATION_CONTEXT('2D SPACE',''
  ) );
#4215 = PCURVE('',#3995,#4216);
#4216 = DEFINITIONAL_REPRESENTATION('',(#4217),#4221);
#4217 = LINE('',#4218,#4219);
#4218 = CARTESIAN_POINT('',(-2.9,-1.67431578065));
#4219 = VECTOR('',#4220,1.);
#4220 = DIRECTION('',(0.866025403784,-0.5));
#4221 = ( GEOMETRIC_REPRESENTATION_CONTEXT(2) 
PARAMETRIC_REPRESENTATION_CONTEXT() REPRESENTATION_CONTEXT('2D SPACE',''
  ) );
#4222 = ORIENTED_EDGE('',*,*,#4081,.F.);
#4223 = ADVANCED_FACE('',(#4224),#3295,.T.);
#4224 = FACE_BOUND('',#4225,.T.);
#4225 = EDGE_LOOP('',(#4226,#4227,#4228,#4249));
#4226 = ORIENTED_EDGE('',*,*,#3280,.T.);
#4227 = ORIENTED_EDGE('',*,*,#4154,.T.);
#4228 = ORIENTED_EDGE('',*,*,#4229,.T.);
#4229 = EDGE_CURVE('',#4132,#4180,#4230,.T.);
#4230 = SURFACE_CURVE('',#4231,(#4235,#4242),.PCURVE_S1.);
#4231 = LINE('',#4232,#4233);
#4232 = CARTESIAN_POINT('',(-8.,19.82568421935,55.1));
#4233 = VECTOR('',#4234,1.);
#4234 = DIRECTION('',(0.,1.,-6.630905815116E-16));
#4235 = PCURVE('',#3295,#4236);
#4236 = DEFINITIONAL_REPRESENTATION('',(#4237),#4241);
#4237 = LINE('',#4238,#4239);
#4238 = CARTESIAN_POINT('',(0.,-12.));
#4239 = VECTOR('',#4240,1.);
#4240 = DIRECTION('',(1.,0.));
#4241 = ( GEOMETRIC_REPRESENTATION_CONTEXT(2) 
PARAMETRIC_REPRESENTATION_CONTEXT() REPRESENTATION_CONTEXT('2D SPACE',''
  ) );
#4242 = PCURVE('',#3995,#4243);
#4243 = DEFINITIONAL_REPRESENTATION('',(#4244),#4248);
#4244 = LINE('',#4245,#4246);
#4245 = CARTESIAN_POINT('',(-2.9,1.67431578065));
#4246 = VECTOR('',#4247,1.);
#4247 = DIRECTION('',(-6.630905815116E-16,-1.));
#4248 = ( GEOMETRIC_REPRESENTATION_CONTEXT(2) 
PARAMETRIC_REPRESENTATION_CONTEXT() REPRESENTATION_CONTEXT('2D SPACE',''
  ) );
#4249 = ORIENTED_EDGE('',*,*,#4179,.F.);
#4250 = ADVANCED_FACE('',(#4251),#3375,.T.);
#4251 = FACE_BOUND('',#4252,.T.);
#4252 = EDGE_LOOP('',(#4253,#4254,#4277,#4300));
#4253 = ORIENTED_EDGE('',*,*,#3358,.T.);
#4254 = ORIENTED_EDGE('',*,*,#4255,.T.);
#4255 = EDGE_CURVE('',#3361,#4256,#4258,.T.);
#4256 = VERTEX_POINT('',#4257);
#4257 = CARTESIAN_POINT('',(-7.,-8.82568421935,53.9));
#4258 = SURFACE_CURVE('',#4259,(#4263,#4270),.PCURVE_S1.);
#4259 = LINE('',#4260,#4261);
#4260 = CARTESIAN_POINT('',(-19.,-8.82568421935,53.9));
#4261 = VECTOR('',#4262,1.);
#4262 = DIRECTION('',(1.,0.,0.));
#4263 = PCURVE('',#3375,#4264);
#4264 = DEFINITIONAL_REPRESENTATION('',(#4265),#4269);
#4265 = LINE('',#4266,#4267);
#4266 = CARTESIAN_POINT('',(0.,0.));
#4267 = VECTOR('',#4268,1.);
#4268 = DIRECTION('',(0.,-1.));
#4269 = ( GEOMETRIC_REPRESENTATION_CONTEXT(2) 
PARAMETRIC_REPRESENTATION_CONTEXT() REPRESENTATION_CONTEXT('2D SPACE',''
  ) );
#4270 = PCURVE('',#3401,#4271);
#4271 = DEFINITIONAL_REPRESENTATION('',(#4272),#4276);
#4272 = LINE('',#4273,#4274);
#4273 = CARTESIAN_POINT('',(3.3486315613,0.));
#4274 = VECTOR('',#4275,1.);
#4275 = DIRECTION('',(0.,-1.));
#4276 = ( GEOMETRIC_REPRESENTATION_CONTEXT(2) 
PARAMETRIC_REPRESENTATION_CONTEXT() REPRESENTATION_CONTEXT('2D SPACE',''
  ) );
#4277 = ORIENTED_EDGE('',*,*,#4278,.T.);
#4278 = EDGE_CURVE('',#4256,#4279,#4281,.T.);
#4279 = VERTEX_POINT('',#4280);
#4280 = CARTESIAN_POINT('',(-7.,-12.17431578065,53.9));
#4281 = SURFACE_CURVE('',#4282,(#4286,#4293),.PCURVE_S1.);
#4282 = LINE('',#4283,#4284);
#4283 = CARTESIAN_POINT('',(-7.,-8.82568421935,53.9));
#4284 = VECTOR('',#4285,1.);
#4285 = DIRECTION('',(0.,-1.,1.326181163023E-16));
#4286 = PCURVE('',#3375,#4287);
#4287 = DEFINITIONAL_REPRESENTATION('',(#4288),#4292);
#4288 = LINE('',#4289,#4290);
#4289 = CARTESIAN_POINT('',(0.,-12.));
#4290 = VECTOR('',#4291,1.);
#4291 = DIRECTION('',(1.,0.));
#4292 = ( GEOMETRIC_REPRESENTATION_CONTEXT(2) 
PARAMETRIC_REPRESENTATION_CONTEXT() REPRESENTATION_CONTEXT('2D SPACE',''
  ) );
#4293 = PCURVE('',#3593,#4294);
#4294 = DEFINITIONAL_REPRESENTATION('',(#4295),#4299);
#4295 = LINE('',#4296,#4297);
#4296 = CARTESIAN_POINT('',(2.9,-1.67431578065));
#4297 = VECTOR('',#4298,1.);
#4298 = DIRECTION('',(1.326181163023E-16,1.));
#4299 = ( GEOMETRIC_REPRESENTATION_CONTEXT(2) 
PARAMETRIC_REPRESENTATION_CONTEXT() REPRESENTATION_CONTEXT('2D SPACE',''
  ) );
#4300 = ORIENTED_EDGE('',*,*,#4301,.F.);
#4301 = EDGE_CURVE('',#3359,#4279,#4302,.T.);
#4302 = SURFACE_CURVE('',#4303,(#4307,#4314),.PCURVE_S1.);
#4303 = LINE('',#4304,#4305);
#4304 = CARTESIAN_POINT('',(-19.,-12.17431578065,53.9));
#4305 = VECTOR('',#4306,1.);
#4306 = DIRECTION('',(1.,0.,0.));
#4307 = PCURVE('',#3375,#4308);
#4308 = DEFINITIONAL_REPRESENTATION('',(#4309),#4313);
#4309 = LINE('',#4310,#4311);
#4310 = CARTESIAN_POINT('',(3.3486315613,0.));
#4311 = VECTOR('',#4312,1.);
#4312 = DIRECTION('',(0.,-1.));
#4313 = ( GEOMETRIC_REPRESENTATION_CONTEXT(2) 
PARAMETRIC_REPRESENTATION_CONTEXT() REPRESENTATION_CONTEXT('2D SPACE',''
  ) );
#4314 = PCURVE('',#3503,#4315);
#4315 = DEFINITIONAL_REPRESENTATION('',(#4316),#4320);
#4316 = LINE('',#4317,#4318);
#4317 = CARTESIAN_POINT('',(0.,0.));
#4318 = VECTOR('',#4319,1.);
#4319 = DIRECTION('',(0.,-1.));
#4320 = ( GEOMETRIC_REPRESENTATION_CONTEXT(2) 
PARAMETRIC_REPRESENTATION_CONTEXT() REPRESENTATION_CONTEXT('2D SPACE',''
  ) );
#4321 = ADVANCED_FACE('',(#4322),#3503,.T.);
#4322 = FACE_BOUND('',#4323,.T.);
#4323 = EDGE_LOOP('',(#4324,#4325,#4326,#4349));
#4324 = ORIENTED_EDGE('',*,*,#3490,.T.);
#4325 = ORIENTED_EDGE('',*,*,#4301,.T.);
#4326 = ORIENTED_EDGE('',*,*,#4327,.T.);
#4327 = EDGE_CURVE('',#4279,#4328,#4330,.T.);
#4328 = VERTEX_POINT('',#4329);
#4329 = CARTESIAN_POINT('',(-7.,-13.8486315613,51.));
#4330 = SURFACE_CURVE('',#4331,(#4335,#4342),.PCURVE_S1.);
#4331 = LINE('',#4332,#4333);
#4332 = CARTESIAN_POINT('',(-7.,-12.17431578065,53.9));
#4333 = VECTOR('',#4334,1.);
#4334 = DIRECTION('',(0.,-0.5,-0.866025403784));
#4335 = PCURVE('',#3503,#4336);
#4336 = DEFINITIONAL_REPRESENTATION('',(#4337),#4341);
#4337 = LINE('',#4338,#4339);
#4338 = CARTESIAN_POINT('',(0.,-12.));
#4339 = VECTOR('',#4340,1.);
#4340 = DIRECTION('',(1.,0.));
#4341 = ( GEOMETRIC_REPRESENTATION_CONTEXT(2) 
PARAMETRIC_REPRESENTATION_CONTEXT() REPRESENTATION_CONTEXT('2D SPACE',''
  ) );
#4342 = PCURVE('',#3593,#4343);
#4343 = DEFINITIONAL_REPRESENTATION('',(#4344),#4348);
#4344 = LINE('',#4345,#4346);
#4345 = CARTESIAN_POINT('',(2.9,1.67431578065));
#4346 = VECTOR('',#4347,1.);
#4347 = DIRECTION('',(-0.866025403784,0.5));
#4348 = ( GEOMETRIC_REPRESENTATION_CONTEXT(2) 
PARAMETRIC_REPRESENTATION_CONTEXT() REPRESENTATION_CONTEXT('2D SPACE',''
  ) );
#4349 = ORIENTED_EDGE('',*,*,#4350,.F.);
#4350 = EDGE_CURVE('',#3465,#4328,#4351,.T.);
#4351 = SURFACE_CURVE('',#4352,(#4356,#4363),.PCURVE_S1.);
#4352 = LINE('',#4353,#4354);
#4353 = CARTESIAN_POINT('',(-19.,-13.8486315613,51.));
#4354 = VECTOR('',#4355,1.);
#4355 = DIRECTION('',(1.,0.,0.));
#4356 = PCURVE('',#3503,#4357);
#4357 = DEFINITIONAL_REPRESENTATION('',(#4358),#4362);
#4358 = LINE('',#4359,#4360);
#4359 = CARTESIAN_POINT('',(3.3486315613,0.));
#4360 = VECTOR('',#4361,1.);
#4361 = DIRECTION('',(0.,-1.));
#4362 = ( GEOMETRIC_REPRESENTATION_CONTEXT(2) 
PARAMETRIC_REPRESENTATION_CONTEXT() REPRESENTATION_CONTEXT('2D SPACE',''
  ) );
#4363 = PCURVE('',#3479,#4364);
#4364 = DEFINITIONAL_REPRESENTATION('',(#4365),#4369);
#4365 = LINE('',#4366,#4367);
#4366 = CARTESIAN_POINT('',(0.,0.));
#4367 = VECTOR('',#4368,1.);
#4368 = DIRECTION('',(0.,-1.));
#4369 = ( GEOMETRIC_REPRESENTATION_CONTEXT(2) 
PARAMETRIC_REPRESENTATION_CONTEXT() REPRESENTATION_CONTEXT('2D SPACE',''
  ) );
#4370 = ADVANCED_FACE('',(#4371),#3479,.T.);
#4371 = FACE_BOUND('',#4372,.T.);
#4372 = EDGE_LOOP('',(#4373,#4374,#4375,#4398));
#4373 = ORIENTED_EDGE('',*,*,#3464,.T.);
#4374 = ORIENTED_EDGE('',*,*,#4350,.T.);
#4375 = ORIENTED_EDGE('',*,*,#4376,.T.);
#4376 = EDGE_CURVE('',#4328,#4377,#4379,.T.);
#4377 = VERTEX_POINT('',#4378);
#4378 = CARTESIAN_POINT('',(-7.,-12.17431578065,48.1));
#4379 = SURFACE_CURVE('',#4380,(#4384,#4391),.PCURVE_S1.);
#4380 = LINE('',#4381,#4382);
#4381 = CARTESIAN_POINT('',(-7.,-13.8486315613,51.));
#4382 = VECTOR('',#4383,1.);
#4383 = DIRECTION('',(0.,0.5,-0.866025403784));
#4384 = PCURVE('',#3479,#4385);
#4385 = DEFINITIONAL_REPRESENTATION('',(#4386),#4390);
#4386 = LINE('',#4387,#4388);
#4387 = CARTESIAN_POINT('',(0.,-12.));
#4388 = VECTOR('',#4389,1.);
#4389 = DIRECTION('',(1.,0.));
#4390 = ( GEOMETRIC_REPRESENTATION_CONTEXT(2) 
PARAMETRIC_REPRESENTATION_CONTEXT() REPRESENTATION_CONTEXT('2D SPACE',''
  ) );
#4391 = PCURVE('',#3593,#4392);
#4392 = DEFINITIONAL_REPRESENTATION('',(#4393),#4397);
#4393 = LINE('',#4394,#4395);
#4394 = CARTESIAN_POINT('',(0.,3.3486315613));
#4395 = VECTOR('',#4396,1.);
#4396 = DIRECTION('',(-0.866025403784,-0.5));
#4397 = ( GEOMETRIC_REPRESENTATION_CONTEXT(2) 
PARAMETRIC_REPRESENTATION_CONTEXT() REPRESENTATION_CONTEXT('2D SPACE',''
  ) );
#4398 = ORIENTED_EDGE('',*,*,#4399,.F.);
#4399 = EDGE_CURVE('',#3439,#4377,#4400,.T.);
#4400 = SURFACE_CURVE('',#4401,(#4405,#4412),.PCURVE_S1.);
#4401 = LINE('',#4402,#4403);
#4402 = CARTESIAN_POINT('',(-19.,-12.17431578065,48.1));
#4403 = VECTOR('',#4404,1.);
#4404 = DIRECTION('',(1.,0.,0.));
#4405 = PCURVE('',#3479,#4406);
#4406 = DEFINITIONAL_REPRESENTATION('',(#4407),#4411);
#4407 = LINE('',#4408,#4409);
#4408 = CARTESIAN_POINT('',(3.3486315613,0.));
#4409 = VECTOR('',#4410,1.);
#4410 = DIRECTION('',(0.,-1.));
#4411 = ( GEOMETRIC_REPRESENTATION_CONTEXT(2) 
PARAMETRIC_REPRESENTATION_CONTEXT() REPRESENTATION_CONTEXT('2D SPACE',''
  ) );
#4412 = PCURVE('',#3453,#4413);
#4413 = DEFINITIONAL_REPRESENTATION('',(#4414),#4418);
#4414 = LINE('',#4415,#4416);
#4415 = CARTESIAN_POINT('',(0.,0.));
#4416 = VECTOR('',#4417,1.);
#4417 = DIRECTION('',(0.,-1.));
#4418 = ( GEOMETRIC_REPRESENTATION_CONTEXT(2) 
PARAMETRIC_REPRESENTATION_CONTEXT() REPRESENTATION_CONTEXT('2D SPACE',''
  ) );
#4419 = ADVANCED_FACE('',(#4420),#3453,.T.);
#4420 = FACE_BOUND('',#4421,.T.);
#4421 = EDGE_LOOP('',(#4422,#4423,#4424,#4447));
#4422 = ORIENTED_EDGE('',*,*,#3438,.T.);
#4423 = ORIENTED_EDGE('',*,*,#4399,.T.);
#4424 = ORIENTED_EDGE('',*,*,#4425,.T.);
#4425 = EDGE_CURVE('',#4377,#4426,#4428,.T.);
#4426 = VERTEX_POINT('',#4427);
#4427 = CARTESIAN_POINT('',(-7.,-8.82568421935,48.1));
#4428 = SURFACE_CURVE('',#4429,(#4433,#4440),.PCURVE_S1.);
#4429 = LINE('',#4430,#4431);
#4430 = CARTESIAN_POINT('',(-7.,-12.17431578065,48.1));
#4431 = VECTOR('',#4432,1.);
#4432 = DIRECTION('',(0.,1.,-6.630905815116E-16));
#4433 = PCURVE('',#3453,#4434);
#4434 = DEFINITIONAL_REPRESENTATION('',(#4435),#4439);
#4435 = LINE('',#4436,#4437);
#4436 = CARTESIAN_POINT('',(0.,-12.));
#4437 = VECTOR('',#4438,1.);
#4438 = DIRECTION('',(1.,0.));
#4439 = ( GEOMETRIC_REPRESENTATION_CONTEXT(2) 
PARAMETRIC_REPRESENTATION_CONTEXT() REPRESENTATION_CONTEXT('2D SPACE',''
  ) );
#4440 = PCURVE('',#3593,#4441);
#4441 = DEFINITIONAL_REPRESENTATION('',(#4442),#4446);
#4442 = LINE('',#4443,#4444);
#4443 = CARTESIAN_POINT('',(-2.9,1.67431578065));
#4444 = VECTOR('',#4445,1.);
#4445 = DIRECTION('',(-6.630905815116E-16,-1.));
#4446 = ( GEOMETRIC_REPRESENTATION_CONTEXT(2) 
PARAMETRIC_REPRESENTATION_CONTEXT() REPRESENTATION_CONTEXT('2D SPACE',''
  ) );
#4447 = ORIENTED_EDGE('',*,*,#4448,.F.);
#4448 = EDGE_CURVE('',#3413,#4426,#4449,.T.);
#4449 = SURFACE_CURVE('',#4450,(#4454,#4461),.PCURVE_S1.);
#4450 = LINE('',#4451,#4452);
#4451 = CARTESIAN_POINT('',(-19.,-8.82568421935,48.1));
#4452 = VECTOR('',#4453,1.);
#4453 = DIRECTION('',(1.,0.,0.));
#4454 = PCURVE('',#3453,#4455);
#4455 = DEFINITIONAL_REPRESENTATION('',(#4456),#4460);
#4456 = LINE('',#4457,#4458);
#4457 = CARTESIAN_POINT('',(3.3486315613,0.));
#4458 = VECTOR('',#4459,1.);
#4459 = DIRECTION('',(0.,-1.));
#4460 = ( GEOMETRIC_REPRESENTATION_CONTEXT(2) 
PARAMETRIC_REPRESENTATION_CONTEXT() REPRESENTATION_CONTEXT('2D SPACE',''
  ) );
#4461 = PCURVE('',#3427,#4462);
#4462 = DEFINITIONAL_REPRESENTATION('',(#4463),#4467);
#4463 = LINE('',#4464,#4465);
#4464 = CARTESIAN_POINT('',(0.,0.));
#4465 = VECTOR('',#4466,1.);
#4466 = DIRECTION('',(0.,-1.));
#4467 = ( GEOMETRIC_REPRESENTATION_CONTEXT(2) 
PARAMETRIC_REPRESENTATION_CONTEXT() REPRESENTATION_CONTEXT('2D SPACE',''
  ) );
#4468 = ADVANCED_FACE('',(#4469),#3427,.T.);
#4469 = FACE_BOUND('',#4470,.T.);
#4470 = EDGE_LOOP('',(#4471,#4472,#4473,#4496));
#4471 = ORIENTED_EDGE('',*,*,#3412,.T.);
#4472 = ORIENTED_EDGE('',*,*,#4448,.T.);
#4473 = ORIENTED_EDGE('',*,*,#4474,.T.);
#4474 = EDGE_CURVE('',#4426,#4475,#4477,.T.);
#4475 = VERTEX_POINT('',#4476);
#4476 = CARTESIAN_POINT('',(-7.,-7.1513684387,51.));
#4477 = SURFACE_CURVE('',#4478,(#4482,#4489),.PCURVE_S1.);
#4478 = LINE('',#4479,#4480);
#4479 = CARTESIAN_POINT('',(-7.,-8.82568421935,48.1));
#4480 = VECTOR('',#4481,1.);
#4481 = DIRECTION('',(0.,0.5,0.866025403784));
#4482 = PCURVE('',#3427,#4483);
#4483 = DEFINITIONAL_REPRESENTATION('',(#4484),#4488);
#4484 = LINE('',#4485,#4486);
#4485 = CARTESIAN_POINT('',(0.,-12.));
#4486 = VECTOR('',#4487,1.);
#4487 = DIRECTION('',(1.,0.));
#4488 = ( GEOMETRIC_REPRESENTATION_CONTEXT(2) 
PARAMETRIC_REPRESENTATION_CONTEXT() REPRESENTATION_CONTEXT('2D SPACE',''
  ) );
#4489 = PCURVE('',#3593,#4490);
#4490 = DEFINITIONAL_REPRESENTATION('',(#4491),#4495);
#4491 = LINE('',#4492,#4493);
#4492 = CARTESIAN_POINT('',(-2.9,-1.67431578065));
#4493 = VECTOR('',#4494,1.);
#4494 = DIRECTION('',(0.866025403784,-0.5));
#4495 = ( GEOMETRIC_REPRESENTATION_CONTEXT(2) 
PARAMETRIC_REPRESENTATION_CONTEXT() REPRESENTATION_CONTEXT('2D SPACE',''
  ) );
#4496 = ORIENTED_EDGE('',*,*,#4497,.F.);
#4497 = EDGE_CURVE('',#3387,#4475,#4498,.T.);
#4498 = SURFACE_CURVE('',#4499,(#4503,#4510),.PCURVE_S1.);
#4499 = LINE('',#4500,#4501);
#4500 = CARTESIAN_POINT('',(-19.,-7.1513684387,51.));
#4501 = VECTOR('',#4502,1.);
#4502 = DIRECTION('',(1.,0.,0.));
#4503 = PCURVE('',#3427,#4504);
#4504 = DEFINITIONAL_REPRESENTATION('',(#4505),#4509);
#4505 = LINE('',#4506,#4507);
#4506 = CARTESIAN_POINT('',(3.3486315613,0.));
#4507 = VECTOR('',#4508,1.);
#4508 = DIRECTION('',(0.,-1.));
#4509 = ( GEOMETRIC_REPRESENTATION_CONTEXT(2) 
PARAMETRIC_REPRESENTATION_CONTEXT() REPRESENTATION_CONTEXT('2D SPACE',''
  ) );
#4510 = PCURVE('',#3401,#4511);
#4511 = DEFINITIONAL_REPRESENTATION('',(#4512),#4516);
#4512 = LINE('',#4513,#4514);
#4513 = CARTESIAN_POINT('',(0.,0.));
#4514 = VECTOR('',#4515,1.);
#4515 = DIRECTION('',(0.,-1.));
#4516 = ( GEOMETRIC_REPRESENTATION_CONTEXT(2) 
PARAMETRIC_REPRESENTATION_CONTEXT() REPRESENTATION_CONTEXT('2D SPACE',''
  ) );
#4517 = ADVANCED_FACE('',(#4518),#3401,.T.);
#4518 = FACE_BOUND('',#4519,.T.);
#4519 = EDGE_LOOP('',(#4520,#4521,#4522,#4543));
#4520 = ORIENTED_EDGE('',*,*,#3386,.T.);
#4521 = ORIENTED_EDGE('',*,*,#4497,.T.);
#4522 = ORIENTED_EDGE('',*,*,#4523,.T.);
#4523 = EDGE_CURVE('',#4475,#4256,#4524,.T.);
#4524 = SURFACE_CURVE('',#4525,(#4529,#4536),.PCURVE_S1.);
#4525 = LINE('',#4526,#4527);
#4526 = CARTESIAN_POINT('',(-7.,-7.1513684387,51.));
#4527 = VECTOR('',#4528,1.);
#4528 = DIRECTION('',(0.,-0.5,0.866025403784));
#4529 = PCURVE('',#3401,#4530);
#4530 = DEFINITIONAL_REPRESENTATION('',(#4531),#4535);
#4531 = LINE('',#4532,#4533);
#4532 = CARTESIAN_POINT('',(0.,-12.));
#4533 = VECTOR('',#4534,1.);
#4534 = DIRECTION('',(1.,0.));
#4535 = ( GEOMETRIC_REPRESENTATION_CONTEXT(2) 
PARAMETRIC_REPRESENTATION_CONTEXT() REPRESENTATION_CONTEXT('2D SPACE',''
  ) );
#4536 = PCURVE('',#3593,#4537);
#4537 = DEFINITIONAL_REPRESENTATION('',(#4538),#4542);
#4538 = LINE('',#4539,#4540);
#4539 = CARTESIAN_POINT('',(0.,-3.3486315613));
#4540 = VECTOR('',#4541,1.);
#4541 = DIRECTION('',(0.866025403784,0.5));
#4542 = ( GEOMETRIC_REPRESENTATION_CONTEXT(2) 
PARAMETRIC_REPRESENTATION_CONTEXT() REPRESENTATION_CONTEXT('2D SPACE',''
  ) );
#4543 = ORIENTED_EDGE('',*,*,#4255,.F.);
#4544 = ADVANCED_FACE('',(#4545,#4548),#3557,.T.);
#4545 = FACE_BOUND('',#4546,.T.);
#4546 = EDGE_LOOP('',(#4547));
#4547 = ORIENTED_EDGE('',*,*,#3905,.T.);
#4548 = FACE_BOUND('',#4549,.T.);
#4549 = EDGE_LOOP('',(#4550));
#4550 = ORIENTED_EDGE('',*,*,#3542,.T.);
#4551 = ADVANCED_FACE('',(#4552,#4560),#3593,.F.);
#4552 = FACE_BOUND('',#4553,.F.);
#4553 = EDGE_LOOP('',(#4554,#4555,#4556,#4557,#4558,#4559));
#4554 = ORIENTED_EDGE('',*,*,#4523,.T.);
#4555 = ORIENTED_EDGE('',*,*,#4278,.T.);
#4556 = ORIENTED_EDGE('',*,*,#4327,.T.);
#4557 = ORIENTED_EDGE('',*,*,#4376,.T.);
#4558 = ORIENTED_EDGE('',*,*,#4425,.T.);
#4559 = ORIENTED_EDGE('',*,*,#4474,.T.);
#4560 = FACE_BOUND('',#4561,.F.);
#4561 = EDGE_LOOP('',(#4562));
#4562 = ORIENTED_EDGE('',*,*,#3576,.T.);
#4563 = ADVANCED_FACE('',(#4564),#3702,.F.);
#4564 = FACE_BOUND('',#4565,.T.);
#4565 = EDGE_LOOP('',(#4566,#4594,#4615,#4616));
#4566 = ORIENTED_EDGE('',*,*,#4567,.T.);
#4567 = EDGE_CURVE('',#4568,#4568,#4570,.T.);
#4568 = VERTEX_POINT('',#4569);
#4569 = CARTESIAN_POINT('',(-8.,23.2,58.));
#4570 = SURFACE_CURVE('',#4571,(#4576,#4583),.PCURVE_S1.);
#4571 = CIRCLE('',#4572,1.7);
#4572 = AXIS2_PLACEMENT_3D('',#4573,#4574,#4575);
#4573 = CARTESIAN_POINT('',(-8.,21.5,58.));
#4574 = DIRECTION('',(-1.,0.,0.));
#4575 = DIRECTION('',(0.,1.,0.));
#4576 = PCURVE('',#3702,#4577);
#4577 = DEFINITIONAL_REPRESENTATION('',(#4578),#4582);
#4578 = LINE('',#4579,#4580);
#4579 = CARTESIAN_POINT('',(-6.28318530718,-7.));
#4580 = VECTOR('',#4581,1.);
#4581 = DIRECTION('',(1.,-0.));
#4582 = ( GEOMETRIC_REPRESENTATION_CONTEXT(2) 
PARAMETRIC_REPRESENTATION_CONTEXT() REPRESENTATION_CONTEXT('2D SPACE',''
  ) );
#4583 = PCURVE('',#3995,#4584);
#4584 = DEFINITIONAL_REPRESENTATION('',(#4585),#4593);
#4585 = ( BOUNDED_CURVE() B_SPLINE_CURVE(2,(#4586,#4587,#4588,#4589,
#4590,#4591,#4592),.UNSPECIFIED.,.T.,.F.) B_SPLINE_CURVE_WITH_KNOTS((1,2
    ,2,2,2,1),(-2.094395102393,0.,2.094395102393,4.188790204786,
6.28318530718,8.377580409573),.UNSPECIFIED.) CURVE() 
GEOMETRIC_REPRESENTATION_ITEM() RATIONAL_B_SPLINE_CURVE((1.,0.5,1.,0.5,
1.,0.5,1.)) REPRESENTATION_ITEM('') );
#4586 = CARTESIAN_POINT('',(0.,-1.7));
#4587 = CARTESIAN_POINT('',(-2.944486372867,-1.7));
#4588 = CARTESIAN_POINT('',(-1.472243186434,0.85));
#4589 = CARTESIAN_POINT('',(-4.163799117101E-16,3.4));
#4590 = CARTESIAN_POINT('',(1.472243186434,0.85));
#4591 = CARTESIAN_POINT('',(2.944486372867,-1.7));
#4592 = CARTESIAN_POINT('',(0.,-1.7));
#4593 = ( GEOMETRIC_REPRESENTATION_CONTEXT(2) 
PARAMETRIC_REPRESENTATION_CONTEXT() REPRESENTATION_CONTEXT('2D SPACE',''
  ) );
#4594 = ORIENTED_EDGE('',*,*,#4595,.T.);
#4595 = EDGE_CURVE('',#4568,#3682,#4596,.T.);
#4596 = SEAM_CURVE('',#4597,(#4601,#4608),.PCURVE_S1.);
#4597 = LINE('',#4598,#4599);
#4598 = CARTESIAN_POINT('',(-15.,23.2,58.));
#4599 = VECTOR('',#4600,1.);
#4600 = DIRECTION('',(1.,0.,0.));
#4601 = PCURVE('',#3702,#4602);
#4602 = DEFINITIONAL_REPRESENTATION('',(#4603),#4607);
#4603 = LINE('',#4604,#4605);
#4604 = CARTESIAN_POINT('',(-6.28318530718,0.));
#4605 = VECTOR('',#4606,1.);
#4606 = DIRECTION('',(-0.,-1.));
#4607 = ( GEOMETRIC_REPRESENTATION_CONTEXT(2) 
PARAMETRIC_REPRESENTATION_CONTEXT() REPRESENTATION_CONTEXT('2D SPACE',''
  ) );
#4608 = PCURVE('',#3702,#4609);
#4609 = DEFINITIONAL_REPRESENTATION('',(#4610),#4614);
#4610 = LINE('',#4611,#4612);
#4611 = CARTESIAN_POINT('',(-0.,0.));
#4612 = VECTOR('',#4613,1.);
#4613 = DIRECTION('',(-0.,-1.));
#4614 = ( GEOMETRIC_REPRESENTATION_CONTEXT(2) 
PARAMETRIC_REPRESENTATION_CONTEXT() REPRESENTATION_CONTEXT('2D SPACE',''
  ) );
#4615 = ORIENTED_EDGE('',*,*,#3681,.F.);
#4616 = ORIENTED_EDGE('',*,*,#4595,.F.);
#4617 = ADVANCED_FACE('',(#4618),#3816,.F.);
#4618 = FACE_BOUND('',#4619,.T.);
#4619 = EDGE_LOOP('',(#4620,#4641,#4642,#4643));
#4620 = ORIENTED_EDGE('',*,*,#4621,.F.);
#4621 = EDGE_CURVE('',#3796,#3868,#4622,.T.);
#4622 = SEAM_CURVE('',#4623,(#4627,#4634),.PCURVE_S1.);
#4623 = LINE('',#4624,#4625);
#4624 = CARTESIAN_POINT('',(-15.,23.2,58.));
#4625 = VECTOR('',#4626,1.);
#4626 = DIRECTION('',(1.,0.,0.));
#4627 = PCURVE('',#3816,#4628);
#4628 = DEFINITIONAL_REPRESENTATION('',(#4629),#4633);
#4629 = LINE('',#4630,#4631);
#4630 = CARTESIAN_POINT('',(-6.28318530718,0.));
#4631 = VECTOR('',#4632,1.);
#4632 = DIRECTION('',(-0.,-1.));
#4633 = ( GEOMETRIC_REPRESENTATION_CONTEXT(2) 
PARAMETRIC_REPRESENTATION_CONTEXT() REPRESENTATION_CONTEXT('2D SPACE',''
  ) );
#4634 = PCURVE('',#3816,#4635);
#4635 = DEFINITIONAL_REPRESENTATION('',(#4636),#4640);
#4636 = LINE('',#4637,#4638);
#4637 = CARTESIAN_POINT('',(-0.,0.));
#4638 = VECTOR('',#4639,1.);
#4639 = DIRECTION('',(-0.,-1.));
#4640 = ( GEOMETRIC_REPRESENTATION_CONTEXT(2) 
PARAMETRIC_REPRESENTATION_CONTEXT() REPRESENTATION_CONTEXT('2D SPACE',''
  ) );
#4641 = ORIENTED_EDGE('',*,*,#3795,.T.);
#4642 = ORIENTED_EDGE('',*,*,#4621,.T.);
#4643 = ORIENTED_EDGE('',*,*,#3867,.F.);
#4644 = ADVANCED_FACE('',(#4645,#4653),#3995,.F.);
#4645 = FACE_BOUND('',#4646,.F.);
#4646 = EDGE_LOOP('',(#4647,#4648,#4649,#4650,#4651,#4652));
#4647 = ORIENTED_EDGE('',*,*,#4104,.T.);
#4648 = ORIENTED_EDGE('',*,*,#3979,.T.);
#4649 = ORIENTED_EDGE('',*,*,#4033,.T.);
#4650 = ORIENTED_EDGE('',*,*,#4131,.T.);
#4651 = ORIENTED_EDGE('',*,*,#4229,.T.);
#4652 = ORIENTED_EDGE('',*,*,#4202,.T.);
#4653 = FACE_BOUND('',#4654,.F.);
#4654 = EDGE_LOOP('',(#4655));
#4655 = ORIENTED_EDGE('',*,*,#4567,.T.);
#4656 = ( GEOMETRIC_REPRESENTATION_CONTEXT(3) 
GLOBAL_UNCERTAINTY_ASSIGNED_CONTEXT((#4660)) 
GLOBAL_UNIT_ASSIGNED_CONTEXT((#4657,#4658,#4659)) REPRESENTATION_CONTEXT
('Context #1','3D Context with UNIT and UNCERTAINTY') );
#4657 = ( LENGTH_UNIT() NAMED_UNIT(*) SI_UNIT(.MILLI.,.METRE.) );
#4658 = ( NAMED_UNIT(*) PLANE_ANGLE_UNIT() SI_UNIT($,.RADIAN.) );
#4659 = ( NAMED_UNIT(*) SI_UNIT($,.STERADIAN.) SOLID_ANGLE_UNIT() );
#4660 = UNCERTAINTY_MEASURE_WITH_UNIT(LENGTH_MEASURE(1.E-07),#4657,
  'distance_accuracy_value','confusion accuracy');
#4661 = PRODUCT_RELATED_PRODUCT_CATEGORY('part',$,(#7));
ENDSEC;
END-ISO-10303-21;
