ISO-10303-21;
HEADER;
FILE_DESCRIPTION(('Open CASCADE Model'),'2;1');
FILE_NAME('Open CASCADE Shape Model','2026-09-24T19:15:08',('Author'),(
    'Open CASCADE'),'Open CASCADE STEP processor 7.9','Open CASCADE 7.9'
  ,'Unknown');
FILE_SCHEMA(('AUTOMOTIVE_DESIGN { 1 0 10303 214 1 1 1 1 }'));
ENDSEC;
DATA;
#1 = APPLICATION_PROTOCOL_DEFINITION('international standard',
  'automotive_design',2000,#2);
#2 = APPLICATION_CONTEXT(
  'core data for automotive mechanical design processes');
#3 = SHAPE_DEFINITION_REPRESENTATION(#4,#10);
#4 = PRODUCT_DEFINITION_SHAPE('','',#5);
#5 = PRODUCT_DEFINITION('design','',#6,#9);
#6 = PRODUCT_DEFINITION_FORMATION('','',#7);
#7 = PRODUCT('Open CASCADE STEP translator 7.9 1',
  'Open CASCADE STEP translator 7.9 1','',(#8));
#8 = PRODUCT_CONTEXT('',#2,'mechanical');
#9 = PRODUCT_DEFINITION_CONTEXT('part definition',#2,'design');
#10 = ADVANCED_BREP_SHAPE_REPRESENTATION('',(#11,#15),#3366);
#11 = AXIS2_PLACEMENT_3D('',#12,#13,#14);
#12 = CARTESIAN_POINT('',(0.,0.,0.));
#13 = DIRECTION('',(0.,0.,1.));
#14 = DIRECTION('',(1.,0.,-0.));
#15 = MANIFOLD_SOLID_BREP('',#16);
#16 = CLOSED_SHELL('',(#17,#137,#213,#284,#486,#668,#675,#702,#729,#756,
    #811,#838,#893,#1303,#1587,#2162,#2220,#2748,#2806,#2863,#2920,#2967
    ,#3014,#3068,#3122,#3149,#3176,#3230,#3284,#3311,#3338,#3345,#3352,
    #3359));
#17 = ADVANCED_FACE('',(#18),#32,.F.);
#18 = FACE_BOUND('',#19,.F.);
#19 = EDGE_LOOP('',(#20,#55,#83,#111));
#20 = ORIENTED_EDGE('',*,*,#21,.T.);
#21 = EDGE_CURVE('',#22,#24,#26,.T.);
#22 = VERTEX_POINT('',#23);
#23 = CARTESIAN_POINT('',(-50.,-50.,0.));
#24 = VERTEX_POINT('',#25);
#25 = CARTESIAN_POINT('',(-50.,-50.,6.));
#26 = SURFACE_CURVE('',#27,(#31,#43),.PCURVE_S1.);
#27 = LINE('',#28,#29);
#28 = CARTESIAN_POINT('',(-50.,-50.,0.));
#29 = VECTOR('',#30,1.);
#30 = DIRECTION('',(0.,0.,1.));
#31 = PCURVE('',#32,#37);
#32 = PLANE('',#33);
#33 = AXIS2_PLACEMENT_3D('',#34,#35,#36);
#34 = CARTESIAN_POINT('',(-50.,-50.,0.));
#35 = DIRECTION('',(0.,1.,0.));
#36 = DIRECTION('',(1.,0.,0.));
#37 = DEFINITIONAL_REPRESENTATION('',(#38),#42);
#38 = LINE('',#39,#40);
#39 = CARTESIAN_POINT('',(0.,0.));
#40 = VECTOR('',#41,1.);
#41 = DIRECTION('',(0.,-1.));
#42 = ( GEOMETRIC_REPRESENTATION_CONTEXT(2) 
PARAMETRIC_REPRESENTATION_CONTEXT() REPRESENTATION_CONTEXT('2D SPACE',''
  ) );
#43 = PCURVE('',#44,#49);
#44 = PLANE('',#45);
#45 = AXIS2_PLACEMENT_3D('',#46,#47,#48);
#46 = CARTESIAN_POINT('',(-50.,50.,0.));
#47 = DIRECTION('',(1.,0.,-0.));
#48 = DIRECTION('',(0.,-1.,0.));
#49 = DEFINITIONAL_REPRESENTATION('',(#50),#54);
#50 = LINE('',#51,#52);
#51 = CARTESIAN_POINT('',(100.,0.));
#52 = VECTOR('',#53,1.);
#53 = DIRECTION('',(0.,-1.));
#54 = ( GEOMETRIC_REPRESENTATION_CONTEXT(2) 
PARAMETRIC_REPRESENTATION_CONTEXT() REPRESENTATION_CONTEXT('2D SPACE',''
  ) );
#55 = ORIENTED_EDGE('',*,*,#56,.T.);
#56 = EDGE_CURVE('',#24,#57,#59,.T.);
#57 = VERTEX_POINT('',#58);
#58 = CARTESIAN_POINT('',(50.,-50.,6.));
#59 = SURFACE_CURVE('',#60,(#64,#71),.PCURVE_S1.);
#60 = LINE('',#61,#62);
#61 = CARTESIAN_POINT('',(-50.,-50.,6.));
#62 = VECTOR('',#63,1.);
#63 = DIRECTION('',(1.,0.,0.));
#64 = PCURVE('',#32,#65);
#65 = DEFINITIONAL_REPRESENTATION('',(#66),#70);
#66 = LINE('',#67,#68);
#67 = CARTESIAN_POINT('',(0.,-6.));
#68 = VECTOR('',#69,1.);
#69 = DIRECTION('',(1.,0.));
#70 = ( GEOMETRIC_REPRESENTATION_CONTEXT(2) 
PARAMETRIC_REPRESENTATION_CONTEXT() REPRESENTATION_CONTEXT('2D SPACE',''
  ) );
#71 = PCURVE('',#72,#77);
#72 = PLANE('',#73);
#73 = AXIS2_PLACEMENT_3D('',#74,#75,#76);
#74 = CARTESIAN_POINT('',(0.,0.,6.));
#75 = DIRECTION('',(0.,0.,1.));
#76 = DIRECTION('',(1.,0.,-0.));
#77 = DEFINITIONAL_REPRESENTATION('',(#78),#82);
#78 = LINE('',#79,#80);
#79 = CARTESIAN_POINT('',(-50.,-50.));
#80 = VECTOR('',#81,1.);
#81 = DIRECTION('',(1.,0.));
#82 = ( GEOMETRIC_REPRESENTATION_CONTEXT(2) 
PARAMETRIC_REPRESENTATION_CONTEXT() REPRESENTATION_CONTEXT('2D SPACE',''
  ) );
#83 = ORIENTED_EDGE('',*,*,#84,.F.);
#84 = EDGE_CURVE('',#85,#57,#87,.T.);
#85 = VERTEX_POINT('',#86);
#86 = CARTESIAN_POINT('',(50.,-50.,0.));
#87 = SURFACE_CURVE('',#88,(#92,#99),.PCURVE_S1.);
#88 = LINE('',#89,#90);
#89 = CARTESIAN_POINT('',(50.,-50.,0.));
#90 = VECTOR('',#91,1.);
#91 = DIRECTION('',(0.,0.,1.));
#92 = PCURVE('',#32,#93);
#93 = DEFINITIONAL_REPRESENTATION('',(#94),#98);
#94 = LINE('',#95,#96);
#95 = CARTESIAN_POINT('',(100.,0.));
#96 = VECTOR('',#97,1.);
#97 = DIRECTION('',(0.,-1.));
#98 = ( GEOMETRIC_REPRESENTATION_CONTEXT(2) 
PARAMETRIC_REPRESENTATION_CONTEXT() REPRESENTATION_CONTEXT('2D SPACE',''
  ) );
#99 = PCURVE('',#100,#105);
#100 = PLANE('',#101);
#101 = AXIS2_PLACEMENT_3D('',#102,#103,#104);
#102 = CARTESIAN_POINT('',(50.,-50.,0.));
#103 = DIRECTION('',(-1.,0.,0.));
#104 = DIRECTION('',(0.,1.,0.));
#105 = DEFINITIONAL_REPRESENTATION('',(#106),#110);
#106 = LINE('',#107,#108);
#107 = CARTESIAN_POINT('',(0.,0.));
#108 = VECTOR('',#109,1.);
#109 = DIRECTION('',(0.,-1.));
#110 = ( GEOMETRIC_REPRESENTATION_CONTEXT(2) 
PARAMETRIC_REPRESENTATION_CONTEXT() REPRESENTATION_CONTEXT('2D SPACE',''
  ) );
#111 = ORIENTED_EDGE('',*,*,#112,.F.);
#112 = EDGE_CURVE('',#22,#85,#113,.T.);
#113 = SURFACE_CURVE('',#114,(#118,#125),.PCURVE_S1.);
#114 = LINE('',#115,#116);
#115 = CARTESIAN_POINT('',(-50.,-50.,0.));
#116 = VECTOR('',#117,1.);
#117 = DIRECTION('',(1.,0.,0.));
#118 = PCURVE('',#32,#119);
#119 = DEFINITIONAL_REPRESENTATION('',(#120),#124);
#120 = LINE('',#121,#122);
#121 = CARTESIAN_POINT('',(0.,0.));
#122 = VECTOR('',#123,1.);
#123 = DIRECTION('',(1.,0.));
#124 = ( GEOMETRIC_REPRESENTATION_CONTEXT(2) 
PARAMETRIC_REPRESENTATION_CONTEXT() REPRESENTATION_CONTEXT('2D SPACE',''
  ) );
#125 = PCURVE('',#126,#131);
#126 = PLANE('',#127);
#127 = AXIS2_PLACEMENT_3D('',#128,#129,#130);
#128 = CARTESIAN_POINT('',(0.,0.,0.));
#129 = DIRECTION('',(0.,0.,1.));
#130 = DIRECTION('',(1.,0.,-0.));
#131 = DEFINITIONAL_REPRESENTATION('',(#132),#136);
#132 = LINE('',#133,#134);
#133 = CARTESIAN_POINT('',(-50.,-50.));
#134 = VECTOR('',#135,1.);
#135 = DIRECTION('',(1.,0.));
#136 = ( GEOMETRIC_REPRESENTATION_CONTEXT(2) 
PARAMETRIC_REPRESENTATION_CONTEXT() REPRESENTATION_CONTEXT('2D SPACE',''
  ) );
#137 = ADVANCED_FACE('',(#138),#44,.F.);
#138 = FACE_BOUND('',#139,.F.);
#139 = EDGE_LOOP('',(#140,#170,#191,#192));
#140 = ORIENTED_EDGE('',*,*,#141,.T.);
#141 = EDGE_CURVE('',#142,#144,#146,.T.);
#142 = VERTEX_POINT('',#143);
#143 = CARTESIAN_POINT('',(-50.,50.,0.));
#144 = VERTEX_POINT('',#145);
#145 = CARTESIAN_POINT('',(-50.,50.,6.));
#146 = SURFACE_CURVE('',#147,(#151,#158),.PCURVE_S1.);
#147 = LINE('',#148,#149);
#148 = CARTESIAN_POINT('',(-50.,50.,0.));
#149 = VECTOR('',#150,1.);
#150 = DIRECTION('',(0.,0.,1.));
#151 = PCURVE('',#44,#152);
#152 = DEFINITIONAL_REPRESENTATION('',(#153),#157);
#153 = LINE('',#154,#155);
#154 = CARTESIAN_POINT('',(0.,0.));
#155 = VECTOR('',#156,1.);
#156 = DIRECTION('',(0.,-1.));
#157 = ( GEOMETRIC_REPRESENTATION_CONTEXT(2) 
PARAMETRIC_REPRESENTATION_CONTEXT() REPRESENTATION_CONTEXT('2D SPACE',''
  ) );
#158 = PCURVE('',#159,#164);
#159 = PLANE('',#160);
#160 = AXIS2_PLACEMENT_3D('',#161,#162,#163);
#161 = CARTESIAN_POINT('',(50.,50.,0.));
#162 = DIRECTION('',(0.,-1.,0.));
#163 = DIRECTION('',(-1.,0.,0.));
#164 = DEFINITIONAL_REPRESENTATION('',(#165),#169);
#165 = LINE('',#166,#167);
#166 = CARTESIAN_POINT('',(100.,0.));
#167 = VECTOR('',#168,1.);
#168 = DIRECTION('',(0.,-1.));
#169 = ( GEOMETRIC_REPRESENTATION_CONTEXT(2) 
PARAMETRIC_REPRESENTATION_CONTEXT() REPRESENTATION_CONTEXT('2D SPACE',''
  ) );
#170 = ORIENTED_EDGE('',*,*,#171,.T.);
#171 = EDGE_CURVE('',#144,#24,#172,.T.);
#172 = SURFACE_CURVE('',#173,(#177,#184),.PCURVE_S1.);
#173 = LINE('',#174,#175);
#174 = CARTESIAN_POINT('',(-50.,50.,6.));
#175 = VECTOR('',#176,1.);
#176 = DIRECTION('',(0.,-1.,0.));
#177 = PCURVE('',#44,#178);
#178 = DEFINITIONAL_REPRESENTATION('',(#179),#183);
#179 = LINE('',#180,#181);
#180 = CARTESIAN_POINT('',(0.,-6.));
#181 = VECTOR('',#182,1.);
#182 = DIRECTION('',(1.,0.));
#183 = ( GEOMETRIC_REPRESENTATION_CONTEXT(2) 
PARAMETRIC_REPRESENTATION_CONTEXT() REPRESENTATION_CONTEXT('2D SPACE',''
  ) );
#184 = PCURVE('',#72,#185);
#185 = DEFINITIONAL_REPRESENTATION('',(#186),#190);
#186 = LINE('',#187,#188);
#187 = CARTESIAN_POINT('',(-50.,50.));
#188 = VECTOR('',#189,1.);
#189 = DIRECTION('',(0.,-1.));
#190 = ( GEOMETRIC_REPRESENTATION_CONTEXT(2) 
PARAMETRIC_REPRESENTATION_CONTEXT() REPRESENTATION_CONTEXT('2D SPACE',''
  ) );
#191 = ORIENTED_EDGE('',*,*,#21,.F.);
#192 = ORIENTED_EDGE('',*,*,#193,.F.);
#193 = EDGE_CURVE('',#142,#22,#194,.T.);
#194 = SURFACE_CURVE('',#195,(#199,#206),.PCURVE_S1.);
#195 = LINE('',#196,#197);
#196 = CARTESIAN_POINT('',(-50.,50.,0.));
#197 = VECTOR('',#198,1.);
#198 = DIRECTION('',(0.,-1.,0.));
#199 = PCURVE('',#44,#200);
#200 = DEFINITIONAL_REPRESENTATION('',(#201),#205);
#201 = LINE('',#202,#203);
#202 = CARTESIAN_POINT('',(0.,0.));
#203 = VECTOR('',#204,1.);
#204 = DIRECTION('',(1.,0.));
#205 = ( GEOMETRIC_REPRESENTATION_CONTEXT(2) 
PARAMETRIC_REPRESENTATION_CONTEXT() REPRESENTATION_CONTEXT('2D SPACE',''
  ) );
#206 = PCURVE('',#126,#207);
#207 = DEFINITIONAL_REPRESENTATION('',(#208),#212);
#208 = LINE('',#209,#210);
#209 = CARTESIAN_POINT('',(-50.,50.));
#210 = VECTOR('',#211,1.);
#211 = DIRECTION('',(0.,-1.));
#212 = ( GEOMETRIC_REPRESENTATION_CONTEXT(2) 
PARAMETRIC_REPRESENTATION_CONTEXT() REPRESENTATION_CONTEXT('2D SPACE',''
  ) );
#213 = ADVANCED_FACE('',(#214),#100,.F.);
#214 = FACE_BOUND('',#215,.F.);
#215 = EDGE_LOOP('',(#216,#217,#240,#263));
#216 = ORIENTED_EDGE('',*,*,#84,.T.);
#217 = ORIENTED_EDGE('',*,*,#218,.T.);
#218 = EDGE_CURVE('',#57,#219,#221,.T.);
#219 = VERTEX_POINT('',#220);
#220 = CARTESIAN_POINT('',(50.,50.,6.));
#221 = SURFACE_CURVE('',#222,(#226,#233),.PCURVE_S1.);
#222 = LINE('',#223,#224);
#223 = CARTESIAN_POINT('',(50.,-50.,6.));
#224 = VECTOR('',#225,1.);
#225 = DIRECTION('',(0.,1.,0.));
#226 = PCURVE('',#100,#227);
#227 = DEFINITIONAL_REPRESENTATION('',(#228),#232);
#228 = LINE('',#229,#230);
#229 = CARTESIAN_POINT('',(0.,-6.));
#230 = VECTOR('',#231,1.);
#231 = DIRECTION('',(1.,0.));
#232 = ( GEOMETRIC_REPRESENTATION_CONTEXT(2) 
PARAMETRIC_REPRESENTATION_CONTEXT() REPRESENTATION_CONTEXT('2D SPACE',''
  ) );
#233 = PCURVE('',#72,#234);
#234 = DEFINITIONAL_REPRESENTATION('',(#235),#239);
#235 = LINE('',#236,#237);
#236 = CARTESIAN_POINT('',(50.,-50.));
#237 = VECTOR('',#238,1.);
#238 = DIRECTION('',(0.,1.));
#239 = ( GEOMETRIC_REPRESENTATION_CONTEXT(2) 
PARAMETRIC_REPRESENTATION_CONTEXT() REPRESENTATION_CONTEXT('2D SPACE',''
  ) );
#240 = ORIENTED_EDGE('',*,*,#241,.F.);
#241 = EDGE_CURVE('',#242,#219,#244,.T.);
#242 = VERTEX_POINT('',#243);
#243 = CARTESIAN_POINT('',(50.,50.,0.));
#244 = SURFACE_CURVE('',#245,(#249,#256),.PCURVE_S1.);
#245 = LINE('',#246,#247);
#246 = CARTESIAN_POINT('',(50.,50.,0.));
#247 = VECTOR('',#248,1.);
#248 = DIRECTION('',(0.,0.,1.));
#249 = PCURVE('',#100,#250);
#250 = DEFINITIONAL_REPRESENTATION('',(#251),#255);
#251 = LINE('',#252,#253);
#252 = CARTESIAN_POINT('',(100.,0.));
#253 = VECTOR('',#254,1.);
#254 = DIRECTION('',(0.,-1.));
#255 = ( GEOMETRIC_REPRESENTATION_CONTEXT(2) 
PARAMETRIC_REPRESENTATION_CONTEXT() REPRESENTATION_CONTEXT('2D SPACE',''
  ) );
#256 = PCURVE('',#159,#257);
#257 = DEFINITIONAL_REPRESENTATION('',(#258),#262);
#258 = LINE('',#259,#260);
#259 = CARTESIAN_POINT('',(0.,-0.));
#260 = VECTOR('',#261,1.);
#261 = DIRECTION('',(0.,-1.));
#262 = ( GEOMETRIC_REPRESENTATION_CONTEXT(2) 
PARAMETRIC_REPRESENTATION_CONTEXT() REPRESENTATION_CONTEXT('2D SPACE',''
  ) );
#263 = ORIENTED_EDGE('',*,*,#264,.F.);
#264 = EDGE_CURVE('',#85,#242,#265,.T.);
#265 = SURFACE_CURVE('',#266,(#270,#277),.PCURVE_S1.);
#266 = LINE('',#267,#268);
#267 = CARTESIAN_POINT('',(50.,-50.,0.));
#268 = VECTOR('',#269,1.);
#269 = DIRECTION('',(0.,1.,0.));
#270 = PCURVE('',#100,#271);
#271 = DEFINITIONAL_REPRESENTATION('',(#272),#276);
#272 = LINE('',#273,#274);
#273 = CARTESIAN_POINT('',(0.,0.));
#274 = VECTOR('',#275,1.);
#275 = DIRECTION('',(1.,0.));
#276 = ( GEOMETRIC_REPRESENTATION_CONTEXT(2) 
PARAMETRIC_REPRESENTATION_CONTEXT() REPRESENTATION_CONTEXT('2D SPACE',''
  ) );
#277 = PCURVE('',#126,#278);
#278 = DEFINITIONAL_REPRESENTATION('',(#279),#283);
#279 = LINE('',#280,#281);
#280 = CARTESIAN_POINT('',(50.,-50.));
#281 = VECTOR('',#282,1.);
#282 = DIRECTION('',(0.,1.));
#283 = ( GEOMETRIC_REPRESENTATION_CONTEXT(2) 
PARAMETRIC_REPRESENTATION_CONTEXT() REPRESENTATION_CONTEXT('2D SPACE',''
  ) );
#284 = ADVANCED_FACE('',(#285,#311,#346,#381,#416,#451),#126,.F.);
#285 = FACE_BOUND('',#286,.F.);
#286 = EDGE_LOOP('',(#287,#288,#289,#310));
#287 = ORIENTED_EDGE('',*,*,#112,.T.);
#288 = ORIENTED_EDGE('',*,*,#264,.T.);
#289 = ORIENTED_EDGE('',*,*,#290,.T.);
#290 = EDGE_CURVE('',#242,#142,#291,.T.);
#291 = SURFACE_CURVE('',#292,(#296,#303),.PCURVE_S1.);
#292 = LINE('',#293,#294);
#293 = CARTESIAN_POINT('',(50.,50.,0.));
#294 = VECTOR('',#295,1.);
#295 = DIRECTION('',(-1.,0.,0.));
#296 = PCURVE('',#126,#297);
#297 = DEFINITIONAL_REPRESENTATION('',(#298),#302);
#298 = LINE('',#299,#300);
#299 = CARTESIAN_POINT('',(50.,50.));
#300 = VECTOR('',#301,1.);
#301 = DIRECTION('',(-1.,0.));
#302 = ( GEOMETRIC_REPRESENTATION_CONTEXT(2) 
PARAMETRIC_REPRESENTATION_CONTEXT() REPRESENTATION_CONTEXT('2D SPACE',''
  ) );
#303 = PCURVE('',#159,#304);
#304 = DEFINITIONAL_REPRESENTATION('',(#305),#309);
#305 = LINE('',#306,#307);
#306 = CARTESIAN_POINT('',(0.,-0.));
#307 = VECTOR('',#308,1.);
#308 = DIRECTION('',(1.,0.));
#309 = ( GEOMETRIC_REPRESENTATION_CONTEXT(2) 
PARAMETRIC_REPRESENTATION_CONTEXT() REPRESENTATION_CONTEXT('2D SPACE',''
  ) );
#310 = ORIENTED_EDGE('',*,*,#193,.T.);
#311 = FACE_BOUND('',#312,.F.);
#312 = EDGE_LOOP('',(#313));
#313 = ORIENTED_EDGE('',*,*,#314,.T.);
#314 = EDGE_CURVE('',#315,#315,#317,.T.);
#315 = VERTEX_POINT('',#316);
#316 = CARTESIAN_POINT('',(-37.7,-40.,0.));
#317 = SURFACE_CURVE('',#318,(#323,#334),.PCURVE_S1.);
#318 = CIRCLE('',#319,2.3);
#319 = AXIS2_PLACEMENT_3D('',#320,#321,#322);
#320 = CARTESIAN_POINT('',(-40.,-40.,0.));
#321 = DIRECTION('',(0.,0.,-1.));
#322 = DIRECTION('',(1.,0.,0.));
#323 = PCURVE('',#126,#324);
#324 = DEFINITIONAL_REPRESENTATION('',(#325),#333);
#325 = ( BOUNDED_CURVE() B_SPLINE_CURVE(2,(#326,#327,#328,#329,#330,#331
,#332),.UNSPECIFIED.,.T.,.F.) B_SPLINE_CURVE_WITH_KNOTS((1,2,2,2,2,1),(
    -2.094395102393,0.,2.094395102393,4.188790204786,6.28318530718,
8.377580409573),.UNSPECIFIED.) CURVE() GEOMETRIC_REPRESENTATION_ITEM() 
RATIONAL_B_SPLINE_CURVE((1.,0.5,1.,0.5,1.,0.5,1.)) REPRESENTATION_ITEM(
  '') );
#326 = CARTESIAN_POINT('',(-37.7,-40.));
#327 = CARTESIAN_POINT('',(-37.7,-43.9837168574));
#328 = CARTESIAN_POINT('',(-41.15,-41.9918584287));
#329 = CARTESIAN_POINT('',(-44.6,-40.));
#330 = CARTESIAN_POINT('',(-41.15,-38.00814157129));
#331 = CARTESIAN_POINT('',(-37.7,-36.01628314259));
#332 = CARTESIAN_POINT('',(-37.7,-40.));
#333 = ( GEOMETRIC_REPRESENTATION_CONTEXT(2) 
PARAMETRIC_REPRESENTATION_CONTEXT() REPRESENTATION_CONTEXT('2D SPACE',''
  ) );
#334 = PCURVE('',#335,#340);
#335 = CYLINDRICAL_SURFACE('',#336,2.3);
#336 = AXIS2_PLACEMENT_3D('',#337,#338,#339);
#337 = CARTESIAN_POINT('',(-40.,-40.,-1.));
#338 = DIRECTION('',(-0.,-0.,-1.));
#339 = DIRECTION('',(1.,0.,0.));
#340 = DEFINITIONAL_REPRESENTATION('',(#341),#345);
#341 = LINE('',#342,#343);
#342 = CARTESIAN_POINT('',(-6.28318530718,-1.));
#343 = VECTOR('',#344,1.);
#344 = DIRECTION('',(1.,-0.));
#345 = ( GEOMETRIC_REPRESENTATION_CONTEXT(2) 
PARAMETRIC_REPRESENTATION_CONTEXT() REPRESENTATION_CONTEXT('2D SPACE',''
  ) );
#346 = FACE_BOUND('',#347,.F.);
#347 = EDGE_LOOP('',(#348));
#348 = ORIENTED_EDGE('',*,*,#349,.T.);
#349 = EDGE_CURVE('',#350,#350,#352,.T.);
#350 = VERTEX_POINT('',#351);
#351 = CARTESIAN_POINT('',(42.3,-40.,0.));
#352 = SURFACE_CURVE('',#353,(#358,#369),.PCURVE_S1.);
#353 = CIRCLE('',#354,2.3);
#354 = AXIS2_PLACEMENT_3D('',#355,#356,#357);
#355 = CARTESIAN_POINT('',(40.,-40.,0.));
#356 = DIRECTION('',(0.,0.,-1.));
#357 = DIRECTION('',(1.,0.,0.));
#358 = PCURVE('',#126,#359);
#359 = DEFINITIONAL_REPRESENTATION('',(#360),#368);
#360 = ( BOUNDED_CURVE() B_SPLINE_CURVE(2,(#361,#362,#363,#364,#365,#366
,#367),.UNSPECIFIED.,.T.,.F.) B_SPLINE_CURVE_WITH_KNOTS((1,2,2,2,2,1),(
    -2.094395102393,0.,2.094395102393,4.188790204786,6.28318530718,
8.377580409573),.UNSPECIFIED.) CURVE() GEOMETRIC_REPRESENTATION_ITEM() 
RATIONAL_B_SPLINE_CURVE((1.,0.5,1.,0.5,1.,0.5,1.)) REPRESENTATION_ITEM(
  '') );
#361 = CARTESIAN_POINT('',(42.3,-40.));
#362 = CARTESIAN_POINT('',(42.3,-43.9837168574));
#363 = CARTESIAN_POINT('',(38.85,-41.9918584287));
#364 = CARTESIAN_POINT('',(35.4,-40.));
#365 = CARTESIAN_POINT('',(38.85,-38.00814157129));
#366 = CARTESIAN_POINT('',(42.3,-36.01628314259));
#367 = CARTESIAN_POINT('',(42.3,-40.));
#368 = ( GEOMETRIC_REPRESENTATION_CONTEXT(2) 
PARAMETRIC_REPRESENTATION_CONTEXT() REPRESENTATION_CONTEXT('2D SPACE',''
  ) );
#369 = PCURVE('',#370,#375);
#370 = CYLINDRICAL_SURFACE('',#371,2.3);
#371 = AXIS2_PLACEMENT_3D('',#372,#373,#374);
#372 = CARTESIAN_POINT('',(40.,-40.,-1.));
#373 = DIRECTION('',(-0.,-0.,-1.));
#374 = DIRECTION('',(1.,0.,0.));
#375 = DEFINITIONAL_REPRESENTATION('',(#376),#380);
#376 = LINE('',#377,#378);
#377 = CARTESIAN_POINT('',(-6.28318530718,-1.));
#378 = VECTOR('',#379,1.);
#379 = DIRECTION('',(1.,-0.));
#380 = ( GEOMETRIC_REPRESENTATION_CONTEXT(2) 
PARAMETRIC_REPRESENTATION_CONTEXT() REPRESENTATION_CONTEXT('2D SPACE',''
  ) );
#381 = FACE_BOUND('',#382,.F.);
#382 = EDGE_LOOP('',(#383));
#383 = ORIENTED_EDGE('',*,*,#384,.T.);
#384 = EDGE_CURVE('',#385,#385,#387,.T.);
#385 = VERTEX_POINT('',#386);
#386 = CARTESIAN_POINT('',(-37.7,40.,0.));
#387 = SURFACE_CURVE('',#388,(#393,#404),.PCURVE_S1.);
#388 = CIRCLE('',#389,2.3);
#389 = AXIS2_PLACEMENT_3D('',#390,#391,#392);
#390 = CARTESIAN_POINT('',(-40.,40.,0.));
#391 = DIRECTION('',(0.,0.,-1.));
#392 = DIRECTION('',(1.,0.,0.));
#393 = PCURVE('',#126,#394);
#394 = DEFINITIONAL_REPRESENTATION('',(#395),#403);
#395 = ( BOUNDED_CURVE() B_SPLINE_CURVE(2,(#396,#397,#398,#399,#400,#401
,#402),.UNSPECIFIED.,.T.,.F.) B_SPLINE_CURVE_WITH_KNOTS((1,2,2,2,2,1),(
    -2.094395102393,0.,2.094395102393,4.188790204786,6.28318530718,
8.377580409573),.UNSPECIFIED.) CURVE() GEOMETRIC_REPRESENTATION_ITEM() 
RATIONAL_B_SPLINE_CURVE((1.,0.5,1.,0.5,1.,0.5,1.)) REPRESENTATION_ITEM(
  '') );
#396 = CARTESIAN_POINT('',(-37.7,40.));
#397 = CARTESIAN_POINT('',(-37.7,36.016283142592));
#398 = CARTESIAN_POINT('',(-41.15,38.008141571296));
#399 = CARTESIAN_POINT('',(-44.6,40.));
#400 = CARTESIAN_POINT('',(-41.15,41.991858428704));
#401 = CARTESIAN_POINT('',(-37.7,43.983716857408));
#402 = CARTESIAN_POINT('',(-37.7,40.));
#403 = ( GEOMETRIC_REPRESENTATION_CONTEXT(2) 
PARAMETRIC_REPRESENTATION_CONTEXT() REPRESENTATION_CONTEXT('2D SPACE',''
  ) );
#404 = PCURVE('',#405,#410);
#405 = CYLINDRICAL_SURFACE('',#406,2.3);
#406 = AXIS2_PLACEMENT_3D('',#407,#408,#409);
#407 = CARTESIAN_POINT('',(-40.,40.,-1.));
#408 = DIRECTION('',(-0.,-0.,-1.));
#409 = DIRECTION('',(1.,0.,0.));
#410 = DEFINITIONAL_REPRESENTATION('',(#411),#415);
#411 = LINE('',#412,#413);
#412 = CARTESIAN_POINT('',(-6.28318530718,-1.));
#413 = VECTOR('',#414,1.);
#414 = DIRECTION('',(1.,-0.));
#415 = ( GEOMETRIC_REPRESENTATION_CONTEXT(2) 
PARAMETRIC_REPRESENTATION_CONTEXT() REPRESENTATION_CONTEXT('2D SPACE',''
  ) );
#416 = FACE_BOUND('',#417,.F.);
#417 = EDGE_LOOP('',(#418));
#418 = ORIENTED_EDGE('',*,*,#419,.T.);
#419 = EDGE_CURVE('',#420,#420,#422,.T.);
#420 = VERTEX_POINT('',#421);
#421 = CARTESIAN_POINT('',(30.45,0.,0.));
#422 = SURFACE_CURVE('',#423,(#428,#439),.PCURVE_S1.);
#423 = CIRCLE('',#424,30.45);
#424 = AXIS2_PLACEMENT_3D('',#425,#426,#427);
#425 = CARTESIAN_POINT('',(0.,0.,0.));
#426 = DIRECTION('',(0.,0.,-1.));
#427 = DIRECTION('',(1.,0.,0.));
#428 = PCURVE('',#126,#429);
#429 = DEFINITIONAL_REPRESENTATION('',(#430),#438);
#430 = ( BOUNDED_CURVE() B_SPLINE_CURVE(2,(#431,#432,#433,#434,#435,#436
,#437),.UNSPECIFIED.,.T.,.F.) B_SPLINE_CURVE_WITH_KNOTS((1,2,2,2,2,1),(
    -2.094395102393,0.,2.094395102393,4.188790204786,6.28318530718,
8.377580409573),.UNSPECIFIED.) CURVE() GEOMETRIC_REPRESENTATION_ITEM() 
RATIONAL_B_SPLINE_CURVE((1.,0.5,1.,0.5,1.,0.5,1.)) REPRESENTATION_ITEM(
  '') );
#431 = CARTESIAN_POINT('',(30.45,0.));
#432 = CARTESIAN_POINT('',(30.45,-52.74094709047));
#433 = CARTESIAN_POINT('',(-15.225,-26.37047354523));
#434 = CARTESIAN_POINT('',(-60.9,-7.458099006807E-15));
#435 = CARTESIAN_POINT('',(-15.225,26.370473545236));
#436 = CARTESIAN_POINT('',(30.45,52.740947090472));
#437 = CARTESIAN_POINT('',(30.45,0.));
#438 = ( GEOMETRIC_REPRESENTATION_CONTEXT(2) 
PARAMETRIC_REPRESENTATION_CONTEXT() REPRESENTATION_CONTEXT('2D SPACE',''
  ) );
#439 = PCURVE('',#440,#445);
#440 = CYLINDRICAL_SURFACE('',#441,30.45);
#441 = AXIS2_PLACEMENT_3D('',#442,#443,#444);
#442 = CARTESIAN_POINT('',(0.,0.,-1.));
#443 = DIRECTION('',(-0.,-0.,-1.));
#444 = DIRECTION('',(1.,0.,0.));
#445 = DEFINITIONAL_REPRESENTATION('',(#446),#450);
#446 = LINE('',#447,#448);
#447 = CARTESIAN_POINT('',(-6.28318530718,-1.));
#448 = VECTOR('',#449,1.);
#449 = DIRECTION('',(1.,-0.));
#450 = ( GEOMETRIC_REPRESENTATION_CONTEXT(2) 
PARAMETRIC_REPRESENTATION_CONTEXT() REPRESENTATION_CONTEXT('2D SPACE',''
  ) );
#451 = FACE_BOUND('',#452,.F.);
#452 = EDGE_LOOP('',(#453));
#453 = ORIENTED_EDGE('',*,*,#454,.T.);
#454 = EDGE_CURVE('',#455,#455,#457,.T.);
#455 = VERTEX_POINT('',#456);
#456 = CARTESIAN_POINT('',(42.3,40.,0.));
#457 = SURFACE_CURVE('',#458,(#463,#474),.PCURVE_S1.);
#458 = CIRCLE('',#459,2.3);
#459 = AXIS2_PLACEMENT_3D('',#460,#461,#462);
#460 = CARTESIAN_POINT('',(40.,40.,0.));
#461 = DIRECTION('',(0.,0.,-1.));
#462 = DIRECTION('',(1.,0.,0.));
#463 = PCURVE('',#126,#464);
#464 = DEFINITIONAL_REPRESENTATION('',(#465),#473);
#465 = ( BOUNDED_CURVE() B_SPLINE_CURVE(2,(#466,#467,#468,#469,#470,#471
,#472),.UNSPECIFIED.,.T.,.F.) B_SPLINE_CURVE_WITH_KNOTS((1,2,2,2,2,1),(
    -2.094395102393,0.,2.094395102393,4.188790204786,6.28318530718,
8.377580409573),.UNSPECIFIED.) CURVE() GEOMETRIC_REPRESENTATION_ITEM() 
RATIONAL_B_SPLINE_CURVE((1.,0.5,1.,0.5,1.,0.5,1.)) REPRESENTATION_ITEM(
  '') );
#466 = CARTESIAN_POINT('',(42.3,40.));
#467 = CARTESIAN_POINT('',(42.3,36.016283142592));
#468 = CARTESIAN_POINT('',(38.85,38.008141571296));
#469 = CARTESIAN_POINT('',(35.4,40.));
#470 = CARTESIAN_POINT('',(38.85,41.991858428704));
#471 = CARTESIAN_POINT('',(42.3,43.983716857408));
#472 = CARTESIAN_POINT('',(42.3,40.));
#473 = ( GEOMETRIC_REPRESENTATION_CONTEXT(2) 
PARAMETRIC_REPRESENTATION_CONTEXT() REPRESENTATION_CONTEXT('2D SPACE',''
  ) );
#474 = PCURVE('',#475,#480);
#475 = CYLINDRICAL_SURFACE('',#476,2.3);
#476 = AXIS2_PLACEMENT_3D('',#477,#478,#479);
#477 = CARTESIAN_POINT('',(40.,40.,-1.));
#478 = DIRECTION('',(-0.,-0.,-1.));
#479 = DIRECTION('',(1.,0.,0.));
#480 = DEFINITIONAL_REPRESENTATION('',(#481),#485);
#481 = LINE('',#482,#483);
#482 = CARTESIAN_POINT('',(-6.28318530718,-1.));
#483 = VECTOR('',#484,1.);
#484 = DIRECTION('',(1.,-0.));
#485 = ( GEOMETRIC_REPRESENTATION_CONTEXT(2) 
PARAMETRIC_REPRESENTATION_CONTEXT() REPRESENTATION_CONTEXT('2D SPACE',''
  ) );
#486 = ADVANCED_FACE('',(#487,#513,#543,#573,#603,#638),#72,.T.);
#487 = FACE_BOUND('',#488,.T.);
#488 = EDGE_LOOP('',(#489,#490,#491,#512));
#489 = ORIENTED_EDGE('',*,*,#56,.T.);
#490 = ORIENTED_EDGE('',*,*,#218,.T.);
#491 = ORIENTED_EDGE('',*,*,#492,.T.);
#492 = EDGE_CURVE('',#219,#144,#493,.T.);
#493 = SURFACE_CURVE('',#494,(#498,#505),.PCURVE_S1.);
#494 = LINE('',#495,#496);
#495 = CARTESIAN_POINT('',(50.,50.,6.));
#496 = VECTOR('',#497,1.);
#497 = DIRECTION('',(-1.,0.,0.));
#498 = PCURVE('',#72,#499);
#499 = DEFINITIONAL_REPRESENTATION('',(#500),#504);
#500 = LINE('',#501,#502);
#501 = CARTESIAN_POINT('',(50.,50.));
#502 = VECTOR('',#503,1.);
#503 = DIRECTION('',(-1.,0.));
#504 = ( GEOMETRIC_REPRESENTATION_CONTEXT(2) 
PARAMETRIC_REPRESENTATION_CONTEXT() REPRESENTATION_CONTEXT('2D SPACE',''
  ) );
#505 = PCURVE('',#159,#506);
#506 = DEFINITIONAL_REPRESENTATION('',(#507),#511);
#507 = LINE('',#508,#509);
#508 = CARTESIAN_POINT('',(0.,-6.));
#509 = VECTOR('',#510,1.);
#510 = DIRECTION('',(1.,0.));
#511 = ( GEOMETRIC_REPRESENTATION_CONTEXT(2) 
PARAMETRIC_REPRESENTATION_CONTEXT() REPRESENTATION_CONTEXT('2D SPACE',''
  ) );
#512 = ORIENTED_EDGE('',*,*,#171,.T.);
#513 = FACE_BOUND('',#514,.T.);
#514 = EDGE_LOOP('',(#515));
#515 = ORIENTED_EDGE('',*,*,#516,.T.);
#516 = EDGE_CURVE('',#517,#517,#519,.T.);
#517 = VERTEX_POINT('',#518);
#518 = CARTESIAN_POINT('',(-37.7,-40.,6.));
#519 = SURFACE_CURVE('',#520,(#525,#536),.PCURVE_S1.);
#520 = CIRCLE('',#521,2.3);
#521 = AXIS2_PLACEMENT_3D('',#522,#523,#524);
#522 = CARTESIAN_POINT('',(-40.,-40.,6.));
#523 = DIRECTION('',(0.,0.,-1.));
#524 = DIRECTION('',(1.,0.,0.));
#525 = PCURVE('',#72,#526);
#526 = DEFINITIONAL_REPRESENTATION('',(#527),#535);
#527 = ( BOUNDED_CURVE() B_SPLINE_CURVE(2,(#528,#529,#530,#531,#532,#533
,#534),.UNSPECIFIED.,.T.,.F.) B_SPLINE_CURVE_WITH_KNOTS((1,2,2,2,2,1),(
    -2.094395102393,0.,2.094395102393,4.188790204786,6.28318530718,
8.377580409573),.UNSPECIFIED.) CURVE() GEOMETRIC_REPRESENTATION_ITEM() 
RATIONAL_B_SPLINE_CURVE((1.,0.5,1.,0.5,1.,0.5,1.)) REPRESENTATION_ITEM(
  '') );
#528 = CARTESIAN_POINT('',(-37.7,-40.));
#529 = CARTESIAN_POINT('',(-37.7,-43.9837168574));
#530 = CARTESIAN_POINT('',(-41.15,-41.9918584287));
#531 = CARTESIAN_POINT('',(-44.6,-40.));
#532 = CARTESIAN_POINT('',(-41.15,-38.00814157129));
#533 = CARTESIAN_POINT('',(-37.7,-36.01628314259));
#534 = CARTESIAN_POINT('',(-37.7,-40.));
#535 = ( GEOMETRIC_REPRESENTATION_CONTEXT(2) 
PARAMETRIC_REPRESENTATION_CONTEXT() REPRESENTATION_CONTEXT('2D SPACE',''
  ) );
#536 = PCURVE('',#335,#537);
#537 = DEFINITIONAL_REPRESENTATION('',(#538),#542);
#538 = LINE('',#539,#540);
#539 = CARTESIAN_POINT('',(-6.28318530718,-7.));
#540 = VECTOR('',#541,1.);
#541 = DIRECTION('',(1.,-0.));
#542 = ( GEOMETRIC_REPRESENTATION_CONTEXT(2) 
PARAMETRIC_REPRESENTATION_CONTEXT() REPRESENTATION_CONTEXT('2D SPACE',''
  ) );
#543 = FACE_BOUND('',#544,.T.);
#544 = EDGE_LOOP('',(#545));
#545 = ORIENTED_EDGE('',*,*,#546,.T.);
#546 = EDGE_CURVE('',#547,#547,#549,.T.);
#547 = VERTEX_POINT('',#548);
#548 = CARTESIAN_POINT('',(42.3,-40.,6.));
#549 = SURFACE_CURVE('',#550,(#555,#566),.PCURVE_S1.);
#550 = CIRCLE('',#551,2.3);
#551 = AXIS2_PLACEMENT_3D('',#552,#553,#554);
#552 = CARTESIAN_POINT('',(40.,-40.,6.));
#553 = DIRECTION('',(0.,0.,-1.));
#554 = DIRECTION('',(1.,0.,0.));
#555 = PCURVE('',#72,#556);
#556 = DEFINITIONAL_REPRESENTATION('',(#557),#565);
#557 = ( BOUNDED_CURVE() B_SPLINE_CURVE(2,(#558,#559,#560,#561,#562,#563
,#564),.UNSPECIFIED.,.T.,.F.) B_SPLINE_CURVE_WITH_KNOTS((1,2,2,2,2,1),(
    -2.094395102393,0.,2.094395102393,4.188790204786,6.28318530718,
8.377580409573),.UNSPECIFIED.) CURVE() GEOMETRIC_REPRESENTATION_ITEM() 
RATIONAL_B_SPLINE_CURVE((1.,0.5,1.,0.5,1.,0.5,1.)) REPRESENTATION_ITEM(
  '') );
#558 = CARTESIAN_POINT('',(42.3,-40.));
#559 = CARTESIAN_POINT('',(42.3,-43.9837168574));
#560 = CARTESIAN_POINT('',(38.85,-41.9918584287));
#561 = CARTESIAN_POINT('',(35.4,-40.));
#562 = CARTESIAN_POINT('',(38.85,-38.00814157129));
#563 = CARTESIAN_POINT('',(42.3,-36.01628314259));
#564 = CARTESIAN_POINT('',(42.3,-40.));
#565 = ( GEOMETRIC_REPRESENTATION_CONTEXT(2) 
PARAMETRIC_REPRESENTATION_CONTEXT() REPRESENTATION_CONTEXT('2D SPACE',''
  ) );
#566 = PCURVE('',#370,#567);
#567 = DEFINITIONAL_REPRESENTATION('',(#568),#572);
#568 = LINE('',#569,#570);
#569 = CARTESIAN_POINT('',(-6.28318530718,-7.));
#570 = VECTOR('',#571,1.);
#571 = DIRECTION('',(1.,-0.));
#572 = ( GEOMETRIC_REPRESENTATION_CONTEXT(2) 
PARAMETRIC_REPRESENTATION_CONTEXT() REPRESENTATION_CONTEXT('2D SPACE',''
  ) );
#573 = FACE_BOUND('',#574,.T.);
#574 = EDGE_LOOP('',(#575));
#575 = ORIENTED_EDGE('',*,*,#576,.T.);
#576 = EDGE_CURVE('',#577,#577,#579,.T.);
#577 = VERTEX_POINT('',#578);
#578 = CARTESIAN_POINT('',(-37.7,40.,6.));
#579 = SURFACE_CURVE('',#580,(#585,#596),.PCURVE_S1.);
#580 = CIRCLE('',#581,2.3);
#581 = AXIS2_PLACEMENT_3D('',#582,#583,#584);
#582 = CARTESIAN_POINT('',(-40.,40.,6.));
#583 = DIRECTION('',(0.,0.,-1.));
#584 = DIRECTION('',(1.,0.,0.));
#585 = PCURVE('',#72,#586);
#586 = DEFINITIONAL_REPRESENTATION('',(#587),#595);
#587 = ( BOUNDED_CURVE() B_SPLINE_CURVE(2,(#588,#589,#590,#591,#592,#593
,#594),.UNSPECIFIED.,.T.,.F.) B_SPLINE_CURVE_WITH_KNOTS((1,2,2,2,2,1),(
    -2.094395102393,0.,2.094395102393,4.188790204786,6.28318530718,
8.377580409573),.UNSPECIFIED.) CURVE() GEOMETRIC_REPRESENTATION_ITEM() 
RATIONAL_B_SPLINE_CURVE((1.,0.5,1.,0.5,1.,0.5,1.)) REPRESENTATION_ITEM(
  '') );
#588 = CARTESIAN_POINT('',(-37.7,40.));
#589 = CARTESIAN_POINT('',(-37.7,36.016283142592));
#590 = CARTESIAN_POINT('',(-41.15,38.008141571296));
#591 = CARTESIAN_POINT('',(-44.6,40.));
#592 = CARTESIAN_POINT('',(-41.15,41.991858428704));
#593 = CARTESIAN_POINT('',(-37.7,43.983716857408));
#594 = CARTESIAN_POINT('',(-37.7,40.));
#595 = ( GEOMETRIC_REPRESENTATION_CONTEXT(2) 
PARAMETRIC_REPRESENTATION_CONTEXT() REPRESENTATION_CONTEXT('2D SPACE',''
  ) );
#596 = PCURVE('',#405,#597);
#597 = DEFINITIONAL_REPRESENTATION('',(#598),#602);
#598 = LINE('',#599,#600);
#599 = CARTESIAN_POINT('',(-6.28318530718,-7.));
#600 = VECTOR('',#601,1.);
#601 = DIRECTION('',(1.,-0.));
#602 = ( GEOMETRIC_REPRESENTATION_CONTEXT(2) 
PARAMETRIC_REPRESENTATION_CONTEXT() REPRESENTATION_CONTEXT('2D SPACE',''
  ) );
#603 = FACE_BOUND('',#604,.T.);
#604 = EDGE_LOOP('',(#605));
#605 = ORIENTED_EDGE('',*,*,#606,.T.);
#606 = EDGE_CURVE('',#607,#607,#609,.T.);
#607 = VERTEX_POINT('',#608);
#608 = CARTESIAN_POINT('',(42.,0.,6.));
#609 = SURFACE_CURVE('',#610,(#615,#626),.PCURVE_S1.);
#610 = CIRCLE('',#611,42.);
#611 = AXIS2_PLACEMENT_3D('',#612,#613,#614);
#612 = CARTESIAN_POINT('',(0.,0.,6.));
#613 = DIRECTION('',(0.,0.,-1.));
#614 = DIRECTION('',(1.,0.,0.));
#615 = PCURVE('',#72,#616);
#616 = DEFINITIONAL_REPRESENTATION('',(#617),#625);
#617 = ( BOUNDED_CURVE() B_SPLINE_CURVE(2,(#618,#619,#620,#621,#622,#623
,#624),.UNSPECIFIED.,.T.,.F.) B_SPLINE_CURVE_WITH_KNOTS((1,2,2,2,2,1),(
    -2.094395102393,0.,2.094395102393,4.188790204786,6.28318530718,
8.377580409573),.UNSPECIFIED.) CURVE() GEOMETRIC_REPRESENTATION_ITEM() 
RATIONAL_B_SPLINE_CURVE((1.,0.5,1.,0.5,1.,0.5,1.)) REPRESENTATION_ITEM(
  '') );
#618 = CARTESIAN_POINT('',(42.,0.));
#619 = CARTESIAN_POINT('',(42.,-72.74613391789));
#620 = CARTESIAN_POINT('',(-21.,-36.37306695894));
#621 = CARTESIAN_POINT('',(-84.,-1.028703311284E-14));
#622 = CARTESIAN_POINT('',(-21.,36.373066958946));
#623 = CARTESIAN_POINT('',(42.,72.746133917893));
#624 = CARTESIAN_POINT('',(42.,0.));
#625 = ( GEOMETRIC_REPRESENTATION_CONTEXT(2) 
PARAMETRIC_REPRESENTATION_CONTEXT() REPRESENTATION_CONTEXT('2D SPACE',''
  ) );
#626 = PCURVE('',#627,#632);
#627 = CYLINDRICAL_SURFACE('',#628,42.);
#628 = AXIS2_PLACEMENT_3D('',#629,#630,#631);
#629 = CARTESIAN_POINT('',(0.,0.,0.));
#630 = DIRECTION('',(-0.,-0.,-1.));
#631 = DIRECTION('',(1.,0.,0.));
#632 = DEFINITIONAL_REPRESENTATION('',(#633),#637);
#633 = LINE('',#634,#635);
#634 = CARTESIAN_POINT('',(-6.28318530718,-6.));
#635 = VECTOR('',#636,1.);
#636 = DIRECTION('',(1.,-0.));
#637 = ( GEOMETRIC_REPRESENTATION_CONTEXT(2) 
PARAMETRIC_REPRESENTATION_CONTEXT() REPRESENTATION_CONTEXT('2D SPACE',''
  ) );
#638 = FACE_BOUND('',#639,.T.);
#639 = EDGE_LOOP('',(#640));
#640 = ORIENTED_EDGE('',*,*,#641,.T.);
#641 = EDGE_CURVE('',#642,#642,#644,.T.);
#642 = VERTEX_POINT('',#643);
#643 = CARTESIAN_POINT('',(42.3,40.,6.));
#644 = SURFACE_CURVE('',#645,(#650,#661),.PCURVE_S1.);
#645 = CIRCLE('',#646,2.3);
#646 = AXIS2_PLACEMENT_3D('',#647,#648,#649);
#647 = CARTESIAN_POINT('',(40.,40.,6.));
#648 = DIRECTION('',(0.,0.,-1.));
#649 = DIRECTION('',(1.,0.,0.));
#650 = PCURVE('',#72,#651);
#651 = DEFINITIONAL_REPRESENTATION('',(#652),#660);
#652 = ( BOUNDED_CURVE() B_SPLINE_CURVE(2,(#653,#654,#655,#656,#657,#658
,#659),.UNSPECIFIED.,.T.,.F.) B_SPLINE_CURVE_WITH_KNOTS((1,2,2,2,2,1),(
    -2.094395102393,0.,2.094395102393,4.188790204786,6.28318530718,
8.377580409573),.UNSPECIFIED.) CURVE() GEOMETRIC_REPRESENTATION_ITEM() 
RATIONAL_B_SPLINE_CURVE((1.,0.5,1.,0.5,1.,0.5,1.)) REPRESENTATION_ITEM(
  '') );
#653 = CARTESIAN_POINT('',(42.3,40.));
#654 = CARTESIAN_POINT('',(42.3,36.016283142592));
#655 = CARTESIAN_POINT('',(38.85,38.008141571296));
#656 = CARTESIAN_POINT('',(35.4,40.));
#657 = CARTESIAN_POINT('',(38.85,41.991858428704));
#658 = CARTESIAN_POINT('',(42.3,43.983716857408));
#659 = CARTESIAN_POINT('',(42.3,40.));
#660 = ( GEOMETRIC_REPRESENTATION_CONTEXT(2) 
PARAMETRIC_REPRESENTATION_CONTEXT() REPRESENTATION_CONTEXT('2D SPACE',''
  ) );
#661 = PCURVE('',#475,#662);
#662 = DEFINITIONAL_REPRESENTATION('',(#663),#667);
#663 = LINE('',#664,#665);
#664 = CARTESIAN_POINT('',(-6.28318530718,-7.));
#665 = VECTOR('',#666,1.);
#666 = DIRECTION('',(1.,-0.));
#667 = ( GEOMETRIC_REPRESENTATION_CONTEXT(2) 
PARAMETRIC_REPRESENTATION_CONTEXT() REPRESENTATION_CONTEXT('2D SPACE',''
  ) );
#668 = ADVANCED_FACE('',(#669),#159,.F.);
#669 = FACE_BOUND('',#670,.F.);
#670 = EDGE_LOOP('',(#671,#672,#673,#674));
#671 = ORIENTED_EDGE('',*,*,#241,.T.);
#672 = ORIENTED_EDGE('',*,*,#492,.T.);
#673 = ORIENTED_EDGE('',*,*,#141,.F.);
#674 = ORIENTED_EDGE('',*,*,#290,.F.);
#675 = ADVANCED_FACE('',(#676),#335,.F.);
#676 = FACE_BOUND('',#677,.T.);
#677 = EDGE_LOOP('',(#678,#679,#700,#701));
#678 = ORIENTED_EDGE('',*,*,#314,.T.);
#679 = ORIENTED_EDGE('',*,*,#680,.T.);
#680 = EDGE_CURVE('',#315,#517,#681,.T.);
#681 = SEAM_CURVE('',#682,(#686,#693),.PCURVE_S1.);
#682 = LINE('',#683,#684);
#683 = CARTESIAN_POINT('',(-37.7,-40.,-1.));
#684 = VECTOR('',#685,1.);
#685 = DIRECTION('',(0.,0.,1.));
#686 = PCURVE('',#335,#687);
#687 = DEFINITIONAL_REPRESENTATION('',(#688),#692);
#688 = LINE('',#689,#690);
#689 = CARTESIAN_POINT('',(-6.28318530718,0.));
#690 = VECTOR('',#691,1.);
#691 = DIRECTION('',(-0.,-1.));
#692 = ( GEOMETRIC_REPRESENTATION_CONTEXT(2) 
PARAMETRIC_REPRESENTATION_CONTEXT() REPRESENTATION_CONTEXT('2D SPACE',''
  ) );
#693 = PCURVE('',#335,#694);
#694 = DEFINITIONAL_REPRESENTATION('',(#695),#699);
#695 = LINE('',#696,#697);
#696 = CARTESIAN_POINT('',(-0.,0.));
#697 = VECTOR('',#698,1.);
#698 = DIRECTION('',(-0.,-1.));
#699 = ( GEOMETRIC_REPRESENTATION_CONTEXT(2) 
PARAMETRIC_REPRESENTATION_CONTEXT() REPRESENTATION_CONTEXT('2D SPACE',''
  ) );
#700 = ORIENTED_EDGE('',*,*,#516,.F.);
#701 = ORIENTED_EDGE('',*,*,#680,.F.);
#702 = ADVANCED_FACE('',(#703),#370,.F.);
#703 = FACE_BOUND('',#704,.T.);
#704 = EDGE_LOOP('',(#705,#706,#727,#728));
#705 = ORIENTED_EDGE('',*,*,#349,.T.);
#706 = ORIENTED_EDGE('',*,*,#707,.T.);
#707 = EDGE_CURVE('',#350,#547,#708,.T.);
#708 = SEAM_CURVE('',#709,(#713,#720),.PCURVE_S1.);
#709 = LINE('',#710,#711);
#710 = CARTESIAN_POINT('',(42.3,-40.,-1.));
#711 = VECTOR('',#712,1.);
#712 = DIRECTION('',(0.,0.,1.));
#713 = PCURVE('',#370,#714);
#714 = DEFINITIONAL_REPRESENTATION('',(#715),#719);
#715 = LINE('',#716,#717);
#716 = CARTESIAN_POINT('',(-6.28318530718,0.));
#717 = VECTOR('',#718,1.);
#718 = DIRECTION('',(-0.,-1.));
#719 = ( GEOMETRIC_REPRESENTATION_CONTEXT(2) 
PARAMETRIC_REPRESENTATION_CONTEXT() REPRESENTATION_CONTEXT('2D SPACE',''
  ) );
#720 = PCURVE('',#370,#721);
#721 = DEFINITIONAL_REPRESENTATION('',(#722),#726);
#722 = LINE('',#723,#724);
#723 = CARTESIAN_POINT('',(-0.,0.));
#724 = VECTOR('',#725,1.);
#725 = DIRECTION('',(-0.,-1.));
#726 = ( GEOMETRIC_REPRESENTATION_CONTEXT(2) 
PARAMETRIC_REPRESENTATION_CONTEXT() REPRESENTATION_CONTEXT('2D SPACE',''
  ) );
#727 = ORIENTED_EDGE('',*,*,#546,.F.);
#728 = ORIENTED_EDGE('',*,*,#707,.F.);
#729 = ADVANCED_FACE('',(#730),#405,.F.);
#730 = FACE_BOUND('',#731,.T.);
#731 = EDGE_LOOP('',(#732,#733,#754,#755));
#732 = ORIENTED_EDGE('',*,*,#384,.T.);
#733 = ORIENTED_EDGE('',*,*,#734,.T.);
#734 = EDGE_CURVE('',#385,#577,#735,.T.);
#735 = SEAM_CURVE('',#736,(#740,#747),.PCURVE_S1.);
#736 = LINE('',#737,#738);
#737 = CARTESIAN_POINT('',(-37.7,40.,-1.));
#738 = VECTOR('',#739,1.);
#739 = DIRECTION('',(0.,0.,1.));
#740 = PCURVE('',#405,#741);
#741 = DEFINITIONAL_REPRESENTATION('',(#742),#746);
#742 = LINE('',#743,#744);
#743 = CARTESIAN_POINT('',(-6.28318530718,0.));
#744 = VECTOR('',#745,1.);
#745 = DIRECTION('',(-0.,-1.));
#746 = ( GEOMETRIC_REPRESENTATION_CONTEXT(2) 
PARAMETRIC_REPRESENTATION_CONTEXT() REPRESENTATION_CONTEXT('2D SPACE',''
  ) );
#747 = PCURVE('',#405,#748);
#748 = DEFINITIONAL_REPRESENTATION('',(#749),#753);
#749 = LINE('',#750,#751);
#750 = CARTESIAN_POINT('',(-0.,0.));
#751 = VECTOR('',#752,1.);
#752 = DIRECTION('',(-0.,-1.));
#753 = ( GEOMETRIC_REPRESENTATION_CONTEXT(2) 
PARAMETRIC_REPRESENTATION_CONTEXT() REPRESENTATION_CONTEXT('2D SPACE',''
  ) );
#754 = ORIENTED_EDGE('',*,*,#576,.F.);
#755 = ORIENTED_EDGE('',*,*,#734,.F.);
#756 = ADVANCED_FACE('',(#757),#440,.F.);
#757 = FACE_BOUND('',#758,.T.);
#758 = EDGE_LOOP('',(#759,#760,#783,#810));
#759 = ORIENTED_EDGE('',*,*,#419,.T.);
#760 = ORIENTED_EDGE('',*,*,#761,.T.);
#761 = EDGE_CURVE('',#420,#762,#764,.T.);
#762 = VERTEX_POINT('',#763);
#763 = CARTESIAN_POINT('',(30.45,0.,12.));
#764 = SEAM_CURVE('',#765,(#769,#776),.PCURVE_S1.);
#765 = LINE('',#766,#767);
#766 = CARTESIAN_POINT('',(30.45,0.,-1.));
#767 = VECTOR('',#768,1.);
#768 = DIRECTION('',(0.,0.,1.));
#769 = PCURVE('',#440,#770);
#770 = DEFINITIONAL_REPRESENTATION('',(#771),#775);
#771 = LINE('',#772,#773);
#772 = CARTESIAN_POINT('',(-6.28318530718,0.));
#773 = VECTOR('',#774,1.);
#774 = DIRECTION('',(-0.,-1.));
#775 = ( GEOMETRIC_REPRESENTATION_CONTEXT(2) 
PARAMETRIC_REPRESENTATION_CONTEXT() REPRESENTATION_CONTEXT('2D SPACE',''
  ) );
#776 = PCURVE('',#440,#777);
#777 = DEFINITIONAL_REPRESENTATION('',(#778),#782);
#778 = LINE('',#779,#780);
#779 = CARTESIAN_POINT('',(-0.,0.));
#780 = VECTOR('',#781,1.);
#781 = DIRECTION('',(-0.,-1.));
#782 = ( GEOMETRIC_REPRESENTATION_CONTEXT(2) 
PARAMETRIC_REPRESENTATION_CONTEXT() REPRESENTATION_CONTEXT('2D SPACE',''
  ) );
#783 = ORIENTED_EDGE('',*,*,#784,.T.);
#784 = EDGE_CURVE('',#762,#762,#785,.T.);
#785 = SURFACE_CURVE('',#786,(#791,#798),.PCURVE_S1.);
#786 = CIRCLE('',#787,30.45);
#787 = AXIS2_PLACEMENT_3D('',#788,#789,#790);
#788 = CARTESIAN_POINT('',(0.,0.,12.));
#789 = DIRECTION('',(0.,0.,1.));
#790 = DIRECTION('',(1.,0.,0.));
#791 = PCURVE('',#440,#792);
#792 = DEFINITIONAL_REPRESENTATION('',(#793),#797);
#793 = LINE('',#794,#795);
#794 = CARTESIAN_POINT('',(-0.,-13.));
#795 = VECTOR('',#796,1.);
#796 = DIRECTION('',(-1.,0.));
#797 = ( GEOMETRIC_REPRESENTATION_CONTEXT(2) 
PARAMETRIC_REPRESENTATION_CONTEXT() REPRESENTATION_CONTEXT('2D SPACE',''
  ) );
#798 = PCURVE('',#799,#804);
#799 = PLANE('',#800);
#800 = AXIS2_PLACEMENT_3D('',#801,#802,#803);
#801 = CARTESIAN_POINT('',(-7.185235507596E-16,1.631077701904E-15,12.));
#802 = DIRECTION('',(0.,0.,1.));
#803 = DIRECTION('',(1.,0.,-0.));
#804 = DEFINITIONAL_REPRESENTATION('',(#805),#809);
#805 = CIRCLE('',#806,30.45);
#806 = AXIS2_PLACEMENT_2D('',#807,#808);
#807 = CARTESIAN_POINT('',(7.185235507596E-16,-1.631077701904E-15));
#808 = DIRECTION('',(1.,0.));
#809 = ( GEOMETRIC_REPRESENTATION_CONTEXT(2) 
PARAMETRIC_REPRESENTATION_CONTEXT() REPRESENTATION_CONTEXT('2D SPACE',''
  ) );
#810 = ORIENTED_EDGE('',*,*,#761,.F.);
#811 = ADVANCED_FACE('',(#812),#475,.F.);
#812 = FACE_BOUND('',#813,.T.);
#813 = EDGE_LOOP('',(#814,#815,#836,#837));
#814 = ORIENTED_EDGE('',*,*,#454,.T.);
#815 = ORIENTED_EDGE('',*,*,#816,.T.);
#816 = EDGE_CURVE('',#455,#642,#817,.T.);
#817 = SEAM_CURVE('',#818,(#822,#829),.PCURVE_S1.);
#818 = LINE('',#819,#820);
#819 = CARTESIAN_POINT('',(42.3,40.,-1.));
#820 = VECTOR('',#821,1.);
#821 = DIRECTION('',(0.,0.,1.));
#822 = PCURVE('',#475,#823);
#823 = DEFINITIONAL_REPRESENTATION('',(#824),#828);
#824 = LINE('',#825,#826);
#825 = CARTESIAN_POINT('',(-6.28318530718,0.));
#826 = VECTOR('',#827,1.);
#827 = DIRECTION('',(-0.,-1.));
#828 = ( GEOMETRIC_REPRESENTATION_CONTEXT(2) 
PARAMETRIC_REPRESENTATION_CONTEXT() REPRESENTATION_CONTEXT('2D SPACE',''
  ) );
#829 = PCURVE('',#475,#830);
#830 = DEFINITIONAL_REPRESENTATION('',(#831),#835);
#831 = LINE('',#832,#833);
#832 = CARTESIAN_POINT('',(-0.,0.));
#833 = VECTOR('',#834,1.);
#834 = DIRECTION('',(-0.,-1.));
#835 = ( GEOMETRIC_REPRESENTATION_CONTEXT(2) 
PARAMETRIC_REPRESENTATION_CONTEXT() REPRESENTATION_CONTEXT('2D SPACE',''
  ) );
#836 = ORIENTED_EDGE('',*,*,#641,.F.);
#837 = ORIENTED_EDGE('',*,*,#816,.F.);
#838 = ADVANCED_FACE('',(#839),#627,.T.);
#839 = FACE_BOUND('',#840,.F.);
#840 = EDGE_LOOP('',(#841,#842,#865,#892));
#841 = ORIENTED_EDGE('',*,*,#606,.T.);
#842 = ORIENTED_EDGE('',*,*,#843,.T.);
#843 = EDGE_CURVE('',#607,#844,#846,.T.);
#844 = VERTEX_POINT('',#845);
#845 = CARTESIAN_POINT('',(42.,0.,26.));
#846 = SEAM_CURVE('',#847,(#851,#858),.PCURVE_S1.);
#847 = LINE('',#848,#849);
#848 = CARTESIAN_POINT('',(42.,0.,0.));
#849 = VECTOR('',#850,1.);
#850 = DIRECTION('',(0.,0.,1.));
#851 = PCURVE('',#627,#852);
#852 = DEFINITIONAL_REPRESENTATION('',(#853),#857);
#853 = LINE('',#854,#855);
#854 = CARTESIAN_POINT('',(-6.28318530718,0.));
#855 = VECTOR('',#856,1.);
#856 = DIRECTION('',(-0.,-1.));
#857 = ( GEOMETRIC_REPRESENTATION_CONTEXT(2) 
PARAMETRIC_REPRESENTATION_CONTEXT() REPRESENTATION_CONTEXT('2D SPACE',''
  ) );
#858 = PCURVE('',#627,#859);
#859 = DEFINITIONAL_REPRESENTATION('',(#860),#864);
#860 = LINE('',#861,#862);
#861 = CARTESIAN_POINT('',(-0.,0.));
#862 = VECTOR('',#863,1.);
#863 = DIRECTION('',(-0.,-1.));
#864 = ( GEOMETRIC_REPRESENTATION_CONTEXT(2) 
PARAMETRIC_REPRESENTATION_CONTEXT() REPRESENTATION_CONTEXT('2D SPACE',''
  ) );
#865 = ORIENTED_EDGE('',*,*,#866,.T.);
#866 = EDGE_CURVE('',#844,#844,#867,.T.);
#867 = SURFACE_CURVE('',#868,(#873,#880),.PCURVE_S1.);
#868 = CIRCLE('',#869,42.);
#869 = AXIS2_PLACEMENT_3D('',#870,#871,#872);
#870 = CARTESIAN_POINT('',(0.,0.,26.));
#871 = DIRECTION('',(0.,0.,1.));
#872 = DIRECTION('',(1.,0.,0.));
#873 = PCURVE('',#627,#874);
#874 = DEFINITIONAL_REPRESENTATION('',(#875),#879);
#875 = LINE('',#876,#877);
#876 = CARTESIAN_POINT('',(-0.,-26.));
#877 = VECTOR('',#878,1.);
#878 = DIRECTION('',(-1.,0.));
#879 = ( GEOMETRIC_REPRESENTATION_CONTEXT(2) 
PARAMETRIC_REPRESENTATION_CONTEXT() REPRESENTATION_CONTEXT('2D SPACE',''
  ) );
#880 = PCURVE('',#881,#886);
#881 = PLANE('',#882);
#882 = AXIS2_PLACEMENT_3D('',#883,#884,#885);
#883 = CARTESIAN_POINT('',(-2.083718297203E-15,3.692127783966E-16,26.));
#884 = DIRECTION('',(0.,0.,1.));
#885 = DIRECTION('',(1.,0.,-0.));
#886 = DEFINITIONAL_REPRESENTATION('',(#887),#891);
#887 = CIRCLE('',#888,42.);
#888 = AXIS2_PLACEMENT_2D('',#889,#890);
#889 = CARTESIAN_POINT('',(2.083718297203E-15,-3.692127783966E-16));
#890 = DIRECTION('',(1.,0.));
#891 = ( GEOMETRIC_REPRESENTATION_CONTEXT(2) 
PARAMETRIC_REPRESENTATION_CONTEXT() REPRESENTATION_CONTEXT('2D SPACE',''
  ) );
#892 = ORIENTED_EDGE('',*,*,#843,.F.);
#893 = ADVANCED_FACE('',(#894,#897,#1241,#1272),#799,.F.);
#894 = FACE_BOUND('',#895,.F.);
#895 = EDGE_LOOP('',(#896));
#896 = ORIENTED_EDGE('',*,*,#784,.T.);
#897 = FACE_BOUND('',#898,.F.);
#898 = EDGE_LOOP('',(#899,#930,#963,#987,#1016,#1049,#1073,#1106,#1134,
    #1158,#1182,#1215));
#899 = ORIENTED_EDGE('',*,*,#900,.F.);
#900 = EDGE_CURVE('',#901,#903,#905,.T.);
#901 = VERTEX_POINT('',#902);
#902 = CARTESIAN_POINT('',(-2.902935821281,-23.9612709013,12.));
#903 = VERTEX_POINT('',#904);
#904 = CARTESIAN_POINT('',(2.902935821281,-23.9612709013,12.));
#905 = SURFACE_CURVE('',#906,(#911,#918),.PCURVE_S1.);
#906 = CIRCLE('',#907,3.395454545455);
#907 = AXIS2_PLACEMENT_3D('',#908,#909,#910);
#908 = CARTESIAN_POINT('',(0.,-22.2,12.));
#909 = DIRECTION('',(0.,0.,1.));
#910 = DIRECTION('',(1.,0.,-0.));
#911 = PCURVE('',#799,#912);
#912 = DEFINITIONAL_REPRESENTATION('',(#913),#917);
#913 = CIRCLE('',#914,3.395454545455);
#914 = AXIS2_PLACEMENT_2D('',#915,#916);
#915 = CARTESIAN_POINT('',(7.185235507596E-16,-22.2));
#916 = DIRECTION('',(1.,0.));
#917 = ( GEOMETRIC_REPRESENTATION_CONTEXT(2) 
PARAMETRIC_REPRESENTATION_CONTEXT() REPRESENTATION_CONTEXT('2D SPACE',''
  ) );
#918 = PCURVE('',#919,#924);
#919 = CONICAL_SURFACE('',#920,3.5,0.807616728724);
#920 = AXIS2_PLACEMENT_3D('',#921,#922,#923);
#921 = CARTESIAN_POINT('',(0.,-22.2,11.9));
#922 = DIRECTION('',(-0.,-0.,-1.));
#923 = DIRECTION('',(1.,0.,0.));
#924 = DEFINITIONAL_REPRESENTATION('',(#925),#929);
#925 = LINE('',#926,#927);
#926 = CARTESIAN_POINT('',(-0.,-1.E-01));
#927 = VECTOR('',#928,1.);
#928 = DIRECTION('',(-1.,-0.));
#929 = ( GEOMETRIC_REPRESENTATION_CONTEXT(2) 
PARAMETRIC_REPRESENTATION_CONTEXT() REPRESENTATION_CONTEXT('2D SPACE',''
  ) );
#930 = ORIENTED_EDGE('',*,*,#931,.T.);
#931 = EDGE_CURVE('',#901,#932,#934,.T.);
#932 = VERTEX_POINT('',#933);
#933 = CARTESIAN_POINT('',(-2.902935821281,-20.43872909869,12.));
#934 = SURFACE_CURVE('',#935,(#940,#951),.PCURVE_S1.);
#935 = CIRCLE('',#936,2.075);
#936 = AXIS2_PLACEMENT_3D('',#937,#938,#939);
#937 = CARTESIAN_POINT('',(-4.,-22.2,12.));
#938 = DIRECTION('',(0.,0.,-1.));
#939 = DIRECTION('',(1.,0.,0.));
#940 = PCURVE('',#799,#941);
#941 = DEFINITIONAL_REPRESENTATION('',(#942),#950);
#942 = ( BOUNDED_CURVE() B_SPLINE_CURVE(2,(#943,#944,#945,#946,#947,#948
,#949),.UNSPECIFIED.,.T.,.F.) B_SPLINE_CURVE_WITH_KNOTS((1,2,2,2,2,1),(
    -2.094395102393,0.,2.094395102393,4.188790204786,6.28318530718,
8.377580409573),.UNSPECIFIED.) CURVE() GEOMETRIC_REPRESENTATION_ITEM() 
RATIONAL_B_SPLINE_CURVE((1.,0.5,1.,0.5,1.,0.5,1.)) REPRESENTATION_ITEM(
  '') );
#943 = CARTESIAN_POINT('',(-1.925,-22.2));
#944 = CARTESIAN_POINT('',(-1.925,-25.7940054257));
#945 = CARTESIAN_POINT('',(-5.0375,-23.99700271285));
#946 = CARTESIAN_POINT('',(-8.15,-22.2));
#947 = CARTESIAN_POINT('',(-5.0375,-20.40299728714));
#948 = CARTESIAN_POINT('',(-1.925,-18.60599457429));
#949 = CARTESIAN_POINT('',(-1.925,-22.2));
#950 = ( GEOMETRIC_REPRESENTATION_CONTEXT(2) 
PARAMETRIC_REPRESENTATION_CONTEXT() REPRESENTATION_CONTEXT('2D SPACE',''
  ) );
#951 = PCURVE('',#952,#957);
#952 = CYLINDRICAL_SURFACE('',#953,2.075);
#953 = AXIS2_PLACEMENT_3D('',#954,#955,#956);
#954 = CARTESIAN_POINT('',(-4.,-22.2,11.));
#955 = DIRECTION('',(-0.,-0.,-1.));
#956 = DIRECTION('',(1.,0.,0.));
#957 = DEFINITIONAL_REPRESENTATION('',(#958),#962);
#958 = LINE('',#959,#960);
#959 = CARTESIAN_POINT('',(-6.28318530718,-1.));
#960 = VECTOR('',#961,1.);
#961 = DIRECTION('',(1.,-0.));
#962 = ( GEOMETRIC_REPRESENTATION_CONTEXT(2) 
PARAMETRIC_REPRESENTATION_CONTEXT() REPRESENTATION_CONTEXT('2D SPACE',''
  ) );
#963 = ORIENTED_EDGE('',*,*,#964,.F.);
#964 = EDGE_CURVE('',#965,#932,#967,.T.);
#965 = VERTEX_POINT('',#966);
#966 = CARTESIAN_POINT('',(-2.58633168218,-20.,12.));
#967 = SURFACE_CURVE('',#968,(#973,#980),.PCURVE_S1.);
#968 = CIRCLE('',#969,3.395454545455);
#969 = AXIS2_PLACEMENT_3D('',#970,#971,#972);
#970 = CARTESIAN_POINT('',(0.,-22.2,12.));
#971 = DIRECTION('',(0.,0.,1.));
#972 = DIRECTION('',(1.,0.,-0.));
#973 = PCURVE('',#799,#974);
#974 = DEFINITIONAL_REPRESENTATION('',(#975),#979);
#975 = CIRCLE('',#976,3.395454545455);
#976 = AXIS2_PLACEMENT_2D('',#977,#978);
#977 = CARTESIAN_POINT('',(7.185235507596E-16,-22.2));
#978 = DIRECTION('',(1.,0.));
#979 = ( GEOMETRIC_REPRESENTATION_CONTEXT(2) 
PARAMETRIC_REPRESENTATION_CONTEXT() REPRESENTATION_CONTEXT('2D SPACE',''
  ) );
#980 = PCURVE('',#919,#981);
#981 = DEFINITIONAL_REPRESENTATION('',(#982),#986);
#982 = LINE('',#983,#984);
#983 = CARTESIAN_POINT('',(-0.,-1.E-01));
#984 = VECTOR('',#985,1.);
#985 = DIRECTION('',(-1.,-0.));
#986 = ( GEOMETRIC_REPRESENTATION_CONTEXT(2) 
PARAMETRIC_REPRESENTATION_CONTEXT() REPRESENTATION_CONTEXT('2D SPACE',''
  ) );
#987 = ORIENTED_EDGE('',*,*,#988,.F.);
#988 = EDGE_CURVE('',#989,#965,#991,.T.);
#989 = VERTEX_POINT('',#990);
#990 = CARTESIAN_POINT('',(-2.902935821281,-19.5612709013,12.));
#991 = SURFACE_CURVE('',#992,(#997,#1004),.PCURVE_S1.);
#992 = CIRCLE('',#993,3.395454545455);
#993 = AXIS2_PLACEMENT_3D('',#994,#995,#996);
#994 = CARTESIAN_POINT('',(0.,-17.8,12.));
#995 = DIRECTION('',(0.,0.,1.));
#996 = DIRECTION('',(1.,0.,-0.));
#997 = PCURVE('',#799,#998);
#998 = DEFINITIONAL_REPRESENTATION('',(#999),#1003);
#999 = CIRCLE('',#1000,3.395454545455);
#1000 = AXIS2_PLACEMENT_2D('',#1001,#1002);
#1001 = CARTESIAN_POINT('',(7.185235507596E-16,-17.8));
#1002 = DIRECTION('',(1.,0.));
#1003 = ( GEOMETRIC_REPRESENTATION_CONTEXT(2) 
PARAMETRIC_REPRESENTATION_CONTEXT() REPRESENTATION_CONTEXT('2D SPACE',''
  ) );
#1004 = PCURVE('',#1005,#1010);
#1005 = CONICAL_SURFACE('',#1006,3.5,0.807616728724);
#1006 = AXIS2_PLACEMENT_3D('',#1007,#1008,#1009);
#1007 = CARTESIAN_POINT('',(0.,-17.8,11.9));
#1008 = DIRECTION('',(-0.,-0.,-1.));
#1009 = DIRECTION('',(1.,0.,0.));
#1010 = DEFINITIONAL_REPRESENTATION('',(#1011),#1015);
#1011 = LINE('',#1012,#1013);
#1012 = CARTESIAN_POINT('',(-0.,-1.E-01));
#1013 = VECTOR('',#1014,1.);
#1014 = DIRECTION('',(-1.,-0.));
#1015 = ( GEOMETRIC_REPRESENTATION_CONTEXT(2) 
PARAMETRIC_REPRESENTATION_CONTEXT() REPRESENTATION_CONTEXT('2D SPACE',''
  ) );
#1016 = ORIENTED_EDGE('',*,*,#1017,.T.);
#1017 = EDGE_CURVE('',#989,#1018,#1020,.T.);
#1018 = VERTEX_POINT('',#1019);
#1019 = CARTESIAN_POINT('',(-2.902935821281,-16.03872909869,12.));
#1020 = SURFACE_CURVE('',#1021,(#1026,#1037),.PCURVE_S1.);
#1021 = CIRCLE('',#1022,2.075);
#1022 = AXIS2_PLACEMENT_3D('',#1023,#1024,#1025);
#1023 = CARTESIAN_POINT('',(-4.,-17.8,12.));
#1024 = DIRECTION('',(0.,0.,-1.));
#1025 = DIRECTION('',(1.,0.,0.));
#1026 = PCURVE('',#799,#1027);
#1027 = DEFINITIONAL_REPRESENTATION('',(#1028),#1036);
#1028 = ( BOUNDED_CURVE() B_SPLINE_CURVE(2,(#1029,#1030,#1031,#1032,
#1033,#1034,#1035),.UNSPECIFIED.,.T.,.F.) B_SPLINE_CURVE_WITH_KNOTS((1,2
    ,2,2,2,1),(-2.094395102393,0.,2.094395102393,4.188790204786,
6.28318530718,8.377580409573),.UNSPECIFIED.) CURVE() 
GEOMETRIC_REPRESENTATION_ITEM() RATIONAL_B_SPLINE_CURVE((1.,0.5,1.,0.5,
1.,0.5,1.)) REPRESENTATION_ITEM('') );
#1029 = CARTESIAN_POINT('',(-1.925,-17.8));
#1030 = CARTESIAN_POINT('',(-1.925,-21.3940054257));
#1031 = CARTESIAN_POINT('',(-5.0375,-19.59700271285));
#1032 = CARTESIAN_POINT('',(-8.15,-17.8));
#1033 = CARTESIAN_POINT('',(-5.0375,-16.00299728714));
#1034 = CARTESIAN_POINT('',(-1.925,-14.20599457429));
#1035 = CARTESIAN_POINT('',(-1.925,-17.8));
#1036 = ( GEOMETRIC_REPRESENTATION_CONTEXT(2) 
PARAMETRIC_REPRESENTATION_CONTEXT() REPRESENTATION_CONTEXT('2D SPACE',''
  ) );
#1037 = PCURVE('',#1038,#1043);
#1038 = CYLINDRICAL_SURFACE('',#1039,2.075);
#1039 = AXIS2_PLACEMENT_3D('',#1040,#1041,#1042);
#1040 = CARTESIAN_POINT('',(-4.,-17.8,11.));
#1041 = DIRECTION('',(-0.,-0.,-1.));
#1042 = DIRECTION('',(1.,0.,0.));
#1043 = DEFINITIONAL_REPRESENTATION('',(#1044),#1048);
#1044 = LINE('',#1045,#1046);
#1045 = CARTESIAN_POINT('',(-6.28318530718,-1.));
#1046 = VECTOR('',#1047,1.);
#1047 = DIRECTION('',(1.,-0.));
#1048 = ( GEOMETRIC_REPRESENTATION_CONTEXT(2) 
PARAMETRIC_REPRESENTATION_CONTEXT() REPRESENTATION_CONTEXT('2D SPACE',''
  ) );
#1049 = ORIENTED_EDGE('',*,*,#1050,.F.);
#1050 = EDGE_CURVE('',#1051,#1018,#1053,.T.);
#1051 = VERTEX_POINT('',#1052);
#1052 = CARTESIAN_POINT('',(2.902935821281,-16.03872909869,12.));
#1053 = SURFACE_CURVE('',#1054,(#1059,#1066),.PCURVE_S1.);
#1054 = CIRCLE('',#1055,3.395454545455);
#1055 = AXIS2_PLACEMENT_3D('',#1056,#1057,#1058);
#1056 = CARTESIAN_POINT('',(0.,-17.8,12.));
#1057 = DIRECTION('',(0.,0.,1.));
#1058 = DIRECTION('',(1.,0.,-0.));
#1059 = PCURVE('',#799,#1060);
#1060 = DEFINITIONAL_REPRESENTATION('',(#1061),#1065);
#1061 = CIRCLE('',#1062,3.395454545455);
#1062 = AXIS2_PLACEMENT_2D('',#1063,#1064);
#1063 = CARTESIAN_POINT('',(7.185235507596E-16,-17.8));
#1064 = DIRECTION('',(1.,0.));
#1065 = ( GEOMETRIC_REPRESENTATION_CONTEXT(2) 
PARAMETRIC_REPRESENTATION_CONTEXT() REPRESENTATION_CONTEXT('2D SPACE',''
  ) );
#1066 = PCURVE('',#1005,#1067);
#1067 = DEFINITIONAL_REPRESENTATION('',(#1068),#1072);
#1068 = LINE('',#1069,#1070);
#1069 = CARTESIAN_POINT('',(-0.,-1.E-01));
#1070 = VECTOR('',#1071,1.);
#1071 = DIRECTION('',(-1.,-0.));
#1072 = ( GEOMETRIC_REPRESENTATION_CONTEXT(2) 
PARAMETRIC_REPRESENTATION_CONTEXT() REPRESENTATION_CONTEXT('2D SPACE',''
  ) );
#1073 = ORIENTED_EDGE('',*,*,#1074,.T.);
#1074 = EDGE_CURVE('',#1051,#1075,#1077,.T.);
#1075 = VERTEX_POINT('',#1076);
#1076 = CARTESIAN_POINT('',(6.075,-17.8,12.));
#1077 = SURFACE_CURVE('',#1078,(#1083,#1094),.PCURVE_S1.);
#1078 = CIRCLE('',#1079,2.075);
#1079 = AXIS2_PLACEMENT_3D('',#1080,#1081,#1082);
#1080 = CARTESIAN_POINT('',(4.,-17.8,12.));
#1081 = DIRECTION('',(0.,0.,-1.));
#1082 = DIRECTION('',(1.,0.,0.));
#1083 = PCURVE('',#799,#1084);
#1084 = DEFINITIONAL_REPRESENTATION('',(#1085),#1093);
#1085 = ( BOUNDED_CURVE() B_SPLINE_CURVE(2,(#1086,#1087,#1088,#1089,
#1090,#1091,#1092),.UNSPECIFIED.,.T.,.F.) B_SPLINE_CURVE_WITH_KNOTS((1,2
    ,2,2,2,1),(-2.094395102393,0.,2.094395102393,4.188790204786,
6.28318530718,8.377580409573),.UNSPECIFIED.) CURVE() 
GEOMETRIC_REPRESENTATION_ITEM() RATIONAL_B_SPLINE_CURVE((1.,0.5,1.,0.5,
1.,0.5,1.)) REPRESENTATION_ITEM('') );
#1086 = CARTESIAN_POINT('',(6.075,-17.8));
#1087 = CARTESIAN_POINT('',(6.075,-21.3940054257));
#1088 = CARTESIAN_POINT('',(2.9625,-19.59700271285));
#1089 = CARTESIAN_POINT('',(-0.15,-17.8));
#1090 = CARTESIAN_POINT('',(2.9625,-16.00299728714));
#1091 = CARTESIAN_POINT('',(6.075,-14.20599457429));
#1092 = CARTESIAN_POINT('',(6.075,-17.8));
#1093 = ( GEOMETRIC_REPRESENTATION_CONTEXT(2) 
PARAMETRIC_REPRESENTATION_CONTEXT() REPRESENTATION_CONTEXT('2D SPACE',''
  ) );
#1094 = PCURVE('',#1095,#1100);
#1095 = CYLINDRICAL_SURFACE('',#1096,2.075);
#1096 = AXIS2_PLACEMENT_3D('',#1097,#1098,#1099);
#1097 = CARTESIAN_POINT('',(4.,-17.8,11.));
#1098 = DIRECTION('',(-0.,-0.,-1.));
#1099 = DIRECTION('',(1.,0.,0.));
#1100 = DEFINITIONAL_REPRESENTATION('',(#1101),#1105);
#1101 = LINE('',#1102,#1103);
#1102 = CARTESIAN_POINT('',(-6.28318530718,-1.));
#1103 = VECTOR('',#1104,1.);
#1104 = DIRECTION('',(1.,-0.));
#1105 = ( GEOMETRIC_REPRESENTATION_CONTEXT(2) 
PARAMETRIC_REPRESENTATION_CONTEXT() REPRESENTATION_CONTEXT('2D SPACE',''
  ) );
#1106 = ORIENTED_EDGE('',*,*,#1107,.T.);
#1107 = EDGE_CURVE('',#1075,#1108,#1110,.T.);
#1108 = VERTEX_POINT('',#1109);
#1109 = CARTESIAN_POINT('',(2.902935821281,-19.5612709013,12.));
#1110 = SURFACE_CURVE('',#1111,(#1116,#1127),.PCURVE_S1.);
#1111 = CIRCLE('',#1112,2.075);
#1112 = AXIS2_PLACEMENT_3D('',#1113,#1114,#1115);
#1113 = CARTESIAN_POINT('',(4.,-17.8,12.));
#1114 = DIRECTION('',(0.,0.,-1.));
#1115 = DIRECTION('',(1.,0.,0.));
#1116 = PCURVE('',#799,#1117);
#1117 = DEFINITIONAL_REPRESENTATION('',(#1118),#1126);
#1118 = ( BOUNDED_CURVE() B_SPLINE_CURVE(2,(#1119,#1120,#1121,#1122,
#1123,#1124,#1125),.UNSPECIFIED.,.T.,.F.) B_SPLINE_CURVE_WITH_KNOTS((1,2
    ,2,2,2,1),(-2.094395102393,0.,2.094395102393,4.188790204786,
6.28318530718,8.377580409573),.UNSPECIFIED.) CURVE() 
GEOMETRIC_REPRESENTATION_ITEM() RATIONAL_B_SPLINE_CURVE((1.,0.5,1.,0.5,
1.,0.5,1.)) REPRESENTATION_ITEM('') );
#1119 = CARTESIAN_POINT('',(6.075,-17.8));
#1120 = CARTESIAN_POINT('',(6.075,-21.3940054257));
#1121 = CARTESIAN_POINT('',(2.9625,-19.59700271285));
#1122 = CARTESIAN_POINT('',(-0.15,-17.8));
#1123 = CARTESIAN_POINT('',(2.9625,-16.00299728714));
#1124 = CARTESIAN_POINT('',(6.075,-14.20599457429));
#1125 = CARTESIAN_POINT('',(6.075,-17.8));
#1126 = ( GEOMETRIC_REPRESENTATION_CONTEXT(2) 
PARAMETRIC_REPRESENTATION_CONTEXT() REPRESENTATION_CONTEXT('2D SPACE',''
  ) );
#1127 = PCURVE('',#1095,#1128);
#1128 = DEFINITIONAL_REPRESENTATION('',(#1129),#1133);
#1129 = LINE('',#1130,#1131);
#1130 = CARTESIAN_POINT('',(-6.28318530718,-1.));
#1131 = VECTOR('',#1132,1.);
#1132 = DIRECTION('',(1.,-0.));
#1133 = ( GEOMETRIC_REPRESENTATION_CONTEXT(2) 
PARAMETRIC_REPRESENTATION_CONTEXT() REPRESENTATION_CONTEXT('2D SPACE',''
  ) );
#1134 = ORIENTED_EDGE('',*,*,#1135,.F.);
#1135 = EDGE_CURVE('',#1136,#1108,#1138,.T.);
#1136 = VERTEX_POINT('',#1137);
#1137 = CARTESIAN_POINT('',(2.58633168218,-20.,12.));
#1138 = SURFACE_CURVE('',#1139,(#1144,#1151),.PCURVE_S1.);
#1139 = CIRCLE('',#1140,3.395454545455);
#1140 = AXIS2_PLACEMENT_3D('',#1141,#1142,#1143);
#1141 = CARTESIAN_POINT('',(0.,-17.8,12.));
#1142 = DIRECTION('',(0.,0.,1.));
#1143 = DIRECTION('',(1.,0.,-0.));
#1144 = PCURVE('',#799,#1145);
#1145 = DEFINITIONAL_REPRESENTATION('',(#1146),#1150);
#1146 = CIRCLE('',#1147,3.395454545455);
#1147 = AXIS2_PLACEMENT_2D('',#1148,#1149);
#1148 = CARTESIAN_POINT('',(7.185235507596E-16,-17.8));
#1149 = DIRECTION('',(1.,0.));
#1150 = ( GEOMETRIC_REPRESENTATION_CONTEXT(2) 
PARAMETRIC_REPRESENTATION_CONTEXT() REPRESENTATION_CONTEXT('2D SPACE',''
  ) );
#1151 = PCURVE('',#1005,#1152);
#1152 = DEFINITIONAL_REPRESENTATION('',(#1153),#1157);
#1153 = LINE('',#1154,#1155);
#1154 = CARTESIAN_POINT('',(-0.,-1.E-01));
#1155 = VECTOR('',#1156,1.);
#1156 = DIRECTION('',(-1.,-0.));
#1157 = ( GEOMETRIC_REPRESENTATION_CONTEXT(2) 
PARAMETRIC_REPRESENTATION_CONTEXT() REPRESENTATION_CONTEXT('2D SPACE',''
  ) );
#1158 = ORIENTED_EDGE('',*,*,#1159,.F.);
#1159 = EDGE_CURVE('',#1160,#1136,#1162,.T.);
#1160 = VERTEX_POINT('',#1161);
#1161 = CARTESIAN_POINT('',(2.902935821281,-20.43872909869,12.));
#1162 = SURFACE_CURVE('',#1163,(#1168,#1175),.PCURVE_S1.);
#1163 = CIRCLE('',#1164,3.395454545455);
#1164 = AXIS2_PLACEMENT_3D('',#1165,#1166,#1167);
#1165 = CARTESIAN_POINT('',(0.,-22.2,12.));
#1166 = DIRECTION('',(0.,0.,1.));
#1167 = DIRECTION('',(1.,0.,-0.));
#1168 = PCURVE('',#799,#1169);
#1169 = DEFINITIONAL_REPRESENTATION('',(#1170),#1174);
#1170 = CIRCLE('',#1171,3.395454545455);
#1171 = AXIS2_PLACEMENT_2D('',#1172,#1173);
#1172 = CARTESIAN_POINT('',(7.185235507596E-16,-22.2));
#1173 = DIRECTION('',(1.,0.));
#1174 = ( GEOMETRIC_REPRESENTATION_CONTEXT(2) 
PARAMETRIC_REPRESENTATION_CONTEXT() REPRESENTATION_CONTEXT('2D SPACE',''
  ) );
#1175 = PCURVE('',#919,#1176);
#1176 = DEFINITIONAL_REPRESENTATION('',(#1177),#1181);
#1177 = LINE('',#1178,#1179);
#1178 = CARTESIAN_POINT('',(-0.,-1.E-01));
#1179 = VECTOR('',#1180,1.);
#1180 = DIRECTION('',(-1.,-0.));
#1181 = ( GEOMETRIC_REPRESENTATION_CONTEXT(2) 
PARAMETRIC_REPRESENTATION_CONTEXT() REPRESENTATION_CONTEXT('2D SPACE',''
  ) );
#1182 = ORIENTED_EDGE('',*,*,#1183,.T.);
#1183 = EDGE_CURVE('',#1160,#1184,#1186,.T.);
#1184 = VERTEX_POINT('',#1185);
#1185 = CARTESIAN_POINT('',(6.075,-22.2,12.));
#1186 = SURFACE_CURVE('',#1187,(#1192,#1203),.PCURVE_S1.);
#1187 = CIRCLE('',#1188,2.075);
#1188 = AXIS2_PLACEMENT_3D('',#1189,#1190,#1191);
#1189 = CARTESIAN_POINT('',(4.,-22.2,12.));
#1190 = DIRECTION('',(0.,0.,-1.));
#1191 = DIRECTION('',(1.,0.,0.));
#1192 = PCURVE('',#799,#1193);
#1193 = DEFINITIONAL_REPRESENTATION('',(#1194),#1202);
#1194 = ( BOUNDED_CURVE() B_SPLINE_CURVE(2,(#1195,#1196,#1197,#1198,
#1199,#1200,#1201),.UNSPECIFIED.,.T.,.F.) B_SPLINE_CURVE_WITH_KNOTS((1,2
    ,2,2,2,1),(-2.094395102393,0.,2.094395102393,4.188790204786,
6.28318530718,8.377580409573),.UNSPECIFIED.) CURVE() 
GEOMETRIC_REPRESENTATION_ITEM() RATIONAL_B_SPLINE_CURVE((1.,0.5,1.,0.5,
1.,0.5,1.)) REPRESENTATION_ITEM('') );
#1195 = CARTESIAN_POINT('',(6.075,-22.2));
#1196 = CARTESIAN_POINT('',(6.075,-25.7940054257));
#1197 = CARTESIAN_POINT('',(2.9625,-23.99700271285));
#1198 = CARTESIAN_POINT('',(-0.15,-22.2));
#1199 = CARTESIAN_POINT('',(2.9625,-20.40299728714));
#1200 = CARTESIAN_POINT('',(6.075,-18.60599457429));
#1201 = CARTESIAN_POINT('',(6.075,-22.2));
#1202 = ( GEOMETRIC_REPRESENTATION_CONTEXT(2) 
PARAMETRIC_REPRESENTATION_CONTEXT() REPRESENTATION_CONTEXT('2D SPACE',''
  ) );
#1203 = PCURVE('',#1204,#1209);
#1204 = CYLINDRICAL_SURFACE('',#1205,2.075);
#1205 = AXIS2_PLACEMENT_3D('',#1206,#1207,#1208);
#1206 = CARTESIAN_POINT('',(4.,-22.2,11.));
#1207 = DIRECTION('',(-0.,-0.,-1.));
#1208 = DIRECTION('',(1.,0.,0.));
#1209 = DEFINITIONAL_REPRESENTATION('',(#1210),#1214);
#1210 = LINE('',#1211,#1212);
#1211 = CARTESIAN_POINT('',(-6.28318530718,-1.));
#1212 = VECTOR('',#1213,1.);
#1213 = DIRECTION('',(1.,-0.));
#1214 = ( GEOMETRIC_REPRESENTATION_CONTEXT(2) 
PARAMETRIC_REPRESENTATION_CONTEXT() REPRESENTATION_CONTEXT('2D SPACE',''
  ) );
#1215 = ORIENTED_EDGE('',*,*,#1216,.T.);
#1216 = EDGE_CURVE('',#1184,#903,#1217,.T.);
#1217 = SURFACE_CURVE('',#1218,(#1223,#1234),.PCURVE_S1.);
#1218 = CIRCLE('',#1219,2.075);
#1219 = AXIS2_PLACEMENT_3D('',#1220,#1221,#1222);
#1220 = CARTESIAN_POINT('',(4.,-22.2,12.));
#1221 = DIRECTION('',(0.,0.,-1.));
#1222 = DIRECTION('',(1.,0.,0.));
#1223 = PCURVE('',#799,#1224);
#1224 = DEFINITIONAL_REPRESENTATION('',(#1225),#1233);
#1225 = ( BOUNDED_CURVE() B_SPLINE_CURVE(2,(#1226,#1227,#1228,#1229,
#1230,#1231,#1232),.UNSPECIFIED.,.T.,.F.) B_SPLINE_CURVE_WITH_KNOTS((1,2
    ,2,2,2,1),(-2.094395102393,0.,2.094395102393,4.188790204786,
6.28318530718,8.377580409573),.UNSPECIFIED.) CURVE() 
GEOMETRIC_REPRESENTATION_ITEM() RATIONAL_B_SPLINE_CURVE((1.,0.5,1.,0.5,
1.,0.5,1.)) REPRESENTATION_ITEM('') );
#1226 = CARTESIAN_POINT('',(6.075,-22.2));
#1227 = CARTESIAN_POINT('',(6.075,-25.7940054257));
#1228 = CARTESIAN_POINT('',(2.9625,-23.99700271285));
#1229 = CARTESIAN_POINT('',(-0.15,-22.2));
#1230 = CARTESIAN_POINT('',(2.9625,-20.40299728714));
#1231 = CARTESIAN_POINT('',(6.075,-18.60599457429));
#1232 = CARTESIAN_POINT('',(6.075,-22.2));
#1233 = ( GEOMETRIC_REPRESENTATION_CONTEXT(2) 
PARAMETRIC_REPRESENTATION_CONTEXT() REPRESENTATION_CONTEXT('2D SPACE',''
  ) );
#1234 = PCURVE('',#1204,#1235);
#1235 = DEFINITIONAL_REPRESENTATION('',(#1236),#1240);
#1236 = LINE('',#1237,#1238);
#1237 = CARTESIAN_POINT('',(-6.28318530718,-1.));
#1238 = VECTOR('',#1239,1.);
#1239 = DIRECTION('',(1.,-0.));
#1240 = ( GEOMETRIC_REPRESENTATION_CONTEXT(2) 
PARAMETRIC_REPRESENTATION_CONTEXT() REPRESENTATION_CONTEXT('2D SPACE',''
  ) );
#1241 = FACE_BOUND('',#1242,.F.);
#1242 = EDGE_LOOP('',(#1243));
#1243 = ORIENTED_EDGE('',*,*,#1244,.F.);
#1244 = EDGE_CURVE('',#1245,#1245,#1247,.T.);
#1245 = VERTEX_POINT('',#1246);
#1246 = CARTESIAN_POINT('',(-1.604545454545,22.,12.));
#1247 = SURFACE_CURVE('',#1248,(#1253,#1260),.PCURVE_S1.);
#1248 = CIRCLE('',#1249,3.395454545455);
#1249 = AXIS2_PLACEMENT_3D('',#1250,#1251,#1252);
#1250 = CARTESIAN_POINT('',(-5.,22.,12.));
#1251 = DIRECTION('',(0.,0.,1.));
#1252 = DIRECTION('',(1.,0.,-0.));
#1253 = PCURVE('',#799,#1254);
#1254 = DEFINITIONAL_REPRESENTATION('',(#1255),#1259);
#1255 = CIRCLE('',#1256,3.395454545455);
#1256 = AXIS2_PLACEMENT_2D('',#1257,#1258);
#1257 = CARTESIAN_POINT('',(-5.,22.));
#1258 = DIRECTION('',(1.,0.));
#1259 = ( GEOMETRIC_REPRESENTATION_CONTEXT(2) 
PARAMETRIC_REPRESENTATION_CONTEXT() REPRESENTATION_CONTEXT('2D SPACE',''
  ) );
#1260 = PCURVE('',#1261,#1266);
#1261 = CONICAL_SURFACE('',#1262,3.5,0.807616728724);
#1262 = AXIS2_PLACEMENT_3D('',#1263,#1264,#1265);
#1263 = CARTESIAN_POINT('',(-5.,22.,11.9));
#1264 = DIRECTION('',(-0.,-0.,-1.));
#1265 = DIRECTION('',(1.,0.,0.));
#1266 = DEFINITIONAL_REPRESENTATION('',(#1267),#1271);
#1267 = LINE('',#1268,#1269);
#1268 = CARTESIAN_POINT('',(-0.,-1.E-01));
#1269 = VECTOR('',#1270,1.);
#1270 = DIRECTION('',(-1.,-0.));
#1271 = ( GEOMETRIC_REPRESENTATION_CONTEXT(2) 
PARAMETRIC_REPRESENTATION_CONTEXT() REPRESENTATION_CONTEXT('2D SPACE',''
  ) );
#1272 = FACE_BOUND('',#1273,.F.);
#1273 = EDGE_LOOP('',(#1274));
#1274 = ORIENTED_EDGE('',*,*,#1275,.F.);
#1275 = EDGE_CURVE('',#1276,#1276,#1278,.T.);
#1276 = VERTEX_POINT('',#1277);
#1277 = CARTESIAN_POINT('',(8.395454545455,22.,12.));
#1278 = SURFACE_CURVE('',#1279,(#1284,#1291),.PCURVE_S1.);
#1279 = CIRCLE('',#1280,3.395454545455);
#1280 = AXIS2_PLACEMENT_3D('',#1281,#1282,#1283);
#1281 = CARTESIAN_POINT('',(5.,22.,12.));
#1282 = DIRECTION('',(0.,0.,1.));
#1283 = DIRECTION('',(1.,0.,-0.));
#1284 = PCURVE('',#799,#1285);
#1285 = DEFINITIONAL_REPRESENTATION('',(#1286),#1290);
#1286 = CIRCLE('',#1287,3.395454545455);
#1287 = AXIS2_PLACEMENT_2D('',#1288,#1289);
#1288 = CARTESIAN_POINT('',(5.,22.));
#1289 = DIRECTION('',(1.,0.));
#1290 = ( GEOMETRIC_REPRESENTATION_CONTEXT(2) 
PARAMETRIC_REPRESENTATION_CONTEXT() REPRESENTATION_CONTEXT('2D SPACE',''
  ) );
#1291 = PCURVE('',#1292,#1297);
#1292 = CONICAL_SURFACE('',#1293,3.5,0.807616728724);
#1293 = AXIS2_PLACEMENT_3D('',#1294,#1295,#1296);
#1294 = CARTESIAN_POINT('',(5.,22.,11.9));
#1295 = DIRECTION('',(-0.,-0.,-1.));
#1296 = DIRECTION('',(1.,0.,0.));
#1297 = DEFINITIONAL_REPRESENTATION('',(#1298),#1302);
#1298 = LINE('',#1299,#1300);
#1299 = CARTESIAN_POINT('',(-0.,-1.E-01));
#1300 = VECTOR('',#1301,1.);
#1301 = DIRECTION('',(-1.,-0.));
#1302 = ( GEOMETRIC_REPRESENTATION_CONTEXT(2) 
PARAMETRIC_REPRESENTATION_CONTEXT() REPRESENTATION_CONTEXT('2D SPACE',''
  ) );
#1303 = ADVANCED_FACE('',(#1304,#1307,#1342,#1377,#1412,#1447,#1482,
    #1517,#1552),#881,.T.);
#1304 = FACE_BOUND('',#1305,.T.);
#1305 = EDGE_LOOP('',(#1306));
#1306 = ORIENTED_EDGE('',*,*,#866,.T.);
#1307 = FACE_BOUND('',#1308,.T.);
#1308 = EDGE_LOOP('',(#1309));
#1309 = ORIENTED_EDGE('',*,*,#1310,.T.);
#1310 = EDGE_CURVE('',#1311,#1311,#1313,.T.);
#1311 = VERTEX_POINT('',#1312);
#1312 = CARTESIAN_POINT('',(-2.8,-22.2,26.));
#1313 = SURFACE_CURVE('',#1314,(#1319,#1330),.PCURVE_S1.);
#1314 = CIRCLE('',#1315,1.2);
#1315 = AXIS2_PLACEMENT_3D('',#1316,#1317,#1318);
#1316 = CARTESIAN_POINT('',(-4.,-22.2,26.));
#1317 = DIRECTION('',(0.,0.,-1.));
#1318 = DIRECTION('',(1.,0.,0.));
#1319 = PCURVE('',#881,#1320);
#1320 = DEFINITIONAL_REPRESENTATION('',(#1321),#1329);
#1321 = ( BOUNDED_CURVE() B_SPLINE_CURVE(2,(#1322,#1323,#1324,#1325,
#1326,#1327,#1328),.UNSPECIFIED.,.T.,.F.) B_SPLINE_CURVE_WITH_KNOTS((1,2
    ,2,2,2,1),(-2.094395102393,0.,2.094395102393,4.188790204786,
6.28318530718,8.377580409573),.UNSPECIFIED.) CURVE() 
GEOMETRIC_REPRESENTATION_ITEM() RATIONAL_B_SPLINE_CURVE((1.,0.5,1.,0.5,
1.,0.5,1.)) REPRESENTATION_ITEM('') );
#1322 = CARTESIAN_POINT('',(-2.8,-22.2));
#1323 = CARTESIAN_POINT('',(-2.8,-24.27846096908));
#1324 = CARTESIAN_POINT('',(-4.6,-23.23923048454));
#1325 = CARTESIAN_POINT('',(-6.4,-22.2));
#1326 = CARTESIAN_POINT('',(-4.6,-21.16076951545));
#1327 = CARTESIAN_POINT('',(-2.8,-20.12153903091));
#1328 = CARTESIAN_POINT('',(-2.8,-22.2));
#1329 = ( GEOMETRIC_REPRESENTATION_CONTEXT(2) 
PARAMETRIC_REPRESENTATION_CONTEXT() REPRESENTATION_CONTEXT('2D SPACE',''
  ) );
#1330 = PCURVE('',#1331,#1336);
#1331 = CYLINDRICAL_SURFACE('',#1332,1.2);
#1332 = AXIS2_PLACEMENT_3D('',#1333,#1334,#1335);
#1333 = CARTESIAN_POINT('',(-4.,-22.2,0.));
#1334 = DIRECTION('',(-0.,-0.,-1.));
#1335 = DIRECTION('',(1.,0.,0.));
#1336 = DEFINITIONAL_REPRESENTATION('',(#1337),#1341);
#1337 = LINE('',#1338,#1339);
#1338 = CARTESIAN_POINT('',(-6.28318530718,-26.));
#1339 = VECTOR('',#1340,1.);
#1340 = DIRECTION('',(1.,-0.));
#1341 = ( GEOMETRIC_REPRESENTATION_CONTEXT(2) 
PARAMETRIC_REPRESENTATION_CONTEXT() REPRESENTATION_CONTEXT('2D SPACE',''
  ) );
#1342 = FACE_BOUND('',#1343,.T.);
#1343 = EDGE_LOOP('',(#1344));
#1344 = ORIENTED_EDGE('',*,*,#1345,.T.);
#1345 = EDGE_CURVE('',#1346,#1346,#1348,.T.);
#1346 = VERTEX_POINT('',#1347);
#1347 = CARTESIAN_POINT('',(-2.8,-17.8,26.));
#1348 = SURFACE_CURVE('',#1349,(#1354,#1365),.PCURVE_S1.);
#1349 = CIRCLE('',#1350,1.2);
#1350 = AXIS2_PLACEMENT_3D('',#1351,#1352,#1353);
#1351 = CARTESIAN_POINT('',(-4.,-17.8,26.));
#1352 = DIRECTION('',(0.,0.,-1.));
#1353 = DIRECTION('',(1.,0.,0.));
#1354 = PCURVE('',#881,#1355);
#1355 = DEFINITIONAL_REPRESENTATION('',(#1356),#1364);
#1356 = ( BOUNDED_CURVE() B_SPLINE_CURVE(2,(#1357,#1358,#1359,#1360,
#1361,#1362,#1363),.UNSPECIFIED.,.T.,.F.) B_SPLINE_CURVE_WITH_KNOTS((1,2
    ,2,2,2,1),(-2.094395102393,0.,2.094395102393,4.188790204786,
6.28318530718,8.377580409573),.UNSPECIFIED.) CURVE() 
GEOMETRIC_REPRESENTATION_ITEM() RATIONAL_B_SPLINE_CURVE((1.,0.5,1.,0.5,
1.,0.5,1.)) REPRESENTATION_ITEM('') );
#1357 = CARTESIAN_POINT('',(-2.8,-17.8));
#1358 = CARTESIAN_POINT('',(-2.8,-19.87846096908));
#1359 = CARTESIAN_POINT('',(-4.6,-18.83923048454));
#1360 = CARTESIAN_POINT('',(-6.4,-17.8));
#1361 = CARTESIAN_POINT('',(-4.6,-16.76076951545));
#1362 = CARTESIAN_POINT('',(-2.8,-15.72153903091));
#1363 = CARTESIAN_POINT('',(-2.8,-17.8));
#1364 = ( GEOMETRIC_REPRESENTATION_CONTEXT(2) 
PARAMETRIC_REPRESENTATION_CONTEXT() REPRESENTATION_CONTEXT('2D SPACE',''
  ) );
#1365 = PCURVE('',#1366,#1371);
#1366 = CYLINDRICAL_SURFACE('',#1367,1.2);
#1367 = AXIS2_PLACEMENT_3D('',#1368,#1369,#1370);
#1368 = CARTESIAN_POINT('',(-4.,-17.8,0.));
#1369 = DIRECTION('',(-0.,-0.,-1.));
#1370 = DIRECTION('',(1.,0.,0.));
#1371 = DEFINITIONAL_REPRESENTATION('',(#1372),#1376);
#1372 = LINE('',#1373,#1374);
#1373 = CARTESIAN_POINT('',(-6.28318530718,-26.));
#1374 = VECTOR('',#1375,1.);
#1375 = DIRECTION('',(1.,-0.));
#1376 = ( GEOMETRIC_REPRESENTATION_CONTEXT(2) 
PARAMETRIC_REPRESENTATION_CONTEXT() REPRESENTATION_CONTEXT('2D SPACE',''
  ) );
#1377 = FACE_BOUND('',#1378,.T.);
#1378 = EDGE_LOOP('',(#1379));
#1379 = ORIENTED_EDGE('',*,*,#1380,.T.);
#1380 = EDGE_CURVE('',#1381,#1381,#1383,.T.);
#1381 = VERTEX_POINT('',#1382);
#1382 = CARTESIAN_POINT('',(1.2,-22.2,26.));
#1383 = SURFACE_CURVE('',#1384,(#1389,#1400),.PCURVE_S1.);
#1384 = CIRCLE('',#1385,1.2);
#1385 = AXIS2_PLACEMENT_3D('',#1386,#1387,#1388);
#1386 = CARTESIAN_POINT('',(0.,-22.2,26.));
#1387 = DIRECTION('',(0.,0.,-1.));
#1388 = DIRECTION('',(1.,0.,0.));
#1389 = PCURVE('',#881,#1390);
#1390 = DEFINITIONAL_REPRESENTATION('',(#1391),#1399);
#1391 = ( BOUNDED_CURVE() B_SPLINE_CURVE(2,(#1392,#1393,#1394,#1395,
#1396,#1397,#1398),.UNSPECIFIED.,.T.,.F.) B_SPLINE_CURVE_WITH_KNOTS((1,2
    ,2,2,2,1),(-2.094395102393,0.,2.094395102393,4.188790204786,
6.28318530718,8.377580409573),.UNSPECIFIED.) CURVE() 
GEOMETRIC_REPRESENTATION_ITEM() RATIONAL_B_SPLINE_CURVE((1.,0.5,1.,0.5,
1.,0.5,1.)) REPRESENTATION_ITEM('') );
#1392 = CARTESIAN_POINT('',(1.2,-22.2));
#1393 = CARTESIAN_POINT('',(1.2,-24.27846096908));
#1394 = CARTESIAN_POINT('',(-0.6,-23.23923048454));
#1395 = CARTESIAN_POINT('',(-2.4,-22.2));
#1396 = CARTESIAN_POINT('',(-0.6,-21.16076951545));
#1397 = CARTESIAN_POINT('',(1.2,-20.12153903091));
#1398 = CARTESIAN_POINT('',(1.2,-22.2));
#1399 = ( GEOMETRIC_REPRESENTATION_CONTEXT(2) 
PARAMETRIC_REPRESENTATION_CONTEXT() REPRESENTATION_CONTEXT('2D SPACE',''
  ) );
#1400 = PCURVE('',#1401,#1406);
#1401 = CYLINDRICAL_SURFACE('',#1402,1.2);
#1402 = AXIS2_PLACEMENT_3D('',#1403,#1404,#1405);
#1403 = CARTESIAN_POINT('',(0.,-22.2,0.));
#1404 = DIRECTION('',(-0.,-0.,-1.));
#1405 = DIRECTION('',(1.,0.,0.));
#1406 = DEFINITIONAL_REPRESENTATION('',(#1407),#1411);
#1407 = LINE('',#1408,#1409);
#1408 = CARTESIAN_POINT('',(-6.28318530718,-26.));
#1409 = VECTOR('',#1410,1.);
#1410 = DIRECTION('',(1.,-0.));
#1411 = ( GEOMETRIC_REPRESENTATION_CONTEXT(2) 
PARAMETRIC_REPRESENTATION_CONTEXT() REPRESENTATION_CONTEXT('2D SPACE',''
  ) );
#1412 = FACE_BOUND('',#1413,.T.);
#1413 = EDGE_LOOP('',(#1414));
#1414 = ORIENTED_EDGE('',*,*,#1415,.T.);
#1415 = EDGE_CURVE('',#1416,#1416,#1418,.T.);
#1416 = VERTEX_POINT('',#1417);
#1417 = CARTESIAN_POINT('',(1.2,-17.8,26.));
#1418 = SURFACE_CURVE('',#1419,(#1424,#1435),.PCURVE_S1.);
#1419 = CIRCLE('',#1420,1.2);
#1420 = AXIS2_PLACEMENT_3D('',#1421,#1422,#1423);
#1421 = CARTESIAN_POINT('',(0.,-17.8,26.));
#1422 = DIRECTION('',(0.,0.,-1.));
#1423 = DIRECTION('',(1.,0.,0.));
#1424 = PCURVE('',#881,#1425);
#1425 = DEFINITIONAL_REPRESENTATION('',(#1426),#1434);
#1426 = ( BOUNDED_CURVE() B_SPLINE_CURVE(2,(#1427,#1428,#1429,#1430,
#1431,#1432,#1433),.UNSPECIFIED.,.T.,.F.) B_SPLINE_CURVE_WITH_KNOTS((1,2
    ,2,2,2,1),(-2.094395102393,0.,2.094395102393,4.188790204786,
6.28318530718,8.377580409573),.UNSPECIFIED.) CURVE() 
GEOMETRIC_REPRESENTATION_ITEM() RATIONAL_B_SPLINE_CURVE((1.,0.5,1.,0.5,
1.,0.5,1.)) REPRESENTATION_ITEM('') );
#1427 = CARTESIAN_POINT('',(1.2,-17.8));
#1428 = CARTESIAN_POINT('',(1.2,-19.87846096908));
#1429 = CARTESIAN_POINT('',(-0.6,-18.83923048454));
#1430 = CARTESIAN_POINT('',(-2.4,-17.8));
#1431 = CARTESIAN_POINT('',(-0.6,-16.76076951545));
#1432 = CARTESIAN_POINT('',(1.2,-15.72153903091));
#1433 = CARTESIAN_POINT('',(1.2,-17.8));
#1434 = ( GEOMETRIC_REPRESENTATION_CONTEXT(2) 
PARAMETRIC_REPRESENTATION_CONTEXT() REPRESENTATION_CONTEXT('2D SPACE',''
  ) );
#1435 = PCURVE('',#1436,#1441);
#1436 = CYLINDRICAL_SURFACE('',#1437,1.2);
#1437 = AXIS2_PLACEMENT_3D('',#1438,#1439,#1440);
#1438 = CARTESIAN_POINT('',(0.,-17.8,0.));
#1439 = DIRECTION('',(-0.,-0.,-1.));
#1440 = DIRECTION('',(1.,0.,0.));
#1441 = DEFINITIONAL_REPRESENTATION('',(#1442),#1446);
#1442 = LINE('',#1443,#1444);
#1443 = CARTESIAN_POINT('',(-6.28318530718,-26.));
#1444 = VECTOR('',#1445,1.);
#1445 = DIRECTION('',(1.,-0.));
#1446 = ( GEOMETRIC_REPRESENTATION_CONTEXT(2) 
PARAMETRIC_REPRESENTATION_CONTEXT() REPRESENTATION_CONTEXT('2D SPACE',''
  ) );
#1447 = FACE_BOUND('',#1448,.T.);
#1448 = EDGE_LOOP('',(#1449));
#1449 = ORIENTED_EDGE('',*,*,#1450,.T.);
#1450 = EDGE_CURVE('',#1451,#1451,#1453,.T.);
#1451 = VERTEX_POINT('',#1452);
#1452 = CARTESIAN_POINT('',(5.2,-22.2,26.));
#1453 = SURFACE_CURVE('',#1454,(#1459,#1470),.PCURVE_S1.);
#1454 = CIRCLE('',#1455,1.2);
#1455 = AXIS2_PLACEMENT_3D('',#1456,#1457,#1458);
#1456 = CARTESIAN_POINT('',(4.,-22.2,26.));
#1457 = DIRECTION('',(0.,0.,-1.));
#1458 = DIRECTION('',(1.,0.,0.));
#1459 = PCURVE('',#881,#1460);
#1460 = DEFINITIONAL_REPRESENTATION('',(#1461),#1469);
#1461 = ( BOUNDED_CURVE() B_SPLINE_CURVE(2,(#1462,#1463,#1464,#1465,
#1466,#1467,#1468),.UNSPECIFIED.,.T.,.F.) B_SPLINE_CURVE_WITH_KNOTS((1,2
    ,2,2,2,1),(-2.094395102393,0.,2.094395102393,4.188790204786,
6.28318530718,8.377580409573),.UNSPECIFIED.) CURVE() 
GEOMETRIC_REPRESENTATION_ITEM() RATIONAL_B_SPLINE_CURVE((1.,0.5,1.,0.5,
1.,0.5,1.)) REPRESENTATION_ITEM('') );
#1462 = CARTESIAN_POINT('',(5.2,-22.2));
#1463 = CARTESIAN_POINT('',(5.2,-24.27846096908));
#1464 = CARTESIAN_POINT('',(3.4,-23.23923048454));
#1465 = CARTESIAN_POINT('',(1.6,-22.2));
#1466 = CARTESIAN_POINT('',(3.4,-21.16076951545));
#1467 = CARTESIAN_POINT('',(5.2,-20.12153903091));
#1468 = CARTESIAN_POINT('',(5.2,-22.2));
#1469 = ( GEOMETRIC_REPRESENTATION_CONTEXT(2) 
PARAMETRIC_REPRESENTATION_CONTEXT() REPRESENTATION_CONTEXT('2D SPACE',''
  ) );
#1470 = PCURVE('',#1471,#1476);
#1471 = CYLINDRICAL_SURFACE('',#1472,1.2);
#1472 = AXIS2_PLACEMENT_3D('',#1473,#1474,#1475);
#1473 = CARTESIAN_POINT('',(4.,-22.2,0.));
#1474 = DIRECTION('',(-0.,-0.,-1.));
#1475 = DIRECTION('',(1.,0.,0.));
#1476 = DEFINITIONAL_REPRESENTATION('',(#1477),#1481);
#1477 = LINE('',#1478,#1479);
#1478 = CARTESIAN_POINT('',(-6.28318530718,-26.));
#1479 = VECTOR('',#1480,1.);
#1480 = DIRECTION('',(1.,-0.));
#1481 = ( GEOMETRIC_REPRESENTATION_CONTEXT(2) 
PARAMETRIC_REPRESENTATION_CONTEXT() REPRESENTATION_CONTEXT('2D SPACE',''
  ) );
#1482 = FACE_BOUND('',#1483,.T.);
#1483 = EDGE_LOOP('',(#1484));
#1484 = ORIENTED_EDGE('',*,*,#1485,.T.);
#1485 = EDGE_CURVE('',#1486,#1486,#1488,.T.);
#1486 = VERTEX_POINT('',#1487);
#1487 = CARTESIAN_POINT('',(5.2,-17.8,26.));
#1488 = SURFACE_CURVE('',#1489,(#1494,#1505),.PCURVE_S1.);
#1489 = CIRCLE('',#1490,1.2);
#1490 = AXIS2_PLACEMENT_3D('',#1491,#1492,#1493);
#1491 = CARTESIAN_POINT('',(4.,-17.8,26.));
#1492 = DIRECTION('',(0.,0.,-1.));
#1493 = DIRECTION('',(1.,0.,0.));
#1494 = PCURVE('',#881,#1495);
#1495 = DEFINITIONAL_REPRESENTATION('',(#1496),#1504);
#1496 = ( BOUNDED_CURVE() B_SPLINE_CURVE(2,(#1497,#1498,#1499,#1500,
#1501,#1502,#1503),.UNSPECIFIED.,.T.,.F.) B_SPLINE_CURVE_WITH_KNOTS((1,2
    ,2,2,2,1),(-2.094395102393,0.,2.094395102393,4.188790204786,
6.28318530718,8.377580409573),.UNSPECIFIED.) CURVE() 
GEOMETRIC_REPRESENTATION_ITEM() RATIONAL_B_SPLINE_CURVE((1.,0.5,1.,0.5,
1.,0.5,1.)) REPRESENTATION_ITEM('') );
#1497 = CARTESIAN_POINT('',(5.2,-17.8));
#1498 = CARTESIAN_POINT('',(5.2,-19.87846096908));
#1499 = CARTESIAN_POINT('',(3.4,-18.83923048454));
#1500 = CARTESIAN_POINT('',(1.6,-17.8));
#1501 = CARTESIAN_POINT('',(3.4,-16.76076951545));
#1502 = CARTESIAN_POINT('',(5.2,-15.72153903091));
#1503 = CARTESIAN_POINT('',(5.2,-17.8));
#1504 = ( GEOMETRIC_REPRESENTATION_CONTEXT(2) 
PARAMETRIC_REPRESENTATION_CONTEXT() REPRESENTATION_CONTEXT('2D SPACE',''
  ) );
#1505 = PCURVE('',#1506,#1511);
#1506 = CYLINDRICAL_SURFACE('',#1507,1.2);
#1507 = AXIS2_PLACEMENT_3D('',#1508,#1509,#1510);
#1508 = CARTESIAN_POINT('',(4.,-17.8,0.));
#1509 = DIRECTION('',(-0.,-0.,-1.));
#1510 = DIRECTION('',(1.,0.,0.));
#1511 = DEFINITIONAL_REPRESENTATION('',(#1512),#1516);
#1512 = LINE('',#1513,#1514);
#1513 = CARTESIAN_POINT('',(-6.28318530718,-26.));
#1514 = VECTOR('',#1515,1.);
#1515 = DIRECTION('',(1.,-0.));
#1516 = ( GEOMETRIC_REPRESENTATION_CONTEXT(2) 
PARAMETRIC_REPRESENTATION_CONTEXT() REPRESENTATION_CONTEXT('2D SPACE',''
  ) );
#1517 = FACE_BOUND('',#1518,.T.);
#1518 = EDGE_LOOP('',(#1519));
#1519 = ORIENTED_EDGE('',*,*,#1520,.T.);
#1520 = EDGE_CURVE('',#1521,#1521,#1523,.T.);
#1521 = VERTEX_POINT('',#1522);
#1522 = CARTESIAN_POINT('',(-3.8,22.,26.));
#1523 = SURFACE_CURVE('',#1524,(#1529,#1540),.PCURVE_S1.);
#1524 = CIRCLE('',#1525,1.2);
#1525 = AXIS2_PLACEMENT_3D('',#1526,#1527,#1528);
#1526 = CARTESIAN_POINT('',(-5.,22.,26.));
#1527 = DIRECTION('',(0.,0.,-1.));
#1528 = DIRECTION('',(1.,0.,0.));
#1529 = PCURVE('',#881,#1530);
#1530 = DEFINITIONAL_REPRESENTATION('',(#1531),#1539);
#1531 = ( BOUNDED_CURVE() B_SPLINE_CURVE(2,(#1532,#1533,#1534,#1535,
#1536,#1537,#1538),.UNSPECIFIED.,.T.,.F.) B_SPLINE_CURVE_WITH_KNOTS((1,2
    ,2,2,2,1),(-2.094395102393,0.,2.094395102393,4.188790204786,
6.28318530718,8.377580409573),.UNSPECIFIED.) CURVE() 
GEOMETRIC_REPRESENTATION_ITEM() RATIONAL_B_SPLINE_CURVE((1.,0.5,1.,0.5,
1.,0.5,1.)) REPRESENTATION_ITEM('') );
#1532 = CARTESIAN_POINT('',(-3.8,22.));
#1533 = CARTESIAN_POINT('',(-3.8,19.921539030917));
#1534 = CARTESIAN_POINT('',(-5.6,20.960769515459));
#1535 = CARTESIAN_POINT('',(-7.4,22.));
#1536 = CARTESIAN_POINT('',(-5.6,23.039230484541));
#1537 = CARTESIAN_POINT('',(-3.8,24.078460969083));
#1538 = CARTESIAN_POINT('',(-3.8,22.));
#1539 = ( GEOMETRIC_REPRESENTATION_CONTEXT(2) 
PARAMETRIC_REPRESENTATION_CONTEXT() REPRESENTATION_CONTEXT('2D SPACE',''
  ) );
#1540 = PCURVE('',#1541,#1546);
#1541 = CYLINDRICAL_SURFACE('',#1542,1.2);
#1542 = AXIS2_PLACEMENT_3D('',#1543,#1544,#1545);
#1543 = CARTESIAN_POINT('',(-5.,22.,0.));
#1544 = DIRECTION('',(-0.,-0.,-1.));
#1545 = DIRECTION('',(1.,0.,0.));
#1546 = DEFINITIONAL_REPRESENTATION('',(#1547),#1551);
#1547 = LINE('',#1548,#1549);
#1548 = CARTESIAN_POINT('',(-6.28318530718,-26.));
#1549 = VECTOR('',#1550,1.);
#1550 = DIRECTION('',(1.,-0.));
#1551 = ( GEOMETRIC_REPRESENTATION_CONTEXT(2) 
PARAMETRIC_REPRESENTATION_CONTEXT() REPRESENTATION_CONTEXT('2D SPACE',''
  ) );
#1552 = FACE_BOUND('',#1553,.T.);
#1553 = EDGE_LOOP('',(#1554));
#1554 = ORIENTED_EDGE('',*,*,#1555,.T.);
#1555 = EDGE_CURVE('',#1556,#1556,#1558,.T.);
#1556 = VERTEX_POINT('',#1557);
#1557 = CARTESIAN_POINT('',(6.2,22.,26.));
#1558 = SURFACE_CURVE('',#1559,(#1564,#1575),.PCURVE_S1.);
#1559 = CIRCLE('',#1560,1.2);
#1560 = AXIS2_PLACEMENT_3D('',#1561,#1562,#1563);
#1561 = CARTESIAN_POINT('',(5.,22.,26.));
#1562 = DIRECTION('',(0.,0.,-1.));
#1563 = DIRECTION('',(1.,0.,0.));
#1564 = PCURVE('',#881,#1565);
#1565 = DEFINITIONAL_REPRESENTATION('',(#1566),#1574);
#1566 = ( BOUNDED_CURVE() B_SPLINE_CURVE(2,(#1567,#1568,#1569,#1570,
#1571,#1572,#1573),.UNSPECIFIED.,.T.,.F.) B_SPLINE_CURVE_WITH_KNOTS((1,2
    ,2,2,2,1),(-2.094395102393,0.,2.094395102393,4.188790204786,
6.28318530718,8.377580409573),.UNSPECIFIED.) CURVE() 
GEOMETRIC_REPRESENTATION_ITEM() RATIONAL_B_SPLINE_CURVE((1.,0.5,1.,0.5,
1.,0.5,1.)) REPRESENTATION_ITEM('') );
#1567 = CARTESIAN_POINT('',(6.2,22.));
#1568 = CARTESIAN_POINT('',(6.2,19.921539030917));
#1569 = CARTESIAN_POINT('',(4.4,20.960769515459));
#1570 = CARTESIAN_POINT('',(2.6,22.));
#1571 = CARTESIAN_POINT('',(4.4,23.039230484541));
#1572 = CARTESIAN_POINT('',(6.2,24.078460969083));
#1573 = CARTESIAN_POINT('',(6.2,22.));
#1574 = ( GEOMETRIC_REPRESENTATION_CONTEXT(2) 
PARAMETRIC_REPRESENTATION_CONTEXT() REPRESENTATION_CONTEXT('2D SPACE',''
  ) );
#1575 = PCURVE('',#1576,#1581);
#1576 = CYLINDRICAL_SURFACE('',#1577,1.2);
#1577 = AXIS2_PLACEMENT_3D('',#1578,#1579,#1580);
#1578 = CARTESIAN_POINT('',(5.,22.,0.));
#1579 = DIRECTION('',(-0.,-0.,-1.));
#1580 = DIRECTION('',(1.,0.,0.));
#1581 = DEFINITIONAL_REPRESENTATION('',(#1582),#1586);
#1582 = LINE('',#1583,#1584);
#1583 = CARTESIAN_POINT('',(-6.28318530718,-26.));
#1584 = VECTOR('',#1585,1.);
#1585 = DIRECTION('',(1.,-0.));
#1586 = ( GEOMETRIC_REPRESENTATION_CONTEXT(2) 
PARAMETRIC_REPRESENTATION_CONTEXT() REPRESENTATION_CONTEXT('2D SPACE',''
  ) );
#1587 = ADVANCED_FACE('',(#1588),#919,.F.);
#1588 = FACE_BOUND('',#1589,.F.);
#1589 = EDGE_LOOP('',(#1590,#1715,#1735,#1757,#1758,#1860,#1861,#1909,
    #1910,#2035,#2161));
#1590 = ORIENTED_EDGE('',*,*,#1591,.F.);
#1591 = EDGE_CURVE('',#1592,#903,#1594,.T.);
#1592 = VERTEX_POINT('',#1593);
#1593 = CARTESIAN_POINT('',(1.925,-22.2,13.40652173913));
#1594 = SURFACE_CURVE('',#1595,(#1633,#1674),.PCURVE_S1.);
#1595 = B_SPLINE_CURVE_WITH_KNOTS('',8,(#1596,#1597,#1598,#1599,#1600,
    #1601,#1602,#1603,#1604,#1605,#1606,#1607,#1608,#1609,#1610,#1611,
    #1612,#1613,#1614,#1615,#1616,#1617,#1618,#1619,#1620,#1621,#1622,
    #1623,#1624,#1625,#1626,#1627,#1628,#1629,#1630,#1631,#1632),
  .UNSPECIFIED.,.F.,.F.,(9,7,7,7,7,9),(0.,8.857023259014E-02,
    0.151930516701,0.255296473635,0.611098098399,1.),.UNSPECIFIED.);
#1596 = CARTESIAN_POINT('',(1.925,-22.2,13.40652173913));
#1597 = CARTESIAN_POINT('',(1.925,-22.23487802152,13.40652173913));
#1598 = CARTESIAN_POINT('',(1.925670018857,-22.26976397803,
    13.405190069289));
#1599 = CARTESIAN_POINT('',(1.927010526086,-22.30447355619,
    13.402525590322));
#1600 = CARTESIAN_POINT('',(1.929003534444,-22.33885874332,
    13.398569803027));
#1601 = CARTESIAN_POINT('',(1.931618420303,-22.37280066301,
    13.393394170308));
#1602 = CARTESIAN_POINT('',(1.934816557346,-22.40620411957,
    13.387089389289));
#1603 = CARTESIAN_POINT('',(1.938554763588,-22.43899385135,
    13.37975661352));
#1604 = CARTESIAN_POINT('',(1.945815568816,-22.4940891318,
    13.365594557895));
#1605 = CARTESIAN_POINT('',(1.949098020898,-22.51673222536,
    13.359213424258));
#1606 = CARTESIAN_POINT('',(1.952619992603,-22.5390308602,
    13.352392389496));
#1607 = CARTESIAN_POINT('',(1.956366919288,-22.56097905822,
    13.345165753416));
#1608 = CARTESIAN_POINT('',(1.960324900738,-22.58257525441,
    13.337566279877));
#1609 = CARTESIAN_POINT('',(1.964481004867,-22.60382177462,
    13.329624526177));
#1610 = CARTESIAN_POINT('',(1.968823571417,-22.62472431335,
    13.321368172438));
#1611 = CARTESIAN_POINT('',(1.98071472054,-22.678844572,13.2988780679));
#1612 = CARTESIAN_POINT('',(1.988554050103,-22.71149524108,
    13.284166044074));
#1613 = CARTESIAN_POINT('',(1.996817493246,-22.74328737735,
    13.26878905022));
#1614 = CARTESIAN_POINT('',(2.005467616552,-22.7742632008,
    13.252836726447));
#1615 = CARTESIAN_POINT('',(2.014472571632,-22.80446427776,
    13.236385108375));
#1616 = CARTESIAN_POINT('',(2.023806102461,-22.83393260583,
    13.219497153241));
#1617 = CARTESIAN_POINT('',(2.033447552723,-22.86271169886,
    13.202223266008));
#1618 = CARTESIAN_POINT('',(2.077577341886,-22.98769604625,
    13.123946099347));
#1619 = CARTESIAN_POINT('',(2.115147560368,-23.07665388972,
    13.059342283522));
#1620 = CARTESIAN_POINT('',(2.155513558588,-23.15981740775,
    12.992280897955));
#1621 = CARTESIAN_POINT('',(2.198376427522,-23.23788957459,
    12.923520924312));
#1622 = CARTESIAN_POINT('',(2.243469319837,-23.31157836598,
    12.853653393251));
#1623 = CARTESIAN_POINT('',(2.290654066645,-23.38129707135,
    12.782974821805));
#1624 = CARTESIAN_POINT('',(2.339874472513,-23.44748334388,
    12.711637710925));
#1625 = CARTESIAN_POINT('',(2.447317772644,-23.57938237532,
    12.560878042814));
#1626 = CARTESIAN_POINT('',(2.505803282911,-23.64429713757,
    12.481529802148));
#1627 = CARTESIAN_POINT('',(2.566587077401,-23.70557590593,
    12.401747241833));
#1628 = CARTESIAN_POINT('',(2.629603840458,-23.76338832708,
    12.321662277811));
#1629 = CARTESIAN_POINT('',(2.694794855853,-23.8178309196,
    12.241376509979));
#1630 = CARTESIAN_POINT('',(2.762107929614,-23.86895579525,
    12.160968649198));
#1631 = CARTESIAN_POINT('',(2.831499560677,-23.9167745308,
    12.080496246161));
#1632 = CARTESIAN_POINT('',(2.902935821281,-23.9612709013,12.));
#1633 = PCURVE('',#919,#1634);
#1634 = DEFINITIONAL_REPRESENTATION('',(#1635),#1673);
#1635 = B_SPLINE_CURVE_WITH_KNOTS('',8,(#1636,#1637,#1638,#1639,#1640,
    #1641,#1642,#1643,#1644,#1645,#1646,#1647,#1648,#1649,#1650,#1651,
    #1652,#1653,#1654,#1655,#1656,#1657,#1658,#1659,#1660,#1661,#1662,
    #1663,#1664,#1665,#1666,#1667,#1668,#1669,#1670,#1671,#1672),
  .UNSPECIFIED.,.F.,.F.,(9,7,7,7,7,9),(0.,8.857023259014E-02,
    0.151930516701,0.255296473635,0.611098098399,1.),.UNSPECIFIED.);
#1636 = CARTESIAN_POINT('',(-6.28318530718,-1.50652173913));
#1637 = CARTESIAN_POINT('',(-6.265066854442,-1.50652173913));
#1638 = CARTESIAN_POINT('',(-6.246944261839,-1.505190069289));
#1639 = CARTESIAN_POINT('',(-6.228956702646,-1.502525590322));
#1640 = CARTESIAN_POINT('',(-6.211224405399,-1.498569803027));
#1641 = CARTESIAN_POINT('',(-6.193846903071,-1.493394170308));
#1642 = CARTESIAN_POINT('',(-6.176902754415,-1.487089389289));
#1643 = CARTESIAN_POINT('',(-6.160450737488,-1.47975661352));
#1644 = CARTESIAN_POINT('',(-6.133145133282,-1.465594557895));
#1645 = CARTESIAN_POINT('',(-6.122026004194,-1.459213424258));
#1646 = CARTESIAN_POINT('',(-6.111185517894,-1.452392389496));
#1647 = CARTESIAN_POINT('',(-6.100629609201,-1.445165753416));
#1648 = CARTESIAN_POINT('',(-6.090360374578,-1.437566279877));
#1649 = CARTESIAN_POINT('',(-6.080376688779,-1.429624526177));
#1650 = CARTESIAN_POINT('',(-6.070674821496,-1.421368172438));
#1651 = CARTESIAN_POINT('',(-6.045871858496,-1.3988780679));
#1652 = CARTESIAN_POINT('',(-6.031234050468,-1.384166044074));
#1653 = CARTESIAN_POINT('',(-6.017306987472,-1.36878905022));
#1654 = CARTESIAN_POINT('',(-6.004058834122,-1.352836726447));
#1655 = CARTESIAN_POINT('',(-5.991455503478,-1.336385108375));
#1656 = CARTESIAN_POINT('',(-5.979461598431,-1.319497153241));
#1657 = CARTESIAN_POINT('',(-5.968041353089,-1.302223266008));
#1658 = CARTESIAN_POINT('',(-5.919702806596,-1.223946099347));
#1659 = CARTESIAN_POINT('',(-5.888729472711,-1.159342283522));
#1660 = CARTESIAN_POINT('',(-5.862677353236,-1.092280897955));
#1661 = CARTESIAN_POINT('',(-5.840720326082,-1.023520924311));
#1662 = CARTESIAN_POINT('',(-5.822121168603,-0.953653393251));
#1663 = CARTESIAN_POINT('',(-5.806378178341,-0.882974821805));
#1664 = CARTESIAN_POINT('',(-5.79305950917,-0.811637710925));
#1665 = CARTESIAN_POINT('',(-5.769577787302,-0.660878042814));
#1666 = CARTESIAN_POINT('',(-5.759855380948,-0.581529802148));
#1667 = CARTESIAN_POINT('',(-5.752255802953,-0.501747241833));
#1668 = CARTESIAN_POINT('',(-5.746487005881,-0.421662277811));
#1669 = CARTESIAN_POINT('',(-5.742323799647,-0.341376509979));
#1670 = CARTESIAN_POINT('',(-5.739585572444,-0.260968649198));
#1671 = CARTESIAN_POINT('',(-5.738129552124,-0.180496246161));
#1672 = CARTESIAN_POINT('',(-5.737838853165,-1.E-01));
#1673 = ( GEOMETRIC_REPRESENTATION_CONTEXT(2) 
PARAMETRIC_REPRESENTATION_CONTEXT() REPRESENTATION_CONTEXT('2D SPACE',''
  ) );
#1674 = PCURVE('',#1204,#1675);
#1675 = DEFINITIONAL_REPRESENTATION('',(#1676),#1714);
#1676 = B_SPLINE_CURVE_WITH_KNOTS('',8,(#1677,#1678,#1679,#1680,#1681,
    #1682,#1683,#1684,#1685,#1686,#1687,#1688,#1689,#1690,#1691,#1692,
    #1693,#1694,#1695,#1696,#1697,#1698,#1699,#1700,#1701,#1702,#1703,
    #1704,#1705,#1706,#1707,#1708,#1709,#1710,#1711,#1712,#1713),
  .UNSPECIFIED.,.F.,.F.,(9,7,7,7,7,9),(0.,8.857023259014E-02,
    0.151930516701,0.255296473635,0.611098098399,1.),.UNSPECIFIED.);
#1677 = CARTESIAN_POINT('',(-3.14159265359,-2.40652173913));
#1678 = CARTESIAN_POINT('',(-3.158401338659,-2.40652173913));
#1679 = CARTESIAN_POINT('',(-3.175213843913,-2.405190069289));
#1680 = CARTESIAN_POINT('',(-3.191948598049,-2.402525590322));
#1681 = CARTESIAN_POINT('',(-3.208541490039,-2.398569803027));
#1682 = CARTESIAN_POINT('',(-3.22494176523,-2.393394170308));
#1683 = CARTESIAN_POINT('',(-3.241109007085,-2.387089389289));
#1684 = CARTESIAN_POINT('',(-3.257011204536,-2.37975661352));
#1685 = CARTESIAN_POINT('',(-3.283792726666,-2.365594557895));
#1686 = CARTESIAN_POINT('',(-3.294818200064,-2.359213424258));
#1687 = CARTESIAN_POINT('',(-3.305696304536,-2.352392389496));
#1688 = CARTESIAN_POINT('',(-3.316425151324,-2.345165753416));
#1689 = CARTESIAN_POINT('',(-3.327004775521,-2.337566279877));
#1690 = CARTESIAN_POINT('',(-3.337436928053,-2.329624526177));
#1691 = CARTESIAN_POINT('',(-3.347724867657,-2.321368172438));
#1692 = CARTESIAN_POINT('',(-3.374429063641,-2.2988780679));
#1693 = CARTESIAN_POINT('',(-3.390608491681,-2.284166044074));
#1694 = CARTESIAN_POINT('',(-3.40643456238,-2.26878905022));
#1695 = CARTESIAN_POINT('',(-3.42192890361,-2.252836726447));
#1696 = CARTESIAN_POINT('',(-3.437112392816,-2.236385108375));
#1697 = CARTESIAN_POINT('',(-3.452005904109,-2.219497153241));
#1698 = CARTESIAN_POINT('',(-3.466631055373,-2.202223266008));
#1699 = CARTESIAN_POINT('',(-3.530508797113,-2.123946099347));
#1700 = CARTESIAN_POINT('',(-3.576962509926,-2.059342283522));
#1701 = CARTESIAN_POINT('',(-3.621415681719,-1.992280897955));
#1702 = CARTESIAN_POINT('',(-3.664233222958,-1.923520924311));
#1703 = CARTESIAN_POINT('',(-3.705779839615,-1.853653393252));
#1704 = CARTESIAN_POINT('',(-3.746282385365,-1.782974821805));
#1705 = CARTESIAN_POINT('',(-3.785994177281,-1.711637710925));
#1706 = CARTESIAN_POINT('',(-3.867980573329,-1.560878042814));
#1707 = CARTESIAN_POINT('',(-3.910037135933,-1.481529802148));
#1708 = CARTESIAN_POINT('',(-3.951554103086,-1.401747241833));
#1709 = CARTESIAN_POINT('',(-3.992677278599,-1.321662277811));
#1710 = CARTESIAN_POINT('',(-4.033521371526,-1.241376509979));
#1711 = CARTESIAN_POINT('',(-4.074184967126,-1.160968649198));
#1712 = CARTESIAN_POINT('',(-4.114754577915,-1.080496246161));
#1713 = CARTESIAN_POINT('',(-4.155314074215,-1.));
#1714 = ( GEOMETRIC_REPRESENTATION_CONTEXT(2) 
PARAMETRIC_REPRESENTATION_CONTEXT() REPRESENTATION_CONTEXT('2D SPACE',''
  ) );
#1715 = ORIENTED_EDGE('',*,*,#1716,.T.);
#1716 = EDGE_CURVE('',#1592,#1717,#1719,.T.);
#1717 = VERTEX_POINT('',#1718);
#1718 = CARTESIAN_POINT('',(1.2,-22.2,14.1));
#1719 = SEAM_CURVE('',#1720,(#1723,#1729),.PCURVE_S1.);
#1720 = B_SPLINE_CURVE_WITH_KNOTS('',1,(#1721,#1722),.UNSPECIFIED.,.F.,
  .F.,(2,2),(0.,1.),.PIECEWISE_BEZIER_KNOTS.);
#1721 = CARTESIAN_POINT('',(3.5,-22.2,11.9));
#1722 = CARTESIAN_POINT('',(1.2,-22.2,14.1));
#1723 = PCURVE('',#919,#1724);
#1724 = DEFINITIONAL_REPRESENTATION('',(#1725),#1728);
#1725 = B_SPLINE_CURVE_WITH_KNOTS('',1,(#1726,#1727),.UNSPECIFIED.,.F.,
  .F.,(2,2),(0.,1.),.PIECEWISE_BEZIER_KNOTS.);
#1726 = CARTESIAN_POINT('',(0.,0.));
#1727 = CARTESIAN_POINT('',(0.,-2.2));
#1728 = ( GEOMETRIC_REPRESENTATION_CONTEXT(2) 
PARAMETRIC_REPRESENTATION_CONTEXT() REPRESENTATION_CONTEXT('2D SPACE',''
  ) );
#1729 = PCURVE('',#919,#1730);
#1730 = DEFINITIONAL_REPRESENTATION('',(#1731),#1734);
#1731 = B_SPLINE_CURVE_WITH_KNOTS('',1,(#1732,#1733),.UNSPECIFIED.,.F.,
  .F.,(2,2),(0.,1.),.PIECEWISE_BEZIER_KNOTS.);
#1732 = CARTESIAN_POINT('',(-6.28318530718,0.));
#1733 = CARTESIAN_POINT('',(-6.28318530718,-2.2));
#1734 = ( GEOMETRIC_REPRESENTATION_CONTEXT(2) 
PARAMETRIC_REPRESENTATION_CONTEXT() REPRESENTATION_CONTEXT('2D SPACE',''
  ) );
#1735 = ORIENTED_EDGE('',*,*,#1736,.F.);
#1736 = EDGE_CURVE('',#1717,#1717,#1737,.T.);
#1737 = SURFACE_CURVE('',#1738,(#1743,#1750),.PCURVE_S1.);
#1738 = CIRCLE('',#1739,1.2);
#1739 = AXIS2_PLACEMENT_3D('',#1740,#1741,#1742);
#1740 = CARTESIAN_POINT('',(0.,-22.2,14.1));
#1741 = DIRECTION('',(0.,0.,1.));
#1742 = DIRECTION('',(1.,0.,0.));
#1743 = PCURVE('',#919,#1744);
#1744 = DEFINITIONAL_REPRESENTATION('',(#1745),#1749);
#1745 = LINE('',#1746,#1747);
#1746 = CARTESIAN_POINT('',(-0.,-2.2));
#1747 = VECTOR('',#1748,1.);
#1748 = DIRECTION('',(-1.,-0.));
#1749 = ( GEOMETRIC_REPRESENTATION_CONTEXT(2) 
PARAMETRIC_REPRESENTATION_CONTEXT() REPRESENTATION_CONTEXT('2D SPACE',''
  ) );
#1750 = PCURVE('',#1401,#1751);
#1751 = DEFINITIONAL_REPRESENTATION('',(#1752),#1756);
#1752 = LINE('',#1753,#1754);
#1753 = CARTESIAN_POINT('',(-0.,-14.1));
#1754 = VECTOR('',#1755,1.);
#1755 = DIRECTION('',(-1.,0.));
#1756 = ( GEOMETRIC_REPRESENTATION_CONTEXT(2) 
PARAMETRIC_REPRESENTATION_CONTEXT() REPRESENTATION_CONTEXT('2D SPACE',''
  ) );
#1757 = ORIENTED_EDGE('',*,*,#1716,.F.);
#1758 = ORIENTED_EDGE('',*,*,#1759,.F.);
#1759 = EDGE_CURVE('',#1160,#1592,#1760,.T.);
#1760 = SURFACE_CURVE('',#1761,(#1792,#1826),.PCURVE_S1.);
#1761 = B_SPLINE_CURVE_WITH_KNOTS('',8,(#1762,#1763,#1764,#1765,#1766,
    #1767,#1768,#1769,#1770,#1771,#1772,#1773,#1774,#1775,#1776,#1777,
    #1778,#1779,#1780,#1781,#1782,#1783,#1784,#1785,#1786,#1787,#1788,
    #1789,#1790,#1791),.UNSPECIFIED.,.F.,.F.,(9,7,7,7,9),(0.,
    0.357787892965,0.680754511831,0.870775050919,1.),.UNSPECIFIED.);
#1762 = CARTESIAN_POINT('',(2.902935821281,-20.43872909869,12.));
#1763 = CARTESIAN_POINT('',(2.83723784899,-20.47965119192,
    12.074030192861));
#1764 = CARTESIAN_POINT('',(2.773266526549,-20.52338554599,
    12.148043188357));
#1765 = CARTESIAN_POINT('',(2.71105043035,-20.56991627222,
    12.222005451567));
#1766 = CARTESIAN_POINT('',(2.650624594367,-20.61925360884,
    12.295870651329));
#1767 = CARTESIAN_POINT('',(2.592028627208,-20.67143022025,
    12.369580109396));
#1768 = CARTESIAN_POINT('',(2.535306113399,-20.7265108487,
    12.443060120784));
#1769 = CARTESIAN_POINT('',(2.480505298906,-20.78461531844,
    12.516216145306));
#1770 = CARTESIAN_POINT('',(2.379997877994,-20.90132466624,
    12.654555403861));
#1771 = CARTESIAN_POINT('',(2.333972009618,-20.95927692677,
    12.719757229832));
#1772 = CARTESIAN_POINT('',(2.289595565363,-21.02000781649,
    12.784497998855));
#1773 = CARTESIAN_POINT('',(2.246912677175,-21.08375455498,
    12.848669121693));
#1774 = CARTESIAN_POINT('',(2.206006699609,-21.1507833332,
    12.912087735489));
#1775 = CARTESIAN_POINT('',(2.167007968941,-21.22148335682,
    12.974457971382));
#1776 = CARTESIAN_POINT('',(2.130076024305,-21.29633421652,
    13.035382043918));
#1777 = CARTESIAN_POINT('',(2.075103564808,-21.42344964275,
    13.12879854234));
#1778 = CARTESIAN_POINT('',(2.055590729306,-21.4722215846,
    13.162592736971));
#1779 = CARTESIAN_POINT('',(2.036940785734,-21.52295268723,
    13.195504089239));
#1780 = CARTESIAN_POINT('',(2.019227450468,-21.57589215861,
    13.227349190578));
#1781 = CARTESIAN_POINT('',(2.002581390059,-21.63127661816,
    13.257825696914));
#1782 = CARTESIAN_POINT('',(1.987181647675,-21.68933576651,
    13.286509810259));
#1783 = CARTESIAN_POINT('',(1.973256900885,-21.75031895227,
    13.31284357888));
#1784 = CARTESIAN_POINT('',(1.952851146036,-21.85826331892,
    13.351907475847));
#1785 = CARTESIAN_POINT('',(1.945410931822,-21.90348284792,
    13.366299852604));
#1786 = CARTESIAN_POINT('',(1.938912991615,-21.95020863999,
    13.378991921216));
#1787 = CARTESIAN_POINT('',(1.933492243524,-21.99834823973,
    13.389667568844));
#1788 = CARTESIAN_POINT('',(1.929288861451,-22.04773348169,
    13.39799647068));
#1789 = CARTESIAN_POINT('',(1.926429955935,-22.09810036329,
    13.40368004058));
#1790 = CARTESIAN_POINT('',(1.925,-22.14905133397,13.40652173913));
#1791 = CARTESIAN_POINT('',(1.925,-22.2,13.40652173913));
#1792 = PCURVE('',#919,#1793);
#1793 = DEFINITIONAL_REPRESENTATION('',(#1794),#1825);
#1794 = B_SPLINE_CURVE_WITH_KNOTS('',8,(#1795,#1796,#1797,#1798,#1799,
    #1800,#1801,#1802,#1803,#1804,#1805,#1806,#1807,#1808,#1809,#1810,
    #1811,#1812,#1813,#1814,#1815,#1816,#1817,#1818,#1819,#1820,#1821,
    #1822,#1823,#1824),.UNSPECIFIED.,.F.,.F.,(9,7,7,7,9),(0.,
    0.357787892965,0.680754511831,0.870775050919,1.),.UNSPECIFIED.);
#1795 = CARTESIAN_POINT('',(-0.545346454015,-0.1));
#1796 = CARTESIAN_POINT('',(-0.545079106144,-0.174030192861));
#1797 = CARTESIAN_POINT('',(-0.543825809194,-0.248043188357));
#1798 = CARTESIAN_POINT('',(-0.5414969504,-0.322005451567));
#1799 = CARTESIAN_POINT('',(-0.537980635185,-0.395870651329));
#1800 = CARTESIAN_POINT('',(-0.533142509256,-0.469580109396));
#1801 = CARTESIAN_POINT('',(-0.52681710285,-0.543060120784));
#1802 = CARTESIAN_POINT('',(-0.518790697123,-0.616216145306));
#1803 = CARTESIAN_POINT('',(-0.49973542452,-0.754555403861));
#1804 = CARTESIAN_POINT('',(-0.489083270892,-0.819757229832));
#1805 = CARTESIAN_POINT('',(-0.476604849306,-0.884497998855));
#1806 = CARTESIAN_POINT('',(-0.462030637919,-0.948669121692));
#1807 = CARTESIAN_POINT('',(-0.445036350743,-1.01208773549));
#1808 = CARTESIAN_POINT('',(-0.425189885801,-1.074457971381));
#1809 = CARTESIAN_POINT('',(-0.401963940666,-1.135382043918));
#1810 = CARTESIAN_POINT('',(-0.35835114914,-1.22879854234));
#1811 = CARTESIAN_POINT('',(-0.340767819419,-1.262592736971));
#1812 = CARTESIAN_POINT('',(-0.321567229525,-1.295504089239));
#1813 = CARTESIAN_POINT('',(-0.300546387941,-1.327349190578));
#1814 = CARTESIAN_POINT('',(-0.277491040708,-1.357825696914));
#1815 = CARTESIAN_POINT('',(-0.252187103562,-1.386509810259));
#1816 = CARTESIAN_POINT('',(-0.22443528696,-1.41284357888));
#1817 = CARTESIAN_POINT('',(-0.173408823798,-1.451907475847));
#1818 = CARTESIAN_POINT('',(-0.151535139598,-1.466299852604));
#1819 = CARTESIAN_POINT('',(-0.128450023057,-1.478991921216));
#1820 = CARTESIAN_POINT('',(-0.104213370901,-1.489667568844));
#1821 = CARTESIAN_POINT('',(-7.896367989421E-02,-1.49799647068));
#1822 = CARTESIAN_POINT('',(-5.293533438341E-02,-1.50368004058));
#1823 = CARTESIAN_POINT('',(-2.646683949591E-02,-1.50652173913));
#1824 = CARTESIAN_POINT('',(0.,-1.50652173913));
#1825 = ( GEOMETRIC_REPRESENTATION_CONTEXT(2) 
PARAMETRIC_REPRESENTATION_CONTEXT() REPRESENTATION_CONTEXT('2D SPACE',''
  ) );
#1826 = PCURVE('',#1204,#1827);
#1827 = DEFINITIONAL_REPRESENTATION('',(#1828),#1859);
#1828 = B_SPLINE_CURVE_WITH_KNOTS('',8,(#1829,#1830,#1831,#1832,#1833,
    #1834,#1835,#1836,#1837,#1838,#1839,#1840,#1841,#1842,#1843,#1844,
    #1845,#1846,#1847,#1848,#1849,#1850,#1851,#1852,#1853,#1854,#1855,
    #1856,#1857,#1858),.UNSPECIFIED.,.F.,.F.,(9,7,7,7,9),(0.,
    0.357787892965,0.680754511831,0.870775050919,1.),.UNSPECIFIED.);
#1829 = CARTESIAN_POINT('',(-2.127871232965,-1.));
#1830 = CARTESIAN_POINT('',(-2.165172690817,-1.074030192861));
#1831 = CARTESIAN_POINT('',(-2.202484505458,-1.148043188357));
#1832 = CARTESIAN_POINT('',(-2.239869556603,-1.222005451567));
#1833 = CARTESIAN_POINT('',(-2.277396107248,-1.295870651329));
#1834 = CARTESIAN_POINT('',(-2.315138013673,-1.369580109396));
#1835 = CARTESIAN_POINT('',(-2.353180743813,-1.443060120784));
#1836 = CARTESIAN_POINT('',(-2.391633203996,-1.516216145306));
#1837 = CARTESIAN_POINT('',(-2.465860731823,-1.654555403861));
#1838 = CARTESIAN_POINT('',(-2.501497996807,-1.719757229832));
#1839 = CARTESIAN_POINT('',(-2.537697540368,-1.784497998856));
#1840 = CARTESIAN_POINT('',(-2.574606390402,-1.848669121692));
#1841 = CARTESIAN_POINT('',(-2.612378698881,-1.91208773549));
#1842 = CARTESIAN_POINT('',(-2.651224966849,-1.974457971381));
#1843 = CARTESIAN_POINT('',(-2.691399057951,-2.035382043918));
#1844 = CARTESIAN_POINT('',(-2.758142658213,-2.12879854234));
#1845 = CARTESIAN_POINT('',(-2.78344890097,-2.162592736971));
#1846 = CARTESIAN_POINT('',(-2.809479815624,-2.195504089239));
#1847 = CARTESIAN_POINT('',(-2.836358814866,-2.227349190578));
#1848 = CARTESIAN_POINT('',(-2.86420130717,-2.257825696914));
#1849 = CARTESIAN_POINT('',(-2.893120847131,-2.286509810259));
#1850 = CARTESIAN_POINT('',(-2.92324540164,-2.31284357888));
#1851 = CARTESIAN_POINT('',(-2.976188140825,-2.351907475847));
#1852 = CARTESIAN_POINT('',(-2.998267387105,-2.366299852604));
#1853 = CARTESIAN_POINT('',(-3.020990823343,-2.378991921216));
#1854 = CARTESIAN_POINT('',(-3.044320861342,-2.389667568844));
#1855 = CARTESIAN_POINT('',(-3.068188543488,-2.39799647068));
#1856 = CARTESIAN_POINT('',(-3.09248445238,-2.40368004058));
#1857 = CARTESIAN_POINT('',(-3.1170390796,-2.40652173913));
#1858 = CARTESIAN_POINT('',(-3.14159265359,-2.40652173913));
#1859 = ( GEOMETRIC_REPRESENTATION_CONTEXT(2) 
PARAMETRIC_REPRESENTATION_CONTEXT() REPRESENTATION_CONTEXT('2D SPACE',''
  ) );
#1860 = ORIENTED_EDGE('',*,*,#1159,.T.);
#1861 = ORIENTED_EDGE('',*,*,#1862,.T.);
#1862 = EDGE_CURVE('',#1136,#965,#1863,.T.);
#1863 = SURFACE_CURVE('',#1864,(#1869,#1889),.PCURVE_S1.);
#1864 = HYPERBOLA('',#1865,2.104347826087,2.2);
#1865 = AXIS2_PLACEMENT_3D('',#1866,#1867,#1868);
#1866 = CARTESIAN_POINT('',(0.,-20.,15.247826086957));
#1867 = DIRECTION('',(0.,1.,0.));
#1868 = DIRECTION('',(-0.,0.,-1.));
#1869 = PCURVE('',#919,#1870);
#1870 = DEFINITIONAL_REPRESENTATION('',(#1871),#1888);
#1871 = B_SPLINE_CURVE_WITH_KNOTS('',8,(#1872,#1873,#1874,#1875,#1876,
    #1877,#1878,#1879,#1880,#1881,#1882,#1883,#1884,#1885,#1886,#1887),
  .UNSPECIFIED.,.F.,.F.,(9,7,9),(-1.00026186327,-2.22044604925E-16,
    1.00026186327),.UNSPECIFIED.);
#1872 = CARTESIAN_POINT('',(-0.704857158866,-0.1));
#1873 = CARTESIAN_POINT('',(-0.78586899652,-0.409316287195));
#1874 = CARTESIAN_POINT('',(-0.875697715064,-0.660605302795));
#1875 = CARTESIAN_POINT('',(-0.974659322442,-0.86123556582));
#1876 = CARTESIAN_POINT('',(-1.082589191488,-1.016640405526));
#1877 = CARTESIAN_POINT('',(-1.19867288465,-1.130686299296));
#1878 = CARTESIAN_POINT('',(-1.320731520588,-1.205880937002));
#1879 = CARTESIAN_POINT('',(-1.445763593886,-1.24347826087));
#1880 = CARTESIAN_POINT('',(-1.695829059704,-1.24347826087));
#1881 = CARTESIAN_POINT('',(-1.820861133003,-1.205880937));
#1882 = CARTESIAN_POINT('',(-1.942919768931,-1.130686299303));
#1883 = CARTESIAN_POINT('',(-2.0590034621,-1.016640405515));
#1884 = CARTESIAN_POINT('',(-2.166933331141,-0.861235565827));
#1885 = CARTESIAN_POINT('',(-2.265894938526,-0.660605302794));
#1886 = CARTESIAN_POINT('',(-2.355723657069,-0.409316287195));
#1887 = CARTESIAN_POINT('',(-2.436735494724,-0.1));
#1888 = ( GEOMETRIC_REPRESENTATION_CONTEXT(2) 
PARAMETRIC_REPRESENTATION_CONTEXT() REPRESENTATION_CONTEXT('2D SPACE',''
  ) );
#1889 = PCURVE('',#1005,#1890);
#1890 = DEFINITIONAL_REPRESENTATION('',(#1891),#1908);
#1891 = B_SPLINE_CURVE_WITH_KNOTS('',8,(#1892,#1893,#1894,#1895,#1896,
    #1897,#1898,#1899,#1900,#1901,#1902,#1903,#1904,#1905,#1906,#1907),
  .UNSPECIFIED.,.F.,.F.,(9,7,9),(-1.00026186327,-2.22044604925E-16,
    1.00026186327),.UNSPECIFIED.);
#1892 = CARTESIAN_POINT('',(-5.578328148314,-0.1));
#1893 = CARTESIAN_POINT('',(-5.497316310659,-0.409316287195));
#1894 = CARTESIAN_POINT('',(-5.407487592105,-0.660605302796));
#1895 = CARTESIAN_POINT('',(-5.308525984761,-0.861235565819));
#1896 = CARTESIAN_POINT('',(-5.20059611565,-1.016640405521));
#1897 = CARTESIAN_POINT('',(-5.084512422542,-1.130686299294));
#1898 = CARTESIAN_POINT('',(-4.96245378658,-1.205880937002));
#1899 = CARTESIAN_POINT('',(-4.837421713293,-1.24347826087));
#1900 = CARTESIAN_POINT('',(-4.587356247476,-1.24347826087));
#1901 = CARTESIAN_POINT('',(-4.462324174176,-1.205880937001));
#1902 = CARTESIAN_POINT('',(-4.340265538238,-1.130686299298));
#1903 = CARTESIAN_POINT('',(-4.22418184506,-1.016640405517));
#1904 = CARTESIAN_POINT('',(-4.116251976033,-0.861235565822));
#1905 = CARTESIAN_POINT('',(-4.017290368653,-0.660605302794));
#1906 = CARTESIAN_POINT('',(-3.92746165011,-0.409316287195));
#1907 = CARTESIAN_POINT('',(-3.846449812456,-0.1));
#1908 = ( GEOMETRIC_REPRESENTATION_CONTEXT(2) 
PARAMETRIC_REPRESENTATION_CONTEXT() REPRESENTATION_CONTEXT('2D SPACE',''
  ) );
#1909 = ORIENTED_EDGE('',*,*,#964,.T.);
#1910 = ORIENTED_EDGE('',*,*,#1911,.F.);
#1911 = EDGE_CURVE('',#1912,#932,#1914,.T.);
#1912 = VERTEX_POINT('',#1913);
#1913 = CARTESIAN_POINT('',(-1.925,-22.2,13.40652173913));
#1914 = SURFACE_CURVE('',#1915,(#1953,#1994),.PCURVE_S1.);
#1915 = B_SPLINE_CURVE_WITH_KNOTS('',8,(#1916,#1917,#1918,#1919,#1920,
    #1921,#1922,#1923,#1924,#1925,#1926,#1927,#1928,#1929,#1930,#1931,
    #1932,#1933,#1934,#1935,#1936,#1937,#1938,#1939,#1940,#1941,#1942,
    #1943,#1944,#1945,#1946,#1947,#1948,#1949,#1950,#1951,#1952),
  .UNSPECIFIED.,.F.,.F.,(9,7,7,7,7,9),(0.,8.967785835845E-02,
    0.153151931458,0.256705856037,0.6164809307,1.),.UNSPECIFIED.);
#1916 = CARTESIAN_POINT('',(-1.925,-22.2,13.40652173913));
#1917 = CARTESIAN_POINT('',(-1.925,-22.16465903051,13.40652173913));
#1918 = CARTESIAN_POINT('',(-1.925687936411,-22.12932762488,
    13.405154467502));
#1919 = CARTESIAN_POINT('',(-1.927063043817,-22.09418906221,
    13.40242120864));
#1920 = CARTESIAN_POINT('',(-1.929106131307,-22.05938969234,
    13.398366168827));
#1921 = CARTESIAN_POINT('',(-1.931785420661,-22.02504751152,
    13.393063650012));
#1922 = CARTESIAN_POINT('',(-1.935061013737,-21.99125864154,
    13.386607533575));
#1923 = CARTESIAN_POINT('',(-1.938887989062,-21.958101712,
    13.379103074066));
#1924 = CARTESIAN_POINT('',(-1.946283003795,-21.90266381892,
    13.364685697002));
#1925 = CARTESIAN_POINT('',(-1.94960162592,-21.88002360077,
    13.358237401036));
#1926 = CARTESIAN_POINT('',(-1.953159024981,-21.85772984178,
    13.351351393095));
#1927 = CARTESIAN_POINT('',(-1.956940626997,-21.83578804755,
    13.344062002958));
#1928 = CARTESIAN_POINT('',(-1.960932549564,-21.81419939002,
    13.336401959376));
#1929 = CARTESIAN_POINT('',(-1.965121898412,-21.79296121836,
    13.328401737322));
#1930 = CARTESIAN_POINT('',(-1.969497063955,-21.77206756995,
    13.320088905231));
#1931 = CARTESIAN_POINT('',(-1.981472610481,-21.71797078969,
    13.297454779868));
#1932 = CARTESIAN_POINT('',(-1.989362771514,-21.68533523965,
    13.282658295979));
#1933 = CARTESIAN_POINT('',(-1.997675713508,-21.65355832853,
    13.267201289315));
#1934 = CARTESIAN_POINT('',(-2.006374229508,-21.62259733313,
    13.25117288442));
#1935 = CARTESIAN_POINT('',(-2.015426688285,-21.59241038421,
    13.234648617438));
#1936 = CARTESIAN_POINT('',(-2.024807029581,-21.56295534095,
    13.217690991902));
#1937 = CARTESIAN_POINT('',(-2.034494759361,-21.53418866545,
    13.200350034521));
#1938 = CARTESIAN_POINT('',(-2.079148880084,-21.40835243661,
    13.121217140614));
#1939 = CARTESIAN_POINT('',(-2.11725553458,-21.31866876404,
    13.055776769602));
#1940 = CARTESIAN_POINT('',(-2.15820530222,-21.23486071696,
    12.987862131727));
#1941 = CARTESIAN_POINT('',(-2.201696089791,-21.15621841129,
    12.918240622264));
#1942 = CARTESIAN_POINT('',(-2.247456575604,-21.08201969218,
    12.847511780593));
#1943 = CARTESIAN_POINT('',(-2.295347493666,-21.01184868826,
    12.775973349662));
#1944 = CARTESIAN_POINT('',(-2.345312618562,-20.94526227346,
    12.70377804386));
#1945 = CARTESIAN_POINT('',(-2.452993097812,-20.81434324155,
    12.553189012964));
#1946 = CARTESIAN_POINT('',(-2.510857088802,-20.75062432175,
    12.474903936981));
#1947 = CARTESIAN_POINT('',(-2.570951629671,-20.69043035954,
    12.396205476046));
#1948 = CARTESIAN_POINT('',(-2.63321472756,-20.63360200758,
    12.317218171929));
#1949 = CARTESIAN_POINT('',(-2.697590498086,-20.58004850542,
    12.238038391521));
#1950 = CARTESIAN_POINT('',(-2.76402907902,-20.5297211939,12.15874114939
    ));
#1951 = CARTESIAN_POINT('',(-2.8324885604,-20.48260943893,
    12.079381815415));
#1952 = CARTESIAN_POINT('',(-2.902935821281,-20.43872909869,12.));
#1953 = PCURVE('',#919,#1954);
#1954 = DEFINITIONAL_REPRESENTATION('',(#1955),#1993);
#1955 = B_SPLINE_CURVE_WITH_KNOTS('',8,(#1956,#1957,#1958,#1959,#1960,
    #1961,#1962,#1963,#1964,#1965,#1966,#1967,#1968,#1969,#1970,#1971,
    #1972,#1973,#1974,#1975,#1976,#1977,#1978,#1979,#1980,#1981,#1982,
    #1983,#1984,#1985,#1986,#1987,#1988,#1989,#1990,#1991,#1992),
  .UNSPECIFIED.,.F.,.F.,(9,7,7,7,7,9),(0.,8.967785835845E-02,
    0.153151931458,0.256705856037,0.6164809307,1.),.UNSPECIFIED.);
#1956 = CARTESIAN_POINT('',(-3.14159265359,-1.50652173913));
#1957 = CARTESIAN_POINT('',(-3.123233708403,-1.50652173913));
#1958 = CARTESIAN_POINT('',(-3.104879704689,-1.505154467502));
#1959 = CARTESIAN_POINT('',(-3.086671059649,-1.50242120864));
#1960 = CARTESIAN_POINT('',(-3.068728661947,-1.498366168827));
#1961 = CARTESIAN_POINT('',(-3.051152822001,-1.493063650012));
#1962 = CARTESIAN_POINT('',(-3.034023447791,-1.486607533575));
#1963 = CARTESIAN_POINT('',(-3.017401446197,-1.479103074066));
#1964 = CARTESIAN_POINT('',(-2.989956920469,-1.464685697002));
#1965 = CARTESIAN_POINT('',(-2.978852902794,-1.458237401036));
#1966 = CARTESIAN_POINT('',(-2.968029255186,-1.451351393095));
#1967 = CARTESIAN_POINT('',(-2.957491539492,-1.444062002958));
#1968 = CARTESIAN_POINT('',(-2.947241533633,-1.436401959376));
#1969 = CARTESIAN_POINT('',(-2.93727784417,-1.428401737322));
#1970 = CARTESIAN_POINT('',(-2.927596518868,-1.420088905231));
#1971 = CARTESIAN_POINT('',(-2.902848227288,-1.397454779868));
#1972 = CARTESIAN_POINT('',(-2.88824516154,-1.382658295979));
#1973 = CARTESIAN_POINT('',(-2.874353139678,-1.367201289315));
#1974 = CARTESIAN_POINT('',(-2.861139856989,-1.35117288442));
#1975 = CARTESIAN_POINT('',(-2.848570928002,-1.334648617438));
#1976 = CARTESIAN_POINT('',(-2.836610788091,-1.317690991902));
#1977 = CARTESIAN_POINT('',(-2.825223595088,-1.300350034521));
#1978 = CARTESIAN_POINT('',(-2.776680081093,-1.221217140614));
#1979 = CARTESIAN_POINT('',(-2.745581679106,-1.155776769603));
#1980 = CARTESIAN_POINT('',(-2.719472213608,-1.087862131726));
#1981 = CARTESIAN_POINT('',(-2.697509891528,-1.018240622265));
#1982 = CARTESIAN_POINT('',(-2.678941662869,-0.947511780592));
#1983 = CARTESIAN_POINT('',(-2.663258589767,-0.875973349662));
#1984 = CARTESIAN_POINT('',(-2.650022096574,-0.80377804386));
#1985 = CARTESIAN_POINT('',(-2.627051721311,-0.653189012964));
#1986 = CARTESIAN_POINT('',(-2.617636915414,-0.574903936981));
#1987 = CARTESIAN_POINT('',(-2.61026709129,-0.496205476046));
#1988 = CARTESIAN_POINT('',(-2.604665555,-0.417218171929));
#1989 = CARTESIAN_POINT('',(-2.600618179211,-0.338038391521));
#1990 = CARTESIAN_POINT('',(-2.597952836929,-0.25874114939));
#1991 = CARTESIAN_POINT('',(-2.596532873951,-0.179381815415));
#1992 = CARTESIAN_POINT('',(-2.596246199575,-1.E-01));
#1993 = ( GEOMETRIC_REPRESENTATION_CONTEXT(2) 
PARAMETRIC_REPRESENTATION_CONTEXT() REPRESENTATION_CONTEXT('2D SPACE',''
  ) );
#1994 = PCURVE('',#952,#1995);
#1995 = DEFINITIONAL_REPRESENTATION('',(#1996),#2034);
#1996 = B_SPLINE_CURVE_WITH_KNOTS('',8,(#1997,#1998,#1999,#2000,#2001,
    #2002,#2003,#2004,#2005,#2006,#2007,#2008,#2009,#2010,#2011,#2012,
    #2013,#2014,#2015,#2016,#2017,#2018,#2019,#2020,#2021,#2022,#2023,
    #2024,#2025,#2026,#2027,#2028,#2029,#2030,#2031,#2032,#2033),
  .UNSPECIFIED.,.F.,.F.,(9,7,7,7,7,9),(0.,8.967785835845E-02,
    0.153151931458,0.256705856037,0.6164809307,1.),.UNSPECIFIED.);
#1997 = CARTESIAN_POINT('',(0.,-2.40652173913));
#1998 = CARTESIAN_POINT('',(-1.7031792523E-02,-2.40652173913));
#1999 = CARTESIAN_POINT('',(-3.405897026606E-02,-2.405154467502));
#2000 = CARTESIAN_POINT('',(-5.100075874223E-02,-2.40242120864));
#2001 = CARTESIAN_POINT('',(-6.779410128054E-02,-2.398366168827));
#2002 = CARTESIAN_POINT('',(-8.438888834002E-02,-2.393063650012));
#2003 = CARTESIAN_POINT('',(-0.100744440301,-2.386607533575));
#2004 = CARTESIAN_POINT('',(-0.116827243737,-2.379103074066));
#2005 = CARTESIAN_POINT('',(-0.143780949341,-2.364685697002));
#2006 = CARTESIAN_POINT('',(-0.154807565396,-2.358237401036));
#2007 = CARTESIAN_POINT('',(-0.16568602574,-2.351351393095));
#2008 = CARTESIAN_POINT('',(-0.176414656082,-2.344062002958));
#2009 = CARTESIAN_POINT('',(-0.186993669136,-2.336401959376));
#2010 = CARTESIAN_POINT('',(-0.197424962351,-2.328401737322));
#2011 = CARTESIAN_POINT('',(-0.207711915627,-2.320088905231));
#2012 = CARTESIAN_POINT('',(-0.234413822057,-2.297454779868));
#2013 = CARTESIAN_POINT('',(-0.250591905449,-2.282658295979));
#2014 = CARTESIAN_POINT('',(-0.266416896198,-2.267201289315));
#2015 = CARTESIAN_POINT('',(-0.281910647209,-2.25117288442));
#2016 = CARTESIAN_POINT('',(-0.297094171993,-2.234648617438));
#2017 = CARTESIAN_POINT('',(-0.311988409353,-2.217690991902));
#2018 = CARTESIAN_POINT('',(-0.326614988062,-2.200350034521));
#2019 = CARTESIAN_POINT('',(-0.390964063271,-2.121217140614));
#2020 = CARTESIAN_POINT('',(-0.437838257487,-2.055776769603));
#2021 = CARTESIAN_POINT('',(-0.482691349804,-1.987862131727));
#2022 = CARTESIAN_POINT('',(-0.52589265506,-1.918240622265));
#2023 = CARTESIAN_POINT('',(-0.567814736993,-1.847511780592));
#2024 = CARTESIAN_POINT('',(-0.608686926324,-1.775973349662));
#2025 = CARTESIAN_POINT('',(-0.648766896002,-1.70377804386));
#2026 = CARTESIAN_POINT('',(-0.73046022271,-1.553189012964));
#2027 = CARTESIAN_POINT('',(-0.771890866833,-1.474903936981));
#2028 = CARTESIAN_POINT('',(-0.812806363902,-1.396205476046));
#2029 = CARTESIAN_POINT('',(-0.853345209692,-1.317218171929));
#2030 = CARTESIAN_POINT('',(-0.893616806975,-1.238038391521));
#2031 = CARTESIAN_POINT('',(-0.933715280081,-1.15874114939));
#2032 = CARTESIAN_POINT('',(-0.973723450506,-1.079381815415));
#2033 = CARTESIAN_POINT('',(-1.013721420625,-1.));
#2034 = ( GEOMETRIC_REPRESENTATION_CONTEXT(2) 
PARAMETRIC_REPRESENTATION_CONTEXT() REPRESENTATION_CONTEXT('2D SPACE',''
  ) );
#2035 = ORIENTED_EDGE('',*,*,#2036,.F.);
#2036 = EDGE_CURVE('',#901,#1912,#2037,.T.);
#2037 = SURFACE_CURVE('',#2038,(#2077,#2119),.PCURVE_S1.);
#2038 = B_SPLINE_CURVE_WITH_KNOTS('',7,(#2039,#2040,#2041,#2042,#2043,
    #2044,#2045,#2046,#2047,#2048,#2049,#2050,#2051,#2052,#2053,#2054,
    #2055,#2056,#2057,#2058,#2059,#2060,#2061,#2062,#2063,#2064,#2065,
    #2066,#2067,#2068,#2069,#2070,#2071,#2072,#2073,#2074,#2075,#2076),
  .UNSPECIFIED.,.F.,.F.,(8,6,6,6,6,6,8),(0.,0.180765347545,
    0.357058039987,0.525488788979,0.679420200298,0.870688692979,1.),
  .UNSPECIFIED.);
#2039 = CARTESIAN_POINT('',(-2.902935821281,-23.9612709013,12.));
#2040 = CARTESIAN_POINT('',(-2.865010164578,-23.93764768729,
    12.042735621546));
#2041 = CARTESIAN_POINT('',(-2.82766985448,-23.91306668845,
    12.085467708825));
#2042 = CARTESIAN_POINT('',(-2.79092227225,-23.88753134485,
    12.128187734094));
#2043 = CARTESIAN_POINT('',(-2.754774981888,-23.86104244521,
    12.170886211604));
#2044 = CARTESIAN_POINT('',(-2.719235730655,-23.83359728301,
    12.21355249831));
#2045 = CARTESIAN_POINT('',(-2.684312449587,-23.80518881268,
    12.2561745946));
#2046 = CARTESIAN_POINT('',(-2.616562719286,-23.74714784364,
    12.340250130853));
#2047 = CARTESIAN_POINT('',(-2.583706229986,-23.71756347856,
    12.381705828305));
#2048 = CARTESIAN_POINT('',(-2.551451032032,-23.68703966275,
    12.423093720813));
#2049 = CARTESIAN_POINT('',(-2.519805347267,-23.6555607067,
    12.464399171985));
#2050 = CARTESIAN_POINT('',(-2.488778408753,-23.62310521293,
    12.505604655006));
#2051 = CARTESIAN_POINT('',(-2.458380496076,-23.58964400989,
    12.546689182057));
#2052 = CARTESIAN_POINT('',(-2.400192510898,-23.52217098685,
    12.626740591015));
#2053 = CARTESIAN_POINT('',(-2.372347729297,-23.48825178479,
    12.665718663567));
#2054 = CARTESIAN_POINT('',(-2.345097736685,-23.45334420035,
    12.704540966851));
#2055 = CARTESIAN_POINT('',(-2.318454413221,-23.41740703236,
    12.743180874397));
#2056 = CARTESIAN_POINT('',(-2.292432651211,-23.38038900683,
    12.78160440103));
#2057 = CARTESIAN_POINT('',(-2.267050597938,-23.34222362609,
    12.819768486114));
#2058 = CARTESIAN_POINT('',(-2.219737277019,-23.26681611932,
    12.892211687407));
#2059 = CARTESIAN_POINT('',(-2.197700249791,-23.22978200856,
    12.926537479547));
#2060 = CARTESIAN_POINT('',(-2.176232451548,-23.19165108831,
    12.960559615305));
#2061 = CARTESIAN_POINT('',(-2.155355959438,-23.15234231374,
    12.994224410642));
#2062 = CARTESIAN_POINT('',(-2.135100265359,-23.11176292784,
    13.027460864703));
#2063 = CARTESIAN_POINT('',(-2.115503186119,-23.06979706672,
    13.060176044977));
#2064 = CARTESIAN_POINT('',(-2.073142469762,-22.97221707753,
    13.132095919365));
#2065 = CARTESIAN_POINT('',(-2.050816728542,-22.91588368258,
    13.170859920577));
#2066 = CARTESIAN_POINT('',(-2.029655810375,-22.85683983047,
    13.208421622753));
#2067 = CARTESIAN_POINT('',(-2.009803247397,-22.79469026379,
    13.244440809871));
#2068 = CARTESIAN_POINT('',(-1.991516310101,-22.72905675389,
    13.278328144456));
#2069 = CARTESIAN_POINT('',(-1.975135649984,-22.65957164628,
    13.309248202081));
#2070 = CARTESIAN_POINT('',(-1.951705536264,-22.53570870347,
    13.354099760666));
#2071 = CARTESIAN_POINT('',(-1.943348392617,-22.48370970243,
    13.370296895629));
#2072 = CARTESIAN_POINT('',(-1.936281497544,-22.42970443441,
    13.384150355357));
#2073 = CARTESIAN_POINT('',(-1.930726068544,-22.3738700729,
    13.39513904945));
#2074 = CARTESIAN_POINT('',(-1.926909235557,-22.31653719257,
    13.402727587348));
#2075 = CARTESIAN_POINT('',(-1.925,-22.25826713497,13.40652173913));
#2076 = CARTESIAN_POINT('',(-1.925,-22.2,13.40652173913));
#2077 = PCURVE('',#919,#2078);
#2078 = DEFINITIONAL_REPRESENTATION('',(#2079),#2118);
#2079 = B_SPLINE_CURVE_WITH_KNOTS('',7,(#2080,#2081,#2082,#2083,#2084,
    #2085,#2086,#2087,#2088,#2089,#2090,#2091,#2092,#2093,#2094,#2095,
    #2096,#2097,#2098,#2099,#2100,#2101,#2102,#2103,#2104,#2105,#2106,
    #2107,#2108,#2109,#2110,#2111,#2112,#2113,#2114,#2115,#2116,#2117),
  .UNSPECIFIED.,.F.,.F.,(8,6,6,6,6,6,8),(0.,0.180765347545,
    0.357058039987,0.525488788979,0.679420200298,0.870688692979,1.),
  .UNSPECIFIED.);
#2080 = CARTESIAN_POINT('',(-3.686939107604,-0.1));
#2081 = CARTESIAN_POINT('',(-3.686784774933,-0.142735621546));
#2082 = CARTESIAN_POINT('',(-3.686295133691,-0.185467708825));
#2083 = CARTESIAN_POINT('',(-3.685451338846,-0.228187734094));
#2084 = CARTESIAN_POINT('',(-3.684232240349,-0.270886211604));
#2085 = CARTESIAN_POINT('',(-3.682613662499,-0.31355249831));
#2086 = CARTESIAN_POINT('',(-3.680567683298,-0.3561745946));
#2087 = CARTESIAN_POINT('',(-3.675618144279,-0.440250130853));
#2088 = CARTESIAN_POINT('',(-3.672737122292,-0.481705828305));
#2089 = CARTESIAN_POINT('',(-3.669388493497,-0.523093720813));
#2090 = CARTESIAN_POINT('',(-3.665538127622,-0.564399171985));
#2091 = CARTESIAN_POINT('',(-3.661146592247,-0.605604655006));
#2092 = CARTESIAN_POINT('',(-3.656167626576,-0.646689182057));
#2093 = CARTESIAN_POINT('',(-3.645176278288,-0.726740591015));
#2094 = CARTESIAN_POINT('',(-3.639220188472,-0.765718663567));
#2095 = CARTESIAN_POINT('',(-3.632629863459,-0.804540966851));
#2096 = CARTESIAN_POINT('',(-3.6253507241,-0.843180874397));
#2097 = CARTESIAN_POINT('',(-3.61731886466,-0.88160440103));
#2098 = CARTESIAN_POINT('',(-3.60845782308,-0.919768486114));
#2099 = CARTESIAN_POINT('',(-3.589735002136,-0.992211687407));
#2100 = CARTESIAN_POINT('',(-3.58002609654,-1.026537479547));
#2101 = CARTESIAN_POINT('',(-3.569477213964,-1.060559615305));
#2102 = CARTESIAN_POINT('',(-3.558005601985,-1.094224410642));
#2103 = CARTESIAN_POINT('',(-3.545516267586,-1.127460864703));
#2104 = CARTESIAN_POINT('',(-3.531896542139,-1.160176044977));
#2105 = CARTESIAN_POINT('',(-3.498503927632,-1.232095919365));
#2106 = CARTESIAN_POINT('',(-3.478081664577,-1.270859920576));
#2107 = CARTESIAN_POINT('',(-3.455432541438,-1.308421622754));
#2108 = CARTESIAN_POINT('',(-3.430220752897,-1.344440809871));
#2109 = CARTESIAN_POINT('',(-3.402088533542,-1.378328144456));
#2110 = CARTESIAN_POINT('',(-3.370699277292,-1.409248202081));
#2111 = CARTESIAN_POINT('',(-3.31215471837,-1.454099760666));
#2112 = CARTESIAN_POINT('',(-3.28691216366,-1.470296895629));
#2113 = CARTESIAN_POINT('',(-3.26005393853,-1.484150355357));
#2114 = CARTESIAN_POINT('',(-3.231696651904,-1.495139049449));
#2115 = CARTESIAN_POINT('',(-3.202132069012,-1.502727587348));
#2116 = CARTESIAN_POINT('',(-3.171861295133,-1.50652173913));
#2117 = CARTESIAN_POINT('',(-3.14159265359,-1.50652173913));
#2118 = ( GEOMETRIC_REPRESENTATION_CONTEXT(2) 
PARAMETRIC_REPRESENTATION_CONTEXT() REPRESENTATION_CONTEXT('2D SPACE',''
  ) );
#2119 = PCURVE('',#952,#2120);
#2120 = DEFINITIONAL_REPRESENTATION('',(#2121),#2160);
#2121 = B_SPLINE_CURVE_WITH_KNOTS('',7,(#2122,#2123,#2124,#2125,#2126,
    #2127,#2128,#2129,#2130,#2131,#2132,#2133,#2134,#2135,#2136,#2137,
    #2138,#2139,#2140,#2141,#2142,#2143,#2144,#2145,#2146,#2147,#2148,
    #2149,#2150,#2151,#2152,#2153,#2154,#2155,#2156,#2157,#2158,#2159),
  .UNSPECIFIED.,.F.,.F.,(8,6,6,6,6,6,8),(0.,0.180765347545,
    0.357058039987,0.525488788979,0.679420200298,0.870688692979,1.),
  .UNSPECIFIED.);
#2122 = CARTESIAN_POINT('',(-5.269463886555,-1.));
#2123 = CARTESIAN_POINT('',(-5.290997006006,-1.042735621546));
#2124 = CARTESIAN_POINT('',(-5.312534716765,-1.085467708825));
#2125 = CARTESIAN_POINT('',(-5.334089455603,-1.128187734094));
#2126 = CARTESIAN_POINT('',(-5.35567423994,-1.170886211604));
#2127 = CARTESIAN_POINT('',(-5.37730315538,-1.21355249831));
#2128 = CARTESIAN_POINT('',(-5.398991843229,-1.2561745946));
#2129 = CARTESIAN_POINT('',(-5.441985575736,-1.340250130853));
#2130 = CARTESIAN_POINT('',(-5.463286512579,-1.381705828305));
#2131 = CARTESIAN_POINT('',(-5.484677605922,-1.423093720813));
#2132 = CARTESIAN_POINT('',(-5.506176813207,-1.464399171985));
#2133 = CARTESIAN_POINT('',(-5.527804324691,-1.505604655006));
#2134 = CARTESIAN_POINT('',(-5.549583646175,-1.546689182057));
#2135 = CARTESIAN_POINT('',(-5.592522432847,-1.626740591015));
#2136 = CARTESIAN_POINT('',(-5.613665291311,-1.665718663567));
#2137 = CARTESIAN_POINT('',(-5.634996847661,-1.704540966851));
#2138 = CARTESIAN_POINT('',(-5.656544397255,-1.743180874397));
#2139 = CARTESIAN_POINT('',(-5.678339571313,-1.78160440103));
#2140 = CARTESIAN_POINT('',(-5.700420967952,-1.819768486114));
#2141 = CARTESIAN_POINT('',(-5.743322936131,-1.892211687407));
#2142 = CARTESIAN_POINT('',(-5.76408571926,-1.926537479547));
#2143 = CARTESIAN_POINT('',(-5.785164446218,-1.960559615305));
#2144 = CARTESIAN_POINT('',(-5.806602419221,-1.994224410642));
#2145 = CARTESIAN_POINT('',(-5.828448048746,-2.027460864703));
#2146 = CARTESIAN_POINT('',(-5.850760730104,-2.060176044977));
#2147 = CARTESIAN_POINT('',(-5.902027249034,-2.132095919365));
#2148 = CARTESIAN_POINT('',(-5.931214995832,-2.170859920576));
#2149 = CARTESIAN_POINT('',(-5.96141503023,-2.208421622754));
#2150 = CARTESIAN_POINT('',(-5.992820544706,-2.244440809871));
#2151 = CARTESIAN_POINT('',(-6.025615675104,-2.278328144456));
#2152 = CARTESIAN_POINT('',(-6.059986271611,-2.309248202081));
#2153 = CARTESIAN_POINT('',(-6.120737840345,-2.354099760666));
#2154 = CARTESIAN_POINT('',(-6.146109416192,-2.370296895629));
#2155 = CARTESIAN_POINT('',(-6.172339931224,-2.384150355357));
#2156 = CARTESIAN_POINT('',(-6.199356130652,-2.395139049449));
#2157 = CARTESIAN_POINT('',(-6.227022881674,-2.402727587348));
#2158 = CARTESIAN_POINT('',(-6.255104760205,-2.40652173913));
#2159 = CARTESIAN_POINT('',(-6.28318530718,-2.40652173913));
#2160 = ( GEOMETRIC_REPRESENTATION_CONTEXT(2) 
PARAMETRIC_REPRESENTATION_CONTEXT() REPRESENTATION_CONTEXT('2D SPACE',''
  ) );
#2161 = ORIENTED_EDGE('',*,*,#900,.T.);
#2162 = ADVANCED_FACE('',(#2163),#1204,.F.);
#2163 = FACE_BOUND('',#2164,.T.);
#2164 = EDGE_LOOP('',(#2165,#2166,#2189,#2216,#2217,#2218,#2219));
#2165 = ORIENTED_EDGE('',*,*,#1183,.T.);
#2166 = ORIENTED_EDGE('',*,*,#2167,.T.);
#2167 = EDGE_CURVE('',#1184,#2168,#2170,.T.);
#2168 = VERTEX_POINT('',#2169);
#2169 = CARTESIAN_POINT('',(6.075,-22.2,22.));
#2170 = SEAM_CURVE('',#2171,(#2175,#2182),.PCURVE_S1.);
#2171 = LINE('',#2172,#2173);
#2172 = CARTESIAN_POINT('',(6.075,-22.2,11.));
#2173 = VECTOR('',#2174,1.);
#2174 = DIRECTION('',(0.,0.,1.));
#2175 = PCURVE('',#1204,#2176);
#2176 = DEFINITIONAL_REPRESENTATION('',(#2177),#2181);
#2177 = LINE('',#2178,#2179);
#2178 = CARTESIAN_POINT('',(-6.28318530718,0.));
#2179 = VECTOR('',#2180,1.);
#2180 = DIRECTION('',(-0.,-1.));
#2181 = ( GEOMETRIC_REPRESENTATION_CONTEXT(2) 
PARAMETRIC_REPRESENTATION_CONTEXT() REPRESENTATION_CONTEXT('2D SPACE',''
  ) );
#2182 = PCURVE('',#1204,#2183);
#2183 = DEFINITIONAL_REPRESENTATION('',(#2184),#2188);
#2184 = LINE('',#2185,#2186);
#2185 = CARTESIAN_POINT('',(-0.,0.));
#2186 = VECTOR('',#2187,1.);
#2187 = DIRECTION('',(-0.,-1.));
#2188 = ( GEOMETRIC_REPRESENTATION_CONTEXT(2) 
PARAMETRIC_REPRESENTATION_CONTEXT() REPRESENTATION_CONTEXT('2D SPACE',''
  ) );
#2189 = ORIENTED_EDGE('',*,*,#2190,.T.);
#2190 = EDGE_CURVE('',#2168,#2168,#2191,.T.);
#2191 = SURFACE_CURVE('',#2192,(#2197,#2204),.PCURVE_S1.);
#2192 = CIRCLE('',#2193,2.075);
#2193 = AXIS2_PLACEMENT_3D('',#2194,#2195,#2196);
#2194 = CARTESIAN_POINT('',(4.,-22.2,22.));
#2195 = DIRECTION('',(0.,0.,1.));
#2196 = DIRECTION('',(1.,0.,0.));
#2197 = PCURVE('',#1204,#2198);
#2198 = DEFINITIONAL_REPRESENTATION('',(#2199),#2203);
#2199 = LINE('',#2200,#2201);
#2200 = CARTESIAN_POINT('',(-0.,-11.));
#2201 = VECTOR('',#2202,1.);
#2202 = DIRECTION('',(-1.,0.));
#2203 = ( GEOMETRIC_REPRESENTATION_CONTEXT(2) 
PARAMETRIC_REPRESENTATION_CONTEXT() REPRESENTATION_CONTEXT('2D SPACE',''
  ) );
#2204 = PCURVE('',#2205,#2210);
#2205 = PLANE('',#2206);
#2206 = AXIS2_PLACEMENT_3D('',#2207,#2208,#2209);
#2207 = CARTESIAN_POINT('',(4.,-22.2,22.));
#2208 = DIRECTION('',(0.,0.,1.));
#2209 = DIRECTION('',(1.,0.,-0.));
#2210 = DEFINITIONAL_REPRESENTATION('',(#2211),#2215);
#2211 = CIRCLE('',#2212,2.075);
#2212 = AXIS2_PLACEMENT_2D('',#2213,#2214);
#2213 = CARTESIAN_POINT('',(0.,0.));
#2214 = DIRECTION('',(1.,0.));
#2215 = ( GEOMETRIC_REPRESENTATION_CONTEXT(2) 
PARAMETRIC_REPRESENTATION_CONTEXT() REPRESENTATION_CONTEXT('2D SPACE',''
  ) );
#2216 = ORIENTED_EDGE('',*,*,#2167,.F.);
#2217 = ORIENTED_EDGE('',*,*,#1216,.T.);
#2218 = ORIENTED_EDGE('',*,*,#1591,.F.);
#2219 = ORIENTED_EDGE('',*,*,#1759,.F.);
#2220 = ADVANCED_FACE('',(#2221),#1005,.F.);
#2221 = FACE_BOUND('',#2222,.F.);
#2222 = EDGE_LOOP('',(#2223,#2348,#2368,#2390,#2391,#2493,#2494,#2619,
    #2745,#2746,#2747));
#2223 = ORIENTED_EDGE('',*,*,#2224,.F.);
#2224 = EDGE_CURVE('',#2225,#1108,#2227,.T.);
#2225 = VERTEX_POINT('',#2226);
#2226 = CARTESIAN_POINT('',(1.925,-17.8,13.40652173913));
#2227 = SURFACE_CURVE('',#2228,(#2266,#2307),.PCURVE_S1.);
#2228 = B_SPLINE_CURVE_WITH_KNOTS('',8,(#2229,#2230,#2231,#2232,#2233,
    #2234,#2235,#2236,#2237,#2238,#2239,#2240,#2241,#2242,#2243,#2244,
    #2245,#2246,#2247,#2248,#2249,#2250,#2251,#2252,#2253,#2254,#2255,
    #2256,#2257,#2258,#2259,#2260,#2261,#2262,#2263,#2264,#2265),
  .UNSPECIFIED.,.F.,.F.,(9,7,7,7,7,9),(0.,8.857023258997E-02,
    0.1519305167,0.255296473634,0.611098098399,1.),.UNSPECIFIED.);
#2229 = CARTESIAN_POINT('',(1.925,-17.8,13.40652173913));
#2230 = CARTESIAN_POINT('',(1.925,-17.83487802152,13.40652173913));
#2231 = CARTESIAN_POINT('',(1.925670018857,-17.86976397803,
    13.405190069289));
#2232 = CARTESIAN_POINT('',(1.927010526086,-17.90447355619,
    13.402525590322));
#2233 = CARTESIAN_POINT('',(1.929003534444,-17.93885874332,
    13.398569803027));
#2234 = CARTESIAN_POINT('',(1.931618420303,-17.97280066301,
    13.393394170308));
#2235 = CARTESIAN_POINT('',(1.934816557346,-18.00620411957,
    13.387089389289));
#2236 = CARTESIAN_POINT('',(1.938554763588,-18.03899385135,
    13.37975661352));
#2237 = CARTESIAN_POINT('',(1.945815568816,-18.0940891318,
    13.365594557895));
#2238 = CARTESIAN_POINT('',(1.949098020898,-18.11673222536,
    13.359213424258));
#2239 = CARTESIAN_POINT('',(1.952619992603,-18.1390308602,
    13.352392389496));
#2240 = CARTESIAN_POINT('',(1.956366919288,-18.16097905822,
    13.345165753416));
#2241 = CARTESIAN_POINT('',(1.960324900738,-18.18257525441,
    13.337566279877));
#2242 = CARTESIAN_POINT('',(1.964481004867,-18.20382177462,
    13.329624526177));
#2243 = CARTESIAN_POINT('',(1.968823571417,-18.22472431335,
    13.321368172438));
#2244 = CARTESIAN_POINT('',(1.98071472054,-18.278844572,13.2988780679));
#2245 = CARTESIAN_POINT('',(1.988554050103,-18.31149524108,
    13.284166044074));
#2246 = CARTESIAN_POINT('',(1.996817493246,-18.34328737735,
    13.26878905022));
#2247 = CARTESIAN_POINT('',(2.005467616552,-18.3742632008,
    13.252836726447));
#2248 = CARTESIAN_POINT('',(2.014472571632,-18.40446427776,
    13.236385108375));
#2249 = CARTESIAN_POINT('',(2.023806102461,-18.43393260583,
    13.219497153241));
#2250 = CARTESIAN_POINT('',(2.033447552723,-18.46271169886,
    13.202223266008));
#2251 = CARTESIAN_POINT('',(2.077577341887,-18.58769604625,
    13.123946099346));
#2252 = CARTESIAN_POINT('',(2.115147560368,-18.67665388972,
    13.059342283522));
#2253 = CARTESIAN_POINT('',(2.155513558589,-18.75981740775,
    12.992280897954));
#2254 = CARTESIAN_POINT('',(2.198376427521,-18.83788957459,
    12.923520924313));
#2255 = CARTESIAN_POINT('',(2.243469319838,-18.91157836598,
    12.853653393251));
#2256 = CARTESIAN_POINT('',(2.290654066645,-18.98129707135,
    12.782974821805));
#2257 = CARTESIAN_POINT('',(2.339874472513,-19.04748334388,
    12.711637710925));
#2258 = CARTESIAN_POINT('',(2.447317772644,-19.17938237532,
    12.560878042814));
#2259 = CARTESIAN_POINT('',(2.505803282911,-19.24429713757,
    12.481529802147));
#2260 = CARTESIAN_POINT('',(2.5665870774,-19.30557590593,12.401747241833
    ));
#2261 = CARTESIAN_POINT('',(2.629603840458,-19.36338832708,
    12.321662277811));
#2262 = CARTESIAN_POINT('',(2.694794855853,-19.4178309196,
    12.241376509979));
#2263 = CARTESIAN_POINT('',(2.762107929614,-19.46895579525,
    12.160968649199));
#2264 = CARTESIAN_POINT('',(2.831499560677,-19.5167745308,
    12.080496246161));
#2265 = CARTESIAN_POINT('',(2.902935821281,-19.5612709013,12.));
#2266 = PCURVE('',#1005,#2267);
#2267 = DEFINITIONAL_REPRESENTATION('',(#2268),#2306);
#2268 = B_SPLINE_CURVE_WITH_KNOTS('',8,(#2269,#2270,#2271,#2272,#2273,
    #2274,#2275,#2276,#2277,#2278,#2279,#2280,#2281,#2282,#2283,#2284,
    #2285,#2286,#2287,#2288,#2289,#2290,#2291,#2292,#2293,#2294,#2295,
    #2296,#2297,#2298,#2299,#2300,#2301,#2302,#2303,#2304,#2305),
  .UNSPECIFIED.,.F.,.F.,(9,7,7,7,7,9),(0.,8.857023258997E-02,
    0.1519305167,0.255296473634,0.611098098399,1.),.UNSPECIFIED.);
#2269 = CARTESIAN_POINT('',(-6.28318530718,-1.50652173913));
#2270 = CARTESIAN_POINT('',(-6.265066854442,-1.50652173913));
#2271 = CARTESIAN_POINT('',(-6.246944261839,-1.505190069289));
#2272 = CARTESIAN_POINT('',(-6.228956702646,-1.502525590322));
#2273 = CARTESIAN_POINT('',(-6.211224405399,-1.498569803027));
#2274 = CARTESIAN_POINT('',(-6.193846903071,-1.493394170308));
#2275 = CARTESIAN_POINT('',(-6.176902754415,-1.487089389289));
#2276 = CARTESIAN_POINT('',(-6.160450737488,-1.47975661352));
#2277 = CARTESIAN_POINT('',(-6.133145133282,-1.465594557895));
#2278 = CARTESIAN_POINT('',(-6.122026004194,-1.459213424258));
#2279 = CARTESIAN_POINT('',(-6.111185517894,-1.452392389496));
#2280 = CARTESIAN_POINT('',(-6.100629609201,-1.445165753416));
#2281 = CARTESIAN_POINT('',(-6.090360374578,-1.437566279877));
#2282 = CARTESIAN_POINT('',(-6.080376688779,-1.429624526177));
#2283 = CARTESIAN_POINT('',(-6.070674821496,-1.421368172438));
#2284 = CARTESIAN_POINT('',(-6.045871858496,-1.3988780679));
#2285 = CARTESIAN_POINT('',(-6.031234050468,-1.384166044074));
#2286 = CARTESIAN_POINT('',(-6.017306987472,-1.36878905022));
#2287 = CARTESIAN_POINT('',(-6.004058834122,-1.352836726447));
#2288 = CARTESIAN_POINT('',(-5.991455503478,-1.336385108375));
#2289 = CARTESIAN_POINT('',(-5.979461598431,-1.319497153241));
#2290 = CARTESIAN_POINT('',(-5.968041353089,-1.302223266008));
#2291 = CARTESIAN_POINT('',(-5.919702806596,-1.223946099346));
#2292 = CARTESIAN_POINT('',(-5.888729472711,-1.159342283522));
#2293 = CARTESIAN_POINT('',(-5.862677353236,-1.092280897954));
#2294 = CARTESIAN_POINT('',(-5.840720326082,-1.023520924313));
#2295 = CARTESIAN_POINT('',(-5.822121168602,-0.95365339325));
#2296 = CARTESIAN_POINT('',(-5.806378178341,-0.882974821806));
#2297 = CARTESIAN_POINT('',(-5.79305950917,-0.811637710925));
#2298 = CARTESIAN_POINT('',(-5.769577787302,-0.660878042814));
#2299 = CARTESIAN_POINT('',(-5.759855380948,-0.581529802147));
#2300 = CARTESIAN_POINT('',(-5.752255802953,-0.501747241833));
#2301 = CARTESIAN_POINT('',(-5.746487005881,-0.421662277811));
#2302 = CARTESIAN_POINT('',(-5.742323799647,-0.341376509979));
#2303 = CARTESIAN_POINT('',(-5.739585572444,-0.260968649199));
#2304 = CARTESIAN_POINT('',(-5.738129552124,-0.180496246161));
#2305 = CARTESIAN_POINT('',(-5.737838853165,-1.E-01));
#2306 = ( GEOMETRIC_REPRESENTATION_CONTEXT(2) 
PARAMETRIC_REPRESENTATION_CONTEXT() REPRESENTATION_CONTEXT('2D SPACE',''
  ) );
#2307 = PCURVE('',#1095,#2308);
#2308 = DEFINITIONAL_REPRESENTATION('',(#2309),#2347);
#2309 = B_SPLINE_CURVE_WITH_KNOTS('',8,(#2310,#2311,#2312,#2313,#2314,
    #2315,#2316,#2317,#2318,#2319,#2320,#2321,#2322,#2323,#2324,#2325,
    #2326,#2327,#2328,#2329,#2330,#2331,#2332,#2333,#2334,#2335,#2336,
    #2337,#2338,#2339,#2340,#2341,#2342,#2343,#2344,#2345,#2346),
  .UNSPECIFIED.,.F.,.F.,(9,7,7,7,7,9),(0.,8.857023258997E-02,
    0.1519305167,0.255296473634,0.611098098399,1.),.UNSPECIFIED.);
#2310 = CARTESIAN_POINT('',(-3.14159265359,-2.40652173913));
#2311 = CARTESIAN_POINT('',(-3.15840133866,-2.40652173913));
#2312 = CARTESIAN_POINT('',(-3.175213843913,-2.405190069289));
#2313 = CARTESIAN_POINT('',(-3.191948598049,-2.402525590322));
#2314 = CARTESIAN_POINT('',(-3.208541490039,-2.398569803027));
#2315 = CARTESIAN_POINT('',(-3.22494176523,-2.393394170308));
#2316 = CARTESIAN_POINT('',(-3.241109007085,-2.387089389289));
#2317 = CARTESIAN_POINT('',(-3.257011204536,-2.37975661352));
#2318 = CARTESIAN_POINT('',(-3.283792726666,-2.365594557895));
#2319 = CARTESIAN_POINT('',(-3.294818200064,-2.359213424258));
#2320 = CARTESIAN_POINT('',(-3.305696304536,-2.352392389496));
#2321 = CARTESIAN_POINT('',(-3.316425151324,-2.345165753416));
#2322 = CARTESIAN_POINT('',(-3.327004775521,-2.337566279877));
#2323 = CARTESIAN_POINT('',(-3.337436928053,-2.329624526177));
#2324 = CARTESIAN_POINT('',(-3.347724867657,-2.321368172438));
#2325 = CARTESIAN_POINT('',(-3.374429063641,-2.2988780679));
#2326 = CARTESIAN_POINT('',(-3.390608491681,-2.284166044074));
#2327 = CARTESIAN_POINT('',(-3.40643456238,-2.26878905022));
#2328 = CARTESIAN_POINT('',(-3.42192890361,-2.252836726447));
#2329 = CARTESIAN_POINT('',(-3.437112392816,-2.236385108375));
#2330 = CARTESIAN_POINT('',(-3.452005904109,-2.219497153241));
#2331 = CARTESIAN_POINT('',(-3.466631055373,-2.202223266008));
#2332 = CARTESIAN_POINT('',(-3.530508797113,-2.123946099346));
#2333 = CARTESIAN_POINT('',(-3.576962509925,-2.059342283522));
#2334 = CARTESIAN_POINT('',(-3.62141568172,-1.992280897954));
#2335 = CARTESIAN_POINT('',(-3.664233222957,-1.923520924312));
#2336 = CARTESIAN_POINT('',(-3.705779839616,-1.853653393251));
#2337 = CARTESIAN_POINT('',(-3.746282385365,-1.782974821805));
#2338 = CARTESIAN_POINT('',(-3.785994177281,-1.711637710925));
#2339 = CARTESIAN_POINT('',(-3.867980573329,-1.560878042814));
#2340 = CARTESIAN_POINT('',(-3.910037135933,-1.481529802147));
#2341 = CARTESIAN_POINT('',(-3.951554103086,-1.401747241833));
#2342 = CARTESIAN_POINT('',(-3.992677278599,-1.321662277811));
#2343 = CARTESIAN_POINT('',(-4.033521371526,-1.241376509979));
#2344 = CARTESIAN_POINT('',(-4.074184967126,-1.160968649199));
#2345 = CARTESIAN_POINT('',(-4.114754577915,-1.080496246161));
#2346 = CARTESIAN_POINT('',(-4.155314074215,-1.));
#2347 = ( GEOMETRIC_REPRESENTATION_CONTEXT(2) 
PARAMETRIC_REPRESENTATION_CONTEXT() REPRESENTATION_CONTEXT('2D SPACE',''
  ) );
#2348 = ORIENTED_EDGE('',*,*,#2349,.T.);
#2349 = EDGE_CURVE('',#2225,#2350,#2352,.T.);
#2350 = VERTEX_POINT('',#2351);
#2351 = CARTESIAN_POINT('',(1.2,-17.8,14.1));
#2352 = SEAM_CURVE('',#2353,(#2356,#2362),.PCURVE_S1.);
#2353 = B_SPLINE_CURVE_WITH_KNOTS('',1,(#2354,#2355),.UNSPECIFIED.,.F.,
  .F.,(2,2),(0.,1.),.PIECEWISE_BEZIER_KNOTS.);
#2354 = CARTESIAN_POINT('',(3.5,-17.8,11.9));
#2355 = CARTESIAN_POINT('',(1.2,-17.8,14.1));
#2356 = PCURVE('',#1005,#2357);
#2357 = DEFINITIONAL_REPRESENTATION('',(#2358),#2361);
#2358 = B_SPLINE_CURVE_WITH_KNOTS('',1,(#2359,#2360),.UNSPECIFIED.,.F.,
  .F.,(2,2),(0.,1.),.PIECEWISE_BEZIER_KNOTS.);
#2359 = CARTESIAN_POINT('',(0.,0.));
#2360 = CARTESIAN_POINT('',(0.,-2.2));
#2361 = ( GEOMETRIC_REPRESENTATION_CONTEXT(2) 
PARAMETRIC_REPRESENTATION_CONTEXT() REPRESENTATION_CONTEXT('2D SPACE',''
  ) );
#2362 = PCURVE('',#1005,#2363);
#2363 = DEFINITIONAL_REPRESENTATION('',(#2364),#2367);
#2364 = B_SPLINE_CURVE_WITH_KNOTS('',1,(#2365,#2366),.UNSPECIFIED.,.F.,
  .F.,(2,2),(0.,1.),.PIECEWISE_BEZIER_KNOTS.);
#2365 = CARTESIAN_POINT('',(-6.28318530718,0.));
#2366 = CARTESIAN_POINT('',(-6.28318530718,-2.2));
#2367 = ( GEOMETRIC_REPRESENTATION_CONTEXT(2) 
PARAMETRIC_REPRESENTATION_CONTEXT() REPRESENTATION_CONTEXT('2D SPACE',''
  ) );
#2368 = ORIENTED_EDGE('',*,*,#2369,.F.);
#2369 = EDGE_CURVE('',#2350,#2350,#2370,.T.);
#2370 = SURFACE_CURVE('',#2371,(#2376,#2383),.PCURVE_S1.);
#2371 = CIRCLE('',#2372,1.2);
#2372 = AXIS2_PLACEMENT_3D('',#2373,#2374,#2375);
#2373 = CARTESIAN_POINT('',(0.,-17.8,14.1));
#2374 = DIRECTION('',(0.,0.,1.));
#2375 = DIRECTION('',(1.,0.,0.));
#2376 = PCURVE('',#1005,#2377);
#2377 = DEFINITIONAL_REPRESENTATION('',(#2378),#2382);
#2378 = LINE('',#2379,#2380);
#2379 = CARTESIAN_POINT('',(-0.,-2.2));
#2380 = VECTOR('',#2381,1.);
#2381 = DIRECTION('',(-1.,-0.));
#2382 = ( GEOMETRIC_REPRESENTATION_CONTEXT(2) 
PARAMETRIC_REPRESENTATION_CONTEXT() REPRESENTATION_CONTEXT('2D SPACE',''
  ) );
#2383 = PCURVE('',#1436,#2384);
#2384 = DEFINITIONAL_REPRESENTATION('',(#2385),#2389);
#2385 = LINE('',#2386,#2387);
#2386 = CARTESIAN_POINT('',(-0.,-14.1));
#2387 = VECTOR('',#2388,1.);
#2388 = DIRECTION('',(-1.,0.));
#2389 = ( GEOMETRIC_REPRESENTATION_CONTEXT(2) 
PARAMETRIC_REPRESENTATION_CONTEXT() REPRESENTATION_CONTEXT('2D SPACE',''
  ) );
#2390 = ORIENTED_EDGE('',*,*,#2349,.F.);
#2391 = ORIENTED_EDGE('',*,*,#2392,.F.);
#2392 = EDGE_CURVE('',#1051,#2225,#2393,.T.);
#2393 = SURFACE_CURVE('',#2394,(#2425,#2459),.PCURVE_S1.);
#2394 = B_SPLINE_CURVE_WITH_KNOTS('',8,(#2395,#2396,#2397,#2398,#2399,
    #2400,#2401,#2402,#2403,#2404,#2405,#2406,#2407,#2408,#2409,#2410,
    #2411,#2412,#2413,#2414,#2415,#2416,#2417,#2418,#2419,#2420,#2421,
    #2422,#2423,#2424),.UNSPECIFIED.,.F.,.F.,(9,7,7,7,9),(0.,
    0.357787892965,0.680754511831,0.870775050919,1.),.UNSPECIFIED.);
#2395 = CARTESIAN_POINT('',(2.902935821281,-16.03872909869,12.));
#2396 = CARTESIAN_POINT('',(2.83723784899,-16.07965119192,
    12.074030192861));
#2397 = CARTESIAN_POINT('',(2.773266526549,-16.12338554599,
    12.148043188357));
#2398 = CARTESIAN_POINT('',(2.71105043035,-16.16991627222,
    12.222005451567));
#2399 = CARTESIAN_POINT('',(2.650624594367,-16.21925360884,
    12.295870651329));
#2400 = CARTESIAN_POINT('',(2.592028627208,-16.27143022025,
    12.369580109396));
#2401 = CARTESIAN_POINT('',(2.535306113399,-16.3265108487,
    12.443060120784));
#2402 = CARTESIAN_POINT('',(2.480505298906,-16.38461531844,
    12.516216145306));
#2403 = CARTESIAN_POINT('',(2.379997877994,-16.50132466624,
    12.654555403861));
#2404 = CARTESIAN_POINT('',(2.333972009618,-16.55927692677,
    12.719757229832));
#2405 = CARTESIAN_POINT('',(2.289595565363,-16.62000781649,
    12.784497998855));
#2406 = CARTESIAN_POINT('',(2.246912677175,-16.68375455497,
    12.848669121692));
#2407 = CARTESIAN_POINT('',(2.206006699609,-16.7507833332,12.91208773549
    ));
#2408 = CARTESIAN_POINT('',(2.167007968941,-16.82148335682,
    12.974457971381));
#2409 = CARTESIAN_POINT('',(2.130076024305,-16.89633421652,
    13.035382043918));
#2410 = CARTESIAN_POINT('',(2.075103564808,-17.02344964275,
    13.12879854234));
#2411 = CARTESIAN_POINT('',(2.055590729306,-17.0722215846,
    13.162592736971));
#2412 = CARTESIAN_POINT('',(2.036940785734,-17.12295268723,
    13.195504089239));
#2413 = CARTESIAN_POINT('',(2.019227450468,-17.17589215861,
    13.227349190578));
#2414 = CARTESIAN_POINT('',(2.002581390059,-17.23127661816,
    13.257825696914));
#2415 = CARTESIAN_POINT('',(1.987181647675,-17.28933576651,
    13.286509810259));
#2416 = CARTESIAN_POINT('',(1.973256900885,-17.35031895227,
    13.31284357888));
#2417 = CARTESIAN_POINT('',(1.952851146036,-17.45826331892,
    13.351907475847));
#2418 = CARTESIAN_POINT('',(1.945410931822,-17.50348284792,
    13.366299852604));
#2419 = CARTESIAN_POINT('',(1.938912991615,-17.55020863999,
    13.378991921216));
#2420 = CARTESIAN_POINT('',(1.933492243525,-17.59834823973,
    13.389667568844));
#2421 = CARTESIAN_POINT('',(1.929288861451,-17.64773348169,
    13.39799647068));
#2422 = CARTESIAN_POINT('',(1.926429955935,-17.69810036329,
    13.40368004058));
#2423 = CARTESIAN_POINT('',(1.925,-17.74905133397,13.40652173913));
#2424 = CARTESIAN_POINT('',(1.925,-17.8,13.40652173913));
#2425 = PCURVE('',#1005,#2426);
#2426 = DEFINITIONAL_REPRESENTATION('',(#2427),#2458);
#2427 = B_SPLINE_CURVE_WITH_KNOTS('',8,(#2428,#2429,#2430,#2431,#2432,
    #2433,#2434,#2435,#2436,#2437,#2438,#2439,#2440,#2441,#2442,#2443,
    #2444,#2445,#2446,#2447,#2448,#2449,#2450,#2451,#2452,#2453,#2454,
    #2455,#2456,#2457),.UNSPECIFIED.,.F.,.F.,(9,7,7,7,9),(0.,
    0.357787892965,0.680754511831,0.870775050919,1.),.UNSPECIFIED.);
#2428 = CARTESIAN_POINT('',(-0.545346454015,-0.1));
#2429 = CARTESIAN_POINT('',(-0.545079106144,-0.174030192861));
#2430 = CARTESIAN_POINT('',(-0.543825809194,-0.248043188357));
#2431 = CARTESIAN_POINT('',(-0.5414969504,-0.322005451567));
#2432 = CARTESIAN_POINT('',(-0.537980635185,-0.395870651329));
#2433 = CARTESIAN_POINT('',(-0.533142509256,-0.469580109396));
#2434 = CARTESIAN_POINT('',(-0.52681710285,-0.543060120784));
#2435 = CARTESIAN_POINT('',(-0.518790697123,-0.616216145306));
#2436 = CARTESIAN_POINT('',(-0.49973542452,-0.754555403861));
#2437 = CARTESIAN_POINT('',(-0.489083270892,-0.819757229832));
#2438 = CARTESIAN_POINT('',(-0.476604849306,-0.884497998856));
#2439 = CARTESIAN_POINT('',(-0.462030637919,-0.948669121691));
#2440 = CARTESIAN_POINT('',(-0.445036350743,-1.01208773549));
#2441 = CARTESIAN_POINT('',(-0.425189885801,-1.074457971381));
#2442 = CARTESIAN_POINT('',(-0.401963940666,-1.135382043918));
#2443 = CARTESIAN_POINT('',(-0.35835114914,-1.22879854234));
#2444 = CARTESIAN_POINT('',(-0.340767819419,-1.262592736971));
#2445 = CARTESIAN_POINT('',(-0.321567229525,-1.295504089239));
#2446 = CARTESIAN_POINT('',(-0.300546387941,-1.327349190578));
#2447 = CARTESIAN_POINT('',(-0.277491040708,-1.357825696914));
#2448 = CARTESIAN_POINT('',(-0.252187103562,-1.386509810259));
#2449 = CARTESIAN_POINT('',(-0.22443528696,-1.41284357888));
#2450 = CARTESIAN_POINT('',(-0.173408823798,-1.451907475847));
#2451 = CARTESIAN_POINT('',(-0.151535139598,-1.466299852604));
#2452 = CARTESIAN_POINT('',(-0.128450023057,-1.478991921216));
#2453 = CARTESIAN_POINT('',(-0.104213370901,-1.489667568844));
#2454 = CARTESIAN_POINT('',(-7.896367989421E-02,-1.49799647068));
#2455 = CARTESIAN_POINT('',(-5.293533438339E-02,-1.50368004058));
#2456 = CARTESIAN_POINT('',(-2.646683949594E-02,-1.50652173913));
#2457 = CARTESIAN_POINT('',(0.,-1.50652173913));
#2458 = ( GEOMETRIC_REPRESENTATION_CONTEXT(2) 
PARAMETRIC_REPRESENTATION_CONTEXT() REPRESENTATION_CONTEXT('2D SPACE',''
  ) );
#2459 = PCURVE('',#1095,#2460);
#2460 = DEFINITIONAL_REPRESENTATION('',(#2461),#2492);
#2461 = B_SPLINE_CURVE_WITH_KNOTS('',8,(#2462,#2463,#2464,#2465,#2466,
    #2467,#2468,#2469,#2470,#2471,#2472,#2473,#2474,#2475,#2476,#2477,
    #2478,#2479,#2480,#2481,#2482,#2483,#2484,#2485,#2486,#2487,#2488,
    #2489,#2490,#2491),.UNSPECIFIED.,.F.,.F.,(9,7,7,7,9),(0.,
    0.357787892965,0.680754511831,0.870775050919,1.),.UNSPECIFIED.);
#2462 = CARTESIAN_POINT('',(-2.127871232965,-1.));
#2463 = CARTESIAN_POINT('',(-2.165172690817,-1.074030192861));
#2464 = CARTESIAN_POINT('',(-2.202484505458,-1.148043188357));
#2465 = CARTESIAN_POINT('',(-2.239869556603,-1.222005451567));
#2466 = CARTESIAN_POINT('',(-2.277396107248,-1.295870651329));
#2467 = CARTESIAN_POINT('',(-2.315138013673,-1.369580109396));
#2468 = CARTESIAN_POINT('',(-2.353180743813,-1.443060120784));
#2469 = CARTESIAN_POINT('',(-2.391633203996,-1.516216145306));
#2470 = CARTESIAN_POINT('',(-2.465860731823,-1.654555403861));
#2471 = CARTESIAN_POINT('',(-2.501497996807,-1.719757229832));
#2472 = CARTESIAN_POINT('',(-2.537697540368,-1.784497998856));
#2473 = CARTESIAN_POINT('',(-2.574606390402,-1.848669121692));
#2474 = CARTESIAN_POINT('',(-2.612378698881,-1.91208773549));
#2475 = CARTESIAN_POINT('',(-2.651224966849,-1.974457971381));
#2476 = CARTESIAN_POINT('',(-2.691399057951,-2.035382043918));
#2477 = CARTESIAN_POINT('',(-2.758142658213,-2.12879854234));
#2478 = CARTESIAN_POINT('',(-2.78344890097,-2.162592736971));
#2479 = CARTESIAN_POINT('',(-2.809479815624,-2.195504089239));
#2480 = CARTESIAN_POINT('',(-2.836358814866,-2.227349190578));
#2481 = CARTESIAN_POINT('',(-2.86420130717,-2.257825696914));
#2482 = CARTESIAN_POINT('',(-2.893120847131,-2.286509810259));
#2483 = CARTESIAN_POINT('',(-2.92324540164,-2.31284357888));
#2484 = CARTESIAN_POINT('',(-2.976188140825,-2.351907475847));
#2485 = CARTESIAN_POINT('',(-2.998267387105,-2.366299852604));
#2486 = CARTESIAN_POINT('',(-3.020990823343,-2.378991921216));
#2487 = CARTESIAN_POINT('',(-3.044320861342,-2.389667568844));
#2488 = CARTESIAN_POINT('',(-3.068188543488,-2.39799647068));
#2489 = CARTESIAN_POINT('',(-3.09248445238,-2.40368004058));
#2490 = CARTESIAN_POINT('',(-3.1170390796,-2.40652173913));
#2491 = CARTESIAN_POINT('',(-3.14159265359,-2.40652173913));
#2492 = ( GEOMETRIC_REPRESENTATION_CONTEXT(2) 
PARAMETRIC_REPRESENTATION_CONTEXT() REPRESENTATION_CONTEXT('2D SPACE',''
  ) );
#2493 = ORIENTED_EDGE('',*,*,#1050,.T.);
#2494 = ORIENTED_EDGE('',*,*,#2495,.F.);
#2495 = EDGE_CURVE('',#2496,#1018,#2498,.T.);
#2496 = VERTEX_POINT('',#2497);
#2497 = CARTESIAN_POINT('',(-1.925,-17.8,13.40652173913));
#2498 = SURFACE_CURVE('',#2499,(#2537,#2578),.PCURVE_S1.);
#2499 = B_SPLINE_CURVE_WITH_KNOTS('',8,(#2500,#2501,#2502,#2503,#2504,
    #2505,#2506,#2507,#2508,#2509,#2510,#2511,#2512,#2513,#2514,#2515,
    #2516,#2517,#2518,#2519,#2520,#2521,#2522,#2523,#2524,#2525,#2526,
    #2527,#2528,#2529,#2530,#2531,#2532,#2533,#2534,#2535,#2536),
  .UNSPECIFIED.,.F.,.F.,(9,7,7,7,7,9),(0.,8.967785835852E-02,
    0.153151931458,0.256705856037,0.6164809307,1.),.UNSPECIFIED.);
#2500 = CARTESIAN_POINT('',(-1.925,-17.8,13.40652173913));
#2501 = CARTESIAN_POINT('',(-1.925,-17.76465903051,13.40652173913));
#2502 = CARTESIAN_POINT('',(-1.925687936411,-17.72932762488,
    13.405154467502));
#2503 = CARTESIAN_POINT('',(-1.927063043817,-17.69418906221,
    13.40242120864));
#2504 = CARTESIAN_POINT('',(-1.929106131307,-17.65938969234,
    13.398366168827));
#2505 = CARTESIAN_POINT('',(-1.931785420661,-17.62504751152,
    13.393063650012));
#2506 = CARTESIAN_POINT('',(-1.935061013737,-17.59125864154,
    13.386607533575));
#2507 = CARTESIAN_POINT('',(-1.938887989062,-17.558101712,
    13.379103074066));
#2508 = CARTESIAN_POINT('',(-1.946283003795,-17.50266381892,
    13.364685697002));
#2509 = CARTESIAN_POINT('',(-1.94960162592,-17.48002360077,
    13.358237401036));
#2510 = CARTESIAN_POINT('',(-1.953159024981,-17.45772984178,
    13.351351393095));
#2511 = CARTESIAN_POINT('',(-1.956940626997,-17.43578804755,
    13.344062002958));
#2512 = CARTESIAN_POINT('',(-1.960932549564,-17.41419939002,
    13.336401959376));
#2513 = CARTESIAN_POINT('',(-1.965121898412,-17.39296121836,
    13.328401737322));
#2514 = CARTESIAN_POINT('',(-1.969497063955,-17.37206756995,
    13.320088905231));
#2515 = CARTESIAN_POINT('',(-1.981472610481,-17.31797078969,
    13.297454779868));
#2516 = CARTESIAN_POINT('',(-1.989362771514,-17.28533523965,
    13.282658295979));
#2517 = CARTESIAN_POINT('',(-1.997675713508,-17.25355832853,
    13.267201289315));
#2518 = CARTESIAN_POINT('',(-2.006374229508,-17.22259733313,
    13.25117288442));
#2519 = CARTESIAN_POINT('',(-2.015426688285,-17.19241038421,
    13.234648617438));
#2520 = CARTESIAN_POINT('',(-2.024807029581,-17.16295534095,
    13.217690991902));
#2521 = CARTESIAN_POINT('',(-2.034494759361,-17.13418866545,
    13.200350034521));
#2522 = CARTESIAN_POINT('',(-2.079148880084,-17.00835243661,
    13.121217140614));
#2523 = CARTESIAN_POINT('',(-2.11725553458,-16.91866876404,
    13.055776769603));
#2524 = CARTESIAN_POINT('',(-2.158205302221,-16.83486071696,
    12.987862131726));
#2525 = CARTESIAN_POINT('',(-2.201696089791,-16.75621841129,
    12.918240622265));
#2526 = CARTESIAN_POINT('',(-2.247456575604,-16.68201969218,
    12.847511780592));
#2527 = CARTESIAN_POINT('',(-2.295347493666,-16.61184868826,
    12.775973349662));
#2528 = CARTESIAN_POINT('',(-2.345312618562,-16.54526227346,
    12.70377804386));
#2529 = CARTESIAN_POINT('',(-2.452993097812,-16.41434324155,
    12.553189012964));
#2530 = CARTESIAN_POINT('',(-2.510857088803,-16.35062432175,
    12.474903936981));
#2531 = CARTESIAN_POINT('',(-2.570951629671,-16.29043035954,
    12.396205476046));
#2532 = CARTESIAN_POINT('',(-2.63321472756,-16.23360200758,
    12.317218171929));
#2533 = CARTESIAN_POINT('',(-2.697590498086,-16.18004850542,
    12.238038391521));
#2534 = CARTESIAN_POINT('',(-2.76402907902,-16.1297211939,12.15874114939
    ));
#2535 = CARTESIAN_POINT('',(-2.8324885604,-16.08260943893,
    12.079381815415));
#2536 = CARTESIAN_POINT('',(-2.902935821281,-16.03872909869,12.));
#2537 = PCURVE('',#1005,#2538);
#2538 = DEFINITIONAL_REPRESENTATION('',(#2539),#2577);
#2539 = B_SPLINE_CURVE_WITH_KNOTS('',8,(#2540,#2541,#2542,#2543,#2544,
    #2545,#2546,#2547,#2548,#2549,#2550,#2551,#2552,#2553,#2554,#2555,
    #2556,#2557,#2558,#2559,#2560,#2561,#2562,#2563,#2564,#2565,#2566,
    #2567,#2568,#2569,#2570,#2571,#2572,#2573,#2574,#2575,#2576),
  .UNSPECIFIED.,.F.,.F.,(9,7,7,7,7,9),(0.,8.967785835852E-02,
    0.153151931458,0.256705856037,0.6164809307,1.),.UNSPECIFIED.);
#2540 = CARTESIAN_POINT('',(-3.14159265359,-1.50652173913));
#2541 = CARTESIAN_POINT('',(-3.123233708403,-1.50652173913));
#2542 = CARTESIAN_POINT('',(-3.104879704689,-1.505154467502));
#2543 = CARTESIAN_POINT('',(-3.086671059649,-1.50242120864));
#2544 = CARTESIAN_POINT('',(-3.068728661947,-1.498366168827));
#2545 = CARTESIAN_POINT('',(-3.051152822001,-1.493063650012));
#2546 = CARTESIAN_POINT('',(-3.034023447791,-1.486607533575));
#2547 = CARTESIAN_POINT('',(-3.017401446197,-1.479103074066));
#2548 = CARTESIAN_POINT('',(-2.989956920469,-1.464685697002));
#2549 = CARTESIAN_POINT('',(-2.978852902794,-1.458237401036));
#2550 = CARTESIAN_POINT('',(-2.968029255186,-1.451351393095));
#2551 = CARTESIAN_POINT('',(-2.957491539492,-1.444062002958));
#2552 = CARTESIAN_POINT('',(-2.947241533633,-1.436401959376));
#2553 = CARTESIAN_POINT('',(-2.93727784417,-1.428401737322));
#2554 = CARTESIAN_POINT('',(-2.927596518868,-1.420088905231));
#2555 = CARTESIAN_POINT('',(-2.902848227288,-1.397454779868));
#2556 = CARTESIAN_POINT('',(-2.88824516154,-1.382658295979));
#2557 = CARTESIAN_POINT('',(-2.874353139678,-1.367201289315));
#2558 = CARTESIAN_POINT('',(-2.861139856989,-1.35117288442));
#2559 = CARTESIAN_POINT('',(-2.848570928002,-1.334648617438));
#2560 = CARTESIAN_POINT('',(-2.836610788091,-1.317690991902));
#2561 = CARTESIAN_POINT('',(-2.825223595088,-1.300350034521));
#2562 = CARTESIAN_POINT('',(-2.776680081093,-1.221217140614));
#2563 = CARTESIAN_POINT('',(-2.745581679106,-1.155776769602));
#2564 = CARTESIAN_POINT('',(-2.719472213608,-1.087862131727));
#2565 = CARTESIAN_POINT('',(-2.697509891528,-1.018240622264));
#2566 = CARTESIAN_POINT('',(-2.678941662869,-0.947511780592));
#2567 = CARTESIAN_POINT('',(-2.663258589767,-0.875973349662));
#2568 = CARTESIAN_POINT('',(-2.650022096574,-0.80377804386));
#2569 = CARTESIAN_POINT('',(-2.627051721311,-0.653189012964));
#2570 = CARTESIAN_POINT('',(-2.617636915414,-0.574903936981));
#2571 = CARTESIAN_POINT('',(-2.61026709129,-0.496205476046));
#2572 = CARTESIAN_POINT('',(-2.604665555,-0.417218171929));
#2573 = CARTESIAN_POINT('',(-2.600618179211,-0.338038391521));
#2574 = CARTESIAN_POINT('',(-2.597952836929,-0.25874114939));
#2575 = CARTESIAN_POINT('',(-2.596532873951,-0.179381815415));
#2576 = CARTESIAN_POINT('',(-2.596246199575,-1.E-01));
#2577 = ( GEOMETRIC_REPRESENTATION_CONTEXT(2) 
PARAMETRIC_REPRESENTATION_CONTEXT() REPRESENTATION_CONTEXT('2D SPACE',''
  ) );
#2578 = PCURVE('',#1038,#2579);
#2579 = DEFINITIONAL_REPRESENTATION('',(#2580),#2618);
#2580 = B_SPLINE_CURVE_WITH_KNOTS('',8,(#2581,#2582,#2583,#2584,#2585,
    #2586,#2587,#2588,#2589,#2590,#2591,#2592,#2593,#2594,#2595,#2596,
    #2597,#2598,#2599,#2600,#2601,#2602,#2603,#2604,#2605,#2606,#2607,
    #2608,#2609,#2610,#2611,#2612,#2613,#2614,#2615,#2616,#2617),
  .UNSPECIFIED.,.F.,.F.,(9,7,7,7,7,9),(0.,8.967785835852E-02,
    0.153151931458,0.256705856037,0.6164809307,1.),.UNSPECIFIED.);
#2581 = CARTESIAN_POINT('',(0.,-2.40652173913));
#2582 = CARTESIAN_POINT('',(-1.703179252299E-02,-2.40652173913));
#2583 = CARTESIAN_POINT('',(-3.405897026608E-02,-2.405154467502));
#2584 = CARTESIAN_POINT('',(-5.100075874223E-02,-2.40242120864));
#2585 = CARTESIAN_POINT('',(-6.779410128052E-02,-2.398366168827));
#2586 = CARTESIAN_POINT('',(-8.438888834002E-02,-2.393063650012));
#2587 = CARTESIAN_POINT('',(-0.100744440302,-2.386607533575));
#2588 = CARTESIAN_POINT('',(-0.116827243737,-2.379103074066));
#2589 = CARTESIAN_POINT('',(-0.143780949341,-2.364685697002));
#2590 = CARTESIAN_POINT('',(-0.154807565396,-2.358237401036));
#2591 = CARTESIAN_POINT('',(-0.16568602574,-2.351351393095));
#2592 = CARTESIAN_POINT('',(-0.176414656082,-2.344062002958));
#2593 = CARTESIAN_POINT('',(-0.186993669136,-2.336401959376));
#2594 = CARTESIAN_POINT('',(-0.197424962351,-2.328401737322));
#2595 = CARTESIAN_POINT('',(-0.207711915627,-2.320088905231));
#2596 = CARTESIAN_POINT('',(-0.234413822057,-2.297454779868));
#2597 = CARTESIAN_POINT('',(-0.250591905449,-2.282658295979));
#2598 = CARTESIAN_POINT('',(-0.266416896198,-2.267201289315));
#2599 = CARTESIAN_POINT('',(-0.281910647209,-2.25117288442));
#2600 = CARTESIAN_POINT('',(-0.297094171993,-2.234648617438));
#2601 = CARTESIAN_POINT('',(-0.311988409353,-2.217690991902));
#2602 = CARTESIAN_POINT('',(-0.326614988062,-2.200350034521));
#2603 = CARTESIAN_POINT('',(-0.390964063271,-2.121217140614));
#2604 = CARTESIAN_POINT('',(-0.437838257487,-2.055776769603));
#2605 = CARTESIAN_POINT('',(-0.482691349804,-1.987862131727));
#2606 = CARTESIAN_POINT('',(-0.52589265506,-1.918240622265));
#2607 = CARTESIAN_POINT('',(-0.567814736993,-1.847511780592));
#2608 = CARTESIAN_POINT('',(-0.608686926324,-1.775973349662));
#2609 = CARTESIAN_POINT('',(-0.648766896002,-1.70377804386));
#2610 = CARTESIAN_POINT('',(-0.73046022271,-1.553189012964));
#2611 = CARTESIAN_POINT('',(-0.771890866833,-1.474903936981));
#2612 = CARTESIAN_POINT('',(-0.812806363902,-1.396205476046));
#2613 = CARTESIAN_POINT('',(-0.853345209692,-1.317218171929));
#2614 = CARTESIAN_POINT('',(-0.893616806975,-1.238038391521));
#2615 = CARTESIAN_POINT('',(-0.933715280081,-1.15874114939));
#2616 = CARTESIAN_POINT('',(-0.973723450506,-1.079381815415));
#2617 = CARTESIAN_POINT('',(-1.013721420625,-1.));
#2618 = ( GEOMETRIC_REPRESENTATION_CONTEXT(2) 
PARAMETRIC_REPRESENTATION_CONTEXT() REPRESENTATION_CONTEXT('2D SPACE',''
  ) );
#2619 = ORIENTED_EDGE('',*,*,#2620,.F.);
#2620 = EDGE_CURVE('',#989,#2496,#2621,.T.);
#2621 = SURFACE_CURVE('',#2622,(#2661,#2703),.PCURVE_S1.);
#2622 = B_SPLINE_CURVE_WITH_KNOTS('',7,(#2623,#2624,#2625,#2626,#2627,
    #2628,#2629,#2630,#2631,#2632,#2633,#2634,#2635,#2636,#2637,#2638,
    #2639,#2640,#2641,#2642,#2643,#2644,#2645,#2646,#2647,#2648,#2649,
    #2650,#2651,#2652,#2653,#2654,#2655,#2656,#2657,#2658,#2659,#2660),
  .UNSPECIFIED.,.F.,.F.,(8,6,6,6,6,6,8),(0.,0.180765347546,
    0.357058039988,0.52548878898,0.679420200299,0.87068869298,1.),
  .UNSPECIFIED.);
#2623 = CARTESIAN_POINT('',(-2.902935821281,-19.5612709013,12.));
#2624 = CARTESIAN_POINT('',(-2.865010164578,-19.53764768729,
    12.042735621546));
#2625 = CARTESIAN_POINT('',(-2.82766985448,-19.51306668845,
    12.085467708825));
#2626 = CARTESIAN_POINT('',(-2.79092227225,-19.48753134485,
    12.128187734094));
#2627 = CARTESIAN_POINT('',(-2.754774981888,-19.46104244521,
    12.170886211604));
#2628 = CARTESIAN_POINT('',(-2.719235730655,-19.43359728301,
    12.21355249831));
#2629 = CARTESIAN_POINT('',(-2.684312449587,-19.40518881268,
    12.2561745946));
#2630 = CARTESIAN_POINT('',(-2.616562719286,-19.34714784364,
    12.340250130853));
#2631 = CARTESIAN_POINT('',(-2.583706229986,-19.31756347856,
    12.381705828305));
#2632 = CARTESIAN_POINT('',(-2.551451032032,-19.28703966275,
    12.423093720813));
#2633 = CARTESIAN_POINT('',(-2.519805347267,-19.2555607067,
    12.464399171985));
#2634 = CARTESIAN_POINT('',(-2.488778408753,-19.22310521293,
    12.505604655006));
#2635 = CARTESIAN_POINT('',(-2.458380496076,-19.18964400989,
    12.546689182057));
#2636 = CARTESIAN_POINT('',(-2.400192510898,-19.12217098685,
    12.626740591015));
#2637 = CARTESIAN_POINT('',(-2.372347729297,-19.08825178479,
    12.665718663567));
#2638 = CARTESIAN_POINT('',(-2.345097736685,-19.05334420035,
    12.704540966851));
#2639 = CARTESIAN_POINT('',(-2.318454413221,-19.01740703236,
    12.743180874397));
#2640 = CARTESIAN_POINT('',(-2.292432651211,-18.98038900683,
    12.78160440103));
#2641 = CARTESIAN_POINT('',(-2.267050597938,-18.94222362609,
    12.819768486114));
#2642 = CARTESIAN_POINT('',(-2.219737277019,-18.86681611932,
    12.892211687407));
#2643 = CARTESIAN_POINT('',(-2.197700249791,-18.82978200856,
    12.926537479547));
#2644 = CARTESIAN_POINT('',(-2.176232451548,-18.79165108831,
    12.960559615305));
#2645 = CARTESIAN_POINT('',(-2.155355959438,-18.75234231374,
    12.994224410642));
#2646 = CARTESIAN_POINT('',(-2.135100265359,-18.71176292784,
    13.027460864703));
#2647 = CARTESIAN_POINT('',(-2.115503186119,-18.66979706672,
    13.060176044977));
#2648 = CARTESIAN_POINT('',(-2.073142469762,-18.57221707753,
    13.132095919365));
#2649 = CARTESIAN_POINT('',(-2.050816728542,-18.51588368258,
    13.170859920577));
#2650 = CARTESIAN_POINT('',(-2.029655810375,-18.45683983047,
    13.208421622754));
#2651 = CARTESIAN_POINT('',(-2.009803247397,-18.3946902638,
    13.244440809871));
#2652 = CARTESIAN_POINT('',(-1.991516310101,-18.32905675389,
    13.278328144456));
#2653 = CARTESIAN_POINT('',(-1.975135649984,-18.25957164628,
    13.309248202081));
#2654 = CARTESIAN_POINT('',(-1.951705536264,-18.13570870347,
    13.354099760666));
#2655 = CARTESIAN_POINT('',(-1.943348392617,-18.08370970243,
    13.370296895629));
#2656 = CARTESIAN_POINT('',(-1.936281497544,-18.02970443441,
    13.384150355357));
#2657 = CARTESIAN_POINT('',(-1.930726068544,-17.9738700729,
    13.395139049449));
#2658 = CARTESIAN_POINT('',(-1.926909235557,-17.91653719257,
    13.402727587348));
#2659 = CARTESIAN_POINT('',(-1.925,-17.85826713497,13.40652173913));
#2660 = CARTESIAN_POINT('',(-1.925,-17.8,13.40652173913));
#2661 = PCURVE('',#1005,#2662);
#2662 = DEFINITIONAL_REPRESENTATION('',(#2663),#2702);
#2663 = B_SPLINE_CURVE_WITH_KNOTS('',7,(#2664,#2665,#2666,#2667,#2668,
    #2669,#2670,#2671,#2672,#2673,#2674,#2675,#2676,#2677,#2678,#2679,
    #2680,#2681,#2682,#2683,#2684,#2685,#2686,#2687,#2688,#2689,#2690,
    #2691,#2692,#2693,#2694,#2695,#2696,#2697,#2698,#2699,#2700,#2701),
  .UNSPECIFIED.,.F.,.F.,(8,6,6,6,6,6,8),(0.,0.180765347546,
    0.357058039988,0.52548878898,0.679420200299,0.87068869298,1.),
  .UNSPECIFIED.);
#2664 = CARTESIAN_POINT('',(-3.686939107604,-0.1));
#2665 = CARTESIAN_POINT('',(-3.686784774933,-0.142735621546));
#2666 = CARTESIAN_POINT('',(-3.686295133691,-0.185467708825));
#2667 = CARTESIAN_POINT('',(-3.685451338846,-0.228187734094));
#2668 = CARTESIAN_POINT('',(-3.684232240349,-0.270886211604));
#2669 = CARTESIAN_POINT('',(-3.682613662499,-0.31355249831));
#2670 = CARTESIAN_POINT('',(-3.680567683298,-0.3561745946));
#2671 = CARTESIAN_POINT('',(-3.675618144279,-0.440250130853));
#2672 = CARTESIAN_POINT('',(-3.672737122292,-0.481705828305));
#2673 = CARTESIAN_POINT('',(-3.669388493497,-0.523093720813));
#2674 = CARTESIAN_POINT('',(-3.665538127622,-0.564399171985));
#2675 = CARTESIAN_POINT('',(-3.661146592247,-0.605604655006));
#2676 = CARTESIAN_POINT('',(-3.656167626576,-0.646689182057));
#2677 = CARTESIAN_POINT('',(-3.645176278288,-0.726740591015));
#2678 = CARTESIAN_POINT('',(-3.639220188472,-0.765718663567));
#2679 = CARTESIAN_POINT('',(-3.632629863459,-0.804540966851));
#2680 = CARTESIAN_POINT('',(-3.6253507241,-0.843180874397));
#2681 = CARTESIAN_POINT('',(-3.61731886466,-0.88160440103));
#2682 = CARTESIAN_POINT('',(-3.60845782308,-0.919768486114));
#2683 = CARTESIAN_POINT('',(-3.589735002136,-0.992211687407));
#2684 = CARTESIAN_POINT('',(-3.58002609654,-1.026537479547));
#2685 = CARTESIAN_POINT('',(-3.569477213964,-1.060559615305));
#2686 = CARTESIAN_POINT('',(-3.558005601985,-1.094224410642));
#2687 = CARTESIAN_POINT('',(-3.545516267586,-1.127460864703));
#2688 = CARTESIAN_POINT('',(-3.531896542139,-1.160176044977));
#2689 = CARTESIAN_POINT('',(-3.498503927632,-1.232095919365));
#2690 = CARTESIAN_POINT('',(-3.478081664577,-1.270859920576));
#2691 = CARTESIAN_POINT('',(-3.455432541438,-1.308421622754));
#2692 = CARTESIAN_POINT('',(-3.430220752898,-1.344440809871));
#2693 = CARTESIAN_POINT('',(-3.402088533541,-1.378328144456));
#2694 = CARTESIAN_POINT('',(-3.370699277292,-1.409248202081));
#2695 = CARTESIAN_POINT('',(-3.31215471837,-1.454099760666));
#2696 = CARTESIAN_POINT('',(-3.28691216366,-1.470296895629));
#2697 = CARTESIAN_POINT('',(-3.26005393853,-1.484150355357));
#2698 = CARTESIAN_POINT('',(-3.231696651904,-1.495139049449));
#2699 = CARTESIAN_POINT('',(-3.202132069012,-1.502727587349));
#2700 = CARTESIAN_POINT('',(-3.171861295134,-1.50652173913));
#2701 = CARTESIAN_POINT('',(-3.14159265359,-1.50652173913));
#2702 = ( GEOMETRIC_REPRESENTATION_CONTEXT(2) 
PARAMETRIC_REPRESENTATION_CONTEXT() REPRESENTATION_CONTEXT('2D SPACE',''
  ) );
#2703 = PCURVE('',#1038,#2704);
#2704 = DEFINITIONAL_REPRESENTATION('',(#2705),#2744);
#2705 = B_SPLINE_CURVE_WITH_KNOTS('',7,(#2706,#2707,#2708,#2709,#2710,
    #2711,#2712,#2713,#2714,#2715,#2716,#2717,#2718,#2719,#2720,#2721,
    #2722,#2723,#2724,#2725,#2726,#2727,#2728,#2729,#2730,#2731,#2732,
    #2733,#2734,#2735,#2736,#2737,#2738,#2739,#2740,#2741,#2742,#2743),
  .UNSPECIFIED.,.F.,.F.,(8,6,6,6,6,6,8),(0.,0.180765347546,
    0.357058039988,0.52548878898,0.679420200299,0.87068869298,1.),
  .UNSPECIFIED.);
#2706 = CARTESIAN_POINT('',(-5.269463886555,-1.));
#2707 = CARTESIAN_POINT('',(-5.290997006006,-1.042735621546));
#2708 = CARTESIAN_POINT('',(-5.312534716765,-1.085467708825));
#2709 = CARTESIAN_POINT('',(-5.334089455603,-1.128187734094));
#2710 = CARTESIAN_POINT('',(-5.35567423994,-1.170886211604));
#2711 = CARTESIAN_POINT('',(-5.37730315538,-1.21355249831));
#2712 = CARTESIAN_POINT('',(-5.398991843229,-1.2561745946));
#2713 = CARTESIAN_POINT('',(-5.441985575736,-1.340250130853));
#2714 = CARTESIAN_POINT('',(-5.463286512579,-1.381705828305));
#2715 = CARTESIAN_POINT('',(-5.484677605922,-1.423093720813));
#2716 = CARTESIAN_POINT('',(-5.506176813207,-1.464399171985));
#2717 = CARTESIAN_POINT('',(-5.527804324691,-1.505604655006));
#2718 = CARTESIAN_POINT('',(-5.549583646175,-1.546689182057));
#2719 = CARTESIAN_POINT('',(-5.592522432847,-1.626740591015));
#2720 = CARTESIAN_POINT('',(-5.613665291311,-1.665718663567));
#2721 = CARTESIAN_POINT('',(-5.634996847661,-1.704540966851));
#2722 = CARTESIAN_POINT('',(-5.656544397255,-1.743180874397));
#2723 = CARTESIAN_POINT('',(-5.678339571313,-1.78160440103));
#2724 = CARTESIAN_POINT('',(-5.700420967952,-1.819768486114));
#2725 = CARTESIAN_POINT('',(-5.743322936131,-1.892211687407));
#2726 = CARTESIAN_POINT('',(-5.76408571926,-1.926537479547));
#2727 = CARTESIAN_POINT('',(-5.785164446218,-1.960559615305));
#2728 = CARTESIAN_POINT('',(-5.806602419221,-1.994224410642));
#2729 = CARTESIAN_POINT('',(-5.828448048746,-2.027460864703));
#2730 = CARTESIAN_POINT('',(-5.850760730104,-2.060176044977));
#2731 = CARTESIAN_POINT('',(-5.902027249034,-2.132095919365));
#2732 = CARTESIAN_POINT('',(-5.931214995833,-2.170859920576));
#2733 = CARTESIAN_POINT('',(-5.96141503023,-2.208421622754));
#2734 = CARTESIAN_POINT('',(-5.992820544706,-2.244440809871));
#2735 = CARTESIAN_POINT('',(-6.025615675104,-2.278328144456));
#2736 = CARTESIAN_POINT('',(-6.059986271611,-2.309248202081));
#2737 = CARTESIAN_POINT('',(-6.120737840345,-2.354099760666));
#2738 = CARTESIAN_POINT('',(-6.146109416192,-2.370296895629));
#2739 = CARTESIAN_POINT('',(-6.172339931224,-2.384150355357));
#2740 = CARTESIAN_POINT('',(-6.199356130652,-2.395139049449));
#2741 = CARTESIAN_POINT('',(-6.227022881674,-2.402727587349));
#2742 = CARTESIAN_POINT('',(-6.255104760205,-2.40652173913));
#2743 = CARTESIAN_POINT('',(-6.28318530718,-2.40652173913));
#2744 = ( GEOMETRIC_REPRESENTATION_CONTEXT(2) 
PARAMETRIC_REPRESENTATION_CONTEXT() REPRESENTATION_CONTEXT('2D SPACE',''
  ) );
#2745 = ORIENTED_EDGE('',*,*,#988,.T.);
#2746 = ORIENTED_EDGE('',*,*,#1862,.F.);
#2747 = ORIENTED_EDGE('',*,*,#1135,.T.);
#2748 = ADVANCED_FACE('',(#2749),#1095,.F.);
#2749 = FACE_BOUND('',#2750,.T.);
#2750 = EDGE_LOOP('',(#2751,#2752,#2775,#2802,#2803,#2804,#2805));
#2751 = ORIENTED_EDGE('',*,*,#1074,.T.);
#2752 = ORIENTED_EDGE('',*,*,#2753,.T.);
#2753 = EDGE_CURVE('',#1075,#2754,#2756,.T.);
#2754 = VERTEX_POINT('',#2755);
#2755 = CARTESIAN_POINT('',(6.075,-17.8,22.));
#2756 = SEAM_CURVE('',#2757,(#2761,#2768),.PCURVE_S1.);
#2757 = LINE('',#2758,#2759);
#2758 = CARTESIAN_POINT('',(6.075,-17.8,11.));
#2759 = VECTOR('',#2760,1.);
#2760 = DIRECTION('',(0.,0.,1.));
#2761 = PCURVE('',#1095,#2762);
#2762 = DEFINITIONAL_REPRESENTATION('',(#2763),#2767);
#2763 = LINE('',#2764,#2765);
#2764 = CARTESIAN_POINT('',(-6.28318530718,0.));
#2765 = VECTOR('',#2766,1.);
#2766 = DIRECTION('',(-0.,-1.));
#2767 = ( GEOMETRIC_REPRESENTATION_CONTEXT(2) 
PARAMETRIC_REPRESENTATION_CONTEXT() REPRESENTATION_CONTEXT('2D SPACE',''
  ) );
#2768 = PCURVE('',#1095,#2769);
#2769 = DEFINITIONAL_REPRESENTATION('',(#2770),#2774);
#2770 = LINE('',#2771,#2772);
#2771 = CARTESIAN_POINT('',(-0.,0.));
#2772 = VECTOR('',#2773,1.);
#2773 = DIRECTION('',(-0.,-1.));
#2774 = ( GEOMETRIC_REPRESENTATION_CONTEXT(2) 
PARAMETRIC_REPRESENTATION_CONTEXT() REPRESENTATION_CONTEXT('2D SPACE',''
  ) );
#2775 = ORIENTED_EDGE('',*,*,#2776,.T.);
#2776 = EDGE_CURVE('',#2754,#2754,#2777,.T.);
#2777 = SURFACE_CURVE('',#2778,(#2783,#2790),.PCURVE_S1.);
#2778 = CIRCLE('',#2779,2.075);
#2779 = AXIS2_PLACEMENT_3D('',#2780,#2781,#2782);
#2780 = CARTESIAN_POINT('',(4.,-17.8,22.));
#2781 = DIRECTION('',(0.,0.,1.));
#2782 = DIRECTION('',(1.,0.,0.));
#2783 = PCURVE('',#1095,#2784);
#2784 = DEFINITIONAL_REPRESENTATION('',(#2785),#2789);
#2785 = LINE('',#2786,#2787);
#2786 = CARTESIAN_POINT('',(-0.,-11.));
#2787 = VECTOR('',#2788,1.);
#2788 = DIRECTION('',(-1.,0.));
#2789 = ( GEOMETRIC_REPRESENTATION_CONTEXT(2) 
PARAMETRIC_REPRESENTATION_CONTEXT() REPRESENTATION_CONTEXT('2D SPACE',''
  ) );
#2790 = PCURVE('',#2791,#2796);
#2791 = PLANE('',#2792);
#2792 = AXIS2_PLACEMENT_3D('',#2793,#2794,#2795);
#2793 = CARTESIAN_POINT('',(4.,-17.8,22.));
#2794 = DIRECTION('',(0.,0.,1.));
#2795 = DIRECTION('',(1.,0.,-0.));
#2796 = DEFINITIONAL_REPRESENTATION('',(#2797),#2801);
#2797 = CIRCLE('',#2798,2.075);
#2798 = AXIS2_PLACEMENT_2D('',#2799,#2800);
#2799 = CARTESIAN_POINT('',(0.,0.));
#2800 = DIRECTION('',(1.,0.));
#2801 = ( GEOMETRIC_REPRESENTATION_CONTEXT(2) 
PARAMETRIC_REPRESENTATION_CONTEXT() REPRESENTATION_CONTEXT('2D SPACE',''
  ) );
#2802 = ORIENTED_EDGE('',*,*,#2753,.F.);
#2803 = ORIENTED_EDGE('',*,*,#1107,.T.);
#2804 = ORIENTED_EDGE('',*,*,#2224,.F.);
#2805 = ORIENTED_EDGE('',*,*,#2392,.F.);
#2806 = ADVANCED_FACE('',(#2807),#1038,.F.);
#2807 = FACE_BOUND('',#2808,.T.);
#2808 = EDGE_LOOP('',(#2809,#2810,#2833,#2860,#2861,#2862));
#2809 = ORIENTED_EDGE('',*,*,#2495,.F.);
#2810 = ORIENTED_EDGE('',*,*,#2811,.T.);
#2811 = EDGE_CURVE('',#2496,#2812,#2814,.T.);
#2812 = VERTEX_POINT('',#2813);
#2813 = CARTESIAN_POINT('',(-1.925,-17.8,22.));
#2814 = SEAM_CURVE('',#2815,(#2819,#2826),.PCURVE_S1.);
#2815 = LINE('',#2816,#2817);
#2816 = CARTESIAN_POINT('',(-1.925,-17.8,11.));
#2817 = VECTOR('',#2818,1.);
#2818 = DIRECTION('',(0.,0.,1.));
#2819 = PCURVE('',#1038,#2820);
#2820 = DEFINITIONAL_REPRESENTATION('',(#2821),#2825);
#2821 = LINE('',#2822,#2823);
#2822 = CARTESIAN_POINT('',(-6.28318530718,0.));
#2823 = VECTOR('',#2824,1.);
#2824 = DIRECTION('',(-0.,-1.));
#2825 = ( GEOMETRIC_REPRESENTATION_CONTEXT(2) 
PARAMETRIC_REPRESENTATION_CONTEXT() REPRESENTATION_CONTEXT('2D SPACE',''
  ) );
#2826 = PCURVE('',#1038,#2827);
#2827 = DEFINITIONAL_REPRESENTATION('',(#2828),#2832);
#2828 = LINE('',#2829,#2830);
#2829 = CARTESIAN_POINT('',(-0.,0.));
#2830 = VECTOR('',#2831,1.);
#2831 = DIRECTION('',(-0.,-1.));
#2832 = ( GEOMETRIC_REPRESENTATION_CONTEXT(2) 
PARAMETRIC_REPRESENTATION_CONTEXT() REPRESENTATION_CONTEXT('2D SPACE',''
  ) );
#2833 = ORIENTED_EDGE('',*,*,#2834,.T.);
#2834 = EDGE_CURVE('',#2812,#2812,#2835,.T.);
#2835 = SURFACE_CURVE('',#2836,(#2841,#2848),.PCURVE_S1.);
#2836 = CIRCLE('',#2837,2.075);
#2837 = AXIS2_PLACEMENT_3D('',#2838,#2839,#2840);
#2838 = CARTESIAN_POINT('',(-4.,-17.8,22.));
#2839 = DIRECTION('',(0.,0.,1.));
#2840 = DIRECTION('',(1.,0.,0.));
#2841 = PCURVE('',#1038,#2842);
#2842 = DEFINITIONAL_REPRESENTATION('',(#2843),#2847);
#2843 = LINE('',#2844,#2845);
#2844 = CARTESIAN_POINT('',(-0.,-11.));
#2845 = VECTOR('',#2846,1.);
#2846 = DIRECTION('',(-1.,0.));
#2847 = ( GEOMETRIC_REPRESENTATION_CONTEXT(2) 
PARAMETRIC_REPRESENTATION_CONTEXT() REPRESENTATION_CONTEXT('2D SPACE',''
  ) );
#2848 = PCURVE('',#2849,#2854);
#2849 = PLANE('',#2850);
#2850 = AXIS2_PLACEMENT_3D('',#2851,#2852,#2853);
#2851 = CARTESIAN_POINT('',(-4.,-17.8,22.));
#2852 = DIRECTION('',(0.,0.,1.));
#2853 = DIRECTION('',(1.,0.,-0.));
#2854 = DEFINITIONAL_REPRESENTATION('',(#2855),#2859);
#2855 = CIRCLE('',#2856,2.075);
#2856 = AXIS2_PLACEMENT_2D('',#2857,#2858);
#2857 = CARTESIAN_POINT('',(0.,0.));
#2858 = DIRECTION('',(1.,0.));
#2859 = ( GEOMETRIC_REPRESENTATION_CONTEXT(2) 
PARAMETRIC_REPRESENTATION_CONTEXT() REPRESENTATION_CONTEXT('2D SPACE',''
  ) );
#2860 = ORIENTED_EDGE('',*,*,#2811,.F.);
#2861 = ORIENTED_EDGE('',*,*,#2620,.F.);
#2862 = ORIENTED_EDGE('',*,*,#1017,.T.);
#2863 = ADVANCED_FACE('',(#2864),#952,.F.);
#2864 = FACE_BOUND('',#2865,.T.);
#2865 = EDGE_LOOP('',(#2866,#2867,#2890,#2917,#2918,#2919));
#2866 = ORIENTED_EDGE('',*,*,#1911,.F.);
#2867 = ORIENTED_EDGE('',*,*,#2868,.T.);
#2868 = EDGE_CURVE('',#1912,#2869,#2871,.T.);
#2869 = VERTEX_POINT('',#2870);
#2870 = CARTESIAN_POINT('',(-1.925,-22.2,22.));
#2871 = SEAM_CURVE('',#2872,(#2876,#2883),.PCURVE_S1.);
#2872 = LINE('',#2873,#2874);
#2873 = CARTESIAN_POINT('',(-1.925,-22.2,11.));
#2874 = VECTOR('',#2875,1.);
#2875 = DIRECTION('',(0.,0.,1.));
#2876 = PCURVE('',#952,#2877);
#2877 = DEFINITIONAL_REPRESENTATION('',(#2878),#2882);
#2878 = LINE('',#2879,#2880);
#2879 = CARTESIAN_POINT('',(-6.28318530718,0.));
#2880 = VECTOR('',#2881,1.);
#2881 = DIRECTION('',(-0.,-1.));
#2882 = ( GEOMETRIC_REPRESENTATION_CONTEXT(2) 
PARAMETRIC_REPRESENTATION_CONTEXT() REPRESENTATION_CONTEXT('2D SPACE',''
  ) );
#2883 = PCURVE('',#952,#2884);
#2884 = DEFINITIONAL_REPRESENTATION('',(#2885),#2889);
#2885 = LINE('',#2886,#2887);
#2886 = CARTESIAN_POINT('',(-0.,0.));
#2887 = VECTOR('',#2888,1.);
#2888 = DIRECTION('',(-0.,-1.));
#2889 = ( GEOMETRIC_REPRESENTATION_CONTEXT(2) 
PARAMETRIC_REPRESENTATION_CONTEXT() REPRESENTATION_CONTEXT('2D SPACE',''
  ) );
#2890 = ORIENTED_EDGE('',*,*,#2891,.T.);
#2891 = EDGE_CURVE('',#2869,#2869,#2892,.T.);
#2892 = SURFACE_CURVE('',#2893,(#2898,#2905),.PCURVE_S1.);
#2893 = CIRCLE('',#2894,2.075);
#2894 = AXIS2_PLACEMENT_3D('',#2895,#2896,#2897);
#2895 = CARTESIAN_POINT('',(-4.,-22.2,22.));
#2896 = DIRECTION('',(0.,0.,1.));
#2897 = DIRECTION('',(1.,0.,0.));
#2898 = PCURVE('',#952,#2899);
#2899 = DEFINITIONAL_REPRESENTATION('',(#2900),#2904);
#2900 = LINE('',#2901,#2902);
#2901 = CARTESIAN_POINT('',(-0.,-11.));
#2902 = VECTOR('',#2903,1.);
#2903 = DIRECTION('',(-1.,0.));
#2904 = ( GEOMETRIC_REPRESENTATION_CONTEXT(2) 
PARAMETRIC_REPRESENTATION_CONTEXT() REPRESENTATION_CONTEXT('2D SPACE',''
  ) );
#2905 = PCURVE('',#2906,#2911);
#2906 = PLANE('',#2907);
#2907 = AXIS2_PLACEMENT_3D('',#2908,#2909,#2910);
#2908 = CARTESIAN_POINT('',(-4.,-22.2,22.));
#2909 = DIRECTION('',(0.,0.,1.));
#2910 = DIRECTION('',(1.,0.,-0.));
#2911 = DEFINITIONAL_REPRESENTATION('',(#2912),#2916);
#2912 = CIRCLE('',#2913,2.075);
#2913 = AXIS2_PLACEMENT_2D('',#2914,#2915);
#2914 = CARTESIAN_POINT('',(0.,0.));
#2915 = DIRECTION('',(1.,0.));
#2916 = ( GEOMETRIC_REPRESENTATION_CONTEXT(2) 
PARAMETRIC_REPRESENTATION_CONTEXT() REPRESENTATION_CONTEXT('2D SPACE',''
  ) );
#2917 = ORIENTED_EDGE('',*,*,#2868,.F.);
#2918 = ORIENTED_EDGE('',*,*,#2036,.F.);
#2919 = ORIENTED_EDGE('',*,*,#931,.T.);
#2920 = ADVANCED_FACE('',(#2921),#1261,.F.);
#2921 = FACE_BOUND('',#2922,.F.);
#2922 = EDGE_LOOP('',(#2923,#2924,#2944,#2966));
#2923 = ORIENTED_EDGE('',*,*,#1244,.T.);
#2924 = ORIENTED_EDGE('',*,*,#2925,.T.);
#2925 = EDGE_CURVE('',#1245,#2926,#2928,.T.);
#2926 = VERTEX_POINT('',#2927);
#2927 = CARTESIAN_POINT('',(-3.8,22.,14.1));
#2928 = SEAM_CURVE('',#2929,(#2932,#2938),.PCURVE_S1.);
#2929 = B_SPLINE_CURVE_WITH_KNOTS('',1,(#2930,#2931),.UNSPECIFIED.,.F.,
  .F.,(2,2),(0.,1.),.PIECEWISE_BEZIER_KNOTS.);
#2930 = CARTESIAN_POINT('',(-1.5,22.,11.9));
#2931 = CARTESIAN_POINT('',(-3.8,22.,14.1));
#2932 = PCURVE('',#1261,#2933);
#2933 = DEFINITIONAL_REPRESENTATION('',(#2934),#2937);
#2934 = B_SPLINE_CURVE_WITH_KNOTS('',1,(#2935,#2936),.UNSPECIFIED.,.F.,
  .F.,(2,2),(0.,1.),.PIECEWISE_BEZIER_KNOTS.);
#2935 = CARTESIAN_POINT('',(0.,0.));
#2936 = CARTESIAN_POINT('',(0.,-2.2));
#2937 = ( GEOMETRIC_REPRESENTATION_CONTEXT(2) 
PARAMETRIC_REPRESENTATION_CONTEXT() REPRESENTATION_CONTEXT('2D SPACE',''
  ) );
#2938 = PCURVE('',#1261,#2939);
#2939 = DEFINITIONAL_REPRESENTATION('',(#2940),#2943);
#2940 = B_SPLINE_CURVE_WITH_KNOTS('',1,(#2941,#2942),.UNSPECIFIED.,.F.,
  .F.,(2,2),(0.,1.),.PIECEWISE_BEZIER_KNOTS.);
#2941 = CARTESIAN_POINT('',(-6.28318530718,0.));
#2942 = CARTESIAN_POINT('',(-6.28318530718,-2.2));
#2943 = ( GEOMETRIC_REPRESENTATION_CONTEXT(2) 
PARAMETRIC_REPRESENTATION_CONTEXT() REPRESENTATION_CONTEXT('2D SPACE',''
  ) );
#2944 = ORIENTED_EDGE('',*,*,#2945,.F.);
#2945 = EDGE_CURVE('',#2926,#2926,#2946,.T.);
#2946 = SURFACE_CURVE('',#2947,(#2952,#2959),.PCURVE_S1.);
#2947 = CIRCLE('',#2948,1.2);
#2948 = AXIS2_PLACEMENT_3D('',#2949,#2950,#2951);
#2949 = CARTESIAN_POINT('',(-5.,22.,14.1));
#2950 = DIRECTION('',(0.,0.,1.));
#2951 = DIRECTION('',(1.,0.,0.));
#2952 = PCURVE('',#1261,#2953);
#2953 = DEFINITIONAL_REPRESENTATION('',(#2954),#2958);
#2954 = LINE('',#2955,#2956);
#2955 = CARTESIAN_POINT('',(-0.,-2.2));
#2956 = VECTOR('',#2957,1.);
#2957 = DIRECTION('',(-1.,-0.));
#2958 = ( GEOMETRIC_REPRESENTATION_CONTEXT(2) 
PARAMETRIC_REPRESENTATION_CONTEXT() REPRESENTATION_CONTEXT('2D SPACE',''
  ) );
#2959 = PCURVE('',#1541,#2960);
#2960 = DEFINITIONAL_REPRESENTATION('',(#2961),#2965);
#2961 = LINE('',#2962,#2963);
#2962 = CARTESIAN_POINT('',(-0.,-14.1));
#2963 = VECTOR('',#2964,1.);
#2964 = DIRECTION('',(-1.,0.));
#2965 = ( GEOMETRIC_REPRESENTATION_CONTEXT(2) 
PARAMETRIC_REPRESENTATION_CONTEXT() REPRESENTATION_CONTEXT('2D SPACE',''
  ) );
#2966 = ORIENTED_EDGE('',*,*,#2925,.F.);
#2967 = ADVANCED_FACE('',(#2968),#1292,.F.);
#2968 = FACE_BOUND('',#2969,.F.);
#2969 = EDGE_LOOP('',(#2970,#2971,#2991,#3013));
#2970 = ORIENTED_EDGE('',*,*,#1275,.T.);
#2971 = ORIENTED_EDGE('',*,*,#2972,.T.);
#2972 = EDGE_CURVE('',#1276,#2973,#2975,.T.);
#2973 = VERTEX_POINT('',#2974);
#2974 = CARTESIAN_POINT('',(6.2,22.,14.1));
#2975 = SEAM_CURVE('',#2976,(#2979,#2985),.PCURVE_S1.);
#2976 = B_SPLINE_CURVE_WITH_KNOTS('',1,(#2977,#2978),.UNSPECIFIED.,.F.,
  .F.,(2,2),(0.,1.),.PIECEWISE_BEZIER_KNOTS.);
#2977 = CARTESIAN_POINT('',(8.5,22.,11.9));
#2978 = CARTESIAN_POINT('',(6.2,22.,14.1));
#2979 = PCURVE('',#1292,#2980);
#2980 = DEFINITIONAL_REPRESENTATION('',(#2981),#2984);
#2981 = B_SPLINE_CURVE_WITH_KNOTS('',1,(#2982,#2983),.UNSPECIFIED.,.F.,
  .F.,(2,2),(0.,1.),.PIECEWISE_BEZIER_KNOTS.);
#2982 = CARTESIAN_POINT('',(0.,0.));
#2983 = CARTESIAN_POINT('',(0.,-2.2));
#2984 = ( GEOMETRIC_REPRESENTATION_CONTEXT(2) 
PARAMETRIC_REPRESENTATION_CONTEXT() REPRESENTATION_CONTEXT('2D SPACE',''
  ) );
#2985 = PCURVE('',#1292,#2986);
#2986 = DEFINITIONAL_REPRESENTATION('',(#2987),#2990);
#2987 = B_SPLINE_CURVE_WITH_KNOTS('',1,(#2988,#2989),.UNSPECIFIED.,.F.,
  .F.,(2,2),(0.,1.),.PIECEWISE_BEZIER_KNOTS.);
#2988 = CARTESIAN_POINT('',(-6.28318530718,0.));
#2989 = CARTESIAN_POINT('',(-6.28318530718,-2.2));
#2990 = ( GEOMETRIC_REPRESENTATION_CONTEXT(2) 
PARAMETRIC_REPRESENTATION_CONTEXT() REPRESENTATION_CONTEXT('2D SPACE',''
  ) );
#2991 = ORIENTED_EDGE('',*,*,#2992,.F.);
#2992 = EDGE_CURVE('',#2973,#2973,#2993,.T.);
#2993 = SURFACE_CURVE('',#2994,(#2999,#3006),.PCURVE_S1.);
#2994 = CIRCLE('',#2995,1.2);
#2995 = AXIS2_PLACEMENT_3D('',#2996,#2997,#2998);
#2996 = CARTESIAN_POINT('',(5.,22.,14.1));
#2997 = DIRECTION('',(0.,0.,1.));
#2998 = DIRECTION('',(1.,0.,0.));
#2999 = PCURVE('',#1292,#3000);
#3000 = DEFINITIONAL_REPRESENTATION('',(#3001),#3005);
#3001 = LINE('',#3002,#3003);
#3002 = CARTESIAN_POINT('',(-0.,-2.2));
#3003 = VECTOR('',#3004,1.);
#3004 = DIRECTION('',(-1.,-0.));
#3005 = ( GEOMETRIC_REPRESENTATION_CONTEXT(2) 
PARAMETRIC_REPRESENTATION_CONTEXT() REPRESENTATION_CONTEXT('2D SPACE',''
  ) );
#3006 = PCURVE('',#1576,#3007);
#3007 = DEFINITIONAL_REPRESENTATION('',(#3008),#3012);
#3008 = LINE('',#3009,#3010);
#3009 = CARTESIAN_POINT('',(-0.,-14.1));
#3010 = VECTOR('',#3011,1.);
#3011 = DIRECTION('',(-1.,0.));
#3012 = ( GEOMETRIC_REPRESENTATION_CONTEXT(2) 
PARAMETRIC_REPRESENTATION_CONTEXT() REPRESENTATION_CONTEXT('2D SPACE',''
  ) );
#3013 = ORIENTED_EDGE('',*,*,#2972,.F.);
#3014 = ADVANCED_FACE('',(#3015),#1331,.F.);
#3015 = FACE_BOUND('',#3016,.T.);
#3016 = EDGE_LOOP('',(#3017,#3045,#3066,#3067));
#3017 = ORIENTED_EDGE('',*,*,#3018,.T.);
#3018 = EDGE_CURVE('',#3019,#3019,#3021,.T.);
#3019 = VERTEX_POINT('',#3020);
#3020 = CARTESIAN_POINT('',(-2.8,-22.2,22.));
#3021 = SURFACE_CURVE('',#3022,(#3027,#3034),.PCURVE_S1.);
#3022 = CIRCLE('',#3023,1.2);
#3023 = AXIS2_PLACEMENT_3D('',#3024,#3025,#3026);
#3024 = CARTESIAN_POINT('',(-4.,-22.2,22.));
#3025 = DIRECTION('',(0.,0.,-1.));
#3026 = DIRECTION('',(1.,0.,0.));
#3027 = PCURVE('',#1331,#3028);
#3028 = DEFINITIONAL_REPRESENTATION('',(#3029),#3033);
#3029 = LINE('',#3030,#3031);
#3030 = CARTESIAN_POINT('',(-6.28318530718,-22.));
#3031 = VECTOR('',#3032,1.);
#3032 = DIRECTION('',(1.,-0.));
#3033 = ( GEOMETRIC_REPRESENTATION_CONTEXT(2) 
PARAMETRIC_REPRESENTATION_CONTEXT() REPRESENTATION_CONTEXT('2D SPACE',''
  ) );
#3034 = PCURVE('',#2906,#3035);
#3035 = DEFINITIONAL_REPRESENTATION('',(#3036),#3044);
#3036 = ( BOUNDED_CURVE() B_SPLINE_CURVE(2,(#3037,#3038,#3039,#3040,
#3041,#3042,#3043),.UNSPECIFIED.,.T.,.F.) B_SPLINE_CURVE_WITH_KNOTS((1,2
    ,2,2,2,1),(-2.094395102393,0.,2.094395102393,4.188790204786,
6.28318530718,8.377580409573),.UNSPECIFIED.) CURVE() 
GEOMETRIC_REPRESENTATION_ITEM() RATIONAL_B_SPLINE_CURVE((1.,0.5,1.,0.5,
1.,0.5,1.)) REPRESENTATION_ITEM('') );
#3037 = CARTESIAN_POINT('',(1.2,0.));
#3038 = CARTESIAN_POINT('',(1.2,-2.078460969083));
#3039 = CARTESIAN_POINT('',(-0.6,-1.039230484541));
#3040 = CARTESIAN_POINT('',(-2.4,-2.939152317954E-16));
#3041 = CARTESIAN_POINT('',(-0.6,1.039230484541));
#3042 = CARTESIAN_POINT('',(1.2,2.078460969083));
#3043 = CARTESIAN_POINT('',(1.2,0.));
#3044 = ( GEOMETRIC_REPRESENTATION_CONTEXT(2) 
PARAMETRIC_REPRESENTATION_CONTEXT() REPRESENTATION_CONTEXT('2D SPACE',''
  ) );
#3045 = ORIENTED_EDGE('',*,*,#3046,.T.);
#3046 = EDGE_CURVE('',#3019,#1311,#3047,.T.);
#3047 = SEAM_CURVE('',#3048,(#3052,#3059),.PCURVE_S1.);
#3048 = LINE('',#3049,#3050);
#3049 = CARTESIAN_POINT('',(-2.8,-22.2,0.));
#3050 = VECTOR('',#3051,1.);
#3051 = DIRECTION('',(0.,0.,1.));
#3052 = PCURVE('',#1331,#3053);
#3053 = DEFINITIONAL_REPRESENTATION('',(#3054),#3058);
#3054 = LINE('',#3055,#3056);
#3055 = CARTESIAN_POINT('',(-6.28318530718,0.));
#3056 = VECTOR('',#3057,1.);
#3057 = DIRECTION('',(-0.,-1.));
#3058 = ( GEOMETRIC_REPRESENTATION_CONTEXT(2) 
PARAMETRIC_REPRESENTATION_CONTEXT() REPRESENTATION_CONTEXT('2D SPACE',''
  ) );
#3059 = PCURVE('',#1331,#3060);
#3060 = DEFINITIONAL_REPRESENTATION('',(#3061),#3065);
#3061 = LINE('',#3062,#3063);
#3062 = CARTESIAN_POINT('',(-0.,0.));
#3063 = VECTOR('',#3064,1.);
#3064 = DIRECTION('',(-0.,-1.));
#3065 = ( GEOMETRIC_REPRESENTATION_CONTEXT(2) 
PARAMETRIC_REPRESENTATION_CONTEXT() REPRESENTATION_CONTEXT('2D SPACE',''
  ) );
#3066 = ORIENTED_EDGE('',*,*,#1310,.F.);
#3067 = ORIENTED_EDGE('',*,*,#3046,.F.);
#3068 = ADVANCED_FACE('',(#3069),#1366,.F.);
#3069 = FACE_BOUND('',#3070,.T.);
#3070 = EDGE_LOOP('',(#3071,#3099,#3120,#3121));
#3071 = ORIENTED_EDGE('',*,*,#3072,.T.);
#3072 = EDGE_CURVE('',#3073,#3073,#3075,.T.);
#3073 = VERTEX_POINT('',#3074);
#3074 = CARTESIAN_POINT('',(-2.8,-17.8,22.));
#3075 = SURFACE_CURVE('',#3076,(#3081,#3088),.PCURVE_S1.);
#3076 = CIRCLE('',#3077,1.2);
#3077 = AXIS2_PLACEMENT_3D('',#3078,#3079,#3080);
#3078 = CARTESIAN_POINT('',(-4.,-17.8,22.));
#3079 = DIRECTION('',(0.,0.,-1.));
#3080 = DIRECTION('',(1.,0.,0.));
#3081 = PCURVE('',#1366,#3082);
#3082 = DEFINITIONAL_REPRESENTATION('',(#3083),#3087);
#3083 = LINE('',#3084,#3085);
#3084 = CARTESIAN_POINT('',(-6.28318530718,-22.));
#3085 = VECTOR('',#3086,1.);
#3086 = DIRECTION('',(1.,-0.));
#3087 = ( GEOMETRIC_REPRESENTATION_CONTEXT(2) 
PARAMETRIC_REPRESENTATION_CONTEXT() REPRESENTATION_CONTEXT('2D SPACE',''
  ) );
#3088 = PCURVE('',#2849,#3089);
#3089 = DEFINITIONAL_REPRESENTATION('',(#3090),#3098);
#3090 = ( BOUNDED_CURVE() B_SPLINE_CURVE(2,(#3091,#3092,#3093,#3094,
#3095,#3096,#3097),.UNSPECIFIED.,.T.,.F.) B_SPLINE_CURVE_WITH_KNOTS((1,2
    ,2,2,2,1),(-2.094395102393,0.,2.094395102393,4.188790204786,
6.28318530718,8.377580409573),.UNSPECIFIED.) CURVE() 
GEOMETRIC_REPRESENTATION_ITEM() RATIONAL_B_SPLINE_CURVE((1.,0.5,1.,0.5,
1.,0.5,1.)) REPRESENTATION_ITEM('') );
#3091 = CARTESIAN_POINT('',(1.2,0.));
#3092 = CARTESIAN_POINT('',(1.2,-2.078460969083));
#3093 = CARTESIAN_POINT('',(-0.6,-1.039230484541));
#3094 = CARTESIAN_POINT('',(-2.4,-2.939152317954E-16));
#3095 = CARTESIAN_POINT('',(-0.6,1.039230484541));
#3096 = CARTESIAN_POINT('',(1.2,2.078460969083));
#3097 = CARTESIAN_POINT('',(1.2,0.));
#3098 = ( GEOMETRIC_REPRESENTATION_CONTEXT(2) 
PARAMETRIC_REPRESENTATION_CONTEXT() REPRESENTATION_CONTEXT('2D SPACE',''
  ) );
#3099 = ORIENTED_EDGE('',*,*,#3100,.T.);
#3100 = EDGE_CURVE('',#3073,#1346,#3101,.T.);
#3101 = SEAM_CURVE('',#3102,(#3106,#3113),.PCURVE_S1.);
#3102 = LINE('',#3103,#3104);
#3103 = CARTESIAN_POINT('',(-2.8,-17.8,0.));
#3104 = VECTOR('',#3105,1.);
#3105 = DIRECTION('',(0.,0.,1.));
#3106 = PCURVE('',#1366,#3107);
#3107 = DEFINITIONAL_REPRESENTATION('',(#3108),#3112);
#3108 = LINE('',#3109,#3110);
#3109 = CARTESIAN_POINT('',(-6.28318530718,0.));
#3110 = VECTOR('',#3111,1.);
#3111 = DIRECTION('',(-0.,-1.));
#3112 = ( GEOMETRIC_REPRESENTATION_CONTEXT(2) 
PARAMETRIC_REPRESENTATION_CONTEXT() REPRESENTATION_CONTEXT('2D SPACE',''
  ) );
#3113 = PCURVE('',#1366,#3114);
#3114 = DEFINITIONAL_REPRESENTATION('',(#3115),#3119);
#3115 = LINE('',#3116,#3117);
#3116 = CARTESIAN_POINT('',(-0.,0.));
#3117 = VECTOR('',#3118,1.);
#3118 = DIRECTION('',(-0.,-1.));
#3119 = ( GEOMETRIC_REPRESENTATION_CONTEXT(2) 
PARAMETRIC_REPRESENTATION_CONTEXT() REPRESENTATION_CONTEXT('2D SPACE',''
  ) );
#3120 = ORIENTED_EDGE('',*,*,#1345,.F.);
#3121 = ORIENTED_EDGE('',*,*,#3100,.F.);
#3122 = ADVANCED_FACE('',(#3123),#1401,.F.);
#3123 = FACE_BOUND('',#3124,.T.);
#3124 = EDGE_LOOP('',(#3125,#3126,#3147,#3148));
#3125 = ORIENTED_EDGE('',*,*,#1736,.F.);
#3126 = ORIENTED_EDGE('',*,*,#3127,.T.);
#3127 = EDGE_CURVE('',#1717,#1381,#3128,.T.);
#3128 = SEAM_CURVE('',#3129,(#3133,#3140),.PCURVE_S1.);
#3129 = LINE('',#3130,#3131);
#3130 = CARTESIAN_POINT('',(1.2,-22.2,0.));
#3131 = VECTOR('',#3132,1.);
#3132 = DIRECTION('',(0.,0.,1.));
#3133 = PCURVE('',#1401,#3134);
#3134 = DEFINITIONAL_REPRESENTATION('',(#3135),#3139);
#3135 = LINE('',#3136,#3137);
#3136 = CARTESIAN_POINT('',(-6.28318530718,0.));
#3137 = VECTOR('',#3138,1.);
#3138 = DIRECTION('',(-0.,-1.));
#3139 = ( GEOMETRIC_REPRESENTATION_CONTEXT(2) 
PARAMETRIC_REPRESENTATION_CONTEXT() REPRESENTATION_CONTEXT('2D SPACE',''
  ) );
#3140 = PCURVE('',#1401,#3141);
#3141 = DEFINITIONAL_REPRESENTATION('',(#3142),#3146);
#3142 = LINE('',#3143,#3144);
#3143 = CARTESIAN_POINT('',(-0.,0.));
#3144 = VECTOR('',#3145,1.);
#3145 = DIRECTION('',(-0.,-1.));
#3146 = ( GEOMETRIC_REPRESENTATION_CONTEXT(2) 
PARAMETRIC_REPRESENTATION_CONTEXT() REPRESENTATION_CONTEXT('2D SPACE',''
  ) );
#3147 = ORIENTED_EDGE('',*,*,#1380,.F.);
#3148 = ORIENTED_EDGE('',*,*,#3127,.F.);
#3149 = ADVANCED_FACE('',(#3150),#1436,.F.);
#3150 = FACE_BOUND('',#3151,.T.);
#3151 = EDGE_LOOP('',(#3152,#3153,#3174,#3175));
#3152 = ORIENTED_EDGE('',*,*,#2369,.F.);
#3153 = ORIENTED_EDGE('',*,*,#3154,.T.);
#3154 = EDGE_CURVE('',#2350,#1416,#3155,.T.);
#3155 = SEAM_CURVE('',#3156,(#3160,#3167),.PCURVE_S1.);
#3156 = LINE('',#3157,#3158);
#3157 = CARTESIAN_POINT('',(1.2,-17.8,0.));
#3158 = VECTOR('',#3159,1.);
#3159 = DIRECTION('',(0.,0.,1.));
#3160 = PCURVE('',#1436,#3161);
#3161 = DEFINITIONAL_REPRESENTATION('',(#3162),#3166);
#3162 = LINE('',#3163,#3164);
#3163 = CARTESIAN_POINT('',(-6.28318530718,0.));
#3164 = VECTOR('',#3165,1.);
#3165 = DIRECTION('',(-0.,-1.));
#3166 = ( GEOMETRIC_REPRESENTATION_CONTEXT(2) 
PARAMETRIC_REPRESENTATION_CONTEXT() REPRESENTATION_CONTEXT('2D SPACE',''
  ) );
#3167 = PCURVE('',#1436,#3168);
#3168 = DEFINITIONAL_REPRESENTATION('',(#3169),#3173);
#3169 = LINE('',#3170,#3171);
#3170 = CARTESIAN_POINT('',(-0.,0.));
#3171 = VECTOR('',#3172,1.);
#3172 = DIRECTION('',(-0.,-1.));
#3173 = ( GEOMETRIC_REPRESENTATION_CONTEXT(2) 
PARAMETRIC_REPRESENTATION_CONTEXT() REPRESENTATION_CONTEXT('2D SPACE',''
  ) );
#3174 = ORIENTED_EDGE('',*,*,#1415,.F.);
#3175 = ORIENTED_EDGE('',*,*,#3154,.F.);
#3176 = ADVANCED_FACE('',(#3177),#1471,.F.);
#3177 = FACE_BOUND('',#3178,.T.);
#3178 = EDGE_LOOP('',(#3179,#3207,#3228,#3229));
#3179 = ORIENTED_EDGE('',*,*,#3180,.T.);
#3180 = EDGE_CURVE('',#3181,#3181,#3183,.T.);
#3181 = VERTEX_POINT('',#3182);
#3182 = CARTESIAN_POINT('',(5.2,-22.2,22.));
#3183 = SURFACE_CURVE('',#3184,(#3189,#3196),.PCURVE_S1.);
#3184 = CIRCLE('',#3185,1.2);
#3185 = AXIS2_PLACEMENT_3D('',#3186,#3187,#3188);
#3186 = CARTESIAN_POINT('',(4.,-22.2,22.));
#3187 = DIRECTION('',(0.,0.,-1.));
#3188 = DIRECTION('',(1.,0.,0.));
#3189 = PCURVE('',#1471,#3190);
#3190 = DEFINITIONAL_REPRESENTATION('',(#3191),#3195);
#3191 = LINE('',#3192,#3193);
#3192 = CARTESIAN_POINT('',(-6.28318530718,-22.));
#3193 = VECTOR('',#3194,1.);
#3194 = DIRECTION('',(1.,-0.));
#3195 = ( GEOMETRIC_REPRESENTATION_CONTEXT(2) 
PARAMETRIC_REPRESENTATION_CONTEXT() REPRESENTATION_CONTEXT('2D SPACE',''
  ) );
#3196 = PCURVE('',#2205,#3197);
#3197 = DEFINITIONAL_REPRESENTATION('',(#3198),#3206);
#3198 = ( BOUNDED_CURVE() B_SPLINE_CURVE(2,(#3199,#3200,#3201,#3202,
#3203,#3204,#3205),.UNSPECIFIED.,.T.,.F.) B_SPLINE_CURVE_WITH_KNOTS((1,2
    ,2,2,2,1),(-2.094395102393,0.,2.094395102393,4.188790204786,
6.28318530718,8.377580409573),.UNSPECIFIED.) CURVE() 
GEOMETRIC_REPRESENTATION_ITEM() RATIONAL_B_SPLINE_CURVE((1.,0.5,1.,0.5,
1.,0.5,1.)) REPRESENTATION_ITEM('') );
#3199 = CARTESIAN_POINT('',(1.2,0.));
#3200 = CARTESIAN_POINT('',(1.2,-2.078460969083));
#3201 = CARTESIAN_POINT('',(-0.6,-1.039230484541));
#3202 = CARTESIAN_POINT('',(-2.4,-2.939152317954E-16));
#3203 = CARTESIAN_POINT('',(-0.6,1.039230484541));
#3204 = CARTESIAN_POINT('',(1.2,2.078460969083));
#3205 = CARTESIAN_POINT('',(1.2,0.));
#3206 = ( GEOMETRIC_REPRESENTATION_CONTEXT(2) 
PARAMETRIC_REPRESENTATION_CONTEXT() REPRESENTATION_CONTEXT('2D SPACE',''
  ) );
#3207 = ORIENTED_EDGE('',*,*,#3208,.T.);
#3208 = EDGE_CURVE('',#3181,#1451,#3209,.T.);
#3209 = SEAM_CURVE('',#3210,(#3214,#3221),.PCURVE_S1.);
#3210 = LINE('',#3211,#3212);
#3211 = CARTESIAN_POINT('',(5.2,-22.2,0.));
#3212 = VECTOR('',#3213,1.);
#3213 = DIRECTION('',(0.,0.,1.));
#3214 = PCURVE('',#1471,#3215);
#3215 = DEFINITIONAL_REPRESENTATION('',(#3216),#3220);
#3216 = LINE('',#3217,#3218);
#3217 = CARTESIAN_POINT('',(-6.28318530718,0.));
#3218 = VECTOR('',#3219,1.);
#3219 = DIRECTION('',(-0.,-1.));
#3220 = ( GEOMETRIC_REPRESENTATION_CONTEXT(2) 
PARAMETRIC_REPRESENTATION_CONTEXT() REPRESENTATION_CONTEXT('2D SPACE',''
  ) );
#3221 = PCURVE('',#1471,#3222);
#3222 = DEFINITIONAL_REPRESENTATION('',(#3223),#3227);
#3223 = LINE('',#3224,#3225);
#3224 = CARTESIAN_POINT('',(-0.,0.));
#3225 = VECTOR('',#3226,1.);
#3226 = DIRECTION('',(-0.,-1.));
#3227 = ( GEOMETRIC_REPRESENTATION_CONTEXT(2) 
PARAMETRIC_REPRESENTATION_CONTEXT() REPRESENTATION_CONTEXT('2D SPACE',''
  ) );
#3228 = ORIENTED_EDGE('',*,*,#1450,.F.);
#3229 = ORIENTED_EDGE('',*,*,#3208,.F.);
#3230 = ADVANCED_FACE('',(#3231),#1506,.F.);
#3231 = FACE_BOUND('',#3232,.T.);
#3232 = EDGE_LOOP('',(#3233,#3261,#3282,#3283));
#3233 = ORIENTED_EDGE('',*,*,#3234,.T.);
#3234 = EDGE_CURVE('',#3235,#3235,#3237,.T.);
#3235 = VERTEX_POINT('',#3236);
#3236 = CARTESIAN_POINT('',(5.2,-17.8,22.));
#3237 = SURFACE_CURVE('',#3238,(#3243,#3250),.PCURVE_S1.);
#3238 = CIRCLE('',#3239,1.2);
#3239 = AXIS2_PLACEMENT_3D('',#3240,#3241,#3242);
#3240 = CARTESIAN_POINT('',(4.,-17.8,22.));
#3241 = DIRECTION('',(0.,0.,-1.));
#3242 = DIRECTION('',(1.,0.,0.));
#3243 = PCURVE('',#1506,#3244);
#3244 = DEFINITIONAL_REPRESENTATION('',(#3245),#3249);
#3245 = LINE('',#3246,#3247);
#3246 = CARTESIAN_POINT('',(-6.28318530718,-22.));
#3247 = VECTOR('',#3248,1.);
#3248 = DIRECTION('',(1.,-0.));
#3249 = ( GEOMETRIC_REPRESENTATION_CONTEXT(2) 
PARAMETRIC_REPRESENTATION_CONTEXT() REPRESENTATION_CONTEXT('2D SPACE',''
  ) );
#3250 = PCURVE('',#2791,#3251);
#3251 = DEFINITIONAL_REPRESENTATION('',(#3252),#3260);
#3252 = ( BOUNDED_CURVE() B_SPLINE_CURVE(2,(#3253,#3254,#3255,#3256,
#3257,#3258,#3259),.UNSPECIFIED.,.T.,.F.) B_SPLINE_CURVE_WITH_KNOTS((1,2
    ,2,2,2,1),(-2.094395102393,0.,2.094395102393,4.188790204786,
6.28318530718,8.377580409573),.UNSPECIFIED.) CURVE() 
GEOMETRIC_REPRESENTATION_ITEM() RATIONAL_B_SPLINE_CURVE((1.,0.5,1.,0.5,
1.,0.5,1.)) REPRESENTATION_ITEM('') );
#3253 = CARTESIAN_POINT('',(1.2,0.));
#3254 = CARTESIAN_POINT('',(1.2,-2.078460969083));
#3255 = CARTESIAN_POINT('',(-0.6,-1.039230484541));
#3256 = CARTESIAN_POINT('',(-2.4,-2.939152317954E-16));
#3257 = CARTESIAN_POINT('',(-0.6,1.039230484541));
#3258 = CARTESIAN_POINT('',(1.2,2.078460969083));
#3259 = CARTESIAN_POINT('',(1.2,0.));
#3260 = ( GEOMETRIC_REPRESENTATION_CONTEXT(2) 
PARAMETRIC_REPRESENTATION_CONTEXT() REPRESENTATION_CONTEXT('2D SPACE',''
  ) );
#3261 = ORIENTED_EDGE('',*,*,#3262,.T.);
#3262 = EDGE_CURVE('',#3235,#1486,#3263,.T.);
#3263 = SEAM_CURVE('',#3264,(#3268,#3275),.PCURVE_S1.);
#3264 = LINE('',#3265,#3266);
#3265 = CARTESIAN_POINT('',(5.2,-17.8,0.));
#3266 = VECTOR('',#3267,1.);
#3267 = DIRECTION('',(0.,0.,1.));
#3268 = PCURVE('',#1506,#3269);
#3269 = DEFINITIONAL_REPRESENTATION('',(#3270),#3274);
#3270 = LINE('',#3271,#3272);
#3271 = CARTESIAN_POINT('',(-6.28318530718,0.));
#3272 = VECTOR('',#3273,1.);
#3273 = DIRECTION('',(-0.,-1.));
#3274 = ( GEOMETRIC_REPRESENTATION_CONTEXT(2) 
PARAMETRIC_REPRESENTATION_CONTEXT() REPRESENTATION_CONTEXT('2D SPACE',''
  ) );
#3275 = PCURVE('',#1506,#3276);
#3276 = DEFINITIONAL_REPRESENTATION('',(#3277),#3281);
#3277 = LINE('',#3278,#3279);
#3278 = CARTESIAN_POINT('',(-0.,0.));
#3279 = VECTOR('',#3280,1.);
#3280 = DIRECTION('',(-0.,-1.));
#3281 = ( GEOMETRIC_REPRESENTATION_CONTEXT(2) 
PARAMETRIC_REPRESENTATION_CONTEXT() REPRESENTATION_CONTEXT('2D SPACE',''
  ) );
#3282 = ORIENTED_EDGE('',*,*,#1485,.F.);
#3283 = ORIENTED_EDGE('',*,*,#3262,.F.);
#3284 = ADVANCED_FACE('',(#3285),#1541,.F.);
#3285 = FACE_BOUND('',#3286,.T.);
#3286 = EDGE_LOOP('',(#3287,#3288,#3309,#3310));
#3287 = ORIENTED_EDGE('',*,*,#2945,.F.);
#3288 = ORIENTED_EDGE('',*,*,#3289,.T.);
#3289 = EDGE_CURVE('',#2926,#1521,#3290,.T.);
#3290 = SEAM_CURVE('',#3291,(#3295,#3302),.PCURVE_S1.);
#3291 = LINE('',#3292,#3293);
#3292 = CARTESIAN_POINT('',(-3.8,22.,0.));
#3293 = VECTOR('',#3294,1.);
#3294 = DIRECTION('',(0.,0.,1.));
#3295 = PCURVE('',#1541,#3296);
#3296 = DEFINITIONAL_REPRESENTATION('',(#3297),#3301);
#3297 = LINE('',#3298,#3299);
#3298 = CARTESIAN_POINT('',(-6.28318530718,0.));
#3299 = VECTOR('',#3300,1.);
#3300 = DIRECTION('',(-0.,-1.));
#3301 = ( GEOMETRIC_REPRESENTATION_CONTEXT(2) 
PARAMETRIC_REPRESENTATION_CONTEXT() REPRESENTATION_CONTEXT('2D SPACE',''
  ) );
#3302 = PCURVE('',#1541,#3303);
#3303 = DEFINITIONAL_REPRESENTATION('',(#3304),#3308);
#3304 = LINE('',#3305,#3306);
#3305 = CARTESIAN_POINT('',(-0.,0.));
#3306 = VECTOR('',#3307,1.);
#3307 = DIRECTION('',(-0.,-1.));
#3308 = ( GEOMETRIC_REPRESENTATION_CONTEXT(2) 
PARAMETRIC_REPRESENTATION_CONTEXT() REPRESENTATION_CONTEXT('2D SPACE',''
  ) );
#3309 = ORIENTED_EDGE('',*,*,#1520,.F.);
#3310 = ORIENTED_EDGE('',*,*,#3289,.F.);
#3311 = ADVANCED_FACE('',(#3312),#1576,.F.);
#3312 = FACE_BOUND('',#3313,.T.);
#3313 = EDGE_LOOP('',(#3314,#3315,#3336,#3337));
#3314 = ORIENTED_EDGE('',*,*,#2992,.F.);
#3315 = ORIENTED_EDGE('',*,*,#3316,.T.);
#3316 = EDGE_CURVE('',#2973,#1556,#3317,.T.);
#3317 = SEAM_CURVE('',#3318,(#3322,#3329),.PCURVE_S1.);
#3318 = LINE('',#3319,#3320);
#3319 = CARTESIAN_POINT('',(6.2,22.,0.));
#3320 = VECTOR('',#3321,1.);
#3321 = DIRECTION('',(0.,0.,1.));
#3322 = PCURVE('',#1576,#3323);
#3323 = DEFINITIONAL_REPRESENTATION('',(#3324),#3328);
#3324 = LINE('',#3325,#3326);
#3325 = CARTESIAN_POINT('',(-6.28318530718,0.));
#3326 = VECTOR('',#3327,1.);
#3327 = DIRECTION('',(-0.,-1.));
#3328 = ( GEOMETRIC_REPRESENTATION_CONTEXT(2) 
PARAMETRIC_REPRESENTATION_CONTEXT() REPRESENTATION_CONTEXT('2D SPACE',''
  ) );
#3329 = PCURVE('',#1576,#3330);
#3330 = DEFINITIONAL_REPRESENTATION('',(#3331),#3335);
#3331 = LINE('',#3332,#3333);
#3332 = CARTESIAN_POINT('',(-0.,0.));
#3333 = VECTOR('',#3334,1.);
#3334 = DIRECTION('',(-0.,-1.));
#3335 = ( GEOMETRIC_REPRESENTATION_CONTEXT(2) 
PARAMETRIC_REPRESENTATION_CONTEXT() REPRESENTATION_CONTEXT('2D SPACE',''
  ) );
#3336 = ORIENTED_EDGE('',*,*,#1555,.F.);
#3337 = ORIENTED_EDGE('',*,*,#3316,.F.);
#3338 = ADVANCED_FACE('',(#3339,#3342),#2205,.F.);
#3339 = FACE_BOUND('',#3340,.F.);
#3340 = EDGE_LOOP('',(#3341));
#3341 = ORIENTED_EDGE('',*,*,#2190,.T.);
#3342 = FACE_BOUND('',#3343,.F.);
#3343 = EDGE_LOOP('',(#3344));
#3344 = ORIENTED_EDGE('',*,*,#3180,.T.);
#3345 = ADVANCED_FACE('',(#3346,#3349),#2791,.F.);
#3346 = FACE_BOUND('',#3347,.F.);
#3347 = EDGE_LOOP('',(#3348));
#3348 = ORIENTED_EDGE('',*,*,#2776,.T.);
#3349 = FACE_BOUND('',#3350,.F.);
#3350 = EDGE_LOOP('',(#3351));
#3351 = ORIENTED_EDGE('',*,*,#3234,.T.);
#3352 = ADVANCED_FACE('',(#3353,#3356),#2849,.F.);
#3353 = FACE_BOUND('',#3354,.F.);
#3354 = EDGE_LOOP('',(#3355));
#3355 = ORIENTED_EDGE('',*,*,#2834,.T.);
#3356 = FACE_BOUND('',#3357,.F.);
#3357 = EDGE_LOOP('',(#3358));
#3358 = ORIENTED_EDGE('',*,*,#3072,.T.);
#3359 = ADVANCED_FACE('',(#3360,#3363),#2906,.F.);
#3360 = FACE_BOUND('',#3361,.F.);
#3361 = EDGE_LOOP('',(#3362));
#3362 = ORIENTED_EDGE('',*,*,#2891,.T.);
#3363 = FACE_BOUND('',#3364,.F.);
#3364 = EDGE_LOOP('',(#3365));
#3365 = ORIENTED_EDGE('',*,*,#3018,.T.);
#3366 = ( GEOMETRIC_REPRESENTATION_CONTEXT(3) 
GLOBAL_UNCERTAINTY_ASSIGNED_CONTEXT((#3370)) 
GLOBAL_UNIT_ASSIGNED_CONTEXT((#3367,#3368,#3369)) REPRESENTATION_CONTEXT
('Context #1','3D Context with UNIT and UNCERTAINTY') );
#3367 = ( LENGTH_UNIT() NAMED_UNIT(*) SI_UNIT(.MILLI.,.METRE.) );
#3368 = ( NAMED_UNIT(*) PLANE_ANGLE_UNIT() SI_UNIT($,.RADIAN.) );
#3369 = ( NAMED_UNIT(*) SI_UNIT($,.STERADIAN.) SOLID_ANGLE_UNIT() );
#3370 = UNCERTAINTY_MEASURE_WITH_UNIT(LENGTH_MEASURE(1.E-07),#3367,
  'distance_accuracy_value','confusion accuracy');
#3371 = PRODUCT_RELATED_PRODUCT_CATEGORY('part',$,(#7));
ENDSEC;
END-ISO-10303-21;
