ISO-10303-21;
HEADER;
FILE_DESCRIPTION(('Open CASCADE Model'),'2;1');
FILE_NAME('Open CASCADE Shape Model','2026-09-24T17:17:04',('Author'),(
    'Open CASCADE'),'Open CASCADE STEP processor 7.9','Open CASCADE 7.9'
  ,'Unknown');
FILE_SCHEMA(('AUTOMOTIVE_DESIGN { 1 0 10303 214 1 1 1 1 }'));
ENDSEC;
DATA;
#1 = APPLICATION_PROTOCOL_DEFINITION('international standard',
  'automotive_design',2000,#2);
#2 = APPLICATION_CONTEXT(
  'core data for automotive mechanical design processes');
#3 = SHAPE_DEFINITION_REPRESENTATION(#4,#10);
#4 = PRODUCT_DEFINITION_SHAPE('','',#5);
#5 = PRODUCT_DEFINITION('design','',#6,#9);
#6 = PRODUCT_DEFINITION_FORMATION('','',#7);
#7 = PRODUCT('Open CASCADE STEP translator 7.9 8',
  'Open CASCADE STEP translator 7.9 8','',(#8));
#8 = PRODUCT_CONTEXT('',#2,'mechanical');
#9 = PRODUCT_DEFINITION_CONTEXT('part definition',#2,'design');
#10 = ADVANCED_BREP_SHAPE_REPRESENTATION('',(#11,#15),#4461);
#11 = AXIS2_PLACEMENT_3D('',#12,#13,#14);
#12 = CARTESIAN_POINT('',(0.,0.,0.));
#13 = DIRECTION('',(0.,0.,1.));
#14 = DIRECTION('',(1.,0.,-0.));
#15 = MANIFOLD_SOLID_BREP('',#16);
#16 = CLOSED_SHELL('',(#17,#329,#384,#443,#517,#571,#618,#650,#719,#773,
    #827,#852,#907,#1025,#1108,#1469,#1636,#1720,#1769,#1877,#2267,#2317
    ,#2372,#2399,#2426,#2676,#2729,#2757,#2947,#4080,#4108,#4137,#4207,
    #4256,#4283,#4290,#4337,#4364,#4415,#4445,#4451,#4455));
#17 = ADVANCED_FACE('',(#18,#54,#89,#209),#31,.F.);
#18 = FACE_BOUND('',#19,.T.);
#19 = EDGE_LOOP('',(#20));
#20 = ORIENTED_EDGE('',*,*,#21,.F.);
#21 = EDGE_CURVE('',#22,#22,#24,.T.);
#22 = VERTEX_POINT('',#23);
#23 = CARTESIAN_POINT('',(32.5,0.,-7.));
#24 = SURFACE_CURVE('',#25,(#30,#42),.PCURVE_S1.);
#25 = CIRCLE('',#26,32.5);
#26 = AXIS2_PLACEMENT_3D('',#27,#28,#29);
#27 = CARTESIAN_POINT('',(0.,0.,-7.));
#28 = DIRECTION('',(0.,0.,1.));
#29 = DIRECTION('',(1.,0.,-0.));
#30 = PCURVE('',#31,#36);
#31 = PLANE('',#32);
#32 = AXIS2_PLACEMENT_3D('',#33,#34,#35);
#33 = CARTESIAN_POINT('',(0.,0.,-7.));
#34 = DIRECTION('',(0.,0.,1.));
#35 = DIRECTION('',(1.,0.,-0.));
#36 = DEFINITIONAL_REPRESENTATION('',(#37),#41);
#37 = CIRCLE('',#38,32.5);
#38 = AXIS2_PLACEMENT_2D('',#39,#40);
#39 = CARTESIAN_POINT('',(0.,0.));
#40 = DIRECTION('',(1.,-0.));
#41 = ( GEOMETRIC_REPRESENTATION_CONTEXT(2) 
PARAMETRIC_REPRESENTATION_CONTEXT() REPRESENTATION_CONTEXT('2D SPACE',''
  ) );
#42 = PCURVE('',#43,#48);
#43 = CYLINDRICAL_SURFACE('',#44,32.5);
#44 = AXIS2_PLACEMENT_3D('',#45,#46,#47);
#45 = CARTESIAN_POINT('',(0.,0.,-7.));
#46 = DIRECTION('',(0.,0.,1.));
#47 = DIRECTION('',(1.,0.,-0.));
#48 = DEFINITIONAL_REPRESENTATION('',(#49),#53);
#49 = LINE('',#50,#51);
#50 = CARTESIAN_POINT('',(0.,0.));
#51 = VECTOR('',#52,1.);
#52 = DIRECTION('',(1.,0.));
#53 = ( GEOMETRIC_REPRESENTATION_CONTEXT(2) 
PARAMETRIC_REPRESENTATION_CONTEXT() REPRESENTATION_CONTEXT('2D SPACE',''
  ) );
#54 = FACE_BOUND('',#55,.T.);
#55 = EDGE_LOOP('',(#56));
#56 = ORIENTED_EDGE('',*,*,#57,.F.);
#57 = EDGE_CURVE('',#58,#58,#60,.T.);
#58 = VERTEX_POINT('',#59);
#59 = CARTESIAN_POINT('',(2.3,0.,-7.));
#60 = SURFACE_CURVE('',#61,(#66,#77),.PCURVE_S1.);
#61 = CIRCLE('',#62,2.3);
#62 = AXIS2_PLACEMENT_3D('',#63,#64,#65);
#63 = CARTESIAN_POINT('',(0.,0.,-7.));
#64 = DIRECTION('',(0.,0.,-1.));
#65 = DIRECTION('',(1.,0.,0.));
#66 = PCURVE('',#31,#67);
#67 = DEFINITIONAL_REPRESENTATION('',(#68),#76);
#68 = ( BOUNDED_CURVE() B_SPLINE_CURVE(2,(#69,#70,#71,#72,#73,#74,#75),
.UNSPECIFIED.,.T.,.F.) B_SPLINE_CURVE_WITH_KNOTS((1,2,2,2,2,1),(
    -2.094395102393,0.,2.094395102393,4.188790204786,6.28318530718,
8.377580409573),.UNSPECIFIED.) CURVE() GEOMETRIC_REPRESENTATION_ITEM() 
RATIONAL_B_SPLINE_CURVE((1.,0.5,1.,0.5,1.,0.5,1.)) REPRESENTATION_ITEM(
  '') );
#69 = CARTESIAN_POINT('',(2.3,0.));
#70 = CARTESIAN_POINT('',(2.3,-3.983716857408));
#71 = CARTESIAN_POINT('',(-1.15,-1.991858428704));
#72 = CARTESIAN_POINT('',(-4.6,-5.633375276078E-16));
#73 = CARTESIAN_POINT('',(-1.15,1.991858428704));
#74 = CARTESIAN_POINT('',(2.3,3.983716857408));
#75 = CARTESIAN_POINT('',(2.3,0.));
#76 = ( GEOMETRIC_REPRESENTATION_CONTEXT(2) 
PARAMETRIC_REPRESENTATION_CONTEXT() REPRESENTATION_CONTEXT('2D SPACE',''
  ) );
#77 = PCURVE('',#78,#83);
#78 = CYLINDRICAL_SURFACE('',#79,2.3);
#79 = AXIS2_PLACEMENT_3D('',#80,#81,#82);
#80 = CARTESIAN_POINT('',(0.,0.,-200.));
#81 = DIRECTION('',(-0.,-0.,-1.));
#82 = DIRECTION('',(1.,0.,0.));
#83 = DEFINITIONAL_REPRESENTATION('',(#84),#88);
#84 = LINE('',#85,#86);
#85 = CARTESIAN_POINT('',(-6.28318530718,-193.));
#86 = VECTOR('',#87,1.);
#87 = DIRECTION('',(1.,-0.));
#88 = ( GEOMETRIC_REPRESENTATION_CONTEXT(2) 
PARAMETRIC_REPRESENTATION_CONTEXT() REPRESENTATION_CONTEXT('2D SPACE',''
  ) );
#89 = FACE_BOUND('',#90,.T.);
#90 = EDGE_LOOP('',(#91,#119,#152,#178));
#91 = ORIENTED_EDGE('',*,*,#92,.F.);
#92 = EDGE_CURVE('',#93,#95,#97,.T.);
#93 = VERTEX_POINT('',#94);
#94 = CARTESIAN_POINT('',(3.530695902926,11.594144489399,-7.));
#95 = VERTEX_POINT('',#96);
#96 = CARTESIAN_POINT('',(6.9961656492,19.0258683431,-7.));
#97 = SURFACE_CURVE('',#98,(#102,#108),.PCURVE_S1.);
#98 = LINE('',#99,#100);
#99 = CARTESIAN_POINT('',(0.994986332482,6.156297767179,-7.));
#100 = VECTOR('',#101,1.);
#101 = DIRECTION('',(0.422618261741,0.906307787037,-0.));
#102 = PCURVE('',#31,#103);
#103 = DEFINITIONAL_REPRESENTATION('',(#104),#107);
#104 = B_SPLINE_CURVE_WITH_KNOTS('',1,(#105,#106),.UNSPECIFIED.,.F.,.F.,
  (2,2),(6.,14.2),.PIECEWISE_BEZIER_KNOTS.);
#105 = CARTESIAN_POINT('',(3.530695902926,11.594144489399));
#106 = CARTESIAN_POINT('',(6.9961656492,19.0258683431));
#107 = ( GEOMETRIC_REPRESENTATION_CONTEXT(2) 
PARAMETRIC_REPRESENTATION_CONTEXT() REPRESENTATION_CONTEXT('2D SPACE',''
  ) );
#108 = PCURVE('',#109,#114);
#109 = PLANE('',#110);
#110 = AXIS2_PLACEMENT_3D('',#111,#112,#113);
#111 = CARTESIAN_POINT('',(3.530695902926,11.594144489399,-20.));
#112 = DIRECTION('',(-0.906307787037,0.422618261741,0.));
#113 = DIRECTION('',(0.422618261741,0.906307787037,0.));
#114 = DEFINITIONAL_REPRESENTATION('',(#115),#118);
#115 = B_SPLINE_CURVE_WITH_KNOTS('',1,(#116,#117),.UNSPECIFIED.,.F.,.F.,
  (2,2),(6.,14.2),.PIECEWISE_BEZIER_KNOTS.);
#116 = CARTESIAN_POINT('',(0.,-13.));
#117 = CARTESIAN_POINT('',(8.2,-13.));
#118 = ( GEOMETRIC_REPRESENTATION_CONTEXT(2) 
PARAMETRIC_REPRESENTATION_CONTEXT() REPRESENTATION_CONTEXT('2D SPACE',''
  ) );
#119 = ORIENTED_EDGE('',*,*,#120,.F.);
#120 = EDGE_CURVE('',#121,#93,#123,.T.);
#121 = VERTEX_POINT('',#122);
#122 = CARTESIAN_POINT('',(6.612142378851,10.157242399481,-7.));
#123 = SURFACE_CURVE('',#124,(#129,#140),.PCURVE_S1.);
#124 = CIRCLE('',#125,1.7);
#125 = AXIS2_PLACEMENT_3D('',#126,#127,#128);
#126 = CARTESIAN_POINT('',(5.071419140888,10.87569344444,-7.));
#127 = DIRECTION('',(0.,0.,-1.));
#128 = DIRECTION('',(0.906307787037,-0.422618261741,0.));
#129 = PCURVE('',#31,#130);
#130 = DEFINITIONAL_REPRESENTATION('',(#131),#139);
#131 = ( BOUNDED_CURVE() B_SPLINE_CURVE(2,(#132,#133,#134,#135,#136,#137
,#138),.UNSPECIFIED.,.T.,.F.) B_SPLINE_CURVE_WITH_KNOTS((1,2,2,2,2,1),(
    -2.094395102393,0.,2.094395102393,4.188790204786,6.28318530718,
8.377580409573),.UNSPECIFIED.) CURVE() GEOMETRIC_REPRESENTATION_ITEM() 
RATIONAL_B_SPLINE_CURVE((1.,0.5,1.,0.5,1.,0.5,1.)) REPRESENTATION_ITEM(
  '') );
#132 = CARTESIAN_POINT('',(6.612142378851,10.157242399481));
#133 = CARTESIAN_POINT('',(5.36774866623,7.488631470928));
#134 = CARTESIAN_POINT('',(3.678860665597,9.900613502643));
#135 = CARTESIAN_POINT('',(1.989972664964,12.312595534358));
#136 = CARTESIAN_POINT('',(4.923254378217,12.569224431196));
#137 = CARTESIAN_POINT('',(7.856536091471,12.825853328033));
#138 = CARTESIAN_POINT('',(6.612142378851,10.157242399481));
#139 = ( GEOMETRIC_REPRESENTATION_CONTEXT(2) 
PARAMETRIC_REPRESENTATION_CONTEXT() REPRESENTATION_CONTEXT('2D SPACE',''
  ) );
#140 = PCURVE('',#141,#146);
#141 = CYLINDRICAL_SURFACE('',#142,1.7);
#142 = AXIS2_PLACEMENT_3D('',#143,#144,#145);
#143 = CARTESIAN_POINT('',(5.071419140888,10.87569344444,-20.));
#144 = DIRECTION('',(0.,0.,-1.));
#145 = DIRECTION('',(0.906307787037,-0.422618261741,0.));
#146 = DEFINITIONAL_REPRESENTATION('',(#147),#151);
#147 = LINE('',#148,#149);
#148 = CARTESIAN_POINT('',(0.,-13.));
#149 = VECTOR('',#150,1.);
#150 = DIRECTION('',(1.,0.));
#151 = ( GEOMETRIC_REPRESENTATION_CONTEXT(2) 
PARAMETRIC_REPRESENTATION_CONTEXT() REPRESENTATION_CONTEXT('2D SPACE',''
  ) );
#152 = ORIENTED_EDGE('',*,*,#153,.F.);
#153 = EDGE_CURVE('',#154,#121,#156,.T.);
#154 = VERTEX_POINT('',#155);
#155 = CARTESIAN_POINT('',(10.077612125124,17.588966253181,-7.));
#156 = SURFACE_CURVE('',#157,(#161,#167),.PCURVE_S1.);
#157 = LINE('',#158,#159);
#158 = CARTESIAN_POINT('',(5.809167681543,8.435257604111,-7.));
#159 = VECTOR('',#160,1.);
#160 = DIRECTION('',(-0.422618261741,-0.906307787037,0.));
#161 = PCURVE('',#31,#162);
#162 = DEFINITIONAL_REPRESENTATION('',(#163),#166);
#163 = B_SPLINE_CURVE_WITH_KNOTS('',1,(#164,#165),.UNSPECIFIED.,.F.,.F.,
  (2,2),(-10.1,-1.9),.PIECEWISE_BEZIER_KNOTS.);
#164 = CARTESIAN_POINT('',(10.077612125124,17.588966253181));
#165 = CARTESIAN_POINT('',(6.612142378851,10.157242399481));
#166 = ( GEOMETRIC_REPRESENTATION_CONTEXT(2) 
PARAMETRIC_REPRESENTATION_CONTEXT() REPRESENTATION_CONTEXT('2D SPACE',''
  ) );
#167 = PCURVE('',#168,#173);
#168 = PLANE('',#169);
#169 = AXIS2_PLACEMENT_3D('',#170,#171,#172);
#170 = CARTESIAN_POINT('',(10.077612125124,17.588966253181,-20.));
#171 = DIRECTION('',(0.906307787037,-0.422618261741,0.));
#172 = DIRECTION('',(-0.422618261741,-0.906307787037,0.));
#173 = DEFINITIONAL_REPRESENTATION('',(#174),#177);
#174 = B_SPLINE_CURVE_WITH_KNOTS('',1,(#175,#176),.UNSPECIFIED.,.F.,.F.,
  (2,2),(-10.1,-1.9),.PIECEWISE_BEZIER_KNOTS.);
#175 = CARTESIAN_POINT('',(0.,-13.));
#176 = CARTESIAN_POINT('',(8.2,-13.));
#177 = ( GEOMETRIC_REPRESENTATION_CONTEXT(2) 
PARAMETRIC_REPRESENTATION_CONTEXT() REPRESENTATION_CONTEXT('2D SPACE',''
  ) );
#178 = ORIENTED_EDGE('',*,*,#179,.F.);
#179 = EDGE_CURVE('',#95,#154,#180,.T.);
#180 = SURFACE_CURVE('',#181,(#186,#197),.PCURVE_S1.);
#181 = CIRCLE('',#182,1.7);
#182 = AXIS2_PLACEMENT_3D('',#183,#184,#185);
#183 = CARTESIAN_POINT('',(8.536888887162,18.30741729814,-7.));
#184 = DIRECTION('',(0.,0.,-1.));
#185 = DIRECTION('',(-0.906307787037,0.422618261741,0.));
#186 = PCURVE('',#31,#187);
#187 = DEFINITIONAL_REPRESENTATION('',(#188),#196);
#188 = ( BOUNDED_CURVE() B_SPLINE_CURVE(2,(#189,#190,#191,#192,#193,#194
,#195),.UNSPECIFIED.,.T.,.F.) B_SPLINE_CURVE_WITH_KNOTS((1,2,2,2,2,1),(
    -2.094395102393,0.,2.094395102393,4.188790204786,6.28318530718,
8.377580409573),.UNSPECIFIED.) CURVE() GEOMETRIC_REPRESENTATION_ITEM() 
RATIONAL_B_SPLINE_CURVE((1.,0.5,1.,0.5,1.,0.5,1.)) REPRESENTATION_ITEM(
  '') );
#189 = CARTESIAN_POINT('',(6.9961656492,19.0258683431));
#190 = CARTESIAN_POINT('',(8.24055936182,21.694479271652));
#191 = CARTESIAN_POINT('',(9.929447362453,19.282497239937));
#192 = CARTESIAN_POINT('',(11.618335363087,16.870515208222));
#193 = CARTESIAN_POINT('',(8.685053649833,16.613886311384));
#194 = CARTESIAN_POINT('',(5.75177193658,16.357257414547));
#195 = CARTESIAN_POINT('',(6.9961656492,19.0258683431));
#196 = ( GEOMETRIC_REPRESENTATION_CONTEXT(2) 
PARAMETRIC_REPRESENTATION_CONTEXT() REPRESENTATION_CONTEXT('2D SPACE',''
  ) );
#197 = PCURVE('',#198,#203);
#198 = CYLINDRICAL_SURFACE('',#199,1.7);
#199 = AXIS2_PLACEMENT_3D('',#200,#201,#202);
#200 = CARTESIAN_POINT('',(8.536888887162,18.30741729814,-20.));
#201 = DIRECTION('',(0.,0.,-1.));
#202 = DIRECTION('',(-0.906307787037,0.422618261741,0.));
#203 = DEFINITIONAL_REPRESENTATION('',(#204),#208);
#204 = LINE('',#205,#206);
#205 = CARTESIAN_POINT('',(0.,-13.));
#206 = VECTOR('',#207,1.);
#207 = DIRECTION('',(1.,0.));
#208 = ( GEOMETRIC_REPRESENTATION_CONTEXT(2) 
PARAMETRIC_REPRESENTATION_CONTEXT() REPRESENTATION_CONTEXT('2D SPACE',''
  ) );
#209 = FACE_BOUND('',#210,.T.);
#210 = EDGE_LOOP('',(#211,#239,#272,#298));
#211 = ORIENTED_EDGE('',*,*,#212,.F.);
#212 = EDGE_CURVE('',#213,#215,#217,.T.);
#213 = VERTEX_POINT('',#214);
#214 = CARTESIAN_POINT('',(-6.612142378851,10.157242399481,-7.));
#215 = VERTEX_POINT('',#216);
#216 = CARTESIAN_POINT('',(-10.07761212512,17.588966253181,-7.));
#217 = SURFACE_CURVE('',#218,(#222,#228),.PCURVE_S1.);
#218 = LINE('',#219,#220);
#219 = CARTESIAN_POINT('',(-4.076432808407,4.719395677261,-7.));
#220 = VECTOR('',#221,1.);
#221 = DIRECTION('',(-0.422618261741,0.906307787037,0.));
#222 = PCURVE('',#31,#223);
#223 = DEFINITIONAL_REPRESENTATION('',(#224),#227);
#224 = B_SPLINE_CURVE_WITH_KNOTS('',1,(#225,#226),.UNSPECIFIED.,.F.,.F.,
  (2,2),(6.,14.2),.PIECEWISE_BEZIER_KNOTS.);
#225 = CARTESIAN_POINT('',(-6.612142378851,10.157242399481));
#226 = CARTESIAN_POINT('',(-10.07761212512,17.588966253181));
#227 = ( GEOMETRIC_REPRESENTATION_CONTEXT(2) 
PARAMETRIC_REPRESENTATION_CONTEXT() REPRESENTATION_CONTEXT('2D SPACE',''
  ) );
#228 = PCURVE('',#229,#234);
#229 = PLANE('',#230);
#230 = AXIS2_PLACEMENT_3D('',#231,#232,#233);
#231 = CARTESIAN_POINT('',(-6.612142378851,10.157242399481,-20.));
#232 = DIRECTION('',(-0.906307787037,-0.422618261741,0.));
#233 = DIRECTION('',(-0.422618261741,0.906307787037,0.));
#234 = DEFINITIONAL_REPRESENTATION('',(#235),#238);
#235 = B_SPLINE_CURVE_WITH_KNOTS('',1,(#236,#237),.UNSPECIFIED.,.F.,.F.,
  (2,2),(6.,14.2),.PIECEWISE_BEZIER_KNOTS.);
#236 = CARTESIAN_POINT('',(0.,-13.));
#237 = CARTESIAN_POINT('',(8.2,-13.));
#238 = ( GEOMETRIC_REPRESENTATION_CONTEXT(2) 
PARAMETRIC_REPRESENTATION_CONTEXT() REPRESENTATION_CONTEXT('2D SPACE',''
  ) );
#239 = ORIENTED_EDGE('',*,*,#240,.F.);
#240 = EDGE_CURVE('',#241,#213,#243,.T.);
#241 = VERTEX_POINT('',#242);
#242 = CARTESIAN_POINT('',(-3.530695902926,11.594144489399,-7.));
#243 = SURFACE_CURVE('',#244,(#249,#260),.PCURVE_S1.);
#244 = CIRCLE('',#245,1.7);
#245 = AXIS2_PLACEMENT_3D('',#246,#247,#248);
#246 = CARTESIAN_POINT('',(-5.071419140888,10.87569344444,-7.));
#247 = DIRECTION('',(0.,0.,-1.));
#248 = DIRECTION('',(0.906307787037,0.422618261741,0.));
#249 = PCURVE('',#31,#250);
#250 = DEFINITIONAL_REPRESENTATION('',(#251),#259);
#251 = ( BOUNDED_CURVE() B_SPLINE_CURVE(2,(#252,#253,#254,#255,#256,#257
,#258),.UNSPECIFIED.,.T.,.F.) B_SPLINE_CURVE_WITH_KNOTS((1,2,2,2,2,1),(
    -2.094395102393,0.,2.094395102393,4.188790204786,6.28318530718,
8.377580409573),.UNSPECIFIED.) CURVE() GEOMETRIC_REPRESENTATION_ITEM() 
RATIONAL_B_SPLINE_CURVE((1.,0.5,1.,0.5,1.,0.5,1.)) REPRESENTATION_ITEM(
  '') );
#252 = CARTESIAN_POINT('',(-3.530695902926,11.594144489399));
#253 = CARTESIAN_POINT('',(-2.286302190306,8.925533560846));
#254 = CARTESIAN_POINT('',(-5.219583903559,9.182162457684));
#255 = CARTESIAN_POINT('',(-8.152865616813,9.438791354521));
#256 = CARTESIAN_POINT('',(-6.46397761618,11.850773386237));
#257 = CARTESIAN_POINT('',(-4.775089615546,14.262755417952));
#258 = CARTESIAN_POINT('',(-3.530695902926,11.594144489399));
#259 = ( GEOMETRIC_REPRESENTATION_CONTEXT(2) 
PARAMETRIC_REPRESENTATION_CONTEXT() REPRESENTATION_CONTEXT('2D SPACE',''
  ) );
#260 = PCURVE('',#261,#266);
#261 = CYLINDRICAL_SURFACE('',#262,1.7);
#262 = AXIS2_PLACEMENT_3D('',#263,#264,#265);
#263 = CARTESIAN_POINT('',(-5.071419140888,10.87569344444,-20.));
#264 = DIRECTION('',(0.,0.,-1.));
#265 = DIRECTION('',(0.906307787037,0.422618261741,0.));
#266 = DEFINITIONAL_REPRESENTATION('',(#267),#271);
#267 = LINE('',#268,#269);
#268 = CARTESIAN_POINT('',(0.,-13.));
#269 = VECTOR('',#270,1.);
#270 = DIRECTION('',(1.,0.));
#271 = ( GEOMETRIC_REPRESENTATION_CONTEXT(2) 
PARAMETRIC_REPRESENTATION_CONTEXT() REPRESENTATION_CONTEXT('2D SPACE',''
  ) );
#272 = ORIENTED_EDGE('',*,*,#273,.F.);
#273 = EDGE_CURVE('',#274,#241,#276,.T.);
#274 = VERTEX_POINT('',#275);
#275 = CARTESIAN_POINT('',(-6.9961656492,19.0258683431,-7.));
#276 = SURFACE_CURVE('',#277,(#281,#287),.PCURVE_S1.);
#277 = LINE('',#278,#279);
#278 = CARTESIAN_POINT('',(-2.727721205619,9.872159694029,-7.));
#279 = VECTOR('',#280,1.);
#280 = DIRECTION('',(0.422618261741,-0.906307787037,0.));
#281 = PCURVE('',#31,#282);
#282 = DEFINITIONAL_REPRESENTATION('',(#283),#286);
#283 = B_SPLINE_CURVE_WITH_KNOTS('',1,(#284,#285),.UNSPECIFIED.,.F.,.F.,
  (2,2),(-10.1,-1.9),.PIECEWISE_BEZIER_KNOTS.);
#284 = CARTESIAN_POINT('',(-6.9961656492,19.0258683431));
#285 = CARTESIAN_POINT('',(-3.530695902926,11.594144489399));
#286 = ( GEOMETRIC_REPRESENTATION_CONTEXT(2) 
PARAMETRIC_REPRESENTATION_CONTEXT() REPRESENTATION_CONTEXT('2D SPACE',''
  ) );
#287 = PCURVE('',#288,#293);
#288 = PLANE('',#289);
#289 = AXIS2_PLACEMENT_3D('',#290,#291,#292);
#290 = CARTESIAN_POINT('',(-6.9961656492,19.0258683431,-20.));
#291 = DIRECTION('',(0.906307787037,0.422618261741,0.));
#292 = DIRECTION('',(0.422618261741,-0.906307787037,0.));
#293 = DEFINITIONAL_REPRESENTATION('',(#294),#297);
#294 = B_SPLINE_CURVE_WITH_KNOTS('',1,(#295,#296),.UNSPECIFIED.,.F.,.F.,
  (2,2),(-10.1,-1.9),.PIECEWISE_BEZIER_KNOTS.);
#295 = CARTESIAN_POINT('',(0.,-13.));
#296 = CARTESIAN_POINT('',(8.2,-13.));
#297 = ( GEOMETRIC_REPRESENTATION_CONTEXT(2) 
PARAMETRIC_REPRESENTATION_CONTEXT() REPRESENTATION_CONTEXT('2D SPACE',''
  ) );
#298 = ORIENTED_EDGE('',*,*,#299,.F.);
#299 = EDGE_CURVE('',#215,#274,#300,.T.);
#300 = SURFACE_CURVE('',#301,(#306,#317),.PCURVE_S1.);
#301 = CIRCLE('',#302,1.7);
#302 = AXIS2_PLACEMENT_3D('',#303,#304,#305);
#303 = CARTESIAN_POINT('',(-8.536888887162,18.30741729814,-7.));
#304 = DIRECTION('',(-0.,0.,-1.));
#305 = DIRECTION('',(-0.906307787037,-0.422618261741,0.));
#306 = PCURVE('',#31,#307);
#307 = DEFINITIONAL_REPRESENTATION('',(#308),#316);
#308 = ( BOUNDED_CURVE() B_SPLINE_CURVE(2,(#309,#310,#311,#312,#313,#314
,#315),.UNSPECIFIED.,.T.,.F.) B_SPLINE_CURVE_WITH_KNOTS((1,2,2,2,2,1),(
    -2.094395102393,0.,2.094395102393,4.188790204786,6.28318530718,
8.377580409573),.UNSPECIFIED.) CURVE() GEOMETRIC_REPRESENTATION_ITEM() 
RATIONAL_B_SPLINE_CURVE((1.,0.5,1.,0.5,1.,0.5,1.)) REPRESENTATION_ITEM(
  '') );
#309 = CARTESIAN_POINT('',(-10.07761212512,17.588966253181));
#310 = CARTESIAN_POINT('',(-11.32200583774,20.257577181734));
#311 = CARTESIAN_POINT('',(-8.388724124491,20.000948284896));
#312 = CARTESIAN_POINT('',(-5.455442411238,19.744319388059));
#313 = CARTESIAN_POINT('',(-7.144330411871,17.332337356344));
#314 = CARTESIAN_POINT('',(-8.833218412504,14.920355324628));
#315 = CARTESIAN_POINT('',(-10.07761212512,17.588966253181));
#316 = ( GEOMETRIC_REPRESENTATION_CONTEXT(2) 
PARAMETRIC_REPRESENTATION_CONTEXT() REPRESENTATION_CONTEXT('2D SPACE',''
  ) );
#317 = PCURVE('',#318,#323);
#318 = CYLINDRICAL_SURFACE('',#319,1.7);
#319 = AXIS2_PLACEMENT_3D('',#320,#321,#322);
#320 = CARTESIAN_POINT('',(-8.536888887162,18.30741729814,-20.));
#321 = DIRECTION('',(-0.,0.,-1.));
#322 = DIRECTION('',(-0.906307787037,-0.422618261741,0.));
#323 = DEFINITIONAL_REPRESENTATION('',(#324),#328);
#324 = LINE('',#325,#326);
#325 = CARTESIAN_POINT('',(0.,-13.));
#326 = VECTOR('',#327,1.);
#327 = DIRECTION('',(1.,0.));
#328 = ( GEOMETRIC_REPRESENTATION_CONTEXT(2) 
PARAMETRIC_REPRESENTATION_CONTEXT() REPRESENTATION_CONTEXT('2D SPACE',''
  ) );
#329 = ADVANCED_FACE('',(#330),#43,.T.);
#330 = FACE_BOUND('',#331,.T.);
#331 = EDGE_LOOP('',(#332,#333,#356,#383));
#332 = ORIENTED_EDGE('',*,*,#21,.T.);
#333 = ORIENTED_EDGE('',*,*,#334,.T.);
#334 = EDGE_CURVE('',#22,#335,#337,.T.);
#335 = VERTEX_POINT('',#336);
#336 = CARTESIAN_POINT('',(32.5,0.,-5.5));
#337 = SEAM_CURVE('',#338,(#342,#349),.PCURVE_S1.);
#338 = LINE('',#339,#340);
#339 = CARTESIAN_POINT('',(32.5,0.,-7.));
#340 = VECTOR('',#341,1.);
#341 = DIRECTION('',(0.,0.,1.));
#342 = PCURVE('',#43,#343);
#343 = DEFINITIONAL_REPRESENTATION('',(#344),#348);
#344 = LINE('',#345,#346);
#345 = CARTESIAN_POINT('',(0.,0.));
#346 = VECTOR('',#347,1.);
#347 = DIRECTION('',(0.,1.));
#348 = ( GEOMETRIC_REPRESENTATION_CONTEXT(2) 
PARAMETRIC_REPRESENTATION_CONTEXT() REPRESENTATION_CONTEXT('2D SPACE',''
  ) );
#349 = PCURVE('',#43,#350);
#350 = DEFINITIONAL_REPRESENTATION('',(#351),#355);
#351 = LINE('',#352,#353);
#352 = CARTESIAN_POINT('',(6.28318530718,0.));
#353 = VECTOR('',#354,1.);
#354 = DIRECTION('',(0.,1.));
#355 = ( GEOMETRIC_REPRESENTATION_CONTEXT(2) 
PARAMETRIC_REPRESENTATION_CONTEXT() REPRESENTATION_CONTEXT('2D SPACE',''
  ) );
#356 = ORIENTED_EDGE('',*,*,#357,.F.);
#357 = EDGE_CURVE('',#335,#335,#358,.T.);
#358 = SURFACE_CURVE('',#359,(#364,#371),.PCURVE_S1.);
#359 = CIRCLE('',#360,32.5);
#360 = AXIS2_PLACEMENT_3D('',#361,#362,#363);
#361 = CARTESIAN_POINT('',(0.,0.,-5.5));
#362 = DIRECTION('',(0.,0.,1.));
#363 = DIRECTION('',(1.,0.,-0.));
#364 = PCURVE('',#43,#365);
#365 = DEFINITIONAL_REPRESENTATION('',(#366),#370);
#366 = LINE('',#367,#368);
#367 = CARTESIAN_POINT('',(0.,1.5));
#368 = VECTOR('',#369,1.);
#369 = DIRECTION('',(1.,0.));
#370 = ( GEOMETRIC_REPRESENTATION_CONTEXT(2) 
PARAMETRIC_REPRESENTATION_CONTEXT() REPRESENTATION_CONTEXT('2D SPACE',''
  ) );
#371 = PCURVE('',#372,#377);
#372 = CONICAL_SURFACE('',#373,32.5,0.785398163397);
#373 = AXIS2_PLACEMENT_3D('',#374,#375,#376);
#374 = CARTESIAN_POINT('',(0.,0.,-5.5));
#375 = DIRECTION('',(-0.,-0.,-1.));
#376 = DIRECTION('',(1.,0.,-0.));
#377 = DEFINITIONAL_REPRESENTATION('',(#378),#382);
#378 = LINE('',#379,#380);
#379 = CARTESIAN_POINT('',(-0.,-0.));
#380 = VECTOR('',#381,1.);
#381 = DIRECTION('',(-1.,-0.));
#382 = ( GEOMETRIC_REPRESENTATION_CONTEXT(2) 
PARAMETRIC_REPRESENTATION_CONTEXT() REPRESENTATION_CONTEXT('2D SPACE',''
  ) );
#383 = ORIENTED_EDGE('',*,*,#334,.F.);
#384 = ADVANCED_FACE('',(#385),#78,.F.);
#385 = FACE_BOUND('',#386,.T.);
#386 = EDGE_LOOP('',(#387,#388,#411,#442));
#387 = ORIENTED_EDGE('',*,*,#57,.T.);
#388 = ORIENTED_EDGE('',*,*,#389,.T.);
#389 = EDGE_CURVE('',#58,#390,#392,.T.);
#390 = VERTEX_POINT('',#391);
#391 = CARTESIAN_POINT('',(2.3,0.,27.));
#392 = SEAM_CURVE('',#393,(#397,#404),.PCURVE_S1.);
#393 = LINE('',#394,#395);
#394 = CARTESIAN_POINT('',(2.3,0.,-200.));
#395 = VECTOR('',#396,1.);
#396 = DIRECTION('',(0.,0.,1.));
#397 = PCURVE('',#78,#398);
#398 = DEFINITIONAL_REPRESENTATION('',(#399),#403);
#399 = LINE('',#400,#401);
#400 = CARTESIAN_POINT('',(-6.28318530718,0.));
#401 = VECTOR('',#402,1.);
#402 = DIRECTION('',(-0.,-1.));
#403 = ( GEOMETRIC_REPRESENTATION_CONTEXT(2) 
PARAMETRIC_REPRESENTATION_CONTEXT() REPRESENTATION_CONTEXT('2D SPACE',''
  ) );
#404 = PCURVE('',#78,#405);
#405 = DEFINITIONAL_REPRESENTATION('',(#406),#410);
#406 = LINE('',#407,#408);
#407 = CARTESIAN_POINT('',(-0.,0.));
#408 = VECTOR('',#409,1.);
#409 = DIRECTION('',(-0.,-1.));
#410 = ( GEOMETRIC_REPRESENTATION_CONTEXT(2) 
PARAMETRIC_REPRESENTATION_CONTEXT() REPRESENTATION_CONTEXT('2D SPACE',''
  ) );
#411 = ORIENTED_EDGE('',*,*,#412,.F.);
#412 = EDGE_CURVE('',#390,#390,#413,.T.);
#413 = SURFACE_CURVE('',#414,(#419,#426),.PCURVE_S1.);
#414 = CIRCLE('',#415,2.3);
#415 = AXIS2_PLACEMENT_3D('',#416,#417,#418);
#416 = CARTESIAN_POINT('',(0.,0.,27.));
#417 = DIRECTION('',(0.,0.,-1.));
#418 = DIRECTION('',(1.,0.,0.));
#419 = PCURVE('',#78,#420);
#420 = DEFINITIONAL_REPRESENTATION('',(#421),#425);
#421 = LINE('',#422,#423);
#422 = CARTESIAN_POINT('',(-6.28318530718,-227.));
#423 = VECTOR('',#424,1.);
#424 = DIRECTION('',(1.,-0.));
#425 = ( GEOMETRIC_REPRESENTATION_CONTEXT(2) 
PARAMETRIC_REPRESENTATION_CONTEXT() REPRESENTATION_CONTEXT('2D SPACE',''
  ) );
#426 = PCURVE('',#427,#432);
#427 = PLANE('',#428);
#428 = AXIS2_PLACEMENT_3D('',#429,#430,#431);
#429 = CARTESIAN_POINT('',(-11.,-11.,27.));
#430 = DIRECTION('',(0.,0.,1.));
#431 = DIRECTION('',(1.,0.,0.));
#432 = DEFINITIONAL_REPRESENTATION('',(#433),#441);
#433 = ( BOUNDED_CURVE() B_SPLINE_CURVE(2,(#434,#435,#436,#437,#438,#439
,#440),.UNSPECIFIED.,.T.,.F.) B_SPLINE_CURVE_WITH_KNOTS((1,2,2,2,2,1),(
    -2.094395102393,0.,2.094395102393,4.188790204786,6.28318530718,
8.377580409573),.UNSPECIFIED.) CURVE() GEOMETRIC_REPRESENTATION_ITEM() 
RATIONAL_B_SPLINE_CURVE((1.,0.5,1.,0.5,1.,0.5,1.)) REPRESENTATION_ITEM(
  '') );
#434 = CARTESIAN_POINT('',(13.3,11.));
#435 = CARTESIAN_POINT('',(13.3,7.016283142592));
#436 = CARTESIAN_POINT('',(9.85,9.008141571296));
#437 = CARTESIAN_POINT('',(6.4,11.));
#438 = CARTESIAN_POINT('',(9.85,12.991858428704));
#439 = CARTESIAN_POINT('',(13.3,14.983716857408));
#440 = CARTESIAN_POINT('',(13.3,11.));
#441 = ( GEOMETRIC_REPRESENTATION_CONTEXT(2) 
PARAMETRIC_REPRESENTATION_CONTEXT() REPRESENTATION_CONTEXT('2D SPACE',''
  ) );
#442 = ORIENTED_EDGE('',*,*,#389,.F.);
#443 = ADVANCED_FACE('',(#444),#109,.F.);
#444 = FACE_BOUND('',#445,.F.);
#445 = EDGE_LOOP('',(#446,#447,#470,#496));
#446 = ORIENTED_EDGE('',*,*,#92,.F.);
#447 = ORIENTED_EDGE('',*,*,#448,.T.);
#448 = EDGE_CURVE('',#93,#449,#451,.T.);
#449 = VERTEX_POINT('',#450);
#450 = CARTESIAN_POINT('',(3.530695902926,11.594144489399,-3.));
#451 = SURFACE_CURVE('',#452,(#456,#463),.PCURVE_S1.);
#452 = LINE('',#453,#454);
#453 = CARTESIAN_POINT('',(3.530695902926,11.594144489399,-20.));
#454 = VECTOR('',#455,1.);
#455 = DIRECTION('',(0.,0.,1.));
#456 = PCURVE('',#109,#457);
#457 = DEFINITIONAL_REPRESENTATION('',(#458),#462);
#458 = LINE('',#459,#460);
#459 = CARTESIAN_POINT('',(0.,0.));
#460 = VECTOR('',#461,1.);
#461 = DIRECTION('',(0.,-1.));
#462 = ( GEOMETRIC_REPRESENTATION_CONTEXT(2) 
PARAMETRIC_REPRESENTATION_CONTEXT() REPRESENTATION_CONTEXT('2D SPACE',''
  ) );
#463 = PCURVE('',#141,#464);
#464 = DEFINITIONAL_REPRESENTATION('',(#465),#469);
#465 = LINE('',#466,#467);
#466 = CARTESIAN_POINT('',(3.14159265359,0.));
#467 = VECTOR('',#468,1.);
#468 = DIRECTION('',(0.,-1.));
#469 = ( GEOMETRIC_REPRESENTATION_CONTEXT(2) 
PARAMETRIC_REPRESENTATION_CONTEXT() REPRESENTATION_CONTEXT('2D SPACE',''
  ) );
#470 = ORIENTED_EDGE('',*,*,#471,.F.);
#471 = EDGE_CURVE('',#472,#449,#474,.T.);
#472 = VERTEX_POINT('',#473);
#473 = CARTESIAN_POINT('',(6.9961656492,19.0258683431,-3.));
#474 = SURFACE_CURVE('',#475,(#479,#485),.PCURVE_S1.);
#475 = LINE('',#476,#477);
#476 = CARTESIAN_POINT('',(0.994986332482,6.156297767179,-3.));
#477 = VECTOR('',#478,1.);
#478 = DIRECTION('',(-0.422618261741,-0.906307787037,0.));
#479 = PCURVE('',#109,#480);
#480 = DEFINITIONAL_REPRESENTATION('',(#481),#484);
#481 = B_SPLINE_CURVE_WITH_KNOTS('',1,(#482,#483),.UNSPECIFIED.,.F.,.F.,
  (2,2),(-14.2,-6.),.PIECEWISE_BEZIER_KNOTS.);
#482 = CARTESIAN_POINT('',(8.2,-17.));
#483 = CARTESIAN_POINT('',(0.,-17.));
#484 = ( GEOMETRIC_REPRESENTATION_CONTEXT(2) 
PARAMETRIC_REPRESENTATION_CONTEXT() REPRESENTATION_CONTEXT('2D SPACE',''
  ) );
#485 = PCURVE('',#486,#491);
#486 = PLANE('',#487);
#487 = AXIS2_PLACEMENT_3D('',#488,#489,#490);
#488 = CARTESIAN_POINT('',(0.,8.788616970813E-16,-3.));
#489 = DIRECTION('',(0.,0.,1.));
#490 = DIRECTION('',(1.,0.,-0.));
#491 = DEFINITIONAL_REPRESENTATION('',(#492),#495);
#492 = B_SPLINE_CURVE_WITH_KNOTS('',1,(#493,#494),.UNSPECIFIED.,.F.,.F.,
  (2,2),(-14.2,-6.),.PIECEWISE_BEZIER_KNOTS.);
#493 = CARTESIAN_POINT('',(6.9961656492,19.0258683431));
#494 = CARTESIAN_POINT('',(3.530695902926,11.594144489399));
#495 = ( GEOMETRIC_REPRESENTATION_CONTEXT(2) 
PARAMETRIC_REPRESENTATION_CONTEXT() REPRESENTATION_CONTEXT('2D SPACE',''
  ) );
#496 = ORIENTED_EDGE('',*,*,#497,.F.);
#497 = EDGE_CURVE('',#95,#472,#498,.T.);
#498 = SURFACE_CURVE('',#499,(#503,#510),.PCURVE_S1.);
#499 = LINE('',#500,#501);
#500 = CARTESIAN_POINT('',(6.9961656492,19.0258683431,-20.));
#501 = VECTOR('',#502,1.);
#502 = DIRECTION('',(0.,0.,1.));
#503 = PCURVE('',#109,#504);
#504 = DEFINITIONAL_REPRESENTATION('',(#505),#509);
#505 = LINE('',#506,#507);
#506 = CARTESIAN_POINT('',(8.2,0.));
#507 = VECTOR('',#508,1.);
#508 = DIRECTION('',(0.,-1.));
#509 = ( GEOMETRIC_REPRESENTATION_CONTEXT(2) 
PARAMETRIC_REPRESENTATION_CONTEXT() REPRESENTATION_CONTEXT('2D SPACE',''
  ) );
#510 = PCURVE('',#198,#511);
#511 = DEFINITIONAL_REPRESENTATION('',(#512),#516);
#512 = LINE('',#513,#514);
#513 = CARTESIAN_POINT('',(0.,0.));
#514 = VECTOR('',#515,1.);
#515 = DIRECTION('',(0.,-1.));
#516 = ( GEOMETRIC_REPRESENTATION_CONTEXT(2) 
PARAMETRIC_REPRESENTATION_CONTEXT() REPRESENTATION_CONTEXT('2D SPACE',''
  ) );
#517 = ADVANCED_FACE('',(#518),#198,.F.);
#518 = FACE_BOUND('',#519,.F.);
#519 = EDGE_LOOP('',(#520,#521,#522,#550));
#520 = ORIENTED_EDGE('',*,*,#179,.F.);
#521 = ORIENTED_EDGE('',*,*,#497,.T.);
#522 = ORIENTED_EDGE('',*,*,#523,.T.);
#523 = EDGE_CURVE('',#472,#524,#526,.T.);
#524 = VERTEX_POINT('',#525);
#525 = CARTESIAN_POINT('',(10.077612125124,17.588966253181,-3.));
#526 = SURFACE_CURVE('',#527,(#532,#539),.PCURVE_S1.);
#527 = CIRCLE('',#528,1.7);
#528 = AXIS2_PLACEMENT_3D('',#529,#530,#531);
#529 = CARTESIAN_POINT('',(8.536888887162,18.30741729814,-3.));
#530 = DIRECTION('',(0.,0.,-1.));
#531 = DIRECTION('',(-0.906307787037,0.422618261741,0.));
#532 = PCURVE('',#198,#533);
#533 = DEFINITIONAL_REPRESENTATION('',(#534),#538);
#534 = LINE('',#535,#536);
#535 = CARTESIAN_POINT('',(0.,-17.));
#536 = VECTOR('',#537,1.);
#537 = DIRECTION('',(1.,0.));
#538 = ( GEOMETRIC_REPRESENTATION_CONTEXT(2) 
PARAMETRIC_REPRESENTATION_CONTEXT() REPRESENTATION_CONTEXT('2D SPACE',''
  ) );
#539 = PCURVE('',#486,#540);
#540 = DEFINITIONAL_REPRESENTATION('',(#541),#549);
#541 = ( BOUNDED_CURVE() B_SPLINE_CURVE(2,(#542,#543,#544,#545,#546,#547
,#548),.UNSPECIFIED.,.T.,.F.) B_SPLINE_CURVE_WITH_KNOTS((1,2,2,2,2,1),(
    -2.094395102393,0.,2.094395102393,4.188790204786,6.28318530718,
8.377580409573),.UNSPECIFIED.) CURVE() GEOMETRIC_REPRESENTATION_ITEM() 
RATIONAL_B_SPLINE_CURVE((1.,0.5,1.,0.5,1.,0.5,1.)) REPRESENTATION_ITEM(
  '') );
#542 = CARTESIAN_POINT('',(6.9961656492,19.0258683431));
#543 = CARTESIAN_POINT('',(8.24055936182,21.694479271652));
#544 = CARTESIAN_POINT('',(9.929447362453,19.282497239937));
#545 = CARTESIAN_POINT('',(11.618335363087,16.870515208222));
#546 = CARTESIAN_POINT('',(8.685053649833,16.613886311384));
#547 = CARTESIAN_POINT('',(5.75177193658,16.357257414547));
#548 = CARTESIAN_POINT('',(6.9961656492,19.0258683431));
#549 = ( GEOMETRIC_REPRESENTATION_CONTEXT(2) 
PARAMETRIC_REPRESENTATION_CONTEXT() REPRESENTATION_CONTEXT('2D SPACE',''
  ) );
#550 = ORIENTED_EDGE('',*,*,#551,.F.);
#551 = EDGE_CURVE('',#154,#524,#552,.T.);
#552 = SURFACE_CURVE('',#553,(#557,#564),.PCURVE_S1.);
#553 = LINE('',#554,#555);
#554 = CARTESIAN_POINT('',(10.077612125124,17.588966253181,-20.));
#555 = VECTOR('',#556,1.);
#556 = DIRECTION('',(0.,0.,1.));
#557 = PCURVE('',#198,#558);
#558 = DEFINITIONAL_REPRESENTATION('',(#559),#563);
#559 = LINE('',#560,#561);
#560 = CARTESIAN_POINT('',(3.14159265359,0.));
#561 = VECTOR('',#562,1.);
#562 = DIRECTION('',(0.,-1.));
#563 = ( GEOMETRIC_REPRESENTATION_CONTEXT(2) 
PARAMETRIC_REPRESENTATION_CONTEXT() REPRESENTATION_CONTEXT('2D SPACE',''
  ) );
#564 = PCURVE('',#168,#565);
#565 = DEFINITIONAL_REPRESENTATION('',(#566),#570);
#566 = LINE('',#567,#568);
#567 = CARTESIAN_POINT('',(0.,0.));
#568 = VECTOR('',#569,1.);
#569 = DIRECTION('',(0.,-1.));
#570 = ( GEOMETRIC_REPRESENTATION_CONTEXT(2) 
PARAMETRIC_REPRESENTATION_CONTEXT() REPRESENTATION_CONTEXT('2D SPACE',''
  ) );
#571 = ADVANCED_FACE('',(#572),#168,.F.);
#572 = FACE_BOUND('',#573,.F.);
#573 = EDGE_LOOP('',(#574,#575,#576,#597));
#574 = ORIENTED_EDGE('',*,*,#153,.F.);
#575 = ORIENTED_EDGE('',*,*,#551,.T.);
#576 = ORIENTED_EDGE('',*,*,#577,.F.);
#577 = EDGE_CURVE('',#578,#524,#580,.T.);
#578 = VERTEX_POINT('',#579);
#579 = CARTESIAN_POINT('',(6.612142378851,10.157242399481,-3.));
#580 = SURFACE_CURVE('',#581,(#585,#591),.PCURVE_S1.);
#581 = LINE('',#582,#583);
#582 = CARTESIAN_POINT('',(5.809167681543,8.435257604111,-3.));
#583 = VECTOR('',#584,1.);
#584 = DIRECTION('',(0.422618261741,0.906307787037,-0.));
#585 = PCURVE('',#168,#586);
#586 = DEFINITIONAL_REPRESENTATION('',(#587),#590);
#587 = B_SPLINE_CURVE_WITH_KNOTS('',1,(#588,#589),.UNSPECIFIED.,.F.,.F.,
  (2,2),(1.9,10.1),.PIECEWISE_BEZIER_KNOTS.);
#588 = CARTESIAN_POINT('',(8.2,-17.));
#589 = CARTESIAN_POINT('',(0.,-17.));
#590 = ( GEOMETRIC_REPRESENTATION_CONTEXT(2) 
PARAMETRIC_REPRESENTATION_CONTEXT() REPRESENTATION_CONTEXT('2D SPACE',''
  ) );
#591 = PCURVE('',#486,#592);
#592 = DEFINITIONAL_REPRESENTATION('',(#593),#596);
#593 = B_SPLINE_CURVE_WITH_KNOTS('',1,(#594,#595),.UNSPECIFIED.,.F.,.F.,
  (2,2),(1.9,10.1),.PIECEWISE_BEZIER_KNOTS.);
#594 = CARTESIAN_POINT('',(6.612142378851,10.157242399481));
#595 = CARTESIAN_POINT('',(10.077612125124,17.588966253181));
#596 = ( GEOMETRIC_REPRESENTATION_CONTEXT(2) 
PARAMETRIC_REPRESENTATION_CONTEXT() REPRESENTATION_CONTEXT('2D SPACE',''
  ) );
#597 = ORIENTED_EDGE('',*,*,#598,.F.);
#598 = EDGE_CURVE('',#121,#578,#599,.T.);
#599 = SURFACE_CURVE('',#600,(#604,#611),.PCURVE_S1.);
#600 = LINE('',#601,#602);
#601 = CARTESIAN_POINT('',(6.612142378851,10.157242399481,-20.));
#602 = VECTOR('',#603,1.);
#603 = DIRECTION('',(0.,0.,1.));
#604 = PCURVE('',#168,#605);
#605 = DEFINITIONAL_REPRESENTATION('',(#606),#610);
#606 = LINE('',#607,#608);
#607 = CARTESIAN_POINT('',(8.2,0.));
#608 = VECTOR('',#609,1.);
#609 = DIRECTION('',(0.,-1.));
#610 = ( GEOMETRIC_REPRESENTATION_CONTEXT(2) 
PARAMETRIC_REPRESENTATION_CONTEXT() REPRESENTATION_CONTEXT('2D SPACE',''
  ) );
#611 = PCURVE('',#141,#612);
#612 = DEFINITIONAL_REPRESENTATION('',(#613),#617);
#613 = LINE('',#614,#615);
#614 = CARTESIAN_POINT('',(0.,0.));
#615 = VECTOR('',#616,1.);
#616 = DIRECTION('',(0.,-1.));
#617 = ( GEOMETRIC_REPRESENTATION_CONTEXT(2) 
PARAMETRIC_REPRESENTATION_CONTEXT() REPRESENTATION_CONTEXT('2D SPACE',''
  ) );
#618 = ADVANCED_FACE('',(#619),#141,.F.);
#619 = FACE_BOUND('',#620,.F.);
#620 = EDGE_LOOP('',(#621,#622,#623,#649));
#621 = ORIENTED_EDGE('',*,*,#120,.F.);
#622 = ORIENTED_EDGE('',*,*,#598,.T.);
#623 = ORIENTED_EDGE('',*,*,#624,.T.);
#624 = EDGE_CURVE('',#578,#449,#625,.T.);
#625 = SURFACE_CURVE('',#626,(#631,#638),.PCURVE_S1.);
#626 = CIRCLE('',#627,1.7);
#627 = AXIS2_PLACEMENT_3D('',#628,#629,#630);
#628 = CARTESIAN_POINT('',(5.071419140888,10.87569344444,-3.));
#629 = DIRECTION('',(0.,0.,-1.));
#630 = DIRECTION('',(0.906307787037,-0.422618261741,0.));
#631 = PCURVE('',#141,#632);
#632 = DEFINITIONAL_REPRESENTATION('',(#633),#637);
#633 = LINE('',#634,#635);
#634 = CARTESIAN_POINT('',(0.,-17.));
#635 = VECTOR('',#636,1.);
#636 = DIRECTION('',(1.,0.));
#637 = ( GEOMETRIC_REPRESENTATION_CONTEXT(2) 
PARAMETRIC_REPRESENTATION_CONTEXT() REPRESENTATION_CONTEXT('2D SPACE',''
  ) );
#638 = PCURVE('',#486,#639);
#639 = DEFINITIONAL_REPRESENTATION('',(#640),#648);
#640 = ( BOUNDED_CURVE() B_SPLINE_CURVE(2,(#641,#642,#643,#644,#645,#646
,#647),.UNSPECIFIED.,.T.,.F.) B_SPLINE_CURVE_WITH_KNOTS((1,2,2,2,2,1),(
    -2.094395102393,0.,2.094395102393,4.188790204786,6.28318530718,
8.377580409573),.UNSPECIFIED.) CURVE() GEOMETRIC_REPRESENTATION_ITEM() 
RATIONAL_B_SPLINE_CURVE((1.,0.5,1.,0.5,1.,0.5,1.)) REPRESENTATION_ITEM(
  '') );
#641 = CARTESIAN_POINT('',(6.612142378851,10.157242399481));
#642 = CARTESIAN_POINT('',(5.36774866623,7.488631470928));
#643 = CARTESIAN_POINT('',(3.678860665597,9.900613502643));
#644 = CARTESIAN_POINT('',(1.989972664964,12.312595534358));
#645 = CARTESIAN_POINT('',(4.923254378217,12.569224431196));
#646 = CARTESIAN_POINT('',(7.856536091471,12.825853328033));
#647 = CARTESIAN_POINT('',(6.612142378851,10.157242399481));
#648 = ( GEOMETRIC_REPRESENTATION_CONTEXT(2) 
PARAMETRIC_REPRESENTATION_CONTEXT() REPRESENTATION_CONTEXT('2D SPACE',''
  ) );
#649 = ORIENTED_EDGE('',*,*,#448,.F.);
#650 = ADVANCED_FACE('',(#651),#229,.F.);
#651 = FACE_BOUND('',#652,.F.);
#652 = EDGE_LOOP('',(#653,#654,#677,#698));
#653 = ORIENTED_EDGE('',*,*,#212,.F.);
#654 = ORIENTED_EDGE('',*,*,#655,.T.);
#655 = EDGE_CURVE('',#213,#656,#658,.T.);
#656 = VERTEX_POINT('',#657);
#657 = CARTESIAN_POINT('',(-6.612142378851,10.157242399481,-3.));
#658 = SURFACE_CURVE('',#659,(#663,#670),.PCURVE_S1.);
#659 = LINE('',#660,#661);
#660 = CARTESIAN_POINT('',(-6.612142378851,10.157242399481,-20.));
#661 = VECTOR('',#662,1.);
#662 = DIRECTION('',(0.,0.,1.));
#663 = PCURVE('',#229,#664);
#664 = DEFINITIONAL_REPRESENTATION('',(#665),#669);
#665 = LINE('',#666,#667);
#666 = CARTESIAN_POINT('',(0.,0.));
#667 = VECTOR('',#668,1.);
#668 = DIRECTION('',(0.,-1.));
#669 = ( GEOMETRIC_REPRESENTATION_CONTEXT(2) 
PARAMETRIC_REPRESENTATION_CONTEXT() REPRESENTATION_CONTEXT('2D SPACE',''
  ) );
#670 = PCURVE('',#261,#671);
#671 = DEFINITIONAL_REPRESENTATION('',(#672),#676);
#672 = LINE('',#673,#674);
#673 = CARTESIAN_POINT('',(3.14159265359,0.));
#674 = VECTOR('',#675,1.);
#675 = DIRECTION('',(0.,-1.));
#676 = ( GEOMETRIC_REPRESENTATION_CONTEXT(2) 
PARAMETRIC_REPRESENTATION_CONTEXT() REPRESENTATION_CONTEXT('2D SPACE',''
  ) );
#677 = ORIENTED_EDGE('',*,*,#678,.F.);
#678 = EDGE_CURVE('',#679,#656,#681,.T.);
#679 = VERTEX_POINT('',#680);
#680 = CARTESIAN_POINT('',(-10.07761212512,17.588966253181,-3.));
#681 = SURFACE_CURVE('',#682,(#686,#692),.PCURVE_S1.);
#682 = LINE('',#683,#684);
#683 = CARTESIAN_POINT('',(-4.076432808407,4.719395677261,-3.));
#684 = VECTOR('',#685,1.);
#685 = DIRECTION('',(0.422618261741,-0.906307787037,0.));
#686 = PCURVE('',#229,#687);
#687 = DEFINITIONAL_REPRESENTATION('',(#688),#691);
#688 = B_SPLINE_CURVE_WITH_KNOTS('',1,(#689,#690),.UNSPECIFIED.,.F.,.F.,
  (2,2),(-14.2,-6.),.PIECEWISE_BEZIER_KNOTS.);
#689 = CARTESIAN_POINT('',(8.2,-17.));
#690 = CARTESIAN_POINT('',(0.,-17.));
#691 = ( GEOMETRIC_REPRESENTATION_CONTEXT(2) 
PARAMETRIC_REPRESENTATION_CONTEXT() REPRESENTATION_CONTEXT('2D SPACE',''
  ) );
#692 = PCURVE('',#486,#693);
#693 = DEFINITIONAL_REPRESENTATION('',(#694),#697);
#694 = B_SPLINE_CURVE_WITH_KNOTS('',1,(#695,#696),.UNSPECIFIED.,.F.,.F.,
  (2,2),(-14.2,-6.),.PIECEWISE_BEZIER_KNOTS.);
#695 = CARTESIAN_POINT('',(-10.07761212512,17.588966253181));
#696 = CARTESIAN_POINT('',(-6.612142378851,10.157242399481));
#697 = ( GEOMETRIC_REPRESENTATION_CONTEXT(2) 
PARAMETRIC_REPRESENTATION_CONTEXT() REPRESENTATION_CONTEXT('2D SPACE',''
  ) );
#698 = ORIENTED_EDGE('',*,*,#699,.F.);
#699 = EDGE_CURVE('',#215,#679,#700,.T.);
#700 = SURFACE_CURVE('',#701,(#705,#712),.PCURVE_S1.);
#701 = LINE('',#702,#703);
#702 = CARTESIAN_POINT('',(-10.07761212512,17.588966253181,-20.));
#703 = VECTOR('',#704,1.);
#704 = DIRECTION('',(0.,0.,1.));
#705 = PCURVE('',#229,#706);
#706 = DEFINITIONAL_REPRESENTATION('',(#707),#711);
#707 = LINE('',#708,#709);
#708 = CARTESIAN_POINT('',(8.2,0.));
#709 = VECTOR('',#710,1.);
#710 = DIRECTION('',(0.,-1.));
#711 = ( GEOMETRIC_REPRESENTATION_CONTEXT(2) 
PARAMETRIC_REPRESENTATION_CONTEXT() REPRESENTATION_CONTEXT('2D SPACE',''
  ) );
#712 = PCURVE('',#318,#713);
#713 = DEFINITIONAL_REPRESENTATION('',(#714),#718);
#714 = LINE('',#715,#716);
#715 = CARTESIAN_POINT('',(0.,0.));
#716 = VECTOR('',#717,1.);
#717 = DIRECTION('',(0.,-1.));
#718 = ( GEOMETRIC_REPRESENTATION_CONTEXT(2) 
PARAMETRIC_REPRESENTATION_CONTEXT() REPRESENTATION_CONTEXT('2D SPACE',''
  ) );
#719 = ADVANCED_FACE('',(#720),#261,.F.);
#720 = FACE_BOUND('',#721,.F.);
#721 = EDGE_LOOP('',(#722,#723,#746,#772));
#722 = ORIENTED_EDGE('',*,*,#240,.F.);
#723 = ORIENTED_EDGE('',*,*,#724,.T.);
#724 = EDGE_CURVE('',#241,#725,#727,.T.);
#725 = VERTEX_POINT('',#726);
#726 = CARTESIAN_POINT('',(-3.530695902926,11.594144489399,-3.));
#727 = SURFACE_CURVE('',#728,(#732,#739),.PCURVE_S1.);
#728 = LINE('',#729,#730);
#729 = CARTESIAN_POINT('',(-3.530695902926,11.594144489399,-20.));
#730 = VECTOR('',#731,1.);
#731 = DIRECTION('',(0.,0.,1.));
#732 = PCURVE('',#261,#733);
#733 = DEFINITIONAL_REPRESENTATION('',(#734),#738);
#734 = LINE('',#735,#736);
#735 = CARTESIAN_POINT('',(0.,0.));
#736 = VECTOR('',#737,1.);
#737 = DIRECTION('',(0.,-1.));
#738 = ( GEOMETRIC_REPRESENTATION_CONTEXT(2) 
PARAMETRIC_REPRESENTATION_CONTEXT() REPRESENTATION_CONTEXT('2D SPACE',''
  ) );
#739 = PCURVE('',#288,#740);
#740 = DEFINITIONAL_REPRESENTATION('',(#741),#745);
#741 = LINE('',#742,#743);
#742 = CARTESIAN_POINT('',(8.2,0.));
#743 = VECTOR('',#744,1.);
#744 = DIRECTION('',(0.,-1.));
#745 = ( GEOMETRIC_REPRESENTATION_CONTEXT(2) 
PARAMETRIC_REPRESENTATION_CONTEXT() REPRESENTATION_CONTEXT('2D SPACE',''
  ) );
#746 = ORIENTED_EDGE('',*,*,#747,.T.);
#747 = EDGE_CURVE('',#725,#656,#748,.T.);
#748 = SURFACE_CURVE('',#749,(#754,#761),.PCURVE_S1.);
#749 = CIRCLE('',#750,1.7);
#750 = AXIS2_PLACEMENT_3D('',#751,#752,#753);
#751 = CARTESIAN_POINT('',(-5.071419140888,10.87569344444,-3.));
#752 = DIRECTION('',(0.,0.,-1.));
#753 = DIRECTION('',(0.906307787037,0.422618261741,0.));
#754 = PCURVE('',#261,#755);
#755 = DEFINITIONAL_REPRESENTATION('',(#756),#760);
#756 = LINE('',#757,#758);
#757 = CARTESIAN_POINT('',(0.,-17.));
#758 = VECTOR('',#759,1.);
#759 = DIRECTION('',(1.,0.));
#760 = ( GEOMETRIC_REPRESENTATION_CONTEXT(2) 
PARAMETRIC_REPRESENTATION_CONTEXT() REPRESENTATION_CONTEXT('2D SPACE',''
  ) );
#761 = PCURVE('',#486,#762);
#762 = DEFINITIONAL_REPRESENTATION('',(#763),#771);
#763 = ( BOUNDED_CURVE() B_SPLINE_CURVE(2,(#764,#765,#766,#767,#768,#769
,#770),.UNSPECIFIED.,.T.,.F.) B_SPLINE_CURVE_WITH_KNOTS((1,2,2,2,2,1),(
    -2.094395102393,0.,2.094395102393,4.188790204786,6.28318530718,
8.377580409573),.UNSPECIFIED.) CURVE() GEOMETRIC_REPRESENTATION_ITEM() 
RATIONAL_B_SPLINE_CURVE((1.,0.5,1.,0.5,1.,0.5,1.)) REPRESENTATION_ITEM(
  '') );
#764 = CARTESIAN_POINT('',(-3.530695902926,11.594144489399));
#765 = CARTESIAN_POINT('',(-2.286302190306,8.925533560846));
#766 = CARTESIAN_POINT('',(-5.219583903559,9.182162457684));
#767 = CARTESIAN_POINT('',(-8.152865616813,9.438791354521));
#768 = CARTESIAN_POINT('',(-6.46397761618,11.850773386237));
#769 = CARTESIAN_POINT('',(-4.775089615546,14.262755417952));
#770 = CARTESIAN_POINT('',(-3.530695902926,11.594144489399));
#771 = ( GEOMETRIC_REPRESENTATION_CONTEXT(2) 
PARAMETRIC_REPRESENTATION_CONTEXT() REPRESENTATION_CONTEXT('2D SPACE',''
  ) );
#772 = ORIENTED_EDGE('',*,*,#655,.F.);
#773 = ADVANCED_FACE('',(#774),#318,.F.);
#774 = FACE_BOUND('',#775,.F.);
#775 = EDGE_LOOP('',(#776,#777,#778,#806));
#776 = ORIENTED_EDGE('',*,*,#299,.F.);
#777 = ORIENTED_EDGE('',*,*,#699,.T.);
#778 = ORIENTED_EDGE('',*,*,#779,.T.);
#779 = EDGE_CURVE('',#679,#780,#782,.T.);
#780 = VERTEX_POINT('',#781);
#781 = CARTESIAN_POINT('',(-6.9961656492,19.0258683431,-3.));
#782 = SURFACE_CURVE('',#783,(#788,#795),.PCURVE_S1.);
#783 = CIRCLE('',#784,1.7);
#784 = AXIS2_PLACEMENT_3D('',#785,#786,#787);
#785 = CARTESIAN_POINT('',(-8.536888887162,18.30741729814,-3.));
#786 = DIRECTION('',(-0.,0.,-1.));
#787 = DIRECTION('',(-0.906307787037,-0.422618261741,0.));
#788 = PCURVE('',#318,#789);
#789 = DEFINITIONAL_REPRESENTATION('',(#790),#794);
#790 = LINE('',#791,#792);
#791 = CARTESIAN_POINT('',(0.,-17.));
#792 = VECTOR('',#793,1.);
#793 = DIRECTION('',(1.,0.));
#794 = ( GEOMETRIC_REPRESENTATION_CONTEXT(2) 
PARAMETRIC_REPRESENTATION_CONTEXT() REPRESENTATION_CONTEXT('2D SPACE',''
  ) );
#795 = PCURVE('',#486,#796);
#796 = DEFINITIONAL_REPRESENTATION('',(#797),#805);
#797 = ( BOUNDED_CURVE() B_SPLINE_CURVE(2,(#798,#799,#800,#801,#802,#803
,#804),.UNSPECIFIED.,.T.,.F.) B_SPLINE_CURVE_WITH_KNOTS((1,2,2,2,2,1),(
    -2.094395102393,0.,2.094395102393,4.188790204786,6.28318530718,
8.377580409573),.UNSPECIFIED.) CURVE() GEOMETRIC_REPRESENTATION_ITEM() 
RATIONAL_B_SPLINE_CURVE((1.,0.5,1.,0.5,1.,0.5,1.)) REPRESENTATION_ITEM(
  '') );
#798 = CARTESIAN_POINT('',(-10.07761212512,17.588966253181));
#799 = CARTESIAN_POINT('',(-11.32200583774,20.257577181734));
#800 = CARTESIAN_POINT('',(-8.388724124491,20.000948284896));
#801 = CARTESIAN_POINT('',(-5.455442411238,19.744319388059));
#802 = CARTESIAN_POINT('',(-7.144330411871,17.332337356344));
#803 = CARTESIAN_POINT('',(-8.833218412504,14.920355324628));
#804 = CARTESIAN_POINT('',(-10.07761212512,17.588966253181));
#805 = ( GEOMETRIC_REPRESENTATION_CONTEXT(2) 
PARAMETRIC_REPRESENTATION_CONTEXT() REPRESENTATION_CONTEXT('2D SPACE',''
  ) );
#806 = ORIENTED_EDGE('',*,*,#807,.F.);
#807 = EDGE_CURVE('',#274,#780,#808,.T.);
#808 = SURFACE_CURVE('',#809,(#813,#820),.PCURVE_S1.);
#809 = LINE('',#810,#811);
#810 = CARTESIAN_POINT('',(-6.9961656492,19.0258683431,-20.));
#811 = VECTOR('',#812,1.);
#812 = DIRECTION('',(0.,0.,1.));
#813 = PCURVE('',#318,#814);
#814 = DEFINITIONAL_REPRESENTATION('',(#815),#819);
#815 = LINE('',#816,#817);
#816 = CARTESIAN_POINT('',(3.14159265359,0.));
#817 = VECTOR('',#818,1.);
#818 = DIRECTION('',(0.,-1.));
#819 = ( GEOMETRIC_REPRESENTATION_CONTEXT(2) 
PARAMETRIC_REPRESENTATION_CONTEXT() REPRESENTATION_CONTEXT('2D SPACE',''
  ) );
#820 = PCURVE('',#288,#821);
#821 = DEFINITIONAL_REPRESENTATION('',(#822),#826);
#822 = LINE('',#823,#824);
#823 = CARTESIAN_POINT('',(0.,0.));
#824 = VECTOR('',#825,1.);
#825 = DIRECTION('',(0.,-1.));
#826 = ( GEOMETRIC_REPRESENTATION_CONTEXT(2) 
PARAMETRIC_REPRESENTATION_CONTEXT() REPRESENTATION_CONTEXT('2D SPACE',''
  ) );
#827 = ADVANCED_FACE('',(#828),#288,.F.);
#828 = FACE_BOUND('',#829,.F.);
#829 = EDGE_LOOP('',(#830,#831,#832,#851));
#830 = ORIENTED_EDGE('',*,*,#273,.F.);
#831 = ORIENTED_EDGE('',*,*,#807,.T.);
#832 = ORIENTED_EDGE('',*,*,#833,.F.);
#833 = EDGE_CURVE('',#725,#780,#834,.T.);
#834 = SURFACE_CURVE('',#835,(#839,#845),.PCURVE_S1.);
#835 = LINE('',#836,#837);
#836 = CARTESIAN_POINT('',(-2.727721205619,9.872159694029,-3.));
#837 = VECTOR('',#838,1.);
#838 = DIRECTION('',(-0.422618261741,0.906307787037,0.));
#839 = PCURVE('',#288,#840);
#840 = DEFINITIONAL_REPRESENTATION('',(#841),#844);
#841 = B_SPLINE_CURVE_WITH_KNOTS('',1,(#842,#843),.UNSPECIFIED.,.F.,.F.,
  (2,2),(1.9,10.1),.PIECEWISE_BEZIER_KNOTS.);
#842 = CARTESIAN_POINT('',(8.2,-17.));
#843 = CARTESIAN_POINT('',(0.,-17.));
#844 = ( GEOMETRIC_REPRESENTATION_CONTEXT(2) 
PARAMETRIC_REPRESENTATION_CONTEXT() REPRESENTATION_CONTEXT('2D SPACE',''
  ) );
#845 = PCURVE('',#486,#846);
#846 = DEFINITIONAL_REPRESENTATION('',(#847),#850);
#847 = B_SPLINE_CURVE_WITH_KNOTS('',1,(#848,#849),.UNSPECIFIED.,.F.,.F.,
  (2,2),(1.9,10.1),.PIECEWISE_BEZIER_KNOTS.);
#848 = CARTESIAN_POINT('',(-3.530695902926,11.594144489399));
#849 = CARTESIAN_POINT('',(-6.9961656492,19.0258683431));
#850 = ( GEOMETRIC_REPRESENTATION_CONTEXT(2) 
PARAMETRIC_REPRESENTATION_CONTEXT() REPRESENTATION_CONTEXT('2D SPACE',''
  ) );
#851 = ORIENTED_EDGE('',*,*,#724,.F.);
#852 = ADVANCED_FACE('',(#853),#372,.T.);
#853 = FACE_BOUND('',#854,.T.);
#854 = EDGE_LOOP('',(#855,#856,#879,#906));
#855 = ORIENTED_EDGE('',*,*,#357,.T.);
#856 = ORIENTED_EDGE('',*,*,#857,.T.);
#857 = EDGE_CURVE('',#335,#858,#860,.T.);
#858 = VERTEX_POINT('',#859);
#859 = CARTESIAN_POINT('',(29.2,0.,-2.2));
#860 = SEAM_CURVE('',#861,(#865,#872),.PCURVE_S1.);
#861 = LINE('',#862,#863);
#862 = CARTESIAN_POINT('',(32.5,0.,-5.5));
#863 = VECTOR('',#864,1.);
#864 = DIRECTION('',(-0.707106781187,0.,0.707106781187));
#865 = PCURVE('',#372,#866);
#866 = DEFINITIONAL_REPRESENTATION('',(#867),#871);
#867 = LINE('',#868,#869);
#868 = CARTESIAN_POINT('',(-0.,-0.));
#869 = VECTOR('',#870,1.);
#870 = DIRECTION('',(-0.,-1.));
#871 = ( GEOMETRIC_REPRESENTATION_CONTEXT(2) 
PARAMETRIC_REPRESENTATION_CONTEXT() REPRESENTATION_CONTEXT('2D SPACE',''
  ) );
#872 = PCURVE('',#372,#873);
#873 = DEFINITIONAL_REPRESENTATION('',(#874),#878);
#874 = LINE('',#875,#876);
#875 = CARTESIAN_POINT('',(-6.28318530718,-0.));
#876 = VECTOR('',#877,1.);
#877 = DIRECTION('',(-0.,-1.));
#878 = ( GEOMETRIC_REPRESENTATION_CONTEXT(2) 
PARAMETRIC_REPRESENTATION_CONTEXT() REPRESENTATION_CONTEXT('2D SPACE',''
  ) );
#879 = ORIENTED_EDGE('',*,*,#880,.F.);
#880 = EDGE_CURVE('',#858,#858,#881,.T.);
#881 = SURFACE_CURVE('',#882,(#887,#894),.PCURVE_S1.);
#882 = CIRCLE('',#883,29.2);
#883 = AXIS2_PLACEMENT_3D('',#884,#885,#886);
#884 = CARTESIAN_POINT('',(0.,0.,-2.2));
#885 = DIRECTION('',(0.,0.,1.));
#886 = DIRECTION('',(1.,0.,-0.));
#887 = PCURVE('',#372,#888);
#888 = DEFINITIONAL_REPRESENTATION('',(#889),#893);
#889 = LINE('',#890,#891);
#890 = CARTESIAN_POINT('',(-0.,-3.3));
#891 = VECTOR('',#892,1.);
#892 = DIRECTION('',(-1.,-0.));
#893 = ( GEOMETRIC_REPRESENTATION_CONTEXT(2) 
PARAMETRIC_REPRESENTATION_CONTEXT() REPRESENTATION_CONTEXT('2D SPACE',''
  ) );
#894 = PCURVE('',#895,#900);
#895 = CYLINDRICAL_SURFACE('',#896,29.2);
#896 = AXIS2_PLACEMENT_3D('',#897,#898,#899);
#897 = CARTESIAN_POINT('',(0.,0.,-2.2));
#898 = DIRECTION('',(0.,0.,1.));
#899 = DIRECTION('',(1.,0.,-0.));
#900 = DEFINITIONAL_REPRESENTATION('',(#901),#905);
#901 = LINE('',#902,#903);
#902 = CARTESIAN_POINT('',(0.,0.));
#903 = VECTOR('',#904,1.);
#904 = DIRECTION('',(1.,0.));
#905 = ( GEOMETRIC_REPRESENTATION_CONTEXT(2) 
PARAMETRIC_REPRESENTATION_CONTEXT() REPRESENTATION_CONTEXT('2D SPACE',''
  ) );
#906 = ORIENTED_EDGE('',*,*,#857,.F.);
#907 = ADVANCED_FACE('',(#908,#1022),#427,.T.);
#908 = FACE_BOUND('',#909,.T.);
#909 = EDGE_LOOP('',(#910,#940,#968,#996));
#910 = ORIENTED_EDGE('',*,*,#911,.F.);
#911 = EDGE_CURVE('',#912,#914,#916,.T.);
#912 = VERTEX_POINT('',#913);
#913 = CARTESIAN_POINT('',(-11.,-11.,27.));
#914 = VERTEX_POINT('',#915);
#915 = CARTESIAN_POINT('',(-11.,34.,27.));
#916 = SURFACE_CURVE('',#917,(#921,#928),.PCURVE_S1.);
#917 = LINE('',#918,#919);
#918 = CARTESIAN_POINT('',(-11.,-11.,27.));
#919 = VECTOR('',#920,1.);
#920 = DIRECTION('',(0.,1.,0.));
#921 = PCURVE('',#427,#922);
#922 = DEFINITIONAL_REPRESENTATION('',(#923),#927);
#923 = LINE('',#924,#925);
#924 = CARTESIAN_POINT('',(0.,0.));
#925 = VECTOR('',#926,1.);
#926 = DIRECTION('',(0.,1.));
#927 = ( GEOMETRIC_REPRESENTATION_CONTEXT(2) 
PARAMETRIC_REPRESENTATION_CONTEXT() REPRESENTATION_CONTEXT('2D SPACE',''
  ) );
#928 = PCURVE('',#929,#934);
#929 = PLANE('',#930);
#930 = AXIS2_PLACEMENT_3D('',#931,#932,#933);
#931 = CARTESIAN_POINT('',(-11.,-11.,7.));
#932 = DIRECTION('',(1.,0.,0.));
#933 = DIRECTION('',(0.,0.,1.));
#934 = DEFINITIONAL_REPRESENTATION('',(#935),#939);
#935 = LINE('',#936,#937);
#936 = CARTESIAN_POINT('',(20.,0.));
#937 = VECTOR('',#938,1.);
#938 = DIRECTION('',(0.,-1.));
#939 = ( GEOMETRIC_REPRESENTATION_CONTEXT(2) 
PARAMETRIC_REPRESENTATION_CONTEXT() REPRESENTATION_CONTEXT('2D SPACE',''
  ) );
#940 = ORIENTED_EDGE('',*,*,#941,.T.);
#941 = EDGE_CURVE('',#912,#942,#944,.T.);
#942 = VERTEX_POINT('',#943);
#943 = CARTESIAN_POINT('',(11.,-11.,27.));
#944 = SURFACE_CURVE('',#945,(#949,#956),.PCURVE_S1.);
#945 = LINE('',#946,#947);
#946 = CARTESIAN_POINT('',(-11.,-11.,27.));
#947 = VECTOR('',#948,1.);
#948 = DIRECTION('',(1.,0.,0.));
#949 = PCURVE('',#427,#950);
#950 = DEFINITIONAL_REPRESENTATION('',(#951),#955);
#951 = LINE('',#952,#953);
#952 = CARTESIAN_POINT('',(0.,0.));
#953 = VECTOR('',#954,1.);
#954 = DIRECTION('',(1.,0.));
#955 = ( GEOMETRIC_REPRESENTATION_CONTEXT(2) 
PARAMETRIC_REPRESENTATION_CONTEXT() REPRESENTATION_CONTEXT('2D SPACE',''
  ) );
#956 = PCURVE('',#957,#962);
#957 = PLANE('',#958);
#958 = AXIS2_PLACEMENT_3D('',#959,#960,#961);
#959 = CARTESIAN_POINT('',(-11.,-11.,7.));
#960 = DIRECTION('',(0.,1.,0.));
#961 = DIRECTION('',(0.,0.,1.));
#962 = DEFINITIONAL_REPRESENTATION('',(#963),#967);
#963 = LINE('',#964,#965);
#964 = CARTESIAN_POINT('',(20.,0.));
#965 = VECTOR('',#966,1.);
#966 = DIRECTION('',(0.,1.));
#967 = ( GEOMETRIC_REPRESENTATION_CONTEXT(2) 
PARAMETRIC_REPRESENTATION_CONTEXT() REPRESENTATION_CONTEXT('2D SPACE',''
  ) );
#968 = ORIENTED_EDGE('',*,*,#969,.T.);
#969 = EDGE_CURVE('',#942,#970,#972,.T.);
#970 = VERTEX_POINT('',#971);
#971 = CARTESIAN_POINT('',(11.,34.,27.));
#972 = SURFACE_CURVE('',#973,(#977,#984),.PCURVE_S1.);
#973 = LINE('',#974,#975);
#974 = CARTESIAN_POINT('',(11.,-11.,27.));
#975 = VECTOR('',#976,1.);
#976 = DIRECTION('',(0.,1.,0.));
#977 = PCURVE('',#427,#978);
#978 = DEFINITIONAL_REPRESENTATION('',(#979),#983);
#979 = LINE('',#980,#981);
#980 = CARTESIAN_POINT('',(22.,0.));
#981 = VECTOR('',#982,1.);
#982 = DIRECTION('',(0.,1.));
#983 = ( GEOMETRIC_REPRESENTATION_CONTEXT(2) 
PARAMETRIC_REPRESENTATION_CONTEXT() REPRESENTATION_CONTEXT('2D SPACE',''
  ) );
#984 = PCURVE('',#985,#990);
#985 = PLANE('',#986);
#986 = AXIS2_PLACEMENT_3D('',#987,#988,#989);
#987 = CARTESIAN_POINT('',(11.,-11.,7.));
#988 = DIRECTION('',(1.,0.,0.));
#989 = DIRECTION('',(0.,0.,1.));
#990 = DEFINITIONAL_REPRESENTATION('',(#991),#995);
#991 = LINE('',#992,#993);
#992 = CARTESIAN_POINT('',(20.,0.));
#993 = VECTOR('',#994,1.);
#994 = DIRECTION('',(0.,-1.));
#995 = ( GEOMETRIC_REPRESENTATION_CONTEXT(2) 
PARAMETRIC_REPRESENTATION_CONTEXT() REPRESENTATION_CONTEXT('2D SPACE',''
  ) );
#996 = ORIENTED_EDGE('',*,*,#997,.F.);
#997 = EDGE_CURVE('',#914,#970,#998,.T.);
#998 = SURFACE_CURVE('',#999,(#1003,#1010),.PCURVE_S1.);
#999 = LINE('',#1000,#1001);
#1000 = CARTESIAN_POINT('',(-11.,34.,27.));
#1001 = VECTOR('',#1002,1.);
#1002 = DIRECTION('',(1.,0.,0.));
#1003 = PCURVE('',#427,#1004);
#1004 = DEFINITIONAL_REPRESENTATION('',(#1005),#1009);
#1005 = LINE('',#1006,#1007);
#1006 = CARTESIAN_POINT('',(0.,45.));
#1007 = VECTOR('',#1008,1.);
#1008 = DIRECTION('',(1.,0.));
#1009 = ( GEOMETRIC_REPRESENTATION_CONTEXT(2) 
PARAMETRIC_REPRESENTATION_CONTEXT() REPRESENTATION_CONTEXT('2D SPACE',''
  ) );
#1010 = PCURVE('',#1011,#1016);
#1011 = PLANE('',#1012);
#1012 = AXIS2_PLACEMENT_3D('',#1013,#1014,#1015);
#1013 = CARTESIAN_POINT('',(-11.,34.,7.));
#1014 = DIRECTION('',(0.,1.,0.));
#1015 = DIRECTION('',(0.,0.,1.));
#1016 = DEFINITIONAL_REPRESENTATION('',(#1017),#1021);
#1017 = LINE('',#1018,#1019);
#1018 = CARTESIAN_POINT('',(20.,0.));
#1019 = VECTOR('',#1020,1.);
#1020 = DIRECTION('',(0.,1.));
#1021 = ( GEOMETRIC_REPRESENTATION_CONTEXT(2) 
PARAMETRIC_REPRESENTATION_CONTEXT() REPRESENTATION_CONTEXT('2D SPACE',''
  ) );
#1022 = FACE_BOUND('',#1023,.T.);
#1023 = EDGE_LOOP('',(#1024));
#1024 = ORIENTED_EDGE('',*,*,#412,.T.);
#1025 = ADVANCED_FACE('',(#1026,#1061,#1096,#1102),#486,.T.);
#1026 = FACE_BOUND('',#1027,.T.);
#1027 = EDGE_LOOP('',(#1028));
#1028 = ORIENTED_EDGE('',*,*,#1029,.F.);
#1029 = EDGE_CURVE('',#1030,#1030,#1032,.T.);
#1030 = VERTEX_POINT('',#1031);
#1031 = CARTESIAN_POINT('',(23.2,0.,-3.));
#1032 = SURFACE_CURVE('',#1033,(#1038,#1049),.PCURVE_S1.);
#1033 = CIRCLE('',#1034,23.2);
#1034 = AXIS2_PLACEMENT_3D('',#1035,#1036,#1037);
#1035 = CARTESIAN_POINT('',(0.,0.,-3.));
#1036 = DIRECTION('',(0.,0.,-1.));
#1037 = DIRECTION('',(1.,0.,0.));
#1038 = PCURVE('',#486,#1039);
#1039 = DEFINITIONAL_REPRESENTATION('',(#1040),#1048);
#1040 = ( BOUNDED_CURVE() B_SPLINE_CURVE(2,(#1041,#1042,#1043,#1044,
#1045,#1046,#1047),.UNSPECIFIED.,.T.,.F.) B_SPLINE_CURVE_WITH_KNOTS((1,2
    ,2,2,2,1),(-2.094395102393,0.,2.094395102393,4.188790204786,
6.28318530718,8.377580409573),.UNSPECIFIED.) CURVE() 
GEOMETRIC_REPRESENTATION_ITEM() RATIONAL_B_SPLINE_CURVE((1.,0.5,1.,0.5,
1.,0.5,1.)) REPRESENTATION_ITEM('') );
#1041 = CARTESIAN_POINT('',(23.2,-8.788616970813E-16));
#1042 = CARTESIAN_POINT('',(23.2,-40.18357873559));
#1043 = CARTESIAN_POINT('',(-11.6,-20.09178936779));
#1044 = CARTESIAN_POINT('',(-46.4,-6.561222845125E-15));
#1045 = CARTESIAN_POINT('',(-11.6,20.091789367799));
#1046 = CARTESIAN_POINT('',(23.2,40.183578735598));
#1047 = CARTESIAN_POINT('',(23.2,-8.788616970813E-16));
#1048 = ( GEOMETRIC_REPRESENTATION_CONTEXT(2) 
PARAMETRIC_REPRESENTATION_CONTEXT() REPRESENTATION_CONTEXT('2D SPACE',''
  ) );
#1049 = PCURVE('',#1050,#1055);
#1050 = CYLINDRICAL_SURFACE('',#1051,23.2);
#1051 = AXIS2_PLACEMENT_3D('',#1052,#1053,#1054);
#1052 = CARTESIAN_POINT('',(0.,0.,7.));
#1053 = DIRECTION('',(-0.,-0.,-1.));
#1054 = DIRECTION('',(1.,0.,0.));
#1055 = DEFINITIONAL_REPRESENTATION('',(#1056),#1060);
#1056 = LINE('',#1057,#1058);
#1057 = CARTESIAN_POINT('',(-6.28318530718,10.));
#1058 = VECTOR('',#1059,1.);
#1059 = DIRECTION('',(1.,-0.));
#1060 = ( GEOMETRIC_REPRESENTATION_CONTEXT(2) 
PARAMETRIC_REPRESENTATION_CONTEXT() REPRESENTATION_CONTEXT('2D SPACE',''
  ) );
#1061 = FACE_BOUND('',#1062,.T.);
#1062 = EDGE_LOOP('',(#1063));
#1063 = ORIENTED_EDGE('',*,*,#1064,.T.);
#1064 = EDGE_CURVE('',#1065,#1065,#1067,.T.);
#1065 = VERTEX_POINT('',#1066);
#1066 = CARTESIAN_POINT('',(10.,0.,-3.));
#1067 = SURFACE_CURVE('',#1068,(#1073,#1084),.PCURVE_S1.);
#1068 = CIRCLE('',#1069,10.);
#1069 = AXIS2_PLACEMENT_3D('',#1070,#1071,#1072);
#1070 = CARTESIAN_POINT('',(0.,0.,-3.));
#1071 = DIRECTION('',(0.,0.,-1.));
#1072 = DIRECTION('',(1.,0.,0.));
#1073 = PCURVE('',#486,#1074);
#1074 = DEFINITIONAL_REPRESENTATION('',(#1075),#1083);
#1075 = ( BOUNDED_CURVE() B_SPLINE_CURVE(2,(#1076,#1077,#1078,#1079,
#1080,#1081,#1082),.UNSPECIFIED.,.T.,.F.) B_SPLINE_CURVE_WITH_KNOTS((1,2
    ,2,2,2,1),(-2.094395102393,0.,2.094395102393,4.188790204786,
6.28318530718,8.377580409573),.UNSPECIFIED.) CURVE() 
GEOMETRIC_REPRESENTATION_ITEM() RATIONAL_B_SPLINE_CURVE((1.,0.5,1.,0.5,
1.,0.5,1.)) REPRESENTATION_ITEM('') );
#1076 = CARTESIAN_POINT('',(10.,-8.788616970813E-16));
#1077 = CARTESIAN_POINT('',(10.,-17.32050807568));
#1078 = CARTESIAN_POINT('',(-5.,-8.660254037844));
#1079 = CARTESIAN_POINT('',(-20.,-3.328155295376E-15));
#1080 = CARTESIAN_POINT('',(-5.,8.660254037844));
#1081 = CARTESIAN_POINT('',(10.,17.320508075689));
#1082 = CARTESIAN_POINT('',(10.,-8.788616970813E-16));
#1083 = ( GEOMETRIC_REPRESENTATION_CONTEXT(2) 
PARAMETRIC_REPRESENTATION_CONTEXT() REPRESENTATION_CONTEXT('2D SPACE',''
  ) );
#1084 = PCURVE('',#1085,#1090);
#1085 = CYLINDRICAL_SURFACE('',#1086,10.);
#1086 = AXIS2_PLACEMENT_3D('',#1087,#1088,#1089);
#1087 = CARTESIAN_POINT('',(0.,0.,-7.));
#1088 = DIRECTION('',(-0.,-0.,-1.));
#1089 = DIRECTION('',(1.,0.,0.));
#1090 = DEFINITIONAL_REPRESENTATION('',(#1091),#1095);
#1091 = LINE('',#1092,#1093);
#1092 = CARTESIAN_POINT('',(-6.28318530718,-4.));
#1093 = VECTOR('',#1094,1.);
#1094 = DIRECTION('',(1.,-0.));
#1095 = ( GEOMETRIC_REPRESENTATION_CONTEXT(2) 
PARAMETRIC_REPRESENTATION_CONTEXT() REPRESENTATION_CONTEXT('2D SPACE',''
  ) );
#1096 = FACE_BOUND('',#1097,.T.);
#1097 = EDGE_LOOP('',(#1098,#1099,#1100,#1101));
#1098 = ORIENTED_EDGE('',*,*,#678,.F.);
#1099 = ORIENTED_EDGE('',*,*,#779,.T.);
#1100 = ORIENTED_EDGE('',*,*,#833,.F.);
#1101 = ORIENTED_EDGE('',*,*,#747,.T.);
#1102 = FACE_BOUND('',#1103,.T.);
#1103 = EDGE_LOOP('',(#1104,#1105,#1106,#1107));
#1104 = ORIENTED_EDGE('',*,*,#471,.F.);
#1105 = ORIENTED_EDGE('',*,*,#523,.T.);
#1106 = ORIENTED_EDGE('',*,*,#577,.F.);
#1107 = ORIENTED_EDGE('',*,*,#624,.T.);
#1108 = ADVANCED_FACE('',(#1109,#1163,#1316),#895,.T.);
#1109 = FACE_BOUND('',#1110,.T.);
#1110 = EDGE_LOOP('',(#1111,#1112,#1135,#1162));
#1111 = ORIENTED_EDGE('',*,*,#880,.T.);
#1112 = ORIENTED_EDGE('',*,*,#1113,.T.);
#1113 = EDGE_CURVE('',#858,#1114,#1116,.T.);
#1114 = VERTEX_POINT('',#1115);
#1115 = CARTESIAN_POINT('',(29.2,0.,2.2));
#1116 = SEAM_CURVE('',#1117,(#1121,#1128),.PCURVE_S1.);
#1117 = LINE('',#1118,#1119);
#1118 = CARTESIAN_POINT('',(29.2,0.,-2.2));
#1119 = VECTOR('',#1120,1.);
#1120 = DIRECTION('',(0.,0.,1.));
#1121 = PCURVE('',#895,#1122);
#1122 = DEFINITIONAL_REPRESENTATION('',(#1123),#1127);
#1123 = LINE('',#1124,#1125);
#1124 = CARTESIAN_POINT('',(0.,0.));
#1125 = VECTOR('',#1126,1.);
#1126 = DIRECTION('',(0.,1.));
#1127 = ( GEOMETRIC_REPRESENTATION_CONTEXT(2) 
PARAMETRIC_REPRESENTATION_CONTEXT() REPRESENTATION_CONTEXT('2D SPACE',''
  ) );
#1128 = PCURVE('',#895,#1129);
#1129 = DEFINITIONAL_REPRESENTATION('',(#1130),#1134);
#1130 = LINE('',#1131,#1132);
#1131 = CARTESIAN_POINT('',(6.28318530718,0.));
#1132 = VECTOR('',#1133,1.);
#1133 = DIRECTION('',(0.,1.));
#1134 = ( GEOMETRIC_REPRESENTATION_CONTEXT(2) 
PARAMETRIC_REPRESENTATION_CONTEXT() REPRESENTATION_CONTEXT('2D SPACE',''
  ) );
#1135 = ORIENTED_EDGE('',*,*,#1136,.F.);
#1136 = EDGE_CURVE('',#1114,#1114,#1137,.T.);
#1137 = SURFACE_CURVE('',#1138,(#1143,#1150),.PCURVE_S1.);
#1138 = CIRCLE('',#1139,29.2);
#1139 = AXIS2_PLACEMENT_3D('',#1140,#1141,#1142);
#1140 = CARTESIAN_POINT('',(0.,0.,2.2));
#1141 = DIRECTION('',(0.,0.,1.));
#1142 = DIRECTION('',(1.,0.,-0.));
#1143 = PCURVE('',#895,#1144);
#1144 = DEFINITIONAL_REPRESENTATION('',(#1145),#1149);
#1145 = LINE('',#1146,#1147);
#1146 = CARTESIAN_POINT('',(0.,4.4));
#1147 = VECTOR('',#1148,1.);
#1148 = DIRECTION('',(1.,0.));
#1149 = ( GEOMETRIC_REPRESENTATION_CONTEXT(2) 
PARAMETRIC_REPRESENTATION_CONTEXT() REPRESENTATION_CONTEXT('2D SPACE',''
  ) );
#1150 = PCURVE('',#1151,#1156);
#1151 = CONICAL_SURFACE('',#1152,29.2,0.785398163397);
#1152 = AXIS2_PLACEMENT_3D('',#1153,#1154,#1155);
#1153 = CARTESIAN_POINT('',(0.,0.,2.2));
#1154 = DIRECTION('',(0.,0.,1.));
#1155 = DIRECTION('',(1.,0.,-0.));
#1156 = DEFINITIONAL_REPRESENTATION('',(#1157),#1161);
#1157 = LINE('',#1158,#1159);
#1158 = CARTESIAN_POINT('',(0.,0.));
#1159 = VECTOR('',#1160,1.);
#1160 = DIRECTION('',(1.,0.));
#1161 = ( GEOMETRIC_REPRESENTATION_CONTEXT(2) 
PARAMETRIC_REPRESENTATION_CONTEXT() REPRESENTATION_CONTEXT('2D SPACE',''
  ) );
#1162 = ORIENTED_EDGE('',*,*,#1113,.F.);
#1163 = FACE_BOUND('',#1164,.T.);
#1164 = EDGE_LOOP('',(#1165));
#1165 = ORIENTED_EDGE('',*,*,#1166,.F.);
#1166 = EDGE_CURVE('',#1167,#1167,#1169,.T.);
#1167 = VERTEX_POINT('',#1168);
#1168 = CARTESIAN_POINT('',(-5.248743114885,28.72439199903,0.));
#1169 = SURFACE_CURVE('',#1170,(#1215,#1263),.PCURVE_S1.);
#1170 = B_SPLINE_CURVE_WITH_KNOTS('',7,(#1171,#1172,#1173,#1174,#1175,
    #1176,#1177,#1178,#1179,#1180,#1181,#1182,#1183,#1184,#1185,#1186,
    #1187,#1188,#1189,#1190,#1191,#1192,#1193,#1194,#1195,#1196,#1197,
    #1198,#1199,#1200,#1201,#1202,#1203,#1204,#1205,#1206,#1207,#1208,
    #1209,#1210,#1211,#1212,#1213,#1214),.UNSPECIFIED.,.T.,.F.,(8,6,6,6,
    6,6,6,8),(0.,0.150965786105,0.287158530842,0.424568350121,
    0.587458118104,0.713952238977,0.840024629338,1.),.UNSPECIFIED.);
#1171 = CARTESIAN_POINT('',(-5.248743114885,28.72439199903,0.));
#1172 = CARTESIAN_POINT('',(-5.248743114885,28.72439199903,
    0.144306344273));
#1173 = CARTESIAN_POINT('',(-5.228810574554,28.728034192783,
    0.288709593909));
#1174 = CARTESIAN_POINT('',(-5.188894430069,28.735328156517,
    0.431102482227));
#1175 = CARTESIAN_POINT('',(-5.128571851152,28.746260259197,
    0.569167269236));
#1176 = CARTESIAN_POINT('',(-5.047268423216,28.760756000024,
    0.70007863509));
#1177 = CARTESIAN_POINT('',(-4.94441703327,28.77861484922,0.820230345752
    ));
#1178 = CARTESIAN_POINT('',(-4.707614872607,28.818246459852,
    1.01878659272));
#1179 = CARTESIAN_POINT('',(-4.574942196904,28.839925265344,
    1.102432551595));
#1180 = CARTESIAN_POINT('',(-4.424581071448,28.863699179278,
    1.167127886394));
#1181 = CARTESIAN_POINT('',(-4.261809375704,28.888321685871,
    1.207074021367));
#1182 = CARTESIAN_POINT('',(-4.093400018517,28.912490604304,
    1.219212233342));
#1183 = CARTESIAN_POINT('',(-3.926651404246,28.935220181876,
    1.203345134108));
#1184 = CARTESIAN_POINT('',(-3.608169322918,28.97666528778,
    1.120887654506));
#1185 = CARTESIAN_POINT('',(-3.460980743833,28.994771140189,
    1.054983650333));
#1186 = CARTESIAN_POINT('',(-3.329552087249,29.010082173863,
    0.969270510497));
#1187 = CARTESIAN_POINT('',(-3.215692053193,29.022746243518,
    0.868029017004));
#1188 = CARTESIAN_POINT('',(-3.120411720832,29.032970352451,
    0.755331757577));
#1189 = CARTESIAN_POINT('',(-3.043966262284,29.040965657012,
    0.635070813797));
#1190 = CARTESIAN_POINT('',(-2.916888215066,29.05402837335,
    0.363780968319));
#1191 = CARTESIAN_POINT('',(-2.871722751613,29.05847820904,0.20702368563
    ));
#1192 = CARTESIAN_POINT('',(-2.851419984994,29.060419017349,
    4.492206978454E-02));
#1193 = CARTESIAN_POINT('',(-2.856317010051,29.059949867934,
    -0.118429589103));
#1194 = CARTESIAN_POINT('',(-2.886264774956,29.057061134206,
    -0.279202237733));
#1195 = CARTESIAN_POINT('',(-2.940899541815,29.051633618718,
    -0.433750900192));
#1196 = CARTESIAN_POINT('',(-3.081220816742,29.037043257337,
    -0.690203961938));
#1197 = CARTESIAN_POINT('',(-3.158336957686,29.028872088874,
    -0.79815671504));
#1198 = CARTESIAN_POINT('',(-3.25152937858,29.018735004679,
    -0.89880971178));
#1199 = CARTESIAN_POINT('',(-3.360428496057,29.006469266741,
    -0.988916577807));
#1200 = CARTESIAN_POINT('',(-3.48404705541,28.99192807894,
    -1.065161668935));
#1201 = CARTESIAN_POINT('',(-3.620767272462,28.975025875757,
    -1.124149361297));
#1202 = CARTESIAN_POINT('',(-3.914978899461,28.936739162772,
    -1.200323032138));
#1203 = CARTESIAN_POINT('',(-4.069321827752,28.915770125683,
    -1.216851044922));
#1204 = CARTESIAN_POINT('',(-4.225757003666,28.893481718887,
    -1.209341714807));
#1205 = CARTESIAN_POINT('',(-4.378254418877,28.870669982222,
    -1.177676180922));
#1206 = CARTESIAN_POINT('',(-4.521101477225,28.848379308847,
    -1.124051739054));
#1207 = CARTESIAN_POINT('',(-4.649651613629,28.827651839099,
    -1.052901156711));
#1208 = CARTESIAN_POINT('',(-4.90262473893,28.785844322929,
    -0.866666735805));
#1209 = CARTESIAN_POINT('',(-5.019721603539,28.765659557286,
    -0.742646305121));
#1210 = CARTESIAN_POINT('',(-5.112247754132,28.749217045526,
    -0.605237947812));
#1211 = CARTESIAN_POINT('',(-5.180821115515,28.736803500419,
    -0.459022338437));
#1212 = CARTESIAN_POINT('',(-5.226134464417,28.728523162262,
    -0.307551316618));
#1213 = CARTESIAN_POINT('',(-5.248743114885,28.72439199903,
    -0.153689015548));
#1214 = CARTESIAN_POINT('',(-5.248743114885,28.72439199903,
    -4.440892098501E-16));
#1215 = PCURVE('',#895,#1216);
#1216 = DEFINITIONAL_REPRESENTATION('',(#1217),#1262);
#1217 = B_SPLINE_CURVE_WITH_KNOTS('',7,(#1218,#1219,#1220,#1221,#1222,
    #1223,#1224,#1225,#1226,#1227,#1228,#1229,#1230,#1231,#1232,#1233,
    #1234,#1235,#1236,#1237,#1238,#1239,#1240,#1241,#1242,#1243,#1244,
    #1245,#1246,#1247,#1248,#1249,#1250,#1251,#1252,#1253,#1254,#1255,
    #1256,#1257,#1258,#1259,#1260,#1261),.UNSPECIFIED.,.F.,.F.,(8,6,6,6,
    6,6,6,8),(0.,0.150965786105,0.287158530842,0.424568350121,
    0.587458118104,0.713952238977,0.840024629338,1.),.UNSPECIFIED.);
#1218 = CARTESIAN_POINT('',(1.751530133783,2.2));
#1219 = CARTESIAN_POINT('',(1.751530133783,2.344306344273));
#1220 = CARTESIAN_POINT('',(1.750836210091,2.488709593909));
#1221 = CARTESIAN_POINT('',(1.749446583923,2.631102482227));
#1222 = CARTESIAN_POINT('',(1.747347093181,2.769167269236));
#1223 = CARTESIAN_POINT('',(1.744518847573,2.90007863509));
#1224 = CARTESIAN_POINT('',(1.740943901867,3.020230345752));
#1225 = CARTESIAN_POINT('',(1.732721447622,3.21878659272));
#1226 = CARTESIAN_POINT('',(1.72811764137,3.302432551595));
#1227 = CARTESIAN_POINT('',(1.722904428172,3.367127886394));
#1228 = CARTESIAN_POINT('',(1.717266902247,3.407074021367));
#1229 = CARTESIAN_POINT('',(1.711440608549,3.419212233342));
#1230 = CARTESIAN_POINT('',(1.705677336033,3.403345134108));
#1231 = CARTESIAN_POINT('',(1.694678450653,3.320887654506));
#1232 = CARTESIAN_POINT('',(1.6895998766,3.254983650333));
#1233 = CARTESIAN_POINT('',(1.685068588228,3.169270510497));
#1234 = CARTESIAN_POINT('',(1.681145284236,3.068029017004));
#1235 = CARTESIAN_POINT('',(1.6778635474,2.955331757577));
#1236 = CARTESIAN_POINT('',(1.675231276411,2.835070813797));
#1237 = CARTESIAN_POINT('',(1.670856356547,2.563780968319));
#1238 = CARTESIAN_POINT('',(1.669302119212,2.40702368563));
#1239 = CARTESIAN_POINT('',(1.668603644502,2.244922069785));
#1240 = CARTESIAN_POINT('',(1.668772119434,2.081570410897));
#1241 = CARTESIAN_POINT('',(1.669802492843,1.920797762267));
#1242 = CARTESIAN_POINT('',(1.671682736464,1.766249099808));
#1243 = CARTESIAN_POINT('',(1.676514167145,1.509796038062));
#1244 = CARTESIAN_POINT('',(1.679169909998,1.40184328496));
#1245 = CARTESIAN_POINT('',(1.682380235931,1.30119028822));
#1246 = CARTESIAN_POINT('',(1.686133185335,1.211083422193));
#1247 = CARTESIAN_POINT('',(1.690395778259,1.134838331065));
#1248 = CARTESIAN_POINT('',(1.695113525061,1.075850638703));
#1249 = CARTESIAN_POINT('',(1.705274222169,0.999676967862));
#1250 = CARTESIAN_POINT('',(1.710608413767,0.983148955078));
#1251 = CARTESIAN_POINT('',(1.716019698599,0.990658285193));
#1252 = CARTESIAN_POINT('',(1.721300105457,1.022323819078));
#1253 = CARTESIAN_POINT('',(1.726251229051,1.075948260946));
#1254 = CARTESIAN_POINT('',(1.730710456721,1.147098843289));
#1255 = CARTESIAN_POINT('',(1.739491432943,1.333333264195));
#1256 = CARTESIAN_POINT('',(1.743560644402,1.457353694879));
#1257 = CARTESIAN_POINT('',(1.746778952125,1.594762052188));
#1258 = CARTESIAN_POINT('',(1.749165522227,1.740977661563));
#1259 = CARTESIAN_POINT('',(1.75074304511,1.892448683382));
#1260 = CARTESIAN_POINT('',(1.751530133783,2.046310984452));
#1261 = CARTESIAN_POINT('',(1.751530133783,2.2));
#1262 = ( GEOMETRIC_REPRESENTATION_CONTEXT(2) 
PARAMETRIC_REPRESENTATION_CONTEXT() REPRESENTATION_CONTEXT('2D SPACE',''
  ) );
#1263 = PCURVE('',#1264,#1269);
#1264 = CYLINDRICAL_SURFACE('',#1265,1.2);
#1265 = AXIS2_PLACEMENT_3D('',#1266,#1267,#1268);
#1266 = CARTESIAN_POINT('',(-2.532950437473,18.022878851097,0.));
#1267 = DIRECTION('',(0.13917310096,-0.990268068742,-0.));
#1268 = DIRECTION('',(-0.990268068742,-0.13917310096,0.));
#1269 = DEFINITIONAL_REPRESENTATION('',(#1270),#1315);
#1270 = B_SPLINE_CURVE_WITH_KNOTS('',7,(#1271,#1272,#1273,#1274,#1275,
    #1276,#1277,#1278,#1279,#1280,#1281,#1282,#1283,#1284,#1285,#1286,
    #1287,#1288,#1289,#1290,#1291,#1292,#1293,#1294,#1295,#1296,#1297,
    #1298,#1299,#1300,#1301,#1302,#1303,#1304,#1305,#1306,#1307,#1308,
    #1309,#1310,#1311,#1312,#1313,#1314),.UNSPECIFIED.,.F.,.F.,(8,6,6,6,
    6,6,6,8),(0.,0.150965786105,0.287158530842,0.424568350121,
    0.587458118104,0.713952238977,0.840024629338,1.),.UNSPECIFIED.);
#1271 = CARTESIAN_POINT('',(0.,-10.97533204609));
#1272 = CARTESIAN_POINT('',(-0.120255286894,-10.97533204609));
#1273 = CARTESIAN_POINT('',(-0.240590879574,-10.97616472082));
#1274 = CARTESIAN_POINT('',(-0.362094128666,-10.97783244659));
#1275 = CARTESIAN_POINT('',(-0.485682669346,-10.98026287843));
#1276 = CARTESIAN_POINT('',(-0.61236103705,-10.98330229752));
#1277 = CARTESIAN_POINT('',(-0.743177978121,-10.98667319875));
#1278 = CARTESIAN_POINT('',(-1.002759578126,-10.99296262626));
#1279 = CARTESIAN_POINT('',(-1.133488423069,-10.99596598742));
#1280 = CARTESIAN_POINT('',(-1.268628479424,-10.99858231116));
#1281 = CARTESIAN_POINT('',(-1.406400948418,-11.00031175157));
#1282 = CARTESIAN_POINT('',(-1.545462487458,-11.00080740728));
#1283 = CARTESIAN_POINT('',(-1.684585172405,-11.00010886043));
#1284 = CARTESIAN_POINT('',(-1.960891407121,-10.99682648656));
#1285 = CARTESIAN_POINT('',(-2.094231331414,-10.99427144308));
#1286 = CARTESIAN_POINT('',(-2.223126685849,-10.99114213713));
#1287 = CARTESIAN_POINT('',(-2.348106357634,-10.98783670692));
#1288 = CARTESIAN_POINT('',(-2.469508496127,-10.98470085621));
#1289 = CARTESIAN_POINT('',(-2.587442434336,-10.9819791995));
#1290 = CARTESIAN_POINT('',(-2.837296669591,-10.97722894448));
#1291 = CARTESIAN_POINT('',(-2.971583936384,-10.97534965707));
#1292 = CARTESIAN_POINT('',(-3.105109901727,-10.97444597858));
#1293 = CARTESIAN_POINT('',(-3.238394088292,-10.97466292906));
#1294 = CARTESIAN_POINT('',(-3.372088931034,-10.97597023159));
#1295 = CARTESIAN_POINT('',(-3.506972944776,-10.97819922624));
#1296 = CARTESIAN_POINT('',(-3.750849762852,-10.98327980421));
#1297 = CARTESIAN_POINT('',(-3.860797034197,-10.98592064947));
#1298 = CARTESIAN_POINT('',(-3.973894738536,-10.98885209688));
#1299 = CARTESIAN_POINT('',(-4.090166331126,-10.99186155613));
#1300 = CARTESIAN_POINT('',(-4.20981975045,-10.99466626041));
#1301 = CARTESIAN_POINT('',(-4.333223532235,-10.99695632488));
#1302 = CARTESIAN_POINT('',(-4.588473392845,-10.99998856002));
#1303 = CARTESIAN_POINT('',(-4.717619729847,-11.0007039761));
#1304 = CARTESIAN_POINT('',(-4.846985726905,-11.00040404708));
#1305 = CARTESIAN_POINT('',(-4.975421586714,-10.99903785083));
#1306 = CARTESIAN_POINT('',(-5.101718556322,-10.99684457683));
#1307 = CARTESIAN_POINT('',(-5.224337398122,-10.99420954651));
#1308 = CARTESIAN_POINT('',(-5.488371499267,-10.98801595252));
#1309 = CARTESIAN_POINT('',(-5.629190196328,-10.98432435739));
#1310 = CARTESIAN_POINT('',(-5.765064416383,-10.98091901432));
#1311 = CARTESIAN_POINT('',(-5.89723259599,-10.97816984433));
#1312 = CARTESIAN_POINT('',(-6.026893322048,-10.97627648913));
#1313 = CARTESIAN_POINT('',(-6.155111127556,-10.97533204609));
#1314 = CARTESIAN_POINT('',(-6.28318530718,-10.97533204609));
#1315 = ( GEOMETRIC_REPRESENTATION_CONTEXT(2) 
PARAMETRIC_REPRESENTATION_CONTEXT() REPRESENTATION_CONTEXT('2D SPACE',''
  ) );
#1316 = FACE_BOUND('',#1317,.T.);
#1317 = EDGE_LOOP('',(#1318));
#1318 = ORIENTED_EDGE('',*,*,#1319,.F.);
#1319 = EDGE_CURVE('',#1320,#1320,#1322,.T.);
#1320 = VERTEX_POINT('',#1321);
#1321 = CARTESIAN_POINT('',(2.872099749905,29.058407441334,0.));
#1322 = SURFACE_CURVE('',#1323,(#1368,#1416),.PCURVE_S1.);
#1323 = B_SPLINE_CURVE_WITH_KNOTS('',7,(#1324,#1325,#1326,#1327,#1328,
    #1329,#1330,#1331,#1332,#1333,#1334,#1335,#1336,#1337,#1338,#1339,
    #1340,#1341,#1342,#1343,#1344,#1345,#1346,#1347,#1348,#1349,#1350,
    #1351,#1352,#1353,#1354,#1355,#1356,#1357,#1358,#1359,#1360,#1361,
    #1362,#1363,#1364,#1365,#1366,#1367),.UNSPECIFIED.,.T.,.F.,(8,6,6,6,
    6,6,6,8),(0.,0.150965788332,0.287158535078,0.424568356419,
    0.587458126902,0.713952247012,0.840024633831,1.),.UNSPECIFIED.);
#1324 = CARTESIAN_POINT('',(2.872099749905,29.058407441334,0.));
#1325 = CARTESIAN_POINT('',(2.872099749905,29.058407441334,
    0.144306344273));
#1326 = CARTESIAN_POINT('',(2.892264062083,29.056414389967,
    0.288709593909));
#1327 = CARTESIAN_POINT('',(2.932644411703,29.052423417395,
    0.431102482227));
#1328 = CARTESIAN_POINT('',(2.993643492092,29.046304872809,
    0.569167269236));
#1329 = CARTESIAN_POINT('',(3.075792930788,29.037828811325,0.70007863509
    ));
#1330 = CARTESIAN_POINT('',(3.179582598287,29.026646153824,
    0.820230345752));
#1331 = CARTESIAN_POINT('',(3.41813539721,28.999470981656,1.01878659272)
  );
#1332 = CARTESIAN_POINT('',(3.551644047083,28.98374044147,1.102432551595
    ));
#1333 = CARTESIAN_POINT('',(3.702733416317,28.965148251258,
    1.167127886395));
#1334 = CARTESIAN_POINT('',(3.865986495229,28.943950963887,
    1.207074021367));
#1335 = CARTESIAN_POINT('',(4.0345338163,28.920763709499,1.219212233342)
  );
#1336 = CARTESIAN_POINT('',(4.201087992711,28.896650634661,
    1.203345134108));
#1337 = CARTESIAN_POINT('',(4.518656437779,28.848704668671,
    1.120887654495));
#1338 = CARTESIAN_POINT('',(4.665133830178,28.825538460324,
    1.054983650318));
#1339 = CARTESIAN_POINT('',(4.795691456301,28.804029723147,
    0.969270510511));
#1340 = CARTESIAN_POINT('',(4.908631436421,28.7848191295,0.868029017036)
  );
#1341 = CARTESIAN_POINT('',(5.00303891668,28.768384354913,0.755331757584
    ));
#1342 = CARTESIAN_POINT('',(5.078726812428,28.754998710875,
    0.635070813756));
#1343 = CARTESIAN_POINT('',(5.204482644186,28.732527942821,
    0.363780968318));
#1344 = CARTESIAN_POINT('',(5.249125015126,28.724356110503,
    0.207023685628));
#1345 = CARTESIAN_POINT('',(5.269176246267,28.720625534282,
    4.492206978385E-02));
#1346 = CARTESIAN_POINT('',(5.264339608553,28.721524361959,
    -0.118429589103));
#1347 = CARTESIAN_POINT('',(5.234755726345,28.727002255607,
    -0.279202237732));
#1348 = CARTESIAN_POINT('',(5.18074139168,28.736844375537,
    -0.433750900191));
#1349 = CARTESIAN_POINT('',(5.041834277632,28.761497004967,
    -0.690203959542));
#1350 = CARTESIAN_POINT('',(4.965453202084,28.774898463611,
    -0.798156721407));
#1351 = CARTESIAN_POINT('',(4.873076740223,28.790841384853,
    -0.898809705378));
#1352 = CARTESIAN_POINT('',(4.765015302173,28.809067464582,
    -0.988916579517));
#1353 = CARTESIAN_POINT('',(4.642177406501,28.829163472779,
    -1.065161670297));
#1354 = CARTESIAN_POINT('',(4.506094631439,28.850601229708,
    -1.124149360456));
#1355 = CARTESIAN_POINT('',(4.212727012334,28.894893394457,
    -1.200323032138));
#1356 = CARTESIAN_POINT('',(4.058583217393,28.917279338946,
    -1.216851044922));
#1357 = CARTESIAN_POINT('',(3.902064557372,28.938973725477,
    -1.209341714807));
#1358 = CARTESIAN_POINT('',(3.749186866627,28.959079661099,
    -1.177676180922));
#1359 = CARTESIAN_POINT('',(3.605729318789,28.977026476057,
    -1.124051739053));
#1360 = CARTESIAN_POINT('',(3.476445731703,28.992535173023,
    -1.052901156711));
#1361 = CARTESIAN_POINT('',(3.221748643039,29.022076052477,
    -0.866666735805));
#1362 = CARTESIAN_POINT('',(3.103624236946,29.034949480558,
    -0.74264630512));
#1363 = CARTESIAN_POINT('',(3.010150222044,29.044647587312,
    -0.605237947813));
#1364 = CARTESIAN_POINT('',(2.940811639634,29.0516163019,-0.459022338436
    ));
#1365 = CARTESIAN_POINT('',(2.894971282506,29.056146781676,
    -0.307551316618));
#1366 = CARTESIAN_POINT('',(2.872099749905,29.058407441334,
    -0.153689015548));
#1367 = CARTESIAN_POINT('',(2.872099749905,29.058407441334,
    -4.440892098501E-16));
#1368 = PCURVE('',#895,#1369);
#1369 = DEFINITIONAL_REPRESENTATION('',(#1370),#1415);
#1370 = B_SPLINE_CURVE_WITH_KNOTS('',7,(#1371,#1372,#1373,#1374,#1375,
    #1376,#1377,#1378,#1379,#1380,#1381,#1382,#1383,#1384,#1385,#1386,
    #1387,#1388,#1389,#1390,#1391,#1392,#1393,#1394,#1395,#1396,#1397,
    #1398,#1399,#1400,#1401,#1402,#1403,#1404,#1405,#1406,#1407,#1408,
    #1409,#1410,#1411,#1412,#1413,#1414),.UNSPECIFIED.,.F.,.F.,(8,6,6,6,
    6,6,6,8),(0.,0.150965788332,0.287158535078,0.424568356419,
    0.587458126902,0.713952247012,0.840024633831,1.),.UNSPECIFIED.);
#1371 = CARTESIAN_POINT('',(1.472277453464,2.2));
#1372 = CARTESIAN_POINT('',(1.472277453464,2.344306344273));
#1373 = CARTESIAN_POINT('',(1.471583529772,2.488709593909));
#1374 = CARTESIAN_POINT('',(1.470193903604,2.631102482227));
#1375 = CARTESIAN_POINT('',(1.468094412862,2.769167269236));
#1376 = CARTESIAN_POINT('',(1.465266167254,2.90007863509));
#1377 = CARTESIAN_POINT('',(1.461691221548,3.020230345752));
#1378 = CARTESIAN_POINT('',(1.453468767303,3.21878659272));
#1379 = CARTESIAN_POINT('',(1.448864961051,3.302432551595));
#1380 = CARTESIAN_POINT('',(1.443651747853,3.367127886395));
#1381 = CARTESIAN_POINT('',(1.438014221927,3.407074021367));
#1382 = CARTESIAN_POINT('',(1.43218792823,3.419212233342));
#1383 = CARTESIAN_POINT('',(1.426424655714,3.403345134108));
#1384 = CARTESIAN_POINT('',(1.415425770332,3.320887654495));
#1385 = CARTESIAN_POINT('',(1.41034719628,3.254983650318));
#1386 = CARTESIAN_POINT('',(1.40581590791,3.169270510511));
#1387 = CARTESIAN_POINT('',(1.401892603918,3.068029017036));
#1388 = CARTESIAN_POINT('',(1.398610867081,2.955331757584));
#1389 = CARTESIAN_POINT('',(1.395978596091,2.835070813756));
#1390 = CARTESIAN_POINT('',(1.391603676228,2.563780968318));
#1391 = CARTESIAN_POINT('',(1.390049438893,2.407023685628));
#1392 = CARTESIAN_POINT('',(1.389350964182,2.244922069784));
#1393 = CARTESIAN_POINT('',(1.389519439115,2.081570410897));
#1394 = CARTESIAN_POINT('',(1.390549812524,1.920797762268));
#1395 = CARTESIAN_POINT('',(1.392430056145,1.766249099809));
#1396 = CARTESIAN_POINT('',(1.39726148678,1.509796040458));
#1397 = CARTESIAN_POINT('',(1.399917229768,1.401843278593));
#1398 = CARTESIAN_POINT('',(1.403127555638,1.301190294622));
#1399 = CARTESIAN_POINT('',(1.406880504771,1.211083420483));
#1400 = CARTESIAN_POINT('',(1.411143098217,1.134838329703));
#1401 = CARTESIAN_POINT('',(1.415860844629,1.075850639544));
#1402 = CARTESIAN_POINT('',(1.42602154185,0.999676967862));
#1403 = CARTESIAN_POINT('',(1.431355733448,0.983148955078));
#1404 = CARTESIAN_POINT('',(1.43676701828,0.990658285193));
#1405 = CARTESIAN_POINT('',(1.442047425138,1.022323819078));
#1406 = CARTESIAN_POINT('',(1.446998548732,1.075948260947));
#1407 = CARTESIAN_POINT('',(1.451457776402,1.147098843289));
#1408 = CARTESIAN_POINT('',(1.460238752624,1.333333264195));
#1409 = CARTESIAN_POINT('',(1.464307964083,1.45735369488));
#1410 = CARTESIAN_POINT('',(1.467526271806,1.594762052187));
#1411 = CARTESIAN_POINT('',(1.469912841908,1.740977661564));
#1412 = CARTESIAN_POINT('',(1.471490364791,1.892448683382));
#1413 = CARTESIAN_POINT('',(1.472277453464,2.046310984452));
#1414 = CARTESIAN_POINT('',(1.472277453464,2.2));
#1415 = ( GEOMETRIC_REPRESENTATION_CONTEXT(2) 
PARAMETRIC_REPRESENTATION_CONTEXT() REPRESENTATION_CONTEXT('2D SPACE',''
  ) );
#1416 = PCURVE('',#1417,#1422);
#1417 = CYLINDRICAL_SURFACE('',#1418,1.2);
#1418 = AXIS2_PLACEMENT_3D('',#1419,#1420,#1421);
#1419 = CARTESIAN_POINT('',(2.532950437473,18.022878851097,0.));
#1420 = DIRECTION('',(-0.13917310096,-0.990268068742,-0.));
#1421 = DIRECTION('',(-0.990268068742,0.13917310096,0.));
#1422 = DEFINITIONAL_REPRESENTATION('',(#1423),#1468);
#1423 = B_SPLINE_CURVE_WITH_KNOTS('',7,(#1424,#1425,#1426,#1427,#1428,
    #1429,#1430,#1431,#1432,#1433,#1434,#1435,#1436,#1437,#1438,#1439,
    #1440,#1441,#1442,#1443,#1444,#1445,#1446,#1447,#1448,#1449,#1450,
    #1451,#1452,#1453,#1454,#1455,#1456,#1457,#1458,#1459,#1460,#1461,
    #1462,#1463,#1464,#1465,#1466,#1467),.UNSPECIFIED.,.F.,.F.,(8,6,6,6,
    6,6,6,8),(0.,0.150965788332,0.287158535078,0.424568356419,
    0.587458126902,0.713952247012,0.840024633831,1.),.UNSPECIFIED.);
#1424 = CARTESIAN_POINT('',(0.,-10.97533204609));
#1425 = CARTESIAN_POINT('',(-0.120255286894,-10.97533204609));
#1426 = CARTESIAN_POINT('',(-0.240590879574,-10.97616472082));
#1427 = CARTESIAN_POINT('',(-0.362094128666,-10.97783244659));
#1428 = CARTESIAN_POINT('',(-0.485682669345,-10.98026287843));
#1429 = CARTESIAN_POINT('',(-0.61236103705,-10.98330229752));
#1430 = CARTESIAN_POINT('',(-0.743177978121,-10.98667319875));
#1431 = CARTESIAN_POINT('',(-1.002759578126,-10.99296262626));
#1432 = CARTESIAN_POINT('',(-1.133488423069,-10.99596598742));
#1433 = CARTESIAN_POINT('',(-1.268628479424,-10.99858231116));
#1434 = CARTESIAN_POINT('',(-1.406400948418,-11.00031175157));
#1435 = CARTESIAN_POINT('',(-1.545462487458,-11.00080740728));
#1436 = CARTESIAN_POINT('',(-1.684585172404,-11.00010886043));
#1437 = CARTESIAN_POINT('',(-1.960891407157,-10.99682648656));
#1438 = CARTESIAN_POINT('',(-2.09423133142,-10.99427144308));
#1439 = CARTESIAN_POINT('',(-2.223126685822,-10.99114213713));
#1440 = CARTESIAN_POINT('',(-2.348106357604,-10.98783670692));
#1441 = CARTESIAN_POINT('',(-2.469508496125,-10.98470085621));
#1442 = CARTESIAN_POINT('',(-2.587442434374,-10.98197919949));
#1443 = CARTESIAN_POINT('',(-2.837296669592,-10.97722894448));
#1444 = CARTESIAN_POINT('',(-2.971583936386,-10.97534965707));
#1445 = CARTESIAN_POINT('',(-3.105109901727,-10.97444597858));
#1446 = CARTESIAN_POINT('',(-3.238394088292,-10.97466292906));
#1447 = CARTESIAN_POINT('',(-3.372088931033,-10.97597023159));
#1448 = CARTESIAN_POINT('',(-3.506972944774,-10.97819922624));
#1449 = CARTESIAN_POINT('',(-3.750849760573,-10.98327980417));
#1450 = CARTESIAN_POINT('',(-3.860797039504,-10.9859206496));
#1451 = CARTESIAN_POINT('',(-3.973894735658,-10.98885209677));
#1452 = CARTESIAN_POINT('',(-4.090166326934,-10.99186155612));
#1453 = CARTESIAN_POINT('',(-4.209819756956,-10.99466626049));
#1454 = CARTESIAN_POINT('',(-4.333223529415,-10.99695632485));
#1455 = CARTESIAN_POINT('',(-4.588473392846,-10.99998856002));
#1456 = CARTESIAN_POINT('',(-4.717619729845,-11.0007039761));
#1457 = CARTESIAN_POINT('',(-4.846985726907,-11.00040404708));
#1458 = CARTESIAN_POINT('',(-4.975421586713,-10.99903785083));
#1459 = CARTESIAN_POINT('',(-5.101718556323,-10.99684457683));
#1460 = CARTESIAN_POINT('',(-5.224337398122,-10.99420954651));
#1461 = CARTESIAN_POINT('',(-5.488371499267,-10.98801595252));
#1462 = CARTESIAN_POINT('',(-5.629190196328,-10.98432435739));
#1463 = CARTESIAN_POINT('',(-5.765064416382,-10.98091901432));
#1464 = CARTESIAN_POINT('',(-5.897232595991,-10.97816984433));
#1465 = CARTESIAN_POINT('',(-6.026893322048,-10.97627648913));
#1466 = CARTESIAN_POINT('',(-6.155111127556,-10.97533204609));
#1467 = CARTESIAN_POINT('',(-6.28318530718,-10.97533204609));
#1468 = ( GEOMETRIC_REPRESENTATION_CONTEXT(2) 
PARAMETRIC_REPRESENTATION_CONTEXT() REPRESENTATION_CONTEXT('2D SPACE',''
  ) );
#1469 = ADVANCED_FACE('',(#1470,#1601),#929,.F.);
#1470 = FACE_BOUND('',#1471,.F.);
#1471 = EDGE_LOOP('',(#1472,#1495,#1523,#1551,#1579,#1600));
#1472 = ORIENTED_EDGE('',*,*,#1473,.F.);
#1473 = EDGE_CURVE('',#1474,#912,#1476,.T.);
#1474 = VERTEX_POINT('',#1475);
#1475 = CARTESIAN_POINT('',(-11.,-11.,7.));
#1476 = SURFACE_CURVE('',#1477,(#1481,#1488),.PCURVE_S1.);
#1477 = LINE('',#1478,#1479);
#1478 = CARTESIAN_POINT('',(-11.,-11.,7.));
#1479 = VECTOR('',#1480,1.);
#1480 = DIRECTION('',(0.,0.,1.));
#1481 = PCURVE('',#929,#1482);
#1482 = DEFINITIONAL_REPRESENTATION('',(#1483),#1487);
#1483 = LINE('',#1484,#1485);
#1484 = CARTESIAN_POINT('',(0.,0.));
#1485 = VECTOR('',#1486,1.);
#1486 = DIRECTION('',(1.,0.));
#1487 = ( GEOMETRIC_REPRESENTATION_CONTEXT(2) 
PARAMETRIC_REPRESENTATION_CONTEXT() REPRESENTATION_CONTEXT('2D SPACE',''
  ) );
#1488 = PCURVE('',#957,#1489);
#1489 = DEFINITIONAL_REPRESENTATION('',(#1490),#1494);
#1490 = LINE('',#1491,#1492);
#1491 = CARTESIAN_POINT('',(0.,0.));
#1492 = VECTOR('',#1493,1.);
#1493 = DIRECTION('',(1.,0.));
#1494 = ( GEOMETRIC_REPRESENTATION_CONTEXT(2) 
PARAMETRIC_REPRESENTATION_CONTEXT() REPRESENTATION_CONTEXT('2D SPACE',''
  ) );
#1495 = ORIENTED_EDGE('',*,*,#1496,.T.);
#1496 = EDGE_CURVE('',#1474,#1497,#1499,.T.);
#1497 = VERTEX_POINT('',#1498);
#1498 = CARTESIAN_POINT('',(-11.,20.426453436659,7.));
#1499 = SURFACE_CURVE('',#1500,(#1504,#1511),.PCURVE_S1.);
#1500 = LINE('',#1501,#1502);
#1501 = CARTESIAN_POINT('',(-11.,-11.,7.));
#1502 = VECTOR('',#1503,1.);
#1503 = DIRECTION('',(0.,1.,0.));
#1504 = PCURVE('',#929,#1505);
#1505 = DEFINITIONAL_REPRESENTATION('',(#1506),#1510);
#1506 = LINE('',#1507,#1508);
#1507 = CARTESIAN_POINT('',(0.,0.));
#1508 = VECTOR('',#1509,1.);
#1509 = DIRECTION('',(0.,-1.));
#1510 = ( GEOMETRIC_REPRESENTATION_CONTEXT(2) 
PARAMETRIC_REPRESENTATION_CONTEXT() REPRESENTATION_CONTEXT('2D SPACE',''
  ) );
#1511 = PCURVE('',#1512,#1517);
#1512 = PLANE('',#1513);
#1513 = AXIS2_PLACEMENT_3D('',#1514,#1515,#1516);
#1514 = CARTESIAN_POINT('',(-11.,-11.,7.));
#1515 = DIRECTION('',(0.,0.,1.));
#1516 = DIRECTION('',(1.,0.,0.));
#1517 = DEFINITIONAL_REPRESENTATION('',(#1518),#1522);
#1518 = LINE('',#1519,#1520);
#1519 = CARTESIAN_POINT('',(0.,0.));
#1520 = VECTOR('',#1521,1.);
#1521 = DIRECTION('',(0.,1.));
#1522 = ( GEOMETRIC_REPRESENTATION_CONTEXT(2) 
PARAMETRIC_REPRESENTATION_CONTEXT() REPRESENTATION_CONTEXT('2D SPACE',''
  ) );
#1523 = ORIENTED_EDGE('',*,*,#1524,.T.);
#1524 = EDGE_CURVE('',#1497,#1525,#1527,.T.);
#1525 = VERTEX_POINT('',#1526);
#1526 = CARTESIAN_POINT('',(-10.99999999999,30.581857366747,7.));
#1527 = SURFACE_CURVE('',#1528,(#1532,#1539),.PCURVE_S1.);
#1528 = LINE('',#1529,#1530);
#1529 = CARTESIAN_POINT('',(-11.,-11.,7.));
#1530 = VECTOR('',#1531,1.);
#1531 = DIRECTION('',(0.,1.,0.));
#1532 = PCURVE('',#929,#1533);
#1533 = DEFINITIONAL_REPRESENTATION('',(#1534),#1538);
#1534 = LINE('',#1535,#1536);
#1535 = CARTESIAN_POINT('',(0.,0.));
#1536 = VECTOR('',#1537,1.);
#1537 = DIRECTION('',(0.,-1.));
#1538 = ( GEOMETRIC_REPRESENTATION_CONTEXT(2) 
PARAMETRIC_REPRESENTATION_CONTEXT() REPRESENTATION_CONTEXT('2D SPACE',''
  ) );
#1539 = PCURVE('',#1540,#1545);
#1540 = PLANE('',#1541);
#1541 = AXIS2_PLACEMENT_3D('',#1542,#1543,#1544);
#1542 = CARTESIAN_POINT('',(0.,0.,7.));
#1543 = DIRECTION('',(0.,0.,1.));
#1544 = DIRECTION('',(1.,0.,-0.));
#1545 = DEFINITIONAL_REPRESENTATION('',(#1546),#1550);
#1546 = LINE('',#1547,#1548);
#1547 = CARTESIAN_POINT('',(-11.,-11.));
#1548 = VECTOR('',#1549,1.);
#1549 = DIRECTION('',(0.,1.));
#1550 = ( GEOMETRIC_REPRESENTATION_CONTEXT(2) 
PARAMETRIC_REPRESENTATION_CONTEXT() REPRESENTATION_CONTEXT('2D SPACE',''
  ) );
#1551 = ORIENTED_EDGE('',*,*,#1552,.T.);
#1552 = EDGE_CURVE('',#1525,#1553,#1555,.T.);
#1553 = VERTEX_POINT('',#1554);
#1554 = CARTESIAN_POINT('',(-11.,34.,7.));
#1555 = SURFACE_CURVE('',#1556,(#1560,#1567),.PCURVE_S1.);
#1556 = LINE('',#1557,#1558);
#1557 = CARTESIAN_POINT('',(-11.,-11.,7.));
#1558 = VECTOR('',#1559,1.);
#1559 = DIRECTION('',(0.,1.,0.));
#1560 = PCURVE('',#929,#1561);
#1561 = DEFINITIONAL_REPRESENTATION('',(#1562),#1566);
#1562 = LINE('',#1563,#1564);
#1563 = CARTESIAN_POINT('',(0.,0.));
#1564 = VECTOR('',#1565,1.);
#1565 = DIRECTION('',(0.,-1.));
#1566 = ( GEOMETRIC_REPRESENTATION_CONTEXT(2) 
PARAMETRIC_REPRESENTATION_CONTEXT() REPRESENTATION_CONTEXT('2D SPACE',''
  ) );
#1567 = PCURVE('',#1568,#1573);
#1568 = PLANE('',#1569);
#1569 = AXIS2_PLACEMENT_3D('',#1570,#1571,#1572);
#1570 = CARTESIAN_POINT('',(-11.,-11.,7.));
#1571 = DIRECTION('',(0.,0.,1.));
#1572 = DIRECTION('',(1.,0.,0.));
#1573 = DEFINITIONAL_REPRESENTATION('',(#1574),#1578);
#1574 = LINE('',#1575,#1576);
#1575 = CARTESIAN_POINT('',(0.,0.));
#1576 = VECTOR('',#1577,1.);
#1577 = DIRECTION('',(0.,1.));
#1578 = ( GEOMETRIC_REPRESENTATION_CONTEXT(2) 
PARAMETRIC_REPRESENTATION_CONTEXT() REPRESENTATION_CONTEXT('2D SPACE',''
  ) );
#1579 = ORIENTED_EDGE('',*,*,#1580,.T.);
#1580 = EDGE_CURVE('',#1553,#914,#1581,.T.);
#1581 = SURFACE_CURVE('',#1582,(#1586,#1593),.PCURVE_S1.);
#1582 = LINE('',#1583,#1584);
#1583 = CARTESIAN_POINT('',(-11.,34.,7.));
#1584 = VECTOR('',#1585,1.);
#1585 = DIRECTION('',(0.,0.,1.));
#1586 = PCURVE('',#929,#1587);
#1587 = DEFINITIONAL_REPRESENTATION('',(#1588),#1592);
#1588 = LINE('',#1589,#1590);
#1589 = CARTESIAN_POINT('',(0.,-45.));
#1590 = VECTOR('',#1591,1.);
#1591 = DIRECTION('',(1.,0.));
#1592 = ( GEOMETRIC_REPRESENTATION_CONTEXT(2) 
PARAMETRIC_REPRESENTATION_CONTEXT() REPRESENTATION_CONTEXT('2D SPACE',''
  ) );
#1593 = PCURVE('',#1011,#1594);
#1594 = DEFINITIONAL_REPRESENTATION('',(#1595),#1599);
#1595 = LINE('',#1596,#1597);
#1596 = CARTESIAN_POINT('',(0.,0.));
#1597 = VECTOR('',#1598,1.);
#1598 = DIRECTION('',(1.,0.));
#1599 = ( GEOMETRIC_REPRESENTATION_CONTEXT(2) 
PARAMETRIC_REPRESENTATION_CONTEXT() REPRESENTATION_CONTEXT('2D SPACE',''
  ) );
#1600 = ORIENTED_EDGE('',*,*,#911,.F.);
#1601 = FACE_BOUND('',#1602,.F.);
#1602 = EDGE_LOOP('',(#1603));
#1603 = ORIENTED_EDGE('',*,*,#1604,.T.);
#1604 = EDGE_CURVE('',#1605,#1605,#1607,.T.);
#1605 = VERTEX_POINT('',#1606);
#1606 = CARTESIAN_POINT('',(-11.,25.7,17.));
#1607 = SURFACE_CURVE('',#1608,(#1613,#1624),.PCURVE_S1.);
#1608 = CIRCLE('',#1609,1.7);
#1609 = AXIS2_PLACEMENT_3D('',#1610,#1611,#1612);
#1610 = CARTESIAN_POINT('',(-11.,24.,17.));
#1611 = DIRECTION('',(-1.,0.,0.));
#1612 = DIRECTION('',(0.,1.,0.));
#1613 = PCURVE('',#929,#1614);
#1614 = DEFINITIONAL_REPRESENTATION('',(#1615),#1623);
#1615 = ( BOUNDED_CURVE() B_SPLINE_CURVE(2,(#1616,#1617,#1618,#1619,
#1620,#1621,#1622),.UNSPECIFIED.,.T.,.F.) B_SPLINE_CURVE_WITH_KNOTS((1,2
    ,2,2,2,1),(-2.094395102393,0.,2.094395102393,4.188790204786,
6.28318530718,8.377580409573),.UNSPECIFIED.) CURVE() 
GEOMETRIC_REPRESENTATION_ITEM() RATIONAL_B_SPLINE_CURVE((1.,0.5,1.,0.5,
1.,0.5,1.)) REPRESENTATION_ITEM('') );
#1616 = CARTESIAN_POINT('',(10.,-36.7));
#1617 = CARTESIAN_POINT('',(7.055513627133,-36.7));
#1618 = CARTESIAN_POINT('',(8.527756813566,-34.15));
#1619 = CARTESIAN_POINT('',(10.,-31.6));
#1620 = CARTESIAN_POINT('',(11.472243186434,-34.15));
#1621 = CARTESIAN_POINT('',(12.944486372867,-36.7));
#1622 = CARTESIAN_POINT('',(10.,-36.7));
#1623 = ( GEOMETRIC_REPRESENTATION_CONTEXT(2) 
PARAMETRIC_REPRESENTATION_CONTEXT() REPRESENTATION_CONTEXT('2D SPACE',''
  ) );
#1624 = PCURVE('',#1625,#1630);
#1625 = CYLINDRICAL_SURFACE('',#1626,1.7);
#1626 = AXIS2_PLACEMENT_3D('',#1627,#1628,#1629);
#1627 = CARTESIAN_POINT('',(-15.,24.,17.));
#1628 = DIRECTION('',(-1.,-0.,-0.));
#1629 = DIRECTION('',(0.,1.,0.));
#1630 = DEFINITIONAL_REPRESENTATION('',(#1631),#1635);
#1631 = LINE('',#1632,#1633);
#1632 = CARTESIAN_POINT('',(-6.28318530718,-4.));
#1633 = VECTOR('',#1634,1.);
#1634 = DIRECTION('',(1.,-0.));
#1635 = ( GEOMETRIC_REPRESENTATION_CONTEXT(2) 
PARAMETRIC_REPRESENTATION_CONTEXT() REPRESENTATION_CONTEXT('2D SPACE',''
  ) );
#1636 = ADVANCED_FACE('',(#1637,#1685),#1011,.T.);
#1637 = FACE_BOUND('',#1638,.T.);
#1638 = EDGE_LOOP('',(#1639,#1662,#1663,#1664));
#1639 = ORIENTED_EDGE('',*,*,#1640,.F.);
#1640 = EDGE_CURVE('',#1553,#1641,#1643,.T.);
#1641 = VERTEX_POINT('',#1642);
#1642 = CARTESIAN_POINT('',(11.,34.,7.));
#1643 = SURFACE_CURVE('',#1644,(#1648,#1655),.PCURVE_S1.);
#1644 = LINE('',#1645,#1646);
#1645 = CARTESIAN_POINT('',(-11.,34.,7.));
#1646 = VECTOR('',#1647,1.);
#1647 = DIRECTION('',(1.,0.,0.));
#1648 = PCURVE('',#1011,#1649);
#1649 = DEFINITIONAL_REPRESENTATION('',(#1650),#1654);
#1650 = LINE('',#1651,#1652);
#1651 = CARTESIAN_POINT('',(0.,0.));
#1652 = VECTOR('',#1653,1.);
#1653 = DIRECTION('',(0.,1.));
#1654 = ( GEOMETRIC_REPRESENTATION_CONTEXT(2) 
PARAMETRIC_REPRESENTATION_CONTEXT() REPRESENTATION_CONTEXT('2D SPACE',''
  ) );
#1655 = PCURVE('',#1568,#1656);
#1656 = DEFINITIONAL_REPRESENTATION('',(#1657),#1661);
#1657 = LINE('',#1658,#1659);
#1658 = CARTESIAN_POINT('',(0.,45.));
#1659 = VECTOR('',#1660,1.);
#1660 = DIRECTION('',(1.,0.));
#1661 = ( GEOMETRIC_REPRESENTATION_CONTEXT(2) 
PARAMETRIC_REPRESENTATION_CONTEXT() REPRESENTATION_CONTEXT('2D SPACE',''
  ) );
#1662 = ORIENTED_EDGE('',*,*,#1580,.T.);
#1663 = ORIENTED_EDGE('',*,*,#997,.T.);
#1664 = ORIENTED_EDGE('',*,*,#1665,.F.);
#1665 = EDGE_CURVE('',#1641,#970,#1666,.T.);
#1666 = SURFACE_CURVE('',#1667,(#1671,#1678),.PCURVE_S1.);
#1667 = LINE('',#1668,#1669);
#1668 = CARTESIAN_POINT('',(11.,34.,7.));
#1669 = VECTOR('',#1670,1.);
#1670 = DIRECTION('',(0.,0.,1.));
#1671 = PCURVE('',#1011,#1672);
#1672 = DEFINITIONAL_REPRESENTATION('',(#1673),#1677);
#1673 = LINE('',#1674,#1675);
#1674 = CARTESIAN_POINT('',(0.,22.));
#1675 = VECTOR('',#1676,1.);
#1676 = DIRECTION('',(1.,0.));
#1677 = ( GEOMETRIC_REPRESENTATION_CONTEXT(2) 
PARAMETRIC_REPRESENTATION_CONTEXT() REPRESENTATION_CONTEXT('2D SPACE',''
  ) );
#1678 = PCURVE('',#985,#1679);
#1679 = DEFINITIONAL_REPRESENTATION('',(#1680),#1684);
#1680 = LINE('',#1681,#1682);
#1681 = CARTESIAN_POINT('',(0.,-45.));
#1682 = VECTOR('',#1683,1.);
#1683 = DIRECTION('',(1.,0.));
#1684 = ( GEOMETRIC_REPRESENTATION_CONTEXT(2) 
PARAMETRIC_REPRESENTATION_CONTEXT() REPRESENTATION_CONTEXT('2D SPACE',''
  ) );
#1685 = FACE_BOUND('',#1686,.T.);
#1686 = EDGE_LOOP('',(#1687));
#1687 = ORIENTED_EDGE('',*,*,#1688,.T.);
#1688 = EDGE_CURVE('',#1689,#1689,#1691,.T.);
#1689 = VERTEX_POINT('',#1690);
#1690 = CARTESIAN_POINT('',(8.1,34.,17.));
#1691 = SURFACE_CURVE('',#1692,(#1697,#1708),.PCURVE_S1.);
#1692 = CIRCLE('',#1693,8.1);
#1693 = AXIS2_PLACEMENT_3D('',#1694,#1695,#1696);
#1694 = CARTESIAN_POINT('',(0.,34.,17.));
#1695 = DIRECTION('',(0.,-1.,0.));
#1696 = DIRECTION('',(1.,0.,0.));
#1697 = PCURVE('',#1011,#1698);
#1698 = DEFINITIONAL_REPRESENTATION('',(#1699),#1707);
#1699 = ( BOUNDED_CURVE() B_SPLINE_CURVE(2,(#1700,#1701,#1702,#1703,
#1704,#1705,#1706),.UNSPECIFIED.,.T.,.F.) B_SPLINE_CURVE_WITH_KNOTS((1,2
    ,2,2,2,1),(-2.094395102393,0.,2.094395102393,4.188790204786,
6.28318530718,8.377580409573),.UNSPECIFIED.) CURVE() 
GEOMETRIC_REPRESENTATION_ITEM() RATIONAL_B_SPLINE_CURVE((1.,0.5,1.,0.5,
1.,0.5,1.)) REPRESENTATION_ITEM('') );
#1700 = CARTESIAN_POINT('',(10.,19.1));
#1701 = CARTESIAN_POINT('',(24.029611541308,19.1));
#1702 = CARTESIAN_POINT('',(17.014805770654,6.95));
#1703 = CARTESIAN_POINT('',(10.,-5.2));
#1704 = CARTESIAN_POINT('',(2.985194229346,6.95));
#1705 = CARTESIAN_POINT('',(-4.029611541308,19.1));
#1706 = CARTESIAN_POINT('',(10.,19.1));
#1707 = ( GEOMETRIC_REPRESENTATION_CONTEXT(2) 
PARAMETRIC_REPRESENTATION_CONTEXT() REPRESENTATION_CONTEXT('2D SPACE',''
  ) );
#1708 = PCURVE('',#1709,#1714);
#1709 = CYLINDRICAL_SURFACE('',#1710,8.1);
#1710 = AXIS2_PLACEMENT_3D('',#1711,#1712,#1713);
#1711 = CARTESIAN_POINT('',(0.,9.,17.));
#1712 = DIRECTION('',(0.,-1.,0.));
#1713 = DIRECTION('',(1.,0.,0.));
#1714 = DEFINITIONAL_REPRESENTATION('',(#1715),#1719);
#1715 = LINE('',#1716,#1717);
#1716 = CARTESIAN_POINT('',(0.,-25.));
#1717 = VECTOR('',#1718,1.);
#1718 = DIRECTION('',(1.,0.));
#1719 = ( GEOMETRIC_REPRESENTATION_CONTEXT(2) 
PARAMETRIC_REPRESENTATION_CONTEXT() REPRESENTATION_CONTEXT('2D SPACE',''
  ) );
#1720 = ADVANCED_FACE('',(#1721),#957,.F.);
#1721 = FACE_BOUND('',#1722,.F.);
#1722 = EDGE_LOOP('',(#1723,#1746,#1747,#1748));
#1723 = ORIENTED_EDGE('',*,*,#1724,.F.);
#1724 = EDGE_CURVE('',#1474,#1725,#1727,.T.);
#1725 = VERTEX_POINT('',#1726);
#1726 = CARTESIAN_POINT('',(11.,-11.,7.));
#1727 = SURFACE_CURVE('',#1728,(#1732,#1739),.PCURVE_S1.);
#1728 = LINE('',#1729,#1730);
#1729 = CARTESIAN_POINT('',(-11.,-11.,7.));
#1730 = VECTOR('',#1731,1.);
#1731 = DIRECTION('',(1.,0.,0.));
#1732 = PCURVE('',#957,#1733);
#1733 = DEFINITIONAL_REPRESENTATION('',(#1734),#1738);
#1734 = LINE('',#1735,#1736);
#1735 = CARTESIAN_POINT('',(0.,0.));
#1736 = VECTOR('',#1737,1.);
#1737 = DIRECTION('',(0.,1.));
#1738 = ( GEOMETRIC_REPRESENTATION_CONTEXT(2) 
PARAMETRIC_REPRESENTATION_CONTEXT() REPRESENTATION_CONTEXT('2D SPACE',''
  ) );
#1739 = PCURVE('',#1512,#1740);
#1740 = DEFINITIONAL_REPRESENTATION('',(#1741),#1745);
#1741 = LINE('',#1742,#1743);
#1742 = CARTESIAN_POINT('',(0.,0.));
#1743 = VECTOR('',#1744,1.);
#1744 = DIRECTION('',(1.,0.));
#1745 = ( GEOMETRIC_REPRESENTATION_CONTEXT(2) 
PARAMETRIC_REPRESENTATION_CONTEXT() REPRESENTATION_CONTEXT('2D SPACE',''
  ) );
#1746 = ORIENTED_EDGE('',*,*,#1473,.T.);
#1747 = ORIENTED_EDGE('',*,*,#941,.T.);
#1748 = ORIENTED_EDGE('',*,*,#1749,.F.);
#1749 = EDGE_CURVE('',#1725,#942,#1750,.T.);
#1750 = SURFACE_CURVE('',#1751,(#1755,#1762),.PCURVE_S1.);
#1751 = LINE('',#1752,#1753);
#1752 = CARTESIAN_POINT('',(11.,-11.,7.));
#1753 = VECTOR('',#1754,1.);
#1754 = DIRECTION('',(0.,0.,1.));
#1755 = PCURVE('',#957,#1756);
#1756 = DEFINITIONAL_REPRESENTATION('',(#1757),#1761);
#1757 = LINE('',#1758,#1759);
#1758 = CARTESIAN_POINT('',(0.,22.));
#1759 = VECTOR('',#1760,1.);
#1760 = DIRECTION('',(1.,0.));
#1761 = ( GEOMETRIC_REPRESENTATION_CONTEXT(2) 
PARAMETRIC_REPRESENTATION_CONTEXT() REPRESENTATION_CONTEXT('2D SPACE',''
  ) );
#1762 = PCURVE('',#985,#1763);
#1763 = DEFINITIONAL_REPRESENTATION('',(#1764),#1768);
#1764 = LINE('',#1765,#1766);
#1765 = CARTESIAN_POINT('',(0.,0.));
#1766 = VECTOR('',#1767,1.);
#1767 = DIRECTION('',(1.,0.));
#1768 = ( GEOMETRIC_REPRESENTATION_CONTEXT(2) 
PARAMETRIC_REPRESENTATION_CONTEXT() REPRESENTATION_CONTEXT('2D SPACE',''
  ) );
#1769 = ADVANCED_FACE('',(#1770,#1842),#985,.T.);
#1770 = FACE_BOUND('',#1771,.T.);
#1771 = EDGE_LOOP('',(#1772,#1773,#1796,#1819,#1840,#1841));
#1772 = ORIENTED_EDGE('',*,*,#1749,.F.);
#1773 = ORIENTED_EDGE('',*,*,#1774,.T.);
#1774 = EDGE_CURVE('',#1725,#1775,#1777,.T.);
#1775 = VERTEX_POINT('',#1776);
#1776 = CARTESIAN_POINT('',(11.,20.426453436659,7.));
#1777 = SURFACE_CURVE('',#1778,(#1782,#1789),.PCURVE_S1.);
#1778 = LINE('',#1779,#1780);
#1779 = CARTESIAN_POINT('',(11.,-11.,7.));
#1780 = VECTOR('',#1781,1.);
#1781 = DIRECTION('',(0.,1.,0.));
#1782 = PCURVE('',#985,#1783);
#1783 = DEFINITIONAL_REPRESENTATION('',(#1784),#1788);
#1784 = LINE('',#1785,#1786);
#1785 = CARTESIAN_POINT('',(0.,0.));
#1786 = VECTOR('',#1787,1.);
#1787 = DIRECTION('',(0.,-1.));
#1788 = ( GEOMETRIC_REPRESENTATION_CONTEXT(2) 
PARAMETRIC_REPRESENTATION_CONTEXT() REPRESENTATION_CONTEXT('2D SPACE',''
  ) );
#1789 = PCURVE('',#1512,#1790);
#1790 = DEFINITIONAL_REPRESENTATION('',(#1791),#1795);
#1791 = LINE('',#1792,#1793);
#1792 = CARTESIAN_POINT('',(22.,0.));
#1793 = VECTOR('',#1794,1.);
#1794 = DIRECTION('',(0.,1.));
#1795 = ( GEOMETRIC_REPRESENTATION_CONTEXT(2) 
PARAMETRIC_REPRESENTATION_CONTEXT() REPRESENTATION_CONTEXT('2D SPACE',''
  ) );
#1796 = ORIENTED_EDGE('',*,*,#1797,.T.);
#1797 = EDGE_CURVE('',#1775,#1798,#1800,.T.);
#1798 = VERTEX_POINT('',#1799);
#1799 = CARTESIAN_POINT('',(11.000000000001,30.581857366745,7.));
#1800 = SURFACE_CURVE('',#1801,(#1805,#1812),.PCURVE_S1.);
#1801 = LINE('',#1802,#1803);
#1802 = CARTESIAN_POINT('',(11.,-11.,7.));
#1803 = VECTOR('',#1804,1.);
#1804 = DIRECTION('',(0.,1.,0.));
#1805 = PCURVE('',#985,#1806);
#1806 = DEFINITIONAL_REPRESENTATION('',(#1807),#1811);
#1807 = LINE('',#1808,#1809);
#1808 = CARTESIAN_POINT('',(0.,0.));
#1809 = VECTOR('',#1810,1.);
#1810 = DIRECTION('',(0.,-1.));
#1811 = ( GEOMETRIC_REPRESENTATION_CONTEXT(2) 
PARAMETRIC_REPRESENTATION_CONTEXT() REPRESENTATION_CONTEXT('2D SPACE',''
  ) );
#1812 = PCURVE('',#1540,#1813);
#1813 = DEFINITIONAL_REPRESENTATION('',(#1814),#1818);
#1814 = LINE('',#1815,#1816);
#1815 = CARTESIAN_POINT('',(11.,-11.));
#1816 = VECTOR('',#1817,1.);
#1817 = DIRECTION('',(0.,1.));
#1818 = ( GEOMETRIC_REPRESENTATION_CONTEXT(2) 
PARAMETRIC_REPRESENTATION_CONTEXT() REPRESENTATION_CONTEXT('2D SPACE',''
  ) );
#1819 = ORIENTED_EDGE('',*,*,#1820,.T.);
#1820 = EDGE_CURVE('',#1798,#1641,#1821,.T.);
#1821 = SURFACE_CURVE('',#1822,(#1826,#1833),.PCURVE_S1.);
#1822 = LINE('',#1823,#1824);
#1823 = CARTESIAN_POINT('',(11.,-11.,7.));
#1824 = VECTOR('',#1825,1.);
#1825 = DIRECTION('',(0.,1.,0.));
#1826 = PCURVE('',#985,#1827);
#1827 = DEFINITIONAL_REPRESENTATION('',(#1828),#1832);
#1828 = LINE('',#1829,#1830);
#1829 = CARTESIAN_POINT('',(0.,0.));
#1830 = VECTOR('',#1831,1.);
#1831 = DIRECTION('',(0.,-1.));
#1832 = ( GEOMETRIC_REPRESENTATION_CONTEXT(2) 
PARAMETRIC_REPRESENTATION_CONTEXT() REPRESENTATION_CONTEXT('2D SPACE',''
  ) );
#1833 = PCURVE('',#1568,#1834);
#1834 = DEFINITIONAL_REPRESENTATION('',(#1835),#1839);
#1835 = LINE('',#1836,#1837);
#1836 = CARTESIAN_POINT('',(22.,0.));
#1837 = VECTOR('',#1838,1.);
#1838 = DIRECTION('',(0.,1.));
#1839 = ( GEOMETRIC_REPRESENTATION_CONTEXT(2) 
PARAMETRIC_REPRESENTATION_CONTEXT() REPRESENTATION_CONTEXT('2D SPACE',''
  ) );
#1840 = ORIENTED_EDGE('',*,*,#1665,.T.);
#1841 = ORIENTED_EDGE('',*,*,#969,.F.);
#1842 = FACE_BOUND('',#1843,.T.);
#1843 = EDGE_LOOP('',(#1844));
#1844 = ORIENTED_EDGE('',*,*,#1845,.T.);
#1845 = EDGE_CURVE('',#1846,#1846,#1848,.T.);
#1846 = VERTEX_POINT('',#1847);
#1847 = CARTESIAN_POINT('',(11.,25.7,17.));
#1848 = SURFACE_CURVE('',#1849,(#1854,#1865),.PCURVE_S1.);
#1849 = CIRCLE('',#1850,1.7);
#1850 = AXIS2_PLACEMENT_3D('',#1851,#1852,#1853);
#1851 = CARTESIAN_POINT('',(11.,24.,17.));
#1852 = DIRECTION('',(-1.,0.,0.));
#1853 = DIRECTION('',(0.,1.,0.));
#1854 = PCURVE('',#985,#1855);
#1855 = DEFINITIONAL_REPRESENTATION('',(#1856),#1864);
#1856 = ( BOUNDED_CURVE() B_SPLINE_CURVE(2,(#1857,#1858,#1859,#1860,
#1861,#1862,#1863),.UNSPECIFIED.,.T.,.F.) B_SPLINE_CURVE_WITH_KNOTS((1,2
    ,2,2,2,1),(-2.094395102393,0.,2.094395102393,4.188790204786,
6.28318530718,8.377580409573),.UNSPECIFIED.) CURVE() 
GEOMETRIC_REPRESENTATION_ITEM() RATIONAL_B_SPLINE_CURVE((1.,0.5,1.,0.5,
1.,0.5,1.)) REPRESENTATION_ITEM('') );
#1857 = CARTESIAN_POINT('',(10.,-36.7));
#1858 = CARTESIAN_POINT('',(7.055513627133,-36.7));
#1859 = CARTESIAN_POINT('',(8.527756813566,-34.15));
#1860 = CARTESIAN_POINT('',(10.,-31.6));
#1861 = CARTESIAN_POINT('',(11.472243186434,-34.15));
#1862 = CARTESIAN_POINT('',(12.944486372867,-36.7));
#1863 = CARTESIAN_POINT('',(10.,-36.7));
#1864 = ( GEOMETRIC_REPRESENTATION_CONTEXT(2) 
PARAMETRIC_REPRESENTATION_CONTEXT() REPRESENTATION_CONTEXT('2D SPACE',''
  ) );
#1865 = PCURVE('',#1866,#1871);
#1866 = CYLINDRICAL_SURFACE('',#1867,1.7);
#1867 = AXIS2_PLACEMENT_3D('',#1868,#1869,#1870);
#1868 = CARTESIAN_POINT('',(-15.,24.,17.));
#1869 = DIRECTION('',(-1.,-0.,-0.));
#1870 = DIRECTION('',(0.,1.,0.));
#1871 = DEFINITIONAL_REPRESENTATION('',(#1872),#1876);
#1872 = LINE('',#1873,#1874);
#1873 = CARTESIAN_POINT('',(-6.28318530718,-26.));
#1874 = VECTOR('',#1875,1.);
#1875 = DIRECTION('',(1.,-0.));
#1876 = ( GEOMETRIC_REPRESENTATION_CONTEXT(2) 
PARAMETRIC_REPRESENTATION_CONTEXT() REPRESENTATION_CONTEXT('2D SPACE',''
  ) );
#1877 = ADVANCED_FACE('',(#1878,#1971,#2119),#1050,.F.);
#1878 = FACE_BOUND('',#1879,.T.);
#1879 = EDGE_LOOP('',(#1880,#1904,#1926,#1948,#1969,#1970));
#1880 = ORIENTED_EDGE('',*,*,#1881,.T.);
#1881 = EDGE_CURVE('',#1882,#1775,#1884,.T.);
#1882 = VERTEX_POINT('',#1883);
#1883 = CARTESIAN_POINT('',(23.2,0.,7.));
#1884 = SURFACE_CURVE('',#1885,(#1890,#1897),.PCURVE_S1.);
#1885 = CIRCLE('',#1886,23.2);
#1886 = AXIS2_PLACEMENT_3D('',#1887,#1888,#1889);
#1887 = CARTESIAN_POINT('',(0.,0.,7.));
#1888 = DIRECTION('',(0.,0.,1.));
#1889 = DIRECTION('',(1.,0.,-0.));
#1890 = PCURVE('',#1050,#1891);
#1891 = DEFINITIONAL_REPRESENTATION('',(#1892),#1896);
#1892 = LINE('',#1893,#1894);
#1893 = CARTESIAN_POINT('',(-0.,0.));
#1894 = VECTOR('',#1895,1.);
#1895 = DIRECTION('',(-1.,0.));
#1896 = ( GEOMETRIC_REPRESENTATION_CONTEXT(2) 
PARAMETRIC_REPRESENTATION_CONTEXT() REPRESENTATION_CONTEXT('2D SPACE',''
  ) );
#1897 = PCURVE('',#1540,#1898);
#1898 = DEFINITIONAL_REPRESENTATION('',(#1899),#1903);
#1899 = CIRCLE('',#1900,23.2);
#1900 = AXIS2_PLACEMENT_2D('',#1901,#1902);
#1901 = CARTESIAN_POINT('',(0.,0.));
#1902 = DIRECTION('',(1.,0.));
#1903 = ( GEOMETRIC_REPRESENTATION_CONTEXT(2) 
PARAMETRIC_REPRESENTATION_CONTEXT() REPRESENTATION_CONTEXT('2D SPACE',''
  ) );
#1904 = ORIENTED_EDGE('',*,*,#1905,.T.);
#1905 = EDGE_CURVE('',#1775,#1497,#1906,.T.);
#1906 = SURFACE_CURVE('',#1907,(#1912,#1919),.PCURVE_S1.);
#1907 = CIRCLE('',#1908,23.2);
#1908 = AXIS2_PLACEMENT_3D('',#1909,#1910,#1911);
#1909 = CARTESIAN_POINT('',(0.,0.,7.));
#1910 = DIRECTION('',(0.,0.,1.));
#1911 = DIRECTION('',(1.,0.,-0.));
#1912 = PCURVE('',#1050,#1913);
#1913 = DEFINITIONAL_REPRESENTATION('',(#1914),#1918);
#1914 = LINE('',#1915,#1916);
#1915 = CARTESIAN_POINT('',(-0.,0.));
#1916 = VECTOR('',#1917,1.);
#1917 = DIRECTION('',(-1.,0.));
#1918 = ( GEOMETRIC_REPRESENTATION_CONTEXT(2) 
PARAMETRIC_REPRESENTATION_CONTEXT() REPRESENTATION_CONTEXT('2D SPACE',''
  ) );
#1919 = PCURVE('',#1512,#1920);
#1920 = DEFINITIONAL_REPRESENTATION('',(#1921),#1925);
#1921 = CIRCLE('',#1922,23.2);
#1922 = AXIS2_PLACEMENT_2D('',#1923,#1924);
#1923 = CARTESIAN_POINT('',(11.,11.));
#1924 = DIRECTION('',(1.,0.));
#1925 = ( GEOMETRIC_REPRESENTATION_CONTEXT(2) 
PARAMETRIC_REPRESENTATION_CONTEXT() REPRESENTATION_CONTEXT('2D SPACE',''
  ) );
#1926 = ORIENTED_EDGE('',*,*,#1927,.T.);
#1927 = EDGE_CURVE('',#1497,#1882,#1928,.T.);
#1928 = SURFACE_CURVE('',#1929,(#1934,#1941),.PCURVE_S1.);
#1929 = CIRCLE('',#1930,23.2);
#1930 = AXIS2_PLACEMENT_3D('',#1931,#1932,#1933);
#1931 = CARTESIAN_POINT('',(0.,0.,7.));
#1932 = DIRECTION('',(0.,0.,1.));
#1933 = DIRECTION('',(1.,0.,-0.));
#1934 = PCURVE('',#1050,#1935);
#1935 = DEFINITIONAL_REPRESENTATION('',(#1936),#1940);
#1936 = LINE('',#1937,#1938);
#1937 = CARTESIAN_POINT('',(-0.,0.));
#1938 = VECTOR('',#1939,1.);
#1939 = DIRECTION('',(-1.,0.));
#1940 = ( GEOMETRIC_REPRESENTATION_CONTEXT(2) 
PARAMETRIC_REPRESENTATION_CONTEXT() REPRESENTATION_CONTEXT('2D SPACE',''
  ) );
#1941 = PCURVE('',#1540,#1942);
#1942 = DEFINITIONAL_REPRESENTATION('',(#1943),#1947);
#1943 = CIRCLE('',#1944,23.2);
#1944 = AXIS2_PLACEMENT_2D('',#1945,#1946);
#1945 = CARTESIAN_POINT('',(0.,0.));
#1946 = DIRECTION('',(1.,0.));
#1947 = ( GEOMETRIC_REPRESENTATION_CONTEXT(2) 
PARAMETRIC_REPRESENTATION_CONTEXT() REPRESENTATION_CONTEXT('2D SPACE',''
  ) );
#1948 = ORIENTED_EDGE('',*,*,#1949,.T.);
#1949 = EDGE_CURVE('',#1882,#1030,#1950,.T.);
#1950 = SEAM_CURVE('',#1951,(#1955,#1962),.PCURVE_S1.);
#1951 = LINE('',#1952,#1953);
#1952 = CARTESIAN_POINT('',(23.2,0.,7.));
#1953 = VECTOR('',#1954,1.);
#1954 = DIRECTION('',(0.,0.,-1.));
#1955 = PCURVE('',#1050,#1956);
#1956 = DEFINITIONAL_REPRESENTATION('',(#1957),#1961);
#1957 = LINE('',#1958,#1959);
#1958 = CARTESIAN_POINT('',(-0.,0.));
#1959 = VECTOR('',#1960,1.);
#1960 = DIRECTION('',(-0.,1.));
#1961 = ( GEOMETRIC_REPRESENTATION_CONTEXT(2) 
PARAMETRIC_REPRESENTATION_CONTEXT() REPRESENTATION_CONTEXT('2D SPACE',''
  ) );
#1962 = PCURVE('',#1050,#1963);
#1963 = DEFINITIONAL_REPRESENTATION('',(#1964),#1968);
#1964 = LINE('',#1965,#1966);
#1965 = CARTESIAN_POINT('',(-6.28318530718,0.));
#1966 = VECTOR('',#1967,1.);
#1967 = DIRECTION('',(-0.,1.));
#1968 = ( GEOMETRIC_REPRESENTATION_CONTEXT(2) 
PARAMETRIC_REPRESENTATION_CONTEXT() REPRESENTATION_CONTEXT('2D SPACE',''
  ) );
#1969 = ORIENTED_EDGE('',*,*,#1029,.T.);
#1970 = ORIENTED_EDGE('',*,*,#1949,.F.);
#1971 = FACE_BOUND('',#1972,.T.);
#1972 = EDGE_LOOP('',(#1973));
#1973 = ORIENTED_EDGE('',*,*,#1974,.T.);
#1974 = EDGE_CURVE('',#1975,#1975,#1977,.T.);
#1975 = VERTEX_POINT('',#1976);
#1976 = CARTESIAN_POINT('',(2.036172201852,23.110473875808,0.));
#1977 = SURFACE_CURVE('',#1978,(#2023,#2071),.PCURVE_S1.);
#1978 = B_SPLINE_CURVE_WITH_KNOTS('',7,(#1979,#1980,#1981,#1982,#1983,
    #1984,#1985,#1986,#1987,#1988,#1989,#1990,#1991,#1992,#1993,#1994,
    #1995,#1996,#1997,#1998,#1999,#2000,#2001,#2002,#2003,#2004,#2005,
    #2006,#2007,#2008,#2009,#2010,#2011,#2012,#2013,#2014,#2015,#2016,
    #2017,#2018,#2019,#2020,#2021,#2022),.UNSPECIFIED.,.T.,.F.,(8,6,6,6,
    6,6,6,8),(0.,0.150961119411,0.287164240448,0.424576678741,
    0.587447318516,0.713946416459,0.840028903773,1.),.UNSPECIFIED.);
#1979 = CARTESIAN_POINT('',(2.036172201852,23.110473875808,0.));
#1980 = CARTESIAN_POINT('',(2.036172201852,23.110473875808,
    0.144319881847));
#1981 = CARTESIAN_POINT('',(2.056370348392,23.108694255128,
    0.288735592751));
#1982 = CARTESIAN_POINT('',(2.096817896606,23.105130799828,
    0.431136167667));
#1983 = CARTESIAN_POINT('',(2.157911965285,23.099635406027,
    0.569201343549));
#1984 = CARTESIAN_POINT('',(2.240174339101,23.091938728424,
    0.700105417778));
#1985 = CARTESIAN_POINT('',(2.344080645132,23.081620838699,
    0.820244163519));
#1986 = CARTESIAN_POINT('',(2.58284056056,23.056060070956,1.018784211834
    ));
#1987 = CARTESIAN_POINT('',(2.716457416784,23.041099224721,
    1.102431596726));
#1988 = CARTESIAN_POINT('',(2.867641560581,23.023177165979,
    1.167127182431));
#1989 = CARTESIAN_POINT('',(3.030955852097,23.002422745054,
    1.207072978352));
#1990 = CARTESIAN_POINT('',(3.199519837764,22.979362686057,
    1.219212192169));
#1991 = CARTESIAN_POINT('',(3.366049871528,22.95507066333,1.203346027203
    ));
#1992 = CARTESIAN_POINT('',(3.683497956144,22.906284282206,
    1.120889119113));
#1993 = CARTESIAN_POINT('',(3.829877049139,22.882464603991,
    1.054988726923));
#1994 = CARTESIAN_POINT('',(3.960317601316,22.860154877711,
    0.969281251412));
#1995 = CARTESIAN_POINT('',(4.073137835086,22.840097132376,
    0.868045364279));
#1996 = CARTESIAN_POINT('',(4.167435788888,22.822857513929,
    0.755350635963));
#1997 = CARTESIAN_POINT('',(4.243032196076,22.808772397018,
    0.635085559206));
#1998 = CARTESIAN_POINT('',(4.368622333879,22.785081614927,
    0.363783575779));
#1999 = CARTESIAN_POINT('',(4.413198018667,22.776427147218,
    0.207026015097));
#2000 = CARTESIAN_POINT('',(4.433217756974,22.772464247617,
    4.492143587718E-02));
#2001 = CARTESIAN_POINT('',(4.428388727951,22.77341882992,
    -0.118434948437));
#2002 = CARTESIAN_POINT('',(4.39884951639,22.77923295945,-0.279211440626
    ));
#2003 = CARTESIAN_POINT('',(4.344912967769,22.789647680957,
    -0.433758891286));
#2004 = CARTESIAN_POINT('',(4.206187227795,22.815604211013,
    -0.690215332034));
#2005 = CARTESIAN_POINT('',(4.129896157349,22.829684038849,
    -0.798171000283));
#2006 = CARTESIAN_POINT('',(4.037623051456,22.846379061266,
    -0.89882175718));
#2007 = CARTESIAN_POINT('',(3.92967116358,22.865376284209,
    -0.988924209218));
#2008 = CARTESIAN_POINT('',(3.806938174587,22.886190207909,
    -1.065165090337));
#2009 = CARTESIAN_POINT('',(3.670942794422,22.908213797407,
    -1.124150313199));
#2010 = CARTESIAN_POINT('',(3.377685687655,22.953282435938,
    -1.200323632464));
#2011 = CARTESIAN_POINT('',(3.223566444695,22.975851711671,
    -1.216851212748));
#2012 = CARTESIAN_POINT('',(3.067037096806,22.997469196137,
    -1.209341105073));
#2013 = CARTESIAN_POINT('',(2.914110413326,23.017225332652,
    -1.17767542602));
#2014 = CARTESIAN_POINT('',(2.770573335166,23.034610423739,
    -1.124050392238));
#2015 = CARTESIAN_POINT('',(2.641195224382,23.049443855451,
    -1.052898643713));
#2016 = CARTESIAN_POINT('',(2.386298054644,23.077394689855,
    -0.86668104779));
#2017 = CARTESIAN_POINT('',(2.26804669903,23.089321172038,
    -0.742675393008));
#2018 = CARTESIAN_POINT('',(2.174446249928,23.098146175534,
    -0.605276031303));
#2019 = CARTESIAN_POINT('',(2.104999836268,23.104410075943,
    -0.459060814992));
#2020 = CARTESIAN_POINT('',(2.05908258567,23.10845525364,-0.307581561181
    ));
#2021 = CARTESIAN_POINT('',(2.036172201852,23.110473875808,
    -0.153705022632));
#2022 = CARTESIAN_POINT('',(2.036172201852,23.110473875808,
    -2.22044604925E-16));
#2023 = PCURVE('',#1050,#2024);
#2024 = DEFINITIONAL_REPRESENTATION('',(#2025),#2070);
#2025 = B_SPLINE_CURVE_WITH_KNOTS('',7,(#2026,#2027,#2028,#2029,#2030,
    #2031,#2032,#2033,#2034,#2035,#2036,#2037,#2038,#2039,#2040,#2041,
    #2042,#2043,#2044,#2045,#2046,#2047,#2048,#2049,#2050,#2051,#2052,
    #2053,#2054,#2055,#2056,#2057,#2058,#2059,#2060,#2061,#2062,#2063,
    #2064,#2065,#2066,#2067,#2068,#2069),.UNSPECIFIED.,.T.,.F.,(8,6,6,6,
    6,6,6,8),(0.,0.150961119411,0.287164240448,0.424576678741,
    0.587447318516,0.713946416459,0.840028903773,1.),.UNSPECIFIED.);
#2026 = CARTESIAN_POINT('',(-1.482917216054,7.));
#2027 = CARTESIAN_POINT('',(-1.482917216054,6.855680118153));
#2028 = CARTESIAN_POINT('',(-1.482043233402,6.711264407249));
#2029 = CARTESIAN_POINT('',(-1.480293052299,6.568863832333));
#2030 = CARTESIAN_POINT('',(-1.477649058566,6.430798656451));
#2031 = CARTESIAN_POINT('',(-1.474087834195,6.299894582222));
#2032 = CARTESIAN_POINT('',(-1.469587219834,6.179755836481));
#2033 = CARTESIAN_POINT('',(-1.459237037127,5.981215788166));
#2034 = CARTESIAN_POINT('',(-1.453441770648,5.897568403274));
#2035 = CARTESIAN_POINT('',(-1.44687980111,5.832872817569));
#2036 = CARTESIAN_POINT('',(-1.439784304209,5.792927021648));
#2037 = CARTESIAN_POINT('',(-1.432451420556,5.780787807831));
#2038 = CARTESIAN_POINT('',(-1.425197644329,5.796653972797));
#2039 = CARTESIAN_POINT('',(-1.411353893203,5.879110880887));
#2040 = CARTESIAN_POINT('',(-1.404961708169,5.945011273077));
#2041 = CARTESIAN_POINT('',(-1.399257892707,6.030718748588));
#2042 = CARTESIAN_POINT('',(-1.39431881113,6.131954635721));
#2043 = CARTESIAN_POINT('',(-1.390186917512,6.244649364037));
#2044 = CARTESIAN_POINT('',(-1.386872383163,6.364914440794));
#2045 = CARTESIAN_POINT('',(-1.381363543947,6.636216424221));
#2046 = CARTESIAN_POINT('',(-1.37940632817,6.792973984903));
#2047 = CARTESIAN_POINT('',(-1.37852665483,6.955078564123));
#2048 = CARTESIAN_POINT('',(-1.3787388319,7.118434948437));
#2049 = CARTESIAN_POINT('',(-1.38003651227,7.279211440626));
#2050 = CARTESIAN_POINT('',(-1.382404267715,7.433758891286));
#2051 = CARTESIAN_POINT('',(-1.388487594116,7.690215332034));
#2052 = CARTESIAN_POINT('',(-1.391831525313,7.798171000283));
#2053 = CARTESIAN_POINT('',(-1.395873347916,7.89882175718));
#2054 = CARTESIAN_POINT('',(-1.400597838364,7.988924209218));
#2055 = CARTESIAN_POINT('',(-1.405963372139,8.065165090337));
#2056 = CARTESIAN_POINT('',(-1.411901417484,8.124150313199));
#2057 = CARTESIAN_POINT('',(-1.424690212247,8.200323632464));
#2058 = CARTESIAN_POINT('',(-1.431403967639,8.216851212748));
#2059 = CARTESIAN_POINT('',(-1.438214586962,8.209341105073));
#2060 = CARTESIAN_POINT('',(-1.44486060353,8.17767542602));
#2061 = CARTESIAN_POINT('',(-1.451092559103,8.124050392238));
#2062 = CARTESIAN_POINT('',(-1.456705665152,8.052898643713));
#2063 = CARTESIAN_POINT('',(-1.467758469874,7.86668104779));
#2064 = CARTESIAN_POINT('',(-1.472881175044,7.742675393008));
#2065 = CARTESIAN_POINT('',(-1.476933488823,7.605276031303));
#2066 = CARTESIAN_POINT('',(-1.479939017605,7.459060814992));
#2067 = CARTESIAN_POINT('',(-1.481925873424,7.307581561181));
#2068 = CARTESIAN_POINT('',(-1.482917216054,7.153705022632));
#2069 = CARTESIAN_POINT('',(-1.482917216054,7.));
#2070 = ( GEOMETRIC_REPRESENTATION_CONTEXT(2) 
PARAMETRIC_REPRESENTATION_CONTEXT() REPRESENTATION_CONTEXT('2D SPACE',''
  ) );
#2071 = PCURVE('',#1417,#2072);
#2072 = DEFINITIONAL_REPRESENTATION('',(#2073),#2118);
#2073 = B_SPLINE_CURVE_WITH_KNOTS('',7,(#2074,#2075,#2076,#2077,#2078,
    #2079,#2080,#2081,#2082,#2083,#2084,#2085,#2086,#2087,#2088,#2089,
    #2090,#2091,#2092,#2093,#2094,#2095,#2096,#2097,#2098,#2099,#2100,
    #2101,#2102,#2103,#2104,#2105,#2106,#2107,#2108,#2109,#2110,#2111,
    #2112,#2113,#2114,#2115,#2116,#2117),.UNSPECIFIED.,.F.,.F.,(8,6,6,6,
    6,6,6,8),(0.,0.150961119411,0.287164240448,0.424576678741,
    0.587447318516,0.713946416459,0.840028903773,1.),.UNSPECIFIED.);
#2074 = CARTESIAN_POINT('',(0.,-4.968944732119));
#2075 = CARTESIAN_POINT('',(-0.120266568206,-4.968944732119));
#2076 = CARTESIAN_POINT('',(-0.240612547264,-4.969993469273));
#2077 = CARTESIAN_POINT('',(-0.362122992107,-4.972093903986));
#2078 = CARTESIAN_POINT('',(-0.485714086463,-4.975154641968));
#2079 = CARTESIAN_POINT('',(-0.612389103219,-4.978981577559));
#2080 = CARTESIAN_POINT('',(-0.743196042715,-4.983225063647));
#2081 = CARTESIAN_POINT('',(-1.002756465485,-4.991142009354));
#2082 = CARTESIAN_POINT('',(-1.133486093906,-4.994922633267));
#2083 = CARTESIAN_POINT('',(-1.268626401013,-4.998215756877));
#2084 = CARTESIAN_POINT('',(-1.406398217879,-5.000392272931));
#2085 = CARTESIAN_POINT('',(-1.545458889458,-5.001016205438));
#2086 = CARTESIAN_POINT('',(-1.684582179736,-5.000137092209));
#2087 = CARTESIAN_POINT('',(-1.96088649938,-4.996005731122));
#2088 = CARTESIAN_POINT('',(-2.094220512387,-4.992789896666));
#2089 = CARTESIAN_POINT('',(-2.223110625662,-4.988851103246));
#2090 = CARTESIAN_POINT('',(-2.348087040854,-4.984690100294));
#2091 = CARTESIAN_POINT('',(-2.469489405433,-4.980741995274));
#2092 = CARTESIAN_POINT('',(-2.587428854016,-4.977314940163));
#2093 = CARTESIAN_POINT('',(-2.837294268156,-4.971333484062));
#2094 = CARTESIAN_POINT('',(-2.971582147009,-4.968966977318));
#2095 = CARTESIAN_POINT('',(-3.105110537253,-4.967828853443));
#2096 = CARTESIAN_POINT('',(-3.238398370406,-4.968102074874));
#2097 = CARTESIAN_POINT('',(-3.372096346139,-4.969748558021));
#2098 = CARTESIAN_POINT('',(-3.506980543993,-4.972555407448));
#2099 = CARTESIAN_POINT('',(-3.750860575368,-4.978952438923));
#2100 = CARTESIAN_POINT('',(-3.860812096393,-4.982277577993));
#2101 = CARTESIAN_POINT('',(-3.97390970408,-4.985968191317));
#2102 = CARTESIAN_POINT('',(-4.090178413111,-4.989756535601));
#2103 = CARTESIAN_POINT('',(-4.209827505817,-4.993286768959));
#2104 = CARTESIAN_POINT('',(-4.333226721956,-4.996169127624));
#2105 = CARTESIAN_POINT('',(-4.588475404473,-4.999985660336));
#2106 = CARTESIAN_POINT('',(-4.717622618279,-5.000886040468));
#2107 = CARTESIAN_POINT('',(-4.846988537199,-5.000508470325));
#2108 = CARTESIAN_POINT('',(-4.975424401862,-4.998789060717));
#2109 = CARTESIAN_POINT('',(-5.101721797515,-4.996028461023));
#2110 = CARTESIAN_POINT('',(-5.224340960929,-4.992711581923));
#2111 = CARTESIAN_POINT('',(-5.488351208431,-4.984915571189));
#2112 = CARTESIAN_POINT('',(-5.629158569946,-4.980268577814));
#2113 = CARTESIAN_POINT('',(-5.765028719606,-4.97598103223));
#2114 = CARTESIAN_POINT('',(-5.897199472578,-4.972518900052));
#2115 = CARTESIAN_POINT('',(-6.026868114762,-4.970134264203));
#2116 = CARTESIAN_POINT('',(-6.155097788319,-4.968944732119));
#2117 = CARTESIAN_POINT('',(-6.28318530718,-4.968944732119));
#2118 = ( GEOMETRIC_REPRESENTATION_CONTEXT(2) 
PARAMETRIC_REPRESENTATION_CONTEXT() REPRESENTATION_CONTEXT('2D SPACE',''
  ) );
#2119 = FACE_BOUND('',#2120,.T.);
#2120 = EDGE_LOOP('',(#2121));
#2121 = ORIENTED_EDGE('',*,*,#2122,.T.);
#2122 = EDGE_CURVE('',#2123,#2123,#2125,.T.);
#2123 = VERTEX_POINT('',#2124);
#2124 = CARTESIAN_POINT('',(-4.412815566831,22.776458433504,0.));
#2125 = SURFACE_CURVE('',#2126,(#2171,#2219),.PCURVE_S1.);
#2126 = B_SPLINE_CURVE_WITH_KNOTS('',7,(#2127,#2128,#2129,#2130,#2131,
    #2132,#2133,#2134,#2135,#2136,#2137,#2138,#2139,#2140,#2141,#2142,
    #2143,#2144,#2145,#2146,#2147,#2148,#2149,#2150,#2151,#2152,#2153,
    #2154,#2155,#2156,#2157,#2158,#2159,#2160,#2161,#2162,#2163,#2164,
    #2165,#2166,#2167,#2168,#2169,#2170),.UNSPECIFIED.,.T.,.F.,(8,6,6,6,
    6,6,6,8),(0.,0.15096111713,0.28716423611,0.424576672327,
    0.58744730964,0.713946408372,0.840028899251,1.),.UNSPECIFIED.);
#2127 = CARTESIAN_POINT('',(-4.412815566831,22.776458433504,0.));
#2128 = CARTESIAN_POINT('',(-4.412815566831,22.776458433504,
    0.144319881847));
#2129 = CARTESIAN_POINT('',(-4.392909332294,22.780315116015,
    0.288735592751));
#2130 = CARTESIAN_POINT('',(-4.353046432106,22.78803855817,
    0.431136167667));
#2131 = CARTESIAN_POINT('',(-4.292804308218,22.799595854152,
    0.569201343549));
#2132 = CARTESIAN_POINT('',(-4.21160714739,22.814871915988,
    0.700105417778));
#2133 = CARTESIAN_POINT('',(-4.108881999594,22.833594183259,
    0.820244163519));
#2134 = CARTESIAN_POINT('',(-3.872325735934,22.874834748072,
    1.018784211834));
#2135 = CARTESIAN_POINT('',(-3.739761202017,22.89728325659,
    1.102431596726));
#2136 = CARTESIAN_POINT('',(-3.58949368667,22.921727465647,
    1.167127182431));
#2137 = CARTESIAN_POINT('',(-3.42678522013,22.946792555271,
    1.207072978352));
#2138 = CARTESIAN_POINT('',(-3.258394903707,22.971088335146,
    1.219212192169));
#2139 = CARTESIAN_POINT('',(-3.091620172115,22.993639242352,
    1.203346027203));
#2140 = CARTESIAN_POINT('',(-2.773022138831,23.034243313547,
    1.120889119113));
#2141 = CARTESIAN_POINT('',(-2.62574793053,23.051693915409,
    1.054988726923));
#2142 = CARTESIAN_POINT('',(-2.494211030164,23.066202718983,
    0.969281251412));
#2143 = CARTESIAN_POINT('',(-2.380232597027,23.078019447605,
    0.868045364279));
#2144 = CARTESIAN_POINT('',(-2.284835703187,23.087439701385,
    0.755350635963));
#2145 = CARTESIAN_POINT('',(-2.208285388225,23.094737411802,
    0.635085559206));
#2146 = CARTESIAN_POINT('',(-2.081030334835,23.106581703931,
    0.36378357578));
#2147 = CARTESIAN_POINT('',(-2.035795941882,23.110549219513,
    0.207026015099));
#2148 = CARTESIAN_POINT('',(-2.015459411117,23.112258023652,
    4.492143587794E-02));
#2149 = CARTESIAN_POINT('',(-2.020364490288,23.111844566265,
    -0.118434948437));
#2150 = CARTESIAN_POINT('',(-2.05036199418,23.109291356109,
    -0.279211440628));
#2151 = CARTESIAN_POINT('',(-2.105079818679,23.104435701324,
    -0.433758891288));
#2152 = CARTESIAN_POINT('',(-2.245586149377,23.091148723152,
    -0.690215334427));
#2153 = CARTESIAN_POINT('',(-2.322802755754,23.083654453733,
    -0.798170993926));
#2154 = CARTESIAN_POINT('',(-2.4161031317,23.074268824415,
    -0.898821763572));
#2155 = CARTESIAN_POINT('',(-2.525109498652,23.062774553008,
    -0.98892420751));
#2156 = CARTESIAN_POINT('',(-2.648825099583,23.048952386055,
    -1.065165088978));
#2157 = CARTESIAN_POINT('',(-2.785622784597,23.032637410609,
    -1.12415031404));
#2158 = CARTESIAN_POINT('',(-3.079942205501,22.995127553447,
    -1.200323632464));
#2159 = CARTESIAN_POINT('',(-3.234312065851,22.974341513104,
    -1.216851212748));
#2160 = CARTESIAN_POINT('',(-3.390736318525,22.951976237325,
    -1.209341105073));
#2161 = CARTESIAN_POINT('',(-3.543184410871,22.928814747947,
    -1.17767542602));
#2162 = CARTESIAN_POINT('',(-3.685953086591,22.905962189404,
    -1.124050392238));
#2163 = CARTESIAN_POINT('',(-3.814407956676,22.884559558771,
    -1.052898643713));
#2164 = CARTESIAN_POINT('',(-4.067135136436,22.841168443381,
    -0.866681047789));
#2165 = CARTESIAN_POINT('',(-4.184093019093,22.820038422888,
    -0.742675393009));
#2166 = CARTESIAN_POINT('',(-4.276500046167,22.802721780421,
    -0.605276031303));
#2167 = CARTESIAN_POINT('',(-4.344982788483,22.78960100212,
    -0.459060814993));
#2168 = CARTESIAN_POINT('',(-4.390236284751,22.780832966951,
    -0.30758156118));
#2169 = CARTESIAN_POINT('',(-4.412815566831,22.776458433504,
    -0.153705022632));
#2170 = CARTESIAN_POINT('',(-4.412815566831,22.776458433504,
    -2.22044604925E-16));
#2171 = PCURVE('',#1050,#2172);
#2172 = DEFINITIONAL_REPRESENTATION('',(#2173),#2218);
#2173 = B_SPLINE_CURVE_WITH_KNOTS('',7,(#2174,#2175,#2176,#2177,#2178,
    #2179,#2180,#2181,#2182,#2183,#2184,#2185,#2186,#2187,#2188,#2189,
    #2190,#2191,#2192,#2193,#2194,#2195,#2196,#2197,#2198,#2199,#2200,
    #2201,#2202,#2203,#2204,#2205,#2206,#2207,#2208,#2209,#2210,#2211,
    #2212,#2213,#2214,#2215,#2216,#2217),.UNSPECIFIED.,.T.,.F.,(8,6,6,6,
    6,6,6,8),(0.,0.15096111713,0.28716423611,0.424576672327,
    0.58744730964,0.713946408372,0.840028899251,1.),.UNSPECIFIED.);
#2174 = CARTESIAN_POINT('',(-1.762169896373,7.));
#2175 = CARTESIAN_POINT('',(-1.762169896373,6.855680118153));
#2176 = CARTESIAN_POINT('',(-1.761295913721,6.711264407249));
#2177 = CARTESIAN_POINT('',(-1.759545732618,6.568863832333));
#2178 = CARTESIAN_POINT('',(-1.756901738885,6.430798656451));
#2179 = CARTESIAN_POINT('',(-1.753340514514,6.299894582222));
#2180 = CARTESIAN_POINT('',(-1.748839900153,6.179755836481));
#2181 = CARTESIAN_POINT('',(-1.738489717446,5.981215788166));
#2182 = CARTESIAN_POINT('',(-1.732694450967,5.897568403274));
#2183 = CARTESIAN_POINT('',(-1.726132481429,5.832872817569));
#2184 = CARTESIAN_POINT('',(-1.719036984528,5.792927021648));
#2185 = CARTESIAN_POINT('',(-1.711704100875,5.780787807831));
#2186 = CARTESIAN_POINT('',(-1.704450324648,5.796653972797));
#2187 = CARTESIAN_POINT('',(-1.690606573522,5.879110880887));
#2188 = CARTESIAN_POINT('',(-1.684214388488,5.945011273077));
#2189 = CARTESIAN_POINT('',(-1.678510573026,6.030718748588));
#2190 = CARTESIAN_POINT('',(-1.673571491449,6.131954635721));
#2191 = CARTESIAN_POINT('',(-1.669439597831,6.244649364037));
#2192 = CARTESIAN_POINT('',(-1.666125063482,6.364914440794));
#2193 = CARTESIAN_POINT('',(-1.660616224266,6.63621642422));
#2194 = CARTESIAN_POINT('',(-1.658659008489,6.792973984901));
#2195 = CARTESIAN_POINT('',(-1.657779335149,6.955078564122));
#2196 = CARTESIAN_POINT('',(-1.657991512219,7.118434948437));
#2197 = CARTESIAN_POINT('',(-1.659289192589,7.279211440628));
#2198 = CARTESIAN_POINT('',(-1.661656948034,7.433758891288));
#2199 = CARTESIAN_POINT('',(-1.667740274492,7.690215334427));
#2200 = CARTESIAN_POINT('',(-1.67108420552,7.798170993926));
#2201 = CARTESIAN_POINT('',(-1.675126028203,7.898821763572));
#2202 = CARTESIAN_POINT('',(-1.679850518992,7.98892420751));
#2203 = CARTESIAN_POINT('',(-1.68521605211,8.065165088978));
#2204 = CARTESIAN_POINT('',(-1.691154097944,8.12415031404));
#2205 = CARTESIAN_POINT('',(-1.703942892566,8.200323632464));
#2206 = CARTESIAN_POINT('',(-1.710656647958,8.216851212748));
#2207 = CARTESIAN_POINT('',(-1.717467267281,8.209341105073));
#2208 = CARTESIAN_POINT('',(-1.724113283849,8.17767542602));
#2209 = CARTESIAN_POINT('',(-1.730345239422,8.124050392239));
#2210 = CARTESIAN_POINT('',(-1.735958345472,8.052898643713));
#2211 = CARTESIAN_POINT('',(-1.747011150193,7.866681047789));
#2212 = CARTESIAN_POINT('',(-1.752133855363,7.742675393009));
#2213 = CARTESIAN_POINT('',(-1.756186169142,7.605276031303));
#2214 = CARTESIAN_POINT('',(-1.759191697924,7.459060814993));
#2215 = CARTESIAN_POINT('',(-1.761178553743,7.30758156118));
#2216 = CARTESIAN_POINT('',(-1.762169896373,7.153705022632));
#2217 = CARTESIAN_POINT('',(-1.762169896373,7.));
#2218 = ( GEOMETRIC_REPRESENTATION_CONTEXT(2) 
PARAMETRIC_REPRESENTATION_CONTEXT() REPRESENTATION_CONTEXT('2D SPACE',''
  ) );
#2219 = PCURVE('',#1264,#2220);
#2220 = DEFINITIONAL_REPRESENTATION('',(#2221),#2266);
#2221 = B_SPLINE_CURVE_WITH_KNOTS('',7,(#2222,#2223,#2224,#2225,#2226,
    #2227,#2228,#2229,#2230,#2231,#2232,#2233,#2234,#2235,#2236,#2237,
    #2238,#2239,#2240,#2241,#2242,#2243,#2244,#2245,#2246,#2247,#2248,
    #2249,#2250,#2251,#2252,#2253,#2254,#2255,#2256,#2257,#2258,#2259,
    #2260,#2261,#2262,#2263,#2264,#2265),.UNSPECIFIED.,.F.,.F.,(8,6,6,6,
    6,6,6,8),(0.,0.15096111713,0.28716423611,0.424576672327,
    0.58744730964,0.713946408372,0.840028899251,1.),.UNSPECIFIED.);
#2222 = CARTESIAN_POINT('',(0.,-4.968944732119));
#2223 = CARTESIAN_POINT('',(-0.120266568206,-4.968944732119));
#2224 = CARTESIAN_POINT('',(-0.240612547264,-4.969993469273));
#2225 = CARTESIAN_POINT('',(-0.362122992107,-4.972093903986));
#2226 = CARTESIAN_POINT('',(-0.485714086463,-4.975154641968));
#2227 = CARTESIAN_POINT('',(-0.612389103219,-4.978981577559));
#2228 = CARTESIAN_POINT('',(-0.743196042715,-4.983225063647));
#2229 = CARTESIAN_POINT('',(-1.002756465485,-4.991142009354));
#2230 = CARTESIAN_POINT('',(-1.133486093906,-4.994922633267));
#2231 = CARTESIAN_POINT('',(-1.268626401013,-4.998215756877));
#2232 = CARTESIAN_POINT('',(-1.40639821788,-5.000392272931));
#2233 = CARTESIAN_POINT('',(-1.545458889458,-5.001016205438));
#2234 = CARTESIAN_POINT('',(-1.684582179736,-5.000137092209));
#2235 = CARTESIAN_POINT('',(-1.96088649938,-4.996005731122));
#2236 = CARTESIAN_POINT('',(-2.094220512387,-4.992789896666));
#2237 = CARTESIAN_POINT('',(-2.223110625662,-4.988851103246));
#2238 = CARTESIAN_POINT('',(-2.348087040854,-4.984690100294));
#2239 = CARTESIAN_POINT('',(-2.469489405433,-4.980741995274));
#2240 = CARTESIAN_POINT('',(-2.587428854016,-4.977314940163));
#2241 = CARTESIAN_POINT('',(-2.837294268155,-4.971333484062));
#2242 = CARTESIAN_POINT('',(-2.971582147008,-4.968966977318));
#2243 = CARTESIAN_POINT('',(-3.105110537252,-4.967828853443));
#2244 = CARTESIAN_POINT('',(-3.238398370406,-4.968102074874));
#2245 = CARTESIAN_POINT('',(-3.372096346141,-4.969748558021));
#2246 = CARTESIAN_POINT('',(-3.506980543994,-4.972555407448));
#2247 = CARTESIAN_POINT('',(-3.750860577644,-4.978952438982));
#2248 = CARTESIAN_POINT('',(-3.860812091094,-4.982277577833));
#2249 = CARTESIAN_POINT('',(-3.973909706954,-4.985968191455));
#2250 = CARTESIAN_POINT('',(-4.090178417296,-4.98975653562));
#2251 = CARTESIAN_POINT('',(-4.20982749932,-4.993286768865));
#2252 = CARTESIAN_POINT('',(-4.333226724772,-4.996169127666));
#2253 = CARTESIAN_POINT('',(-4.588475404473,-4.999985660336));
#2254 = CARTESIAN_POINT('',(-4.717622618279,-5.000886040468));
#2255 = CARTESIAN_POINT('',(-4.846988537199,-5.000508470325));
#2256 = CARTESIAN_POINT('',(-4.975424401863,-4.998789060717));
#2257 = CARTESIAN_POINT('',(-5.101721797515,-4.996028461023));
#2258 = CARTESIAN_POINT('',(-5.224340960929,-4.992711581923));
#2259 = CARTESIAN_POINT('',(-5.488351208431,-4.984915571189));
#2260 = CARTESIAN_POINT('',(-5.629158569946,-4.980268577814));
#2261 = CARTESIAN_POINT('',(-5.765028719608,-4.97598103223));
#2262 = CARTESIAN_POINT('',(-5.897199472577,-4.972518900052));
#2263 = CARTESIAN_POINT('',(-6.026868114763,-4.970134264203));
#2264 = CARTESIAN_POINT('',(-6.155097788319,-4.968944732119));
#2265 = CARTESIAN_POINT('',(-6.28318530718,-4.968944732119));
#2266 = ( GEOMETRIC_REPRESENTATION_CONTEXT(2) 
PARAMETRIC_REPRESENTATION_CONTEXT() REPRESENTATION_CONTEXT('2D SPACE',''
  ) );
#2267 = ADVANCED_FACE('',(#2268),#1085,.T.);
#2268 = FACE_BOUND('',#2269,.F.);
#2269 = EDGE_LOOP('',(#2270,#2271,#2294,#2316));
#2270 = ORIENTED_EDGE('',*,*,#1064,.T.);
#2271 = ORIENTED_EDGE('',*,*,#2272,.T.);
#2272 = EDGE_CURVE('',#1065,#2273,#2275,.T.);
#2273 = VERTEX_POINT('',#2274);
#2274 = CARTESIAN_POINT('',(10.,0.,7.));
#2275 = SEAM_CURVE('',#2276,(#2280,#2287),.PCURVE_S1.);
#2276 = LINE('',#2277,#2278);
#2277 = CARTESIAN_POINT('',(10.,0.,-7.));
#2278 = VECTOR('',#2279,1.);
#2279 = DIRECTION('',(0.,0.,1.));
#2280 = PCURVE('',#1085,#2281);
#2281 = DEFINITIONAL_REPRESENTATION('',(#2282),#2286);
#2282 = LINE('',#2283,#2284);
#2283 = CARTESIAN_POINT('',(-6.28318530718,0.));
#2284 = VECTOR('',#2285,1.);
#2285 = DIRECTION('',(-0.,-1.));
#2286 = ( GEOMETRIC_REPRESENTATION_CONTEXT(2) 
PARAMETRIC_REPRESENTATION_CONTEXT() REPRESENTATION_CONTEXT('2D SPACE',''
  ) );
#2287 = PCURVE('',#1085,#2288);
#2288 = DEFINITIONAL_REPRESENTATION('',(#2289),#2293);
#2289 = LINE('',#2290,#2291);
#2290 = CARTESIAN_POINT('',(-0.,0.));
#2291 = VECTOR('',#2292,1.);
#2292 = DIRECTION('',(-0.,-1.));
#2293 = ( GEOMETRIC_REPRESENTATION_CONTEXT(2) 
PARAMETRIC_REPRESENTATION_CONTEXT() REPRESENTATION_CONTEXT('2D SPACE',''
  ) );
#2294 = ORIENTED_EDGE('',*,*,#2295,.T.);
#2295 = EDGE_CURVE('',#2273,#2273,#2296,.T.);
#2296 = SURFACE_CURVE('',#2297,(#2302,#2309),.PCURVE_S1.);
#2297 = CIRCLE('',#2298,10.);
#2298 = AXIS2_PLACEMENT_3D('',#2299,#2300,#2301);
#2299 = CARTESIAN_POINT('',(0.,0.,7.));
#2300 = DIRECTION('',(0.,0.,1.));
#2301 = DIRECTION('',(1.,0.,0.));
#2302 = PCURVE('',#1085,#2303);
#2303 = DEFINITIONAL_REPRESENTATION('',(#2304),#2308);
#2304 = LINE('',#2305,#2306);
#2305 = CARTESIAN_POINT('',(-0.,-14.));
#2306 = VECTOR('',#2307,1.);
#2307 = DIRECTION('',(-1.,0.));
#2308 = ( GEOMETRIC_REPRESENTATION_CONTEXT(2) 
PARAMETRIC_REPRESENTATION_CONTEXT() REPRESENTATION_CONTEXT('2D SPACE',''
  ) );
#2309 = PCURVE('',#1512,#2310);
#2310 = DEFINITIONAL_REPRESENTATION('',(#2311),#2315);
#2311 = CIRCLE('',#2312,10.);
#2312 = AXIS2_PLACEMENT_2D('',#2313,#2314);
#2313 = CARTESIAN_POINT('',(11.,11.));
#2314 = DIRECTION('',(1.,0.));
#2315 = ( GEOMETRIC_REPRESENTATION_CONTEXT(2) 
PARAMETRIC_REPRESENTATION_CONTEXT() REPRESENTATION_CONTEXT('2D SPACE',''
  ) );
#2316 = ORIENTED_EDGE('',*,*,#2272,.F.);
#2317 = ADVANCED_FACE('',(#2318),#1151,.T.);
#2318 = FACE_BOUND('',#2319,.T.);
#2319 = EDGE_LOOP('',(#2320,#2321,#2344,#2371));
#2320 = ORIENTED_EDGE('',*,*,#1136,.T.);
#2321 = ORIENTED_EDGE('',*,*,#2322,.T.);
#2322 = EDGE_CURVE('',#1114,#2323,#2325,.T.);
#2323 = VERTEX_POINT('',#2324);
#2324 = CARTESIAN_POINT('',(32.5,0.,5.5));
#2325 = SEAM_CURVE('',#2326,(#2330,#2337),.PCURVE_S1.);
#2326 = LINE('',#2327,#2328);
#2327 = CARTESIAN_POINT('',(29.2,0.,2.2));
#2328 = VECTOR('',#2329,1.);
#2329 = DIRECTION('',(0.707106781187,0.,0.707106781187));
#2330 = PCURVE('',#1151,#2331);
#2331 = DEFINITIONAL_REPRESENTATION('',(#2332),#2336);
#2332 = LINE('',#2333,#2334);
#2333 = CARTESIAN_POINT('',(0.,0.));
#2334 = VECTOR('',#2335,1.);
#2335 = DIRECTION('',(0.,1.));
#2336 = ( GEOMETRIC_REPRESENTATION_CONTEXT(2) 
PARAMETRIC_REPRESENTATION_CONTEXT() REPRESENTATION_CONTEXT('2D SPACE',''
  ) );
#2337 = PCURVE('',#1151,#2338);
#2338 = DEFINITIONAL_REPRESENTATION('',(#2339),#2343);
#2339 = LINE('',#2340,#2341);
#2340 = CARTESIAN_POINT('',(6.28318530718,0.));
#2341 = VECTOR('',#2342,1.);
#2342 = DIRECTION('',(0.,1.));
#2343 = ( GEOMETRIC_REPRESENTATION_CONTEXT(2) 
PARAMETRIC_REPRESENTATION_CONTEXT() REPRESENTATION_CONTEXT('2D SPACE',''
  ) );
#2344 = ORIENTED_EDGE('',*,*,#2345,.F.);
#2345 = EDGE_CURVE('',#2323,#2323,#2346,.T.);
#2346 = SURFACE_CURVE('',#2347,(#2352,#2359),.PCURVE_S1.);
#2347 = CIRCLE('',#2348,32.5);
#2348 = AXIS2_PLACEMENT_3D('',#2349,#2350,#2351);
#2349 = CARTESIAN_POINT('',(0.,0.,5.5));
#2350 = DIRECTION('',(0.,0.,1.));
#2351 = DIRECTION('',(1.,0.,-0.));
#2352 = PCURVE('',#1151,#2353);
#2353 = DEFINITIONAL_REPRESENTATION('',(#2354),#2358);
#2354 = LINE('',#2355,#2356);
#2355 = CARTESIAN_POINT('',(0.,3.3));
#2356 = VECTOR('',#2357,1.);
#2357 = DIRECTION('',(1.,0.));
#2358 = ( GEOMETRIC_REPRESENTATION_CONTEXT(2) 
PARAMETRIC_REPRESENTATION_CONTEXT() REPRESENTATION_CONTEXT('2D SPACE',''
  ) );
#2359 = PCURVE('',#2360,#2365);
#2360 = CYLINDRICAL_SURFACE('',#2361,32.5);
#2361 = AXIS2_PLACEMENT_3D('',#2362,#2363,#2364);
#2362 = CARTESIAN_POINT('',(0.,0.,5.5));
#2363 = DIRECTION('',(0.,0.,1.));
#2364 = DIRECTION('',(1.,0.,-0.));
#2365 = DEFINITIONAL_REPRESENTATION('',(#2366),#2370);
#2366 = LINE('',#2367,#2368);
#2367 = CARTESIAN_POINT('',(0.,0.));
#2368 = VECTOR('',#2369,1.);
#2369 = DIRECTION('',(1.,0.));
#2370 = ( GEOMETRIC_REPRESENTATION_CONTEXT(2) 
PARAMETRIC_REPRESENTATION_CONTEXT() REPRESENTATION_CONTEXT('2D SPACE',''
  ) );
#2371 = ORIENTED_EDGE('',*,*,#2322,.F.);
#2372 = ADVANCED_FACE('',(#2373),#1264,.F.);
#2373 = FACE_BOUND('',#2374,.T.);
#2374 = EDGE_LOOP('',(#2375,#2376,#2397,#2398));
#2375 = ORIENTED_EDGE('',*,*,#2122,.F.);
#2376 = ORIENTED_EDGE('',*,*,#2377,.T.);
#2377 = EDGE_CURVE('',#2123,#1167,#2378,.T.);
#2378 = SEAM_CURVE('',#2379,(#2383,#2390),.PCURVE_S1.);
#2379 = LINE('',#2380,#2381);
#2380 = CARTESIAN_POINT('',(-3.721272119963,17.855871129945,0.));
#2381 = VECTOR('',#2382,1.);
#2382 = DIRECTION('',(-0.13917310096,0.990268068742,0.));
#2383 = PCURVE('',#1264,#2384);
#2384 = DEFINITIONAL_REPRESENTATION('',(#2385),#2389);
#2385 = LINE('',#2386,#2387);
#2386 = CARTESIAN_POINT('',(-6.28318530718,0.));
#2387 = VECTOR('',#2388,1.);
#2388 = DIRECTION('',(-0.,-1.));
#2389 = ( GEOMETRIC_REPRESENTATION_CONTEXT(2) 
PARAMETRIC_REPRESENTATION_CONTEXT() REPRESENTATION_CONTEXT('2D SPACE',''
  ) );
#2390 = PCURVE('',#1264,#2391);
#2391 = DEFINITIONAL_REPRESENTATION('',(#2392),#2396);
#2392 = LINE('',#2393,#2394);
#2393 = CARTESIAN_POINT('',(-0.,0.));
#2394 = VECTOR('',#2395,1.);
#2395 = DIRECTION('',(-0.,-1.));
#2396 = ( GEOMETRIC_REPRESENTATION_CONTEXT(2) 
PARAMETRIC_REPRESENTATION_CONTEXT() REPRESENTATION_CONTEXT('2D SPACE',''
  ) );
#2397 = ORIENTED_EDGE('',*,*,#1166,.T.);
#2398 = ORIENTED_EDGE('',*,*,#2377,.F.);
#2399 = ADVANCED_FACE('',(#2400),#1417,.F.);
#2400 = FACE_BOUND('',#2401,.T.);
#2401 = EDGE_LOOP('',(#2402,#2403,#2424,#2425));
#2402 = ORIENTED_EDGE('',*,*,#1974,.F.);
#2403 = ORIENTED_EDGE('',*,*,#2404,.T.);
#2404 = EDGE_CURVE('',#1975,#1320,#2405,.T.);
#2405 = SEAM_CURVE('',#2406,(#2410,#2417),.PCURVE_S1.);
#2406 = LINE('',#2407,#2408);
#2407 = CARTESIAN_POINT('',(1.344628754983,18.189886572249,0.));
#2408 = VECTOR('',#2409,1.);
#2409 = DIRECTION('',(0.13917310096,0.990268068742,0.));
#2410 = PCURVE('',#1417,#2411);
#2411 = DEFINITIONAL_REPRESENTATION('',(#2412),#2416);
#2412 = LINE('',#2413,#2414);
#2413 = CARTESIAN_POINT('',(-6.28318530718,0.));
#2414 = VECTOR('',#2415,1.);
#2415 = DIRECTION('',(-0.,-1.));
#2416 = ( GEOMETRIC_REPRESENTATION_CONTEXT(2) 
PARAMETRIC_REPRESENTATION_CONTEXT() REPRESENTATION_CONTEXT('2D SPACE',''
  ) );
#2417 = PCURVE('',#1417,#2418);
#2418 = DEFINITIONAL_REPRESENTATION('',(#2419),#2423);
#2419 = LINE('',#2420,#2421);
#2420 = CARTESIAN_POINT('',(-0.,0.));
#2421 = VECTOR('',#2422,1.);
#2422 = DIRECTION('',(-0.,-1.));
#2423 = ( GEOMETRIC_REPRESENTATION_CONTEXT(2) 
PARAMETRIC_REPRESENTATION_CONTEXT() REPRESENTATION_CONTEXT('2D SPACE',''
  ) );
#2424 = ORIENTED_EDGE('',*,*,#1319,.T.);
#2425 = ORIENTED_EDGE('',*,*,#2404,.F.);
#2426 = ADVANCED_FACE('',(#2427,#2433,#2436,#2556),#1512,.F.);
#2427 = FACE_BOUND('',#2428,.F.);
#2428 = EDGE_LOOP('',(#2429,#2430,#2431,#2432));
#2429 = ORIENTED_EDGE('',*,*,#1496,.F.);
#2430 = ORIENTED_EDGE('',*,*,#1724,.T.);
#2431 = ORIENTED_EDGE('',*,*,#1774,.T.);
#2432 = ORIENTED_EDGE('',*,*,#1905,.T.);
#2433 = FACE_BOUND('',#2434,.F.);
#2434 = EDGE_LOOP('',(#2435));
#2435 = ORIENTED_EDGE('',*,*,#2295,.F.);
#2436 = FACE_BOUND('',#2437,.F.);
#2437 = EDGE_LOOP('',(#2438,#2466,#2499,#2525));
#2438 = ORIENTED_EDGE('',*,*,#2439,.F.);
#2439 = EDGE_CURVE('',#2440,#2442,#2444,.T.);
#2440 = VERTEX_POINT('',#2441);
#2441 = CARTESIAN_POINT('',(-10.07761212512,17.588966253181,7.));
#2442 = VERTEX_POINT('',#2443);
#2443 = CARTESIAN_POINT('',(-6.612142378851,10.157242399481,7.));
#2444 = SURFACE_CURVE('',#2445,(#2449,#2455),.PCURVE_S1.);
#2445 = LINE('',#2446,#2447);
#2446 = CARTESIAN_POINT('',(-2.952144663191,2.3083519692,7.));
#2447 = VECTOR('',#2448,1.);
#2448 = DIRECTION('',(0.422618261741,-0.906307787037,0.));
#2449 = PCURVE('',#1512,#2450);
#2450 = DEFINITIONAL_REPRESENTATION('',(#2451),#2454);
#2451 = B_SPLINE_CURVE_WITH_KNOTS('',1,(#2452,#2453),.UNSPECIFIED.,.F.,
  .F.,(2,2),(-16.86029238912,-8.660292389128),.PIECEWISE_BEZIER_KNOTS.);
#2452 = CARTESIAN_POINT('',(0.922387874876,28.588966253181));
#2453 = CARTESIAN_POINT('',(4.387857621149,21.157242399481));
#2454 = ( GEOMETRIC_REPRESENTATION_CONTEXT(2) 
PARAMETRIC_REPRESENTATION_CONTEXT() REPRESENTATION_CONTEXT('2D SPACE',''
  ) );
#2455 = PCURVE('',#2456,#2461);
#2456 = PLANE('',#2457);
#2457 = AXIS2_PLACEMENT_3D('',#2458,#2459,#2460);
#2458 = CARTESIAN_POINT('',(-6.612142378851,10.157242399481,-20.));
#2459 = DIRECTION('',(-0.906307787037,-0.422618261741,0.));
#2460 = DIRECTION('',(-0.422618261741,0.906307787037,0.));
#2461 = DEFINITIONAL_REPRESENTATION('',(#2462),#2465);
#2462 = B_SPLINE_CURVE_WITH_KNOTS('',1,(#2463,#2464),.UNSPECIFIED.,.F.,
  .F.,(2,2),(-16.86029238912,-8.660292389128),.PIECEWISE_BEZIER_KNOTS.);
#2463 = CARTESIAN_POINT('',(8.2,-27.));
#2464 = CARTESIAN_POINT('',(0.,-27.));
#2465 = ( GEOMETRIC_REPRESENTATION_CONTEXT(2) 
PARAMETRIC_REPRESENTATION_CONTEXT() REPRESENTATION_CONTEXT('2D SPACE',''
  ) );
#2466 = ORIENTED_EDGE('',*,*,#2467,.T.);
#2467 = EDGE_CURVE('',#2440,#2468,#2470,.T.);
#2468 = VERTEX_POINT('',#2469);
#2469 = CARTESIAN_POINT('',(-6.9961656492,19.0258683431,7.));
#2470 = SURFACE_CURVE('',#2471,(#2476,#2487),.PCURVE_S1.);
#2471 = CIRCLE('',#2472,1.7);
#2472 = AXIS2_PLACEMENT_3D('',#2473,#2474,#2475);
#2473 = CARTESIAN_POINT('',(-8.536888887162,18.30741729814,7.));
#2474 = DIRECTION('',(-0.,0.,-1.));
#2475 = DIRECTION('',(-0.906307787037,-0.422618261741,0.));
#2476 = PCURVE('',#1512,#2477);
#2477 = DEFINITIONAL_REPRESENTATION('',(#2478),#2486);
#2478 = ( BOUNDED_CURVE() B_SPLINE_CURVE(2,(#2479,#2480,#2481,#2482,
#2483,#2484,#2485),.UNSPECIFIED.,.T.,.F.) B_SPLINE_CURVE_WITH_KNOTS((1,2
    ,2,2,2,1),(-2.094395102393,0.,2.094395102393,4.188790204786,
6.28318530718,8.377580409573),.UNSPECIFIED.) CURVE() 
GEOMETRIC_REPRESENTATION_ITEM() RATIONAL_B_SPLINE_CURVE((1.,0.5,1.,0.5,
1.,0.5,1.)) REPRESENTATION_ITEM('') );
#2479 = CARTESIAN_POINT('',(0.922387874876,28.588966253181));
#2480 = CARTESIAN_POINT('',(-0.322005837745,31.257577181734));
#2481 = CARTESIAN_POINT('',(2.611275875509,31.000948284896));
#2482 = CARTESIAN_POINT('',(5.544557588762,30.744319388059));
#2483 = CARTESIAN_POINT('',(3.855669588129,28.332337356344));
#2484 = CARTESIAN_POINT('',(2.166781587496,25.920355324628));
#2485 = CARTESIAN_POINT('',(0.922387874876,28.588966253181));
#2486 = ( GEOMETRIC_REPRESENTATION_CONTEXT(2) 
PARAMETRIC_REPRESENTATION_CONTEXT() REPRESENTATION_CONTEXT('2D SPACE',''
  ) );
#2487 = PCURVE('',#2488,#2493);
#2488 = CYLINDRICAL_SURFACE('',#2489,1.7);
#2489 = AXIS2_PLACEMENT_3D('',#2490,#2491,#2492);
#2490 = CARTESIAN_POINT('',(-8.536888887162,18.30741729814,-20.));
#2491 = DIRECTION('',(-0.,0.,-1.));
#2492 = DIRECTION('',(-0.906307787037,-0.422618261741,0.));
#2493 = DEFINITIONAL_REPRESENTATION('',(#2494),#2498);
#2494 = LINE('',#2495,#2496);
#2495 = CARTESIAN_POINT('',(0.,-27.));
#2496 = VECTOR('',#2497,1.);
#2497 = DIRECTION('',(1.,0.));
#2498 = ( GEOMETRIC_REPRESENTATION_CONTEXT(2) 
PARAMETRIC_REPRESENTATION_CONTEXT() REPRESENTATION_CONTEXT('2D SPACE',''
  ) );
#2499 = ORIENTED_EDGE('',*,*,#2500,.F.);
#2500 = EDGE_CURVE('',#2501,#2468,#2503,.T.);
#2501 = VERTEX_POINT('',#2502);
#2502 = CARTESIAN_POINT('',(-3.530695902926,11.594144489399,7.));
#2503 = SURFACE_CURVE('',#2504,(#2508,#2514),.PCURVE_S1.);
#2504 = LINE('',#2505,#2506);
#2505 = CARTESIAN_POINT('',(-1.603433060404,7.461115985969,7.));
#2506 = VECTOR('',#2507,1.);
#2507 = DIRECTION('',(-0.422618261741,0.906307787037,0.));
#2508 = PCURVE('',#1512,#2509);
#2509 = DEFINITIONAL_REPRESENTATION('',(#2510),#2513);
#2510 = B_SPLINE_CURVE_WITH_KNOTS('',1,(#2511,#2512),.UNSPECIFIED.,.F.,
  .F.,(2,2),(4.560292389128,12.760292389128),.PIECEWISE_BEZIER_KNOTS.);
#2511 = CARTESIAN_POINT('',(7.469304097074,22.594144489399));
#2512 = CARTESIAN_POINT('',(4.0038343508,30.0258683431));
#2513 = ( GEOMETRIC_REPRESENTATION_CONTEXT(2) 
PARAMETRIC_REPRESENTATION_CONTEXT() REPRESENTATION_CONTEXT('2D SPACE',''
  ) );
#2514 = PCURVE('',#2515,#2520);
#2515 = PLANE('',#2516);
#2516 = AXIS2_PLACEMENT_3D('',#2517,#2518,#2519);
#2517 = CARTESIAN_POINT('',(-6.9961656492,19.0258683431,-20.));
#2518 = DIRECTION('',(0.906307787037,0.422618261741,0.));
#2519 = DIRECTION('',(0.422618261741,-0.906307787037,0.));
#2520 = DEFINITIONAL_REPRESENTATION('',(#2521),#2524);
#2521 = B_SPLINE_CURVE_WITH_KNOTS('',1,(#2522,#2523),.UNSPECIFIED.,.F.,
  .F.,(2,2),(4.560292389128,12.760292389128),.PIECEWISE_BEZIER_KNOTS.);
#2522 = CARTESIAN_POINT('',(8.2,-27.));
#2523 = CARTESIAN_POINT('',(0.,-27.));
#2524 = ( GEOMETRIC_REPRESENTATION_CONTEXT(2) 
PARAMETRIC_REPRESENTATION_CONTEXT() REPRESENTATION_CONTEXT('2D SPACE',''
  ) );
#2525 = ORIENTED_EDGE('',*,*,#2526,.T.);
#2526 = EDGE_CURVE('',#2501,#2442,#2527,.T.);
#2527 = SURFACE_CURVE('',#2528,(#2533,#2544),.PCURVE_S1.);
#2528 = CIRCLE('',#2529,1.7);
#2529 = AXIS2_PLACEMENT_3D('',#2530,#2531,#2532);
#2530 = CARTESIAN_POINT('',(-5.071419140888,10.87569344444,7.));
#2531 = DIRECTION('',(0.,0.,-1.));
#2532 = DIRECTION('',(0.906307787037,0.422618261741,0.));
#2533 = PCURVE('',#1512,#2534);
#2534 = DEFINITIONAL_REPRESENTATION('',(#2535),#2543);
#2535 = ( BOUNDED_CURVE() B_SPLINE_CURVE(2,(#2536,#2537,#2538,#2539,
#2540,#2541,#2542),.UNSPECIFIED.,.T.,.F.) B_SPLINE_CURVE_WITH_KNOTS((1,2
    ,2,2,2,1),(-2.094395102393,0.,2.094395102393,4.188790204786,
6.28318530718,8.377580409573),.UNSPECIFIED.) CURVE() 
GEOMETRIC_REPRESENTATION_ITEM() RATIONAL_B_SPLINE_CURVE((1.,0.5,1.,0.5,
1.,0.5,1.)) REPRESENTATION_ITEM('') );
#2536 = CARTESIAN_POINT('',(7.469304097074,22.594144489399));
#2537 = CARTESIAN_POINT('',(8.713697809694,19.925533560846));
#2538 = CARTESIAN_POINT('',(5.780416096441,20.182162457684));
#2539 = CARTESIAN_POINT('',(2.847134383187,20.438791354521));
#2540 = CARTESIAN_POINT('',(4.53602238382,22.850773386237));
#2541 = CARTESIAN_POINT('',(6.224910384454,25.262755417952));
#2542 = CARTESIAN_POINT('',(7.469304097074,22.594144489399));
#2543 = ( GEOMETRIC_REPRESENTATION_CONTEXT(2) 
PARAMETRIC_REPRESENTATION_CONTEXT() REPRESENTATION_CONTEXT('2D SPACE',''
  ) );
#2544 = PCURVE('',#2545,#2550);
#2545 = CYLINDRICAL_SURFACE('',#2546,1.7);
#2546 = AXIS2_PLACEMENT_3D('',#2547,#2548,#2549);
#2547 = CARTESIAN_POINT('',(-5.071419140888,10.87569344444,-20.));
#2548 = DIRECTION('',(0.,0.,-1.));
#2549 = DIRECTION('',(0.906307787037,0.422618261741,0.));
#2550 = DEFINITIONAL_REPRESENTATION('',(#2551),#2555);
#2551 = LINE('',#2552,#2553);
#2552 = CARTESIAN_POINT('',(0.,-27.));
#2553 = VECTOR('',#2554,1.);
#2554 = DIRECTION('',(1.,0.));
#2555 = ( GEOMETRIC_REPRESENTATION_CONTEXT(2) 
PARAMETRIC_REPRESENTATION_CONTEXT() REPRESENTATION_CONTEXT('2D SPACE',''
  ) );
#2556 = FACE_BOUND('',#2557,.F.);
#2557 = EDGE_LOOP('',(#2558,#2586,#2619,#2645));
#2558 = ORIENTED_EDGE('',*,*,#2559,.F.);
#2559 = EDGE_CURVE('',#2560,#2562,#2564,.T.);
#2560 = VERTEX_POINT('',#2561);
#2561 = CARTESIAN_POINT('',(6.9961656492,19.0258683431,7.));
#2562 = VERTEX_POINT('',#2563);
#2563 = CARTESIAN_POINT('',(3.530695902926,11.594144489399,7.));
#2564 = SURFACE_CURVE('',#2565,(#2569,#2575),.PCURVE_S1.);
#2565 = LINE('',#2566,#2567);
#2566 = CARTESIAN_POINT('',(-2.093969959457,-0.467990378036,7.));
#2567 = VECTOR('',#2568,1.);
#2568 = DIRECTION('',(-0.422618261741,-0.906307787037,0.));
#2569 = PCURVE('',#1512,#2570);
#2570 = DEFINITIONAL_REPRESENTATION('',(#2571),#2574);
#2571 = B_SPLINE_CURVE_WITH_KNOTS('',1,(#2572,#2573),.UNSPECIFIED.,.F.,
  .F.,(2,2),(-21.50909326827,-13.30909326827),.PIECEWISE_BEZIER_KNOTS.);
#2572 = CARTESIAN_POINT('',(17.9961656492,30.0258683431));
#2573 = CARTESIAN_POINT('',(14.530695902926,22.594144489399));
#2574 = ( GEOMETRIC_REPRESENTATION_CONTEXT(2) 
PARAMETRIC_REPRESENTATION_CONTEXT() REPRESENTATION_CONTEXT('2D SPACE',''
  ) );
#2575 = PCURVE('',#2576,#2581);
#2576 = PLANE('',#2577);
#2577 = AXIS2_PLACEMENT_3D('',#2578,#2579,#2580);
#2578 = CARTESIAN_POINT('',(3.530695902926,11.594144489399,-20.));
#2579 = DIRECTION('',(-0.906307787037,0.422618261741,0.));
#2580 = DIRECTION('',(0.422618261741,0.906307787037,0.));
#2581 = DEFINITIONAL_REPRESENTATION('',(#2582),#2585);
#2582 = B_SPLINE_CURVE_WITH_KNOTS('',1,(#2583,#2584),.UNSPECIFIED.,.F.,
  .F.,(2,2),(-21.50909326827,-13.30909326827),.PIECEWISE_BEZIER_KNOTS.);
#2583 = CARTESIAN_POINT('',(8.2,-27.));
#2584 = CARTESIAN_POINT('',(0.,-27.));
#2585 = ( GEOMETRIC_REPRESENTATION_CONTEXT(2) 
PARAMETRIC_REPRESENTATION_CONTEXT() REPRESENTATION_CONTEXT('2D SPACE',''
  ) );
#2586 = ORIENTED_EDGE('',*,*,#2587,.T.);
#2587 = EDGE_CURVE('',#2560,#2588,#2590,.T.);
#2588 = VERTEX_POINT('',#2589);
#2589 = CARTESIAN_POINT('',(10.077612125124,17.588966253181,7.));
#2590 = SURFACE_CURVE('',#2591,(#2596,#2607),.PCURVE_S1.);
#2591 = CIRCLE('',#2592,1.7);
#2592 = AXIS2_PLACEMENT_3D('',#2593,#2594,#2595);
#2593 = CARTESIAN_POINT('',(8.536888887162,18.30741729814,7.));
#2594 = DIRECTION('',(0.,0.,-1.));
#2595 = DIRECTION('',(-0.906307787037,0.422618261741,0.));
#2596 = PCURVE('',#1512,#2597);
#2597 = DEFINITIONAL_REPRESENTATION('',(#2598),#2606);
#2598 = ( BOUNDED_CURVE() B_SPLINE_CURVE(2,(#2599,#2600,#2601,#2602,
#2603,#2604,#2605),.UNSPECIFIED.,.T.,.F.) B_SPLINE_CURVE_WITH_KNOTS((1,2
    ,2,2,2,1),(-2.094395102393,0.,2.094395102393,4.188790204786,
6.28318530718,8.377580409573),.UNSPECIFIED.) CURVE() 
GEOMETRIC_REPRESENTATION_ITEM() RATIONAL_B_SPLINE_CURVE((1.,0.5,1.,0.5,
1.,0.5,1.)) REPRESENTATION_ITEM('') );
#2599 = CARTESIAN_POINT('',(17.9961656492,30.0258683431));
#2600 = CARTESIAN_POINT('',(19.24055936182,32.694479271652));
#2601 = CARTESIAN_POINT('',(20.929447362453,30.282497239937));
#2602 = CARTESIAN_POINT('',(22.618335363087,27.870515208222));
#2603 = CARTESIAN_POINT('',(19.685053649833,27.613886311384));
#2604 = CARTESIAN_POINT('',(16.75177193658,27.357257414547));
#2605 = CARTESIAN_POINT('',(17.9961656492,30.0258683431));
#2606 = ( GEOMETRIC_REPRESENTATION_CONTEXT(2) 
PARAMETRIC_REPRESENTATION_CONTEXT() REPRESENTATION_CONTEXT('2D SPACE',''
  ) );
#2607 = PCURVE('',#2608,#2613);
#2608 = CYLINDRICAL_SURFACE('',#2609,1.7);
#2609 = AXIS2_PLACEMENT_3D('',#2610,#2611,#2612);
#2610 = CARTESIAN_POINT('',(8.536888887162,18.30741729814,-20.));
#2611 = DIRECTION('',(0.,0.,-1.));
#2612 = DIRECTION('',(-0.906307787037,0.422618261741,0.));
#2613 = DEFINITIONAL_REPRESENTATION('',(#2614),#2618);
#2614 = LINE('',#2615,#2616);
#2615 = CARTESIAN_POINT('',(0.,-27.));
#2616 = VECTOR('',#2617,1.);
#2617 = DIRECTION('',(1.,0.));
#2618 = ( GEOMETRIC_REPRESENTATION_CONTEXT(2) 
PARAMETRIC_REPRESENTATION_CONTEXT() REPRESENTATION_CONTEXT('2D SPACE',''
  ) );
#2619 = ORIENTED_EDGE('',*,*,#2620,.F.);
#2620 = EDGE_CURVE('',#2621,#2588,#2623,.T.);
#2621 = VERTEX_POINT('',#2622);
#2622 = CARTESIAN_POINT('',(6.612142378851,10.157242399481,7.));
#2623 = SURFACE_CURVE('',#2624,(#2628,#2634),.PCURVE_S1.);
#2624 = LINE('',#2625,#2626);
#2625 = CARTESIAN_POINT('',(2.720211389604,1.810969458896,7.));
#2626 = VECTOR('',#2627,1.);
#2627 = DIRECTION('',(0.422618261741,0.906307787037,-0.));
#2628 = PCURVE('',#1512,#2629);
#2629 = DEFINITIONAL_REPRESENTATION('',(#2630),#2633);
#2630 = B_SPLINE_CURVE_WITH_KNOTS('',1,(#2631,#2632),.UNSPECIFIED.,.F.,
  .F.,(2,2),(9.209093268275,17.409093268275),.PIECEWISE_BEZIER_KNOTS.);
#2631 = CARTESIAN_POINT('',(17.612142378851,21.157242399481));
#2632 = CARTESIAN_POINT('',(21.077612125124,28.588966253181));
#2633 = ( GEOMETRIC_REPRESENTATION_CONTEXT(2) 
PARAMETRIC_REPRESENTATION_CONTEXT() REPRESENTATION_CONTEXT('2D SPACE',''
  ) );
#2634 = PCURVE('',#2635,#2640);
#2635 = PLANE('',#2636);
#2636 = AXIS2_PLACEMENT_3D('',#2637,#2638,#2639);
#2637 = CARTESIAN_POINT('',(10.077612125124,17.588966253181,-20.));
#2638 = DIRECTION('',(0.906307787037,-0.422618261741,0.));
#2639 = DIRECTION('',(-0.422618261741,-0.906307787037,0.));
#2640 = DEFINITIONAL_REPRESENTATION('',(#2641),#2644);
#2641 = B_SPLINE_CURVE_WITH_KNOTS('',1,(#2642,#2643),.UNSPECIFIED.,.F.,
  .F.,(2,2),(9.209093268275,17.409093268275),.PIECEWISE_BEZIER_KNOTS.);
#2642 = CARTESIAN_POINT('',(8.2,-27.));
#2643 = CARTESIAN_POINT('',(0.,-27.));
#2644 = ( GEOMETRIC_REPRESENTATION_CONTEXT(2) 
PARAMETRIC_REPRESENTATION_CONTEXT() REPRESENTATION_CONTEXT('2D SPACE',''
  ) );
#2645 = ORIENTED_EDGE('',*,*,#2646,.T.);
#2646 = EDGE_CURVE('',#2621,#2562,#2647,.T.);
#2647 = SURFACE_CURVE('',#2648,(#2653,#2664),.PCURVE_S1.);
#2648 = CIRCLE('',#2649,1.7);
#2649 = AXIS2_PLACEMENT_3D('',#2650,#2651,#2652);
#2650 = CARTESIAN_POINT('',(5.071419140888,10.87569344444,7.));
#2651 = DIRECTION('',(0.,0.,-1.));
#2652 = DIRECTION('',(0.906307787037,-0.422618261741,0.));
#2653 = PCURVE('',#1512,#2654);
#2654 = DEFINITIONAL_REPRESENTATION('',(#2655),#2663);
#2655 = ( BOUNDED_CURVE() B_SPLINE_CURVE(2,(#2656,#2657,#2658,#2659,
#2660,#2661,#2662),.UNSPECIFIED.,.T.,.F.) B_SPLINE_CURVE_WITH_KNOTS((1,2
    ,2,2,2,1),(-2.094395102393,0.,2.094395102393,4.188790204786,
6.28318530718,8.377580409573),.UNSPECIFIED.) CURVE() 
GEOMETRIC_REPRESENTATION_ITEM() RATIONAL_B_SPLINE_CURVE((1.,0.5,1.,0.5,
1.,0.5,1.)) REPRESENTATION_ITEM('') );
#2656 = CARTESIAN_POINT('',(17.612142378851,21.157242399481));
#2657 = CARTESIAN_POINT('',(16.36774866623,18.488631470928));
#2658 = CARTESIAN_POINT('',(14.678860665597,20.900613502643));
#2659 = CARTESIAN_POINT('',(12.989972664964,23.312595534358));
#2660 = CARTESIAN_POINT('',(15.923254378217,23.569224431196));
#2661 = CARTESIAN_POINT('',(18.856536091471,23.825853328033));
#2662 = CARTESIAN_POINT('',(17.612142378851,21.157242399481));
#2663 = ( GEOMETRIC_REPRESENTATION_CONTEXT(2) 
PARAMETRIC_REPRESENTATION_CONTEXT() REPRESENTATION_CONTEXT('2D SPACE',''
  ) );
#2664 = PCURVE('',#2665,#2670);
#2665 = CYLINDRICAL_SURFACE('',#2666,1.7);
#2666 = AXIS2_PLACEMENT_3D('',#2667,#2668,#2669);
#2667 = CARTESIAN_POINT('',(5.071419140888,10.87569344444,-20.));
#2668 = DIRECTION('',(0.,0.,-1.));
#2669 = DIRECTION('',(0.906307787037,-0.422618261741,0.));
#2670 = DEFINITIONAL_REPRESENTATION('',(#2671),#2675);
#2671 = LINE('',#2672,#2673);
#2672 = CARTESIAN_POINT('',(0.,-27.));
#2673 = VECTOR('',#2674,1.);
#2674 = DIRECTION('',(1.,0.));
#2675 = ( GEOMETRIC_REPRESENTATION_CONTEXT(2) 
PARAMETRIC_REPRESENTATION_CONTEXT() REPRESENTATION_CONTEXT('2D SPACE',''
  ) );
#2676 = ADVANCED_FACE('',(#2677),#1540,.T.);
#2677 = FACE_BOUND('',#2678,.T.);
#2678 = EDGE_LOOP('',(#2679,#2703,#2725,#2726,#2727,#2728));
#2679 = ORIENTED_EDGE('',*,*,#2680,.T.);
#2680 = EDGE_CURVE('',#1525,#2681,#2683,.T.);
#2681 = VERTEX_POINT('',#2682);
#2682 = CARTESIAN_POINT('',(32.5,0.,7.));
#2683 = SURFACE_CURVE('',#2684,(#2689,#2696),.PCURVE_S1.);
#2684 = CIRCLE('',#2685,32.5);
#2685 = AXIS2_PLACEMENT_3D('',#2686,#2687,#2688);
#2686 = CARTESIAN_POINT('',(0.,0.,7.));
#2687 = DIRECTION('',(0.,0.,1.));
#2688 = DIRECTION('',(1.,0.,-0.));
#2689 = PCURVE('',#1540,#2690);
#2690 = DEFINITIONAL_REPRESENTATION('',(#2691),#2695);
#2691 = CIRCLE('',#2692,32.5);
#2692 = AXIS2_PLACEMENT_2D('',#2693,#2694);
#2693 = CARTESIAN_POINT('',(0.,0.));
#2694 = DIRECTION('',(1.,0.));
#2695 = ( GEOMETRIC_REPRESENTATION_CONTEXT(2) 
PARAMETRIC_REPRESENTATION_CONTEXT() REPRESENTATION_CONTEXT('2D SPACE',''
  ) );
#2696 = PCURVE('',#2360,#2697);
#2697 = DEFINITIONAL_REPRESENTATION('',(#2698),#2702);
#2698 = LINE('',#2699,#2700);
#2699 = CARTESIAN_POINT('',(0.,1.5));
#2700 = VECTOR('',#2701,1.);
#2701 = DIRECTION('',(1.,0.));
#2702 = ( GEOMETRIC_REPRESENTATION_CONTEXT(2) 
PARAMETRIC_REPRESENTATION_CONTEXT() REPRESENTATION_CONTEXT('2D SPACE',''
  ) );
#2703 = ORIENTED_EDGE('',*,*,#2704,.T.);
#2704 = EDGE_CURVE('',#2681,#1798,#2705,.T.);
#2705 = SURFACE_CURVE('',#2706,(#2711,#2718),.PCURVE_S1.);
#2706 = CIRCLE('',#2707,32.5);
#2707 = AXIS2_PLACEMENT_3D('',#2708,#2709,#2710);
#2708 = CARTESIAN_POINT('',(0.,0.,7.));
#2709 = DIRECTION('',(0.,0.,1.));
#2710 = DIRECTION('',(1.,0.,-0.));
#2711 = PCURVE('',#1540,#2712);
#2712 = DEFINITIONAL_REPRESENTATION('',(#2713),#2717);
#2713 = CIRCLE('',#2714,32.5);
#2714 = AXIS2_PLACEMENT_2D('',#2715,#2716);
#2715 = CARTESIAN_POINT('',(0.,0.));
#2716 = DIRECTION('',(1.,0.));
#2717 = ( GEOMETRIC_REPRESENTATION_CONTEXT(2) 
PARAMETRIC_REPRESENTATION_CONTEXT() REPRESENTATION_CONTEXT('2D SPACE',''
  ) );
#2718 = PCURVE('',#2360,#2719);
#2719 = DEFINITIONAL_REPRESENTATION('',(#2720),#2724);
#2720 = LINE('',#2721,#2722);
#2721 = CARTESIAN_POINT('',(0.,1.5));
#2722 = VECTOR('',#2723,1.);
#2723 = DIRECTION('',(1.,0.));
#2724 = ( GEOMETRIC_REPRESENTATION_CONTEXT(2) 
PARAMETRIC_REPRESENTATION_CONTEXT() REPRESENTATION_CONTEXT('2D SPACE',''
  ) );
#2725 = ORIENTED_EDGE('',*,*,#1797,.F.);
#2726 = ORIENTED_EDGE('',*,*,#1881,.F.);
#2727 = ORIENTED_EDGE('',*,*,#1927,.F.);
#2728 = ORIENTED_EDGE('',*,*,#1524,.T.);
#2729 = ADVANCED_FACE('',(#2730),#1568,.F.);
#2730 = FACE_BOUND('',#2731,.F.);
#2731 = EDGE_LOOP('',(#2732,#2733,#2755,#2756));
#2732 = ORIENTED_EDGE('',*,*,#1552,.F.);
#2733 = ORIENTED_EDGE('',*,*,#2734,.F.);
#2734 = EDGE_CURVE('',#1798,#1525,#2735,.T.);
#2735 = SURFACE_CURVE('',#2736,(#2741,#2748),.PCURVE_S1.);
#2736 = CIRCLE('',#2737,32.5);
#2737 = AXIS2_PLACEMENT_3D('',#2738,#2739,#2740);
#2738 = CARTESIAN_POINT('',(0.,0.,7.));
#2739 = DIRECTION('',(0.,0.,1.));
#2740 = DIRECTION('',(1.,0.,-0.));
#2741 = PCURVE('',#1568,#2742);
#2742 = DEFINITIONAL_REPRESENTATION('',(#2743),#2747);
#2743 = CIRCLE('',#2744,32.5);
#2744 = AXIS2_PLACEMENT_2D('',#2745,#2746);
#2745 = CARTESIAN_POINT('',(11.,11.));
#2746 = DIRECTION('',(1.,0.));
#2747 = ( GEOMETRIC_REPRESENTATION_CONTEXT(2) 
PARAMETRIC_REPRESENTATION_CONTEXT() REPRESENTATION_CONTEXT('2D SPACE',''
  ) );
#2748 = PCURVE('',#2360,#2749);
#2749 = DEFINITIONAL_REPRESENTATION('',(#2750),#2754);
#2750 = LINE('',#2751,#2752);
#2751 = CARTESIAN_POINT('',(0.,1.5));
#2752 = VECTOR('',#2753,1.);
#2753 = DIRECTION('',(1.,0.));
#2754 = ( GEOMETRIC_REPRESENTATION_CONTEXT(2) 
PARAMETRIC_REPRESENTATION_CONTEXT() REPRESENTATION_CONTEXT('2D SPACE',''
  ) );
#2755 = ORIENTED_EDGE('',*,*,#1820,.T.);
#2756 = ORIENTED_EDGE('',*,*,#1640,.F.);
#2757 = ADVANCED_FACE('',(#2758),#1625,.F.);
#2758 = FACE_BOUND('',#2759,.T.);
#2759 = EDGE_LOOP('',(#2760,#2761,#2784,#2946));
#2760 = ORIENTED_EDGE('',*,*,#1604,.T.);
#2761 = ORIENTED_EDGE('',*,*,#2762,.T.);
#2762 = EDGE_CURVE('',#1605,#2763,#2765,.T.);
#2763 = VERTEX_POINT('',#2764);
#2764 = CARTESIAN_POINT('',(-8.1,25.7,17.));
#2765 = SEAM_CURVE('',#2766,(#2770,#2777),.PCURVE_S1.);
#2766 = LINE('',#2767,#2768);
#2767 = CARTESIAN_POINT('',(-15.,25.7,17.));
#2768 = VECTOR('',#2769,1.);
#2769 = DIRECTION('',(1.,0.,0.));
#2770 = PCURVE('',#1625,#2771);
#2771 = DEFINITIONAL_REPRESENTATION('',(#2772),#2776);
#2772 = LINE('',#2773,#2774);
#2773 = CARTESIAN_POINT('',(-6.28318530718,0.));
#2774 = VECTOR('',#2775,1.);
#2775 = DIRECTION('',(-0.,-1.));
#2776 = ( GEOMETRIC_REPRESENTATION_CONTEXT(2) 
PARAMETRIC_REPRESENTATION_CONTEXT() REPRESENTATION_CONTEXT('2D SPACE',''
  ) );
#2777 = PCURVE('',#1625,#2778);
#2778 = DEFINITIONAL_REPRESENTATION('',(#2779),#2783);
#2779 = LINE('',#2780,#2781);
#2780 = CARTESIAN_POINT('',(-0.,0.));
#2781 = VECTOR('',#2782,1.);
#2782 = DIRECTION('',(-0.,-1.));
#2783 = ( GEOMETRIC_REPRESENTATION_CONTEXT(2) 
PARAMETRIC_REPRESENTATION_CONTEXT() REPRESENTATION_CONTEXT('2D SPACE',''
  ) );
#2784 = ORIENTED_EDGE('',*,*,#2785,.T.);
#2785 = EDGE_CURVE('',#2763,#2763,#2786,.T.);
#2786 = SURFACE_CURVE('',#2787,(#2838,#2892),.PCURVE_S1.);
#2787 = B_SPLINE_CURVE_WITH_KNOTS('',7,(#2788,#2789,#2790,#2791,#2792,
    #2793,#2794,#2795,#2796,#2797,#2798,#2799,#2800,#2801,#2802,#2803,
    #2804,#2805,#2806,#2807,#2808,#2809,#2810,#2811,#2812,#2813,#2814,
    #2815,#2816,#2817,#2818,#2819,#2820,#2821,#2822,#2823,#2824,#2825,
    #2826,#2827,#2828,#2829,#2830,#2831,#2832,#2833,#2834,#2835,#2836,
    #2837),.UNSPECIFIED.,.T.,.F.,(8,6,6,6,6,6,6,6,8),(0.,0.118669253021,
    0.250002227395,0.381341543449,0.499994743817,0.618675371455,
    0.750018583166,0.881361907642,1.),.UNSPECIFIED.);
#2788 = CARTESIAN_POINT('',(-8.1,25.7,17.));
#2789 = CARTESIAN_POINT('',(-8.1,25.7,17.215066360673));
#2790 = CARTESIAN_POINT('',(-8.093337727593,25.668257627216,
    17.425180661613));
#2791 = CARTESIAN_POINT('',(-8.080567182719,25.607402342632,
    17.624783727991));
#2792 = CARTESIAN_POINT('',(-8.063213868367,25.521169328889,
    17.809095067148));
#2793 = CARTESIAN_POINT('',(-8.043460812731,25.414376894644,
    17.974304451756));
#2794 = CARTESIAN_POINT('',(-8.023422694678,25.292922952292,
    18.117926484302));
#2795 = CARTESIAN_POINT('',(-7.983853732708,25.02075046452,
    18.373513462684));
#2796 = CARTESIAN_POINT('',(-7.964081975625,24.864691230205,
    18.483845928447));
#2797 = CARTESIAN_POINT('',(-7.946913457023,24.699643937878,
    18.570949771412));
#2798 = CARTESIAN_POINT('',(-7.933413964074,24.528545805389,
    18.63562815988));
#2799 = CARTESIAN_POINT('',(-7.924206003539,24.353668984824,
    18.678523535855));
#2800 = CARTESIAN_POINT('',(-7.919595949289,24.176903325359,18.7));
#2801 = CARTESIAN_POINT('',(-7.919595949289,23.823088132502,18.7));
#2802 = CARTESIAN_POINT('',(-7.924206436676,23.646323712809,
    18.678521497955));
#2803 = CARTESIAN_POINT('',(-7.93341440942,23.471451750118,
    18.63562614045));
#2804 = CARTESIAN_POINT('',(-7.946913373826,23.300357508711,
    18.570949739265));
#2805 = CARTESIAN_POINT('',(-7.964081700402,23.135310931411,
    18.483847518182));
#2806 = CARTESIAN_POINT('',(-7.983853616361,22.979250335768,
    18.373514214205));
#2807 = CARTESIAN_POINT('',(-8.023419352287,22.707100038122,
    18.117948073738));
#2808 = CARTESIAN_POINT('',(-8.043458069323,22.585636120878,
    17.974327221103));
#2809 = CARTESIAN_POINT('',(-8.06321463025,22.478823778354,
    17.809098272709));
#2810 = CARTESIAN_POINT('',(-8.08057113674,22.392578766615,
    17.624755740992));
#2811 = CARTESIAN_POINT('',(-8.093340812451,22.331727700845,
    17.425127358426));
#2812 = CARTESIAN_POINT('',(-8.1,22.3,17.215016658517));
#2813 = CARTESIAN_POINT('',(-8.1,22.3,16.784933639327));
#2814 = CARTESIAN_POINT('',(-8.093337727593,22.331742372784,
    16.574819338387));
#2815 = CARTESIAN_POINT('',(-8.080567182719,22.392597657369,
    16.375216272008));
#2816 = CARTESIAN_POINT('',(-8.063213868367,22.47883067111,
    16.190904932852));
#2817 = CARTESIAN_POINT('',(-8.043460812731,22.585623105356,
    16.025695548243));
#2818 = CARTESIAN_POINT('',(-8.023422694678,22.707077047708,
    15.882073515698));
#2819 = CARTESIAN_POINT('',(-7.983854104794,22.979246976114,
    15.626488940721));
#2820 = CARTESIAN_POINT('',(-7.964081774487,23.135309460212,
    15.516152155813));
#2821 = CARTESIAN_POINT('',(-7.946912923312,23.300360311573,
    15.429048194852));
#2822 = CARTESIAN_POINT('',(-7.933414135962,23.471456325485,
    15.364372578545));
#2823 = CARTESIAN_POINT('',(-7.924206432526,23.646326621819,
    15.32147848107));
#2824 = CARTESIAN_POINT('',(-7.919595949289,23.82308828439,15.3));
#2825 = CARTESIAN_POINT('',(-7.919595949289,24.176911867498,15.3));
#2826 = CARTESIAN_POINT('',(-7.924206436676,24.353676287191,
    15.321478502045));
#2827 = CARTESIAN_POINT('',(-7.93341440942,24.52854824988,15.36437385955
    ));
#2828 = CARTESIAN_POINT('',(-7.946913373826,24.69964249129,
    15.429050260736));
#2829 = CARTESIAN_POINT('',(-7.964081700402,24.864689068588,
    15.516152481818));
#2830 = CARTESIAN_POINT('',(-7.983853616361,25.020749664232,
    15.626485785795));
#2831 = CARTESIAN_POINT('',(-8.023416388142,25.292879573197,
    15.882032780017));
#2832 = CARTESIAN_POINT('',(-8.043456632817,25.414359193624,
    16.025659044469));
#2833 = CARTESIAN_POINT('',(-8.06321675193,25.521189056196,
    16.190910799273));
#2834 = CARTESIAN_POINT('',(-8.080574961427,25.607439306123,
    16.375278701674));
#2835 = CARTESIAN_POINT('',(-8.093343107188,25.66828328058,
    16.574919911384));
#2836 = CARTESIAN_POINT('',(-8.1,25.7,16.785020542362));
#2837 = CARTESIAN_POINT('',(-8.1,25.7,17.));
#2838 = PCURVE('',#1625,#2839);
#2839 = DEFINITIONAL_REPRESENTATION('',(#2840),#2891);
#2840 = B_SPLINE_CURVE_WITH_KNOTS('',7,(#2841,#2842,#2843,#2844,#2845,
    #2846,#2847,#2848,#2849,#2850,#2851,#2852,#2853,#2854,#2855,#2856,
    #2857,#2858,#2859,#2860,#2861,#2862,#2863,#2864,#2865,#2866,#2867,
    #2868,#2869,#2870,#2871,#2872,#2873,#2874,#2875,#2876,#2877,#2878,
    #2879,#2880,#2881,#2882,#2883,#2884,#2885,#2886,#2887,#2888,#2889,
    #2890),.UNSPECIFIED.,.F.,.F.,(8,6,6,6,6,6,6,6,8),(0.,0.118669253021,
    0.250002227395,0.381341543449,0.499994743817,0.618675371455,
    0.750018583166,0.881361907642,1.),.UNSPECIFIED.);
#2841 = CARTESIAN_POINT('',(0.,-6.9));
#2842 = CARTESIAN_POINT('',(-0.126509623925,-6.9));
#2843 = CARTESIAN_POINT('',(-0.250106165987,-6.906662272407));
#2844 = CARTESIAN_POINT('',(-0.370827262889,-6.919432817281));
#2845 = CARTESIAN_POINT('',(-0.488481038181,-6.936786131633));
#2846 = CARTESIAN_POINT('',(-0.602649834309,-6.956539187269));
#2847 = CARTESIAN_POINT('',(-0.71256295439,-6.976577305322));
#2848 = CARTESIAN_POINT('',(-0.932190325682,-7.016146267292));
#2849 = CARTESIAN_POINT('',(-1.043537559063,-7.035918024376));
#2850 = CARTESIAN_POINT('',(-1.151892802289,-7.053086542977));
#2851 = CARTESIAN_POINT('',(-1.258045940391,-7.066586035926));
#2852 = CARTESIAN_POINT('',(-1.362755903702,-7.075793996461));
#2853 = CARTESIAN_POINT('',(-1.466735547172,-7.080404050711));
#2854 = CARTESIAN_POINT('',(-1.674862131205,-7.080404050711));
#2855 = CARTESIAN_POINT('',(-1.778841028811,-7.075793563324));
#2856 = CARTESIAN_POINT('',(-1.883548439326,-7.06658559058));
#2857 = CARTESIAN_POINT('',(-1.989699169221,-7.053086626174));
#2858 = CARTESIAN_POINT('',(-2.09805353532,-7.035918299598));
#2859 = CARTESIAN_POINT('',(-2.209401682121,-7.016146383639));
#2860 = CARTESIAN_POINT('',(-2.429011147272,-6.976580647713));
#2861 = CARTESIAN_POINT('',(-2.538928073464,-6.956541930677));
#2862 = CARTESIAN_POINT('',(-2.653112272407,-6.93678536975));
#2863 = CARTESIAN_POINT('',(-2.770784120445,-6.91942886326));
#2864 = CARTESIAN_POINT('',(-2.891517847047,-6.906659187549));
#2865 = CARTESIAN_POINT('',(-3.015112266227,-6.9));
#2866 = CARTESIAN_POINT('',(-3.268102277515,-6.9));
#2867 = CARTESIAN_POINT('',(-3.391698819577,-6.906662272407));
#2868 = CARTESIAN_POINT('',(-3.512419916479,-6.919432817281));
#2869 = CARTESIAN_POINT('',(-3.63007369177,-6.936786131633));
#2870 = CARTESIAN_POINT('',(-3.744242487899,-6.956539187269));
#2871 = CARTESIAN_POINT('',(-3.854155607979,-6.976577305322));
#2872 = CARTESIAN_POINT('',(-4.073780914013,-7.016145895206));
#2873 = CARTESIAN_POINT('',(-4.185131269317,-7.035918225513));
#2874 = CARTESIAN_POINT('',(-4.293488009907,-7.053087076688));
#2875 = CARTESIAN_POINT('',(-4.399639590759,-7.066585864038));
#2876 = CARTESIAN_POINT('',(-4.504345979449,-7.075793567474));
#2877 = CARTESIAN_POINT('',(-4.60832326532,-7.080404050711));
#2878 = CARTESIAN_POINT('',(-4.816454784795,-7.080404050711));
#2879 = CARTESIAN_POINT('',(-4.920433682401,-7.075793563324));
#2880 = CARTESIAN_POINT('',(-5.025141092915,-7.06658559058));
#2881 = CARTESIAN_POINT('',(-5.131291822811,-7.053086626174));
#2882 = CARTESIAN_POINT('',(-5.23964618891,-7.035918299598));
#2883 = CARTESIAN_POINT('',(-5.350994335711,-7.016146383639));
#2884 = CARTESIAN_POINT('',(-5.570587348383,-6.976583611858));
#2885 = CARTESIAN_POINT('',(-5.680513192905,-6.956543367183));
#2886 = CARTESIAN_POINT('',(-5.79471318113,-6.93678324807));
#2887 = CARTESIAN_POINT('',(-5.912398728905,-6.919425038573));
#2888 = CARTESIAN_POINT('',(-6.033138311505,-6.906656892812));
#2889 = CARTESIAN_POINT('',(-6.156726802687,-6.9));
#2890 = CARTESIAN_POINT('',(-6.28318530718,-6.9));
#2891 = ( GEOMETRIC_REPRESENTATION_CONTEXT(2) 
PARAMETRIC_REPRESENTATION_CONTEXT() REPRESENTATION_CONTEXT('2D SPACE',''
  ) );
#2892 = PCURVE('',#1709,#2893);
#2893 = DEFINITIONAL_REPRESENTATION('',(#2894),#2945);
#2894 = B_SPLINE_CURVE_WITH_KNOTS('',7,(#2895,#2896,#2897,#2898,#2899,
    #2900,#2901,#2902,#2903,#2904,#2905,#2906,#2907,#2908,#2909,#2910,
    #2911,#2912,#2913,#2914,#2915,#2916,#2917,#2918,#2919,#2920,#2921,
    #2922,#2923,#2924,#2925,#2926,#2927,#2928,#2929,#2930,#2931,#2932,
    #2933,#2934,#2935,#2936,#2937,#2938,#2939,#2940,#2941,#2942,#2943,
    #2944),.UNSPECIFIED.,.T.,.F.,(8,6,6,6,6,6,6,6,8),(0.,0.118669253021,
    0.250002227395,0.381341543449,0.499994743817,0.618675371455,
    0.750018583166,0.881361907642,1.),.UNSPECIFIED.);
#2895 = CARTESIAN_POINT('',(3.14159265359,-16.7));
#2896 = CARTESIAN_POINT('',(3.115041251038,-16.7));
#2897 = CARTESIAN_POINT('',(3.089101184317,-16.66825762721));
#2898 = CARTESIAN_POINT('',(3.064428419265,-16.60740234263));
#2899 = CARTESIAN_POINT('',(3.041588085312,-16.52116932888));
#2900 = CARTESIAN_POINT('',(3.021053067917,-16.41437689464));
#2901 = CARTESIAN_POINT('',(3.003152241223,-16.29292295229));
#2902 = CARTESIAN_POINT('',(2.971222389777,-16.02075046452));
#2903 = CARTESIAN_POINT('',(2.957388008254,-15.8646912302));
#2904 = CARTESIAN_POINT('',(2.946429055198,-15.69964393787));
#2905 = CARTESIAN_POINT('',(2.938272142177,-15.52854580538));
#2906 = CARTESIAN_POINT('',(2.932855776715,-15.35366898482));
#2907 = CARTESIAN_POINT('',(2.930143964611,-15.17690332535));
#2908 = CARTESIAN_POINT('',(2.930143964611,-14.8230881325));
#2909 = CARTESIAN_POINT('',(2.932856033973,-14.6463237128));
#2910 = CARTESIAN_POINT('',(2.938272397337,-14.47145175011));
#2911 = CARTESIAN_POINT('',(2.946429057139,-14.30035750871));
#2912 = CARTESIAN_POINT('',(2.957387809165,-14.13531093141));
#2913 = CARTESIAN_POINT('',(2.971222295892,-13.97925033576));
#2914 = CARTESIAN_POINT('',(3.003149544108,-13.70710003812));
#2915 = CARTESIAN_POINT('',(3.021050237419,-13.58563612087));
#2916 = CARTESIAN_POINT('',(3.041587708313,-13.47882377835));
#2917 = CARTESIAN_POINT('',(3.064431896405,-13.39257876661));
#2918 = CARTESIAN_POINT('',(3.08910776512,-13.33172770084));
#2919 = CARTESIAN_POINT('',(3.115047387106,-13.3));
#2920 = CARTESIAN_POINT('',(3.168144056142,-13.3));
#2921 = CARTESIAN_POINT('',(3.194084122863,-13.33174237278));
#2922 = CARTESIAN_POINT('',(3.218756887915,-13.39259765736));
#2923 = CARTESIAN_POINT('',(3.241597221867,-13.47883067111));
#2924 = CARTESIAN_POINT('',(3.262132239263,-13.58562310535));
#2925 = CARTESIAN_POINT('',(3.280033065956,-13.7070770477));
#2926 = CARTESIAN_POINT('',(3.311962617151,-13.97924697611));
#2927 = CARTESIAN_POINT('',(3.325797536304,-14.13530946021));
#2928 = CARTESIAN_POINT('',(3.336756510474,-14.30036031157));
#2929 = CARTESIAN_POINT('',(3.344913071851,-14.47145632548));
#2930 = CARTESIAN_POINT('',(3.350329275772,-14.64632662181));
#2931 = CARTESIAN_POINT('',(3.353041342568,-14.82308828439));
#2932 = CARTESIAN_POINT('',(3.353041342568,-15.17691186749));
#2933 = CARTESIAN_POINT('',(3.350329273207,-15.35367628719));
#2934 = CARTESIAN_POINT('',(3.344912909843,-15.52854824988));
#2935 = CARTESIAN_POINT('',(3.336756250041,-15.69964249129));
#2936 = CARTESIAN_POINT('',(3.325797498015,-15.86468906858));
#2937 = CARTESIAN_POINT('',(3.311963011288,-16.02074966423));
#2938 = CARTESIAN_POINT('',(3.280038154965,-16.29287957319));
#2939 = CARTESIAN_POINT('',(3.262136772402,-16.41435919362));
#2940 = CARTESIAN_POINT('',(3.241596454771,-16.52118905619));
#2941 = CARTESIAN_POINT('',(3.218749140824,-16.60743930612));
#2942 = CARTESIAN_POINT('',(3.194071707022,-16.66828328058));
#2943 = CARTESIAN_POINT('',(3.168133327372,-16.7));
#2944 = CARTESIAN_POINT('',(3.14159265359,-16.7));
#2945 = ( GEOMETRIC_REPRESENTATION_CONTEXT(2) 
PARAMETRIC_REPRESENTATION_CONTEXT() REPRESENTATION_CONTEXT('2D SPACE',''
  ) );
#2946 = ORIENTED_EDGE('',*,*,#2762,.F.);
#2947 = ADVANCED_FACE('',(#2948,#3665,#3668),#1709,.F.);
#2948 = FACE_BOUND('',#2949,.F.);
#2949 = EDGE_LOOP('',(#2950,#3044,#3065,#3066,#3067,#3157,#3180,#3263,
    #3292,#3492,#3520,#3543,#3570,#3571,#3599,#3625,#3664));
#2950 = ORIENTED_EDGE('',*,*,#2951,.F.);
#2951 = EDGE_CURVE('',#2952,#2954,#2956,.T.);
#2952 = VERTEX_POINT('',#2953);
#2953 = CARTESIAN_POINT('',(8.1,25.7,17.));
#2954 = VERTEX_POINT('',#2955);
#2955 = CARTESIAN_POINT('',(8.1,22.3,17.));
#2956 = SURFACE_CURVE('',#2957,(#2984,#3014),.PCURVE_S1.);
#2957 = B_SPLINE_CURVE_WITH_KNOTS('',7,(#2958,#2959,#2960,#2961,#2962,
    #2963,#2964,#2965,#2966,#2967,#2968,#2969,#2970,#2971,#2972,#2973,
    #2974,#2975,#2976,#2977,#2978,#2979,#2980,#2981,#2982,#2983),
  .UNSPECIFIED.,.F.,.F.,(8,6,6,6,8),(0.,0.237341001059,0.500009711074,
    0.762691104585,1.),.UNSPECIFIED.);
#2958 = CARTESIAN_POINT('',(8.1,25.7,17.));
#2959 = CARTESIAN_POINT('',(8.1,25.7,17.215066360673));
#2960 = CARTESIAN_POINT('',(8.093337727593,25.668257627216,
    17.425180661613));
#2961 = CARTESIAN_POINT('',(8.080567182719,25.607402342631,
    17.624783727992));
#2962 = CARTESIAN_POINT('',(8.063213868367,25.52116932889,
    17.809095067148));
#2963 = CARTESIAN_POINT('',(8.043460812731,25.414376894644,
    17.974304451757));
#2964 = CARTESIAN_POINT('',(8.023422694678,25.292922952292,
    18.117926484302));
#2965 = CARTESIAN_POINT('',(7.983853732708,25.02075046452,
    18.373513462683));
#2966 = CARTESIAN_POINT('',(7.964081975624,24.864691230205,
    18.483845928447));
#2967 = CARTESIAN_POINT('',(7.946913457023,24.699643937879,
    18.570949771412));
#2968 = CARTESIAN_POINT('',(7.933413964074,24.528545805389,
    18.63562815988));
#2969 = CARTESIAN_POINT('',(7.924206003539,24.353668984824,
    18.678523535855));
#2970 = CARTESIAN_POINT('',(7.919595949289,24.176903325359,18.7));
#2971 = CARTESIAN_POINT('',(7.919595949289,23.823088132502,18.7));
#2972 = CARTESIAN_POINT('',(7.924206436676,23.646323712809,
    18.678521497955));
#2973 = CARTESIAN_POINT('',(7.93341440942,23.471451750119,18.63562614045
    ));
#2974 = CARTESIAN_POINT('',(7.946913373826,23.30035750871,
    18.570949739264));
#2975 = CARTESIAN_POINT('',(7.964081700402,23.135310931411,
    18.483847518182));
#2976 = CARTESIAN_POINT('',(7.983853616361,22.979250335768,
    18.373514214205));
#2977 = CARTESIAN_POINT('',(8.023419352287,22.707100038122,
    18.117948073738));
#2978 = CARTESIAN_POINT('',(8.043458069323,22.585636120878,
    17.974327221103));
#2979 = CARTESIAN_POINT('',(8.06321463025,22.478823778354,
    17.809098272709));
#2980 = CARTESIAN_POINT('',(8.08057113674,22.392578766615,
    17.624755740992));
#2981 = CARTESIAN_POINT('',(8.093340812451,22.331727700845,
    17.425127358426));
#2982 = CARTESIAN_POINT('',(8.1,22.3,17.215016658517));
#2983 = CARTESIAN_POINT('',(8.1,22.3,17.));
#2984 = PCURVE('',#1709,#2985);
#2985 = DEFINITIONAL_REPRESENTATION('',(#2986),#3013);
#2986 = B_SPLINE_CURVE_WITH_KNOTS('',7,(#2987,#2988,#2989,#2990,#2991,
    #2992,#2993,#2994,#2995,#2996,#2997,#2998,#2999,#3000,#3001,#3002,
    #3003,#3004,#3005,#3006,#3007,#3008,#3009,#3010,#3011,#3012),
  .UNSPECIFIED.,.F.,.F.,(8,6,6,6,8),(0.,0.237341001059,0.500009711074,
    0.762691104585,1.),.UNSPECIFIED.);
#2987 = CARTESIAN_POINT('',(0.,-16.7));
#2988 = CARTESIAN_POINT('',(2.655140255221E-02,-16.7));
#2989 = CARTESIAN_POINT('',(5.249146927281E-02,-16.66825762721));
#2990 = CARTESIAN_POINT('',(7.716423432484E-02,-16.60740234263));
#2991 = CARTESIAN_POINT('',(0.100004568277,-16.52116932889));
#2992 = CARTESIAN_POINT('',(0.120539585673,-16.41437689464));
#2993 = CARTESIAN_POINT('',(0.138440412367,-16.29292295229));
#2994 = CARTESIAN_POINT('',(0.170370263812,-16.02075046452));
#2995 = CARTESIAN_POINT('',(0.184204645336,-15.8646912302));
#2996 = CARTESIAN_POINT('',(0.195163598391,-15.69964393787));
#2997 = CARTESIAN_POINT('',(0.203320511413,-15.52854580538));
#2998 = CARTESIAN_POINT('',(0.208736876874,-15.35366898482));
#2999 = CARTESIAN_POINT('',(0.211448688978,-15.17690332535));
#3000 = CARTESIAN_POINT('',(0.211448688978,-14.8230881325));
#3001 = CARTESIAN_POINT('',(0.208736619617,-14.6463237128));
#3002 = CARTESIAN_POINT('',(0.203320256253,-14.47145175011));
#3003 = CARTESIAN_POINT('',(0.195163596451,-14.30035750871));
#3004 = CARTESIAN_POINT('',(0.184204844425,-14.13531093141));
#3005 = CARTESIAN_POINT('',(0.170370357698,-13.97925033576));
#3006 = CARTESIAN_POINT('',(0.138443109482,-13.70710003812));
#3007 = CARTESIAN_POINT('',(0.120542416171,-13.58563612087));
#3008 = CARTESIAN_POINT('',(0.100004945277,-13.47882377835));
#3009 = CARTESIAN_POINT('',(7.716075718447E-02,-13.39257876661));
#3010 = CARTESIAN_POINT('',(5.248488847026E-02,-13.33172770084));
#3011 = CARTESIAN_POINT('',(2.654526648364E-02,-13.3));
#3012 = CARTESIAN_POINT('',(0.,-13.3));
#3013 = ( GEOMETRIC_REPRESENTATION_CONTEXT(2) 
PARAMETRIC_REPRESENTATION_CONTEXT() REPRESENTATION_CONTEXT('2D SPACE',''
  ) );
#3014 = PCURVE('',#1866,#3015);
#3015 = DEFINITIONAL_REPRESENTATION('',(#3016),#3043);
#3016 = B_SPLINE_CURVE_WITH_KNOTS('',7,(#3017,#3018,#3019,#3020,#3021,
    #3022,#3023,#3024,#3025,#3026,#3027,#3028,#3029,#3030,#3031,#3032,
    #3033,#3034,#3035,#3036,#3037,#3038,#3039,#3040,#3041,#3042),
  .UNSPECIFIED.,.F.,.F.,(8,6,6,6,8),(0.,0.237341001059,0.500009711074,
    0.762691104585,1.),.UNSPECIFIED.);
#3017 = CARTESIAN_POINT('',(0.,-23.1));
#3018 = CARTESIAN_POINT('',(-0.126509623925,-23.1));
#3019 = CARTESIAN_POINT('',(-0.250106165987,-23.09333772759));
#3020 = CARTESIAN_POINT('',(-0.37082726289,-23.08056718271));
#3021 = CARTESIAN_POINT('',(-0.48848103818,-23.06321386836));
#3022 = CARTESIAN_POINT('',(-0.602649834309,-23.04346081273));
#3023 = CARTESIAN_POINT('',(-0.712562954389,-23.02342269467));
#3024 = CARTESIAN_POINT('',(-0.932190325682,-22.9838537327));
#3025 = CARTESIAN_POINT('',(-1.043537559063,-22.96408197562));
#3026 = CARTESIAN_POINT('',(-1.151892802289,-22.94691345702));
#3027 = CARTESIAN_POINT('',(-1.258045940391,-22.93341396407));
#3028 = CARTESIAN_POINT('',(-1.362755903702,-22.92420600353));
#3029 = CARTESIAN_POINT('',(-1.466735547172,-22.91959594928));
#3030 = CARTESIAN_POINT('',(-1.674862131205,-22.91959594928));
#3031 = CARTESIAN_POINT('',(-1.778841028811,-22.92420643667));
#3032 = CARTESIAN_POINT('',(-1.883548439325,-22.93341440942));
#3033 = CARTESIAN_POINT('',(-1.989699169221,-22.94691337382));
#3034 = CARTESIAN_POINT('',(-2.09805353532,-22.9640817004));
#3035 = CARTESIAN_POINT('',(-2.209401682121,-22.98385361636));
#3036 = CARTESIAN_POINT('',(-2.429011147272,-23.02341935228));
#3037 = CARTESIAN_POINT('',(-2.538928073464,-23.04345806932));
#3038 = CARTESIAN_POINT('',(-2.653112272407,-23.06321463025));
#3039 = CARTESIAN_POINT('',(-2.770784120445,-23.08057113674));
#3040 = CARTESIAN_POINT('',(-2.891517847047,-23.09334081245));
#3041 = CARTESIAN_POINT('',(-3.015112266227,-23.1));
#3042 = CARTESIAN_POINT('',(-3.14159265359,-23.1));
#3043 = ( GEOMETRIC_REPRESENTATION_CONTEXT(2) 
PARAMETRIC_REPRESENTATION_CONTEXT() REPRESENTATION_CONTEXT('2D SPACE',''
  ) );
#3044 = ORIENTED_EDGE('',*,*,#3045,.T.);
#3045 = EDGE_CURVE('',#2952,#1689,#3046,.T.);
#3046 = SEAM_CURVE('',#3047,(#3051,#3058),.PCURVE_S1.);
#3047 = LINE('',#3048,#3049);
#3048 = CARTESIAN_POINT('',(8.1,9.,17.));
#3049 = VECTOR('',#3050,1.);
#3050 = DIRECTION('',(-0.,1.,-0.));
#3051 = PCURVE('',#1709,#3052);
#3052 = DEFINITIONAL_REPRESENTATION('',(#3053),#3057);
#3053 = LINE('',#3054,#3055);
#3054 = CARTESIAN_POINT('',(6.28318530718,0.));
#3055 = VECTOR('',#3056,1.);
#3056 = DIRECTION('',(0.,-1.));
#3057 = ( GEOMETRIC_REPRESENTATION_CONTEXT(2) 
PARAMETRIC_REPRESENTATION_CONTEXT() REPRESENTATION_CONTEXT('2D SPACE',''
  ) );
#3058 = PCURVE('',#1709,#3059);
#3059 = DEFINITIONAL_REPRESENTATION('',(#3060),#3064);
#3060 = LINE('',#3061,#3062);
#3061 = CARTESIAN_POINT('',(0.,0.));
#3062 = VECTOR('',#3063,1.);
#3063 = DIRECTION('',(0.,-1.));
#3064 = ( GEOMETRIC_REPRESENTATION_CONTEXT(2) 
PARAMETRIC_REPRESENTATION_CONTEXT() REPRESENTATION_CONTEXT('2D SPACE',''
  ) );
#3065 = ORIENTED_EDGE('',*,*,#1688,.T.);
#3066 = ORIENTED_EDGE('',*,*,#3045,.F.);
#3067 = ORIENTED_EDGE('',*,*,#3068,.F.);
#3068 = EDGE_CURVE('',#2954,#2952,#3069,.T.);
#3069 = SURFACE_CURVE('',#3070,(#3097,#3127),.PCURVE_S1.);
#3070 = B_SPLINE_CURVE_WITH_KNOTS('',7,(#3071,#3072,#3073,#3074,#3075,
    #3076,#3077,#3078,#3079,#3080,#3081,#3082,#3083,#3084,#3085,#3086,
    #3087,#3088,#3089,#3090,#3091,#3092,#3093,#3094,#3095,#3096),
  .UNSPECIFIED.,.F.,.F.,(8,6,6,6,8),(0.,0.237358760073,0.50004242207,
    0.762726309593,1.),.UNSPECIFIED.);
#3071 = CARTESIAN_POINT('',(8.1,22.3,17.));
#3072 = CARTESIAN_POINT('',(8.1,22.3,16.784933639327));
#3073 = CARTESIAN_POINT('',(8.093337727593,22.331742372784,
    16.574819338387));
#3074 = CARTESIAN_POINT('',(8.080567182719,22.392597657369,
    16.375216272008));
#3075 = CARTESIAN_POINT('',(8.063213868367,22.47883067111,
    16.190904932853));
#3076 = CARTESIAN_POINT('',(8.043460812731,22.585623105356,
    16.025695548243));
#3077 = CARTESIAN_POINT('',(8.023422694678,22.707077047708,
    15.882073515698));
#3078 = CARTESIAN_POINT('',(7.983854104794,22.979246976114,
    15.626488940721));
#3079 = CARTESIAN_POINT('',(7.964081774487,23.135309460212,
    15.516152155813));
#3080 = CARTESIAN_POINT('',(7.946912923312,23.300360311574,
    15.429048194852));
#3081 = CARTESIAN_POINT('',(7.933414135962,23.471456325485,
    15.364372578545));
#3082 = CARTESIAN_POINT('',(7.924206432526,23.646326621819,
    15.32147848107));
#3083 = CARTESIAN_POINT('',(7.919595949289,23.82308828439,15.3));
#3084 = CARTESIAN_POINT('',(7.919595949289,24.176911867498,15.3));
#3085 = CARTESIAN_POINT('',(7.924206436676,24.353676287191,
    15.321478502045));
#3086 = CARTESIAN_POINT('',(7.93341440942,24.528548249882,15.36437385955
    ));
#3087 = CARTESIAN_POINT('',(7.946913373826,24.699642491289,
    15.429050260735));
#3088 = CARTESIAN_POINT('',(7.964081700402,24.864689068589,
    15.516152481818));
#3089 = CARTESIAN_POINT('',(7.983853616361,25.020749664232,
    15.626485785795));
#3090 = CARTESIAN_POINT('',(8.023416388141,25.292879573197,
    15.882032780016));
#3091 = CARTESIAN_POINT('',(8.043456632817,25.414359193624,
    16.025659044469));
#3092 = CARTESIAN_POINT('',(8.06321675193,25.521189056195,
    16.190910799273));
#3093 = CARTESIAN_POINT('',(8.080574961427,25.607439306123,
    16.375278701674));
#3094 = CARTESIAN_POINT('',(8.093343107188,25.668283280579,
    16.574919911384));
#3095 = CARTESIAN_POINT('',(8.1,25.7,16.785020542362));
#3096 = CARTESIAN_POINT('',(8.1,25.7,17.));
#3097 = PCURVE('',#1709,#3098);
#3098 = DEFINITIONAL_REPRESENTATION('',(#3099),#3126);
#3099 = B_SPLINE_CURVE_WITH_KNOTS('',7,(#3100,#3101,#3102,#3103,#3104,
    #3105,#3106,#3107,#3108,#3109,#3110,#3111,#3112,#3113,#3114,#3115,
    #3116,#3117,#3118,#3119,#3120,#3121,#3122,#3123,#3124,#3125),
  .UNSPECIFIED.,.F.,.F.,(8,6,6,6,8),(0.,0.237358760073,0.50004242207,
    0.762726309593,1.),.UNSPECIFIED.);
#3100 = CARTESIAN_POINT('',(6.28318530718,-13.3));
#3101 = CARTESIAN_POINT('',(6.256633904627,-13.3));
#3102 = CARTESIAN_POINT('',(6.230693837907,-13.33174237278));
#3103 = CARTESIAN_POINT('',(6.206021072855,-13.39259765736));
#3104 = CARTESIAN_POINT('',(6.183180738902,-13.47883067111));
#3105 = CARTESIAN_POINT('',(6.162645721507,-13.58562310535));
#3106 = CARTESIAN_POINT('',(6.144744894813,-13.7070770477));
#3107 = CARTESIAN_POINT('',(6.112815343619,-13.97924697611));
#3108 = CARTESIAN_POINT('',(6.098980424465,-14.13530946021));
#3109 = CARTESIAN_POINT('',(6.088021450295,-14.30036031157));
#3110 = CARTESIAN_POINT('',(6.079864888919,-14.47145632548));
#3111 = CARTESIAN_POINT('',(6.074448684997,-14.64632662181));
#3112 = CARTESIAN_POINT('',(6.071736618201,-14.82308828439));
#3113 = CARTESIAN_POINT('',(6.071736618201,-15.17691186749));
#3114 = CARTESIAN_POINT('',(6.074448687563,-15.35367628719));
#3115 = CARTESIAN_POINT('',(6.079865050926,-15.52854824988));
#3116 = CARTESIAN_POINT('',(6.088021710728,-15.69964249128));
#3117 = CARTESIAN_POINT('',(6.098980462754,-15.86468906858));
#3118 = CARTESIAN_POINT('',(6.112814949481,-16.02074966423));
#3119 = CARTESIAN_POINT('',(6.144739805805,-16.29287957319));
#3120 = CARTESIAN_POINT('',(6.162641188367,-16.41435919362));
#3121 = CARTESIAN_POINT('',(6.183181505999,-16.52118905619));
#3122 = CARTESIAN_POINT('',(6.206028819946,-16.60743930612));
#3123 = CARTESIAN_POINT('',(6.230706253747,-16.66828328058));
#3124 = CARTESIAN_POINT('',(6.256644633397,-16.7));
#3125 = CARTESIAN_POINT('',(6.28318530718,-16.7));
#3126 = ( GEOMETRIC_REPRESENTATION_CONTEXT(2) 
PARAMETRIC_REPRESENTATION_CONTEXT() REPRESENTATION_CONTEXT('2D SPACE',''
  ) );
#3127 = PCURVE('',#1866,#3128);
#3128 = DEFINITIONAL_REPRESENTATION('',(#3129),#3156);
#3129 = B_SPLINE_CURVE_WITH_KNOTS('',7,(#3130,#3131,#3132,#3133,#3134,
    #3135,#3136,#3137,#3138,#3139,#3140,#3141,#3142,#3143,#3144,#3145,
    #3146,#3147,#3148,#3149,#3150,#3151,#3152,#3153,#3154,#3155),
  .UNSPECIFIED.,.F.,.F.,(8,6,6,6,8),(0.,0.237358760073,0.50004242207,
    0.762726309593,1.),.UNSPECIFIED.);
#3130 = CARTESIAN_POINT('',(-3.14159265359,-23.1));
#3131 = CARTESIAN_POINT('',(-3.268102277515,-23.1));
#3132 = CARTESIAN_POINT('',(-3.391698819577,-23.09333772759));
#3133 = CARTESIAN_POINT('',(-3.51241991648,-23.08056718271));
#3134 = CARTESIAN_POINT('',(-3.63007369177,-23.06321386836));
#3135 = CARTESIAN_POINT('',(-3.744242487899,-23.04346081273));
#3136 = CARTESIAN_POINT('',(-3.854155607979,-23.02342269467));
#3137 = CARTESIAN_POINT('',(-4.073780914013,-22.98385410479));
#3138 = CARTESIAN_POINT('',(-4.185131269316,-22.96408177448));
#3139 = CARTESIAN_POINT('',(-4.293488009908,-22.94691292331));
#3140 = CARTESIAN_POINT('',(-4.399639590759,-22.93341413596));
#3141 = CARTESIAN_POINT('',(-4.504345979449,-22.92420643252));
#3142 = CARTESIAN_POINT('',(-4.60832326532,-22.91959594928));
#3143 = CARTESIAN_POINT('',(-4.816454784795,-22.91959594928));
#3144 = CARTESIAN_POINT('',(-4.920433682401,-22.92420643667));
#3145 = CARTESIAN_POINT('',(-5.025141092915,-22.93341440942));
#3146 = CARTESIAN_POINT('',(-5.131291822811,-22.94691337382));
#3147 = CARTESIAN_POINT('',(-5.23964618891,-22.9640817004));
#3148 = CARTESIAN_POINT('',(-5.350994335711,-22.98385361636));
#3149 = CARTESIAN_POINT('',(-5.570587348383,-23.02341638814));
#3150 = CARTESIAN_POINT('',(-5.680513192905,-23.04345663281));
#3151 = CARTESIAN_POINT('',(-5.794713181129,-23.06321675193));
#3152 = CARTESIAN_POINT('',(-5.912398728905,-23.08057496142));
#3153 = CARTESIAN_POINT('',(-6.033138311505,-23.09334310718));
#3154 = CARTESIAN_POINT('',(-6.156726802687,-23.1));
#3155 = CARTESIAN_POINT('',(-6.28318530718,-23.1));
#3156 = ( GEOMETRIC_REPRESENTATION_CONTEXT(2) 
PARAMETRIC_REPRESENTATION_CONTEXT() REPRESENTATION_CONTEXT('2D SPACE',''
  ) );
#3157 = ORIENTED_EDGE('',*,*,#3158,.F.);
#3158 = EDGE_CURVE('',#3159,#2954,#3161,.T.);
#3159 = VERTEX_POINT('',#3160);
#3160 = CARTESIAN_POINT('',(8.1,19.950319638596,17.));
#3161 = SEAM_CURVE('',#3162,(#3166,#3173),.PCURVE_S1.);
#3162 = LINE('',#3163,#3164);
#3163 = CARTESIAN_POINT('',(8.1,9.,17.));
#3164 = VECTOR('',#3165,1.);
#3165 = DIRECTION('',(-0.,1.,-0.));
#3166 = PCURVE('',#1709,#3167);
#3167 = DEFINITIONAL_REPRESENTATION('',(#3168),#3172);
#3168 = LINE('',#3169,#3170);
#3169 = CARTESIAN_POINT('',(0.,0.));
#3170 = VECTOR('',#3171,1.);
#3171 = DIRECTION('',(0.,-1.));
#3172 = ( GEOMETRIC_REPRESENTATION_CONTEXT(2) 
PARAMETRIC_REPRESENTATION_CONTEXT() REPRESENTATION_CONTEXT('2D SPACE',''
  ) );
#3173 = PCURVE('',#1709,#3174);
#3174 = DEFINITIONAL_REPRESENTATION('',(#3175),#3179);
#3175 = LINE('',#3176,#3177);
#3176 = CARTESIAN_POINT('',(6.28318530718,0.));
#3177 = VECTOR('',#3178,1.);
#3178 = DIRECTION('',(0.,-1.));
#3179 = ( GEOMETRIC_REPRESENTATION_CONTEXT(2) 
PARAMETRIC_REPRESENTATION_CONTEXT() REPRESENTATION_CONTEXT('2D SPACE',''
  ) );
#3180 = ORIENTED_EDGE('',*,*,#3181,.F.);
#3181 = EDGE_CURVE('',#3182,#3159,#3184,.T.);
#3182 = VERTEX_POINT('',#3183);
#3183 = CARTESIAN_POINT('',(6.9961656492,19.0258683431,12.917884591421)
  );
#3184 = SURFACE_CURVE('',#3185,(#3209,#3236),.PCURVE_S1.);
#3185 = B_SPLINE_CURVE_WITH_KNOTS('',8,(#3186,#3187,#3188,#3189,#3190,
    #3191,#3192,#3193,#3194,#3195,#3196,#3197,#3198,#3199,#3200,#3201,
    #3202,#3203,#3204,#3205,#3206,#3207,#3208),.UNSPECIFIED.,.F.,.F.,(9,
    7,7,9),(0.,0.18100867465,0.331433408588,1.),.UNSPECIFIED.);
#3186 = CARTESIAN_POINT('',(6.9961656492,19.0258683431,12.917884591421)
  );
#3187 = CARTESIAN_POINT('',(7.029799644162,19.097996678059,
    12.975528478633));
#3188 = CARTESIAN_POINT('',(7.065909918356,19.165360282668,
    13.038663068026));
#3189 = CARTESIAN_POINT('',(7.103862106682,19.228047950746,
    13.106594168396));
#3190 = CARTESIAN_POINT('',(7.143090028424,19.286204403092,
    13.178694558551));
#3191 = CARTESIAN_POINT('',(7.183095040722,19.340015455301,
    13.254388148738));
#3192 = CARTESIAN_POINT('',(7.223442626198,19.38969440583,
    13.333135407804));
#3193 = CARTESIAN_POINT('',(7.263756214745,19.435469644306,
    13.414420056087));
#3194 = CARTESIAN_POINT('',(7.336909812262,19.512563285445,
    13.566976427954));
#3195 = CARTESIAN_POINT('',(7.369911385331,19.545070172413,
    13.637722764193));
#3196 = CARTESIAN_POINT('',(7.40256915836,19.575261571582,
    13.709788093247));
#3197 = CARTESIAN_POINT('',(7.434763779533,19.603296440988,
    13.783005937108));
#3198 = CARTESIAN_POINT('',(7.466397800244,19.629325443237,
    13.857231524071));
#3199 = CARTESIAN_POINT('',(7.497393129831,19.653491122625,
    13.932342033523));
#3200 = CARTESIAN_POINT('',(7.527688490289,19.675928082266,
    14.008236840746));
#3201 = CARTESIAN_POINT('',(7.688565407595,19.789365204427,
    14.42529252128));
#3202 = CARTESIAN_POINT('',(7.805949759949,19.850895043514,
    14.781800196856));
#3203 = CARTESIAN_POINT('',(7.904362512286,19.891353641041,
    15.146322064049));
#3204 = CARTESIAN_POINT('',(7.98276145736,19.917711810698,
    15.514516749532));
#3205 = CARTESIAN_POINT('',(8.041198513258,19.934685422977,
    15.884003747008));
#3206 = CARTESIAN_POINT('',(8.08024061381,19.945064563598,
    16.254124525463));
#3207 = CARTESIAN_POINT('',(8.1,19.950319638596,16.625776225936));
#3208 = CARTESIAN_POINT('',(8.1,19.950319638596,17.));
#3209 = PCURVE('',#1709,#3210);
#3210 = DEFINITIONAL_REPRESENTATION('',(#3211),#3235);
#3211 = B_SPLINE_CURVE_WITH_KNOTS('',8,(#3212,#3213,#3214,#3215,#3216,
    #3217,#3218,#3219,#3220,#3221,#3222,#3223,#3224,#3225,#3226,#3227,
    #3228,#3229,#3230,#3231,#3232,#3233,#3234),.UNSPECIFIED.,.F.,.F.,(9,
    7,7,9),(0.,0.18100867465,0.331433408588,1.),.UNSPECIFIED.);
#3212 = CARTESIAN_POINT('',(5.755002216708,-10.0258683431));
#3213 = CARTESIAN_POINT('',(5.763241570963,-10.09799667805));
#3214 = CARTESIAN_POINT('',(5.772220484574,-10.16536028266));
#3215 = CARTESIAN_POINT('',(5.781826305776,-10.22804795074));
#3216 = CARTESIAN_POINT('',(5.791958441237,-10.28620440309));
#3217 = CARTESIAN_POINT('',(5.802526568595,-10.3400154553));
#3218 = CARTESIAN_POINT('',(5.813448726226,-10.38969440583));
#3219 = CARTESIAN_POINT('',(5.824649280251,-10.4354696443));
#3220 = CARTESIAN_POINT('',(5.845536802981,-10.51256328544));
#3221 = CARTESIAN_POINT('',(5.855173908243,-10.54507017241));
#3222 = CARTESIAN_POINT('',(5.864940799896,-10.57526157158));
#3223 = CARTESIAN_POINT('',(5.874814043568,-10.60329644098));
#3224 = CARTESIAN_POINT('',(5.884773906263,-10.62932544323));
#3225 = CARTESIAN_POINT('',(5.894804207429,-10.65349112262));
#3226 = CARTESIAN_POINT('',(5.904892170042,-10.67592808226));
#3227 = CARTESIAN_POINT('',(5.960078435558,-10.78936520442));
#3228 = CARTESIAN_POINT('',(6.006358046829,-10.85089504351));
#3229 = CARTESIAN_POINT('',(6.052857356645,-10.89135364104));
#3230 = CARTESIAN_POINT('',(6.099200419319,-10.91771181069));
#3231 = CARTESIAN_POINT('',(6.145257552203,-10.93468542297));
#3232 = CARTESIAN_POINT('',(6.19110194749,-10.94506456359));
#3233 = CARTESIAN_POINT('',(6.236984841246,-10.95031963859));
#3234 = CARTESIAN_POINT('',(6.28318530718,-10.95031963859));
#3235 = ( GEOMETRIC_REPRESENTATION_CONTEXT(2) 
PARAMETRIC_REPRESENTATION_CONTEXT() REPRESENTATION_CONTEXT('2D SPACE',''
  ) );
#3236 = PCURVE('',#2608,#3237);
#3237 = DEFINITIONAL_REPRESENTATION('',(#3238),#3262);
#3238 = B_SPLINE_CURVE_WITH_KNOTS('',8,(#3239,#3240,#3241,#3242,#3243,
    #3244,#3245,#3246,#3247,#3248,#3249,#3250,#3251,#3252,#3253,#3254,
    #3255,#3256,#3257,#3258,#3259,#3260,#3261),.UNSPECIFIED.,.F.,.F.,(9,
    7,7,9),(0.,0.18100867465,0.331433408588,1.),.UNSPECIFIED.);
#3239 = CARTESIAN_POINT('',(0.,-32.91788459142));
#3240 = CARTESIAN_POINT('',(4.681459536844E-02,-32.97552847863));
#3241 = CARTESIAN_POINT('',(9.17046104084E-02,-33.03866306802));
#3242 = CARTESIAN_POINT('',(0.134716004094,-33.10659416839));
#3243 = CARTESIAN_POINT('',(0.175887584568,-33.17869455855));
#3244 = CARTESIAN_POINT('',(0.215254547808,-33.25438814873));
#3245 = CARTESIAN_POINT('',(0.252850169923,-33.3331354078));
#3246 = CARTESIAN_POINT('',(0.288705653091,-33.41442005608));
#3247 = CARTESIAN_POINT('',(0.351221750213,-33.56697642795));
#3248 = CARTESIAN_POINT('',(0.37845506981,-33.63772276419));
#3249 = CARTESIAN_POINT('',(0.404595620999,-33.70978809324));
#3250 = CARTESIAN_POINT('',(0.429686384113,-33.7830059371));
#3251 = CARTESIAN_POINT('',(0.453766855806,-33.85723152407));
#3252 = CARTESIAN_POINT('',(0.476874122115,-33.93234203352));
#3253 = CARTESIAN_POINT('',(0.499043931533,-34.00823684074));
#3254 = CARTESIAN_POINT('',(0.614837213525,-34.42529252128));
#3255 = CARTESIAN_POINT('',(0.692127163731,-34.78180019685));
#3256 = CARTESIAN_POINT('',(0.754433938304,-35.14632206404));
#3257 = CARTESIAN_POINT('',(0.80297056844,-35.51451674953));
#3258 = CARTESIAN_POINT('',(0.83876620086,-35.884003747));
#3259 = CARTESIAN_POINT('',(0.862526284079,-36.25412452546));
#3260 = CARTESIAN_POINT('',(0.87455413043,-36.62577622593));
#3261 = CARTESIAN_POINT('',(0.87455413043,-37.));
#3262 = ( GEOMETRIC_REPRESENTATION_CONTEXT(2) 
PARAMETRIC_REPRESENTATION_CONTEXT() REPRESENTATION_CONTEXT('2D SPACE',''
  ) );
#3263 = ORIENTED_EDGE('',*,*,#3264,.T.);
#3264 = EDGE_CURVE('',#3182,#3265,#3267,.T.);
#3265 = VERTEX_POINT('',#3266);
#3266 = CARTESIAN_POINT('',(3.530695902926,11.594144489399,9.70999407126
    ));
#3267 = SURFACE_CURVE('',#3268,(#3273,#3285),.PCURVE_S1.);
#3268 = ELLIPSE('',#3269,19.166232823535,8.1);
#3269 = AXIS2_PLACEMENT_3D('',#3270,#3271,#3272);
#3270 = CARTESIAN_POINT('',(0.,4.022542691359,17.));
#3271 = DIRECTION('',(-0.906307787037,0.422618261741,0.));
#3272 = DIRECTION('',(-0.422618261741,-0.906307787037,0.));
#3273 = PCURVE('',#1709,#3274);
#3274 = DEFINITIONAL_REPRESENTATION('',(#3275),#3284);
#3275 = B_SPLINE_CURVE_WITH_KNOTS('',7,(#3276,#3277,#3278,#3279,#3280,
    #3281,#3282,#3283),.UNSPECIFIED.,.F.,.F.,(8,8),(3.577451617803,
    4.308383167578),.PIECEWISE_BEZIER_KNOTS.);
#3276 = CARTESIAN_POINT('',(5.847326342966,-10.76904072847));
#3277 = CARTESIAN_POINT('',(5.742907550141,-10.00327086016));
#3278 = CARTESIAN_POINT('',(5.638488757317,-9.037197651497));
#3279 = CARTESIAN_POINT('',(5.53406996449,-7.884458780582));
#3280 = CARTESIAN_POINT('',(5.429651171668,-6.564041070708));
#3281 = CARTESIAN_POINT('',(5.325232378841,-5.099679660119));
#3282 = CARTESIAN_POINT('',(5.220813586016,-3.518756412608));
#3283 = CARTESIAN_POINT('',(5.116394793191,-1.850972104029));
#3284 = ( GEOMETRIC_REPRESENTATION_CONTEXT(2) 
PARAMETRIC_REPRESENTATION_CONTEXT() REPRESENTATION_CONTEXT('2D SPACE',''
  ) );
#3285 = PCURVE('',#2576,#3286);
#3286 = DEFINITIONAL_REPRESENTATION('',(#3287),#3291);
#3287 = ELLIPSE('',#3288,19.166232823535,8.1);
#3288 = AXIS2_PLACEMENT_2D('',#3289,#3290);
#3289 = CARTESIAN_POINT('',(-8.354338235134,-37.));
#3290 = DIRECTION('',(-1.,-0.));
#3291 = ( GEOMETRIC_REPRESENTATION_CONTEXT(2) 
PARAMETRIC_REPRESENTATION_CONTEXT() REPRESENTATION_CONTEXT('2D SPACE',''
  ) );
#3292 = ORIENTED_EDGE('',*,*,#3293,.F.);
#3293 = EDGE_CURVE('',#3294,#3265,#3296,.T.);
#3294 = VERTEX_POINT('',#3295);
#3295 = CARTESIAN_POINT('',(6.612142378851,10.157242399481,
    12.321370589392));
#3296 = SURFACE_CURVE('',#3297,(#3360,#3426),.PCURVE_S1.);
#3297 = B_SPLINE_CURVE_WITH_KNOTS('',7,(#3298,#3299,#3300,#3301,#3302,
    #3303,#3304,#3305,#3306,#3307,#3308,#3309,#3310,#3311,#3312,#3313,
    #3314,#3315,#3316,#3317,#3318,#3319,#3320,#3321,#3322,#3323,#3324,
    #3325,#3326,#3327,#3328,#3329,#3330,#3331,#3332,#3333,#3334,#3335,
    #3336,#3337,#3338,#3339,#3340,#3341,#3342,#3343,#3344,#3345,#3346,
    #3347,#3348,#3349,#3350,#3351,#3352,#3353,#3354,#3355,#3356,#3357,
    #3358,#3359),.UNSPECIFIED.,.F.,.F.,(8,6,6,6,6,6,6,6,6,6,8),(0.,
    0.187941863031,0.327594051669,0.393063114953,0.452767766607,
    0.560650071842,0.648992706091,0.748954567453,0.868870488471,
    0.960278146147,1.),.UNSPECIFIED.);
#3298 = CARTESIAN_POINT('',(6.612142378851,10.157242399481,
    12.321370589392));
#3299 = CARTESIAN_POINT('',(6.554997836247,10.034695532398,
    12.240610217345));
#3300 = CARTESIAN_POINT('',(6.488167763771,9.921067429278,
    12.148602109779));
#3301 = CARTESIAN_POINT('',(6.413055278199,9.816213598182,
    12.048642995732));
#3302 = CARTESIAN_POINT('',(6.330604944274,9.719915282903,
    11.943153012043));
#3303 = CARTESIAN_POINT('',(6.241387638631,9.631923966517,
    11.833685587482));
#3304 = CARTESIAN_POINT('',(6.145533760709,9.552087013479,
    11.721156137439));
#3305 = CARTESIAN_POINT('',(5.96654980812,9.427458143191,11.520637628401
    ));
#3306 = CARTESIAN_POINT('',(5.886582700012,9.37900485719,11.43388882939)
  );
#3307 = CARTESIAN_POINT('',(5.803047988167,9.335391144541,
    11.346285339889));
#3308 = CARTESIAN_POINT('',(5.716028577634,9.296845851592,
    11.258183529763));
#3309 = CARTESIAN_POINT('',(5.625606307638,9.263669141373,
    11.169909526342));
#3310 = CARTESIAN_POINT('',(5.531884840807,9.236241124242,
    11.081780946978));
#3311 = CARTESIAN_POINT('',(5.389609880712,9.205090080746,
    10.953029176201));
#3312 = CARTESIAN_POINT('',(5.343516174193,9.196516008497,
    10.912045112711));
#3313 = CARTESIAN_POINT('',(5.296771562439,9.189361664207,
    10.871219390613));
#3314 = CARTESIAN_POINT('',(5.249412014689,9.183679442812,
    10.830599468185));
#3315 = CARTESIAN_POINT('',(5.201476923189,9.17952289048,10.790231881986
    ));
#3316 = CARTESIAN_POINT('',(5.153009103195,9.176946704609,10.75016224685
    ));
#3317 = CARTESIAN_POINT('',(5.059410805527,9.175149525483,
    10.674206141895));
#3318 = CARTESIAN_POINT('',(5.014359898779,9.175653068545,
    10.638259962648));
#3319 = CARTESIAN_POINT('',(4.968956406045,9.177560401212,10.60264613915
    ));
#3320 = CARTESIAN_POINT('',(4.923257059328,9.180911966109,
    10.567411525816));
#3321 = CARTESIAN_POINT('',(4.87732098932,9.1857456103,10.532600410473)
  );
#3322 = CARTESIAN_POINT('',(4.831209725399,9.192096585282,
    10.498254514356));
#3323 = CARTESIAN_POINT('',(4.701466181313,9.214274055415,
    10.403263628852));
#3324 = CARTESIAN_POINT('',(4.617508235778,9.233624042522,
    10.343706722131));
#3325 = CARTESIAN_POINT('',(4.533680898809,9.258222905404,
    10.286120149634));
#3326 = CARTESIAN_POINT('',(4.450562167428,9.288155347389,
    10.230813176281));
#3327 = CARTESIAN_POINT('',(4.368729415243,9.323414398612,
    10.178031679849));
#3328 = CARTESIAN_POINT('',(4.28874831179,9.363900436589,10.12796337659)
  );
#3329 = CARTESIAN_POINT('',(4.147627671554,9.446695424452,
    10.042075275429));
#3330 = CARTESIAN_POINT('',(4.085769073626,9.487305058087,
    10.005359932602));
#3331 = CARTESIAN_POINT('',(4.025876876686,9.5311291609,9.97066368864));
#3332 = CARTESIAN_POINT('',(3.968227133853,9.578007503812,9.938028730853
    ));
#3333 = CARTESIAN_POINT('',(3.913075331623,9.627739634517,9.90747597495)
  );
#3334 = CARTESIAN_POINT('',(3.860650698707,9.680084936543,9.879008276405
    ));
#3335 = CARTESIAN_POINT('',(3.755139840573,9.796631907948,9.822747464249
    ));
#3336 = CARTESIAN_POINT('',(3.702881677412,9.861478373926,9.795539983813
    ));
#3337 = CARTESIAN_POINT('',(3.65455254035,9.929010902841,9.770914819357)
  );
#3338 = CARTESIAN_POINT('',(3.610303539197,9.998923039172,9.748793948763
    ));
#3339 = CARTESIAN_POINT('',(3.570257379412,10.070893517987,
    9.729099757933));
#3340 = CARTESIAN_POINT('',(3.5345053629,10.144586727643,9.71175708977)
  );
#3341 = CARTESIAN_POINT('',(3.465435255033,10.309704135411,
    9.678626909979));
#3342 = CARTESIAN_POINT('',(3.434007451218,10.401778396914,
    9.663831021228));
#3343 = CARTESIAN_POINT('',(3.408859806424,10.495446954468,
    9.652157224867));
#3344 = CARTESIAN_POINT('',(3.390018430318,10.590291067947,
    9.643492646405));
#3345 = CARTESIAN_POINT('',(3.377497582182,10.685901077029,
    9.637761525239));
#3346 = CARTESIAN_POINT('',(3.371300539912,10.781875218572,
    9.634924800996));
#3347 = CARTESIAN_POINT('',(3.371511886718,10.950952565258,
    9.635021547362));
#3348 = CARTESIAN_POINT('',(3.37527386653,11.024089369196,9.636743623207
    ));
#3349 = CARTESIAN_POINT('',(3.382707727182,11.097057140868,
    9.640146816565));
#3350 = CARTESIAN_POINT('',(3.393812521019,11.169682098303,
    9.645244799446));
#3351 = CARTESIAN_POINT('',(3.408584822956,11.24178806913,9.652064145607
    ));
#3352 = CARTESIAN_POINT('',(3.427018519445,11.313196167193,
    9.660644449452));
#3353 = CARTESIAN_POINT('',(3.458702261175,11.414373049111,
    9.675555230255));
#3354 = CARTESIAN_POINT('',(3.4689888487,11.444853106185,9.680414139528)
  );
#3355 = CARTESIAN_POINT('',(3.479963208078,11.475148559913,9.68561931349
    ));
#3356 = CARTESIAN_POINT('',(3.491623632447,11.505242808606,
    9.691175138609));
#3357 = CARTESIAN_POINT('',(3.503967860017,11.535118729362,
    9.697086247066));
#3358 = CARTESIAN_POINT('',(3.516993074062,11.564758678068,
    9.703357516749));
#3359 = CARTESIAN_POINT('',(3.530695902926,11.594144489399,9.70999407126
    ));
#3360 = PCURVE('',#1709,#3361);
#3361 = DEFINITIONAL_REPRESENTATION('',(#3362),#3425);
#3362 = B_SPLINE_CURVE_WITH_KNOTS('',7,(#3363,#3364,#3365,#3366,#3367,
    #3368,#3369,#3370,#3371,#3372,#3373,#3374,#3375,#3376,#3377,#3378,
    #3379,#3380,#3381,#3382,#3383,#3384,#3385,#3386,#3387,#3388,#3389,
    #3390,#3391,#3392,#3393,#3394,#3395,#3396,#3397,#3398,#3399,#3400,
    #3401,#3402,#3403,#3404,#3405,#3406,#3407,#3408,#3409,#3410,#3411,
    #3412,#3413,#3414,#3415,#3416,#3417,#3418,#3419,#3420,#3421,#3422,
    #3423,#3424),.UNSPECIFIED.,.F.,.F.,(8,6,6,6,6,6,6,6,6,6,8),(0.,
    0.187941863031,0.327594051669,0.393063114953,0.452767766607,
    0.560650071842,0.648992706091,0.748954567453,0.868870488471,
    0.960278146147,1.),.UNSPECIFIED.);
#3363 = CARTESIAN_POINT('',(5.667389211487,-1.157242399481));
#3364 = CARTESIAN_POINT('',(5.655175262146,-1.034695532398));
#3365 = CARTESIAN_POINT('',(5.64113709441,-0.921067429278));
#3366 = CARTESIAN_POINT('',(5.625704068141,-0.816213598182));
#3367 = CARTESIAN_POINT('',(5.609180329325,-0.719915282903));
#3368 = CARTESIAN_POINT('',(5.59175212802,-0.631923966517));
#3369 = CARTESIAN_POINT('',(5.573507611596,-0.552087013479));
#3370 = CARTESIAN_POINT('',(5.540324840577,-0.427458143191));
#3371 = CARTESIAN_POINT('',(5.525760856319,-0.37900485719));
#3372 = CARTESIAN_POINT('',(5.510820224075,-0.335391144541));
#3373 = CARTESIAN_POINT('',(5.495536751156,-0.296845851592));
#3374 = CARTESIAN_POINT('',(5.479940256658,-0.263669141373));
#3375 = CARTESIAN_POINT('',(5.464060664025,-0.236241124242));
#3376 = CARTESIAN_POINT('',(5.440371373542,-0.205090080746));
#3377 = CARTESIAN_POINT('',(5.432756957891,-0.196516008497));
#3378 = CARTESIAN_POINT('',(5.425095358937,-0.189361664207));
#3379 = CARTESIAN_POINT('',(5.41739305351,-0.183679442812));
#3380 = CARTESIAN_POINT('',(5.409656733046,-0.17952289048));
#3381 = CARTESIAN_POINT('',(5.401893303586,-0.176946704609));
#3382 = CARTESIAN_POINT('',(5.387011781338,-0.175149525483));
#3383 = CARTESIAN_POINT('',(5.379896687915,-0.175653068545));
#3384 = CARTESIAN_POINT('',(5.372773053282,-0.177560401212));
#3385 = CARTESIAN_POINT('',(5.365649369431,-0.180911966109));
#3386 = CARTESIAN_POINT('',(5.358534172573,-0.1857456103));
#3387 = CARTESIAN_POINT('',(5.351436043136,-0.192096585282));
#3388 = CARTESIAN_POINT('',(5.331584185311,-0.214274055415));
#3389 = CARTESIAN_POINT('',(5.318877399328,-0.233624042522));
#3390 = CARTESIAN_POINT('',(5.306323859832,-0.258222905404));
#3391 = CARTESIAN_POINT('',(5.294000543808,-0.288155347389));
#3392 = CARTESIAN_POINT('',(5.281980393075,-0.323414398612));
#3393 = CARTESIAN_POINT('',(5.270331914136,-0.363900436589));
#3394 = CARTESIAN_POINT('',(5.249936568048,-0.446695424452));
#3395 = CARTESIAN_POINT('',(5.241056376298,-0.487305058087));
#3396 = CARTESIAN_POINT('',(5.232511875253,-0.5311291609));
#3397 = CARTESIAN_POINT('',(5.224334025086,-0.578007503812));
#3398 = CARTESIAN_POINT('',(5.216550648687,-0.627739634517));
#3399 = CARTESIAN_POINT('',(5.209186006677,-0.680084936543));
#3400 = CARTESIAN_POINT('',(5.194423847078,-0.796631907948));
#3401 = CARTESIAN_POINT('',(5.187150548433,-0.861478373926));
#3402 = CARTESIAN_POINT('',(5.180454484406,-0.929010902841));
#3403 = CARTESIAN_POINT('',(5.174347306825,-0.998923039172));
#3404 = CARTESIAN_POINT('',(5.16883795218,-1.070893517987));
#3405 = CARTESIAN_POINT('',(5.163932282374,-1.144586727643));
#3406 = CARTESIAN_POINT('',(5.154474905112,-1.309704135411));
#3407 = CARTESIAN_POINT('',(5.150186548043,-1.401778396914));
#3408 = CARTESIAN_POINT('',(5.146763765078,-1.495446954468));
#3409 = CARTESIAN_POINT('',(5.144203498805,-1.590291067947));
#3410 = CARTESIAN_POINT('',(5.142503458693,-1.685901077029));
#3411 = CARTESIAN_POINT('',(5.141662056183,-1.781875218572));
#3412 = CARTESIAN_POINT('',(5.141690752207,-1.950952565258));
#3413 = CARTESIAN_POINT('',(5.142201539581,-2.024089369196));
#3414 = CARTESIAN_POINT('',(5.143210903797,-2.097057140868));
#3415 = CARTESIAN_POINT('',(5.144719431153,-2.169682098303));
#3416 = CARTESIAN_POINT('',(5.146728102739,-2.24178806913));
#3417 = CARTESIAN_POINT('',(5.149238304828,-2.313196167193));
#3418 = CARTESIAN_POINT('',(5.153561392279,-2.414373049111));
#3419 = CARTESIAN_POINT('',(5.154965887395,-2.444853106185));
#3420 = CARTESIAN_POINT('',(5.156465416063,-2.475148559913));
#3421 = CARTESIAN_POINT('',(5.158060024528,-2.505242808606));
#3422 = CARTESIAN_POINT('',(5.159749713824,-2.535118729362));
#3423 = CARTESIAN_POINT('',(5.161534439773,-2.564758678068));
#3424 = CARTESIAN_POINT('',(5.163414112985,-2.594144489399));
#3425 = ( GEOMETRIC_REPRESENTATION_CONTEXT(2) 
PARAMETRIC_REPRESENTATION_CONTEXT() REPRESENTATION_CONTEXT('2D SPACE',''
  ) );
#3426 = PCURVE('',#2665,#3427);
#3427 = DEFINITIONAL_REPRESENTATION('',(#3428),#3491);
#3428 = B_SPLINE_CURVE_WITH_KNOTS('',7,(#3429,#3430,#3431,#3432,#3433,
    #3434,#3435,#3436,#3437,#3438,#3439,#3440,#3441,#3442,#3443,#3444,
    #3445,#3446,#3447,#3448,#3449,#3450,#3451,#3452,#3453,#3454,#3455,
    #3456,#3457,#3458,#3459,#3460,#3461,#3462,#3463,#3464,#3465,#3466,
    #3467,#3468,#3469,#3470,#3471,#3472,#3473,#3474,#3475,#3476,#3477,
    #3478,#3479,#3480,#3481,#3482,#3483,#3484,#3485,#3486,#3487,#3488,
    #3489,#3490),.UNSPECIFIED.,.F.,.F.,(8,6,6,6,6,6,6,6,6,6,8),(0.,
    0.187941863031,0.327594051669,0.393063114953,0.452767766607,
    0.560650071842,0.648992706091,0.748954567453,0.868870488471,
    0.960278146147,1.),.UNSPECIFIED.);
#3429 = CARTESIAN_POINT('',(0.,-32.32137058939));
#3430 = CARTESIAN_POINT('',(7.953853363347E-02,-32.24061021734));
#3431 = CARTESIAN_POINT('',(0.156730169383,-32.14860210977));
#3432 = CARTESIAN_POINT('',(0.232124390177,-32.04864299573));
#3433 = CARTESIAN_POINT('',(0.306208999773,-31.94315301204));
#3434 = CARTESIAN_POINT('',(0.37950592182,-31.83368558748));
#3435 = CARTESIAN_POINT('',(0.452613981165,-31.72115613743));
#3436 = CARTESIAN_POINT('',(0.580908099612,-31.5206376284));
#3437 = CARTESIAN_POINT('',(0.635797976377,-31.43388882939));
#3438 = CARTESIAN_POINT('',(0.691050355527,-31.34628533988));
#3439 = CARTESIAN_POINT('',(0.746824670965,-31.25818352976));
#3440 = CARTESIAN_POINT('',(0.803281458845,-31.16990952634));
#3441 = CARTESIAN_POINT('',(0.860586838637,-31.08178094697));
#3442 = CARTESIAN_POINT('',(0.946260541226,-30.9530291762));
#3443 = CARTESIAN_POINT('',(0.973825932474,-30.91204511271));
#3444 = CARTESIAN_POINT('',(1.001619924794,-30.87121939061));
#3445 = CARTESIAN_POINT('',(1.029651146335,-30.83059946818));
#3446 = CARTESIAN_POINT('',(1.057928953532,-30.79023188198));
#3447 = CARTESIAN_POINT('',(1.086463431098,-30.75016224685));
#3448 = CARTESIAN_POINT('',(1.141531401615,-30.67420614189));
#3449 = CARTESIAN_POINT('',(1.168021345796,-30.63825996264));
#3450 = CARTESIAN_POINT('',(1.19473243092,-30.60264613915));
#3451 = CARTESIAN_POINT('',(1.22166268172,-30.56741152581));
#3452 = CARTESIAN_POINT('',(1.248810941312,-30.53260041047));
#3453 = CARTESIAN_POINT('',(1.276176871192,-30.49825451435));
#3454 = CARTESIAN_POINT('',(1.35360353571,-30.40326362885));
#3455 = CARTESIAN_POINT('',(1.404202406565,-30.34370672213));
#3456 = CARTESIAN_POINT('',(1.455447746836,-30.28612014963));
#3457 = CARTESIAN_POINT('',(1.507243044114,-30.23081317628));
#3458 = CARTESIAN_POINT('',(1.559499423127,-30.17803167984));
#3459 = CARTESIAN_POINT('',(1.612129978316,-30.12796337659));
#3460 = CARTESIAN_POINT('',(1.708374413945,-30.04207527542));
#3461 = CARTESIAN_POINT('',(1.751847271843,-30.0053599326));
#3462 = CARTESIAN_POINT('',(1.795411972019,-29.97066368864));
#3463 = CARTESIAN_POINT('',(1.839017868671,-29.93802873085));
#3464 = CARTESIAN_POINT('',(1.882611682096,-29.90747597495));
#3465 = CARTESIAN_POINT('',(1.92613480253,-29.8790082764));
#3466 = CARTESIAN_POINT('',(2.018612683038,-29.82274746424));
#3467 = CARTESIAN_POINT('',(2.067521728229,-29.79553998381));
#3468 = CARTESIAN_POINT('',(2.116244017066,-29.77091481935));
#3469 = CARTESIAN_POINT('',(2.164773333496,-29.74879394876));
#3470 = CARTESIAN_POINT('',(2.213099380089,-29.72909975793));
#3471 = CARTESIAN_POINT('',(2.261206200245,-29.71175708977));
#3472 = CARTESIAN_POINT('',(2.366489535461,-29.67862690997));
#3473 = CARTESIAN_POINT('',(2.42358967937,-29.66383102122));
#3474 = CARTESIAN_POINT('',(2.480438459154,-29.65215722486));
#3475 = CARTESIAN_POINT('',(2.537096782459,-29.6434926464));
#3476 = CARTESIAN_POINT('',(2.593622372853,-29.63776152523));
#3477 = CARTESIAN_POINT('',(2.650073105138,-29.63492480099));
#3478 = CARTESIAN_POINT('',(2.749530445596,-29.63502154736));
#3479 = CARTESIAN_POINT('',(2.792554820653,-29.6367436232));
#3480 = CARTESIAN_POINT('',(2.835612522092,-29.64014681656));
#3481 = CARTESIAN_POINT('',(2.878731482502,-29.64524479944));
#3482 = CARTESIAN_POINT('',(2.921939496155,-29.6520641456));
#3483 = CARTESIAN_POINT('',(2.965265204353,-29.66064444945));
#3484 = CARTESIAN_POINT('',(3.027630965867,-29.67555523025));
#3485 = CARTESIAN_POINT('',(3.046549355955,-29.68041413952));
#3486 = CARTESIAN_POINT('',(3.065496031765,-29.68561931349));
#3487 = CARTESIAN_POINT('',(3.084472529646,-29.6911751386));
#3488 = CARTESIAN_POINT('',(3.103480141573,-29.69708624706));
#3489 = CARTESIAN_POINT('',(3.122519915147,-29.70335751674));
#3490 = CARTESIAN_POINT('',(3.14159265359,-29.70999407126));
#3491 = ( GEOMETRIC_REPRESENTATION_CONTEXT(2) 
PARAMETRIC_REPRESENTATION_CONTEXT() REPRESENTATION_CONTEXT('2D SPACE',''
  ) );
#3492 = ORIENTED_EDGE('',*,*,#3493,.T.);
#3493 = EDGE_CURVE('',#3294,#3494,#3496,.T.);
#3494 = VERTEX_POINT('',#3495);
#3495 = CARTESIAN_POINT('',(8.1,13.347963364768,17.));
#3496 = SURFACE_CURVE('',#3497,(#3502,#3513),.PCURVE_S1.);
#3497 = ELLIPSE('',#3498,19.166232823535,8.1);
#3498 = AXIS2_PLACEMENT_3D('',#3499,#3500,#3501);
#3499 = CARTESIAN_POINT('',(0.,-4.022542691359,17.));
#3500 = DIRECTION('',(0.906307787037,-0.422618261741,0.));
#3501 = DIRECTION('',(-0.422618261741,-0.906307787037,0.));
#3502 = PCURVE('',#1709,#3503);
#3503 = DEFINITIONAL_REPRESENTATION('',(#3504),#3512);
#3504 = B_SPLINE_CURVE_WITH_KNOTS('',6,(#3505,#3506,#3507,#3508,#3509,
    #3510,#3511),.UNSPECIFIED.,.F.,.F.,(7,7),(2.455189104259,
    3.14159265359),.PIECEWISE_BEZIER_KNOTS.);
#3505 = CARTESIAN_POINT('',(5.596781757848,-0.414070014111));
#3506 = CARTESIAN_POINT('',(5.711182349404,-1.673474113137));
#3507 = CARTESIAN_POINT('',(5.825582940959,-2.721855762682));
#3508 = CARTESIAN_POINT('',(5.939983532514,-3.52955049965));
#3509 = CARTESIAN_POINT('',(6.054384124069,-4.075160102184));
#3510 = CARTESIAN_POINT('',(6.168784715624,-4.347963364768));
#3511 = CARTESIAN_POINT('',(6.28318530718,-4.347963364768));
#3512 = ( GEOMETRIC_REPRESENTATION_CONTEXT(2) 
PARAMETRIC_REPRESENTATION_CONTEXT() REPRESENTATION_CONTEXT('2D SPACE',''
  ) );
#3513 = PCURVE('',#2635,#3514);
#3514 = DEFINITIONAL_REPRESENTATION('',(#3515),#3519);
#3515 = ELLIPSE('',#3516,19.166232823535,8.1);
#3516 = AXIS2_PLACEMENT_2D('',#3517,#3518);
#3517 = CARTESIAN_POINT('',(23.845661764866,-37.));
#3518 = DIRECTION('',(1.,0.));
#3519 = ( GEOMETRIC_REPRESENTATION_CONTEXT(2) 
PARAMETRIC_REPRESENTATION_CONTEXT() REPRESENTATION_CONTEXT('2D SPACE',''
  ) );
#3520 = ORIENTED_EDGE('',*,*,#3521,.F.);
#3521 = EDGE_CURVE('',#3522,#3494,#3524,.T.);
#3522 = VERTEX_POINT('',#3523);
#3523 = CARTESIAN_POINT('',(8.1,9.,17.));
#3524 = SEAM_CURVE('',#3525,(#3529,#3536),.PCURVE_S1.);
#3525 = LINE('',#3526,#3527);
#3526 = CARTESIAN_POINT('',(8.1,9.,17.));
#3527 = VECTOR('',#3528,1.);
#3528 = DIRECTION('',(-0.,1.,-0.));
#3529 = PCURVE('',#1709,#3530);
#3530 = DEFINITIONAL_REPRESENTATION('',(#3531),#3535);
#3531 = LINE('',#3532,#3533);
#3532 = CARTESIAN_POINT('',(0.,0.));
#3533 = VECTOR('',#3534,1.);
#3534 = DIRECTION('',(0.,-1.));
#3535 = ( GEOMETRIC_REPRESENTATION_CONTEXT(2) 
PARAMETRIC_REPRESENTATION_CONTEXT() REPRESENTATION_CONTEXT('2D SPACE',''
  ) );
#3536 = PCURVE('',#1709,#3537);
#3537 = DEFINITIONAL_REPRESENTATION('',(#3538),#3542);
#3538 = LINE('',#3539,#3540);
#3539 = CARTESIAN_POINT('',(6.28318530718,0.));
#3540 = VECTOR('',#3541,1.);
#3541 = DIRECTION('',(0.,-1.));
#3542 = ( GEOMETRIC_REPRESENTATION_CONTEXT(2) 
PARAMETRIC_REPRESENTATION_CONTEXT() REPRESENTATION_CONTEXT('2D SPACE',''
  ) );
#3543 = ORIENTED_EDGE('',*,*,#3544,.F.);
#3544 = EDGE_CURVE('',#3522,#3522,#3545,.T.);
#3545 = SURFACE_CURVE('',#3546,(#3551,#3558),.PCURVE_S1.);
#3546 = CIRCLE('',#3547,8.1);
#3547 = AXIS2_PLACEMENT_3D('',#3548,#3549,#3550);
#3548 = CARTESIAN_POINT('',(0.,9.,17.));
#3549 = DIRECTION('',(0.,-1.,0.));
#3550 = DIRECTION('',(1.,0.,0.));
#3551 = PCURVE('',#1709,#3552);
#3552 = DEFINITIONAL_REPRESENTATION('',(#3553),#3557);
#3553 = LINE('',#3554,#3555);
#3554 = CARTESIAN_POINT('',(0.,0.));
#3555 = VECTOR('',#3556,1.);
#3556 = DIRECTION('',(1.,0.));
#3557 = ( GEOMETRIC_REPRESENTATION_CONTEXT(2) 
PARAMETRIC_REPRESENTATION_CONTEXT() REPRESENTATION_CONTEXT('2D SPACE',''
  ) );
#3558 = PCURVE('',#3559,#3564);
#3559 = PLANE('',#3560);
#3560 = AXIS2_PLACEMENT_3D('',#3561,#3562,#3563);
#3561 = CARTESIAN_POINT('',(-3.376395388986E-16,9.,17.));
#3562 = DIRECTION('',(-0.,-1.,-0.));
#3563 = DIRECTION('',(0.,0.,-1.));
#3564 = DEFINITIONAL_REPRESENTATION('',(#3565),#3569);
#3565 = CIRCLE('',#3566,8.1);
#3566 = AXIS2_PLACEMENT_2D('',#3567,#3568);
#3567 = CARTESIAN_POINT('',(0.,3.376395388986E-16));
#3568 = DIRECTION('',(0.,1.));
#3569 = ( GEOMETRIC_REPRESENTATION_CONTEXT(2) 
PARAMETRIC_REPRESENTATION_CONTEXT() REPRESENTATION_CONTEXT('2D SPACE',''
  ) );
#3570 = ORIENTED_EDGE('',*,*,#3521,.T.);
#3571 = ORIENTED_EDGE('',*,*,#3572,.T.);
#3572 = EDGE_CURVE('',#3494,#3573,#3575,.T.);
#3573 = VERTEX_POINT('',#3574);
#3574 = CARTESIAN_POINT('',(7.523961722391,12.112645291957,20.));
#3575 = SURFACE_CURVE('',#3576,(#3581,#3592),.PCURVE_S1.);
#3576 = ELLIPSE('',#3577,19.166232823535,8.1);
#3577 = AXIS2_PLACEMENT_3D('',#3578,#3579,#3580);
#3578 = CARTESIAN_POINT('',(0.,-4.022542691359,17.));
#3579 = DIRECTION('',(0.906307787037,-0.422618261741,0.));
#3580 = DIRECTION('',(-0.422618261741,-0.906307787037,0.));
#3581 = PCURVE('',#1709,#3582);
#3582 = DEFINITIONAL_REPRESENTATION('',(#3583),#3591);
#3583 = B_SPLINE_CURVE_WITH_KNOTS('',6,(#3584,#3585,#3586,#3587,#3588,
    #3589,#3590),.UNSPECIFIED.,.F.,.F.,(7,7),(3.14159265359,
    3.827996202921),.PIECEWISE_BEZIER_KNOTS.);
#3584 = CARTESIAN_POINT('',(0.,-4.347963364768));
#3585 = CARTESIAN_POINT('',(0.114400591555,-4.347963364768));
#3586 = CARTESIAN_POINT('',(0.22880118311,-4.075160102184));
#3587 = CARTESIAN_POINT('',(0.343201774666,-3.52955049965));
#3588 = CARTESIAN_POINT('',(0.457602366221,-2.721855762682));
#3589 = CARTESIAN_POINT('',(0.572002957776,-1.673474113137));
#3590 = CARTESIAN_POINT('',(0.686403549331,-0.414070014111));
#3591 = ( GEOMETRIC_REPRESENTATION_CONTEXT(2) 
PARAMETRIC_REPRESENTATION_CONTEXT() REPRESENTATION_CONTEXT('2D SPACE',''
  ) );
#3592 = PCURVE('',#2635,#3593);
#3593 = DEFINITIONAL_REPRESENTATION('',(#3594),#3598);
#3594 = ELLIPSE('',#3595,19.166232823535,8.1);
#3595 = AXIS2_PLACEMENT_2D('',#3596,#3597);
#3596 = CARTESIAN_POINT('',(23.845661764866,-37.));
#3597 = DIRECTION('',(1.,0.));
#3598 = ( GEOMETRIC_REPRESENTATION_CONTEXT(2) 
PARAMETRIC_REPRESENTATION_CONTEXT() REPRESENTATION_CONTEXT('2D SPACE',''
  ) );
#3599 = ORIENTED_EDGE('',*,*,#3600,.F.);
#3600 = EDGE_CURVE('',#3601,#3573,#3603,.T.);
#3601 = VERTEX_POINT('',#3602);
#3602 = CARTESIAN_POINT('',(7.523961722391,19.672693299126,20.));
#3603 = SURFACE_CURVE('',#3604,(#3608,#3614),.PCURVE_S1.);
#3604 = LINE('',#3605,#3606);
#3605 = CARTESIAN_POINT('',(7.523961722391,9.,20.));
#3606 = VECTOR('',#3607,1.);
#3607 = DIRECTION('',(0.,-1.,0.));
#3608 = PCURVE('',#1709,#3609);
#3609 = DEFINITIONAL_REPRESENTATION('',(#3610),#3613);
#3610 = B_SPLINE_CURVE_WITH_KNOTS('',1,(#3611,#3612),.UNSPECIFIED.,.F.,
  .F.,(2,2),(-11.96223921294,-2.308136753685),.PIECEWISE_BEZIER_KNOTS.);
#3611 = CARTESIAN_POINT('',(0.379407715128,-11.96223921294));
#3612 = CARTESIAN_POINT('',(0.379407715128,-2.308136753685));
#3613 = ( GEOMETRIC_REPRESENTATION_CONTEXT(2) 
PARAMETRIC_REPRESENTATION_CONTEXT() REPRESENTATION_CONTEXT('2D SPACE',''
  ) );
#3614 = PCURVE('',#3615,#3620);
#3615 = PLANE('',#3616);
#3616 = AXIS2_PLACEMENT_3D('',#3617,#3618,#3619);
#3617 = CARTESIAN_POINT('',(6.804154014025,14.59155537129,20.));
#3618 = DIRECTION('',(0.,-0.,-1.));
#3619 = DIRECTION('',(-0.422618261741,-0.906307787037,0.));
#3620 = DEFINITIONAL_REPRESENTATION('',(#3621),#3624);
#3621 = B_SPLINE_CURVE_WITH_KNOTS('',1,(#3622,#3623),.UNSPECIFIED.,.F.,
  .F.,(2,2),(-11.96223921294,-2.308136753685),.PIECEWISE_BEZIER_KNOTS.);
#3622 = CARTESIAN_POINT('',(-6.078004256939,2.04));
#3623 = CARTESIAN_POINT('',(2.67158397874,-2.04));
#3624 = ( GEOMETRIC_REPRESENTATION_CONTEXT(2) 
PARAMETRIC_REPRESENTATION_CONTEXT() REPRESENTATION_CONTEXT('2D SPACE',''
  ) );
#3625 = ORIENTED_EDGE('',*,*,#3626,.F.);
#3626 = EDGE_CURVE('',#3159,#3601,#3627,.T.);
#3627 = SURFACE_CURVE('',#3628,(#3638,#3651),.PCURVE_S1.);
#3628 = B_SPLINE_CURVE_WITH_KNOTS('',8,(#3629,#3630,#3631,#3632,#3633,
    #3634,#3635,#3636,#3637),.UNSPECIFIED.,.F.,.F.,(9,9),(0.,1.),
  .PIECEWISE_BEZIER_KNOTS.);
#3629 = CARTESIAN_POINT('',(8.1,19.950319638596,17.));
#3630 = CARTESIAN_POINT('',(8.1,19.950319638596,17.38615981968));
#3631 = CARTESIAN_POINT('',(8.078961117049,19.944724494944,
    17.769151472224));
#3632 = CARTESIAN_POINT('',(8.037480307782,19.933695967448,
    18.150453661184));
#3633 = CARTESIAN_POINT('',(7.975426300291,19.915571600845,
    18.531168937544));
#3634 = CARTESIAN_POINT('',(7.892035763945,19.887182189156,
    18.910764562056));
#3635 = CARTESIAN_POINT('',(7.787314957391,19.843167418032,
    19.286200528844));
#3636 = CARTESIAN_POINT('',(7.662512772089,19.775487293335,
    19.652515815703));
#3637 = CARTESIAN_POINT('',(7.523961483155,19.672693121632,20.0000006));
#3638 = PCURVE('',#1709,#3639);
#3639 = DEFINITIONAL_REPRESENTATION('',(#3640),#3650);
#3640 = B_SPLINE_CURVE_WITH_KNOTS('',8,(#3641,#3642,#3643,#3644,#3645,
    #3646,#3647,#3648,#3649),.UNSPECIFIED.,.F.,.F.,(9,9),(0.,1.),
  .PIECEWISE_BEZIER_KNOTS.);
#3641 = CARTESIAN_POINT('',(8.881784197001E-16,-10.95031963859));
#3642 = CARTESIAN_POINT('',(4.767405181232E-02,-10.95031963859));
#3643 = CARTESIAN_POINT('',(9.495691145488E-02,-10.94472449494));
#3644 = CARTESIAN_POINT('',(0.142196724837,-10.93369596744));
#3645 = CARTESIAN_POINT('',(0.189681491146,-10.91557160084));
#3646 = CARTESIAN_POINT('',(0.237517080621,-10.88718218915));
#3647 = CARTESIAN_POINT('',(0.285509560624,-10.84316741803));
#3648 = CARTESIAN_POINT('',(0.333224041132,-10.77548729333));
#3649 = CARTESIAN_POINT('',(0.379407794873,-10.67269312163));
#3650 = ( GEOMETRIC_REPRESENTATION_CONTEXT(2) 
PARAMETRIC_REPRESENTATION_CONTEXT() REPRESENTATION_CONTEXT('2D SPACE',''
  ) );
#3651 = PCURVE('',#2608,#3652);
#3652 = DEFINITIONAL_REPRESENTATION('',(#3653),#3663);
#3653 = B_SPLINE_CURVE_WITH_KNOTS('',8,(#3654,#3655,#3656,#3657,#3658,
    #3659,#3660,#3661,#3662),.UNSPECIFIED.,.F.,.F.,(9,9),(0.,1.),
  .PIECEWISE_BEZIER_KNOTS.);
#3654 = CARTESIAN_POINT('',(0.87455413043,-37.));
#3655 = CARTESIAN_POINT('',(0.87455413043,-37.38615981968));
#3656 = CARTESIAN_POINT('',(0.861747289075,-37.76915147222));
#3657 = CARTESIAN_POINT('',(0.836503904513,-38.15045366118));
#3658 = CARTESIAN_POINT('',(0.798474887563,-38.53116893754));
#3659 = CARTESIAN_POINT('',(0.746798985947,-38.91076456205));
#3660 = CARTESIAN_POINT('',(0.680316595238,-39.28620052884));
#3661 = CARTESIAN_POINT('',(0.597635533531,-39.6525158157));
#3662 = CARTESIAN_POINT('',(0.496153264125,-40.0000006));
#3663 = ( GEOMETRIC_REPRESENTATION_CONTEXT(2) 
PARAMETRIC_REPRESENTATION_CONTEXT() REPRESENTATION_CONTEXT('2D SPACE',''
  ) );
#3664 = ORIENTED_EDGE('',*,*,#3158,.T.);
#3665 = FACE_BOUND('',#3666,.F.);
#3666 = EDGE_LOOP('',(#3667));
#3667 = ORIENTED_EDGE('',*,*,#2785,.T.);
#3668 = FACE_BOUND('',#3669,.F.);
#3669 = EDGE_LOOP('',(#3670,#3698,#3728,#3928,#3957));
#3670 = ORIENTED_EDGE('',*,*,#3671,.T.);
#3671 = EDGE_CURVE('',#3672,#3674,#3676,.T.);
#3672 = VERTEX_POINT('',#3673);
#3673 = CARTESIAN_POINT('',(-7.523961722391,19.672693299126,20.));
#3674 = VERTEX_POINT('',#3675);
#3675 = CARTESIAN_POINT('',(-7.523961722391,12.112645291957,20.));
#3676 = SURFACE_CURVE('',#3677,(#3681,#3687),.PCURVE_S1.);
#3677 = LINE('',#3678,#3679);
#3678 = CARTESIAN_POINT('',(-7.523961722391,9.,20.));
#3679 = VECTOR('',#3680,1.);
#3680 = DIRECTION('',(0.,-1.,0.));
#3681 = PCURVE('',#1709,#3682);
#3682 = DEFINITIONAL_REPRESENTATION('',(#3683),#3686);
#3683 = B_SPLINE_CURVE_WITH_KNOTS('',1,(#3684,#3685),.UNSPECIFIED.,.F.,
  .F.,(2,2),(-11.96223921294,-2.308136753685),.PIECEWISE_BEZIER_KNOTS.);
#3684 = CARTESIAN_POINT('',(2.762184938462,-11.96223921294));
#3685 = CARTESIAN_POINT('',(2.762184938462,-2.308136753685));
#3686 = ( GEOMETRIC_REPRESENTATION_CONTEXT(2) 
PARAMETRIC_REPRESENTATION_CONTEXT() REPRESENTATION_CONTEXT('2D SPACE',''
  ) );
#3687 = PCURVE('',#3688,#3693);
#3688 = PLANE('',#3689);
#3689 = AXIS2_PLACEMENT_3D('',#3690,#3691,#3692);
#3690 = CARTESIAN_POINT('',(-6.804154014025,14.59155537129,20.));
#3691 = DIRECTION('',(0.,0.,-1.));
#3692 = DIRECTION('',(0.422618261741,-0.906307787037,0.));
#3693 = DEFINITIONAL_REPRESENTATION('',(#3694),#3697);
#3694 = B_SPLINE_CURVE_WITH_KNOTS('',1,(#3695,#3696),.UNSPECIFIED.,.F.,
  .F.,(2,2),(-11.96223921294,-2.308136753685),.PIECEWISE_BEZIER_KNOTS.);
#3695 = CARTESIAN_POINT('',(-6.078004256939,-2.04));
#3696 = CARTESIAN_POINT('',(2.67158397874,2.04));
#3697 = ( GEOMETRIC_REPRESENTATION_CONTEXT(2) 
PARAMETRIC_REPRESENTATION_CONTEXT() REPRESENTATION_CONTEXT('2D SPACE',''
  ) );
#3698 = ORIENTED_EDGE('',*,*,#3699,.T.);
#3699 = EDGE_CURVE('',#3674,#3700,#3702,.T.);
#3700 = VERTEX_POINT('',#3701);
#3701 = CARTESIAN_POINT('',(-6.612142378851,10.157242399481,
    12.321370589392));
#3702 = SURFACE_CURVE('',#3703,(#3708,#3721),.PCURVE_S1.);
#3703 = ELLIPSE('',#3704,19.166232823535,8.1);
#3704 = AXIS2_PLACEMENT_3D('',#3705,#3706,#3707);
#3705 = CARTESIAN_POINT('',(0.,-4.022542691359,17.));
#3706 = DIRECTION('',(-0.906307787037,-0.422618261741,0.));
#3707 = DIRECTION('',(0.422618261741,-0.906307787037,0.));
#3708 = PCURVE('',#1709,#3709);
#3709 = DEFINITIONAL_REPRESENTATION('',(#3710),#3720);
#3710 = B_SPLINE_CURVE_WITH_KNOTS('',8,(#3711,#3712,#3713,#3714,#3715,
    #3716,#3717,#3718,#3719),.UNSPECIFIED.,.F.,.F.,(9,9),(2.455189104259
    ,3.827996202921),.PIECEWISE_BEZIER_KNOTS.);
#3711 = CARTESIAN_POINT('',(2.455189104259,-0.414070014111));
#3712 = CARTESIAN_POINT('',(2.626789991591,-2.303176162651));
#3713 = CARTESIAN_POINT('',(2.798390878922,-3.740092481123));
#3714 = CARTESIAN_POINT('',(2.969991766255,-4.640051935699));
#3715 = CARTESIAN_POINT('',(3.141592653592,-4.946695240367));
#3716 = CARTESIAN_POINT('',(3.31319354092,-4.640051935703));
#3717 = CARTESIAN_POINT('',(3.484794428254,-3.740092481121));
#3718 = CARTESIAN_POINT('',(3.656395315588,-2.303176162651));
#3719 = CARTESIAN_POINT('',(3.827996202921,-0.414070014111));
#3720 = ( GEOMETRIC_REPRESENTATION_CONTEXT(2) 
PARAMETRIC_REPRESENTATION_CONTEXT() REPRESENTATION_CONTEXT('2D SPACE',''
  ) );
#3721 = PCURVE('',#2456,#3722);
#3722 = DEFINITIONAL_REPRESENTATION('',(#3723),#3727);
#3723 = ELLIPSE('',#3724,19.166232823535,8.1);
#3724 = AXIS2_PLACEMENT_2D('',#3725,#3726);
#3725 = CARTESIAN_POINT('',(-15.64566176486,-37.));
#3726 = DIRECTION('',(-1.,-0.));
#3727 = ( GEOMETRIC_REPRESENTATION_CONTEXT(2) 
PARAMETRIC_REPRESENTATION_CONTEXT() REPRESENTATION_CONTEXT('2D SPACE',''
  ) );
#3728 = ORIENTED_EDGE('',*,*,#3729,.F.);
#3729 = EDGE_CURVE('',#3730,#3700,#3732,.T.);
#3730 = VERTEX_POINT('',#3731);
#3731 = CARTESIAN_POINT('',(-3.530695902926,11.594144489399,
    9.70999407126));
#3732 = SURFACE_CURVE('',#3733,(#3796,#3862),.PCURVE_S1.);
#3733 = B_SPLINE_CURVE_WITH_KNOTS('',7,(#3734,#3735,#3736,#3737,#3738,
    #3739,#3740,#3741,#3742,#3743,#3744,#3745,#3746,#3747,#3748,#3749,
    #3750,#3751,#3752,#3753,#3754,#3755,#3756,#3757,#3758,#3759,#3760,
    #3761,#3762,#3763,#3764,#3765,#3766,#3767,#3768,#3769,#3770,#3771,
    #3772,#3773,#3774,#3775,#3776,#3777,#3778,#3779,#3780,#3781,#3782,
    #3783,#3784,#3785,#3786,#3787,#3788,#3789,#3790,#3791,#3792,#3793,
    #3794,#3795),.UNSPECIFIED.,.F.,.F.,(8,6,6,6,6,6,6,6,6,6,8),(0.,
    3.985028588649E-02,0.130973718157,0.25088205132,0.351779235988,
    0.440662265103,0.515009509819,0.60836231047,0.673907032419,
    0.813657120246,1.),.UNSPECIFIED.);
#3734 = CARTESIAN_POINT('',(-3.530695902926,11.594144489399,
    9.70999407126));
#3735 = CARTESIAN_POINT('',(-3.516950176245,11.564666683404,
    9.703336740477));
#3736 = CARTESIAN_POINT('',(-3.503886314439,11.534933146834,
    9.697046985601));
#3737 = CARTESIAN_POINT('',(-3.491507719945,11.504962215988,
    9.691119634242));
#3738 = CARTESIAN_POINT('',(-3.47981723384,11.474771699355,
    9.685549763109));
#3739 = CARTESIAN_POINT('',(-3.46881713585,11.444378877617,9.68033269801
    ));
#3740 = CARTESIAN_POINT('',(-3.458509144345,11.413800503649,
    9.675464013851));
#3741 = CARTESIAN_POINT('',(-3.42690895258,11.312743744525,9.66059365967
    ));
#3742 = CARTESIAN_POINT('',(-3.408552523497,11.24156177152,
    9.652049496171));
#3743 = CARTESIAN_POINT('',(-3.393834038737,11.169687046591,
    9.645254886662));
#3744 = CARTESIAN_POINT('',(-3.382759545558,11.097296734323,
    9.640170644593));
#3745 = CARTESIAN_POINT('',(-3.375332436669,11.024565318965,
    9.636770437252));
#3746 = CARTESIAN_POINT('',(-3.371553658062,10.951664922592,
    9.635040668693));
#3747 = CARTESIAN_POINT('',(-3.371248560037,10.782838228394,
    9.634901006585));
#3748 = CARTESIAN_POINT('',(-3.377390083257,10.686877260162,
    9.637712320425));
#3749 = CARTESIAN_POINT('',(-3.389853338195,10.591277501898,
    9.643416854517));
#3750 = CARTESIAN_POINT('',(-3.408635098582,10.496440426331,
    9.652053431712));
#3751 = CARTESIAN_POINT('',(-3.433721191082,10.402775384446,
    9.663697560405));
#3752 = CARTESIAN_POINT('',(-3.465085626166,10.310700794326,
    9.678461847576));
#3753 = CARTESIAN_POINT('',(-3.534331800941,10.144867920927,
    9.711671643701));
#3754 = CARTESIAN_POINT('',(-3.570406737635,10.070485219094,
    9.729169660783));
#3755 = CARTESIAN_POINT('',(-3.610856247892,9.997857176324,
    9.749063031924));
#3756 = CARTESIAN_POINT('',(-3.655586202073,9.927329224438,
    9.771428964438));
#3757 = CARTESIAN_POINT('',(-3.704469795157,9.859231786646,9.79634714711
    ));
#3758 = CARTESIAN_POINT('',(-3.757350709802,9.793879788938,
    9.823897593216));
#3759 = CARTESIAN_POINT('',(-3.863990923391,9.676683724433,
    9.880816111342));
#3760 = CARTESIAN_POINT('',(-3.9168889164,9.624165479406,9.909573354376)
  );
#3761 = CARTESIAN_POINT('',(-3.972537741578,9.57430327078,9.940441686609
    ));
#3762 = CARTESIAN_POINT('',(-4.030702099654,9.527341517538,
    9.973417159492));
#3763 = CARTESIAN_POINT('',(-4.091119818099,9.483483158816,
    10.008477082706));
#3764 = CARTESIAN_POINT('',(-4.153507760268,9.442889589455,
    10.045576704911));
#3765 = CARTESIAN_POINT('',(-4.271151445985,9.374556699322,
    10.117325773069));
#3766 = CARTESIAN_POINT('',(-4.325874940034,9.345818317768,
    10.151365319804));
#3767 = CARTESIAN_POINT('',(-4.381554371251,9.319534476558,
    10.186716622585));
#3768 = CARTESIAN_POINT('',(-4.437999389441,9.295751088031,
    10.223318827562));
#3769 = CARTESIAN_POINT('',(-4.495015210298,9.274491116935,
    10.261097121702));
#3770 = CARTESIAN_POINT('',(-4.552404686054,9.25575474616,
    10.299961715347));
#3771 = CARTESIAN_POINT('',(-4.682251714981,9.219134096585,
    10.38983763051));
#3772 = CARTESIAN_POINT('',(-4.754770602697,9.202703383468,
    10.441386442676));
#3773 = CARTESIAN_POINT('',(-4.827244959348,9.190143945473,
    10.494317022669));
#3774 = CARTESIAN_POINT('',(-4.899404126696,9.181349889038,
    10.548474038372));
#3775 = CARTESIAN_POINT('',(-4.970989606536,9.176192921749,
    10.603682905404));
#3776 = CARTESIAN_POINT('',(-5.04175579904,9.174522389403,
    10.659749628361));
#3777 = CARTESIAN_POINT('',(-5.160418886866,9.177318840057,
    10.756278490029));
#3778 = CARTESIAN_POINT('',(-5.208873351325,9.180106335253,
    10.796434117859));
#3779 = CARTESIAN_POINT('',(-5.256788496944,9.184471752102,
    10.83688287883));
#3780 = CARTESIAN_POINT('',(-5.304122100786,9.190360279599,
    10.877579239077));
#3781 = CARTESIAN_POINT('',(-5.350835354512,9.197718342285,
    10.918476777585));
#3782 = CARTESIAN_POINT('',(-5.396892864384,9.206493600253,
    10.95952818619));
#3783 = CARTESIAN_POINT('',(-5.538997087116,9.238257657365,
    11.088437659807));
#3784 = CARTESIAN_POINT('',(-5.632571968581,9.266083276035,
    11.176641127467));
#3785 = CARTESIAN_POINT('',(-5.722834845792,9.299643263792,
    11.26497089708));
#3786 = CARTESIAN_POINT('',(-5.809684723154,9.338560465759,
    11.35310984433));
#3787 = CARTESIAN_POINT('',(-5.893041411114,9.382538124371,
    11.440731740497));
#3788 = CARTESIAN_POINT('',(-5.972822516204,9.431351046201,
    11.527479011206));
#3789 = CARTESIAN_POINT('',(-6.150407275288,9.556159705278,
    11.726882106548));
#3790 = CARTESIAN_POINT('',(-6.245170432502,9.635665278958,
    11.838330018572));
#3791 = CARTESIAN_POINT('',(-6.333400612024,9.723188660685,
    11.946731850736));
#3792 = CARTESIAN_POINT('',(-6.414963720108,9.818883101599,
    12.051183556239));
#3793 = CARTESIAN_POINT('',(-6.489298608709,9.922992628764,
    12.150159209496));
#3794 = CARTESIAN_POINT('',(-6.555480972195,10.035731620781,
    12.241293016386));
#3795 = CARTESIAN_POINT('',(-6.612142378851,10.157242399481,
    12.321370589392));
#3796 = PCURVE('',#1709,#3797);
#3797 = DEFINITIONAL_REPRESENTATION('',(#3798),#3861);
#3798 = B_SPLINE_CURVE_WITH_KNOTS('',7,(#3799,#3800,#3801,#3802,#3803,
    #3804,#3805,#3806,#3807,#3808,#3809,#3810,#3811,#3812,#3813,#3814,
    #3815,#3816,#3817,#3818,#3819,#3820,#3821,#3822,#3823,#3824,#3825,
    #3826,#3827,#3828,#3829,#3830,#3831,#3832,#3833,#3834,#3835,#3836,
    #3837,#3838,#3839,#3840,#3841,#3842,#3843,#3844,#3845,#3846,#3847,
    #3848,#3849,#3850,#3851,#3852,#3853,#3854,#3855,#3856,#3857,#3858,
    #3859,#3860),.UNSPECIFIED.,.F.,.F.,(8,6,6,6,6,6,6,6,6,6,8),(0.,
    3.985028588649E-02,0.130973718157,0.25088205132,0.351779235988,
    0.440662265103,0.515009509819,0.60836231047,0.673907032419,
    0.813657120246,1.),.UNSPECIFIED.);
#3799 = CARTESIAN_POINT('',(4.261363847784,-2.594144489399));
#3800 = CARTESIAN_POINT('',(4.263249405466,-2.564666683404));
#3801 = CARTESIAN_POINT('',(4.265039420373,-2.534933146834));
#3802 = CARTESIAN_POINT('',(4.266733802403,-2.504962215988));
#3803 = CARTESIAN_POINT('',(4.268332507162,-2.474771699355));
#3804 = CARTESIAN_POINT('',(4.269835535962,-2.444378877617));
#3805 = CARTESIAN_POINT('',(4.271242935823,-2.413800503649));
#3806 = CARTESIAN_POINT('',(4.275554565112,-2.312743744525));
#3807 = CARTESIAN_POINT('',(4.278054236417,-2.24156177152));
#3808 = CARTESIAN_POINT('',(4.280055595847,-2.169687046591));
#3809 = CARTESIAN_POINT('',(4.281560015738,-2.097296734323));
#3810 = CARTESIAN_POINT('',(4.282568468526,-2.024565318965));
#3811 = CARTESIAN_POINT('',(4.283081536975,-1.951664922592));
#3812 = CARTESIAN_POINT('',(4.283122962258,-1.782838228394));
#3813 = CARTESIAN_POINT('',(4.282289097801,-1.686877260162));
#3814 = CARTESIAN_POINT('',(4.28059688896,-1.591277501898));
#3815 = CARTESIAN_POINT('',(4.278044753587,-1.496440426331));
#3816 = CARTESIAN_POINT('',(4.27463040497,-1.402775384446));
#3817 = CARTESIAN_POINT('',(4.270350787367,-1.310700794326));
#3818 = CARTESIAN_POINT('',(4.260869560455,-1.144867920927));
#3819 = CARTESIAN_POINT('',(4.25591965188,-1.070485219094));
#3820 = CARTESIAN_POINT('',(4.25035476396,-0.997857176324));
#3821 = CARTESIAN_POINT('',(4.244180956275,-0.927329224438));
#3822 = CARTESIAN_POINT('',(4.237407491858,-0.859231786646));
#3823 = CARTESIAN_POINT('',(4.23004645923,-0.793879788938));
#3824 = CARTESIAN_POINT('',(4.215123064506,-0.676683724433));
#3825 = CARTESIAN_POINT('',(4.207690012793,-0.624165479406));
#3826 = CARTESIAN_POINT('',(4.199834094095,-0.57430327078));
#3827 = CARTESIAN_POINT('',(4.191580262995,-0.527341517538));
#3828 = CARTESIAN_POINT('',(4.182957133995,-0.483483158816));
#3829 = CARTESIAN_POINT('',(4.173996541652,-0.442889589455));
#3830 = CARTESIAN_POINT('',(4.156984587684,-0.374556699322));
#3831 = CARTESIAN_POINT('',(4.14902853549,-0.345818317768));
#3832 = CARTESIAN_POINT('',(4.14088665061,-0.319534476558));
#3833 = CARTESIAN_POINT('',(4.132581953737,-0.295751088031));
#3834 = CARTESIAN_POINT('',(4.124138687799,-0.274491116935));
#3835 = CARTESIAN_POINT('',(4.115582225966,-0.25575474616));
#3836 = CARTESIAN_POINT('',(4.096086240563,-0.219134096585));
#3837 = CARTESIAN_POINT('',(4.085102726397,-0.202703383468));
#3838 = CARTESIAN_POINT('',(4.074024560677,-0.190143945473));
#3839 = CARTESIAN_POINT('',(4.062887811461,-0.181349889038));
#3840 = CARTESIAN_POINT('',(4.051728610915,-0.176192921749));
#3841 = CARTESIAN_POINT('',(4.040583274876,-0.174522389403));
#3842 = CARTESIAN_POINT('',(4.021698522021,-0.177318840057));
#3843 = CARTESIAN_POINT('',(4.013929594134,-0.180106335253));
#3844 = CARTESIAN_POINT('',(4.006188697347,-0.184471752102));
#3845 = CARTESIAN_POINT('',(3.998482674831,-0.190360279599));
#3846 = CARTESIAN_POINT('',(3.990818154336,-0.197718342285));
#3847 = CARTESIAN_POINT('',(3.983201548196,-0.206493600253));
#3848 = CARTESIAN_POINT('',(3.959514805774,-0.238257657365));
#3849 = CARTESIAN_POINT('',(3.943642050275,-0.266083276035));
#3850 = CARTESIAN_POINT('',(3.928054809297,-0.299643263792));
#3851 = CARTESIAN_POINT('',(3.912782761593,-0.338560465759));
#3852 = CARTESIAN_POINT('',(3.897855631243,-0.382538124371));
#3853 = CARTESIAN_POINT('',(3.883307332595,-0.431351046201));
#3854 = CARTESIAN_POINT('',(3.850342302584,-0.556159705278));
#3855 = CARTESIAN_POINT('',(3.832286589531,-0.635665278958));
#3856 = CARTESIAN_POINT('',(3.815037162588,-0.723188660685));
#3857 = CARTESIAN_POINT('',(3.798681692387,-0.818883101599));
#3858 = CARTESIAN_POINT('',(3.783403302105,-0.922992628763));
#3859 = CARTESIAN_POINT('',(3.769499434204,-1.035731620781));
#3860 = CARTESIAN_POINT('',(3.757388749283,-1.157242399481));
#3861 = ( GEOMETRIC_REPRESENTATION_CONTEXT(2) 
PARAMETRIC_REPRESENTATION_CONTEXT() REPRESENTATION_CONTEXT('2D SPACE',''
  ) );
#3862 = PCURVE('',#2545,#3863);
#3863 = DEFINITIONAL_REPRESENTATION('',(#3864),#3927);
#3864 = B_SPLINE_CURVE_WITH_KNOTS('',7,(#3865,#3866,#3867,#3868,#3869,
    #3870,#3871,#3872,#3873,#3874,#3875,#3876,#3877,#3878,#3879,#3880,
    #3881,#3882,#3883,#3884,#3885,#3886,#3887,#3888,#3889,#3890,#3891,
    #3892,#3893,#3894,#3895,#3896,#3897,#3898,#3899,#3900,#3901,#3902,
    #3903,#3904,#3905,#3906,#3907,#3908,#3909,#3910,#3911,#3912,#3913,
    #3914,#3915,#3916,#3917,#3918,#3919,#3920,#3921,#3922,#3923,#3924,
    #3925,#3926),.UNSPECIFIED.,.F.,.F.,(8,6,6,6,6,6,6,6,6,6,8),(0.,
    3.985028588649E-02,0.130973718157,0.25088205132,0.351779235988,
    0.440662265103,0.515009509819,0.60836231047,0.673907032419,
    0.813657120246,1.),.UNSPECIFIED.);
#3865 = CARTESIAN_POINT('',(0.,-29.70999407126));
#3866 = CARTESIAN_POINT('',(1.913244719697E-02,-29.70333674047));
#3867 = CARTESIAN_POINT('',(3.823172240075E-02,-29.6970469856));
#3868 = CARTESIAN_POINT('',(5.729863666094E-02,-29.69111963424));
#3869 = CARTESIAN_POINT('',(7.633424840603E-02,-29.6855497631));
#3870 = CARTESIAN_POINT('',(9.533986344334E-02,-29.68033269801));
#3871 = CARTESIAN_POINT('',(0.114317034959,-29.67546401385));
#3872 = CARTESIAN_POINT('',(0.17660068315,-29.66059365967));
#3873 = CARTESIAN_POINT('',(0.219786782798,-29.65204949617));
#3874 = CARTESIAN_POINT('',(0.262856032489,-29.64525488666));
#3875 = CARTESIAN_POINT('',(0.305836798085,-29.64017064459));
#3876 = CARTESIAN_POINT('',(0.348756610879,-29.63677043725));
#3877 = CARTESIAN_POINT('',(0.391643137197,-29.63504066869));
#3878 = CARTESIAN_POINT('',(0.490953119478,-29.63490100658));
#3879 = CARTESIAN_POINT('',(0.547394082544,-29.63771232042));
#3880 = CARTESIAN_POINT('',(0.603909407961,-29.64341685451));
#3881 = CARTESIAN_POINT('',(0.660556974985,-29.65205343171));
#3882 = CARTESIAN_POINT('',(0.717394503016,-29.6636975604));
#3883 = CARTESIAN_POINT('',(0.774482883247,-29.67846184757));
#3884 = CARTESIAN_POINT('',(0.880194468777,-29.7116716437));
#3885 = CARTESIAN_POINT('',(0.928747042969,-29.72916966078));
#3886 = CARTESIAN_POINT('',(0.977523025199,-29.74906303192));
#3887 = CARTESIAN_POINT('',(1.026505768148,-29.77142896443));
#3888 = CARTESIAN_POINT('',(1.075684522625,-29.79634714711));
#3889 = CARTESIAN_POINT('',(1.125052775329,-29.82389759321));
#3890 = CARTESIAN_POINT('',(1.218259864568,-29.88081611134));
#3891 = CARTESIAN_POINT('',(1.26205105014,-29.90957335437));
#3892 = CARTESIAN_POINT('',(1.305911767164,-29.9404416866));
#3893 = CARTESIAN_POINT('',(1.349781866827,-29.97341715949));
#3894 = CARTESIAN_POINT('',(1.393606641306,-30.0084770827));
#3895 = CARTESIAN_POINT('',(1.437334037426,-30.04557670491));
#3896 = CARTESIAN_POINT('',(1.517363056088,-30.11732577306));
#3897 = CARTESIAN_POINT('',(1.553689182127,-30.1513653198));
#3898 = CARTESIAN_POINT('',(1.589855506033,-30.18671662258));
#3899 = CARTESIAN_POINT('',(1.625828222697,-30.22331882756));
#3900 = CARTESIAN_POINT('',(1.66157344264,-30.2610971217));
#3901 = CARTESIAN_POINT('',(1.697056170348,-30.29996171534));
#3902 = CARTESIAN_POINT('',(1.776416334186,-30.38983763051));
#3903 = CARTESIAN_POINT('',(1.820096450912,-30.44138644267));
#3904 = CARTESIAN_POINT('',(1.863273955988,-30.49431702266));
#3905 = CARTESIAN_POINT('',(1.905939232899,-30.54847403837));
#3906 = CARTESIAN_POINT('',(1.948077970697,-30.6036829054));
#3907 = CARTESIAN_POINT('',(1.989670409284,-30.65974962836));
#3908 = CARTESIAN_POINT('',(2.059491605906,-30.75627849002));
#3909 = CARTESIAN_POINT('',(2.088025112335,-30.79643411785));
#3910 = CARTESIAN_POINT('',(2.116302115082,-30.83688287883));
#3911 = CARTESIAN_POINT('',(2.144332905655,-30.87757923907));
#3912 = CARTESIAN_POINT('',(2.172127055972,-30.91847677758));
#3913 = CARTESIAN_POINT('',(2.199693418357,-30.95952818619));
#3914 = CARTESIAN_POINT('',(2.285346952054,-31.0884376598));
#3915 = CARTESIAN_POINT('',(2.342635975901,-31.17664112746));
#3916 = CARTESIAN_POINT('',(2.399083083227,-31.26497089708));
#3917 = CARTESIAN_POINT('',(2.454855369391,-31.35310984433));
#3918 = CARTESIAN_POINT('',(2.510114395762,-31.44073174049));
#3919 = CARTESIAN_POINT('',(2.565020649635,-31.5274790112));
#3920 = CARTESIAN_POINT('',(2.692700976066,-31.72688210654));
#3921 = CARTESIAN_POINT('',(2.765198908744,-31.83833001857));
#3922 = CARTESIAN_POINT('',(2.837899402693,-31.94673185073));
#3923 = CARTESIAN_POINT('',(2.911386521873,-32.05118355623));
#3924 = CARTESIAN_POINT('',(2.986169982063,-32.15015920949));
#3925 = CARTESIAN_POINT('',(3.062726588806,-32.24129301638));
#3926 = CARTESIAN_POINT('',(3.14159265359,-32.32137058939));
#3927 = ( GEOMETRIC_REPRESENTATION_CONTEXT(2) 
PARAMETRIC_REPRESENTATION_CONTEXT() REPRESENTATION_CONTEXT('2D SPACE',''
  ) );
#3928 = ORIENTED_EDGE('',*,*,#3929,.T.);
#3929 = EDGE_CURVE('',#3730,#3930,#3932,.T.);
#3930 = VERTEX_POINT('',#3931);
#3931 = CARTESIAN_POINT('',(-6.9961656492,19.0258683431,12.917884591421)
  );
#3932 = SURFACE_CURVE('',#3933,(#3938,#3950),.PCURVE_S1.);
#3933 = ELLIPSE('',#3934,19.166232823535,8.1);
#3934 = AXIS2_PLACEMENT_3D('',#3935,#3936,#3937);
#3935 = CARTESIAN_POINT('',(0.,4.022542691359,17.));
#3936 = DIRECTION('',(0.906307787037,0.422618261741,0.));
#3937 = DIRECTION('',(0.422618261741,-0.906307787037,0.));
#3938 = PCURVE('',#1709,#3939);
#3939 = DEFINITIONAL_REPRESENTATION('',(#3940),#3949);
#3940 = B_SPLINE_CURVE_WITH_KNOTS('',7,(#3941,#3942,#3943,#3944,#3945,
    #3946,#3947,#3948),.UNSPECIFIED.,.F.,.F.,(8,8),(1.974802139601,
    2.705733689376),.PIECEWISE_BEZIER_KNOTS.);
#3941 = CARTESIAN_POINT('',(4.308383167578,-1.850972104029));
#3942 = CARTESIAN_POINT('',(4.203964374753,-3.518756412608));
#3943 = CARTESIAN_POINT('',(4.099545581929,-5.09967966012));
#3944 = CARTESIAN_POINT('',(3.995126789101,-6.564041070706));
#3945 = CARTESIAN_POINT('',(3.89070799628,-7.884458780583));
#3946 = CARTESIAN_POINT('',(3.786289203453,-9.037197651495));
#3947 = CARTESIAN_POINT('',(3.681870410628,-10.00327086016));
#3948 = CARTESIAN_POINT('',(3.577451617803,-10.76904072847));
#3949 = ( GEOMETRIC_REPRESENTATION_CONTEXT(2) 
PARAMETRIC_REPRESENTATION_CONTEXT() REPRESENTATION_CONTEXT('2D SPACE',''
  ) );
#3950 = PCURVE('',#2515,#3951);
#3951 = DEFINITIONAL_REPRESENTATION('',(#3952),#3956);
#3952 = ELLIPSE('',#3953,19.166232823535,8.1);
#3953 = AXIS2_PLACEMENT_2D('',#3954,#3955);
#3954 = CARTESIAN_POINT('',(16.554338235134,-37.));
#3955 = DIRECTION('',(1.,0.));
#3956 = ( GEOMETRIC_REPRESENTATION_CONTEXT(2) 
PARAMETRIC_REPRESENTATION_CONTEXT() REPRESENTATION_CONTEXT('2D SPACE',''
  ) );
#3957 = ORIENTED_EDGE('',*,*,#3958,.F.);
#3958 = EDGE_CURVE('',#3672,#3930,#3959,.T.);
#3959 = SURFACE_CURVE('',#3960,(#3998,#4039),.PCURVE_S1.);
#3960 = B_SPLINE_CURVE_WITH_KNOTS('',8,(#3961,#3962,#3963,#3964,#3965,
    #3966,#3967,#3968,#3969,#3970,#3971,#3972,#3973,#3974,#3975,#3976,
    #3977,#3978,#3979,#3980,#3981,#3982,#3983,#3984,#3985,#3986,#3987,
    #3988,#3989,#3990,#3991,#3992,#3993,#3994,#3995,#3996,#3997),
  .UNSPECIFIED.,.F.,.F.,(9,7,7,7,7,9),(0.,8.206303003943E-02,
    0.407960978888,0.77766982715,0.862427301078,1.),.UNSPECIFIED.);
#3961 = CARTESIAN_POINT('',(-7.523961483155,19.672693121632,20.0000006)
  );
#3962 = CARTESIAN_POINT('',(-7.551945495819,19.693455060586,
    19.92981706956));
#3963 = CARTESIAN_POINT('',(-7.579330035408,19.712755917409,
    19.858962207246));
#3964 = CARTESIAN_POINT('',(-7.606067648545,19.730698366978,
    19.787514597902));
#3965 = CARTESIAN_POINT('',(-7.632120271185,19.747378334455,
    19.715542327557));
#3966 = CARTESIAN_POINT('',(-7.657458040556,19.762885310012,
    19.643102874416));
#3967 = CARTESIAN_POINT('',(-7.6820581071,19.777302663542,
    19.570242999845));
#3968 = CARTESIAN_POINT('',(-7.705903446423,19.790707959384,
    19.496998639363));
#3969 = CARTESIAN_POINT('',(-7.820632517225,19.852676920805,
    19.131090910369));
#3970 = CARTESIAN_POINT('',(-7.900383320289,19.8874636934,
    18.832484782013));
#3971 = CARTESIAN_POINT('',(-7.967014031133,19.911731327354,
    18.530228610498));
#3972 = CARTESIAN_POINT('',(-8.020225052447,19.92845735289,
    18.22595837103));
#3973 = CARTESIAN_POINT('',(-8.060069002475,19.939698965304,
    17.920562597206));
#3974 = CARTESIAN_POINT('',(-8.086651489616,19.946770637034,
    17.614415514711));
#3975 = CARTESIAN_POINT('',(-8.1,19.950319638596,17.307581769956));
#3976 = CARTESIAN_POINT('',(-8.1,19.950319638596,16.651069599183));
#3977 = CARTESIAN_POINT('',(-8.082821467874,19.945751128936,
    16.303778673221));
#3978 = CARTESIAN_POINT('',(-8.048747372686,19.936691712362,
    15.957643355483));
#3979 = CARTESIAN_POINT('',(-7.99771911105,19.92204006853,
    15.612282302403));
#3980 = CARTESIAN_POINT('',(-7.929409304707,19.89966551735,
    15.268228941044));
#3981 = CARTESIAN_POINT('',(-7.843766448254,19.866062480496,
    14.927134196841));
#3982 = CARTESIAN_POINT('',(-7.741439373428,19.816104353287,
    14.592018022023));
#3983 = CARTESIAN_POINT('',(-7.598873914107,19.725556931178,
    14.19405439262));
#3984 = CARTESIAN_POINT('',(-7.571541909837,19.707407533386,
    14.120358944495));
#3985 = CARTESIAN_POINT('',(-7.543493222313,19.687898175154,
    14.047235257355));
#3986 = CARTESIAN_POINT('',(-7.514763616725,19.666924608188,
    13.974746902729));
#3987 = CARTESIAN_POINT('',(-7.485399400865,19.644375622499,
    13.902973414153));
#3988 = CARTESIAN_POINT('',(-7.455459220724,19.620132774809,
    13.832010103466));
#3989 = CARTESIAN_POINT('',(-7.425015856093,19.594070116939,
    13.761967877107));
#3990 = CARTESIAN_POINT('',(-7.344071621115,19.520579902032,
    13.580985238195));
#3991 = CARTESIAN_POINT('',(-7.292740697921,19.469820886536,
    13.471416644192));
#3992 = CARTESIAN_POINT('',(-7.240655560215,19.413258002895,
    13.365107668987));
#3993 = CARTESIAN_POINT('',(-7.188431806869,19.350365536147,
    13.262970477339));
#3994 = CARTESIAN_POINT('',(-7.136833418987,19.280621200747,
    13.165994956431));
#3995 = CARTESIAN_POINT('',(-7.086796736174,19.203535949909,
    13.075278114403));
#3996 = CARTESIAN_POINT('',(-7.039455312078,19.118703324729,
    12.992076921153));
#3997 = CARTESIAN_POINT('',(-6.9961656492,19.0258683431,12.917884591421)
  );
#3998 = PCURVE('',#1709,#3999);
#3999 = DEFINITIONAL_REPRESENTATION('',(#4000),#4038);
#4000 = B_SPLINE_CURVE_WITH_KNOTS('',8,(#4001,#4002,#4003,#4004,#4005,
    #4006,#4007,#4008,#4009,#4010,#4011,#4012,#4013,#4014,#4015,#4016,
    #4017,#4018,#4019,#4020,#4021,#4022,#4023,#4024,#4025,#4026,#4027,
    #4028,#4029,#4030,#4031,#4032,#4033,#4034,#4035,#4036,#4037),
  .UNSPECIFIED.,.F.,.F.,(9,7,7,7,7,9),(0.,8.206303003943E-02,
    0.407960978888,0.77766982715,0.862427301078,1.),.UNSPECIFIED.);
#4001 = CARTESIAN_POINT('',(2.762184858717,-10.67269312163));
#4002 = CARTESIAN_POINT('',(2.771512861073,-10.69345506058));
#4003 = CARTESIAN_POINT('',(2.780890436669,-10.7127559174));
#4004 = CARTESIAN_POINT('',(2.790307648169,-10.73069836697));
#4005 = CARTESIAN_POINT('',(2.799756233435,-10.74737833445));
#4006 = CARTESIAN_POINT('',(2.809229552229,-10.76288531001));
#4007 = CARTESIAN_POINT('',(2.818722532916,-10.77730266354));
#4008 = CARTESIAN_POINT('',(2.828231619157,-10.79070795938));
#4009 = CARTESIAN_POINT('',(2.875573913984,-10.8526769208));
#4010 = CARTESIAN_POINT('',(2.913695963663,-10.8874636934));
#4011 = CARTESIAN_POINT('',(2.951845915194,-10.91173132735));
#4012 = CARTESIAN_POINT('',(2.989907625461,-10.92845735289));
#4013 = CARTESIAN_POINT('',(3.027859588575,-10.9396989653));
#4014 = CARTESIAN_POINT('',(3.065738862589,-10.94677063703));
#4015 = CARTESIAN_POINT('',(3.103619595571,-10.95031963859));
#4016 = CARTESIAN_POINT('',(3.184670480851,-10.95031963859));
#4017 = CARTESIAN_POINT('',(3.227545886881,-10.94575112893));
#4018 = CARTESIAN_POINT('',(3.270400559725,-10.93669171236));
#4019 = CARTESIAN_POINT('',(3.313398013654,-10.92204006852));
#4020 = CARTESIAN_POINT('',(3.356596391328,-10.89966551735));
#4021 = CARTESIAN_POINT('',(3.399922329457,-10.86606248049));
#4022 = CARTESIAN_POINT('',(3.443131354986,-10.81610435328));
#4023 = CARTESIAN_POINT('',(3.495320142772,-10.72555693117));
#4024 = CARTESIAN_POINT('',(3.505023322588,-10.70740753338));
#4025 = CARTESIAN_POINT('',(3.514691286962,-10.68789817515));
#4026 = CARTESIAN_POINT('',(3.524316535868,-10.66692460818));
#4027 = CARTESIAN_POINT('',(3.533889219345,-10.64437562249));
#4028 = CARTESIAN_POINT('',(3.543397044382,-10.6201327748));
#4029 = CARTESIAN_POINT('',(3.552825181809,-10.59407011693));
#4030 = CARTESIAN_POINT('',(3.577301618276,-10.52057990203));
#4031 = CARTESIAN_POINT('',(3.592237166007,-10.46982088653));
#4032 = CARTESIAN_POINT('',(3.606848614068,-10.41325800289));
#4033 = CARTESIAN_POINT('',(3.621006921898,-10.35036553614));
#4034 = CARTESIAN_POINT('',(3.634565242184,-10.28062120074));
#4035 = CARTESIAN_POINT('',(3.647353573054,-10.2035359499));
#4036 = CARTESIAN_POINT('',(3.65917103093,-10.11870332472));
#4037 = CARTESIAN_POINT('',(3.669775744061,-10.0258683431));
#4038 = ( GEOMETRIC_REPRESENTATION_CONTEXT(2) 
PARAMETRIC_REPRESENTATION_CONTEXT() REPRESENTATION_CONTEXT('2D SPACE',''
  ) );
#4039 = PCURVE('',#2488,#4040);
#4040 = DEFINITIONAL_REPRESENTATION('',(#4041),#4079);
#4041 = B_SPLINE_CURVE_WITH_KNOTS('',8,(#4042,#4043,#4044,#4045,#4046,
    #4047,#4048,#4049,#4050,#4051,#4052,#4053,#4054,#4055,#4056,#4057,
    #4058,#4059,#4060,#4061,#4062,#4063,#4064,#4065,#4066,#4067,#4068,
    #4069,#4070,#4071,#4072,#4073,#4074,#4075,#4076,#4077,#4078),
  .UNSPECIFIED.,.F.,.F.,(9,7,7,7,7,9),(0.,8.206303003943E-02,
    0.407960978888,0.77766982715,0.862427301078,1.),.UNSPECIFIED.);
#4042 = CARTESIAN_POINT('',(2.645439389465,-40.0000006));
#4043 = CARTESIAN_POINT('',(2.624942423077,-39.92981706956));
#4044 = CARTESIAN_POINT('',(2.605240708957,-39.85896220724));
#4045 = CARTESIAN_POINT('',(2.586307711009,-39.7875145979));
#4046 = CARTESIAN_POINT('',(2.568118813507,-39.71554232755));
#4047 = CARTESIAN_POINT('',(2.550651067037,-39.64310287441));
#4048 = CARTESIAN_POINT('',(2.533882934436,-39.57024299984));
#4049 = CARTESIAN_POINT('',(2.517794036729,-39.49699863936));
#4050 = CARTESIAN_POINT('',(2.441090969597,-39.13109091036));
#4051 = CARTESIAN_POINT('',(2.390089477891,-38.83248478201));
#4052 = CARTESIAN_POINT('',(2.348472551611,-38.53022861049));
#4053 = CARTESIAN_POINT('',(2.315691492517,-38.22595837103));
#4054 = CARTESIAN_POINT('',(2.291345911461,-37.9205625972));
#4055 = CARTESIAN_POINT('',(2.275162735527,-37.61441551471));
#4056 = CARTESIAN_POINT('',(2.26703852316,-37.30758176995));
#4057 = CARTESIAN_POINT('',(2.26703852316,-36.65106959918));
#4058 = CARTESIAN_POINT('',(2.277495083947,-36.30377867322));
#4059 = CARTESIAN_POINT('',(2.298233310419,-35.95764335548));
#4060 = CARTESIAN_POINT('',(2.329461277638,-35.6122823024));
#4061 = CARTESIAN_POINT('',(2.371668366839,-35.26822894104));
#4062 = CARTESIAN_POINT('',(2.425593348604,-34.92713419684));
#4063 = CARTESIAN_POINT('',(2.492159599407,-34.59201802202));
#4064 = CARTESIAN_POINT('',(2.591506508014,-34.19405439262));
#4065 = CARTESIAN_POINT('',(2.610801926576,-34.12035894449));
#4066 = CARTESIAN_POINT('',(2.630891975042,-34.04723525735));
#4067 = CARTESIAN_POINT('',(2.651804654931,-33.97474690272));
#4068 = CARTESIAN_POINT('',(2.673569229363,-33.90297341415));
#4069 = CARTESIAN_POINT('',(2.696216784707,-33.83201010346));
#4070 = CARTESIAN_POINT('',(2.719780792219,-33.7619678771));
#4071 = CARTESIAN_POINT('',(2.784091835853,-33.58098523819));
#4072 = CARTESIAN_POINT('',(2.826517773877,-33.47141664419));
#4073 = CARTESIAN_POINT('',(2.871662992314,-33.36510766898));
#4074 = CARTESIAN_POINT('',(2.919616913773,-33.26297047733));
#4075 = CARTESIAN_POINT('',(2.970475198822,-33.16599495643));
#4076 = CARTESIAN_POINT('',(3.024343192789,-33.0752781144));
#4077 = CARTESIAN_POINT('',(3.08133849545,-32.99207692115));
#4078 = CARTESIAN_POINT('',(3.14159265359,-32.91788459142));
#4079 = ( GEOMETRIC_REPRESENTATION_CONTEXT(2) 
PARAMETRIC_REPRESENTATION_CONTEXT() REPRESENTATION_CONTEXT('2D SPACE',''
  ) );
#4080 = ADVANCED_FACE('',(#4081),#1866,.F.);
#4081 = FACE_BOUND('',#4082,.T.);
#4082 = EDGE_LOOP('',(#4083,#4084,#4105,#4106,#4107));
#4083 = ORIENTED_EDGE('',*,*,#2951,.F.);
#4084 = ORIENTED_EDGE('',*,*,#4085,.T.);
#4085 = EDGE_CURVE('',#2952,#1846,#4086,.T.);
#4086 = SEAM_CURVE('',#4087,(#4091,#4098),.PCURVE_S1.);
#4087 = LINE('',#4088,#4089);
#4088 = CARTESIAN_POINT('',(-15.,25.7,17.));
#4089 = VECTOR('',#4090,1.);
#4090 = DIRECTION('',(1.,0.,0.));
#4091 = PCURVE('',#1866,#4092);
#4092 = DEFINITIONAL_REPRESENTATION('',(#4093),#4097);
#4093 = LINE('',#4094,#4095);
#4094 = CARTESIAN_POINT('',(-6.28318530718,0.));
#4095 = VECTOR('',#4096,1.);
#4096 = DIRECTION('',(-0.,-1.));
#4097 = ( GEOMETRIC_REPRESENTATION_CONTEXT(2) 
PARAMETRIC_REPRESENTATION_CONTEXT() REPRESENTATION_CONTEXT('2D SPACE',''
  ) );
#4098 = PCURVE('',#1866,#4099);
#4099 = DEFINITIONAL_REPRESENTATION('',(#4100),#4104);
#4100 = LINE('',#4101,#4102);
#4101 = CARTESIAN_POINT('',(-0.,0.));
#4102 = VECTOR('',#4103,1.);
#4103 = DIRECTION('',(-0.,-1.));
#4104 = ( GEOMETRIC_REPRESENTATION_CONTEXT(2) 
PARAMETRIC_REPRESENTATION_CONTEXT() REPRESENTATION_CONTEXT('2D SPACE',''
  ) );
#4105 = ORIENTED_EDGE('',*,*,#1845,.F.);
#4106 = ORIENTED_EDGE('',*,*,#4085,.F.);
#4107 = ORIENTED_EDGE('',*,*,#3068,.F.);
#4108 = ADVANCED_FACE('',(#4109),#2360,.T.);
#4109 = FACE_BOUND('',#4110,.T.);
#4110 = EDGE_LOOP('',(#4111,#4132,#4133,#4134,#4135,#4136));
#4111 = ORIENTED_EDGE('',*,*,#4112,.F.);
#4112 = EDGE_CURVE('',#2323,#2681,#4113,.T.);
#4113 = SEAM_CURVE('',#4114,(#4118,#4125),.PCURVE_S1.);
#4114 = LINE('',#4115,#4116);
#4115 = CARTESIAN_POINT('',(32.5,0.,5.5));
#4116 = VECTOR('',#4117,1.);
#4117 = DIRECTION('',(0.,0.,1.));
#4118 = PCURVE('',#2360,#4119);
#4119 = DEFINITIONAL_REPRESENTATION('',(#4120),#4124);
#4120 = LINE('',#4121,#4122);
#4121 = CARTESIAN_POINT('',(0.,0.));
#4122 = VECTOR('',#4123,1.);
#4123 = DIRECTION('',(0.,1.));
#4124 = ( GEOMETRIC_REPRESENTATION_CONTEXT(2) 
PARAMETRIC_REPRESENTATION_CONTEXT() REPRESENTATION_CONTEXT('2D SPACE',''
  ) );
#4125 = PCURVE('',#2360,#4126);
#4126 = DEFINITIONAL_REPRESENTATION('',(#4127),#4131);
#4127 = LINE('',#4128,#4129);
#4128 = CARTESIAN_POINT('',(6.28318530718,0.));
#4129 = VECTOR('',#4130,1.);
#4130 = DIRECTION('',(0.,1.));
#4131 = ( GEOMETRIC_REPRESENTATION_CONTEXT(2) 
PARAMETRIC_REPRESENTATION_CONTEXT() REPRESENTATION_CONTEXT('2D SPACE',''
  ) );
#4132 = ORIENTED_EDGE('',*,*,#2345,.T.);
#4133 = ORIENTED_EDGE('',*,*,#4112,.T.);
#4134 = ORIENTED_EDGE('',*,*,#2680,.F.);
#4135 = ORIENTED_EDGE('',*,*,#2734,.F.);
#4136 = ORIENTED_EDGE('',*,*,#2704,.F.);
#4137 = ADVANCED_FACE('',(#4138),#2456,.F.);
#4138 = FACE_BOUND('',#4139,.F.);
#4139 = EDGE_LOOP('',(#4140,#4141,#4162,#4163,#4186));
#4140 = ORIENTED_EDGE('',*,*,#2439,.T.);
#4141 = ORIENTED_EDGE('',*,*,#4142,.T.);
#4142 = EDGE_CURVE('',#2442,#3700,#4143,.T.);
#4143 = SURFACE_CURVE('',#4144,(#4148,#4155),.PCURVE_S1.);
#4144 = LINE('',#4145,#4146);
#4145 = CARTESIAN_POINT('',(-6.612142378851,10.157242399481,-20.));
#4146 = VECTOR('',#4147,1.);
#4147 = DIRECTION('',(0.,0.,1.));
#4148 = PCURVE('',#2456,#4149);
#4149 = DEFINITIONAL_REPRESENTATION('',(#4150),#4154);
#4150 = LINE('',#4151,#4152);
#4151 = CARTESIAN_POINT('',(0.,0.));
#4152 = VECTOR('',#4153,1.);
#4153 = DIRECTION('',(0.,-1.));
#4154 = ( GEOMETRIC_REPRESENTATION_CONTEXT(2) 
PARAMETRIC_REPRESENTATION_CONTEXT() REPRESENTATION_CONTEXT('2D SPACE',''
  ) );
#4155 = PCURVE('',#2545,#4156);
#4156 = DEFINITIONAL_REPRESENTATION('',(#4157),#4161);
#4157 = LINE('',#4158,#4159);
#4158 = CARTESIAN_POINT('',(3.14159265359,0.));
#4159 = VECTOR('',#4160,1.);
#4160 = DIRECTION('',(0.,-1.));
#4161 = ( GEOMETRIC_REPRESENTATION_CONTEXT(2) 
PARAMETRIC_REPRESENTATION_CONTEXT() REPRESENTATION_CONTEXT('2D SPACE',''
  ) );
#4162 = ORIENTED_EDGE('',*,*,#3699,.F.);
#4163 = ORIENTED_EDGE('',*,*,#4164,.T.);
#4164 = EDGE_CURVE('',#3674,#4165,#4167,.T.);
#4165 = VERTEX_POINT('',#4166);
#4166 = CARTESIAN_POINT('',(-10.07761212512,17.588966253181,20.));
#4167 = SURFACE_CURVE('',#4168,(#4172,#4179),.PCURVE_S1.);
#4168 = LINE('',#4169,#4170);
#4169 = CARTESIAN_POINT('',(-6.612142378851,10.157242399481,20.));
#4170 = VECTOR('',#4171,1.);
#4171 = DIRECTION('',(-0.422618261741,0.906307787037,0.));
#4172 = PCURVE('',#2456,#4173);
#4173 = DEFINITIONAL_REPRESENTATION('',(#4174),#4178);
#4174 = LINE('',#4175,#4176);
#4175 = CARTESIAN_POINT('',(0.,-40.));
#4176 = VECTOR('',#4177,1.);
#4177 = DIRECTION('',(1.,0.));
#4178 = ( GEOMETRIC_REPRESENTATION_CONTEXT(2) 
PARAMETRIC_REPRESENTATION_CONTEXT() REPRESENTATION_CONTEXT('2D SPACE',''
  ) );
#4179 = PCURVE('',#3688,#4180);
#4180 = DEFINITIONAL_REPRESENTATION('',(#4181),#4185);
#4181 = LINE('',#4182,#4183);
#4182 = CARTESIAN_POINT('',(4.1,1.7));
#4183 = VECTOR('',#4184,1.);
#4184 = DIRECTION('',(-1.,0.));
#4185 = ( GEOMETRIC_REPRESENTATION_CONTEXT(2) 
PARAMETRIC_REPRESENTATION_CONTEXT() REPRESENTATION_CONTEXT('2D SPACE',''
  ) );
#4186 = ORIENTED_EDGE('',*,*,#4187,.F.);
#4187 = EDGE_CURVE('',#2440,#4165,#4188,.T.);
#4188 = SURFACE_CURVE('',#4189,(#4193,#4200),.PCURVE_S1.);
#4189 = LINE('',#4190,#4191);
#4190 = CARTESIAN_POINT('',(-10.07761212512,17.588966253181,-20.));
#4191 = VECTOR('',#4192,1.);
#4192 = DIRECTION('',(0.,0.,1.));
#4193 = PCURVE('',#2456,#4194);
#4194 = DEFINITIONAL_REPRESENTATION('',(#4195),#4199);
#4195 = LINE('',#4196,#4197);
#4196 = CARTESIAN_POINT('',(8.2,0.));
#4197 = VECTOR('',#4198,1.);
#4198 = DIRECTION('',(0.,-1.));
#4199 = ( GEOMETRIC_REPRESENTATION_CONTEXT(2) 
PARAMETRIC_REPRESENTATION_CONTEXT() REPRESENTATION_CONTEXT('2D SPACE',''
  ) );
#4200 = PCURVE('',#2488,#4201);
#4201 = DEFINITIONAL_REPRESENTATION('',(#4202),#4206);
#4202 = LINE('',#4203,#4204);
#4203 = CARTESIAN_POINT('',(0.,0.));
#4204 = VECTOR('',#4205,1.);
#4205 = DIRECTION('',(0.,-1.));
#4206 = ( GEOMETRIC_REPRESENTATION_CONTEXT(2) 
PARAMETRIC_REPRESENTATION_CONTEXT() REPRESENTATION_CONTEXT('2D SPACE',''
  ) );
#4207 = ADVANCED_FACE('',(#4208),#2488,.F.);
#4208 = FACE_BOUND('',#4209,.F.);
#4209 = EDGE_LOOP('',(#4210,#4211,#4212,#4234,#4235));
#4210 = ORIENTED_EDGE('',*,*,#2467,.F.);
#4211 = ORIENTED_EDGE('',*,*,#4187,.T.);
#4212 = ORIENTED_EDGE('',*,*,#4213,.T.);
#4213 = EDGE_CURVE('',#4165,#3672,#4214,.T.);
#4214 = SURFACE_CURVE('',#4215,(#4220,#4227),.PCURVE_S1.);
#4215 = CIRCLE('',#4216,1.7);
#4216 = AXIS2_PLACEMENT_3D('',#4217,#4218,#4219);
#4217 = CARTESIAN_POINT('',(-8.536888887162,18.30741729814,20.));
#4218 = DIRECTION('',(-0.,0.,-1.));
#4219 = DIRECTION('',(-0.906307787037,-0.422618261741,0.));
#4220 = PCURVE('',#2488,#4221);
#4221 = DEFINITIONAL_REPRESENTATION('',(#4222),#4226);
#4222 = LINE('',#4223,#4224);
#4223 = CARTESIAN_POINT('',(0.,-40.));
#4224 = VECTOR('',#4225,1.);
#4225 = DIRECTION('',(1.,0.));
#4226 = ( GEOMETRIC_REPRESENTATION_CONTEXT(2) 
PARAMETRIC_REPRESENTATION_CONTEXT() REPRESENTATION_CONTEXT('2D SPACE',''
  ) );
#4227 = PCURVE('',#3688,#4228);
#4228 = DEFINITIONAL_REPRESENTATION('',(#4229),#4233);
#4229 = CIRCLE('',#4230,1.7);
#4230 = AXIS2_PLACEMENT_2D('',#4231,#4232);
#4231 = CARTESIAN_POINT('',(-4.1,0.));
#4232 = DIRECTION('',(0.,1.));
#4233 = ( GEOMETRIC_REPRESENTATION_CONTEXT(2) 
PARAMETRIC_REPRESENTATION_CONTEXT() REPRESENTATION_CONTEXT('2D SPACE',''
  ) );
#4234 = ORIENTED_EDGE('',*,*,#3958,.T.);
#4235 = ORIENTED_EDGE('',*,*,#4236,.F.);
#4236 = EDGE_CURVE('',#2468,#3930,#4237,.T.);
#4237 = SURFACE_CURVE('',#4238,(#4242,#4249),.PCURVE_S1.);
#4238 = LINE('',#4239,#4240);
#4239 = CARTESIAN_POINT('',(-6.9961656492,19.0258683431,-20.));
#4240 = VECTOR('',#4241,1.);
#4241 = DIRECTION('',(0.,0.,1.));
#4242 = PCURVE('',#2488,#4243);
#4243 = DEFINITIONAL_REPRESENTATION('',(#4244),#4248);
#4244 = LINE('',#4245,#4246);
#4245 = CARTESIAN_POINT('',(3.14159265359,0.));
#4246 = VECTOR('',#4247,1.);
#4247 = DIRECTION('',(0.,-1.));
#4248 = ( GEOMETRIC_REPRESENTATION_CONTEXT(2) 
PARAMETRIC_REPRESENTATION_CONTEXT() REPRESENTATION_CONTEXT('2D SPACE',''
  ) );
#4249 = PCURVE('',#2515,#4250);
#4250 = DEFINITIONAL_REPRESENTATION('',(#4251),#4255);
#4251 = LINE('',#4252,#4253);
#4252 = CARTESIAN_POINT('',(0.,0.));
#4253 = VECTOR('',#4254,1.);
#4254 = DIRECTION('',(0.,-1.));
#4255 = ( GEOMETRIC_REPRESENTATION_CONTEXT(2) 
PARAMETRIC_REPRESENTATION_CONTEXT() REPRESENTATION_CONTEXT('2D SPACE',''
  ) );
#4256 = ADVANCED_FACE('',(#4257),#2545,.F.);
#4257 = FACE_BOUND('',#4258,.F.);
#4258 = EDGE_LOOP('',(#4259,#4260,#4281,#4282));
#4259 = ORIENTED_EDGE('',*,*,#2526,.F.);
#4260 = ORIENTED_EDGE('',*,*,#4261,.T.);
#4261 = EDGE_CURVE('',#2501,#3730,#4262,.T.);
#4262 = SURFACE_CURVE('',#4263,(#4267,#4274),.PCURVE_S1.);
#4263 = LINE('',#4264,#4265);
#4264 = CARTESIAN_POINT('',(-3.530695902926,11.594144489399,-20.));
#4265 = VECTOR('',#4266,1.);
#4266 = DIRECTION('',(0.,0.,1.));
#4267 = PCURVE('',#2545,#4268);
#4268 = DEFINITIONAL_REPRESENTATION('',(#4269),#4273);
#4269 = LINE('',#4270,#4271);
#4270 = CARTESIAN_POINT('',(0.,0.));
#4271 = VECTOR('',#4272,1.);
#4272 = DIRECTION('',(0.,-1.));
#4273 = ( GEOMETRIC_REPRESENTATION_CONTEXT(2) 
PARAMETRIC_REPRESENTATION_CONTEXT() REPRESENTATION_CONTEXT('2D SPACE',''
  ) );
#4274 = PCURVE('',#2515,#4275);
#4275 = DEFINITIONAL_REPRESENTATION('',(#4276),#4280);
#4276 = LINE('',#4277,#4278);
#4277 = CARTESIAN_POINT('',(8.2,0.));
#4278 = VECTOR('',#4279,1.);
#4279 = DIRECTION('',(0.,-1.));
#4280 = ( GEOMETRIC_REPRESENTATION_CONTEXT(2) 
PARAMETRIC_REPRESENTATION_CONTEXT() REPRESENTATION_CONTEXT('2D SPACE',''
  ) );
#4281 = ORIENTED_EDGE('',*,*,#3729,.T.);
#4282 = ORIENTED_EDGE('',*,*,#4142,.F.);
#4283 = ADVANCED_FACE('',(#4284),#2515,.F.);
#4284 = FACE_BOUND('',#4285,.F.);
#4285 = EDGE_LOOP('',(#4286,#4287,#4288,#4289));
#4286 = ORIENTED_EDGE('',*,*,#2500,.T.);
#4287 = ORIENTED_EDGE('',*,*,#4236,.T.);
#4288 = ORIENTED_EDGE('',*,*,#3929,.F.);
#4289 = ORIENTED_EDGE('',*,*,#4261,.F.);
#4290 = ADVANCED_FACE('',(#4291),#2576,.F.);
#4291 = FACE_BOUND('',#4292,.F.);
#4292 = EDGE_LOOP('',(#4293,#4294,#4315,#4316));
#4293 = ORIENTED_EDGE('',*,*,#2559,.T.);
#4294 = ORIENTED_EDGE('',*,*,#4295,.T.);
#4295 = EDGE_CURVE('',#2562,#3265,#4296,.T.);
#4296 = SURFACE_CURVE('',#4297,(#4301,#4308),.PCURVE_S1.);
#4297 = LINE('',#4298,#4299);
#4298 = CARTESIAN_POINT('',(3.530695902926,11.594144489399,-20.));
#4299 = VECTOR('',#4300,1.);
#4300 = DIRECTION('',(0.,0.,1.));
#4301 = PCURVE('',#2576,#4302);
#4302 = DEFINITIONAL_REPRESENTATION('',(#4303),#4307);
#4303 = LINE('',#4304,#4305);
#4304 = CARTESIAN_POINT('',(0.,0.));
#4305 = VECTOR('',#4306,1.);
#4306 = DIRECTION('',(0.,-1.));
#4307 = ( GEOMETRIC_REPRESENTATION_CONTEXT(2) 
PARAMETRIC_REPRESENTATION_CONTEXT() REPRESENTATION_CONTEXT('2D SPACE',''
  ) );
#4308 = PCURVE('',#2665,#4309);
#4309 = DEFINITIONAL_REPRESENTATION('',(#4310),#4314);
#4310 = LINE('',#4311,#4312);
#4311 = CARTESIAN_POINT('',(3.14159265359,0.));
#4312 = VECTOR('',#4313,1.);
#4313 = DIRECTION('',(0.,-1.));
#4314 = ( GEOMETRIC_REPRESENTATION_CONTEXT(2) 
PARAMETRIC_REPRESENTATION_CONTEXT() REPRESENTATION_CONTEXT('2D SPACE',''
  ) );
#4315 = ORIENTED_EDGE('',*,*,#3264,.F.);
#4316 = ORIENTED_EDGE('',*,*,#4317,.F.);
#4317 = EDGE_CURVE('',#2560,#3182,#4318,.T.);
#4318 = SURFACE_CURVE('',#4319,(#4323,#4330),.PCURVE_S1.);
#4319 = LINE('',#4320,#4321);
#4320 = CARTESIAN_POINT('',(6.9961656492,19.0258683431,-20.));
#4321 = VECTOR('',#4322,1.);
#4322 = DIRECTION('',(0.,0.,1.));
#4323 = PCURVE('',#2576,#4324);
#4324 = DEFINITIONAL_REPRESENTATION('',(#4325),#4329);
#4325 = LINE('',#4326,#4327);
#4326 = CARTESIAN_POINT('',(8.2,0.));
#4327 = VECTOR('',#4328,1.);
#4328 = DIRECTION('',(0.,-1.));
#4329 = ( GEOMETRIC_REPRESENTATION_CONTEXT(2) 
PARAMETRIC_REPRESENTATION_CONTEXT() REPRESENTATION_CONTEXT('2D SPACE',''
  ) );
#4330 = PCURVE('',#2608,#4331);
#4331 = DEFINITIONAL_REPRESENTATION('',(#4332),#4336);
#4332 = LINE('',#4333,#4334);
#4333 = CARTESIAN_POINT('',(0.,0.));
#4334 = VECTOR('',#4335,1.);
#4335 = DIRECTION('',(0.,-1.));
#4336 = ( GEOMETRIC_REPRESENTATION_CONTEXT(2) 
PARAMETRIC_REPRESENTATION_CONTEXT() REPRESENTATION_CONTEXT('2D SPACE',''
  ) );
#4337 = ADVANCED_FACE('',(#4338),#2665,.F.);
#4338 = FACE_BOUND('',#4339,.F.);
#4339 = EDGE_LOOP('',(#4340,#4341,#4362,#4363));
#4340 = ORIENTED_EDGE('',*,*,#2646,.F.);
#4341 = ORIENTED_EDGE('',*,*,#4342,.T.);
#4342 = EDGE_CURVE('',#2621,#3294,#4343,.T.);
#4343 = SURFACE_CURVE('',#4344,(#4348,#4355),.PCURVE_S1.);
#4344 = LINE('',#4345,#4346);
#4345 = CARTESIAN_POINT('',(6.612142378851,10.157242399481,-20.));
#4346 = VECTOR('',#4347,1.);
#4347 = DIRECTION('',(0.,0.,1.));
#4348 = PCURVE('',#2665,#4349);
#4349 = DEFINITIONAL_REPRESENTATION('',(#4350),#4354);
#4350 = LINE('',#4351,#4352);
#4351 = CARTESIAN_POINT('',(0.,0.));
#4352 = VECTOR('',#4353,1.);
#4353 = DIRECTION('',(0.,-1.));
#4354 = ( GEOMETRIC_REPRESENTATION_CONTEXT(2) 
PARAMETRIC_REPRESENTATION_CONTEXT() REPRESENTATION_CONTEXT('2D SPACE',''
  ) );
#4355 = PCURVE('',#2635,#4356);
#4356 = DEFINITIONAL_REPRESENTATION('',(#4357),#4361);
#4357 = LINE('',#4358,#4359);
#4358 = CARTESIAN_POINT('',(8.2,0.));
#4359 = VECTOR('',#4360,1.);
#4360 = DIRECTION('',(0.,-1.));
#4361 = ( GEOMETRIC_REPRESENTATION_CONTEXT(2) 
PARAMETRIC_REPRESENTATION_CONTEXT() REPRESENTATION_CONTEXT('2D SPACE',''
  ) );
#4362 = ORIENTED_EDGE('',*,*,#3293,.T.);
#4363 = ORIENTED_EDGE('',*,*,#4295,.F.);
#4364 = ADVANCED_FACE('',(#4365),#2635,.F.);
#4365 = FACE_BOUND('',#4366,.F.);
#4366 = EDGE_LOOP('',(#4367,#4368,#4391,#4412,#4413,#4414));
#4367 = ORIENTED_EDGE('',*,*,#2620,.T.);
#4368 = ORIENTED_EDGE('',*,*,#4369,.T.);
#4369 = EDGE_CURVE('',#2588,#4370,#4372,.T.);
#4370 = VERTEX_POINT('',#4371);
#4371 = CARTESIAN_POINT('',(10.077612125124,17.588966253181,20.));
#4372 = SURFACE_CURVE('',#4373,(#4377,#4384),.PCURVE_S1.);
#4373 = LINE('',#4374,#4375);
#4374 = CARTESIAN_POINT('',(10.077612125124,17.588966253181,-20.));
#4375 = VECTOR('',#4376,1.);
#4376 = DIRECTION('',(0.,0.,1.));
#4377 = PCURVE('',#2635,#4378);
#4378 = DEFINITIONAL_REPRESENTATION('',(#4379),#4383);
#4379 = LINE('',#4380,#4381);
#4380 = CARTESIAN_POINT('',(0.,0.));
#4381 = VECTOR('',#4382,1.);
#4382 = DIRECTION('',(0.,-1.));
#4383 = ( GEOMETRIC_REPRESENTATION_CONTEXT(2) 
PARAMETRIC_REPRESENTATION_CONTEXT() REPRESENTATION_CONTEXT('2D SPACE',''
  ) );
#4384 = PCURVE('',#2608,#4385);
#4385 = DEFINITIONAL_REPRESENTATION('',(#4386),#4390);
#4386 = LINE('',#4387,#4388);
#4387 = CARTESIAN_POINT('',(3.14159265359,0.));
#4388 = VECTOR('',#4389,1.);
#4389 = DIRECTION('',(0.,-1.));
#4390 = ( GEOMETRIC_REPRESENTATION_CONTEXT(2) 
PARAMETRIC_REPRESENTATION_CONTEXT() REPRESENTATION_CONTEXT('2D SPACE',''
  ) );
#4391 = ORIENTED_EDGE('',*,*,#4392,.T.);
#4392 = EDGE_CURVE('',#4370,#3573,#4393,.T.);
#4393 = SURFACE_CURVE('',#4394,(#4398,#4405),.PCURVE_S1.);
#4394 = LINE('',#4395,#4396);
#4395 = CARTESIAN_POINT('',(10.077612125124,17.588966253181,20.));
#4396 = VECTOR('',#4397,1.);
#4397 = DIRECTION('',(-0.422618261741,-0.906307787037,0.));
#4398 = PCURVE('',#2635,#4399);
#4399 = DEFINITIONAL_REPRESENTATION('',(#4400),#4404);
#4400 = LINE('',#4401,#4402);
#4401 = CARTESIAN_POINT('',(0.,-40.));
#4402 = VECTOR('',#4403,1.);
#4403 = DIRECTION('',(1.,0.));
#4404 = ( GEOMETRIC_REPRESENTATION_CONTEXT(2) 
PARAMETRIC_REPRESENTATION_CONTEXT() REPRESENTATION_CONTEXT('2D SPACE',''
  ) );
#4405 = PCURVE('',#3615,#4406);
#4406 = DEFINITIONAL_REPRESENTATION('',(#4407),#4411);
#4407 = LINE('',#4408,#4409);
#4408 = CARTESIAN_POINT('',(-4.1,-1.7));
#4409 = VECTOR('',#4410,1.);
#4410 = DIRECTION('',(1.,0.));
#4411 = ( GEOMETRIC_REPRESENTATION_CONTEXT(2) 
PARAMETRIC_REPRESENTATION_CONTEXT() REPRESENTATION_CONTEXT('2D SPACE',''
  ) );
#4412 = ORIENTED_EDGE('',*,*,#3572,.F.);
#4413 = ORIENTED_EDGE('',*,*,#3493,.F.);
#4414 = ORIENTED_EDGE('',*,*,#4342,.F.);
#4415 = ADVANCED_FACE('',(#4416),#2608,.F.);
#4416 = FACE_BOUND('',#4417,.F.);
#4417 = EDGE_LOOP('',(#4418,#4419,#4420,#4421,#4422,#4444));
#4418 = ORIENTED_EDGE('',*,*,#2587,.F.);
#4419 = ORIENTED_EDGE('',*,*,#4317,.T.);
#4420 = ORIENTED_EDGE('',*,*,#3181,.T.);
#4421 = ORIENTED_EDGE('',*,*,#3626,.T.);
#4422 = ORIENTED_EDGE('',*,*,#4423,.T.);
#4423 = EDGE_CURVE('',#3601,#4370,#4424,.T.);
#4424 = SURFACE_CURVE('',#4425,(#4430,#4437),.PCURVE_S1.);
#4425 = CIRCLE('',#4426,1.7);
#4426 = AXIS2_PLACEMENT_3D('',#4427,#4428,#4429);
#4427 = CARTESIAN_POINT('',(8.536888887162,18.30741729814,20.));
#4428 = DIRECTION('',(0.,0.,-1.));
#4429 = DIRECTION('',(-0.906307787037,0.422618261741,0.));
#4430 = PCURVE('',#2608,#4431);
#4431 = DEFINITIONAL_REPRESENTATION('',(#4432),#4436);
#4432 = LINE('',#4433,#4434);
#4433 = CARTESIAN_POINT('',(0.,-40.));
#4434 = VECTOR('',#4435,1.);
#4435 = DIRECTION('',(1.,0.));
#4436 = ( GEOMETRIC_REPRESENTATION_CONTEXT(2) 
PARAMETRIC_REPRESENTATION_CONTEXT() REPRESENTATION_CONTEXT('2D SPACE',''
  ) );
#4437 = PCURVE('',#3615,#4438);
#4438 = DEFINITIONAL_REPRESENTATION('',(#4439),#4443);
#4439 = CIRCLE('',#4440,1.7);
#4440 = AXIS2_PLACEMENT_2D('',#4441,#4442);
#4441 = CARTESIAN_POINT('',(-4.1,2.22044604925E-16));
#4442 = DIRECTION('',(0.,1.));
#4443 = ( GEOMETRIC_REPRESENTATION_CONTEXT(2) 
PARAMETRIC_REPRESENTATION_CONTEXT() REPRESENTATION_CONTEXT('2D SPACE',''
  ) );
#4444 = ORIENTED_EDGE('',*,*,#4369,.F.);
#4445 = ADVANCED_FACE('',(#4446),#3615,.T.);
#4446 = FACE_BOUND('',#4447,.T.);
#4447 = EDGE_LOOP('',(#4448,#4449,#4450));
#4448 = ORIENTED_EDGE('',*,*,#3600,.F.);
#4449 = ORIENTED_EDGE('',*,*,#4423,.T.);
#4450 = ORIENTED_EDGE('',*,*,#4392,.T.);
#4451 = ADVANCED_FACE('',(#4452),#3559,.F.);
#4452 = FACE_BOUND('',#4453,.F.);
#4453 = EDGE_LOOP('',(#4454));
#4454 = ORIENTED_EDGE('',*,*,#3544,.T.);
#4455 = ADVANCED_FACE('',(#4456),#3688,.T.);
#4456 = FACE_BOUND('',#4457,.T.);
#4457 = EDGE_LOOP('',(#4458,#4459,#4460));
#4458 = ORIENTED_EDGE('',*,*,#3671,.T.);
#4459 = ORIENTED_EDGE('',*,*,#4164,.T.);
#4460 = ORIENTED_EDGE('',*,*,#4213,.T.);
#4461 = ( GEOMETRIC_REPRESENTATION_CONTEXT(3) 
GLOBAL_UNCERTAINTY_ASSIGNED_CONTEXT((#4465)) 
GLOBAL_UNIT_ASSIGNED_CONTEXT((#4462,#4463,#4464)) REPRESENTATION_CONTEXT
('Context #1','3D Context with UNIT and UNCERTAINTY') );
#4462 = ( LENGTH_UNIT() NAMED_UNIT(*) SI_UNIT(.MILLI.,.METRE.) );
#4463 = ( NAMED_UNIT(*) PLANE_ANGLE_UNIT() SI_UNIT($,.RADIAN.) );
#4464 = ( NAMED_UNIT(*) SI_UNIT($,.STERADIAN.) SOLID_ANGLE_UNIT() );
#4465 = UNCERTAINTY_MEASURE_WITH_UNIT(LENGTH_MEASURE(1.E-07),#4462,
  'distance_accuracy_value','confusion accuracy');
#4466 = PRODUCT_RELATED_PRODUCT_CATEGORY('part',$,(#7));
ENDSEC;
END-ISO-10303-21;
