ISO-10303-21;
HEADER;
FILE_DESCRIPTION(('Open CASCADE Model'),'2;1');
FILE_NAME('Open CASCADE Shape Model','2026-09-24T19:15:09',('Author'),(
    'Open CASCADE'),'Open CASCADE STEP processor 7.9','Open CASCADE 7.9'
  ,'Unknown');
FILE_SCHEMA(('AUTOMOTIVE_DESIGN { 1 0 10303 214 1 1 1 1 }'));
ENDSEC;
DATA;
#1 = APPLICATION_PROTOCOL_DEFINITION('international standard',
  'automotive_design',2000,#2);
#2 = APPLICATION_CONTEXT(
  'core data for automotive mechanical design processes');
#3 = SHAPE_DEFINITION_REPRESENTATION(#4,#10);
#4 = PRODUCT_DEFINITION_SHAPE('','',#5);
#5 = PRODUCT_DEFINITION('design','',#6,#9);
#6 = PRODUCT_DEFINITION_FORMATION('','',#7);
#7 = PRODUCT('Open CASCADE STEP translator 7.9 2',
  'Open CASCADE STEP translator 7.9 2','',(#8));
#8 = PRODUCT_CONTEXT('',#2,'mechanical');
#9 = PRODUCT_DEFINITION_CONTEXT('part definition',#2,'design');
#10 = ADVANCED_BREP_SHAPE_REPRESENTATION('',(#11,#15),#3246);
#11 = AXIS2_PLACEMENT_3D('',#12,#13,#14);
#12 = CARTESIAN_POINT('',(0.,0.,0.));
#13 = DIRECTION('',(0.,0.,1.));
#14 = DIRECTION('',(1.,0.,-0.));
#15 = MANIFOLD_SOLID_BREP('',#16);
#16 = CLOSED_SHELL('',(#17,#137,#388,#442,#497,#606,#661,#713,#961,#1008
    ,#1714,#1794,#1853,#2018,#2068,#2148,#2193,#2518,#2773,#2819,#2829,
    #2883,#2910,#2937,#2991,#3045,#3099,#3170,#3232,#3239));
#17 = ADVANCED_FACE('',(#18),#32,.F.);
#18 = FACE_BOUND('',#19,.F.);
#19 = EDGE_LOOP('',(#20,#55,#83,#111));
#20 = ORIENTED_EDGE('',*,*,#21,.T.);
#21 = EDGE_CURVE('',#22,#24,#26,.T.);
#22 = VERTEX_POINT('',#23);
#23 = CARTESIAN_POINT('',(-50.,-50.,0.));
#24 = VERTEX_POINT('',#25);
#25 = CARTESIAN_POINT('',(-50.,-50.,6.));
#26 = SURFACE_CURVE('',#27,(#31,#43),.PCURVE_S1.);
#27 = LINE('',#28,#29);
#28 = CARTESIAN_POINT('',(-50.,-50.,0.));
#29 = VECTOR('',#30,1.);
#30 = DIRECTION('',(0.,0.,1.));
#31 = PCURVE('',#32,#37);
#32 = PLANE('',#33);
#33 = AXIS2_PLACEMENT_3D('',#34,#35,#36);
#34 = CARTESIAN_POINT('',(-50.,-50.,0.));
#35 = DIRECTION('',(0.,1.,0.));
#36 = DIRECTION('',(1.,0.,0.));
#37 = DEFINITIONAL_REPRESENTATION('',(#38),#42);
#38 = LINE('',#39,#40);
#39 = CARTESIAN_POINT('',(0.,0.));
#40 = VECTOR('',#41,1.);
#41 = DIRECTION('',(0.,-1.));
#42 = ( GEOMETRIC_REPRESENTATION_CONTEXT(2) 
PARAMETRIC_REPRESENTATION_CONTEXT() REPRESENTATION_CONTEXT('2D SPACE',''
  ) );
#43 = PCURVE('',#44,#49);
#44 = PLANE('',#45);
#45 = AXIS2_PLACEMENT_3D('',#46,#47,#48);
#46 = CARTESIAN_POINT('',(-50.,50.,0.));
#47 = DIRECTION('',(1.,0.,-0.));
#48 = DIRECTION('',(0.,-1.,0.));
#49 = DEFINITIONAL_REPRESENTATION('',(#50),#54);
#50 = LINE('',#51,#52);
#51 = CARTESIAN_POINT('',(100.,0.));
#52 = VECTOR('',#53,1.);
#53 = DIRECTION('',(0.,-1.));
#54 = ( GEOMETRIC_REPRESENTATION_CONTEXT(2) 
PARAMETRIC_REPRESENTATION_CONTEXT() REPRESENTATION_CONTEXT('2D SPACE',''
  ) );
#55 = ORIENTED_EDGE('',*,*,#56,.T.);
#56 = EDGE_CURVE('',#24,#57,#59,.T.);
#57 = VERTEX_POINT('',#58);
#58 = CARTESIAN_POINT('',(50.,-50.,6.));
#59 = SURFACE_CURVE('',#60,(#64,#71),.PCURVE_S1.);
#60 = LINE('',#61,#62);
#61 = CARTESIAN_POINT('',(-50.,-50.,6.));
#62 = VECTOR('',#63,1.);
#63 = DIRECTION('',(1.,0.,0.));
#64 = PCURVE('',#32,#65);
#65 = DEFINITIONAL_REPRESENTATION('',(#66),#70);
#66 = LINE('',#67,#68);
#67 = CARTESIAN_POINT('',(0.,-6.));
#68 = VECTOR('',#69,1.);
#69 = DIRECTION('',(1.,0.));
#70 = ( GEOMETRIC_REPRESENTATION_CONTEXT(2) 
PARAMETRIC_REPRESENTATION_CONTEXT() REPRESENTATION_CONTEXT('2D SPACE',''
  ) );
#71 = PCURVE('',#72,#77);
#72 = PLANE('',#73);
#73 = AXIS2_PLACEMENT_3D('',#74,#75,#76);
#74 = CARTESIAN_POINT('',(0.,0.,6.));
#75 = DIRECTION('',(0.,0.,1.));
#76 = DIRECTION('',(1.,0.,-0.));
#77 = DEFINITIONAL_REPRESENTATION('',(#78),#82);
#78 = LINE('',#79,#80);
#79 = CARTESIAN_POINT('',(-50.,-50.));
#80 = VECTOR('',#81,1.);
#81 = DIRECTION('',(1.,0.));
#82 = ( GEOMETRIC_REPRESENTATION_CONTEXT(2) 
PARAMETRIC_REPRESENTATION_CONTEXT() REPRESENTATION_CONTEXT('2D SPACE',''
  ) );
#83 = ORIENTED_EDGE('',*,*,#84,.F.);
#84 = EDGE_CURVE('',#85,#57,#87,.T.);
#85 = VERTEX_POINT('',#86);
#86 = CARTESIAN_POINT('',(50.,-50.,0.));
#87 = SURFACE_CURVE('',#88,(#92,#99),.PCURVE_S1.);
#88 = LINE('',#89,#90);
#89 = CARTESIAN_POINT('',(50.,-50.,0.));
#90 = VECTOR('',#91,1.);
#91 = DIRECTION('',(0.,0.,1.));
#92 = PCURVE('',#32,#93);
#93 = DEFINITIONAL_REPRESENTATION('',(#94),#98);
#94 = LINE('',#95,#96);
#95 = CARTESIAN_POINT('',(100.,0.));
#96 = VECTOR('',#97,1.);
#97 = DIRECTION('',(0.,-1.));
#98 = ( GEOMETRIC_REPRESENTATION_CONTEXT(2) 
PARAMETRIC_REPRESENTATION_CONTEXT() REPRESENTATION_CONTEXT('2D SPACE',''
  ) );
#99 = PCURVE('',#100,#105);
#100 = PLANE('',#101);
#101 = AXIS2_PLACEMENT_3D('',#102,#103,#104);
#102 = CARTESIAN_POINT('',(50.,-50.,0.));
#103 = DIRECTION('',(-1.,0.,0.));
#104 = DIRECTION('',(0.,1.,0.));
#105 = DEFINITIONAL_REPRESENTATION('',(#106),#110);
#106 = LINE('',#107,#108);
#107 = CARTESIAN_POINT('',(0.,0.));
#108 = VECTOR('',#109,1.);
#109 = DIRECTION('',(0.,-1.));
#110 = ( GEOMETRIC_REPRESENTATION_CONTEXT(2) 
PARAMETRIC_REPRESENTATION_CONTEXT() REPRESENTATION_CONTEXT('2D SPACE',''
  ) );
#111 = ORIENTED_EDGE('',*,*,#112,.F.);
#112 = EDGE_CURVE('',#22,#85,#113,.T.);
#113 = SURFACE_CURVE('',#114,(#118,#125),.PCURVE_S1.);
#114 = LINE('',#115,#116);
#115 = CARTESIAN_POINT('',(-50.,-50.,0.));
#116 = VECTOR('',#117,1.);
#117 = DIRECTION('',(1.,0.,0.));
#118 = PCURVE('',#32,#119);
#119 = DEFINITIONAL_REPRESENTATION('',(#120),#124);
#120 = LINE('',#121,#122);
#121 = CARTESIAN_POINT('',(0.,0.));
#122 = VECTOR('',#123,1.);
#123 = DIRECTION('',(1.,0.));
#124 = ( GEOMETRIC_REPRESENTATION_CONTEXT(2) 
PARAMETRIC_REPRESENTATION_CONTEXT() REPRESENTATION_CONTEXT('2D SPACE',''
  ) );
#125 = PCURVE('',#126,#131);
#126 = PLANE('',#127);
#127 = AXIS2_PLACEMENT_3D('',#128,#129,#130);
#128 = CARTESIAN_POINT('',(0.,0.,0.));
#129 = DIRECTION('',(0.,0.,1.));
#130 = DIRECTION('',(1.,0.,-0.));
#131 = DEFINITIONAL_REPRESENTATION('',(#132),#136);
#132 = LINE('',#133,#134);
#133 = CARTESIAN_POINT('',(-50.,-50.));
#134 = VECTOR('',#135,1.);
#135 = DIRECTION('',(1.,0.));
#136 = ( GEOMETRIC_REPRESENTATION_CONTEXT(2) 
PARAMETRIC_REPRESENTATION_CONTEXT() REPRESENTATION_CONTEXT('2D SPACE',''
  ) );
#137 = ADVANCED_FACE('',(#138,#213,#248,#283,#318,#353),#72,.T.);
#138 = FACE_BOUND('',#139,.T.);
#139 = EDGE_LOOP('',(#140,#141,#164,#192));
#140 = ORIENTED_EDGE('',*,*,#56,.T.);
#141 = ORIENTED_EDGE('',*,*,#142,.T.);
#142 = EDGE_CURVE('',#57,#143,#145,.T.);
#143 = VERTEX_POINT('',#144);
#144 = CARTESIAN_POINT('',(50.,50.,6.));
#145 = SURFACE_CURVE('',#146,(#150,#157),.PCURVE_S1.);
#146 = LINE('',#147,#148);
#147 = CARTESIAN_POINT('',(50.,-50.,6.));
#148 = VECTOR('',#149,1.);
#149 = DIRECTION('',(0.,1.,0.));
#150 = PCURVE('',#72,#151);
#151 = DEFINITIONAL_REPRESENTATION('',(#152),#156);
#152 = LINE('',#153,#154);
#153 = CARTESIAN_POINT('',(50.,-50.));
#154 = VECTOR('',#155,1.);
#155 = DIRECTION('',(0.,1.));
#156 = ( GEOMETRIC_REPRESENTATION_CONTEXT(2) 
PARAMETRIC_REPRESENTATION_CONTEXT() REPRESENTATION_CONTEXT('2D SPACE',''
  ) );
#157 = PCURVE('',#100,#158);
#158 = DEFINITIONAL_REPRESENTATION('',(#159),#163);
#159 = LINE('',#160,#161);
#160 = CARTESIAN_POINT('',(0.,-6.));
#161 = VECTOR('',#162,1.);
#162 = DIRECTION('',(1.,0.));
#163 = ( GEOMETRIC_REPRESENTATION_CONTEXT(2) 
PARAMETRIC_REPRESENTATION_CONTEXT() REPRESENTATION_CONTEXT('2D SPACE',''
  ) );
#164 = ORIENTED_EDGE('',*,*,#165,.T.);
#165 = EDGE_CURVE('',#143,#166,#168,.T.);
#166 = VERTEX_POINT('',#167);
#167 = CARTESIAN_POINT('',(-50.,50.,6.));
#168 = SURFACE_CURVE('',#169,(#173,#180),.PCURVE_S1.);
#169 = LINE('',#170,#171);
#170 = CARTESIAN_POINT('',(50.,50.,6.));
#171 = VECTOR('',#172,1.);
#172 = DIRECTION('',(-1.,0.,0.));
#173 = PCURVE('',#72,#174);
#174 = DEFINITIONAL_REPRESENTATION('',(#175),#179);
#175 = LINE('',#176,#177);
#176 = CARTESIAN_POINT('',(50.,50.));
#177 = VECTOR('',#178,1.);
#178 = DIRECTION('',(-1.,0.));
#179 = ( GEOMETRIC_REPRESENTATION_CONTEXT(2) 
PARAMETRIC_REPRESENTATION_CONTEXT() REPRESENTATION_CONTEXT('2D SPACE',''
  ) );
#180 = PCURVE('',#181,#186);
#181 = PLANE('',#182);
#182 = AXIS2_PLACEMENT_3D('',#183,#184,#185);
#183 = CARTESIAN_POINT('',(50.,50.,0.));
#184 = DIRECTION('',(0.,-1.,0.));
#185 = DIRECTION('',(-1.,0.,0.));
#186 = DEFINITIONAL_REPRESENTATION('',(#187),#191);
#187 = LINE('',#188,#189);
#188 = CARTESIAN_POINT('',(0.,-6.));
#189 = VECTOR('',#190,1.);
#190 = DIRECTION('',(1.,0.));
#191 = ( GEOMETRIC_REPRESENTATION_CONTEXT(2) 
PARAMETRIC_REPRESENTATION_CONTEXT() REPRESENTATION_CONTEXT('2D SPACE',''
  ) );
#192 = ORIENTED_EDGE('',*,*,#193,.T.);
#193 = EDGE_CURVE('',#166,#24,#194,.T.);
#194 = SURFACE_CURVE('',#195,(#199,#206),.PCURVE_S1.);
#195 = LINE('',#196,#197);
#196 = CARTESIAN_POINT('',(-50.,50.,6.));
#197 = VECTOR('',#198,1.);
#198 = DIRECTION('',(0.,-1.,0.));
#199 = PCURVE('',#72,#200);
#200 = DEFINITIONAL_REPRESENTATION('',(#201),#205);
#201 = LINE('',#202,#203);
#202 = CARTESIAN_POINT('',(-50.,50.));
#203 = VECTOR('',#204,1.);
#204 = DIRECTION('',(0.,-1.));
#205 = ( GEOMETRIC_REPRESENTATION_CONTEXT(2) 
PARAMETRIC_REPRESENTATION_CONTEXT() REPRESENTATION_CONTEXT('2D SPACE',''
  ) );
#206 = PCURVE('',#44,#207);
#207 = DEFINITIONAL_REPRESENTATION('',(#208),#212);
#208 = LINE('',#209,#210);
#209 = CARTESIAN_POINT('',(0.,-6.));
#210 = VECTOR('',#211,1.);
#211 = DIRECTION('',(1.,0.));
#212 = ( GEOMETRIC_REPRESENTATION_CONTEXT(2) 
PARAMETRIC_REPRESENTATION_CONTEXT() REPRESENTATION_CONTEXT('2D SPACE',''
  ) );
#213 = FACE_BOUND('',#214,.T.);
#214 = EDGE_LOOP('',(#215));
#215 = ORIENTED_EDGE('',*,*,#216,.T.);
#216 = EDGE_CURVE('',#217,#217,#219,.T.);
#217 = VERTEX_POINT('',#218);
#218 = CARTESIAN_POINT('',(-37.7,-40.,6.));
#219 = SURFACE_CURVE('',#220,(#225,#236),.PCURVE_S1.);
#220 = CIRCLE('',#221,2.3);
#221 = AXIS2_PLACEMENT_3D('',#222,#223,#224);
#222 = CARTESIAN_POINT('',(-40.,-40.,6.));
#223 = DIRECTION('',(0.,0.,-1.));
#224 = DIRECTION('',(1.,0.,0.));
#225 = PCURVE('',#72,#226);
#226 = DEFINITIONAL_REPRESENTATION('',(#227),#235);
#227 = ( BOUNDED_CURVE() B_SPLINE_CURVE(2,(#228,#229,#230,#231,#232,#233
,#234),.UNSPECIFIED.,.T.,.F.) B_SPLINE_CURVE_WITH_KNOTS((1,2,2,2,2,1),(
    -2.094395102393,0.,2.094395102393,4.188790204786,6.28318530718,
8.377580409573),.UNSPECIFIED.) CURVE() GEOMETRIC_REPRESENTATION_ITEM() 
RATIONAL_B_SPLINE_CURVE((1.,0.5,1.,0.5,1.,0.5,1.)) REPRESENTATION_ITEM(
  '') );
#228 = CARTESIAN_POINT('',(-37.7,-40.));
#229 = CARTESIAN_POINT('',(-37.7,-43.9837168574));
#230 = CARTESIAN_POINT('',(-41.15,-41.9918584287));
#231 = CARTESIAN_POINT('',(-44.6,-40.));
#232 = CARTESIAN_POINT('',(-41.15,-38.00814157129));
#233 = CARTESIAN_POINT('',(-37.7,-36.01628314259));
#234 = CARTESIAN_POINT('',(-37.7,-40.));
#235 = ( GEOMETRIC_REPRESENTATION_CONTEXT(2) 
PARAMETRIC_REPRESENTATION_CONTEXT() REPRESENTATION_CONTEXT('2D SPACE',''
  ) );
#236 = PCURVE('',#237,#242);
#237 = CYLINDRICAL_SURFACE('',#238,2.3);
#238 = AXIS2_PLACEMENT_3D('',#239,#240,#241);
#239 = CARTESIAN_POINT('',(-40.,-40.,-1.));
#240 = DIRECTION('',(-0.,-0.,-1.));
#241 = DIRECTION('',(1.,0.,0.));
#242 = DEFINITIONAL_REPRESENTATION('',(#243),#247);
#243 = LINE('',#244,#245);
#244 = CARTESIAN_POINT('',(-6.28318530718,-7.));
#245 = VECTOR('',#246,1.);
#246 = DIRECTION('',(1.,-0.));
#247 = ( GEOMETRIC_REPRESENTATION_CONTEXT(2) 
PARAMETRIC_REPRESENTATION_CONTEXT() REPRESENTATION_CONTEXT('2D SPACE',''
  ) );
#248 = FACE_BOUND('',#249,.T.);
#249 = EDGE_LOOP('',(#250));
#250 = ORIENTED_EDGE('',*,*,#251,.T.);
#251 = EDGE_CURVE('',#252,#252,#254,.T.);
#252 = VERTEX_POINT('',#253);
#253 = CARTESIAN_POINT('',(42.3,-40.,6.));
#254 = SURFACE_CURVE('',#255,(#260,#271),.PCURVE_S1.);
#255 = CIRCLE('',#256,2.3);
#256 = AXIS2_PLACEMENT_3D('',#257,#258,#259);
#257 = CARTESIAN_POINT('',(40.,-40.,6.));
#258 = DIRECTION('',(0.,0.,-1.));
#259 = DIRECTION('',(1.,0.,0.));
#260 = PCURVE('',#72,#261);
#261 = DEFINITIONAL_REPRESENTATION('',(#262),#270);
#262 = ( BOUNDED_CURVE() B_SPLINE_CURVE(2,(#263,#264,#265,#266,#267,#268
,#269),.UNSPECIFIED.,.T.,.F.) B_SPLINE_CURVE_WITH_KNOTS((1,2,2,2,2,1),(
    -2.094395102393,0.,2.094395102393,4.188790204786,6.28318530718,
8.377580409573),.UNSPECIFIED.) CURVE() GEOMETRIC_REPRESENTATION_ITEM() 
RATIONAL_B_SPLINE_CURVE((1.,0.5,1.,0.5,1.,0.5,1.)) REPRESENTATION_ITEM(
  '') );
#263 = CARTESIAN_POINT('',(42.3,-40.));
#264 = CARTESIAN_POINT('',(42.3,-43.9837168574));
#265 = CARTESIAN_POINT('',(38.85,-41.9918584287));
#266 = CARTESIAN_POINT('',(35.4,-40.));
#267 = CARTESIAN_POINT('',(38.85,-38.00814157129));
#268 = CARTESIAN_POINT('',(42.3,-36.01628314259));
#269 = CARTESIAN_POINT('',(42.3,-40.));
#270 = ( GEOMETRIC_REPRESENTATION_CONTEXT(2) 
PARAMETRIC_REPRESENTATION_CONTEXT() REPRESENTATION_CONTEXT('2D SPACE',''
  ) );
#271 = PCURVE('',#272,#277);
#272 = CYLINDRICAL_SURFACE('',#273,2.3);
#273 = AXIS2_PLACEMENT_3D('',#274,#275,#276);
#274 = CARTESIAN_POINT('',(40.,-40.,-1.));
#275 = DIRECTION('',(-0.,-0.,-1.));
#276 = DIRECTION('',(1.,0.,0.));
#277 = DEFINITIONAL_REPRESENTATION('',(#278),#282);
#278 = LINE('',#279,#280);
#279 = CARTESIAN_POINT('',(-6.28318530718,-7.));
#280 = VECTOR('',#281,1.);
#281 = DIRECTION('',(1.,-0.));
#282 = ( GEOMETRIC_REPRESENTATION_CONTEXT(2) 
PARAMETRIC_REPRESENTATION_CONTEXT() REPRESENTATION_CONTEXT('2D SPACE',''
  ) );
#283 = FACE_BOUND('',#284,.T.);
#284 = EDGE_LOOP('',(#285));
#285 = ORIENTED_EDGE('',*,*,#286,.T.);
#286 = EDGE_CURVE('',#287,#287,#289,.T.);
#287 = VERTEX_POINT('',#288);
#288 = CARTESIAN_POINT('',(-37.7,40.,6.));
#289 = SURFACE_CURVE('',#290,(#295,#306),.PCURVE_S1.);
#290 = CIRCLE('',#291,2.3);
#291 = AXIS2_PLACEMENT_3D('',#292,#293,#294);
#292 = CARTESIAN_POINT('',(-40.,40.,6.));
#293 = DIRECTION('',(0.,0.,-1.));
#294 = DIRECTION('',(1.,0.,0.));
#295 = PCURVE('',#72,#296);
#296 = DEFINITIONAL_REPRESENTATION('',(#297),#305);
#297 = ( BOUNDED_CURVE() B_SPLINE_CURVE(2,(#298,#299,#300,#301,#302,#303
,#304),.UNSPECIFIED.,.T.,.F.) B_SPLINE_CURVE_WITH_KNOTS((1,2,2,2,2,1),(
    -2.094395102393,0.,2.094395102393,4.188790204786,6.28318530718,
8.377580409573),.UNSPECIFIED.) CURVE() GEOMETRIC_REPRESENTATION_ITEM() 
RATIONAL_B_SPLINE_CURVE((1.,0.5,1.,0.5,1.,0.5,1.)) REPRESENTATION_ITEM(
  '') );
#298 = CARTESIAN_POINT('',(-37.7,40.));
#299 = CARTESIAN_POINT('',(-37.7,36.016283142592));
#300 = CARTESIAN_POINT('',(-41.15,38.008141571296));
#301 = CARTESIAN_POINT('',(-44.6,40.));
#302 = CARTESIAN_POINT('',(-41.15,41.991858428704));
#303 = CARTESIAN_POINT('',(-37.7,43.983716857408));
#304 = CARTESIAN_POINT('',(-37.7,40.));
#305 = ( GEOMETRIC_REPRESENTATION_CONTEXT(2) 
PARAMETRIC_REPRESENTATION_CONTEXT() REPRESENTATION_CONTEXT('2D SPACE',''
  ) );
#306 = PCURVE('',#307,#312);
#307 = CYLINDRICAL_SURFACE('',#308,2.3);
#308 = AXIS2_PLACEMENT_3D('',#309,#310,#311);
#309 = CARTESIAN_POINT('',(-40.,40.,-1.));
#310 = DIRECTION('',(-0.,-0.,-1.));
#311 = DIRECTION('',(1.,0.,0.));
#312 = DEFINITIONAL_REPRESENTATION('',(#313),#317);
#313 = LINE('',#314,#315);
#314 = CARTESIAN_POINT('',(-6.28318530718,-7.));
#315 = VECTOR('',#316,1.);
#316 = DIRECTION('',(1.,-0.));
#317 = ( GEOMETRIC_REPRESENTATION_CONTEXT(2) 
PARAMETRIC_REPRESENTATION_CONTEXT() REPRESENTATION_CONTEXT('2D SPACE',''
  ) );
#318 = FACE_BOUND('',#319,.T.);
#319 = EDGE_LOOP('',(#320));
#320 = ORIENTED_EDGE('',*,*,#321,.T.);
#321 = EDGE_CURVE('',#322,#322,#324,.T.);
#322 = VERTEX_POINT('',#323);
#323 = CARTESIAN_POINT('',(42.,0.,6.));
#324 = SURFACE_CURVE('',#325,(#330,#341),.PCURVE_S1.);
#325 = CIRCLE('',#326,42.);
#326 = AXIS2_PLACEMENT_3D('',#327,#328,#329);
#327 = CARTESIAN_POINT('',(0.,0.,6.));
#328 = DIRECTION('',(0.,0.,-1.));
#329 = DIRECTION('',(1.,0.,0.));
#330 = PCURVE('',#72,#331);
#331 = DEFINITIONAL_REPRESENTATION('',(#332),#340);
#332 = ( BOUNDED_CURVE() B_SPLINE_CURVE(2,(#333,#334,#335,#336,#337,#338
,#339),.UNSPECIFIED.,.T.,.F.) B_SPLINE_CURVE_WITH_KNOTS((1,2,2,2,2,1),(
    -2.094395102393,0.,2.094395102393,4.188790204786,6.28318530718,
8.377580409573),.UNSPECIFIED.) CURVE() GEOMETRIC_REPRESENTATION_ITEM() 
RATIONAL_B_SPLINE_CURVE((1.,0.5,1.,0.5,1.,0.5,1.)) REPRESENTATION_ITEM(
  '') );
#333 = CARTESIAN_POINT('',(42.,0.));
#334 = CARTESIAN_POINT('',(42.,-72.74613391789));
#335 = CARTESIAN_POINT('',(-21.,-36.37306695894));
#336 = CARTESIAN_POINT('',(-84.,-1.028703311284E-14));
#337 = CARTESIAN_POINT('',(-21.,36.373066958946));
#338 = CARTESIAN_POINT('',(42.,72.746133917893));
#339 = CARTESIAN_POINT('',(42.,0.));
#340 = ( GEOMETRIC_REPRESENTATION_CONTEXT(2) 
PARAMETRIC_REPRESENTATION_CONTEXT() REPRESENTATION_CONTEXT('2D SPACE',''
  ) );
#341 = PCURVE('',#342,#347);
#342 = CYLINDRICAL_SURFACE('',#343,42.);
#343 = AXIS2_PLACEMENT_3D('',#344,#345,#346);
#344 = CARTESIAN_POINT('',(0.,0.,0.));
#345 = DIRECTION('',(-0.,-0.,-1.));
#346 = DIRECTION('',(1.,0.,0.));
#347 = DEFINITIONAL_REPRESENTATION('',(#348),#352);
#348 = LINE('',#349,#350);
#349 = CARTESIAN_POINT('',(-6.28318530718,-6.));
#350 = VECTOR('',#351,1.);
#351 = DIRECTION('',(1.,-0.));
#352 = ( GEOMETRIC_REPRESENTATION_CONTEXT(2) 
PARAMETRIC_REPRESENTATION_CONTEXT() REPRESENTATION_CONTEXT('2D SPACE',''
  ) );
#353 = FACE_BOUND('',#354,.T.);
#354 = EDGE_LOOP('',(#355));
#355 = ORIENTED_EDGE('',*,*,#356,.T.);
#356 = EDGE_CURVE('',#357,#357,#359,.T.);
#357 = VERTEX_POINT('',#358);
#358 = CARTESIAN_POINT('',(42.3,40.,6.));
#359 = SURFACE_CURVE('',#360,(#365,#376),.PCURVE_S1.);
#360 = CIRCLE('',#361,2.3);
#361 = AXIS2_PLACEMENT_3D('',#362,#363,#364);
#362 = CARTESIAN_POINT('',(40.,40.,6.));
#363 = DIRECTION('',(0.,0.,-1.));
#364 = DIRECTION('',(1.,0.,0.));
#365 = PCURVE('',#72,#366);
#366 = DEFINITIONAL_REPRESENTATION('',(#367),#375);
#367 = ( BOUNDED_CURVE() B_SPLINE_CURVE(2,(#368,#369,#370,#371,#372,#373
,#374),.UNSPECIFIED.,.T.,.F.) B_SPLINE_CURVE_WITH_KNOTS((1,2,2,2,2,1),(
    -2.094395102393,0.,2.094395102393,4.188790204786,6.28318530718,
8.377580409573),.UNSPECIFIED.) CURVE() GEOMETRIC_REPRESENTATION_ITEM() 
RATIONAL_B_SPLINE_CURVE((1.,0.5,1.,0.5,1.,0.5,1.)) REPRESENTATION_ITEM(
  '') );
#368 = CARTESIAN_POINT('',(42.3,40.));
#369 = CARTESIAN_POINT('',(42.3,36.016283142592));
#370 = CARTESIAN_POINT('',(38.85,38.008141571296));
#371 = CARTESIAN_POINT('',(35.4,40.));
#372 = CARTESIAN_POINT('',(38.85,41.991858428704));
#373 = CARTESIAN_POINT('',(42.3,43.983716857408));
#374 = CARTESIAN_POINT('',(42.3,40.));
#375 = ( GEOMETRIC_REPRESENTATION_CONTEXT(2) 
PARAMETRIC_REPRESENTATION_CONTEXT() REPRESENTATION_CONTEXT('2D SPACE',''
  ) );
#376 = PCURVE('',#377,#382);
#377 = CYLINDRICAL_SURFACE('',#378,2.3);
#378 = AXIS2_PLACEMENT_3D('',#379,#380,#381);
#379 = CARTESIAN_POINT('',(40.,40.,-1.));
#380 = DIRECTION('',(-0.,-0.,-1.));
#381 = DIRECTION('',(1.,0.,0.));
#382 = DEFINITIONAL_REPRESENTATION('',(#383),#387);
#383 = LINE('',#384,#385);
#384 = CARTESIAN_POINT('',(-6.28318530718,-7.));
#385 = VECTOR('',#386,1.);
#386 = DIRECTION('',(1.,-0.));
#387 = ( GEOMETRIC_REPRESENTATION_CONTEXT(2) 
PARAMETRIC_REPRESENTATION_CONTEXT() REPRESENTATION_CONTEXT('2D SPACE',''
  ) );
#388 = ADVANCED_FACE('',(#389),#377,.F.);
#389 = FACE_BOUND('',#390,.T.);
#390 = EDGE_LOOP('',(#391,#419,#440,#441));
#391 = ORIENTED_EDGE('',*,*,#392,.T.);
#392 = EDGE_CURVE('',#393,#393,#395,.T.);
#393 = VERTEX_POINT('',#394);
#394 = CARTESIAN_POINT('',(42.3,40.,0.));
#395 = SURFACE_CURVE('',#396,(#401,#408),.PCURVE_S1.);
#396 = CIRCLE('',#397,2.3);
#397 = AXIS2_PLACEMENT_3D('',#398,#399,#400);
#398 = CARTESIAN_POINT('',(40.,40.,0.));
#399 = DIRECTION('',(0.,0.,-1.));
#400 = DIRECTION('',(1.,0.,0.));
#401 = PCURVE('',#377,#402);
#402 = DEFINITIONAL_REPRESENTATION('',(#403),#407);
#403 = LINE('',#404,#405);
#404 = CARTESIAN_POINT('',(-6.28318530718,-1.));
#405 = VECTOR('',#406,1.);
#406 = DIRECTION('',(1.,-0.));
#407 = ( GEOMETRIC_REPRESENTATION_CONTEXT(2) 
PARAMETRIC_REPRESENTATION_CONTEXT() REPRESENTATION_CONTEXT('2D SPACE',''
  ) );
#408 = PCURVE('',#126,#409);
#409 = DEFINITIONAL_REPRESENTATION('',(#410),#418);
#410 = ( BOUNDED_CURVE() B_SPLINE_CURVE(2,(#411,#412,#413,#414,#415,#416
,#417),.UNSPECIFIED.,.T.,.F.) B_SPLINE_CURVE_WITH_KNOTS((1,2,2,2,2,1),(
    -2.094395102393,0.,2.094395102393,4.188790204786,6.28318530718,
8.377580409573),.UNSPECIFIED.) CURVE() GEOMETRIC_REPRESENTATION_ITEM() 
RATIONAL_B_SPLINE_CURVE((1.,0.5,1.,0.5,1.,0.5,1.)) REPRESENTATION_ITEM(
  '') );
#411 = CARTESIAN_POINT('',(42.3,40.));
#412 = CARTESIAN_POINT('',(42.3,36.016283142592));
#413 = CARTESIAN_POINT('',(38.85,38.008141571296));
#414 = CARTESIAN_POINT('',(35.4,40.));
#415 = CARTESIAN_POINT('',(38.85,41.991858428704));
#416 = CARTESIAN_POINT('',(42.3,43.983716857408));
#417 = CARTESIAN_POINT('',(42.3,40.));
#418 = ( GEOMETRIC_REPRESENTATION_CONTEXT(2) 
PARAMETRIC_REPRESENTATION_CONTEXT() REPRESENTATION_CONTEXT('2D SPACE',''
  ) );
#419 = ORIENTED_EDGE('',*,*,#420,.T.);
#420 = EDGE_CURVE('',#393,#357,#421,.T.);
#421 = SEAM_CURVE('',#422,(#426,#433),.PCURVE_S1.);
#422 = LINE('',#423,#424);
#423 = CARTESIAN_POINT('',(42.3,40.,-1.));
#424 = VECTOR('',#425,1.);
#425 = DIRECTION('',(0.,0.,1.));
#426 = PCURVE('',#377,#427);
#427 = DEFINITIONAL_REPRESENTATION('',(#428),#432);
#428 = LINE('',#429,#430);
#429 = CARTESIAN_POINT('',(-6.28318530718,0.));
#430 = VECTOR('',#431,1.);
#431 = DIRECTION('',(-0.,-1.));
#432 = ( GEOMETRIC_REPRESENTATION_CONTEXT(2) 
PARAMETRIC_REPRESENTATION_CONTEXT() REPRESENTATION_CONTEXT('2D SPACE',''
  ) );
#433 = PCURVE('',#377,#434);
#434 = DEFINITIONAL_REPRESENTATION('',(#435),#439);
#435 = LINE('',#436,#437);
#436 = CARTESIAN_POINT('',(-0.,0.));
#437 = VECTOR('',#438,1.);
#438 = DIRECTION('',(-0.,-1.));
#439 = ( GEOMETRIC_REPRESENTATION_CONTEXT(2) 
PARAMETRIC_REPRESENTATION_CONTEXT() REPRESENTATION_CONTEXT('2D SPACE',''
  ) );
#440 = ORIENTED_EDGE('',*,*,#356,.F.);
#441 = ORIENTED_EDGE('',*,*,#420,.F.);
#442 = ADVANCED_FACE('',(#443),#342,.T.);
#443 = FACE_BOUND('',#444,.F.);
#444 = EDGE_LOOP('',(#445,#446,#469,#496));
#445 = ORIENTED_EDGE('',*,*,#321,.T.);
#446 = ORIENTED_EDGE('',*,*,#447,.T.);
#447 = EDGE_CURVE('',#322,#448,#450,.T.);
#448 = VERTEX_POINT('',#449);
#449 = CARTESIAN_POINT('',(42.,0.,26.));
#450 = SEAM_CURVE('',#451,(#455,#462),.PCURVE_S1.);
#451 = LINE('',#452,#453);
#452 = CARTESIAN_POINT('',(42.,0.,0.));
#453 = VECTOR('',#454,1.);
#454 = DIRECTION('',(0.,0.,1.));
#455 = PCURVE('',#342,#456);
#456 = DEFINITIONAL_REPRESENTATION('',(#457),#461);
#457 = LINE('',#458,#459);
#458 = CARTESIAN_POINT('',(-6.28318530718,0.));
#459 = VECTOR('',#460,1.);
#460 = DIRECTION('',(-0.,-1.));
#461 = ( GEOMETRIC_REPRESENTATION_CONTEXT(2) 
PARAMETRIC_REPRESENTATION_CONTEXT() REPRESENTATION_CONTEXT('2D SPACE',''
  ) );
#462 = PCURVE('',#342,#463);
#463 = DEFINITIONAL_REPRESENTATION('',(#464),#468);
#464 = LINE('',#465,#466);
#465 = CARTESIAN_POINT('',(-0.,0.));
#466 = VECTOR('',#467,1.);
#467 = DIRECTION('',(-0.,-1.));
#468 = ( GEOMETRIC_REPRESENTATION_CONTEXT(2) 
PARAMETRIC_REPRESENTATION_CONTEXT() REPRESENTATION_CONTEXT('2D SPACE',''
  ) );
#469 = ORIENTED_EDGE('',*,*,#470,.T.);
#470 = EDGE_CURVE('',#448,#448,#471,.T.);
#471 = SURFACE_CURVE('',#472,(#477,#484),.PCURVE_S1.);
#472 = CIRCLE('',#473,42.);
#473 = AXIS2_PLACEMENT_3D('',#474,#475,#476);
#474 = CARTESIAN_POINT('',(0.,0.,26.));
#475 = DIRECTION('',(0.,0.,1.));
#476 = DIRECTION('',(1.,0.,0.));
#477 = PCURVE('',#342,#478);
#478 = DEFINITIONAL_REPRESENTATION('',(#479),#483);
#479 = LINE('',#480,#481);
#480 = CARTESIAN_POINT('',(-0.,-26.));
#481 = VECTOR('',#482,1.);
#482 = DIRECTION('',(-1.,0.));
#483 = ( GEOMETRIC_REPRESENTATION_CONTEXT(2) 
PARAMETRIC_REPRESENTATION_CONTEXT() REPRESENTATION_CONTEXT('2D SPACE',''
  ) );
#484 = PCURVE('',#485,#490);
#485 = PLANE('',#486);
#486 = AXIS2_PLACEMENT_3D('',#487,#488,#489);
#487 = CARTESIAN_POINT('',(-2.083718297203E-15,3.692127783966E-16,26.));
#488 = DIRECTION('',(0.,0.,1.));
#489 = DIRECTION('',(1.,0.,-0.));
#490 = DEFINITIONAL_REPRESENTATION('',(#491),#495);
#491 = CIRCLE('',#492,42.);
#492 = AXIS2_PLACEMENT_2D('',#493,#494);
#493 = CARTESIAN_POINT('',(2.083718297203E-15,-3.692127783966E-16));
#494 = DIRECTION('',(1.,0.));
#495 = ( GEOMETRIC_REPRESENTATION_CONTEXT(2) 
PARAMETRIC_REPRESENTATION_CONTEXT() REPRESENTATION_CONTEXT('2D SPACE',''
  ) );
#496 = ORIENTED_EDGE('',*,*,#447,.F.);
#497 = ADVANCED_FACE('',(#498,#501,#536,#571),#485,.T.);
#498 = FACE_BOUND('',#499,.T.);
#499 = EDGE_LOOP('',(#500));
#500 = ORIENTED_EDGE('',*,*,#470,.T.);
#501 = FACE_BOUND('',#502,.T.);
#502 = EDGE_LOOP('',(#503));
#503 = ORIENTED_EDGE('',*,*,#504,.T.);
#504 = EDGE_CURVE('',#505,#505,#507,.T.);
#505 = VERTEX_POINT('',#506);
#506 = CARTESIAN_POINT('',(8.15,-20.,26.));
#507 = SURFACE_CURVE('',#508,(#513,#524),.PCURVE_S1.);
#508 = CIRCLE('',#509,8.15);
#509 = AXIS2_PLACEMENT_3D('',#510,#511,#512);
#510 = CARTESIAN_POINT('',(0.,-20.,26.));
#511 = DIRECTION('',(0.,0.,-1.));
#512 = DIRECTION('',(1.,0.,0.));
#513 = PCURVE('',#485,#514);
#514 = DEFINITIONAL_REPRESENTATION('',(#515),#523);
#515 = ( BOUNDED_CURVE() B_SPLINE_CURVE(2,(#516,#517,#518,#519,#520,#521
,#522),.UNSPECIFIED.,.T.,.F.) B_SPLINE_CURVE_WITH_KNOTS((1,2,2,2,2,1),(
    -2.094395102393,0.,2.094395102393,4.188790204786,6.28318530718,
8.377580409573),.UNSPECIFIED.) CURVE() GEOMETRIC_REPRESENTATION_ITEM() 
RATIONAL_B_SPLINE_CURVE((1.,0.5,1.,0.5,1.,0.5,1.)) REPRESENTATION_ITEM(
  '') );
#516 = CARTESIAN_POINT('',(8.15,-20.));
#517 = CARTESIAN_POINT('',(8.15,-34.11621408168));
#518 = CARTESIAN_POINT('',(-4.075,-27.05810704084));
#519 = CARTESIAN_POINT('',(-16.3,-20.));
#520 = CARTESIAN_POINT('',(-4.075,-12.94189295915));
#521 = CARTESIAN_POINT('',(8.15,-5.883785918314));
#522 = CARTESIAN_POINT('',(8.15,-20.));
#523 = ( GEOMETRIC_REPRESENTATION_CONTEXT(2) 
PARAMETRIC_REPRESENTATION_CONTEXT() REPRESENTATION_CONTEXT('2D SPACE',''
  ) );
#524 = PCURVE('',#525,#530);
#525 = CYLINDRICAL_SURFACE('',#526,8.15);
#526 = AXIS2_PLACEMENT_3D('',#527,#528,#529);
#527 = CARTESIAN_POINT('',(0.,-20.,18.));
#528 = DIRECTION('',(-0.,-0.,-1.));
#529 = DIRECTION('',(1.,0.,0.));
#530 = DEFINITIONAL_REPRESENTATION('',(#531),#535);
#531 = LINE('',#532,#533);
#532 = CARTESIAN_POINT('',(-6.28318530718,-8.));
#533 = VECTOR('',#534,1.);
#534 = DIRECTION('',(1.,-0.));
#535 = ( GEOMETRIC_REPRESENTATION_CONTEXT(2) 
PARAMETRIC_REPRESENTATION_CONTEXT() REPRESENTATION_CONTEXT('2D SPACE',''
  ) );
#536 = FACE_BOUND('',#537,.T.);
#537 = EDGE_LOOP('',(#538));
#538 = ORIENTED_EDGE('',*,*,#539,.T.);
#539 = EDGE_CURVE('',#540,#540,#542,.T.);
#540 = VERTEX_POINT('',#541);
#541 = CARTESIAN_POINT('',(-3.8,22.,26.));
#542 = SURFACE_CURVE('',#543,(#548,#559),.PCURVE_S1.);
#543 = CIRCLE('',#544,1.2);
#544 = AXIS2_PLACEMENT_3D('',#545,#546,#547);
#545 = CARTESIAN_POINT('',(-5.,22.,26.));
#546 = DIRECTION('',(0.,0.,-1.));
#547 = DIRECTION('',(1.,0.,0.));
#548 = PCURVE('',#485,#549);
#549 = DEFINITIONAL_REPRESENTATION('',(#550),#558);
#550 = ( BOUNDED_CURVE() B_SPLINE_CURVE(2,(#551,#552,#553,#554,#555,#556
,#557),.UNSPECIFIED.,.T.,.F.) B_SPLINE_CURVE_WITH_KNOTS((1,2,2,2,2,1),(
    -2.094395102393,0.,2.094395102393,4.188790204786,6.28318530718,
8.377580409573),.UNSPECIFIED.) CURVE() GEOMETRIC_REPRESENTATION_ITEM() 
RATIONAL_B_SPLINE_CURVE((1.,0.5,1.,0.5,1.,0.5,1.)) REPRESENTATION_ITEM(
  '') );
#551 = CARTESIAN_POINT('',(-3.8,22.));
#552 = CARTESIAN_POINT('',(-3.8,19.921539030917));
#553 = CARTESIAN_POINT('',(-5.6,20.960769515459));
#554 = CARTESIAN_POINT('',(-7.4,22.));
#555 = CARTESIAN_POINT('',(-5.6,23.039230484541));
#556 = CARTESIAN_POINT('',(-3.8,24.078460969083));
#557 = CARTESIAN_POINT('',(-3.8,22.));
#558 = ( GEOMETRIC_REPRESENTATION_CONTEXT(2) 
PARAMETRIC_REPRESENTATION_CONTEXT() REPRESENTATION_CONTEXT('2D SPACE',''
  ) );
#559 = PCURVE('',#560,#565);
#560 = CYLINDRICAL_SURFACE('',#561,1.2);
#561 = AXIS2_PLACEMENT_3D('',#562,#563,#564);
#562 = CARTESIAN_POINT('',(-5.,22.,0.));
#563 = DIRECTION('',(-0.,-0.,-1.));
#564 = DIRECTION('',(1.,0.,0.));
#565 = DEFINITIONAL_REPRESENTATION('',(#566),#570);
#566 = LINE('',#567,#568);
#567 = CARTESIAN_POINT('',(-6.28318530718,-26.));
#568 = VECTOR('',#569,1.);
#569 = DIRECTION('',(1.,-0.));
#570 = ( GEOMETRIC_REPRESENTATION_CONTEXT(2) 
PARAMETRIC_REPRESENTATION_CONTEXT() REPRESENTATION_CONTEXT('2D SPACE',''
  ) );
#571 = FACE_BOUND('',#572,.T.);
#572 = EDGE_LOOP('',(#573));
#573 = ORIENTED_EDGE('',*,*,#574,.T.);
#574 = EDGE_CURVE('',#575,#575,#577,.T.);
#575 = VERTEX_POINT('',#576);
#576 = CARTESIAN_POINT('',(6.2,22.,26.));
#577 = SURFACE_CURVE('',#578,(#583,#594),.PCURVE_S1.);
#578 = CIRCLE('',#579,1.2);
#579 = AXIS2_PLACEMENT_3D('',#580,#581,#582);
#580 = CARTESIAN_POINT('',(5.,22.,26.));
#581 = DIRECTION('',(0.,0.,-1.));
#582 = DIRECTION('',(1.,0.,0.));
#583 = PCURVE('',#485,#584);
#584 = DEFINITIONAL_REPRESENTATION('',(#585),#593);
#585 = ( BOUNDED_CURVE() B_SPLINE_CURVE(2,(#586,#587,#588,#589,#590,#591
,#592),.UNSPECIFIED.,.T.,.F.) B_SPLINE_CURVE_WITH_KNOTS((1,2,2,2,2,1),(
    -2.094395102393,0.,2.094395102393,4.188790204786,6.28318530718,
8.377580409573),.UNSPECIFIED.) CURVE() GEOMETRIC_REPRESENTATION_ITEM() 
RATIONAL_B_SPLINE_CURVE((1.,0.5,1.,0.5,1.,0.5,1.)) REPRESENTATION_ITEM(
  '') );
#586 = CARTESIAN_POINT('',(6.2,22.));
#587 = CARTESIAN_POINT('',(6.2,19.921539030917));
#588 = CARTESIAN_POINT('',(4.4,20.960769515459));
#589 = CARTESIAN_POINT('',(2.6,22.));
#590 = CARTESIAN_POINT('',(4.4,23.039230484541));
#591 = CARTESIAN_POINT('',(6.2,24.078460969083));
#592 = CARTESIAN_POINT('',(6.2,22.));
#593 = ( GEOMETRIC_REPRESENTATION_CONTEXT(2) 
PARAMETRIC_REPRESENTATION_CONTEXT() REPRESENTATION_CONTEXT('2D SPACE',''
  ) );
#594 = PCURVE('',#595,#600);
#595 = CYLINDRICAL_SURFACE('',#596,1.2);
#596 = AXIS2_PLACEMENT_3D('',#597,#598,#599);
#597 = CARTESIAN_POINT('',(5.,22.,0.));
#598 = DIRECTION('',(-0.,-0.,-1.));
#599 = DIRECTION('',(1.,0.,0.));
#600 = DEFINITIONAL_REPRESENTATION('',(#601),#605);
#601 = LINE('',#602,#603);
#602 = CARTESIAN_POINT('',(-6.28318530718,-26.));
#603 = VECTOR('',#604,1.);
#604 = DIRECTION('',(1.,-0.));
#605 = ( GEOMETRIC_REPRESENTATION_CONTEXT(2) 
PARAMETRIC_REPRESENTATION_CONTEXT() REPRESENTATION_CONTEXT('2D SPACE',''
  ) );
#606 = ADVANCED_FACE('',(#607),#595,.F.);
#607 = FACE_BOUND('',#608,.T.);
#608 = EDGE_LOOP('',(#609,#638,#659,#660));
#609 = ORIENTED_EDGE('',*,*,#610,.F.);
#610 = EDGE_CURVE('',#611,#611,#613,.T.);
#611 = VERTEX_POINT('',#612);
#612 = CARTESIAN_POINT('',(6.2,22.,14.1));
#613 = SURFACE_CURVE('',#614,(#619,#626),.PCURVE_S1.);
#614 = CIRCLE('',#615,1.2);
#615 = AXIS2_PLACEMENT_3D('',#616,#617,#618);
#616 = CARTESIAN_POINT('',(5.,22.,14.1));
#617 = DIRECTION('',(0.,0.,1.));
#618 = DIRECTION('',(1.,0.,0.));
#619 = PCURVE('',#595,#620);
#620 = DEFINITIONAL_REPRESENTATION('',(#621),#625);
#621 = LINE('',#622,#623);
#622 = CARTESIAN_POINT('',(-0.,-14.1));
#623 = VECTOR('',#624,1.);
#624 = DIRECTION('',(-1.,0.));
#625 = ( GEOMETRIC_REPRESENTATION_CONTEXT(2) 
PARAMETRIC_REPRESENTATION_CONTEXT() REPRESENTATION_CONTEXT('2D SPACE',''
  ) );
#626 = PCURVE('',#627,#632);
#627 = CONICAL_SURFACE('',#628,3.5,0.807616728724);
#628 = AXIS2_PLACEMENT_3D('',#629,#630,#631);
#629 = CARTESIAN_POINT('',(5.,22.,11.9));
#630 = DIRECTION('',(-0.,-0.,-1.));
#631 = DIRECTION('',(1.,0.,0.));
#632 = DEFINITIONAL_REPRESENTATION('',(#633),#637);
#633 = LINE('',#634,#635);
#634 = CARTESIAN_POINT('',(-0.,-2.2));
#635 = VECTOR('',#636,1.);
#636 = DIRECTION('',(-1.,-0.));
#637 = ( GEOMETRIC_REPRESENTATION_CONTEXT(2) 
PARAMETRIC_REPRESENTATION_CONTEXT() REPRESENTATION_CONTEXT('2D SPACE',''
  ) );
#638 = ORIENTED_EDGE('',*,*,#639,.T.);
#639 = EDGE_CURVE('',#611,#575,#640,.T.);
#640 = SEAM_CURVE('',#641,(#645,#652),.PCURVE_S1.);
#641 = LINE('',#642,#643);
#642 = CARTESIAN_POINT('',(6.2,22.,0.));
#643 = VECTOR('',#644,1.);
#644 = DIRECTION('',(0.,0.,1.));
#645 = PCURVE('',#595,#646);
#646 = DEFINITIONAL_REPRESENTATION('',(#647),#651);
#647 = LINE('',#648,#649);
#648 = CARTESIAN_POINT('',(-6.28318530718,0.));
#649 = VECTOR('',#650,1.);
#650 = DIRECTION('',(-0.,-1.));
#651 = ( GEOMETRIC_REPRESENTATION_CONTEXT(2) 
PARAMETRIC_REPRESENTATION_CONTEXT() REPRESENTATION_CONTEXT('2D SPACE',''
  ) );
#652 = PCURVE('',#595,#653);
#653 = DEFINITIONAL_REPRESENTATION('',(#654),#658);
#654 = LINE('',#655,#656);
#655 = CARTESIAN_POINT('',(-0.,0.));
#656 = VECTOR('',#657,1.);
#657 = DIRECTION('',(-0.,-1.));
#658 = ( GEOMETRIC_REPRESENTATION_CONTEXT(2) 
PARAMETRIC_REPRESENTATION_CONTEXT() REPRESENTATION_CONTEXT('2D SPACE',''
  ) );
#659 = ORIENTED_EDGE('',*,*,#574,.F.);
#660 = ORIENTED_EDGE('',*,*,#639,.F.);
#661 = ADVANCED_FACE('',(#662),#627,.F.);
#662 = FACE_BOUND('',#663,.F.);
#663 = EDGE_LOOP('',(#664,#693,#711,#712));
#664 = ORIENTED_EDGE('',*,*,#665,.T.);
#665 = EDGE_CURVE('',#666,#666,#668,.T.);
#666 = VERTEX_POINT('',#667);
#667 = CARTESIAN_POINT('',(8.395454545455,22.,12.));
#668 = SURFACE_CURVE('',#669,(#674,#681),.PCURVE_S1.);
#669 = CIRCLE('',#670,3.395454545455);
#670 = AXIS2_PLACEMENT_3D('',#671,#672,#673);
#671 = CARTESIAN_POINT('',(5.,22.,12.));
#672 = DIRECTION('',(0.,0.,1.));
#673 = DIRECTION('',(1.,0.,-0.));
#674 = PCURVE('',#627,#675);
#675 = DEFINITIONAL_REPRESENTATION('',(#676),#680);
#676 = LINE('',#677,#678);
#677 = CARTESIAN_POINT('',(-0.,-1.E-01));
#678 = VECTOR('',#679,1.);
#679 = DIRECTION('',(-1.,-0.));
#680 = ( GEOMETRIC_REPRESENTATION_CONTEXT(2) 
PARAMETRIC_REPRESENTATION_CONTEXT() REPRESENTATION_CONTEXT('2D SPACE',''
  ) );
#681 = PCURVE('',#682,#687);
#682 = PLANE('',#683);
#683 = AXIS2_PLACEMENT_3D('',#684,#685,#686);
#684 = CARTESIAN_POINT('',(-7.185235507596E-16,1.631077701904E-15,12.));
#685 = DIRECTION('',(0.,0.,1.));
#686 = DIRECTION('',(1.,0.,-0.));
#687 = DEFINITIONAL_REPRESENTATION('',(#688),#692);
#688 = CIRCLE('',#689,3.395454545455);
#689 = AXIS2_PLACEMENT_2D('',#690,#691);
#690 = CARTESIAN_POINT('',(5.,22.));
#691 = DIRECTION('',(1.,0.));
#692 = ( GEOMETRIC_REPRESENTATION_CONTEXT(2) 
PARAMETRIC_REPRESENTATION_CONTEXT() REPRESENTATION_CONTEXT('2D SPACE',''
  ) );
#693 = ORIENTED_EDGE('',*,*,#694,.T.);
#694 = EDGE_CURVE('',#666,#611,#695,.T.);
#695 = SEAM_CURVE('',#696,(#699,#705),.PCURVE_S1.);
#696 = B_SPLINE_CURVE_WITH_KNOTS('',1,(#697,#698),.UNSPECIFIED.,.F.,.F.,
  (2,2),(0.,1.),.PIECEWISE_BEZIER_KNOTS.);
#697 = CARTESIAN_POINT('',(8.5,22.,11.9));
#698 = CARTESIAN_POINT('',(6.2,22.,14.1));
#699 = PCURVE('',#627,#700);
#700 = DEFINITIONAL_REPRESENTATION('',(#701),#704);
#701 = B_SPLINE_CURVE_WITH_KNOTS('',1,(#702,#703),.UNSPECIFIED.,.F.,.F.,
  (2,2),(0.,1.),.PIECEWISE_BEZIER_KNOTS.);
#702 = CARTESIAN_POINT('',(0.,0.));
#703 = CARTESIAN_POINT('',(0.,-2.2));
#704 = ( GEOMETRIC_REPRESENTATION_CONTEXT(2) 
PARAMETRIC_REPRESENTATION_CONTEXT() REPRESENTATION_CONTEXT('2D SPACE',''
  ) );
#705 = PCURVE('',#627,#706);
#706 = DEFINITIONAL_REPRESENTATION('',(#707),#710);
#707 = B_SPLINE_CURVE_WITH_KNOTS('',1,(#708,#709),.UNSPECIFIED.,.F.,.F.,
  (2,2),(0.,1.),.PIECEWISE_BEZIER_KNOTS.);
#708 = CARTESIAN_POINT('',(-6.28318530718,0.));
#709 = CARTESIAN_POINT('',(-6.28318530718,-2.2));
#710 = ( GEOMETRIC_REPRESENTATION_CONTEXT(2) 
PARAMETRIC_REPRESENTATION_CONTEXT() REPRESENTATION_CONTEXT('2D SPACE',''
  ) );
#711 = ORIENTED_EDGE('',*,*,#610,.F.);
#712 = ORIENTED_EDGE('',*,*,#694,.F.);
#713 = ADVANCED_FACE('',(#714,#745,#927,#958),#682,.F.);
#714 = FACE_BOUND('',#715,.F.);
#715 = EDGE_LOOP('',(#716));
#716 = ORIENTED_EDGE('',*,*,#717,.T.);
#717 = EDGE_CURVE('',#718,#718,#720,.T.);
#718 = VERTEX_POINT('',#719);
#719 = CARTESIAN_POINT('',(30.45,0.,12.));
#720 = SURFACE_CURVE('',#721,(#726,#733),.PCURVE_S1.);
#721 = CIRCLE('',#722,30.45);
#722 = AXIS2_PLACEMENT_3D('',#723,#724,#725);
#723 = CARTESIAN_POINT('',(0.,0.,12.));
#724 = DIRECTION('',(0.,0.,1.));
#725 = DIRECTION('',(1.,0.,0.));
#726 = PCURVE('',#682,#727);
#727 = DEFINITIONAL_REPRESENTATION('',(#728),#732);
#728 = CIRCLE('',#729,30.45);
#729 = AXIS2_PLACEMENT_2D('',#730,#731);
#730 = CARTESIAN_POINT('',(7.185235507596E-16,-1.631077701904E-15));
#731 = DIRECTION('',(1.,0.));
#732 = ( GEOMETRIC_REPRESENTATION_CONTEXT(2) 
PARAMETRIC_REPRESENTATION_CONTEXT() REPRESENTATION_CONTEXT('2D SPACE',''
  ) );
#733 = PCURVE('',#734,#739);
#734 = CYLINDRICAL_SURFACE('',#735,30.45);
#735 = AXIS2_PLACEMENT_3D('',#736,#737,#738);
#736 = CARTESIAN_POINT('',(0.,0.,-1.));
#737 = DIRECTION('',(-0.,-0.,-1.));
#738 = DIRECTION('',(1.,0.,0.));
#739 = DEFINITIONAL_REPRESENTATION('',(#740),#744);
#740 = LINE('',#741,#742);
#741 = CARTESIAN_POINT('',(-0.,-13.));
#742 = VECTOR('',#743,1.);
#743 = DIRECTION('',(-1.,0.));
#744 = ( GEOMETRIC_REPRESENTATION_CONTEXT(2) 
PARAMETRIC_REPRESENTATION_CONTEXT() REPRESENTATION_CONTEXT('2D SPACE',''
  ) );
#745 = FACE_BOUND('',#746,.F.);
#746 = EDGE_LOOP('',(#747,#778,#807,#836,#868,#900));
#747 = ORIENTED_EDGE('',*,*,#748,.F.);
#748 = EDGE_CURVE('',#749,#751,#753,.T.);
#749 = VERTEX_POINT('',#750);
#750 = CARTESIAN_POINT('',(4.67082039325,-20.,12.));
#751 = VERTEX_POINT('',#752);
#752 = CARTESIAN_POINT('',(2.779888946281,-15.85030027527,12.));
#753 = SURFACE_CURVE('',#754,(#759,#766),.PCURVE_S1.);
#754 = CIRCLE('',#755,2.3);
#755 = AXIS2_PLACEMENT_3D('',#756,#757,#758);
#756 = CARTESIAN_POINT('',(4.,-17.8,12.));
#757 = DIRECTION('',(-0.,0.,1.));
#758 = DIRECTION('',(0.291661040543,-0.95652173913,0.));
#759 = PCURVE('',#682,#760);
#760 = DEFINITIONAL_REPRESENTATION('',(#761),#765);
#761 = CIRCLE('',#762,2.3);
#762 = AXIS2_PLACEMENT_2D('',#763,#764);
#763 = CARTESIAN_POINT('',(4.,-17.8));
#764 = DIRECTION('',(0.291661040543,-0.95652173913));
#765 = ( GEOMETRIC_REPRESENTATION_CONTEXT(2) 
PARAMETRIC_REPRESENTATION_CONTEXT() REPRESENTATION_CONTEXT('2D SPACE',''
  ) );
#766 = PCURVE('',#767,#772);
#767 = CYLINDRICAL_SURFACE('',#768,2.3);
#768 = AXIS2_PLACEMENT_3D('',#769,#770,#771);
#769 = CARTESIAN_POINT('',(4.,-17.8,0.));
#770 = DIRECTION('',(-0.,-0.,-1.));
#771 = DIRECTION('',(1.,0.,0.));
#772 = DEFINITIONAL_REPRESENTATION('',(#773),#777);
#773 = LINE('',#774,#775);
#774 = CARTESIAN_POINT('',(-5.008351901882,-12.));
#775 = VECTOR('',#776,1.);
#776 = DIRECTION('',(-1.,-0.));
#777 = ( GEOMETRIC_REPRESENTATION_CONTEXT(2) 
PARAMETRIC_REPRESENTATION_CONTEXT() REPRESENTATION_CONTEXT('2D SPACE',''
  ) );
#778 = ORIENTED_EDGE('',*,*,#779,.F.);
#779 = EDGE_CURVE('',#780,#749,#782,.T.);
#780 = VERTEX_POINT('',#781);
#781 = CARTESIAN_POINT('',(2.779888946281,-24.14969972472,12.));
#782 = SURFACE_CURVE('',#783,(#788,#795),.PCURVE_S1.);
#783 = CIRCLE('',#784,2.3);
#784 = AXIS2_PLACEMENT_3D('',#785,#786,#787);
#785 = CARTESIAN_POINT('',(4.,-22.2,12.));
#786 = DIRECTION('',(0.,0.,1.));
#787 = DIRECTION('',(-0.530483066834,-0.847695532489,0.));
#788 = PCURVE('',#682,#789);
#789 = DEFINITIONAL_REPRESENTATION('',(#790),#794);
#790 = CIRCLE('',#791,2.3);
#791 = AXIS2_PLACEMENT_2D('',#792,#793);
#792 = CARTESIAN_POINT('',(4.,-22.2));
#793 = DIRECTION('',(-0.530483066834,-0.847695532489));
#794 = ( GEOMETRIC_REPRESENTATION_CONTEXT(2) 
PARAMETRIC_REPRESENTATION_CONTEXT() REPRESENTATION_CONTEXT('2D SPACE',''
  ) );
#795 = PCURVE('',#796,#801);
#796 = CYLINDRICAL_SURFACE('',#797,2.3);
#797 = AXIS2_PLACEMENT_3D('',#798,#799,#800);
#798 = CARTESIAN_POINT('',(4.,-22.2,0.));
#799 = DIRECTION('',(-0.,-0.,-1.));
#800 = DIRECTION('',(1.,0.,0.));
#801 = DEFINITIONAL_REPRESENTATION('',(#802),#806);
#802 = LINE('',#803,#804);
#803 = CARTESIAN_POINT('',(-4.153218657696,-12.));
#804 = VECTOR('',#805,1.);
#805 = DIRECTION('',(-1.,-0.));
#806 = ( GEOMETRIC_REPRESENTATION_CONTEXT(2) 
PARAMETRIC_REPRESENTATION_CONTEXT() REPRESENTATION_CONTEXT('2D SPACE',''
  ) );
#807 = ORIENTED_EDGE('',*,*,#808,.F.);
#808 = EDGE_CURVE('',#809,#780,#811,.T.);
#809 = VERTEX_POINT('',#810);
#810 = CARTESIAN_POINT('',(-2.779888946281,-24.14969972472,12.));
#811 = SURFACE_CURVE('',#812,(#817,#824),.PCURVE_S1.);
#812 = CIRCLE('',#813,3.395454545455);
#813 = AXIS2_PLACEMENT_3D('',#814,#815,#816);
#814 = CARTESIAN_POINT('',(0.,-22.2,12.));
#815 = DIRECTION('',(0.,0.,1.));
#816 = DIRECTION('',(1.,0.,-0.));
#817 = PCURVE('',#682,#818);
#818 = DEFINITIONAL_REPRESENTATION('',(#819),#823);
#819 = CIRCLE('',#820,3.395454545455);
#820 = AXIS2_PLACEMENT_2D('',#821,#822);
#821 = CARTESIAN_POINT('',(7.185235507596E-16,-22.2));
#822 = DIRECTION('',(1.,0.));
#823 = ( GEOMETRIC_REPRESENTATION_CONTEXT(2) 
PARAMETRIC_REPRESENTATION_CONTEXT() REPRESENTATION_CONTEXT('2D SPACE',''
  ) );
#824 = PCURVE('',#825,#830);
#825 = CONICAL_SURFACE('',#826,3.5,0.807616728724);
#826 = AXIS2_PLACEMENT_3D('',#827,#828,#829);
#827 = CARTESIAN_POINT('',(0.,-22.2,11.9));
#828 = DIRECTION('',(-0.,-0.,-1.));
#829 = DIRECTION('',(1.,0.,0.));
#830 = DEFINITIONAL_REPRESENTATION('',(#831),#835);
#831 = LINE('',#832,#833);
#832 = CARTESIAN_POINT('',(-0.,-1.E-01));
#833 = VECTOR('',#834,1.);
#834 = DIRECTION('',(-1.,-0.));
#835 = ( GEOMETRIC_REPRESENTATION_CONTEXT(2) 
PARAMETRIC_REPRESENTATION_CONTEXT() REPRESENTATION_CONTEXT('2D SPACE',''
  ) );
#836 = ORIENTED_EDGE('',*,*,#837,.T.);
#837 = EDGE_CURVE('',#809,#838,#840,.T.);
#838 = VERTEX_POINT('',#839);
#839 = CARTESIAN_POINT('',(-4.67082039325,-20.,12.));
#840 = SURFACE_CURVE('',#841,(#846,#857),.PCURVE_S1.);
#841 = CIRCLE('',#842,2.3);
#842 = AXIS2_PLACEMENT_3D('',#843,#844,#845);
#843 = CARTESIAN_POINT('',(-4.,-22.2,12.));
#844 = DIRECTION('',(0.,0.,-1.));
#845 = DIRECTION('',(1.,0.,0.));
#846 = PCURVE('',#682,#847);
#847 = DEFINITIONAL_REPRESENTATION('',(#848),#856);
#848 = ( BOUNDED_CURVE() B_SPLINE_CURVE(2,(#849,#850,#851,#852,#853,#854
,#855),.UNSPECIFIED.,.T.,.F.) B_SPLINE_CURVE_WITH_KNOTS((1,2,2,2,2,1),(
    -2.094395102393,0.,2.094395102393,4.188790204786,6.28318530718,
8.377580409573),.UNSPECIFIED.) CURVE() GEOMETRIC_REPRESENTATION_ITEM() 
RATIONAL_B_SPLINE_CURVE((1.,0.5,1.,0.5,1.,0.5,1.)) REPRESENTATION_ITEM(
  '') );
#849 = CARTESIAN_POINT('',(-1.7,-22.2));
#850 = CARTESIAN_POINT('',(-1.7,-26.1837168574));
#851 = CARTESIAN_POINT('',(-5.15,-24.1918584287));
#852 = CARTESIAN_POINT('',(-8.6,-22.2));
#853 = CARTESIAN_POINT('',(-5.15,-20.20814157129));
#854 = CARTESIAN_POINT('',(-1.7,-18.21628314259));
#855 = CARTESIAN_POINT('',(-1.7,-22.2));
#856 = ( GEOMETRIC_REPRESENTATION_CONTEXT(2) 
PARAMETRIC_REPRESENTATION_CONTEXT() REPRESENTATION_CONTEXT('2D SPACE',''
  ) );
#857 = PCURVE('',#858,#863);
#858 = CYLINDRICAL_SURFACE('',#859,2.3);
#859 = AXIS2_PLACEMENT_3D('',#860,#861,#862);
#860 = CARTESIAN_POINT('',(-4.,-22.2,0.));
#861 = DIRECTION('',(-0.,-0.,-1.));
#862 = DIRECTION('',(1.,0.,0.));
#863 = DEFINITIONAL_REPRESENTATION('',(#864),#867);
#864 = B_SPLINE_CURVE_WITH_KNOTS('',1,(#865,#866),.UNSPECIFIED.,.F.,.F.,
  (2,2),(1.011626004106,4.416426058887),.PIECEWISE_BEZIER_KNOTS.);
#865 = CARTESIAN_POINT('',(-5.271559303074,-12.));
#866 = CARTESIAN_POINT('',(-1.866759248292,-12.));
#867 = ( GEOMETRIC_REPRESENTATION_CONTEXT(2) 
PARAMETRIC_REPRESENTATION_CONTEXT() REPRESENTATION_CONTEXT('2D SPACE',''
  ) );
#868 = ORIENTED_EDGE('',*,*,#869,.T.);
#869 = EDGE_CURVE('',#838,#870,#872,.T.);
#870 = VERTEX_POINT('',#871);
#871 = CARTESIAN_POINT('',(-2.779888946281,-15.85030027527,12.));
#872 = SURFACE_CURVE('',#873,(#878,#889),.PCURVE_S1.);
#873 = CIRCLE('',#874,2.3);
#874 = AXIS2_PLACEMENT_3D('',#875,#876,#877);
#875 = CARTESIAN_POINT('',(-4.,-17.8,12.));
#876 = DIRECTION('',(0.,0.,-1.));
#877 = DIRECTION('',(1.,0.,0.));
#878 = PCURVE('',#682,#879);
#879 = DEFINITIONAL_REPRESENTATION('',(#880),#888);
#880 = ( BOUNDED_CURVE() B_SPLINE_CURVE(2,(#881,#882,#883,#884,#885,#886
,#887),.UNSPECIFIED.,.T.,.F.) B_SPLINE_CURVE_WITH_KNOTS((1,2,2,2,2,1),(
    -2.094395102393,0.,2.094395102393,4.188790204786,6.28318530718,
8.377580409573),.UNSPECIFIED.) CURVE() GEOMETRIC_REPRESENTATION_ITEM() 
RATIONAL_B_SPLINE_CURVE((1.,0.5,1.,0.5,1.,0.5,1.)) REPRESENTATION_ITEM(
  '') );
#881 = CARTESIAN_POINT('',(-1.7,-17.8));
#882 = CARTESIAN_POINT('',(-1.7,-21.7837168574));
#883 = CARTESIAN_POINT('',(-5.15,-19.7918584287));
#884 = CARTESIAN_POINT('',(-8.6,-17.8));
#885 = CARTESIAN_POINT('',(-5.15,-15.80814157129));
#886 = CARTESIAN_POINT('',(-1.7,-13.81628314259));
#887 = CARTESIAN_POINT('',(-1.7,-17.8));
#888 = ( GEOMETRIC_REPRESENTATION_CONTEXT(2) 
PARAMETRIC_REPRESENTATION_CONTEXT() REPRESENTATION_CONTEXT('2D SPACE',''
  ) );
#889 = PCURVE('',#890,#895);
#890 = CYLINDRICAL_SURFACE('',#891,2.3);
#891 = AXIS2_PLACEMENT_3D('',#892,#893,#894);
#892 = CARTESIAN_POINT('',(-4.,-17.8,0.));
#893 = DIRECTION('',(-0.,-0.,-1.));
#894 = DIRECTION('',(1.,0.,0.));
#895 = DEFINITIONAL_REPRESENTATION('',(#896),#899);
#896 = B_SPLINE_CURVE_WITH_KNOTS('',1,(#897,#898),.UNSPECIFIED.,.F.,.F.,
  (2,2),(1.866759248292,5.271559303074),.PIECEWISE_BEZIER_KNOTS.);
#897 = CARTESIAN_POINT('',(-10.69961136606,-12.));
#898 = CARTESIAN_POINT('',(-7.294811311286,-12.));
#899 = ( GEOMETRIC_REPRESENTATION_CONTEXT(2) 
PARAMETRIC_REPRESENTATION_CONTEXT() REPRESENTATION_CONTEXT('2D SPACE',''
  ) );
#900 = ORIENTED_EDGE('',*,*,#901,.F.);
#901 = EDGE_CURVE('',#751,#870,#902,.T.);
#902 = SURFACE_CURVE('',#903,(#908,#915),.PCURVE_S1.);
#903 = CIRCLE('',#904,3.395454545455);
#904 = AXIS2_PLACEMENT_3D('',#905,#906,#907);
#905 = CARTESIAN_POINT('',(0.,-17.8,12.));
#906 = DIRECTION('',(0.,0.,1.));
#907 = DIRECTION('',(1.,0.,-0.));
#908 = PCURVE('',#682,#909);
#909 = DEFINITIONAL_REPRESENTATION('',(#910),#914);
#910 = CIRCLE('',#911,3.395454545455);
#911 = AXIS2_PLACEMENT_2D('',#912,#913);
#912 = CARTESIAN_POINT('',(7.185235507596E-16,-17.8));
#913 = DIRECTION('',(1.,0.));
#914 = ( GEOMETRIC_REPRESENTATION_CONTEXT(2) 
PARAMETRIC_REPRESENTATION_CONTEXT() REPRESENTATION_CONTEXT('2D SPACE',''
  ) );
#915 = PCURVE('',#916,#921);
#916 = CONICAL_SURFACE('',#917,3.5,0.807616728724);
#917 = AXIS2_PLACEMENT_3D('',#918,#919,#920);
#918 = CARTESIAN_POINT('',(0.,-17.8,11.9));
#919 = DIRECTION('',(-0.,-0.,-1.));
#920 = DIRECTION('',(1.,0.,0.));
#921 = DEFINITIONAL_REPRESENTATION('',(#922),#926);
#922 = LINE('',#923,#924);
#923 = CARTESIAN_POINT('',(-0.,-1.E-01));
#924 = VECTOR('',#925,1.);
#925 = DIRECTION('',(-1.,-0.));
#926 = ( GEOMETRIC_REPRESENTATION_CONTEXT(2) 
PARAMETRIC_REPRESENTATION_CONTEXT() REPRESENTATION_CONTEXT('2D SPACE',''
  ) );
#927 = FACE_BOUND('',#928,.F.);
#928 = EDGE_LOOP('',(#929));
#929 = ORIENTED_EDGE('',*,*,#930,.F.);
#930 = EDGE_CURVE('',#931,#931,#933,.T.);
#931 = VERTEX_POINT('',#932);
#932 = CARTESIAN_POINT('',(-1.604545454545,22.,12.));
#933 = SURFACE_CURVE('',#934,(#939,#946),.PCURVE_S1.);
#934 = CIRCLE('',#935,3.395454545455);
#935 = AXIS2_PLACEMENT_3D('',#936,#937,#938);
#936 = CARTESIAN_POINT('',(-5.,22.,12.));
#937 = DIRECTION('',(0.,0.,1.));
#938 = DIRECTION('',(1.,0.,-0.));
#939 = PCURVE('',#682,#940);
#940 = DEFINITIONAL_REPRESENTATION('',(#941),#945);
#941 = CIRCLE('',#942,3.395454545455);
#942 = AXIS2_PLACEMENT_2D('',#943,#944);
#943 = CARTESIAN_POINT('',(-5.,22.));
#944 = DIRECTION('',(1.,0.));
#945 = ( GEOMETRIC_REPRESENTATION_CONTEXT(2) 
PARAMETRIC_REPRESENTATION_CONTEXT() REPRESENTATION_CONTEXT('2D SPACE',''
  ) );
#946 = PCURVE('',#947,#952);
#947 = CONICAL_SURFACE('',#948,3.5,0.807616728724);
#948 = AXIS2_PLACEMENT_3D('',#949,#950,#951);
#949 = CARTESIAN_POINT('',(-5.,22.,11.9));
#950 = DIRECTION('',(-0.,-0.,-1.));
#951 = DIRECTION('',(1.,0.,0.));
#952 = DEFINITIONAL_REPRESENTATION('',(#953),#957);
#953 = LINE('',#954,#955);
#954 = CARTESIAN_POINT('',(-0.,-1.E-01));
#955 = VECTOR('',#956,1.);
#956 = DIRECTION('',(-1.,-0.));
#957 = ( GEOMETRIC_REPRESENTATION_CONTEXT(2) 
PARAMETRIC_REPRESENTATION_CONTEXT() REPRESENTATION_CONTEXT('2D SPACE',''
  ) );
#958 = FACE_BOUND('',#959,.F.);
#959 = EDGE_LOOP('',(#960));
#960 = ORIENTED_EDGE('',*,*,#665,.F.);
#961 = ADVANCED_FACE('',(#962),#947,.F.);
#962 = FACE_BOUND('',#963,.F.);
#963 = EDGE_LOOP('',(#964,#965,#985,#1007));
#964 = ORIENTED_EDGE('',*,*,#930,.T.);
#965 = ORIENTED_EDGE('',*,*,#966,.T.);
#966 = EDGE_CURVE('',#931,#967,#969,.T.);
#967 = VERTEX_POINT('',#968);
#968 = CARTESIAN_POINT('',(-3.8,22.,14.1));
#969 = SEAM_CURVE('',#970,(#973,#979),.PCURVE_S1.);
#970 = B_SPLINE_CURVE_WITH_KNOTS('',1,(#971,#972),.UNSPECIFIED.,.F.,.F.,
  (2,2),(0.,1.),.PIECEWISE_BEZIER_KNOTS.);
#971 = CARTESIAN_POINT('',(-1.5,22.,11.9));
#972 = CARTESIAN_POINT('',(-3.8,22.,14.1));
#973 = PCURVE('',#947,#974);
#974 = DEFINITIONAL_REPRESENTATION('',(#975),#978);
#975 = B_SPLINE_CURVE_WITH_KNOTS('',1,(#976,#977),.UNSPECIFIED.,.F.,.F.,
  (2,2),(0.,1.),.PIECEWISE_BEZIER_KNOTS.);
#976 = CARTESIAN_POINT('',(0.,0.));
#977 = CARTESIAN_POINT('',(0.,-2.2));
#978 = ( GEOMETRIC_REPRESENTATION_CONTEXT(2) 
PARAMETRIC_REPRESENTATION_CONTEXT() REPRESENTATION_CONTEXT('2D SPACE',''
  ) );
#979 = PCURVE('',#947,#980);
#980 = DEFINITIONAL_REPRESENTATION('',(#981),#984);
#981 = B_SPLINE_CURVE_WITH_KNOTS('',1,(#982,#983),.UNSPECIFIED.,.F.,.F.,
  (2,2),(0.,1.),.PIECEWISE_BEZIER_KNOTS.);
#982 = CARTESIAN_POINT('',(-6.28318530718,0.));
#983 = CARTESIAN_POINT('',(-6.28318530718,-2.2));
#984 = ( GEOMETRIC_REPRESENTATION_CONTEXT(2) 
PARAMETRIC_REPRESENTATION_CONTEXT() REPRESENTATION_CONTEXT('2D SPACE',''
  ) );
#985 = ORIENTED_EDGE('',*,*,#986,.F.);
#986 = EDGE_CURVE('',#967,#967,#987,.T.);
#987 = SURFACE_CURVE('',#988,(#993,#1000),.PCURVE_S1.);
#988 = CIRCLE('',#989,1.2);
#989 = AXIS2_PLACEMENT_3D('',#990,#991,#992);
#990 = CARTESIAN_POINT('',(-5.,22.,14.1));
#991 = DIRECTION('',(0.,0.,1.));
#992 = DIRECTION('',(1.,0.,0.));
#993 = PCURVE('',#947,#994);
#994 = DEFINITIONAL_REPRESENTATION('',(#995),#999);
#995 = LINE('',#996,#997);
#996 = CARTESIAN_POINT('',(-0.,-2.2));
#997 = VECTOR('',#998,1.);
#998 = DIRECTION('',(-1.,-0.));
#999 = ( GEOMETRIC_REPRESENTATION_CONTEXT(2) 
PARAMETRIC_REPRESENTATION_CONTEXT() REPRESENTATION_CONTEXT('2D SPACE',''
  ) );
#1000 = PCURVE('',#560,#1001);
#1001 = DEFINITIONAL_REPRESENTATION('',(#1002),#1006);
#1002 = LINE('',#1003,#1004);
#1003 = CARTESIAN_POINT('',(-0.,-14.1));
#1004 = VECTOR('',#1005,1.);
#1005 = DIRECTION('',(-1.,0.));
#1006 = ( GEOMETRIC_REPRESENTATION_CONTEXT(2) 
PARAMETRIC_REPRESENTATION_CONTEXT() REPRESENTATION_CONTEXT('2D SPACE',''
  ) );
#1007 = ORIENTED_EDGE('',*,*,#966,.F.);
#1008 = ADVANCED_FACE('',(#1009),#916,.F.);
#1009 = FACE_BOUND('',#1010,.F.);
#1010 = EDGE_LOOP('',(#1011,#1063,#1092,#1217,#1237,#1264,#1265,#1367,
    #1368,#1687));
#1011 = ORIENTED_EDGE('',*,*,#1012,.F.);
#1012 = EDGE_CURVE('',#1013,#1015,#1017,.T.);
#1013 = VERTEX_POINT('',#1014);
#1014 = CARTESIAN_POINT('',(2.58633168218,-20.,12.));
#1015 = VERTEX_POINT('',#1016);
#1016 = CARTESIAN_POINT('',(-2.58633168218,-20.,12.));
#1017 = SURFACE_CURVE('',#1018,(#1023,#1043),.PCURVE_S1.);
#1018 = HYPERBOLA('',#1019,2.104347826087,2.2);
#1019 = AXIS2_PLACEMENT_3D('',#1020,#1021,#1022);
#1020 = CARTESIAN_POINT('',(0.,-20.,15.247826086957));
#1021 = DIRECTION('',(0.,1.,0.));
#1022 = DIRECTION('',(-0.,0.,-1.));
#1023 = PCURVE('',#916,#1024);
#1024 = DEFINITIONAL_REPRESENTATION('',(#1025),#1042);
#1025 = B_SPLINE_CURVE_WITH_KNOTS('',8,(#1026,#1027,#1028,#1029,#1030,
    #1031,#1032,#1033,#1034,#1035,#1036,#1037,#1038,#1039,#1040,#1041),
  .UNSPECIFIED.,.F.,.F.,(9,7,9),(-1.00026186327,-2.22044604925E-16,
    1.00026186327),.UNSPECIFIED.);
#1026 = CARTESIAN_POINT('',(-5.578328148314,-0.1));
#1027 = CARTESIAN_POINT('',(-5.497316310659,-0.409316287195));
#1028 = CARTESIAN_POINT('',(-5.407487592105,-0.660605302796));
#1029 = CARTESIAN_POINT('',(-5.308525984761,-0.861235565819));
#1030 = CARTESIAN_POINT('',(-5.20059611565,-1.016640405521));
#1031 = CARTESIAN_POINT('',(-5.084512422542,-1.130686299294));
#1032 = CARTESIAN_POINT('',(-4.96245378658,-1.205880937002));
#1033 = CARTESIAN_POINT('',(-4.837421713293,-1.24347826087));
#1034 = CARTESIAN_POINT('',(-4.587356247476,-1.24347826087));
#1035 = CARTESIAN_POINT('',(-4.462324174176,-1.205880937001));
#1036 = CARTESIAN_POINT('',(-4.340265538238,-1.130686299298));
#1037 = CARTESIAN_POINT('',(-4.22418184506,-1.016640405517));
#1038 = CARTESIAN_POINT('',(-4.116251976033,-0.861235565822));
#1039 = CARTESIAN_POINT('',(-4.017290368653,-0.660605302794));
#1040 = CARTESIAN_POINT('',(-3.92746165011,-0.409316287195));
#1041 = CARTESIAN_POINT('',(-3.846449812456,-0.1));
#1042 = ( GEOMETRIC_REPRESENTATION_CONTEXT(2) 
PARAMETRIC_REPRESENTATION_CONTEXT() REPRESENTATION_CONTEXT('2D SPACE',''
  ) );
#1043 = PCURVE('',#825,#1044);
#1044 = DEFINITIONAL_REPRESENTATION('',(#1045),#1062);
#1045 = B_SPLINE_CURVE_WITH_KNOTS('',8,(#1046,#1047,#1048,#1049,#1050,
    #1051,#1052,#1053,#1054,#1055,#1056,#1057,#1058,#1059,#1060,#1061),
  .UNSPECIFIED.,.F.,.F.,(9,7,9),(-1.00026186327,-2.22044604925E-16,
    1.00026186327),.UNSPECIFIED.);
#1046 = CARTESIAN_POINT('',(-0.704857158866,-0.1));
#1047 = CARTESIAN_POINT('',(-0.78586899652,-0.409316287195));
#1048 = CARTESIAN_POINT('',(-0.875697715064,-0.660605302795));
#1049 = CARTESIAN_POINT('',(-0.974659322442,-0.86123556582));
#1050 = CARTESIAN_POINT('',(-1.082589191488,-1.016640405526));
#1051 = CARTESIAN_POINT('',(-1.19867288465,-1.130686299296));
#1052 = CARTESIAN_POINT('',(-1.320731520588,-1.205880937002));
#1053 = CARTESIAN_POINT('',(-1.445763593886,-1.24347826087));
#1054 = CARTESIAN_POINT('',(-1.695829059704,-1.24347826087));
#1055 = CARTESIAN_POINT('',(-1.820861133003,-1.205880937));
#1056 = CARTESIAN_POINT('',(-1.942919768931,-1.130686299303));
#1057 = CARTESIAN_POINT('',(-2.0590034621,-1.016640405515));
#1058 = CARTESIAN_POINT('',(-2.166933331141,-0.861235565827));
#1059 = CARTESIAN_POINT('',(-2.265894938526,-0.660605302794));
#1060 = CARTESIAN_POINT('',(-2.355723657069,-0.409316287195));
#1061 = CARTESIAN_POINT('',(-2.436735494724,-0.1));
#1062 = ( GEOMETRIC_REPRESENTATION_CONTEXT(2) 
PARAMETRIC_REPRESENTATION_CONTEXT() REPRESENTATION_CONTEXT('2D SPACE',''
  ) );
#1063 = ORIENTED_EDGE('',*,*,#1064,.T.);
#1064 = EDGE_CURVE('',#1013,#1065,#1067,.T.);
#1065 = VERTEX_POINT('',#1066);
#1066 = CARTESIAN_POINT('',(2.779888946281,-19.74969972472,12.));
#1067 = SURFACE_CURVE('',#1068,(#1073,#1080),.PCURVE_S1.);
#1068 = CIRCLE('',#1069,3.395454545455);
#1069 = AXIS2_PLACEMENT_3D('',#1070,#1071,#1072);
#1070 = CARTESIAN_POINT('',(0.,-17.8,12.));
#1071 = DIRECTION('',(0.,0.,1.));
#1072 = DIRECTION('',(1.,0.,-0.));
#1073 = PCURVE('',#916,#1074);
#1074 = DEFINITIONAL_REPRESENTATION('',(#1075),#1079);
#1075 = LINE('',#1076,#1077);
#1076 = CARTESIAN_POINT('',(-0.,-1.E-01));
#1077 = VECTOR('',#1078,1.);
#1078 = DIRECTION('',(-1.,-0.));
#1079 = ( GEOMETRIC_REPRESENTATION_CONTEXT(2) 
PARAMETRIC_REPRESENTATION_CONTEXT() REPRESENTATION_CONTEXT('2D SPACE',''
  ) );
#1080 = PCURVE('',#1081,#1086);
#1081 = PLANE('',#1082);
#1082 = AXIS2_PLACEMENT_3D('',#1083,#1084,#1085);
#1083 = CARTESIAN_POINT('',(-7.185235507596E-16,1.631077701904E-15,12.)
  );
#1084 = DIRECTION('',(0.,0.,1.));
#1085 = DIRECTION('',(1.,0.,-0.));
#1086 = DEFINITIONAL_REPRESENTATION('',(#1087),#1091);
#1087 = CIRCLE('',#1088,3.395454545455);
#1088 = AXIS2_PLACEMENT_2D('',#1089,#1090);
#1089 = CARTESIAN_POINT('',(7.185235507596E-16,-17.8));
#1090 = DIRECTION('',(1.,0.));
#1091 = ( GEOMETRIC_REPRESENTATION_CONTEXT(2) 
PARAMETRIC_REPRESENTATION_CONTEXT() REPRESENTATION_CONTEXT('2D SPACE',''
  ) );
#1092 = ORIENTED_EDGE('',*,*,#1093,.F.);
#1093 = EDGE_CURVE('',#1094,#1065,#1096,.T.);
#1094 = VERTEX_POINT('',#1095);
#1095 = CARTESIAN_POINT('',(1.7,-17.8,13.621739130435));
#1096 = SURFACE_CURVE('',#1097,(#1135,#1176),.PCURVE_S1.);
#1097 = B_SPLINE_CURVE_WITH_KNOTS('',8,(#1098,#1099,#1100,#1101,#1102,
    #1103,#1104,#1105,#1106,#1107,#1108,#1109,#1110,#1111,#1112,#1113,
    #1114,#1115,#1116,#1117,#1118,#1119,#1120,#1121,#1122,#1123,#1124,
    #1125,#1126,#1127,#1128,#1129,#1130,#1131,#1132,#1133,#1134),
  .UNSPECIFIED.,.F.,.F.,(9,7,7,7,7,9),(0.,8.06798437225E-02,
    0.137849210411,0.23116241413,0.534989055727,1.),.UNSPECIFIED.);
#1098 = CARTESIAN_POINT('',(1.7,-17.8,13.621739130435));
#1099 = CARTESIAN_POINT('',(1.7,-17.83540680367,13.621739130435));
#1100 = CARTESIAN_POINT('',(1.700622948352,-17.87082093549,
    13.620337156992));
#1101 = CARTESIAN_POINT('',(1.701869204851,-17.90605540079,
    13.617532130601));
#1102 = CARTESIAN_POINT('',(1.703721882635,-17.94096234618,
    13.613369291927));
#1103 = CARTESIAN_POINT('',(1.706152454294,-17.97542412885,
    13.607926129749));
#1104 = CARTESIAN_POINT('',(1.709125121168,-18.00934673183,
    13.601300592098));
#1105 = CARTESIAN_POINT('',(1.712599945816,-18.04265552521,
    13.593601580599));
#1106 = CARTESIAN_POINT('',(1.719322930185,-18.09842040255,
    13.578805396236));
#1107 = CARTESIAN_POINT('',(1.722343390426,-18.12122122001,
    13.572183711218));
#1108 = CARTESIAN_POINT('',(1.725582809172,-18.14368614102,
    13.565113237306));
#1109 = CARTESIAN_POINT('',(1.729028218385,-18.1658101431,
    13.557629542685));
#1110 = CARTESIAN_POINT('',(1.732667268961,-18.18759239438,
    13.549766522031));
#1111 = CARTESIAN_POINT('',(1.736488498474,-18.20903578217,
    13.54155571916));
#1112 = CARTESIAN_POINT('',(1.74048159893,-18.23014644141,
    13.533025649687));
#1113 = CARTESIAN_POINT('',(1.751421346512,-18.28486206201,
    13.509797521875));
#1114 = CARTESIAN_POINT('',(1.758637075716,-18.31791816175,
    13.494613989495));
#1115 = CARTESIAN_POINT('',(1.7662469855,-18.35014715647,13.478757347331
    ));
#1116 = CARTESIAN_POINT('',(1.774218090808,-18.38159195802,
    13.462319684555));
#1117 = CARTESIAN_POINT('',(1.782522346128,-18.4122941918,
    13.445378944514));
#1118 = CARTESIAN_POINT('',(1.791136683477,-18.44229557251,
    13.427999510531));
#1119 = CARTESIAN_POINT('',(1.800043050386,-18.47163927992,
    13.410232791702));
#1120 = CARTESIAN_POINT('',(1.839135988956,-18.59392255091,
    13.33313564724));
#1121 = CARTESIAN_POINT('',(1.871926845401,-18.68075382171,
    13.270609743165));
#1122 = CARTESIAN_POINT('',(1.907173945441,-18.76261290718,
    13.205832301602));
#1123 = CARTESIAN_POINT('',(1.944645149154,-18.84012727657,
    13.139488854333));
#1124 = CARTESIAN_POINT('',(1.984136240174,-18.91389396224,
    13.072101940838));
#1125 = CARTESIAN_POINT('',(2.02553584494,-18.98428247695,
    13.003946995249));
#1126 = CARTESIAN_POINT('',(2.06879914728,-19.0516773026,12.935166834815
    ));
#1127 = CARTESIAN_POINT('',(2.183143714715,-19.21549758528,
    12.75949239907));
#1128 = CARTESIAN_POINT('',(2.256574824241,-19.30802662726,
    12.652092184717));
#1129 = CARTESIAN_POINT('',(2.334125838397,-19.39485572475,
    12.543983348449));
#1130 = CARTESIAN_POINT('',(2.415677005422,-19.47627931625,
    12.43543330528));
#1131 = CARTESIAN_POINT('',(2.501114310868,-19.55247287635,
    12.326645595722));
#1132 = CARTESIAN_POINT('',(2.590342121793,-19.62346927739,
    12.217756135106));
#1133 = CARTESIAN_POINT('',(2.683283094793,-19.68924432958,
    12.108857999232));
#1134 = CARTESIAN_POINT('',(2.779888946281,-19.74969972472,12.));
#1135 = PCURVE('',#916,#1136);
#1136 = DEFINITIONAL_REPRESENTATION('',(#1137),#1175);
#1137 = B_SPLINE_CURVE_WITH_KNOTS('',8,(#1138,#1139,#1140,#1141,#1142,
    #1143,#1144,#1145,#1146,#1147,#1148,#1149,#1150,#1151,#1152,#1153,
    #1154,#1155,#1156,#1157,#1158,#1159,#1160,#1161,#1162,#1163,#1164,
    #1165,#1166,#1167,#1168,#1169,#1170,#1171,#1172,#1173,#1174),
  .UNSPECIFIED.,.F.,.F.,(9,7,7,7,7,9),(0.,8.06798437225E-02,
    0.137849210411,0.23116241413,0.534989055727,1.),.UNSPECIFIED.);
#1138 = CARTESIAN_POINT('',(-6.28318530718,-1.721739130435));
#1139 = CARTESIAN_POINT('',(-6.262357775608,-1.721739130435));
#1140 = CARTESIAN_POINT('',(-6.241525906086,-1.720337156992));
#1141 = CARTESIAN_POINT('',(-6.220857871062,-1.717532130601));
#1142 = CARTESIAN_POINT('',(-6.200498656621,-1.713369291927));
#1143 = CARTESIAN_POINT('',(-6.180567735971,-1.707926129749));
#1144 = CARTESIAN_POINT('',(-6.161158677631,-1.701300592098));
#1145 = CARTESIAN_POINT('',(-6.142340688337,-1.693601580599));
#1146 = CARTESIAN_POINT('',(-6.111280819853,-1.678805396236));
#1147 = CARTESIAN_POINT('',(-6.098714623634,-1.672183711218));
#1148 = CARTESIAN_POINT('',(-6.086474948765,-1.665113237306));
#1149 = CARTESIAN_POINT('',(-6.074568047289,-1.657629542685));
#1150 = CARTESIAN_POINT('',(-6.062995712806,-1.649766522031));
#1151 = CARTESIAN_POINT('',(-6.05175601675,-1.64155571916));
#1152 = CARTESIAN_POINT('',(-6.040844044665,-1.633025649687));
#1153 = CARTESIAN_POINT('',(-6.012965076912,-1.609797521875));
#1154 = CARTESIAN_POINT('',(-5.996536756218,-1.594613989495));
#1155 = CARTESIAN_POINT('',(-5.980932150246,-1.578757347331));
#1156 = CARTESIAN_POINT('',(-5.966112243276,-1.562319684555));
#1157 = CARTESIAN_POINT('',(-5.9520356448,-1.545378944514));
#1158 = CARTESIAN_POINT('',(-5.938659710298,-1.527999510531));
#1159 = CARTESIAN_POINT('',(-5.92594166202,-1.510232791702));
#1160 = CARTESIAN_POINT('',(-5.874435902331,-1.43313564724));
#1161 = CARTESIAN_POINT('',(-5.841661459625,-1.370609743165));
#1162 = CARTESIAN_POINT('',(-5.813961936021,-1.305832301601));
#1163 = CARTESIAN_POINT('',(-5.790468306569,-1.239488854335));
#1164 = CARTESIAN_POINT('',(-5.770431203838,-1.172101940837));
#1165 = CARTESIAN_POINT('',(-5.753324999054,-1.103946995249));
#1166 = CARTESIAN_POINT('',(-5.738704615476,-1.035166834815));
#1167 = CARTESIAN_POINT('',(-5.70713537383,-0.85949239907));
#1168 = CARTESIAN_POINT('',(-5.69312887972,-0.752092184717));
#1169 = CARTESIAN_POINT('',(-5.683005597635,-0.643983348448));
#1170 = CARTESIAN_POINT('',(-5.676069921297,-0.535433305281));
#1171 = CARTESIAN_POINT('',(-5.671791212906,-0.426645595721));
#1172 = CARTESIAN_POINT('',(-5.66979528891,-0.317756135106));
#1173 = CARTESIAN_POINT('',(-5.66978777938,-0.208857999232));
#1174 = CARTESIAN_POINT('',(-5.671547942533,-1.E-01));
#1175 = ( GEOMETRIC_REPRESENTATION_CONTEXT(2) 
PARAMETRIC_REPRESENTATION_CONTEXT() REPRESENTATION_CONTEXT('2D SPACE',''
  ) );
#1176 = PCURVE('',#767,#1177);
#1177 = DEFINITIONAL_REPRESENTATION('',(#1178),#1216);
#1178 = B_SPLINE_CURVE_WITH_KNOTS('',8,(#1179,#1180,#1181,#1182,#1183,
    #1184,#1185,#1186,#1187,#1188,#1189,#1190,#1191,#1192,#1193,#1194,
    #1195,#1196,#1197,#1198,#1199,#1200,#1201,#1202,#1203,#1204,#1205,
    #1206,#1207,#1208,#1209,#1210,#1211,#1212,#1213,#1214,#1215),
  .UNSPECIFIED.,.F.,.F.,(9,7,7,7,7,9),(0.,8.06798437225E-02,
    0.137849210411,0.23116241413,0.534989055727,1.),.UNSPECIFIED.);
#1179 = CARTESIAN_POINT('',(-9.424777960769,-13.62173913043));
#1180 = CARTESIAN_POINT('',(-9.440172223236,-13.62173913043));
#1181 = CARTESIAN_POINT('',(-9.455569668465,-13.62033715699));
#1182 = CARTESIAN_POINT('',(-9.470894569069,-13.6175321306));
#1183 = CARTESIAN_POINT('',(-9.486088183386,-13.61336929192));
#1184 = CARTESIAN_POINT('',(-9.501104376746,-13.60792612974));
#1185 = CARTESIAN_POINT('',(-9.5159064623,-13.60130059209));
#1186 = CARTESIAN_POINT('',(-9.530465261431,-13.59360158059));
#1187 = CARTESIAN_POINT('',(-9.554886424525,-13.57880539623));
#1188 = CARTESIAN_POINT('',(-9.564885739303,-13.57218371121));
#1189 = CARTESIAN_POINT('',(-9.57475304507,-13.5651132373));
#1190 = CARTESIAN_POINT('',(-9.58448690632,-13.55762954268));
#1191 = CARTESIAN_POINT('',(-9.594087562256,-13.54976652203));
#1192 = CARTESIAN_POINT('',(-9.603556754024,-13.54155571916));
#1193 = CARTESIAN_POINT('',(-9.612897551941,-13.53302564968));
#1194 = CARTESIAN_POINT('',(-9.637157787304,-13.50979752187));
#1195 = CARTESIAN_POINT('',(-9.651866167634,-13.49461398949));
#1196 = CARTESIAN_POINT('',(-9.666260687499,-13.47875734733));
#1197 = CARTESIAN_POINT('',(-9.680361072161,-13.46231968455));
#1198 = CARTESIAN_POINT('',(-9.694186171594,-13.44537894451));
#1199 = CARTESIAN_POINT('',(-9.707754723716,-13.42799951053));
#1200 = CARTESIAN_POINT('',(-9.721086117619,-13.4102327917));
#1201 = CARTESIAN_POINT('',(-9.776903562787,-13.33313564724));
#1202 = CARTESIAN_POINT('',(-9.817204798156,-13.27060974316));
#1203 = CARTESIAN_POINT('',(-9.855890320487,-13.2058323016));
#1204 = CARTESIAN_POINT('',(-9.89325396494,-13.13948885433));
#1205 = CARTESIAN_POINT('',(-9.929574251435,-13.07210194083));
#1206 = CARTESIAN_POINT('',(-9.965032893299,-13.00394699524));
#1207 = CARTESIAN_POINT('',(-9.999826950801,-12.93516683481));
#1208 = CARTESIAN_POINT('',(-10.08668751211,-12.75949239907));
#1209 = CARTESIAN_POINT('',(-10.1379497235,-12.65209218471));
#1210 = CARTESIAN_POINT('',(-10.1884257391,-12.54398334844));
#1211 = CARTESIAN_POINT('',(-10.23836774068,-12.43543330528));
#1212 = CARTESIAN_POINT('',(-10.28798335918,-12.32664559572));
#1213 = CARTESIAN_POINT('',(-10.3374295246,-12.2177561351));
#1214 = CARTESIAN_POINT('',(-10.38685487264,-12.10885799923));
#1215 = CARTESIAN_POINT('',(-10.43640396487,-12.));
#1216 = ( GEOMETRIC_REPRESENTATION_CONTEXT(2) 
PARAMETRIC_REPRESENTATION_CONTEXT() REPRESENTATION_CONTEXT('2D SPACE',''
  ) );
#1217 = ORIENTED_EDGE('',*,*,#1218,.T.);
#1218 = EDGE_CURVE('',#1094,#1219,#1221,.T.);
#1219 = VERTEX_POINT('',#1220);
#1220 = CARTESIAN_POINT('',(1.2,-17.8,14.1));
#1221 = SEAM_CURVE('',#1222,(#1225,#1231),.PCURVE_S1.);
#1222 = B_SPLINE_CURVE_WITH_KNOTS('',1,(#1223,#1224),.UNSPECIFIED.,.F.,
  .F.,(2,2),(0.,1.),.PIECEWISE_BEZIER_KNOTS.);
#1223 = CARTESIAN_POINT('',(3.5,-17.8,11.9));
#1224 = CARTESIAN_POINT('',(1.2,-17.8,14.1));
#1225 = PCURVE('',#916,#1226);
#1226 = DEFINITIONAL_REPRESENTATION('',(#1227),#1230);
#1227 = B_SPLINE_CURVE_WITH_KNOTS('',1,(#1228,#1229),.UNSPECIFIED.,.F.,
  .F.,(2,2),(0.,1.),.PIECEWISE_BEZIER_KNOTS.);
#1228 = CARTESIAN_POINT('',(0.,0.));
#1229 = CARTESIAN_POINT('',(0.,-2.2));
#1230 = ( GEOMETRIC_REPRESENTATION_CONTEXT(2) 
PARAMETRIC_REPRESENTATION_CONTEXT() REPRESENTATION_CONTEXT('2D SPACE',''
  ) );
#1231 = PCURVE('',#916,#1232);
#1232 = DEFINITIONAL_REPRESENTATION('',(#1233),#1236);
#1233 = B_SPLINE_CURVE_WITH_KNOTS('',1,(#1234,#1235),.UNSPECIFIED.,.F.,
  .F.,(2,2),(0.,1.),.PIECEWISE_BEZIER_KNOTS.);
#1234 = CARTESIAN_POINT('',(-6.28318530718,0.));
#1235 = CARTESIAN_POINT('',(-6.28318530718,-2.2));
#1236 = ( GEOMETRIC_REPRESENTATION_CONTEXT(2) 
PARAMETRIC_REPRESENTATION_CONTEXT() REPRESENTATION_CONTEXT('2D SPACE',''
  ) );
#1237 = ORIENTED_EDGE('',*,*,#1238,.F.);
#1238 = EDGE_CURVE('',#1219,#1219,#1239,.T.);
#1239 = SURFACE_CURVE('',#1240,(#1245,#1252),.PCURVE_S1.);
#1240 = CIRCLE('',#1241,1.2);
#1241 = AXIS2_PLACEMENT_3D('',#1242,#1243,#1244);
#1242 = CARTESIAN_POINT('',(0.,-17.8,14.1));
#1243 = DIRECTION('',(0.,0.,1.));
#1244 = DIRECTION('',(1.,0.,0.));
#1245 = PCURVE('',#916,#1246);
#1246 = DEFINITIONAL_REPRESENTATION('',(#1247),#1251);
#1247 = LINE('',#1248,#1249);
#1248 = CARTESIAN_POINT('',(-0.,-2.2));
#1249 = VECTOR('',#1250,1.);
#1250 = DIRECTION('',(-1.,-0.));
#1251 = ( GEOMETRIC_REPRESENTATION_CONTEXT(2) 
PARAMETRIC_REPRESENTATION_CONTEXT() REPRESENTATION_CONTEXT('2D SPACE',''
  ) );
#1252 = PCURVE('',#1253,#1258);
#1253 = CYLINDRICAL_SURFACE('',#1254,1.2);
#1254 = AXIS2_PLACEMENT_3D('',#1255,#1256,#1257);
#1255 = CARTESIAN_POINT('',(0.,-17.8,0.));
#1256 = DIRECTION('',(-0.,-0.,-1.));
#1257 = DIRECTION('',(1.,0.,0.));
#1258 = DEFINITIONAL_REPRESENTATION('',(#1259),#1263);
#1259 = LINE('',#1260,#1261);
#1260 = CARTESIAN_POINT('',(-0.,-14.1));
#1261 = VECTOR('',#1262,1.);
#1262 = DIRECTION('',(-1.,0.));
#1263 = ( GEOMETRIC_REPRESENTATION_CONTEXT(2) 
PARAMETRIC_REPRESENTATION_CONTEXT() REPRESENTATION_CONTEXT('2D SPACE',''
  ) );
#1264 = ORIENTED_EDGE('',*,*,#1218,.F.);
#1265 = ORIENTED_EDGE('',*,*,#1266,.F.);
#1266 = EDGE_CURVE('',#751,#1094,#1267,.T.);
#1267 = SURFACE_CURVE('',#1268,(#1299,#1333),.PCURVE_S1.);
#1268 = B_SPLINE_CURVE_WITH_KNOTS('',8,(#1269,#1270,#1271,#1272,#1273,
    #1274,#1275,#1276,#1277,#1278,#1279,#1280,#1281,#1282,#1283,#1284,
    #1285,#1286,#1287,#1288,#1289,#1290,#1291,#1292,#1293,#1294,#1295,
    #1296,#1297,#1298),.UNSPECIFIED.,.F.,.F.,(9,7,7,7,9),(0.,
    0.362401227251,0.696360822274,0.881120457593,1.),.UNSPECIFIED.);
#1269 = CARTESIAN_POINT('',(2.779888946281,-15.85030027527,12.));
#1270 = CARTESIAN_POINT('',(2.70461475546,-15.89740643788,
    12.084820926273));
#1271 = CARTESIAN_POINT('',(2.631550799257,-15.94775199616,
    12.169682894062));
#1272 = CARTESIAN_POINT('',(2.560732116059,-16.00128463157,
    12.254551015647));
#1273 = CARTESIAN_POINT('',(2.492199135581,-16.05798155542,
    12.33937767568));
#1274 = CARTESIAN_POINT('',(2.425995549691,-16.11784453556,12.4241032159
    ));
#1275 = CARTESIAN_POINT('',(2.362167382809,-16.18091040871,
    12.50865312932));
#1276 = CARTESIAN_POINT('',(2.300763261879,-16.2472770788,
    12.592931763889));
#1277 = CARTESIAN_POINT('',(2.187533192878,-16.38152961468,
    12.754110255523));
#1278 = CARTESIAN_POINT('',(2.135397388056,-16.44881309895,
    12.830979388771));
#1279 = CARTESIAN_POINT('',(2.085401366176,-16.51920980985,
    12.907407482771));
#1280 = CARTESIAN_POINT('',(2.037585465884,-16.59298780314,
    12.983281593757));
#1281 = CARTESIAN_POINT('',(1.992035654854,-16.67043485964,
    13.058399080519));
#1282 = CARTESIAN_POINT('',(1.948894679653,-16.75202172499,
    13.132402166433));
#1283 = CARTESIAN_POINT('',(1.90832825139,-16.83830126909,
    13.204812552522));
#1284 = CARTESIAN_POINT('',(1.849752676538,-16.98178031021,
    13.31346140267));
#1285 = CARTESIAN_POINT('',(1.829819859117,-17.0346103534,
    13.351301211865));
#1286 = CARTESIAN_POINT('',(1.810815089293,-17.08949181927,
    13.388219783824));
#1287 = CARTESIAN_POINT('',(1.792805474732,-17.14671641574,
    13.424019281937));
#1288 = CARTESIAN_POINT('',(1.775923732226,-17.20656388161,
    13.458349050165));
#1289 = CARTESIAN_POINT('',(1.760354119407,-17.26930765017,
    13.490704596906));
#1290 = CARTESIAN_POINT('',(1.74633293304,-17.3352597091,13.520407812342
    ));
#1291 = CARTESIAN_POINT('',(1.7263734055,-17.44972638535,13.563343751513
    ));
#1292 = CARTESIAN_POINT('',(1.719333937022,-17.4960837824,
    13.578676612765));
#1293 = CARTESIAN_POINT('',(1.713182864917,-17.54397019045,
    13.592229417129));
#1294 = CARTESIAN_POINT('',(1.708050110175,-17.593299733,13.603653684554
    ));
#1295 = CARTESIAN_POINT('',(1.704067563376,-17.6439058929,
    13.612584233806));
#1296 = CARTESIAN_POINT('',(1.701355907255,-17.69552626809,
    13.618687558907));
#1297 = CARTESIAN_POINT('',(1.7,-17.74776273051,13.621739130435));
#1298 = CARTESIAN_POINT('',(1.7,-17.8,13.621739130435));
#1299 = PCURVE('',#916,#1300);
#1300 = DEFINITIONAL_REPRESENTATION('',(#1301),#1332);
#1301 = B_SPLINE_CURVE_WITH_KNOTS('',8,(#1302,#1303,#1304,#1305,#1306,
    #1307,#1308,#1309,#1310,#1311,#1312,#1313,#1314,#1315,#1316,#1317,
    #1318,#1319,#1320,#1321,#1322,#1323,#1324,#1325,#1326,#1327,#1328,
    #1329,#1330,#1331),.UNSPECIFIED.,.F.,.F.,(9,7,7,7,9),(0.,
    0.362401227251,0.696360822274,0.881120457593,1.),.UNSPECIFIED.);
#1302 = CARTESIAN_POINT('',(-0.611637364646,-1.E-01));
#1303 = CARTESIAN_POINT('',(-0.61300886394,-0.184820926273));
#1304 = CARTESIAN_POINT('',(-0.613307137679,-0.269682894062));
#1305 = CARTESIAN_POINT('',(-0.612427932696,-0.354551015647));
#1306 = CARTESIAN_POINT('',(-0.6102383217,-0.43937767568));
#1307 = CARTESIAN_POINT('',(-0.606576879702,-0.5241032159));
#1308 = CARTESIAN_POINT('',(-0.601241593548,-0.60865312932));
#1309 = CARTESIAN_POINT('',(-0.593965504583,-0.692931763889));
#1310 = CARTESIAN_POINT('',(-0.575546938181,-0.854110255523));
#1311 = CARTESIAN_POINT('',(-0.564762399964,-0.930979388771));
#1312 = CARTESIAN_POINT('',(-0.551736475429,-1.007407482771));
#1313 = CARTESIAN_POINT('',(-0.536091147438,-1.083281593758));
#1314 = CARTESIAN_POINT('',(-0.517367352191,-1.158399080519));
#1315 = CARTESIAN_POINT('',(-0.494915526959,-1.232402166433));
#1316 = CARTESIAN_POINT('',(-0.467938582389,-1.304812552522));
#1317 = CARTESIAN_POINT('',(-0.416827753218,-1.41346140267));
#1318 = CARTESIAN_POINT('',(-0.396858132083,-1.451301211865));
#1319 = CARTESIAN_POINT('',(-0.374865009718,-1.488219783824));
#1320 = CARTESIAN_POINT('',(-0.350563735451,-1.524019281937));
#1321 = CARTESIAN_POINT('',(-0.323643103696,-1.558349050165));
#1322 = CARTESIAN_POINT('',(-0.293781349733,-1.590704596906));
#1323 = CARTESIAN_POINT('',(-0.260665461196,-1.620407812342));
#1324 = CARTESIAN_POINT('',(-0.200409179095,-1.663343751513));
#1325 = CARTESIAN_POINT('',(-0.175343062834,-1.678676612765));
#1326 = CARTESIAN_POINT('',(-0.148798631178,-1.692229417129));
#1327 = CARTESIAN_POINT('',(-0.120842284061,-1.703653684554));
#1328 = CARTESIAN_POINT('',(-9.163374650878E-02,-1.712584233806));
#1329 = CARTESIAN_POINT('',(-6.145510418954E-02,-1.718687558907));
#1330 = CARTESIAN_POINT('',(-3.072780557898E-02,-1.721739130435));
#1331 = CARTESIAN_POINT('',(0.,-1.721739130435));
#1332 = ( GEOMETRIC_REPRESENTATION_CONTEXT(2) 
PARAMETRIC_REPRESENTATION_CONTEXT() REPRESENTATION_CONTEXT('2D SPACE',''
  ) );
#1333 = PCURVE('',#767,#1334);
#1334 = DEFINITIONAL_REPRESENTATION('',(#1335),#1366);
#1335 = B_SPLINE_CURVE_WITH_KNOTS('',8,(#1336,#1337,#1338,#1339,#1340,
    #1341,#1342,#1343,#1344,#1345,#1346,#1347,#1348,#1349,#1350,#1351,
    #1352,#1353,#1354,#1355,#1356,#1357,#1358,#1359,#1360,#1361,#1362,
    #1363,#1364,#1365),.UNSPECIFIED.,.F.,.F.,(9,7,7,7,9),(0.,
    0.362401227251,0.696360822274,0.881120457593,1.),.UNSPECIFIED.);
#1336 = CARTESIAN_POINT('',(-8.413151956663,-12.));
#1337 = CARTESIAN_POINT('',(-8.451760050959,-12.08482092627));
#1338 = CARTESIAN_POINT('',(-8.490300794674,-12.16968289406));
#1339 = CARTESIAN_POINT('',(-8.528836412063,-12.25455101564));
#1340 = CARTESIAN_POINT('',(-8.567433895194,-12.33937767568));
#1341 = CARTESIAN_POINT('',(-8.606165058743,-12.4241032159));
#1342 = CARTESIAN_POINT('',(-8.645112642161,-12.50865312932));
#1343 = CARTESIAN_POINT('',(-8.684382459208,-12.59293176388));
#1344 = CARTESIAN_POINT('',(-8.760741961034,-12.75411025552));
#1345 = CARTESIAN_POINT('',(-8.79771843954,-12.83097938877));
#1346 = CARTESIAN_POINT('',(-8.83520423793,-12.90740748277));
#1347 = CARTESIAN_POINT('',(-8.873359781768,-12.98328159375));
#1348 = CARTESIAN_POINT('',(-8.912346230235,-13.05839908051));
#1349 = CARTESIAN_POINT('',(-8.952401052198,-13.13240216643));
#1350 = CARTESIAN_POINT('',(-8.993797619841,-13.20481255252));
#1351 = CARTESIAN_POINT('',(-9.061178170472,-13.31346140267));
#1352 = CARTESIAN_POINT('',(-9.085719445841,-13.35130121186));
#1353 = CARTESIAN_POINT('',(-9.110955194193,-13.38821978382));
#1354 = CARTESIAN_POINT('',(-9.137016389665,-13.42401928193));
#1355 = CARTESIAN_POINT('',(-9.164026644655,-13.45834905016));
#1356 = CARTESIAN_POINT('',(-9.192108036612,-13.4907045969));
#1357 = CARTESIAN_POINT('',(-9.221403823744,-13.52040781234));
#1358 = CARTESIAN_POINT('',(-9.271922873871,-13.56334375151));
#1359 = CARTESIAN_POINT('',(-9.29230442447,-13.57867661276));
#1360 = CARTESIAN_POINT('',(-9.313286288864,-13.59222941712));
#1361 = CARTESIAN_POINT('',(-9.334836892628,-13.60365368455));
#1362 = CARTESIAN_POINT('',(-9.356893090994,-13.6125842338));
#1363 = CARTESIAN_POINT('',(-9.379354603661,-13.6186875589));
#1364 = CARTESIAN_POINT('',(-9.402066104472,-13.62173913043));
#1365 = CARTESIAN_POINT('',(-9.424777960769,-13.62173913043));
#1366 = ( GEOMETRIC_REPRESENTATION_CONTEXT(2) 
PARAMETRIC_REPRESENTATION_CONTEXT() REPRESENTATION_CONTEXT('2D SPACE',''
  ) );
#1367 = ORIENTED_EDGE('',*,*,#901,.T.);
#1368 = ORIENTED_EDGE('',*,*,#1369,.F.);
#1369 = EDGE_CURVE('',#1370,#870,#1372,.T.);
#1370 = VERTEX_POINT('',#1371);
#1371 = CARTESIAN_POINT('',(-2.779888946281,-19.74969972472,12.));
#1372 = SURFACE_CURVE('',#1373,(#1453,#1570),.PCURVE_S1.);
#1373 = B_SPLINE_CURVE_WITH_KNOTS('',8,(#1374,#1375,#1376,#1377,#1378,
    #1379,#1380,#1381,#1382,#1383,#1384,#1385,#1386,#1387,#1388,#1389,
    #1390,#1391,#1392,#1393,#1394,#1395,#1396,#1397,#1398,#1399,#1400,
    #1401,#1402,#1403,#1404,#1405,#1406,#1407,#1408,#1409,#1410,#1411,
    #1412,#1413,#1414,#1415,#1416,#1417,#1418,#1419,#1420,#1421,#1422,
    #1423,#1424,#1425,#1426,#1427,#1428,#1429,#1430,#1431,#1432,#1433,
    #1434,#1435,#1436,#1437,#1438,#1439,#1440,#1441,#1442,#1443,#1444,
    #1445,#1446,#1447,#1448,#1449,#1450,#1451,#1452),.UNSPECIFIED.,.F.,
  .F.,(9,7,7,7,7,7,7,7,7,7,7,9),(0.,0.182573156093,0.362651485244,
    0.535452969576,0.694631475576,0.881350748236,1.,1.082870932725,
    1.13901858648,1.233894213542,1.541823931842,1.999709631383),
  .UNSPECIFIED.);
#1374 = CARTESIAN_POINT('',(-2.779888946281,-19.74969972472,12.));
#1375 = CARTESIAN_POINT('',(-2.741977349251,-19.72597486185,
    12.042719778738));
#1376 = CARTESIAN_POINT('',(-2.704624750047,-19.70142741302,
    12.085451848172));
#1377 = CARTESIAN_POINT('',(-2.667836630814,-19.67606415151,
    12.12819066644));
#1378 = CARTESIAN_POINT('',(-2.631618466411,-19.6498903844,
    12.170930253306));
#1379 = CARTESIAN_POINT('',(-2.59597571946,-19.6229096158,
    12.213664114554));
#1380 = CARTESIAN_POINT('',(-2.560913835403,-19.59512321015,
    12.256385166375));
#1381 = CARTESIAN_POINT('',(-2.526438237546,-19.56653005553,
    12.299085659756));
#1382 = CARTESIAN_POINT('',(-2.459133423858,-19.50812419594,
    12.383845452927));
#1383 = CARTESIAN_POINT('',(-2.426288532338,-19.47833388702,
    12.4259050657));
#1384 = CARTESIAN_POINT('',(-2.394024615967,-19.44775100345,
    12.46792798295));
#1385 = CARTESIAN_POINT('',(-2.362347069733,-19.41636920656,
    12.509905039631));
#1386 = CARTESIAN_POINT('',(-2.331261710214,-19.38417918839,
    12.551825619489));
#1387 = CARTESIAN_POINT('',(-2.300774770605,-19.3511677444,
    12.593677408661));
#1388 = CARTESIAN_POINT('',(-2.270892895728,-19.31731684617,
    12.635446149267));
#1389 = CARTESIAN_POINT('',(-2.21353614975,-19.24929135688,
    12.717100810484));
#1390 = CARTESIAN_POINT('',(-2.186013876656,-19.21518625077,
    12.756993072067));
#1391 = CARTESIAN_POINT('',(-2.159061765017,-19.18026546879,
    12.796778646112));
#1392 = CARTESIAN_POINT('',(-2.132686934346,-19.14450257985,
    12.836440240667));
#1393 = CARTESIAN_POINT('',(-2.106897990908,-19.10786612472,
    12.875956598609));
#1394 = CARTESIAN_POINT('',(-2.081704992145,-19.07031771181,
    12.915301886007));
#1395 = CARTESIAN_POINT('',(-2.057119561051,-19.03180873264,
    12.954444673733));
#1396 = CARTESIAN_POINT('',(-2.011079998266,-18.9558592881,
    13.029181485414));
#1397 = CARTESIAN_POINT('',(-1.989535126122,-18.91857920591,
    13.064806599641));
#1398 = CARTESIAN_POINT('',(-1.968528243531,-18.88038260442,
    13.100196063566));
#1399 = CARTESIAN_POINT('',(-1.948072375589,-18.84120938358,
    13.135312761211));
#1400 = CARTESIAN_POINT('',(-1.928185137159,-18.8009919441,
    13.170108065444));
#1401 = CARTESIAN_POINT('',(-1.908888711417,-18.75965050033,
    13.204519966149));
#1402 = CARTESIAN_POINT('',(-1.890210532788,-18.7170839511,
    13.238469513153));
#1403 = CARTESIAN_POINT('',(-1.851040015515,-18.62162838819,
    13.311018028317));
#1404 = CARTESIAN_POINT('',(-1.830843983436,-18.56835232594,
    13.349310546841));
#1405 = CARTESIAN_POINT('',(-1.811591827164,-18.51299238977,
    13.386673084006));
#1406 = CARTESIAN_POINT('',(-1.793351344933,-18.455248949,
    13.422905365207));
#1407 = CARTESIAN_POINT('',(-1.776258534866,-18.39483440872,
    13.457648715445));
#1408 = CARTESIAN_POINT('',(-1.760502620608,-18.3314679357,
    13.490385357415));
#1409 = CARTESIAN_POINT('',(-1.746326508332,-18.26482843445,
    13.520417678901));
#1410 = CARTESIAN_POINT('',(-1.726279626583,-18.14965537767,
    13.563548028122));
#1411 = CARTESIAN_POINT('',(-1.719263756536,-18.10336923863,
    13.578831253537));
#1412 = CARTESIAN_POINT('',(-1.713134063841,-18.05556035765,
    13.592338035611));
#1413 = CARTESIAN_POINT('',(-1.708019792928,-18.00631484524,
    13.603721667119));
#1414 = CARTESIAN_POINT('',(-1.704052056811,-17.95579896691,
    13.612619137701));
#1415 = CARTESIAN_POINT('',(-1.70135072677,-17.90427432977,
    13.618699217026));
#1416 = CARTESIAN_POINT('',(-1.7,-17.8521373896,13.621739130435));
#1417 = CARTESIAN_POINT('',(-1.7,-17.76358448079,13.621739130435));
#1418 = CARTESIAN_POINT('',(-1.700658968291,-17.7271849014,
    13.62025611206));
#1419 = CARTESIAN_POINT('',(-1.701975726541,-17.69099359244,
    13.617292382877));
#1420 = CARTESIAN_POINT('',(-1.703931073216,-17.65516084095,
    13.612899274139));
#1421 = CARTESIAN_POINT('',(-1.706493763927,-17.61980619202,
    13.607161903739));
#1422 = CARTESIAN_POINT('',(-1.709624953672,-17.5850267407,
    13.600186889423));
#1423 = CARTESIAN_POINT('',(-1.713281100966,-17.55090241421,
    13.592093012275));
#1424 = CARTESIAN_POINT('',(-1.720216406204,-17.49486587257,
    13.576847302477));
#1425 = CARTESIAN_POINT('',(-1.723238619159,-17.47255079404,
    13.570229650488));
#1426 = CARTESIAN_POINT('',(-1.726469418785,-17.45056105094,
    13.563186355179));
#1427 = CARTESIAN_POINT('',(-1.729896630321,-17.42890054309,
    13.555750824655));
#1428 = CARTESIAN_POINT('',(-1.733508690448,-17.40756943656,
    13.547954810948));
#1429 = CARTESIAN_POINT('',(-1.737294879559,-17.38656457244,
    13.539827826548));
#1430 = CARTESIAN_POINT('',(-1.741245554023,-17.36587987548,
    13.531396560916));
#1431 = CARTESIAN_POINT('',(-1.752291894482,-17.31108124878,
    13.507962729043));
#1432 = CARTESIAN_POINT('',(-1.759674998682,-17.27755579938,
    13.492443606548));
#1433 = CARTESIAN_POINT('',(-1.767462365993,-17.24488166581,
    13.476237898612));
#1434 = CARTESIAN_POINT('',(-1.775619851875,-17.21301333696,
    13.459440972405));
#1435 = CARTESIAN_POINT('',(-1.784118515411,-17.18190700198,
    13.442133271595));
#1436 = CARTESIAN_POINT('',(-1.792934642411,-17.15151901289,
    13.424380994763));
#1437 = CARTESIAN_POINT('',(-1.802049768512,-17.1218043472,
    13.406236773813));
#1438 = CARTESIAN_POINT('',(-1.841962509966,-16.99830249011,
    13.327708097371));
#1439 = CARTESIAN_POINT('',(-1.87540814715,-16.91071744115,
    13.264117844364));
#1440 = CARTESIAN_POINT('',(-1.911356349392,-16.82817000268,
    13.198276808246));
#1441 = CARTESIAN_POINT('',(-1.949574015738,-16.75002635374,
    13.13087333401));
#1442 = CARTESIAN_POINT('',(-1.989855086379,-16.67567985397,
    13.062433169602));
#1443 = CARTESIAN_POINT('',(-2.032087867458,-16.60475974237,
    12.993231238604));
#1444 = CARTESIAN_POINT('',(-2.076227729713,-16.53687912216,
    12.923409757172));
#1445 = CARTESIAN_POINT('',(-2.190897734648,-16.37478322729,
    12.74817656036));
#1446 = CARTESIAN_POINT('',(-2.263589419233,-16.28415225063,
    12.642331250423));
#1447 = CARTESIAN_POINT('',(-2.34026889516,-16.19903509715,
    12.535817484326));
#1448 = CARTESIAN_POINT('',(-2.420822010813,-16.11913940466,
    12.428889136188));
#1449 = CARTESIAN_POINT('',(-2.50514353954,-16.04432980725,
    12.321731087104));
#1450 = CARTESIAN_POINT('',(-2.593139769337,-15.9745513825,
    12.21447915338));
#1451 = CARTESIAN_POINT('',(-2.684738075437,-15.90984515175,
    12.107218489002));
#1452 = CARTESIAN_POINT('',(-2.779888946281,-15.85030027527,12.));
#1453 = PCURVE('',#916,#1454);
#1454 = DEFINITIONAL_REPRESENTATION('',(#1455),#1569);
#1455 = B_SPLINE_CURVE_WITH_KNOTS('',3,(#1456,#1457,#1458,#1459,#1460,
    #1461,#1462,#1463,#1464,#1465,#1466,#1467,#1468,#1469,#1470,#1471,
    #1472,#1473,#1474,#1475,#1476,#1477,#1478,#1479,#1480,#1481,#1482,
    #1483,#1484,#1485,#1486,#1487,#1488,#1489,#1490,#1491,#1492,#1493,
    #1494,#1495,#1496,#1497,#1498,#1499,#1500,#1501,#1502,#1503,#1504,
    #1505,#1506,#1507,#1508,#1509,#1510,#1511,#1512,#1513,#1514,#1515,
    #1516,#1517,#1518,#1519,#1520,#1521,#1522,#1523,#1524,#1525,#1526,
    #1527,#1528,#1529,#1530,#1531,#1532,#1533,#1534,#1535,#1536,#1537,
    #1538,#1539,#1540,#1541,#1542,#1543,#1544,#1545,#1546,#1547,#1548,
    #1549,#1550,#1551,#1552,#1553,#1554,#1555,#1556,#1557,#1558,#1559,
    #1560,#1561,#1562,#1563,#1564,#1565,#1566,#1567,#1568),
  .UNSPECIFIED.,.F.,.F.,(4,1,1,1,1,1,1,1,1,1,1,1,1,1,1,1,1,1,1,1,1,1,1,1
    ,1,1,1,1,1,1,1,1,1,1,1,1,1,1,1,1,1,1,1,1,1,1,1,1,1,1,1,1,1,1,1,1,1,1
    ,1,1,1,1,1,1,1,1,1,1,1,1,1,1,1,1,1,1,1,1,1,1,1,1,1,1,1,1,1,1,1,1,1,1
    ,1,1,1,1,1,1,1,1,1,1,1,1,1,1,1,1,1,1,4),(0.,1.817917846712E-02,
    3.635835693423E-02,5.453753540135E-02,7.271671386846E-02,
    9.089589233558E-02,0.109075070803,0.12725424927,0.145433427737,
    0.163612606204,0.181791784671,0.199970963138,0.218150141605,
    0.236329320073,0.25450849854,0.272687677007,0.290866855474,
    0.309046033941,0.327225212408,0.345404390875,0.363583569342,
    0.381762747809,0.399941926277,0.418121104744,0.436300283211,
    0.454479461678,0.472658640145,0.490837818612,0.509016997079,
    0.527196175546,0.545375354013,0.563554532481,0.581733710948,
    0.599912889415,0.618092067882,0.636271246349,0.654450424816,
    0.672629603283,0.69080878175,0.708987960218,0.727167138685,
    0.745346317152,0.763525495619,0.781704674086,0.799883852553,
    0.81806303102,0.836242209487,0.854421387954,0.872600566422,
    0.890779744889,0.908958923356,0.927138101823,0.94531728029,
    0.963496458757,0.981675637224,0.999854815691,1.018033994158,
    1.036213172626,1.054392351093,1.07257152956,1.090750708027,
    1.108929886494,1.127109064961,1.145288243428,1.163467421895,
    1.181646600363,1.19982577883,1.218004957297,1.236184135764,
    1.254363314231,1.272542492698,1.290721671165,1.308900849632,
    1.327080028099,1.345259206567,1.363438385034,1.381617563501,
    1.399796741968,1.417975920435,1.436155098902,1.454334277369,
    1.472513455836,1.490692634303,1.508871812771,1.527050991238,
    1.545230169705,1.563409348172,1.581588526639,1.599767705106,
    1.617946883573,1.63612606204,1.654305240508,1.672484418975,
    1.690663597442,1.708842775909,1.727021954376,1.745201132843,
    1.76338031131,1.781559489777,1.799738668244,1.817917846712,
    1.836097025179,1.854276203646,1.872455382113,1.89063456058,
    1.908813739047,1.926992917514,1.945172095981,1.963351274448,
    1.981530452916,1.999709631383),.QUASI_UNIFORM_KNOTS.);
#1456 = CARTESIAN_POINT('',(-3.753230018236,-1.E-01));
#1457 = CARTESIAN_POINT('',(-3.753413407471,-0.111343179135));
#1458 = CARTESIAN_POINT('',(-3.753729912319,-0.134031836467));
#1459 = CARTESIAN_POINT('',(-3.754048911166,-0.168069759802));
#1460 = CARTESIAN_POINT('',(-3.7542073254,-0.202110693816));
#1461 = CARTESIAN_POINT('',(-3.754199939041,-0.236152595691));
#1462 = CARTESIAN_POINT('',(-3.754021255061,-0.270193343157));
#1463 = CARTESIAN_POINT('',(-3.753665439065,-0.304230720771));
#1464 = CARTESIAN_POINT('',(-3.753126305555,-0.33826241716));
#1465 = CARTESIAN_POINT('',(-3.752397290532,-0.372286023618));
#1466 = CARTESIAN_POINT('',(-3.751471427209,-0.406299010482));
#1467 = CARTESIAN_POINT('',(-3.750341313302,-0.440298784552));
#1468 = CARTESIAN_POINT('',(-3.748999098525,-0.47428243732));
#1469 = CARTESIAN_POINT('',(-3.747436412898,-0.508246939318));
#1470 = CARTESIAN_POINT('',(-3.745644343444,-0.542189272436));
#1471 = CARTESIAN_POINT('',(-3.743613408752,-0.576106097055));
#1472 = CARTESIAN_POINT('',(-3.741333501756,-0.609993828593));
#1473 = CARTESIAN_POINT('',(-3.73879383645,-0.64384860331));
#1474 = CARTESIAN_POINT('',(-3.735982889396,-0.677666263913));
#1475 = CARTESIAN_POINT('',(-3.732888335387,-0.711442359329));
#1476 = CARTESIAN_POINT('',(-3.729496987361,-0.745172048348));
#1477 = CARTESIAN_POINT('',(-3.725794699059,-0.778850351388));
#1478 = CARTESIAN_POINT('',(-3.721766385353,-0.812471073607));
#1479 = CARTESIAN_POINT('',(-3.717395786842,-0.846028028985));
#1480 = CARTESIAN_POINT('',(-3.712665371009,-0.879514821079));
#1481 = CARTESIAN_POINT('',(-3.707556298355,-0.912924065395));
#1482 = CARTESIAN_POINT('',(-3.702048280197,-0.946247536097));
#1483 = CARTESIAN_POINT('',(-3.696119437883,-0.9794760578));
#1484 = CARTESIAN_POINT('',(-3.689746133807,-1.012599450842));
#1485 = CARTESIAN_POINT('',(-3.682902771651,-1.045606463151));
#1486 = CARTESIAN_POINT('',(-3.675561593948,-1.078484632803));
#1487 = CARTESIAN_POINT('',(-3.667692354852,-1.111220354047));
#1488 = CARTESIAN_POINT('',(-3.659263081691,-1.143794899659));
#1489 = CARTESIAN_POINT('',(-3.650237640952,-1.17619274505));
#1490 = CARTESIAN_POINT('',(-3.640577034749,-1.208394008455));
#1491 = CARTESIAN_POINT('',(-3.630238837545,-1.240375545274));
#1492 = CARTESIAN_POINT('',(-3.61917692047,-1.272110236326));
#1493 = CARTESIAN_POINT('',(-3.607340745297,-1.303567198194));
#1494 = CARTESIAN_POINT('',(-3.594675483828,-1.334709754395));
#1495 = CARTESIAN_POINT('',(-3.581118621289,-1.365500983745));
#1496 = CARTESIAN_POINT('',(-3.566609126827,-1.395880619978));
#1497 = CARTESIAN_POINT('',(-3.551088647732,-1.425768722838));
#1498 = CARTESIAN_POINT('',(-3.534463865546,-1.455131530637));
#1499 = CARTESIAN_POINT('',(-3.516645137928,-1.483896150686));
#1500 = CARTESIAN_POINT('',(-3.497537572492,-1.511970685141));
#1501 = CARTESIAN_POINT('',(-3.477044250978,-1.539237852443));
#1502 = CARTESIAN_POINT('',(-3.455066276447,-1.565555573776));
#1503 = CARTESIAN_POINT('',(-3.431504122483,-1.590755124434));
#1504 = CARTESIAN_POINT('',(-3.406257368571,-1.61464037573));
#1505 = CARTESIAN_POINT('',(-3.379229696339,-1.636982675069));
#1506 = CARTESIAN_POINT('',(-3.350314313514,-1.657528720747));
#1507 = CARTESIAN_POINT('',(-3.319461284436,-1.675950101262));
#1508 = CARTESIAN_POINT('',(-3.286748294801,-1.691840947654));
#1509 = CARTESIAN_POINT('',(-3.252327031307,-1.704793962312));
#1510 = CARTESIAN_POINT('',(-3.216450018109,-1.714416665697));
#1511 = CARTESIAN_POINT('',(-3.179481015893,-1.720369680103));
#1512 = CARTESIAN_POINT('',(-3.141891842684,-1.72240764233));
#1513 = CARTESIAN_POINT('',(-3.104308876929,-1.720433768499));
#1514 = CARTESIAN_POINT('',(-3.067337003775,-1.714545049884));
#1515 = CARTESIAN_POINT('',(-3.031444986487,-1.7049825439));
#1516 = CARTESIAN_POINT('',(-2.997005373832,-1.692084519174));
#1517 = CARTESIAN_POINT('',(-2.964309780822,-1.676264572053));
#1518 = CARTESIAN_POINT('',(-2.933466112578,-1.657916420724));
#1519 = CARTESIAN_POINT('',(-2.904506454352,-1.637406632307));
#1520 = CARTESIAN_POINT('',(-2.877404438091,-1.615063790351));
#1521 = CARTESIAN_POINT('',(-2.852095060041,-1.591172980715));
#1522 = CARTESIAN_POINT('',(-2.828481066556,-1.565966444566));
#1523 = CARTESIAN_POINT('',(-2.806461356914,-1.539642962559));
#1524 = CARTESIAN_POINT('',(-2.785933139611,-1.51237068101));
#1525 = CARTESIAN_POINT('',(-2.766787749983,-1.484278470534));
#1526 = CARTESIAN_POINT('',(-2.748936785161,-1.455496011467));
#1527 = CARTESIAN_POINT('',(-2.732284725389,-1.426116419535));
#1528 = CARTESIAN_POINT('',(-2.716739713601,-1.396209292984));
#1529 = CARTESIAN_POINT('',(-2.702221751304,-1.365838831018));
#1530 = CARTESIAN_POINT('',(-2.688658369122,-1.335060651444));
#1531 = CARTESIAN_POINT('',(-2.675984106304,-1.303923926165));
#1532 = CARTESIAN_POINT('',(-2.664139333743,-1.272471802911));
#1533 = CARTESIAN_POINT('',(-2.653069537502,-1.240742072317));
#1534 = CARTESIAN_POINT('',(-2.642724695443,-1.20876760989));
#1535 = CARTESIAN_POINT('',(-2.633058790011,-1.176576760496));
#1536 = CARTESIAN_POINT('',(-2.624029400962,-1.144193642504));
#1537 = CARTESIAN_POINT('',(-2.615597364896,-1.111638421958));
#1538 = CARTESIAN_POINT('',(-2.607726468367,-1.078927467411));
#1539 = CARTESIAN_POINT('',(-2.600383226636,-1.046073754764));
#1540 = CARTESIAN_POINT('',(-2.593536522044,-1.013086177312));
#1541 = CARTESIAN_POINT('',(-2.587157941147,-0.979972801014));
#1542 = CARTESIAN_POINT('',(-2.581219700578,-0.946729271386));
#1543 = CARTESIAN_POINT('',(-2.575702355868,-0.913385738204));
#1544 = CARTESIAN_POINT('',(-2.570585183313,-0.879959124385));
#1545 = CARTESIAN_POINT('',(-2.565847323446,-0.84645457925));
#1546 = CARTESIAN_POINT('',(-2.561469927954,-0.812879718965));
#1547 = CARTESIAN_POINT('',(-2.557435398662,-0.779240875526));
#1548 = CARTESIAN_POINT('',(-2.553727425416,-0.745544156697));
#1549 = CARTESIAN_POINT('',(-2.550330827705,-0.711795208725));
#1550 = CARTESIAN_POINT('',(-2.547231464913,-0.677999319919));
#1551 = CARTESIAN_POINT('',(-2.544416142587,-0.644161427367));
#1552 = CARTESIAN_POINT('',(-2.541872532661,-0.610286145036));
#1553 = CARTESIAN_POINT('',(-2.53958910144,-0.576377782397));
#1554 = CARTESIAN_POINT('',(-2.537555045746,-0.542440362475));
#1555 = CARTESIAN_POINT('',(-2.535760235939,-0.508477637488));
#1556 = CARTESIAN_POINT('',(-2.534195165108,-0.474493102971));
#1557 = CARTESIAN_POINT('',(-2.532850903657,-0.440490010485));
#1558 = CARTESIAN_POINT('',(-2.5317190586,-0.406471379127));
#1559 = CARTESIAN_POINT('',(-2.530791736959,-0.372440005978));
#1560 = CARTESIAN_POINT('',(-2.530061512667,-0.338398475579));
#1561 = CARTESIAN_POINT('',(-2.529521396543,-0.304349168474));
#1562 = CARTESIAN_POINT('',(-2.529164808561,-0.270294269006));
#1563 = CARTESIAN_POINT('',(-2.528985553086,-0.236235771741));
#1564 = CARTESIAN_POINT('',(-2.528977792569,-0.202175488958));
#1565 = CARTESIAN_POINT('',(-2.529136034619,-0.168115049972));
#1566 = CARTESIAN_POINT('',(-2.529455075117,-0.134055926747));
#1567 = CARTESIAN_POINT('',(-2.529771764835,-0.111351546905));
#1568 = CARTESIAN_POINT('',(-2.529955288943,-1.E-01));
#1569 = ( GEOMETRIC_REPRESENTATION_CONTEXT(2) 
PARAMETRIC_REPRESENTATION_CONTEXT() REPRESENTATION_CONTEXT('2D SPACE',''
  ) );
#1570 = PCURVE('',#890,#1571);
#1571 = DEFINITIONAL_REPRESENTATION('',(#1572),#1686);
#1572 = B_SPLINE_CURVE_WITH_KNOTS('',3,(#1573,#1574,#1575,#1576,#1577,
    #1578,#1579,#1580,#1581,#1582,#1583,#1584,#1585,#1586,#1587,#1588,
    #1589,#1590,#1591,#1592,#1593,#1594,#1595,#1596,#1597,#1598,#1599,
    #1600,#1601,#1602,#1603,#1604,#1605,#1606,#1607,#1608,#1609,#1610,
    #1611,#1612,#1613,#1614,#1615,#1616,#1617,#1618,#1619,#1620,#1621,
    #1622,#1623,#1624,#1625,#1626,#1627,#1628,#1629,#1630,#1631,#1632,
    #1633,#1634,#1635,#1636,#1637,#1638,#1639,#1640,#1641,#1642,#1643,
    #1644,#1645,#1646,#1647,#1648,#1649,#1650,#1651,#1652,#1653,#1654,
    #1655,#1656,#1657,#1658,#1659,#1660,#1661,#1662,#1663,#1664,#1665,
    #1666,#1667,#1668,#1669,#1670,#1671,#1672,#1673,#1674,#1675,#1676,
    #1677,#1678,#1679,#1680,#1681,#1682,#1683,#1684,#1685),
  .UNSPECIFIED.,.F.,.F.,(4,1,1,1,1,1,1,1,1,1,1,1,1,1,1,1,1,1,1,1,1,1,1,1
    ,1,1,1,1,1,1,1,1,1,1,1,1,1,1,1,1,1,1,1,1,1,1,1,1,1,1,1,1,1,1,1,1,1,1
    ,1,1,1,1,1,1,1,1,1,1,1,1,1,1,1,1,1,1,1,1,1,1,1,1,1,1,1,1,1,1,1,1,1,1
    ,1,1,1,1,1,1,1,1,1,1,1,1,1,1,1,1,1,1,4),(0.,1.817917846712E-02,
    3.635835693423E-02,5.453753540135E-02,7.271671386846E-02,
    9.089589233558E-02,0.109075070803,0.12725424927,0.145433427737,
    0.163612606204,0.181791784671,0.199970963138,0.218150141605,
    0.236329320073,0.25450849854,0.272687677007,0.290866855474,
    0.309046033941,0.327225212408,0.345404390875,0.363583569342,
    0.381762747809,0.399941926277,0.418121104744,0.436300283211,
    0.454479461678,0.472658640145,0.490837818612,0.509016997079,
    0.527196175546,0.545375354013,0.563554532481,0.581733710948,
    0.599912889415,0.618092067882,0.636271246349,0.654450424816,
    0.672629603283,0.69080878175,0.708987960218,0.727167138685,
    0.745346317152,0.763525495619,0.781704674086,0.799883852553,
    0.81806303102,0.836242209487,0.854421387954,0.872600566422,
    0.890779744889,0.908958923356,0.927138101823,0.94531728029,
    0.963496458757,0.981675637224,0.999854815691,1.018033994158,
    1.036213172626,1.054392351093,1.07257152956,1.090750708027,
    1.108929886494,1.127109064961,1.145288243428,1.163467421895,
    1.181646600363,1.19982577883,1.218004957297,1.236184135764,
    1.254363314231,1.272542492698,1.290721671165,1.308900849632,
    1.327080028099,1.345259206567,1.363438385034,1.381617563501,
    1.399796741968,1.417975920435,1.436155098902,1.454334277369,
    1.472513455836,1.490692634303,1.508871812771,1.527050991238,
    1.545230169705,1.563409348172,1.581588526639,1.599767705106,
    1.617946883573,1.63612606204,1.654305240508,1.672484418975,
    1.690663597442,1.708842775909,1.727021954376,1.745201132843,
    1.76338031131,1.781559489777,1.799738668244,1.817917846712,
    1.836097025179,1.854276203646,1.872455382113,1.89063456058,
    1.908813739047,1.926992917514,1.945172095981,1.963351274448,
    1.981530452916,1.999709631383),.QUASI_UNIFORM_KNOTS.);
#1573 = CARTESIAN_POINT('',(-5.271559303074,-12.));
#1574 = CARTESIAN_POINT('',(-5.276722406252,-12.01134317956));
#1575 = CARTESIAN_POINT('',(-5.287045578317,-12.03403183801));
#1576 = CARTESIAN_POINT('',(-5.30252384553,-12.06806976264));
#1577 = CARTESIAN_POINT('',(-5.31799820948,-12.10211069507));
#1578 = CARTESIAN_POINT('',(-5.333471343103,-12.13615259456));
#1579 = CARTESIAN_POINT('',(-5.348945988943,-12.1701933408));
#1580 = CARTESIAN_POINT('',(-5.36442497782,-12.20423071938));
#1581 = CARTESIAN_POINT('',(-5.379911238114,-12.23826241824));
#1582 = CARTESIAN_POINT('',(-5.395407810685,-12.27228602644));
#1583 = CARTESIAN_POINT('',(-5.410917852823,-12.30629901277));
#1584 = CARTESIAN_POINT('',(-5.426444682408,-12.34029878277));
#1585 = CARTESIAN_POINT('',(-5.441991673864,-12.37428244219));
#1586 = CARTESIAN_POINT('',(-5.457562390374,-12.40824694814));
#1587 = CARTESIAN_POINT('',(-5.473160651171,-12.44218927648));
#1588 = CARTESIAN_POINT('',(-5.488790401866,-12.47610609352));
#1589 = CARTESIAN_POINT('',(-5.504455784072,-12.50999382124));
#1590 = CARTESIAN_POINT('',(-5.520161154299,-12.54384859919));
#1591 = CARTESIAN_POINT('',(-5.535911115114,-12.57766626751));
#1592 = CARTESIAN_POINT('',(-5.551710555112,-12.61144236861));
#1593 = CARTESIAN_POINT('',(-5.567564647797,-12.64517205347));
#1594 = CARTESIAN_POINT('',(-5.583479011603,-12.67885035043));
#1595 = CARTESIAN_POINT('',(-5.5994592679,-12.71247107221));
#1596 = CARTESIAN_POINT('',(-5.615511691337,-12.74602802797));
#1597 = CARTESIAN_POINT('',(-5.631643176642,-12.77951482216));
#1598 = CARTESIAN_POINT('',(-5.647860960134,-12.81292406655));
#1599 = CARTESIAN_POINT('',(-5.664172778761,-12.84624753566));
#1600 = CARTESIAN_POINT('',(-5.680586930435,-12.87947605636));
#1601 = CARTESIAN_POINT('',(-5.697112377492,-12.91259945068));
#1602 = CARTESIAN_POINT('',(-5.713758867515,-12.94560646495));
#1603 = CARTESIAN_POINT('',(-5.730537037449,-12.97848463379));
#1604 = CARTESIAN_POINT('',(-5.747458667208,-13.01122035145));
#1605 = CARTESIAN_POINT('',(-5.764534820087,-13.04379489263));
#1606 = CARTESIAN_POINT('',(-5.781780452554,-13.07619274761));
#1607 = CARTESIAN_POINT('',(-5.799210911096,-13.10839401392));
#1608 = CARTESIAN_POINT('',(-5.816842802065,-13.14037554444));
#1609 = CARTESIAN_POINT('',(-5.834694055094,-13.17211023053));
#1610 = CARTESIAN_POINT('',(-5.85278461348,-13.20356719752));
#1611 = CARTESIAN_POINT('',(-5.871135907632,-13.23470976342));
#1612 = CARTESIAN_POINT('',(-5.889775079079,-13.26550098018));
#1613 = CARTESIAN_POINT('',(-5.908721950522,-13.29588062915));
#1614 = CARTESIAN_POINT('',(-5.927990523019,-13.32576872758));
#1615 = CARTESIAN_POINT('',(-5.94763379965,-13.3551315233));
#1616 = CARTESIAN_POINT('',(-5.967692708918,-13.38389614689));
#1617 = CARTESIAN_POINT('',(-5.988209616359,-13.41197069059));
#1618 = CARTESIAN_POINT('',(-6.009225772788,-13.43923785739));
#1619 = CARTESIAN_POINT('',(-6.03078335499,-13.46555556939));
#1620 = CARTESIAN_POINT('',(-6.052926304461,-13.49075511782));
#1621 = CARTESIAN_POINT('',(-6.075703005596,-13.51464038344));
#1622 = CARTESIAN_POINT('',(-6.099164998081,-13.53698267795));
#1623 = CARTESIAN_POINT('',(-6.123382508794,-13.55752872289));
#1624 = CARTESIAN_POINT('',(-6.14839254047,-13.5759501));
#1625 = CARTESIAN_POINT('',(-6.174156056776,-13.59184094664));
#1626 = CARTESIAN_POINT('',(-6.20061342386,-13.60479396533));
#1627 = CARTESIAN_POINT('',(-6.22766804107,-13.61441666204));
#1628 = CARTESIAN_POINT('',(-6.25518020545,-13.62036968322));
#1629 = CARTESIAN_POINT('',(-6.282964417329,-13.62240764087));
#1630 = CARTESIAN_POINT('',(-6.310742541507,-13.62043377123));
#1631 = CARTESIAN_POINT('',(-6.338252349463,-13.61454504841));
#1632 = CARTESIAN_POINT('',(-6.365310976811,-13.60498254438));
#1633 = CARTESIAN_POINT('',(-6.391772934791,-13.59208452098));
#1634 = CARTESIAN_POINT('',(-6.417510896754,-13.57626456179));
#1635 = CARTESIAN_POINT('',(-6.442498340004,-13.55791643225));
#1636 = CARTESIAN_POINT('',(-6.466735960585,-13.53740662071));
#1637 = CARTESIAN_POINT('',(-6.490245742272,-13.51506379416));
#1638 = CARTESIAN_POINT('',(-6.513063070182,-13.49117298579));
#1639 = CARTESIAN_POINT('',(-6.535239539817,-13.46596643852));
#1640 = CARTESIAN_POINT('',(-6.556823525569,-13.43964296151));
#1641 = CARTESIAN_POINT('',(-6.577861348042,-13.41237069034));
#1642 = CARTESIAN_POINT('',(-6.598405473267,-13.38427846447));
#1643 = CARTESIAN_POINT('',(-6.618488261861,-13.35549602932));
#1644 = CARTESIAN_POINT('',(-6.638152081338,-13.32611642681));
#1645 = CARTESIAN_POINT('',(-6.657440395412,-13.29620928481));
#1646 = CARTESIAN_POINT('',(-6.676387943662,-13.26583882024));
#1647 = CARTESIAN_POINT('',(-6.695025160274,-13.23506065009));
#1648 = CARTESIAN_POINT('',(-6.713378397352,-13.20392393451));
#1649 = CARTESIAN_POINT('',(-6.731470967973,-13.17247181219));
#1650 = CARTESIAN_POINT('',(-6.749323730717,-13.14074207379));
#1651 = CARTESIAN_POINT('',(-6.766955613966,-13.10876760229));
#1652 = CARTESIAN_POINT('',(-6.784384018211,-13.07657675082));
#1653 = CARTESIAN_POINT('',(-6.801625152434,-13.04419364006));
#1654 = CARTESIAN_POINT('',(-6.818694305317,-13.01163842992));
#1655 = CARTESIAN_POINT('',(-6.835606114203,-12.97892747823));
#1656 = CARTESIAN_POINT('',(-6.852374662711,-12.94607375567));
#1657 = CARTESIAN_POINT('',(-6.869014068712,-12.91308616257));
#1658 = CARTESIAN_POINT('',(-6.885537101506,-12.87997279182));
#1659 = CARTESIAN_POINT('',(-6.90196099995,-12.84672927124));
#1660 = CARTESIAN_POINT('',(-6.918284657745,-12.81338575134));
#1661 = CARTESIAN_POINT('',(-6.934512637566,-12.77995914906));
#1662 = CARTESIAN_POINT('',(-6.950654210653,-12.74645460099));
#1663 = CARTESIAN_POINT('',(-6.966716528752,-12.71287972895));
#1664 = CARTESIAN_POINT('',(-6.982706550144,-12.67924087148));
#1665 = CARTESIAN_POINT('',(-6.998630610321,-12.6455441424));
#1666 = CARTESIAN_POINT('',(-7.014494614738,-12.61179519103));
#1667 = CARTESIAN_POINT('',(-7.03030405653,-12.57799930582));
#1668 = CARTESIAN_POINT('',(-7.04606407346,-12.54416142169));
#1669 = CARTESIAN_POINT('',(-7.061779487367,-12.51028614926));
#1670 = CARTESIAN_POINT('',(-7.077454841996,-12.4763777946));
#1671 = CARTESIAN_POINT('',(-7.093094435599,-12.44244037826));
#1672 = CARTESIAN_POINT('',(-7.108702349935,-12.40847765146));
#1673 = CARTESIAN_POINT('',(-7.124282475821,-12.37449311041));
#1674 = CARTESIAN_POINT('',(-7.139838535808,-12.34049000882));
#1675 = CARTESIAN_POINT('',(-7.155374104372,-12.30647136876));
#1676 = CARTESIAN_POINT('',(-7.170892626037,-12.27243999036));
#1677 = CARTESIAN_POINT('',(-7.186397431809,-12.23839846032));
#1678 = CARTESIAN_POINT('',(-7.201891754257,-12.20434915967));
#1679 = CARTESIAN_POINT('',(-7.217378741566,-12.17029427107));
#1680 = CARTESIAN_POINT('',(-7.232861470767,-12.13623578531));
#1681 = CARTESIAN_POINT('',(-7.24834296058,-12.10217550952));
#1682 = CARTESIAN_POINT('',(-7.263826183356,-12.06811506896));
#1683 = CARTESIAN_POINT('',(-7.279314078817,-12.03405593405));
#1684 = CARTESIAN_POINT('',(-7.289644399721,-12.0113515481));
#1685 = CARTESIAN_POINT('',(-7.294811311286,-12.));
#1686 = ( GEOMETRIC_REPRESENTATION_CONTEXT(2) 
PARAMETRIC_REPRESENTATION_CONTEXT() REPRESENTATION_CONTEXT('2D SPACE',''
  ) );
#1687 = ORIENTED_EDGE('',*,*,#1688,.T.);
#1688 = EDGE_CURVE('',#1370,#1015,#1689,.T.);
#1689 = SURFACE_CURVE('',#1690,(#1695,#1702),.PCURVE_S1.);
#1690 = CIRCLE('',#1691,3.395454545455);
#1691 = AXIS2_PLACEMENT_3D('',#1692,#1693,#1694);
#1692 = CARTESIAN_POINT('',(0.,-17.8,12.));
#1693 = DIRECTION('',(0.,0.,1.));
#1694 = DIRECTION('',(1.,0.,-0.));
#1695 = PCURVE('',#916,#1696);
#1696 = DEFINITIONAL_REPRESENTATION('',(#1697),#1701);
#1697 = LINE('',#1698,#1699);
#1698 = CARTESIAN_POINT('',(-0.,-1.E-01));
#1699 = VECTOR('',#1700,1.);
#1700 = DIRECTION('',(-1.,-0.));
#1701 = ( GEOMETRIC_REPRESENTATION_CONTEXT(2) 
PARAMETRIC_REPRESENTATION_CONTEXT() REPRESENTATION_CONTEXT('2D SPACE',''
  ) );
#1702 = PCURVE('',#1703,#1708);
#1703 = PLANE('',#1704);
#1704 = AXIS2_PLACEMENT_3D('',#1705,#1706,#1707);
#1705 = CARTESIAN_POINT('',(-7.185235507596E-16,1.631077701904E-15,12.)
  );
#1706 = DIRECTION('',(0.,0.,1.));
#1707 = DIRECTION('',(1.,0.,-0.));
#1708 = DEFINITIONAL_REPRESENTATION('',(#1709),#1713);
#1709 = CIRCLE('',#1710,3.395454545455);
#1710 = AXIS2_PLACEMENT_2D('',#1711,#1712);
#1711 = CARTESIAN_POINT('',(7.185235507596E-16,-17.8));
#1712 = DIRECTION('',(1.,0.));
#1713 = ( GEOMETRIC_REPRESENTATION_CONTEXT(2) 
PARAMETRIC_REPRESENTATION_CONTEXT() REPRESENTATION_CONTEXT('2D SPACE',''
  ) );
#1714 = ADVANCED_FACE('',(#1715),#1081,.F.);
#1715 = FACE_BOUND('',#1716,.F.);
#1716 = EDGE_LOOP('',(#1717,#1718,#1742,#1769));
#1717 = ORIENTED_EDGE('',*,*,#1064,.F.);
#1718 = ORIENTED_EDGE('',*,*,#1719,.F.);
#1719 = EDGE_CURVE('',#1720,#1013,#1722,.T.);
#1720 = VERTEX_POINT('',#1721);
#1721 = CARTESIAN_POINT('',(2.779888946281,-20.25030027527,12.));
#1722 = SURFACE_CURVE('',#1723,(#1728,#1735),.PCURVE_S1.);
#1723 = CIRCLE('',#1724,3.395454545455);
#1724 = AXIS2_PLACEMENT_3D('',#1725,#1726,#1727);
#1725 = CARTESIAN_POINT('',(0.,-22.2,12.));
#1726 = DIRECTION('',(0.,0.,1.));
#1727 = DIRECTION('',(1.,0.,-0.));
#1728 = PCURVE('',#1081,#1729);
#1729 = DEFINITIONAL_REPRESENTATION('',(#1730),#1734);
#1730 = CIRCLE('',#1731,3.395454545455);
#1731 = AXIS2_PLACEMENT_2D('',#1732,#1733);
#1732 = CARTESIAN_POINT('',(7.185235507596E-16,-22.2));
#1733 = DIRECTION('',(1.,0.));
#1734 = ( GEOMETRIC_REPRESENTATION_CONTEXT(2) 
PARAMETRIC_REPRESENTATION_CONTEXT() REPRESENTATION_CONTEXT('2D SPACE',''
  ) );
#1735 = PCURVE('',#825,#1736);
#1736 = DEFINITIONAL_REPRESENTATION('',(#1737),#1741);
#1737 = LINE('',#1738,#1739);
#1738 = CARTESIAN_POINT('',(-0.,-1.E-01));
#1739 = VECTOR('',#1740,1.);
#1740 = DIRECTION('',(-1.,-0.));
#1741 = ( GEOMETRIC_REPRESENTATION_CONTEXT(2) 
PARAMETRIC_REPRESENTATION_CONTEXT() REPRESENTATION_CONTEXT('2D SPACE',''
  ) );
#1742 = ORIENTED_EDGE('',*,*,#1743,.T.);
#1743 = EDGE_CURVE('',#1720,#1744,#1746,.T.);
#1744 = VERTEX_POINT('',#1745);
#1745 = CARTESIAN_POINT('',(3.32917960675,-20.,12.));
#1746 = SURFACE_CURVE('',#1747,(#1752,#1763),.PCURVE_S1.);
#1747 = CIRCLE('',#1748,2.3);
#1748 = AXIS2_PLACEMENT_3D('',#1749,#1750,#1751);
#1749 = CARTESIAN_POINT('',(4.,-22.2,12.));
#1750 = DIRECTION('',(0.,0.,-1.));
#1751 = DIRECTION('',(1.,0.,0.));
#1752 = PCURVE('',#1081,#1753);
#1753 = DEFINITIONAL_REPRESENTATION('',(#1754),#1762);
#1754 = ( BOUNDED_CURVE() B_SPLINE_CURVE(2,(#1755,#1756,#1757,#1758,
#1759,#1760,#1761),.UNSPECIFIED.,.T.,.F.) B_SPLINE_CURVE_WITH_KNOTS((1,2
    ,2,2,2,1),(-2.094395102393,0.,2.094395102393,4.188790204786,
6.28318530718,8.377580409573),.UNSPECIFIED.) CURVE() 
GEOMETRIC_REPRESENTATION_ITEM() RATIONAL_B_SPLINE_CURVE((1.,0.5,1.,0.5,
1.,0.5,1.)) REPRESENTATION_ITEM('') );
#1755 = CARTESIAN_POINT('',(6.3,-22.2));
#1756 = CARTESIAN_POINT('',(6.3,-26.1837168574));
#1757 = CARTESIAN_POINT('',(2.85,-24.1918584287));
#1758 = CARTESIAN_POINT('',(-0.6,-22.2));
#1759 = CARTESIAN_POINT('',(2.85,-20.20814157129));
#1760 = CARTESIAN_POINT('',(6.3,-18.21628314259));
#1761 = CARTESIAN_POINT('',(6.3,-22.2));
#1762 = ( GEOMETRIC_REPRESENTATION_CONTEXT(2) 
PARAMETRIC_REPRESENTATION_CONTEXT() REPRESENTATION_CONTEXT('2D SPACE',''
  ) );
#1763 = PCURVE('',#796,#1764);
#1764 = DEFINITIONAL_REPRESENTATION('',(#1765),#1768);
#1765 = B_SPLINE_CURVE_WITH_KNOTS('',1,(#1766,#1767),.UNSPECIFIED.,.F.,
  .F.,(2,2),(4.153218657696,4.416426058887),.PIECEWISE_BEZIER_KNOTS.);
#1766 = CARTESIAN_POINT('',(-2.129966649484,-12.));
#1767 = CARTESIAN_POINT('',(-1.866759248292,-12.));
#1768 = ( GEOMETRIC_REPRESENTATION_CONTEXT(2) 
PARAMETRIC_REPRESENTATION_CONTEXT() REPRESENTATION_CONTEXT('2D SPACE',''
  ) );
#1769 = ORIENTED_EDGE('',*,*,#1770,.T.);
#1770 = EDGE_CURVE('',#1744,#1065,#1771,.T.);
#1771 = SURFACE_CURVE('',#1772,(#1777,#1788),.PCURVE_S1.);
#1772 = CIRCLE('',#1773,2.3);
#1773 = AXIS2_PLACEMENT_3D('',#1774,#1775,#1776);
#1774 = CARTESIAN_POINT('',(4.,-17.8,12.));
#1775 = DIRECTION('',(0.,0.,-1.));
#1776 = DIRECTION('',(1.,0.,0.));
#1777 = PCURVE('',#1081,#1778);
#1778 = DEFINITIONAL_REPRESENTATION('',(#1779),#1787);
#1779 = ( BOUNDED_CURVE() B_SPLINE_CURVE(2,(#1780,#1781,#1782,#1783,
#1784,#1785,#1786),.UNSPECIFIED.,.T.,.F.) B_SPLINE_CURVE_WITH_KNOTS((1,2
    ,2,2,2,1),(-2.094395102393,0.,2.094395102393,4.188790204786,
6.28318530718,8.377580409573),.UNSPECIFIED.) CURVE() 
GEOMETRIC_REPRESENTATION_ITEM() RATIONAL_B_SPLINE_CURVE((1.,0.5,1.,0.5,
1.,0.5,1.)) REPRESENTATION_ITEM('') );
#1780 = CARTESIAN_POINT('',(6.3,-17.8));
#1781 = CARTESIAN_POINT('',(6.3,-21.7837168574));
#1782 = CARTESIAN_POINT('',(2.85,-19.7918584287));
#1783 = CARTESIAN_POINT('',(-0.6,-17.8));
#1784 = CARTESIAN_POINT('',(2.85,-15.80814157129));
#1785 = CARTESIAN_POINT('',(6.3,-13.81628314259));
#1786 = CARTESIAN_POINT('',(6.3,-17.8));
#1787 = ( GEOMETRIC_REPRESENTATION_CONTEXT(2) 
PARAMETRIC_REPRESENTATION_CONTEXT() REPRESENTATION_CONTEXT('2D SPACE',''
  ) );
#1788 = PCURVE('',#767,#1789);
#1789 = DEFINITIONAL_REPRESENTATION('',(#1790),#1793);
#1790 = B_SPLINE_CURVE_WITH_KNOTS('',1,(#1791,#1792),.UNSPECIFIED.,.F.,
  .F.,(2,2),(1.866759248292,2.129966649484),.PIECEWISE_BEZIER_KNOTS.);
#1791 = CARTESIAN_POINT('',(-10.69961136606,-12.));
#1792 = CARTESIAN_POINT('',(-10.43640396487,-12.));
#1793 = ( GEOMETRIC_REPRESENTATION_CONTEXT(2) 
PARAMETRIC_REPRESENTATION_CONTEXT() REPRESENTATION_CONTEXT('2D SPACE',''
  ) );
#1794 = ADVANCED_FACE('',(#1795),#1253,.F.);
#1795 = FACE_BOUND('',#1796,.T.);
#1796 = EDGE_LOOP('',(#1797,#1798,#1821,#1852));
#1797 = ORIENTED_EDGE('',*,*,#1238,.F.);
#1798 = ORIENTED_EDGE('',*,*,#1799,.T.);
#1799 = EDGE_CURVE('',#1219,#1800,#1802,.T.);
#1800 = VERTEX_POINT('',#1801);
#1801 = CARTESIAN_POINT('',(1.2,-17.8,18.));
#1802 = SEAM_CURVE('',#1803,(#1807,#1814),.PCURVE_S1.);
#1803 = LINE('',#1804,#1805);
#1804 = CARTESIAN_POINT('',(1.2,-17.8,0.));
#1805 = VECTOR('',#1806,1.);
#1806 = DIRECTION('',(0.,0.,1.));
#1807 = PCURVE('',#1253,#1808);
#1808 = DEFINITIONAL_REPRESENTATION('',(#1809),#1813);
#1809 = LINE('',#1810,#1811);
#1810 = CARTESIAN_POINT('',(-6.28318530718,0.));
#1811 = VECTOR('',#1812,1.);
#1812 = DIRECTION('',(-0.,-1.));
#1813 = ( GEOMETRIC_REPRESENTATION_CONTEXT(2) 
PARAMETRIC_REPRESENTATION_CONTEXT() REPRESENTATION_CONTEXT('2D SPACE',''
  ) );
#1814 = PCURVE('',#1253,#1815);
#1815 = DEFINITIONAL_REPRESENTATION('',(#1816),#1820);
#1816 = LINE('',#1817,#1818);
#1817 = CARTESIAN_POINT('',(-0.,0.));
#1818 = VECTOR('',#1819,1.);
#1819 = DIRECTION('',(-0.,-1.));
#1820 = ( GEOMETRIC_REPRESENTATION_CONTEXT(2) 
PARAMETRIC_REPRESENTATION_CONTEXT() REPRESENTATION_CONTEXT('2D SPACE',''
  ) );
#1821 = ORIENTED_EDGE('',*,*,#1822,.F.);
#1822 = EDGE_CURVE('',#1800,#1800,#1823,.T.);
#1823 = SURFACE_CURVE('',#1824,(#1829,#1836),.PCURVE_S1.);
#1824 = CIRCLE('',#1825,1.2);
#1825 = AXIS2_PLACEMENT_3D('',#1826,#1827,#1828);
#1826 = CARTESIAN_POINT('',(0.,-17.8,18.));
#1827 = DIRECTION('',(0.,0.,-1.));
#1828 = DIRECTION('',(1.,0.,0.));
#1829 = PCURVE('',#1253,#1830);
#1830 = DEFINITIONAL_REPRESENTATION('',(#1831),#1835);
#1831 = LINE('',#1832,#1833);
#1832 = CARTESIAN_POINT('',(-6.28318530718,-18.));
#1833 = VECTOR('',#1834,1.);
#1834 = DIRECTION('',(1.,-0.));
#1835 = ( GEOMETRIC_REPRESENTATION_CONTEXT(2) 
PARAMETRIC_REPRESENTATION_CONTEXT() REPRESENTATION_CONTEXT('2D SPACE',''
  ) );
#1836 = PCURVE('',#1837,#1842);
#1837 = PLANE('',#1838);
#1838 = AXIS2_PLACEMENT_3D('',#1839,#1840,#1841);
#1839 = CARTESIAN_POINT('',(-5.033521960268E-16,-20.,18.));
#1840 = DIRECTION('',(0.,0.,1.));
#1841 = DIRECTION('',(1.,0.,-0.));
#1842 = DEFINITIONAL_REPRESENTATION('',(#1843),#1851);
#1843 = ( BOUNDED_CURVE() B_SPLINE_CURVE(2,(#1844,#1845,#1846,#1847,
#1848,#1849,#1850),.UNSPECIFIED.,.T.,.F.) B_SPLINE_CURVE_WITH_KNOTS((1,2
    ,2,2,2,1),(-2.094395102393,0.,2.094395102393,4.188790204786,
6.28318530718,8.377580409573),.UNSPECIFIED.) CURVE() 
GEOMETRIC_REPRESENTATION_ITEM() RATIONAL_B_SPLINE_CURVE((1.,0.5,1.,0.5,
1.,0.5,1.)) REPRESENTATION_ITEM('') );
#1844 = CARTESIAN_POINT('',(1.2,2.2));
#1845 = CARTESIAN_POINT('',(1.2,0.121539030917));
#1846 = CARTESIAN_POINT('',(-0.6,1.160769515459));
#1847 = CARTESIAN_POINT('',(-2.4,2.2));
#1848 = CARTESIAN_POINT('',(-0.6,3.239230484541));
#1849 = CARTESIAN_POINT('',(1.2,4.278460969083));
#1850 = CARTESIAN_POINT('',(1.2,2.2));
#1851 = ( GEOMETRIC_REPRESENTATION_CONTEXT(2) 
PARAMETRIC_REPRESENTATION_CONTEXT() REPRESENTATION_CONTEXT('2D SPACE',''
  ) );
#1852 = ORIENTED_EDGE('',*,*,#1799,.F.);
#1853 = ADVANCED_FACE('',(#1854,#1880,#1930,#1965,#1968),#1837,.T.);
#1854 = FACE_BOUND('',#1855,.T.);
#1855 = EDGE_LOOP('',(#1856));
#1856 = ORIENTED_EDGE('',*,*,#1857,.T.);
#1857 = EDGE_CURVE('',#1858,#1858,#1860,.T.);
#1858 = VERTEX_POINT('',#1859);
#1859 = CARTESIAN_POINT('',(8.15,-20.,18.));
#1860 = SURFACE_CURVE('',#1861,(#1866,#1873),.PCURVE_S1.);
#1861 = CIRCLE('',#1862,8.15);
#1862 = AXIS2_PLACEMENT_3D('',#1863,#1864,#1865);
#1863 = CARTESIAN_POINT('',(0.,-20.,18.));
#1864 = DIRECTION('',(0.,0.,1.));
#1865 = DIRECTION('',(1.,0.,0.));
#1866 = PCURVE('',#1837,#1867);
#1867 = DEFINITIONAL_REPRESENTATION('',(#1868),#1872);
#1868 = CIRCLE('',#1869,8.15);
#1869 = AXIS2_PLACEMENT_2D('',#1870,#1871);
#1870 = CARTESIAN_POINT('',(5.033521960268E-16,0.));
#1871 = DIRECTION('',(1.,0.));
#1872 = ( GEOMETRIC_REPRESENTATION_CONTEXT(2) 
PARAMETRIC_REPRESENTATION_CONTEXT() REPRESENTATION_CONTEXT('2D SPACE',''
  ) );
#1873 = PCURVE('',#525,#1874);
#1874 = DEFINITIONAL_REPRESENTATION('',(#1875),#1879);
#1875 = LINE('',#1876,#1877);
#1876 = CARTESIAN_POINT('',(-0.,0.));
#1877 = VECTOR('',#1878,1.);
#1878 = DIRECTION('',(-1.,0.));
#1879 = ( GEOMETRIC_REPRESENTATION_CONTEXT(2) 
PARAMETRIC_REPRESENTATION_CONTEXT() REPRESENTATION_CONTEXT('2D SPACE',''
  ) );
#1880 = FACE_BOUND('',#1881,.T.);
#1881 = EDGE_LOOP('',(#1882,#1908));
#1882 = ORIENTED_EDGE('',*,*,#1883,.F.);
#1883 = EDGE_CURVE('',#1884,#1886,#1888,.T.);
#1884 = VERTEX_POINT('',#1885);
#1885 = CARTESIAN_POINT('',(-4.67082039325,-20.,18.));
#1886 = VERTEX_POINT('',#1887);
#1887 = CARTESIAN_POINT('',(-3.32917960675,-20.,18.));
#1888 = SURFACE_CURVE('',#1889,(#1894,#1901),.PCURVE_S1.);
#1889 = CIRCLE('',#1890,2.3);
#1890 = AXIS2_PLACEMENT_3D('',#1891,#1892,#1893);
#1891 = CARTESIAN_POINT('',(-4.,-22.2,18.));
#1892 = DIRECTION('',(0.,0.,1.));
#1893 = DIRECTION('',(-0.291661040543,0.95652173913,0.));
#1894 = PCURVE('',#1837,#1895);
#1895 = DEFINITIONAL_REPRESENTATION('',(#1896),#1900);
#1896 = CIRCLE('',#1897,2.3);
#1897 = AXIS2_PLACEMENT_2D('',#1898,#1899);
#1898 = CARTESIAN_POINT('',(-4.,-2.2));
#1899 = DIRECTION('',(-0.291661040543,0.95652173913));
#1900 = ( GEOMETRIC_REPRESENTATION_CONTEXT(2) 
PARAMETRIC_REPRESENTATION_CONTEXT() REPRESENTATION_CONTEXT('2D SPACE',''
  ) );
#1901 = PCURVE('',#858,#1902);
#1902 = DEFINITIONAL_REPRESENTATION('',(#1903),#1907);
#1903 = LINE('',#1904,#1905);
#1904 = CARTESIAN_POINT('',(-1.866759248292,-18.));
#1905 = VECTOR('',#1906,1.);
#1906 = DIRECTION('',(-1.,-0.));
#1907 = ( GEOMETRIC_REPRESENTATION_CONTEXT(2) 
PARAMETRIC_REPRESENTATION_CONTEXT() REPRESENTATION_CONTEXT('2D SPACE',''
  ) );
#1908 = ORIENTED_EDGE('',*,*,#1909,.F.);
#1909 = EDGE_CURVE('',#1886,#1884,#1910,.T.);
#1910 = SURFACE_CURVE('',#1911,(#1916,#1923),.PCURVE_S1.);
#1911 = CIRCLE('',#1912,2.3);
#1912 = AXIS2_PLACEMENT_3D('',#1913,#1914,#1915);
#1913 = CARTESIAN_POINT('',(-4.,-17.8,18.));
#1914 = DIRECTION('',(-0.,0.,1.));
#1915 = DIRECTION('',(0.291661040543,-0.95652173913,0.));
#1916 = PCURVE('',#1837,#1917);
#1917 = DEFINITIONAL_REPRESENTATION('',(#1918),#1922);
#1918 = CIRCLE('',#1919,2.3);
#1919 = AXIS2_PLACEMENT_2D('',#1920,#1921);
#1920 = CARTESIAN_POINT('',(-4.,2.2));
#1921 = DIRECTION('',(0.291661040543,-0.95652173913));
#1922 = ( GEOMETRIC_REPRESENTATION_CONTEXT(2) 
PARAMETRIC_REPRESENTATION_CONTEXT() REPRESENTATION_CONTEXT('2D SPACE',''
  ) );
#1923 = PCURVE('',#890,#1924);
#1924 = DEFINITIONAL_REPRESENTATION('',(#1925),#1929);
#1925 = LINE('',#1926,#1927);
#1926 = CARTESIAN_POINT('',(-5.008351901882,-18.));
#1927 = VECTOR('',#1928,1.);
#1928 = DIRECTION('',(-1.,-0.));
#1929 = ( GEOMETRIC_REPRESENTATION_CONTEXT(2) 
PARAMETRIC_REPRESENTATION_CONTEXT() REPRESENTATION_CONTEXT('2D SPACE',''
  ) );
#1930 = FACE_BOUND('',#1931,.T.);
#1931 = EDGE_LOOP('',(#1932));
#1932 = ORIENTED_EDGE('',*,*,#1933,.T.);
#1933 = EDGE_CURVE('',#1934,#1934,#1936,.T.);
#1934 = VERTEX_POINT('',#1935);
#1935 = CARTESIAN_POINT('',(1.2,-22.2,18.));
#1936 = SURFACE_CURVE('',#1937,(#1942,#1953),.PCURVE_S1.);
#1937 = CIRCLE('',#1938,1.2);
#1938 = AXIS2_PLACEMENT_3D('',#1939,#1940,#1941);
#1939 = CARTESIAN_POINT('',(0.,-22.2,18.));
#1940 = DIRECTION('',(0.,0.,-1.));
#1941 = DIRECTION('',(1.,0.,0.));
#1942 = PCURVE('',#1837,#1943);
#1943 = DEFINITIONAL_REPRESENTATION('',(#1944),#1952);
#1944 = ( BOUNDED_CURVE() B_SPLINE_CURVE(2,(#1945,#1946,#1947,#1948,
#1949,#1950,#1951),.UNSPECIFIED.,.T.,.F.) B_SPLINE_CURVE_WITH_KNOTS((1,2
    ,2,2,2,1),(-2.094395102393,0.,2.094395102393,4.188790204786,
6.28318530718,8.377580409573),.UNSPECIFIED.) CURVE() 
GEOMETRIC_REPRESENTATION_ITEM() RATIONAL_B_SPLINE_CURVE((1.,0.5,1.,0.5,
1.,0.5,1.)) REPRESENTATION_ITEM('') );
#1945 = CARTESIAN_POINT('',(1.2,-2.2));
#1946 = CARTESIAN_POINT('',(1.2,-4.278460969083));
#1947 = CARTESIAN_POINT('',(-0.6,-3.239230484541));
#1948 = CARTESIAN_POINT('',(-2.4,-2.2));
#1949 = CARTESIAN_POINT('',(-0.6,-1.160769515459));
#1950 = CARTESIAN_POINT('',(1.2,-0.121539030917));
#1951 = CARTESIAN_POINT('',(1.2,-2.2));
#1952 = ( GEOMETRIC_REPRESENTATION_CONTEXT(2) 
PARAMETRIC_REPRESENTATION_CONTEXT() REPRESENTATION_CONTEXT('2D SPACE',''
  ) );
#1953 = PCURVE('',#1954,#1959);
#1954 = CYLINDRICAL_SURFACE('',#1955,1.2);
#1955 = AXIS2_PLACEMENT_3D('',#1956,#1957,#1958);
#1956 = CARTESIAN_POINT('',(0.,-22.2,0.));
#1957 = DIRECTION('',(-0.,-0.,-1.));
#1958 = DIRECTION('',(1.,0.,0.));
#1959 = DEFINITIONAL_REPRESENTATION('',(#1960),#1964);
#1960 = LINE('',#1961,#1962);
#1961 = CARTESIAN_POINT('',(-6.28318530718,-18.));
#1962 = VECTOR('',#1963,1.);
#1963 = DIRECTION('',(1.,-0.));
#1964 = ( GEOMETRIC_REPRESENTATION_CONTEXT(2) 
PARAMETRIC_REPRESENTATION_CONTEXT() REPRESENTATION_CONTEXT('2D SPACE',''
  ) );
#1965 = FACE_BOUND('',#1966,.T.);
#1966 = EDGE_LOOP('',(#1967));
#1967 = ORIENTED_EDGE('',*,*,#1822,.T.);
#1968 = FACE_BOUND('',#1969,.T.);
#1969 = EDGE_LOOP('',(#1970,#1996));
#1970 = ORIENTED_EDGE('',*,*,#1971,.F.);
#1971 = EDGE_CURVE('',#1972,#1974,#1976,.T.);
#1972 = VERTEX_POINT('',#1973);
#1973 = CARTESIAN_POINT('',(3.32917960675,-20.,18.));
#1974 = VERTEX_POINT('',#1975);
#1975 = CARTESIAN_POINT('',(4.67082039325,-20.,18.));
#1976 = SURFACE_CURVE('',#1977,(#1982,#1989),.PCURVE_S1.);
#1977 = CIRCLE('',#1978,2.3);
#1978 = AXIS2_PLACEMENT_3D('',#1979,#1980,#1981);
#1979 = CARTESIAN_POINT('',(4.,-22.2,18.));
#1980 = DIRECTION('',(0.,0.,1.));
#1981 = DIRECTION('',(-0.291661040543,0.95652173913,0.));
#1982 = PCURVE('',#1837,#1983);
#1983 = DEFINITIONAL_REPRESENTATION('',(#1984),#1988);
#1984 = CIRCLE('',#1985,2.3);
#1985 = AXIS2_PLACEMENT_2D('',#1986,#1987);
#1986 = CARTESIAN_POINT('',(4.,-2.2));
#1987 = DIRECTION('',(-0.291661040543,0.95652173913));
#1988 = ( GEOMETRIC_REPRESENTATION_CONTEXT(2) 
PARAMETRIC_REPRESENTATION_CONTEXT() REPRESENTATION_CONTEXT('2D SPACE',''
  ) );
#1989 = PCURVE('',#796,#1990);
#1990 = DEFINITIONAL_REPRESENTATION('',(#1991),#1995);
#1991 = LINE('',#1992,#1993);
#1992 = CARTESIAN_POINT('',(-1.866759248292,-18.));
#1993 = VECTOR('',#1994,1.);
#1994 = DIRECTION('',(-1.,-0.));
#1995 = ( GEOMETRIC_REPRESENTATION_CONTEXT(2) 
PARAMETRIC_REPRESENTATION_CONTEXT() REPRESENTATION_CONTEXT('2D SPACE',''
  ) );
#1996 = ORIENTED_EDGE('',*,*,#1997,.F.);
#1997 = EDGE_CURVE('',#1974,#1972,#1998,.T.);
#1998 = SURFACE_CURVE('',#1999,(#2004,#2011),.PCURVE_S1.);
#1999 = CIRCLE('',#2000,2.3);
#2000 = AXIS2_PLACEMENT_3D('',#2001,#2002,#2003);
#2001 = CARTESIAN_POINT('',(4.,-17.8,18.));
#2002 = DIRECTION('',(-0.,0.,1.));
#2003 = DIRECTION('',(0.291661040543,-0.95652173913,0.));
#2004 = PCURVE('',#1837,#2005);
#2005 = DEFINITIONAL_REPRESENTATION('',(#2006),#2010);
#2006 = CIRCLE('',#2007,2.3);
#2007 = AXIS2_PLACEMENT_2D('',#2008,#2009);
#2008 = CARTESIAN_POINT('',(4.,2.2));
#2009 = DIRECTION('',(0.291661040543,-0.95652173913));
#2010 = ( GEOMETRIC_REPRESENTATION_CONTEXT(2) 
PARAMETRIC_REPRESENTATION_CONTEXT() REPRESENTATION_CONTEXT('2D SPACE',''
  ) );
#2011 = PCURVE('',#767,#2012);
#2012 = DEFINITIONAL_REPRESENTATION('',(#2013),#2017);
#2013 = LINE('',#2014,#2015);
#2014 = CARTESIAN_POINT('',(-5.008351901882,-18.));
#2015 = VECTOR('',#2016,1.);
#2016 = DIRECTION('',(-1.,-0.));
#2017 = ( GEOMETRIC_REPRESENTATION_CONTEXT(2) 
PARAMETRIC_REPRESENTATION_CONTEXT() REPRESENTATION_CONTEXT('2D SPACE',''
  ) );
#2018 = ADVANCED_FACE('',(#2019),#1954,.F.);
#2019 = FACE_BOUND('',#2020,.T.);
#2020 = EDGE_LOOP('',(#2021,#2045,#2066,#2067));
#2021 = ORIENTED_EDGE('',*,*,#2022,.F.);
#2022 = EDGE_CURVE('',#2023,#2023,#2025,.T.);
#2023 = VERTEX_POINT('',#2024);
#2024 = CARTESIAN_POINT('',(1.2,-22.2,14.1));
#2025 = SURFACE_CURVE('',#2026,(#2031,#2038),.PCURVE_S1.);
#2026 = CIRCLE('',#2027,1.2);
#2027 = AXIS2_PLACEMENT_3D('',#2028,#2029,#2030);
#2028 = CARTESIAN_POINT('',(0.,-22.2,14.1));
#2029 = DIRECTION('',(0.,0.,1.));
#2030 = DIRECTION('',(1.,0.,0.));
#2031 = PCURVE('',#1954,#2032);
#2032 = DEFINITIONAL_REPRESENTATION('',(#2033),#2037);
#2033 = LINE('',#2034,#2035);
#2034 = CARTESIAN_POINT('',(-0.,-14.1));
#2035 = VECTOR('',#2036,1.);
#2036 = DIRECTION('',(-1.,0.));
#2037 = ( GEOMETRIC_REPRESENTATION_CONTEXT(2) 
PARAMETRIC_REPRESENTATION_CONTEXT() REPRESENTATION_CONTEXT('2D SPACE',''
  ) );
#2038 = PCURVE('',#825,#2039);
#2039 = DEFINITIONAL_REPRESENTATION('',(#2040),#2044);
#2040 = LINE('',#2041,#2042);
#2041 = CARTESIAN_POINT('',(-0.,-2.2));
#2042 = VECTOR('',#2043,1.);
#2043 = DIRECTION('',(-1.,-0.));
#2044 = ( GEOMETRIC_REPRESENTATION_CONTEXT(2) 
PARAMETRIC_REPRESENTATION_CONTEXT() REPRESENTATION_CONTEXT('2D SPACE',''
  ) );
#2045 = ORIENTED_EDGE('',*,*,#2046,.T.);
#2046 = EDGE_CURVE('',#2023,#1934,#2047,.T.);
#2047 = SEAM_CURVE('',#2048,(#2052,#2059),.PCURVE_S1.);
#2048 = LINE('',#2049,#2050);
#2049 = CARTESIAN_POINT('',(1.2,-22.2,0.));
#2050 = VECTOR('',#2051,1.);
#2051 = DIRECTION('',(0.,0.,1.));
#2052 = PCURVE('',#1954,#2053);
#2053 = DEFINITIONAL_REPRESENTATION('',(#2054),#2058);
#2054 = LINE('',#2055,#2056);
#2055 = CARTESIAN_POINT('',(-6.28318530718,0.));
#2056 = VECTOR('',#2057,1.);
#2057 = DIRECTION('',(-0.,-1.));
#2058 = ( GEOMETRIC_REPRESENTATION_CONTEXT(2) 
PARAMETRIC_REPRESENTATION_CONTEXT() REPRESENTATION_CONTEXT('2D SPACE',''
  ) );
#2059 = PCURVE('',#1954,#2060);
#2060 = DEFINITIONAL_REPRESENTATION('',(#2061),#2065);
#2061 = LINE('',#2062,#2063);
#2062 = CARTESIAN_POINT('',(-0.,0.));
#2063 = VECTOR('',#2064,1.);
#2064 = DIRECTION('',(-0.,-1.));
#2065 = ( GEOMETRIC_REPRESENTATION_CONTEXT(2) 
PARAMETRIC_REPRESENTATION_CONTEXT() REPRESENTATION_CONTEXT('2D SPACE',''
  ) );
#2066 = ORIENTED_EDGE('',*,*,#1933,.F.);
#2067 = ORIENTED_EDGE('',*,*,#2046,.F.);
#2068 = ADVANCED_FACE('',(#2069),#1703,.F.);
#2069 = FACE_BOUND('',#2070,.F.);
#2070 = EDGE_LOOP('',(#2071,#2100,#2122,#2123));
#2071 = ORIENTED_EDGE('',*,*,#2072,.T.);
#2072 = EDGE_CURVE('',#2073,#2075,#2077,.T.);
#2073 = VERTEX_POINT('',#2074);
#2074 = CARTESIAN_POINT('',(-3.32917960675,-20.,12.));
#2075 = VERTEX_POINT('',#2076);
#2076 = CARTESIAN_POINT('',(-2.779888946281,-20.25030027527,12.));
#2077 = SURFACE_CURVE('',#2078,(#2083,#2094),.PCURVE_S1.);
#2078 = CIRCLE('',#2079,2.3);
#2079 = AXIS2_PLACEMENT_3D('',#2080,#2081,#2082);
#2080 = CARTESIAN_POINT('',(-4.,-22.2,12.));
#2081 = DIRECTION('',(0.,0.,-1.));
#2082 = DIRECTION('',(1.,0.,0.));
#2083 = PCURVE('',#1703,#2084);
#2084 = DEFINITIONAL_REPRESENTATION('',(#2085),#2093);
#2085 = ( BOUNDED_CURVE() B_SPLINE_CURVE(2,(#2086,#2087,#2088,#2089,
#2090,#2091,#2092),.UNSPECIFIED.,.T.,.F.) B_SPLINE_CURVE_WITH_KNOTS((1,2
    ,2,2,2,1),(-2.094395102393,0.,2.094395102393,4.188790204786,
6.28318530718,8.377580409573),.UNSPECIFIED.) CURVE() 
GEOMETRIC_REPRESENTATION_ITEM() RATIONAL_B_SPLINE_CURVE((1.,0.5,1.,0.5,
1.,0.5,1.)) REPRESENTATION_ITEM('') );
#2086 = CARTESIAN_POINT('',(-1.7,-22.2));
#2087 = CARTESIAN_POINT('',(-1.7,-26.1837168574));
#2088 = CARTESIAN_POINT('',(-5.15,-24.1918584287));
#2089 = CARTESIAN_POINT('',(-8.6,-22.2));
#2090 = CARTESIAN_POINT('',(-5.15,-20.20814157129));
#2091 = CARTESIAN_POINT('',(-1.7,-18.21628314259));
#2092 = CARTESIAN_POINT('',(-1.7,-22.2));
#2093 = ( GEOMETRIC_REPRESENTATION_CONTEXT(2) 
PARAMETRIC_REPRESENTATION_CONTEXT() REPRESENTATION_CONTEXT('2D SPACE',''
  ) );
#2094 = PCURVE('',#858,#2095);
#2095 = DEFINITIONAL_REPRESENTATION('',(#2096),#2099);
#2096 = B_SPLINE_CURVE_WITH_KNOTS('',1,(#2097,#2098),.UNSPECIFIED.,.F.,
  .F.,(2,2),(5.008351901882,5.271559303074),.PIECEWISE_BEZIER_KNOTS.);
#2097 = CARTESIAN_POINT('',(-7.558018712477,-12.));
#2098 = CARTESIAN_POINT('',(-7.294811311286,-12.));
#2099 = ( GEOMETRIC_REPRESENTATION_CONTEXT(2) 
PARAMETRIC_REPRESENTATION_CONTEXT() REPRESENTATION_CONTEXT('2D SPACE',''
  ) );
#2100 = ORIENTED_EDGE('',*,*,#2101,.F.);
#2101 = EDGE_CURVE('',#1015,#2075,#2102,.T.);
#2102 = SURFACE_CURVE('',#2103,(#2108,#2115),.PCURVE_S1.);
#2103 = CIRCLE('',#2104,3.395454545455);
#2104 = AXIS2_PLACEMENT_3D('',#2105,#2106,#2107);
#2105 = CARTESIAN_POINT('',(0.,-22.2,12.));
#2106 = DIRECTION('',(0.,0.,1.));
#2107 = DIRECTION('',(1.,0.,-0.));
#2108 = PCURVE('',#1703,#2109);
#2109 = DEFINITIONAL_REPRESENTATION('',(#2110),#2114);
#2110 = CIRCLE('',#2111,3.395454545455);
#2111 = AXIS2_PLACEMENT_2D('',#2112,#2113);
#2112 = CARTESIAN_POINT('',(7.185235507596E-16,-22.2));
#2113 = DIRECTION('',(1.,0.));
#2114 = ( GEOMETRIC_REPRESENTATION_CONTEXT(2) 
PARAMETRIC_REPRESENTATION_CONTEXT() REPRESENTATION_CONTEXT('2D SPACE',''
  ) );
#2115 = PCURVE('',#825,#2116);
#2116 = DEFINITIONAL_REPRESENTATION('',(#2117),#2121);
#2117 = LINE('',#2118,#2119);
#2118 = CARTESIAN_POINT('',(-0.,-1.E-01));
#2119 = VECTOR('',#2120,1.);
#2120 = DIRECTION('',(-1.,-0.));
#2121 = ( GEOMETRIC_REPRESENTATION_CONTEXT(2) 
PARAMETRIC_REPRESENTATION_CONTEXT() REPRESENTATION_CONTEXT('2D SPACE',''
  ) );
#2122 = ORIENTED_EDGE('',*,*,#1688,.F.);
#2123 = ORIENTED_EDGE('',*,*,#2124,.T.);
#2124 = EDGE_CURVE('',#1370,#2073,#2125,.T.);
#2125 = SURFACE_CURVE('',#2126,(#2131,#2142),.PCURVE_S1.);
#2126 = CIRCLE('',#2127,2.3);
#2127 = AXIS2_PLACEMENT_3D('',#2128,#2129,#2130);
#2128 = CARTESIAN_POINT('',(-4.,-17.8,12.));
#2129 = DIRECTION('',(0.,0.,-1.));
#2130 = DIRECTION('',(1.,0.,0.));
#2131 = PCURVE('',#1703,#2132);
#2132 = DEFINITIONAL_REPRESENTATION('',(#2133),#2141);
#2133 = ( BOUNDED_CURVE() B_SPLINE_CURVE(2,(#2134,#2135,#2136,#2137,
#2138,#2139,#2140),.UNSPECIFIED.,.T.,.F.) B_SPLINE_CURVE_WITH_KNOTS((1,2
    ,2,2,2,1),(-2.094395102393,0.,2.094395102393,4.188790204786,
6.28318530718,8.377580409573),.UNSPECIFIED.) CURVE() 
GEOMETRIC_REPRESENTATION_ITEM() RATIONAL_B_SPLINE_CURVE((1.,0.5,1.,0.5,
1.,0.5,1.)) REPRESENTATION_ITEM('') );
#2134 = CARTESIAN_POINT('',(-1.7,-17.8));
#2135 = CARTESIAN_POINT('',(-1.7,-21.7837168574));
#2136 = CARTESIAN_POINT('',(-5.15,-19.7918584287));
#2137 = CARTESIAN_POINT('',(-8.6,-17.8));
#2138 = CARTESIAN_POINT('',(-5.15,-15.80814157129));
#2139 = CARTESIAN_POINT('',(-1.7,-13.81628314259));
#2140 = CARTESIAN_POINT('',(-1.7,-17.8));
#2141 = ( GEOMETRIC_REPRESENTATION_CONTEXT(2) 
PARAMETRIC_REPRESENTATION_CONTEXT() REPRESENTATION_CONTEXT('2D SPACE',''
  ) );
#2142 = PCURVE('',#890,#2143);
#2143 = DEFINITIONAL_REPRESENTATION('',(#2144),#2147);
#2144 = B_SPLINE_CURVE_WITH_KNOTS('',1,(#2145,#2146),.UNSPECIFIED.,.F.,
  .F.,(2,2),(1.011626004106,1.274833405297),.PIECEWISE_BEZIER_KNOTS.);
#2145 = CARTESIAN_POINT('',(-5.271559303074,-12.));
#2146 = CARTESIAN_POINT('',(-5.008351901882,-12.));
#2147 = ( GEOMETRIC_REPRESENTATION_CONTEXT(2) 
PARAMETRIC_REPRESENTATION_CONTEXT() REPRESENTATION_CONTEXT('2D SPACE',''
  ) );
#2148 = ADVANCED_FACE('',(#2149),#890,.F.);
#2149 = FACE_BOUND('',#2150,.T.);
#2150 = EDGE_LOOP('',(#2151,#2152,#2153,#2172,#2173,#2192));
#2151 = ORIENTED_EDGE('',*,*,#1369,.F.);
#2152 = ORIENTED_EDGE('',*,*,#2124,.T.);
#2153 = ORIENTED_EDGE('',*,*,#2154,.F.);
#2154 = EDGE_CURVE('',#1886,#2073,#2155,.T.);
#2155 = SURFACE_CURVE('',#2156,(#2160,#2166),.PCURVE_S1.);
#2156 = LINE('',#2157,#2158);
#2157 = CARTESIAN_POINT('',(-3.32917960675,-20.,0.));
#2158 = VECTOR('',#2159,1.);
#2159 = DIRECTION('',(-0.,-0.,-1.));
#2160 = PCURVE('',#890,#2161);
#2161 = DEFINITIONAL_REPRESENTATION('',(#2162),#2165);
#2162 = B_SPLINE_CURVE_WITH_KNOTS('',1,(#2163,#2164),.UNSPECIFIED.,.F.,
  .F.,(2,2),(-18.,-12.),.PIECEWISE_BEZIER_KNOTS.);
#2163 = CARTESIAN_POINT('',(-5.008351901882,-18.));
#2164 = CARTESIAN_POINT('',(-5.008351901882,-12.));
#2165 = ( GEOMETRIC_REPRESENTATION_CONTEXT(2) 
PARAMETRIC_REPRESENTATION_CONTEXT() REPRESENTATION_CONTEXT('2D SPACE',''
  ) );
#2166 = PCURVE('',#858,#2167);
#2167 = DEFINITIONAL_REPRESENTATION('',(#2168),#2171);
#2168 = B_SPLINE_CURVE_WITH_KNOTS('',1,(#2169,#2170),.UNSPECIFIED.,.F.,
  .F.,(2,2),(-18.,-12.),.PIECEWISE_BEZIER_KNOTS.);
#2169 = CARTESIAN_POINT('',(-7.558018712477,-18.));
#2170 = CARTESIAN_POINT('',(-7.558018712477,-12.));
#2171 = ( GEOMETRIC_REPRESENTATION_CONTEXT(2) 
PARAMETRIC_REPRESENTATION_CONTEXT() REPRESENTATION_CONTEXT('2D SPACE',''
  ) );
#2172 = ORIENTED_EDGE('',*,*,#1909,.T.);
#2173 = ORIENTED_EDGE('',*,*,#2174,.T.);
#2174 = EDGE_CURVE('',#1884,#838,#2175,.T.);
#2175 = SURFACE_CURVE('',#2176,(#2180,#2186),.PCURVE_S1.);
#2176 = LINE('',#2177,#2178);
#2177 = CARTESIAN_POINT('',(-4.67082039325,-20.,0.));
#2178 = VECTOR('',#2179,1.);
#2179 = DIRECTION('',(-0.,-0.,-1.));
#2180 = PCURVE('',#890,#2181);
#2181 = DEFINITIONAL_REPRESENTATION('',(#2182),#2185);
#2182 = B_SPLINE_CURVE_WITH_KNOTS('',1,(#2183,#2184),.UNSPECIFIED.,.F.,
  .F.,(2,2),(-18.,-12.),.PIECEWISE_BEZIER_KNOTS.);
#2183 = CARTESIAN_POINT('',(-10.69961136606,-18.));
#2184 = CARTESIAN_POINT('',(-10.69961136606,-12.));
#2185 = ( GEOMETRIC_REPRESENTATION_CONTEXT(2) 
PARAMETRIC_REPRESENTATION_CONTEXT() REPRESENTATION_CONTEXT('2D SPACE',''
  ) );
#2186 = PCURVE('',#858,#2187);
#2187 = DEFINITIONAL_REPRESENTATION('',(#2188),#2191);
#2188 = B_SPLINE_CURVE_WITH_KNOTS('',1,(#2189,#2190),.UNSPECIFIED.,.F.,
  .F.,(2,2),(-18.,-12.),.PIECEWISE_BEZIER_KNOTS.);
#2189 = CARTESIAN_POINT('',(-1.866759248292,-18.));
#2190 = CARTESIAN_POINT('',(-1.866759248292,-12.));
#2191 = ( GEOMETRIC_REPRESENTATION_CONTEXT(2) 
PARAMETRIC_REPRESENTATION_CONTEXT() REPRESENTATION_CONTEXT('2D SPACE',''
  ) );
#2192 = ORIENTED_EDGE('',*,*,#869,.T.);
#2193 = ADVANCED_FACE('',(#2194),#858,.F.);
#2194 = FACE_BOUND('',#2195,.T.);
#2195 = EDGE_LOOP('',(#2196,#2197,#2198,#2199,#2516,#2517));
#2196 = ORIENTED_EDGE('',*,*,#1883,.T.);
#2197 = ORIENTED_EDGE('',*,*,#2154,.T.);
#2198 = ORIENTED_EDGE('',*,*,#2072,.T.);
#2199 = ORIENTED_EDGE('',*,*,#2200,.T.);
#2200 = EDGE_CURVE('',#2075,#809,#2201,.T.);
#2201 = SURFACE_CURVE('',#2202,(#2282,#2399),.PCURVE_S1.);
#2202 = B_SPLINE_CURVE_WITH_KNOTS('',8,(#2203,#2204,#2205,#2206,#2207,
    #2208,#2209,#2210,#2211,#2212,#2213,#2214,#2215,#2216,#2217,#2218,
    #2219,#2220,#2221,#2222,#2223,#2224,#2225,#2226,#2227,#2228,#2229,
    #2230,#2231,#2232,#2233,#2234,#2235,#2236,#2237,#2238,#2239,#2240,
    #2241,#2242,#2243,#2244,#2245,#2246,#2247,#2248,#2249,#2250,#2251,
    #2252,#2253,#2254,#2255,#2256,#2257,#2258,#2259,#2260,#2261,#2262,
    #2263,#2264,#2265,#2266,#2267,#2268,#2269,#2270,#2271,#2272,#2273,
    #2274,#2275,#2276,#2277,#2278,#2279,#2280,#2281),.UNSPECIFIED.,.F.,
  .F.,(9,7,7,7,7,7,7,7,7,7,7,9),(0.,0.458018693795,0.766037851192,
    0.860941035161,0.917104997168,1.,1.11868371379,1.305457219614,
    1.464681959481,1.637533634515,1.817664267948,2.000290452954),
  .UNSPECIFIED.);
#2203 = CARTESIAN_POINT('',(-2.779888946281,-20.25030027527,12.));
#2204 = CARTESIAN_POINT('',(-2.684738075437,-20.30984515175,
    12.107218489002));
#2205 = CARTESIAN_POINT('',(-2.593139769337,-20.3745513825,
    12.21447915338));
#2206 = CARTESIAN_POINT('',(-2.50514353954,-20.44432980725,
    12.321731087104));
#2207 = CARTESIAN_POINT('',(-2.420822010812,-20.51913940466,
    12.428889136188));
#2208 = CARTESIAN_POINT('',(-2.34026889516,-20.59903509715,
    12.535817484326));
#2209 = CARTESIAN_POINT('',(-2.263589419233,-20.68415225063,
    12.642331250423));
#2210 = CARTESIAN_POINT('',(-2.190897734648,-20.77478322729,
    12.74817656036));
#2211 = CARTESIAN_POINT('',(-2.076227729713,-20.93687912216,
    12.923409757172));
#2212 = CARTESIAN_POINT('',(-2.032087867459,-21.00475974237,
    12.993231238603));
#2213 = CARTESIAN_POINT('',(-1.989855086379,-21.07567985397,
    13.062433169604));
#2214 = CARTESIAN_POINT('',(-1.94957401574,-21.15002635374,
    13.130873334007));
#2215 = CARTESIAN_POINT('',(-1.911356349392,-21.22817000268,
    13.198276808248));
#2216 = CARTESIAN_POINT('',(-1.87540814715,-21.31071744115,
    13.264117844363));
#2217 = CARTESIAN_POINT('',(-1.841962509966,-21.39830249011,
    13.327708097371));
#2218 = CARTESIAN_POINT('',(-1.802049768512,-21.5218043472,
    13.406236773813));
#2219 = CARTESIAN_POINT('',(-1.792934642411,-21.55151901289,
    13.424380994763));
#2220 = CARTESIAN_POINT('',(-1.784118515411,-21.58190700198,
    13.442133271595));
#2221 = CARTESIAN_POINT('',(-1.775619851875,-21.61301333696,
    13.459440972405));
#2222 = CARTESIAN_POINT('',(-1.767462365993,-21.64488166581,
    13.476237898612));
#2223 = CARTESIAN_POINT('',(-1.759674998682,-21.67755579938,
    13.492443606548));
#2224 = CARTESIAN_POINT('',(-1.752291894482,-21.71108124878,
    13.507962729043));
#2225 = CARTESIAN_POINT('',(-1.741245554023,-21.76587987548,
    13.531396560916));
#2226 = CARTESIAN_POINT('',(-1.737294879559,-21.78656457244,
    13.539827826548));
#2227 = CARTESIAN_POINT('',(-1.733508690448,-21.80756943656,
    13.547954810948));
#2228 = CARTESIAN_POINT('',(-1.729896630321,-21.82890054309,
    13.555750824655));
#2229 = CARTESIAN_POINT('',(-1.726469418785,-21.85056105094,
    13.563186355179));
#2230 = CARTESIAN_POINT('',(-1.723238619159,-21.87255079404,
    13.570229650488));
#2231 = CARTESIAN_POINT('',(-1.720216406204,-21.89486587257,
    13.576847302477));
#2232 = CARTESIAN_POINT('',(-1.713281100966,-21.95090241421,
    13.592093012275));
#2233 = CARTESIAN_POINT('',(-1.709624953672,-21.9850267407,
    13.600186889423));
#2234 = CARTESIAN_POINT('',(-1.706493763927,-22.01980619202,
    13.607161903739));
#2235 = CARTESIAN_POINT('',(-1.703931073216,-22.05516084095,
    13.612899274139));
#2236 = CARTESIAN_POINT('',(-1.701975726541,-22.09099359244,
    13.617292382877));
#2237 = CARTESIAN_POINT('',(-1.700658968291,-22.1271849014,
    13.62025611206));
#2238 = CARTESIAN_POINT('',(-1.7,-22.16358448079,13.621739130435));
#2239 = CARTESIAN_POINT('',(-1.7,-22.2521373896,13.621739130435));
#2240 = CARTESIAN_POINT('',(-1.70135072677,-22.30427432977,
    13.618699217026));
#2241 = CARTESIAN_POINT('',(-1.704052056811,-22.35579896691,
    13.612619137701));
#2242 = CARTESIAN_POINT('',(-1.708019792928,-22.40631484524,
    13.603721667119));
#2243 = CARTESIAN_POINT('',(-1.713134063841,-22.45556035765,
    13.592338035611));
#2244 = CARTESIAN_POINT('',(-1.719263756536,-22.50336923863,
    13.578831253537));
#2245 = CARTESIAN_POINT('',(-1.726279626583,-22.54965537767,
    13.563548028122));
#2246 = CARTESIAN_POINT('',(-1.746326508332,-22.66482843445,
    13.520417678901));
#2247 = CARTESIAN_POINT('',(-1.760502620608,-22.7314679357,
    13.490385357415));
#2248 = CARTESIAN_POINT('',(-1.776258534866,-22.79483440872,
    13.457648715445));
#2249 = CARTESIAN_POINT('',(-1.793351344933,-22.855248949,
    13.422905365207));
#2250 = CARTESIAN_POINT('',(-1.811591827164,-22.91299238977,
    13.386673084006));
#2251 = CARTESIAN_POINT('',(-1.830843983436,-22.96835232594,
    13.349310546841));
#2252 = CARTESIAN_POINT('',(-1.851040015515,-23.02162838819,
    13.311018028317));
#2253 = CARTESIAN_POINT('',(-1.890210532788,-23.1170839511,
    13.238469513153));
#2254 = CARTESIAN_POINT('',(-1.908888711417,-23.15965050033,
    13.204519966149));
#2255 = CARTESIAN_POINT('',(-1.928185137159,-23.2009919441,
    13.170108065444));
#2256 = CARTESIAN_POINT('',(-1.948072375589,-23.24120938358,
    13.135312761211));
#2257 = CARTESIAN_POINT('',(-1.968528243531,-23.28038260442,
    13.100196063566));
#2258 = CARTESIAN_POINT('',(-1.989535126122,-23.31857920591,
    13.064806599641));
#2259 = CARTESIAN_POINT('',(-2.011079998266,-23.3558592881,
    13.029181485414));
#2260 = CARTESIAN_POINT('',(-2.057119561051,-23.43180873264,
    12.954444673733));
#2261 = CARTESIAN_POINT('',(-2.081704992145,-23.47031771181,
    12.915301886007));
#2262 = CARTESIAN_POINT('',(-2.106897990908,-23.50786612472,
    12.875956598609));
#2263 = CARTESIAN_POINT('',(-2.132686934346,-23.54450257985,
    12.836440240667));
#2264 = CARTESIAN_POINT('',(-2.159061765017,-23.58026546879,
    12.796778646112));
#2265 = CARTESIAN_POINT('',(-2.186013876656,-23.61518625077,
    12.756993072067));
#2266 = CARTESIAN_POINT('',(-2.21353614975,-23.64929135688,
    12.717100810484));
#2267 = CARTESIAN_POINT('',(-2.270892895728,-23.71731684617,
    12.635446149267));
#2268 = CARTESIAN_POINT('',(-2.300774770605,-23.7511677444,
    12.593677408661));
#2269 = CARTESIAN_POINT('',(-2.331261710214,-23.78417918839,
    12.551825619489));
#2270 = CARTESIAN_POINT('',(-2.362347069733,-23.81636920656,
    12.509905039631));
#2271 = CARTESIAN_POINT('',(-2.394024615967,-23.84775100345,
    12.46792798295));
#2272 = CARTESIAN_POINT('',(-2.426288532338,-23.87833388702,
    12.4259050657));
#2273 = CARTESIAN_POINT('',(-2.459133423858,-23.90812419594,
    12.383845452927));
#2274 = CARTESIAN_POINT('',(-2.526438237546,-23.96653005553,
    12.299085659756));
#2275 = CARTESIAN_POINT('',(-2.560913835403,-23.99512321015,
    12.256385166375));
#2276 = CARTESIAN_POINT('',(-2.59597571946,-24.0229096158,
    12.213664114554));
#2277 = CARTESIAN_POINT('',(-2.631618466411,-24.0498903844,
    12.170930253306));
#2278 = CARTESIAN_POINT('',(-2.667836630814,-24.07606415151,
    12.12819066644));
#2279 = CARTESIAN_POINT('',(-2.704624750047,-24.10142741302,
    12.085451848172));
#2280 = CARTESIAN_POINT('',(-2.741977349251,-24.12597486185,
    12.042719778738));
#2281 = CARTESIAN_POINT('',(-2.779888946281,-24.14969972472,12.));
#2282 = PCURVE('',#858,#2283);
#2283 = DEFINITIONAL_REPRESENTATION('',(#2284),#2398);
#2284 = B_SPLINE_CURVE_WITH_KNOTS('',3,(#2285,#2286,#2287,#2288,#2289,
    #2290,#2291,#2292,#2293,#2294,#2295,#2296,#2297,#2298,#2299,#2300,
    #2301,#2302,#2303,#2304,#2305,#2306,#2307,#2308,#2309,#2310,#2311,
    #2312,#2313,#2314,#2315,#2316,#2317,#2318,#2319,#2320,#2321,#2322,
    #2323,#2324,#2325,#2326,#2327,#2328,#2329,#2330,#2331,#2332,#2333,
    #2334,#2335,#2336,#2337,#2338,#2339,#2340,#2341,#2342,#2343,#2344,
    #2345,#2346,#2347,#2348,#2349,#2350,#2351,#2352,#2353,#2354,#2355,
    #2356,#2357,#2358,#2359,#2360,#2361,#2362,#2363,#2364,#2365,#2366,
    #2367,#2368,#2369,#2370,#2371,#2372,#2373,#2374,#2375,#2376,#2377,
    #2378,#2379,#2380,#2381,#2382,#2383,#2384,#2385,#2386,#2387,#2388,
    #2389,#2390,#2391,#2392,#2393,#2394,#2395,#2396,#2397),
  .UNSPECIFIED.,.F.,.F.,(4,1,1,1,1,1,1,1,1,1,1,1,1,1,1,1,1,1,1,1,1,1,1,1
    ,1,1,1,1,1,1,1,1,1,1,1,1,1,1,1,1,1,1,1,1,1,1,1,1,1,1,1,1,1,1,1,1,1,1
    ,1,1,1,1,1,1,1,1,1,1,1,1,1,1,1,1,1,1,1,1,1,1,1,1,1,1,1,1,1,1,1,1,1,1
    ,1,1,1,1,1,1,1,1,1,1,1,1,1,1,1,1,1,1,4),(0.,1.818445866322E-02,
    3.636891732644E-02,5.455337598966E-02,7.273783465288E-02,
    9.09222933161E-02,0.109106751979,0.127291210643,0.145475669306,
    0.163660127969,0.181844586632,0.200029045295,0.218213503959,
    0.236397962622,0.254582421285,0.272766879948,0.290951338612,
    0.309135797275,0.327320255938,0.345504714601,0.363689173264,
    0.381873631928,0.400058090591,0.418242549254,0.436427007917,
    0.454611466581,0.472795925244,0.490980383907,0.50916484257,
    0.527349301233,0.545533759897,0.56371821856,0.581902677223,
    0.600087135886,0.618271594549,0.636456053213,0.654640511876,
    0.672824970539,0.691009429202,0.709193887866,0.727378346529,
    0.745562805192,0.763747263855,0.781931722518,0.800116181182,
    0.818300639845,0.836485098508,0.854669557171,0.872854015835,
    0.891038474498,0.909222933161,0.927407391824,0.945591850487,
    0.963776309151,0.981960767814,1.000145226477,1.01832968514,
    1.036514143804,1.054698602467,1.07288306113,1.091067519793,
    1.109251978456,1.12743643712,1.145620895783,1.163805354446,
    1.181989813109,1.200174271773,1.218358730436,1.236543189099,
    1.254727647762,1.272912106425,1.291096565089,1.309281023752,
    1.327465482415,1.345649941078,1.363834399742,1.382018858405,
    1.400203317068,1.418387775731,1.436572234394,1.454756693058,
    1.472941151721,1.491125610384,1.509310069047,1.527494527711,
    1.545678986374,1.563863445037,1.5820479037,1.600232362363,
    1.618416821027,1.63660127969,1.654785738353,1.672970197016,
    1.69115465568,1.709339114343,1.727523573006,1.745708031669,
    1.763892490332,1.782076948996,1.800261407659,1.818445866322,
    1.836630324985,1.854814783648,1.872999242312,1.891183700975,
    1.909368159638,1.927552618301,1.945737076965,1.963921535628,
    1.982105994291,2.000290452954),.QUASI_UNIFORM_KNOTS.);
#2285 = CARTESIAN_POINT('',(-7.294811311286,-12.));
#2286 = CARTESIAN_POINT('',(-7.289644399721,-12.0113515481));
#2287 = CARTESIAN_POINT('',(-7.279314078817,-12.03405593405));
#2288 = CARTESIAN_POINT('',(-7.263826183356,-12.06811506896));
#2289 = CARTESIAN_POINT('',(-7.24834296058,-12.10217550952));
#2290 = CARTESIAN_POINT('',(-7.232861470767,-12.13623578531));
#2291 = CARTESIAN_POINT('',(-7.217378741566,-12.17029427107));
#2292 = CARTESIAN_POINT('',(-7.201891754257,-12.20434915967));
#2293 = CARTESIAN_POINT('',(-7.186397431808,-12.23839846032));
#2294 = CARTESIAN_POINT('',(-7.170892626037,-12.27243999036));
#2295 = CARTESIAN_POINT('',(-7.155374104372,-12.30647136876));
#2296 = CARTESIAN_POINT('',(-7.139838535808,-12.34049000882));
#2297 = CARTESIAN_POINT('',(-7.124282475821,-12.37449311041));
#2298 = CARTESIAN_POINT('',(-7.108702349935,-12.40847765146));
#2299 = CARTESIAN_POINT('',(-7.093094435599,-12.44244037826));
#2300 = CARTESIAN_POINT('',(-7.077454841996,-12.4763777946));
#2301 = CARTESIAN_POINT('',(-7.061779487367,-12.51028614926));
#2302 = CARTESIAN_POINT('',(-7.04606407346,-12.54416142169));
#2303 = CARTESIAN_POINT('',(-7.03030405653,-12.57799930582));
#2304 = CARTESIAN_POINT('',(-7.014494614738,-12.61179519103));
#2305 = CARTESIAN_POINT('',(-6.998630610321,-12.6455441424));
#2306 = CARTESIAN_POINT('',(-6.982706550144,-12.67924087148));
#2307 = CARTESIAN_POINT('',(-6.966716528752,-12.71287972895));
#2308 = CARTESIAN_POINT('',(-6.950654210653,-12.74645460099));
#2309 = CARTESIAN_POINT('',(-6.934512637566,-12.77995914906));
#2310 = CARTESIAN_POINT('',(-6.918284657744,-12.81338575134));
#2311 = CARTESIAN_POINT('',(-6.90196099995,-12.84672927124));
#2312 = CARTESIAN_POINT('',(-6.885537101506,-12.87997279182));
#2313 = CARTESIAN_POINT('',(-6.869014068712,-12.91308616257));
#2314 = CARTESIAN_POINT('',(-6.852374662711,-12.94607375567));
#2315 = CARTESIAN_POINT('',(-6.835606114203,-12.97892747823));
#2316 = CARTESIAN_POINT('',(-6.818694305317,-13.01163842992));
#2317 = CARTESIAN_POINT('',(-6.801625152434,-13.04419364006));
#2318 = CARTESIAN_POINT('',(-6.784384018211,-13.07657675082));
#2319 = CARTESIAN_POINT('',(-6.766955613966,-13.10876760229));
#2320 = CARTESIAN_POINT('',(-6.749323730717,-13.14074207379));
#2321 = CARTESIAN_POINT('',(-6.731470967973,-13.17247181219));
#2322 = CARTESIAN_POINT('',(-6.713378397352,-13.20392393451));
#2323 = CARTESIAN_POINT('',(-6.695025160274,-13.23506065009));
#2324 = CARTESIAN_POINT('',(-6.676387943662,-13.26583882024));
#2325 = CARTESIAN_POINT('',(-6.657440395412,-13.29620928481));
#2326 = CARTESIAN_POINT('',(-6.638152081338,-13.32611642681));
#2327 = CARTESIAN_POINT('',(-6.618488261861,-13.35549602932));
#2328 = CARTESIAN_POINT('',(-6.598405473267,-13.38427846447));
#2329 = CARTESIAN_POINT('',(-6.577861348042,-13.41237069034));
#2330 = CARTESIAN_POINT('',(-6.556823525569,-13.43964296151));
#2331 = CARTESIAN_POINT('',(-6.535239539817,-13.46596643852));
#2332 = CARTESIAN_POINT('',(-6.513063070183,-13.49117298578));
#2333 = CARTESIAN_POINT('',(-6.490245742272,-13.51506379415));
#2334 = CARTESIAN_POINT('',(-6.466735960586,-13.53740662071));
#2335 = CARTESIAN_POINT('',(-6.442498340005,-13.55791643225));
#2336 = CARTESIAN_POINT('',(-6.417510896755,-13.57626456179));
#2337 = CARTESIAN_POINT('',(-6.391772934792,-13.59208452098));
#2338 = CARTESIAN_POINT('',(-6.365310976812,-13.60498254438));
#2339 = CARTESIAN_POINT('',(-6.338252349464,-13.61454504841));
#2340 = CARTESIAN_POINT('',(-6.310742541508,-13.62043377122));
#2341 = CARTESIAN_POINT('',(-6.28296441733,-13.62240764087));
#2342 = CARTESIAN_POINT('',(-6.255180205451,-13.62036968322));
#2343 = CARTESIAN_POINT('',(-6.227668041071,-13.61441666204));
#2344 = CARTESIAN_POINT('',(-6.200613423861,-13.60479396533));
#2345 = CARTESIAN_POINT('',(-6.174156056777,-13.59184094664));
#2346 = CARTESIAN_POINT('',(-6.148392540471,-13.5759501));
#2347 = CARTESIAN_POINT('',(-6.123382508794,-13.55752872289));
#2348 = CARTESIAN_POINT('',(-6.099164998081,-13.53698267795));
#2349 = CARTESIAN_POINT('',(-6.075703005597,-13.51464038344));
#2350 = CARTESIAN_POINT('',(-6.052926304461,-13.49075511782));
#2351 = CARTESIAN_POINT('',(-6.030783354991,-13.46555556939));
#2352 = CARTESIAN_POINT('',(-6.009225772789,-13.43923785739));
#2353 = CARTESIAN_POINT('',(-5.988209616359,-13.41197069059));
#2354 = CARTESIAN_POINT('',(-5.967692708919,-13.38389614689));
#2355 = CARTESIAN_POINT('',(-5.94763379965,-13.3551315233));
#2356 = CARTESIAN_POINT('',(-5.92799052302,-13.32576872758));
#2357 = CARTESIAN_POINT('',(-5.908721950523,-13.29588062915));
#2358 = CARTESIAN_POINT('',(-5.889775079079,-13.26550098018));
#2359 = CARTESIAN_POINT('',(-5.871135907633,-13.23470976342));
#2360 = CARTESIAN_POINT('',(-5.85278461348,-13.20356719752));
#2361 = CARTESIAN_POINT('',(-5.834694055095,-13.17211023053));
#2362 = CARTESIAN_POINT('',(-5.816842802065,-13.14037554444));
#2363 = CARTESIAN_POINT('',(-5.799210911097,-13.10839401392));
#2364 = CARTESIAN_POINT('',(-5.781780452555,-13.07619274761));
#2365 = CARTESIAN_POINT('',(-5.764534820087,-13.04379489264));
#2366 = CARTESIAN_POINT('',(-5.747458667209,-13.01122035145));
#2367 = CARTESIAN_POINT('',(-5.730537037449,-12.97848463379));
#2368 = CARTESIAN_POINT('',(-5.713758867515,-12.94560646495));
#2369 = CARTESIAN_POINT('',(-5.697112377492,-12.91259945068));
#2370 = CARTESIAN_POINT('',(-5.680586930435,-12.87947605636));
#2371 = CARTESIAN_POINT('',(-5.664172778761,-12.84624753566));
#2372 = CARTESIAN_POINT('',(-5.647860960134,-12.81292406655));
#2373 = CARTESIAN_POINT('',(-5.631643176642,-12.77951482216));
#2374 = CARTESIAN_POINT('',(-5.615511691337,-12.74602802797));
#2375 = CARTESIAN_POINT('',(-5.5994592679,-12.71247107221));
#2376 = CARTESIAN_POINT('',(-5.583479011604,-12.67885035044));
#2377 = CARTESIAN_POINT('',(-5.567564647797,-12.64517205347));
#2378 = CARTESIAN_POINT('',(-5.551710555113,-12.61144236861));
#2379 = CARTESIAN_POINT('',(-5.535911115114,-12.57766626751));
#2380 = CARTESIAN_POINT('',(-5.520161154299,-12.54384859919));
#2381 = CARTESIAN_POINT('',(-5.504455784073,-12.50999382124));
#2382 = CARTESIAN_POINT('',(-5.488790401866,-12.47610609352));
#2383 = CARTESIAN_POINT('',(-5.473160651171,-12.44218927648));
#2384 = CARTESIAN_POINT('',(-5.457562390375,-12.40824694814));
#2385 = CARTESIAN_POINT('',(-5.441991673864,-12.37428244219));
#2386 = CARTESIAN_POINT('',(-5.426444682409,-12.34029878277));
#2387 = CARTESIAN_POINT('',(-5.410917852824,-12.30629901277));
#2388 = CARTESIAN_POINT('',(-5.395407810685,-12.27228602644));
#2389 = CARTESIAN_POINT('',(-5.379911238114,-12.23826241824));
#2390 = CARTESIAN_POINT('',(-5.36442497782,-12.20423071938));
#2391 = CARTESIAN_POINT('',(-5.348945988943,-12.1701933408));
#2392 = CARTESIAN_POINT('',(-5.333471343103,-12.13615259456));
#2393 = CARTESIAN_POINT('',(-5.31799820948,-12.10211069507));
#2394 = CARTESIAN_POINT('',(-5.30252384553,-12.06806976264));
#2395 = CARTESIAN_POINT('',(-5.287045578317,-12.03403183801));
#2396 = CARTESIAN_POINT('',(-5.276722406252,-12.01134317956));
#2397 = CARTESIAN_POINT('',(-5.271559303074,-12.));
#2398 = ( GEOMETRIC_REPRESENTATION_CONTEXT(2) 
PARAMETRIC_REPRESENTATION_CONTEXT() REPRESENTATION_CONTEXT('2D SPACE',''
  ) );
#2399 = PCURVE('',#825,#2400);
#2400 = DEFINITIONAL_REPRESENTATION('',(#2401),#2515);
#2401 = B_SPLINE_CURVE_WITH_KNOTS('',3,(#2402,#2403,#2404,#2405,#2406,
    #2407,#2408,#2409,#2410,#2411,#2412,#2413,#2414,#2415,#2416,#2417,
    #2418,#2419,#2420,#2421,#2422,#2423,#2424,#2425,#2426,#2427,#2428,
    #2429,#2430,#2431,#2432,#2433,#2434,#2435,#2436,#2437,#2438,#2439,
    #2440,#2441,#2442,#2443,#2444,#2445,#2446,#2447,#2448,#2449,#2450,
    #2451,#2452,#2453,#2454,#2455,#2456,#2457,#2458,#2459,#2460,#2461,
    #2462,#2463,#2464,#2465,#2466,#2467,#2468,#2469,#2470,#2471,#2472,
    #2473,#2474,#2475,#2476,#2477,#2478,#2479,#2480,#2481,#2482,#2483,
    #2484,#2485,#2486,#2487,#2488,#2489,#2490,#2491,#2492,#2493,#2494,
    #2495,#2496,#2497,#2498,#2499,#2500,#2501,#2502,#2503,#2504,#2505,
    #2506,#2507,#2508,#2509,#2510,#2511,#2512,#2513,#2514),
  .UNSPECIFIED.,.F.,.F.,(4,1,1,1,1,1,1,1,1,1,1,1,1,1,1,1,1,1,1,1,1,1,1,1
    ,1,1,1,1,1,1,1,1,1,1,1,1,1,1,1,1,1,1,1,1,1,1,1,1,1,1,1,1,1,1,1,1,1,1
    ,1,1,1,1,1,1,1,1,1,1,1,1,1,1,1,1,1,1,1,1,1,1,1,1,1,1,1,1,1,1,1,1,1,1
    ,1,1,1,1,1,1,1,1,1,1,1,1,1,1,1,1,1,1,4),(0.,1.818445866322E-02,
    3.636891732644E-02,5.455337598966E-02,7.273783465288E-02,
    9.09222933161E-02,0.109106751979,0.127291210643,0.145475669306,
    0.163660127969,0.181844586632,0.200029045295,0.218213503959,
    0.236397962622,0.254582421285,0.272766879948,0.290951338612,
    0.309135797275,0.327320255938,0.345504714601,0.363689173264,
    0.381873631928,0.400058090591,0.418242549254,0.436427007917,
    0.454611466581,0.472795925244,0.490980383907,0.50916484257,
    0.527349301233,0.545533759897,0.56371821856,0.581902677223,
    0.600087135886,0.618271594549,0.636456053213,0.654640511876,
    0.672824970539,0.691009429202,0.709193887866,0.727378346529,
    0.745562805192,0.763747263855,0.781931722518,0.800116181182,
    0.818300639845,0.836485098508,0.854669557171,0.872854015835,
    0.891038474498,0.909222933161,0.927407391824,0.945591850487,
    0.963776309151,0.981960767814,1.000145226477,1.01832968514,
    1.036514143804,1.054698602467,1.07288306113,1.091067519793,
    1.109251978456,1.12743643712,1.145620895783,1.163805354446,
    1.181989813109,1.200174271773,1.218358730436,1.236543189099,
    1.254727647762,1.272912106425,1.291096565089,1.309281023752,
    1.327465482415,1.345649941078,1.363834399742,1.382018858405,
    1.400203317068,1.418387775731,1.436572234394,1.454756693058,
    1.472941151721,1.491125610384,1.509310069047,1.527494527711,
    1.545678986374,1.563863445037,1.5820479037,1.600232362363,
    1.618416821027,1.63660127969,1.654785738353,1.672970197016,
    1.69115465568,1.709339114343,1.727523573006,1.745708031669,
    1.763892490332,1.782076948996,1.800261407659,1.818445866322,
    1.836630324985,1.854814783648,1.872999242312,1.891183700975,
    1.909368159638,1.927552618301,1.945737076965,1.963921535628,
    1.982105994291,2.000290452954),.QUASI_UNIFORM_KNOTS.);
#2402 = CARTESIAN_POINT('',(-2.529955288943,-1.E-01));
#2403 = CARTESIAN_POINT('',(-2.529771764835,-0.111351546905));
#2404 = CARTESIAN_POINT('',(-2.529455075117,-0.134055926747));
#2405 = CARTESIAN_POINT('',(-2.529136034619,-0.168115049972));
#2406 = CARTESIAN_POINT('',(-2.528977792569,-0.202175488958));
#2407 = CARTESIAN_POINT('',(-2.528985553086,-0.236235771741));
#2408 = CARTESIAN_POINT('',(-2.529164808561,-0.270294269007));
#2409 = CARTESIAN_POINT('',(-2.529521396543,-0.304349168474));
#2410 = CARTESIAN_POINT('',(-2.530061512667,-0.338398475579));
#2411 = CARTESIAN_POINT('',(-2.530791736959,-0.372440005978));
#2412 = CARTESIAN_POINT('',(-2.5317190586,-0.406471379127));
#2413 = CARTESIAN_POINT('',(-2.532850903657,-0.440490010485));
#2414 = CARTESIAN_POINT('',(-2.534195165108,-0.474493102971));
#2415 = CARTESIAN_POINT('',(-2.535760235939,-0.508477637488));
#2416 = CARTESIAN_POINT('',(-2.537555045746,-0.542440362476));
#2417 = CARTESIAN_POINT('',(-2.53958910144,-0.576377782397));
#2418 = CARTESIAN_POINT('',(-2.541872532661,-0.610286145037));
#2419 = CARTESIAN_POINT('',(-2.544416142587,-0.644161427367));
#2420 = CARTESIAN_POINT('',(-2.547231464913,-0.677999319919));
#2421 = CARTESIAN_POINT('',(-2.550330827705,-0.711795208725));
#2422 = CARTESIAN_POINT('',(-2.553727425416,-0.745544156698));
#2423 = CARTESIAN_POINT('',(-2.557435398662,-0.779240875527));
#2424 = CARTESIAN_POINT('',(-2.561469927954,-0.812879718966));
#2425 = CARTESIAN_POINT('',(-2.565847323446,-0.84645457925));
#2426 = CARTESIAN_POINT('',(-2.570585183313,-0.879959124386));
#2427 = CARTESIAN_POINT('',(-2.575702355868,-0.913385738204));
#2428 = CARTESIAN_POINT('',(-2.581219700578,-0.946729271386));
#2429 = CARTESIAN_POINT('',(-2.587157941147,-0.979972801014));
#2430 = CARTESIAN_POINT('',(-2.593536522044,-1.013086177312));
#2431 = CARTESIAN_POINT('',(-2.600383226636,-1.046073754764));
#2432 = CARTESIAN_POINT('',(-2.607726468367,-1.078927467411));
#2433 = CARTESIAN_POINT('',(-2.615597364896,-1.111638421958));
#2434 = CARTESIAN_POINT('',(-2.624029400962,-1.144193642504));
#2435 = CARTESIAN_POINT('',(-2.633058790011,-1.176576760496));
#2436 = CARTESIAN_POINT('',(-2.642724695443,-1.20876760989));
#2437 = CARTESIAN_POINT('',(-2.653069537502,-1.240742072317));
#2438 = CARTESIAN_POINT('',(-2.664139333743,-1.272471802911));
#2439 = CARTESIAN_POINT('',(-2.675984106304,-1.303923926165));
#2440 = CARTESIAN_POINT('',(-2.688658369122,-1.335060651444));
#2441 = CARTESIAN_POINT('',(-2.702221751304,-1.365838831018));
#2442 = CARTESIAN_POINT('',(-2.716739713601,-1.396209292984));
#2443 = CARTESIAN_POINT('',(-2.732284725388,-1.426116419535));
#2444 = CARTESIAN_POINT('',(-2.748936785161,-1.455496011467));
#2445 = CARTESIAN_POINT('',(-2.766787749983,-1.484278470534));
#2446 = CARTESIAN_POINT('',(-2.785933139611,-1.512370681009));
#2447 = CARTESIAN_POINT('',(-2.806461356914,-1.539642962558));
#2448 = CARTESIAN_POINT('',(-2.828481066556,-1.565966444566));
#2449 = CARTESIAN_POINT('',(-2.85209506004,-1.591172980714));
#2450 = CARTESIAN_POINT('',(-2.877404438091,-1.615063790351));
#2451 = CARTESIAN_POINT('',(-2.904506454351,-1.637406632307));
#2452 = CARTESIAN_POINT('',(-2.933466112577,-1.657916420724));
#2453 = CARTESIAN_POINT('',(-2.964309780821,-1.676264572053));
#2454 = CARTESIAN_POINT('',(-2.997005373831,-1.692084519174));
#2455 = CARTESIAN_POINT('',(-3.031444986486,-1.704982543899));
#2456 = CARTESIAN_POINT('',(-3.067337003774,-1.714545049883));
#2457 = CARTESIAN_POINT('',(-3.104308876928,-1.720433768499));
#2458 = CARTESIAN_POINT('',(-3.141891842682,-1.72240764233));
#2459 = CARTESIAN_POINT('',(-3.179481015892,-1.720369680103));
#2460 = CARTESIAN_POINT('',(-3.216450018107,-1.714416665697));
#2461 = CARTESIAN_POINT('',(-3.252327031306,-1.704793962313));
#2462 = CARTESIAN_POINT('',(-3.2867482948,-1.691840947654));
#2463 = CARTESIAN_POINT('',(-3.319461284435,-1.675950101262));
#2464 = CARTESIAN_POINT('',(-3.350314313513,-1.657528720748));
#2465 = CARTESIAN_POINT('',(-3.379229696338,-1.63698267507));
#2466 = CARTESIAN_POINT('',(-3.406257368571,-1.61464037573));
#2467 = CARTESIAN_POINT('',(-3.431504122482,-1.590755124434));
#2468 = CARTESIAN_POINT('',(-3.455066276447,-1.565555573777));
#2469 = CARTESIAN_POINT('',(-3.477044250978,-1.539237852444));
#2470 = CARTESIAN_POINT('',(-3.497537572491,-1.511970685142));
#2471 = CARTESIAN_POINT('',(-3.516645137927,-1.483896150687));
#2472 = CARTESIAN_POINT('',(-3.534463865546,-1.455131530638));
#2473 = CARTESIAN_POINT('',(-3.551088647731,-1.425768722839));
#2474 = CARTESIAN_POINT('',(-3.566609126826,-1.395880619979));
#2475 = CARTESIAN_POINT('',(-3.581118621289,-1.365500983746));
#2476 = CARTESIAN_POINT('',(-3.594675483828,-1.334709754396));
#2477 = CARTESIAN_POINT('',(-3.607340745297,-1.303567198195));
#2478 = CARTESIAN_POINT('',(-3.61917692047,-1.272110236326));
#2479 = CARTESIAN_POINT('',(-3.630238837545,-1.240375545275));
#2480 = CARTESIAN_POINT('',(-3.640577034749,-1.208394008456));
#2481 = CARTESIAN_POINT('',(-3.650237640952,-1.17619274505));
#2482 = CARTESIAN_POINT('',(-3.65926308169,-1.14379489966));
#2483 = CARTESIAN_POINT('',(-3.667692354852,-1.111220354048));
#2484 = CARTESIAN_POINT('',(-3.675561593948,-1.078484632804));
#2485 = CARTESIAN_POINT('',(-3.682902771651,-1.045606463152));
#2486 = CARTESIAN_POINT('',(-3.689746133807,-1.012599450843));
#2487 = CARTESIAN_POINT('',(-3.696119437883,-0.979476057801));
#2488 = CARTESIAN_POINT('',(-3.702048280197,-0.946247536098));
#2489 = CARTESIAN_POINT('',(-3.707556298355,-0.912924065396));
#2490 = CARTESIAN_POINT('',(-3.712665371009,-0.879514821079));
#2491 = CARTESIAN_POINT('',(-3.717395786842,-0.846028028986));
#2492 = CARTESIAN_POINT('',(-3.721766385353,-0.812471073607));
#2493 = CARTESIAN_POINT('',(-3.725794699059,-0.778850351388));
#2494 = CARTESIAN_POINT('',(-3.729496987361,-0.745172048348));
#2495 = CARTESIAN_POINT('',(-3.732888335387,-0.71144235933));
#2496 = CARTESIAN_POINT('',(-3.735982889396,-0.677666263913));
#2497 = CARTESIAN_POINT('',(-3.73879383645,-0.64384860331));
#2498 = CARTESIAN_POINT('',(-3.741333501756,-0.609993828594));
#2499 = CARTESIAN_POINT('',(-3.743613408752,-0.576106097055));
#2500 = CARTESIAN_POINT('',(-3.745644343444,-0.542189272436));
#2501 = CARTESIAN_POINT('',(-3.747436412898,-0.508246939318));
#2502 = CARTESIAN_POINT('',(-3.748999098525,-0.474282437321));
#2503 = CARTESIAN_POINT('',(-3.750341313302,-0.440298784552));
#2504 = CARTESIAN_POINT('',(-3.751471427209,-0.406299010482));
#2505 = CARTESIAN_POINT('',(-3.752397290532,-0.372286023618));
#2506 = CARTESIAN_POINT('',(-3.753126305555,-0.33826241716));
#2507 = CARTESIAN_POINT('',(-3.753665439065,-0.304230720771));
#2508 = CARTESIAN_POINT('',(-3.754021255061,-0.270193343157));
#2509 = CARTESIAN_POINT('',(-3.754199939041,-0.236152595692));
#2510 = CARTESIAN_POINT('',(-3.7542073254,-0.202110693816));
#2511 = CARTESIAN_POINT('',(-3.754048911166,-0.168069759802));
#2512 = CARTESIAN_POINT('',(-3.753729912319,-0.134031836467));
#2513 = CARTESIAN_POINT('',(-3.753413407471,-0.111343179135));
#2514 = CARTESIAN_POINT('',(-3.753230018236,-1.E-01));
#2515 = ( GEOMETRIC_REPRESENTATION_CONTEXT(2) 
PARAMETRIC_REPRESENTATION_CONTEXT() REPRESENTATION_CONTEXT('2D SPACE',''
  ) );
#2516 = ORIENTED_EDGE('',*,*,#837,.T.);
#2517 = ORIENTED_EDGE('',*,*,#2174,.F.);
#2518 = ADVANCED_FACE('',(#2519),#825,.F.);
#2519 = FACE_BOUND('',#2520,.F.);
#2520 = EDGE_LOOP('',(#2521,#2522,#2523,#2524,#2525,#2526,#2651,#2669,
    #2670,#2671));
#2521 = ORIENTED_EDGE('',*,*,#1719,.T.);
#2522 = ORIENTED_EDGE('',*,*,#1012,.T.);
#2523 = ORIENTED_EDGE('',*,*,#2101,.T.);
#2524 = ORIENTED_EDGE('',*,*,#2200,.T.);
#2525 = ORIENTED_EDGE('',*,*,#808,.T.);
#2526 = ORIENTED_EDGE('',*,*,#2527,.F.);
#2527 = EDGE_CURVE('',#2528,#780,#2530,.T.);
#2528 = VERTEX_POINT('',#2529);
#2529 = CARTESIAN_POINT('',(1.7,-22.2,13.621739130435));
#2530 = SURFACE_CURVE('',#2531,(#2569,#2610),.PCURVE_S1.);
#2531 = B_SPLINE_CURVE_WITH_KNOTS('',8,(#2532,#2533,#2534,#2535,#2536,
    #2537,#2538,#2539,#2540,#2541,#2542,#2543,#2544,#2545,#2546,#2547,
    #2548,#2549,#2550,#2551,#2552,#2553,#2554,#2555,#2556,#2557,#2558,
    #2559,#2560,#2561,#2562,#2563,#2564,#2565,#2566,#2567,#2568),
  .UNSPECIFIED.,.F.,.F.,(9,7,7,7,7,9),(0.,8.067984372269E-02,
    0.137849210411,0.231162414131,0.534989055728,1.),.UNSPECIFIED.);
#2532 = CARTESIAN_POINT('',(1.7,-22.2,13.621739130435));
#2533 = CARTESIAN_POINT('',(1.7,-22.23540680367,13.621739130435));
#2534 = CARTESIAN_POINT('',(1.700622948352,-22.27082093549,
    13.620337156992));
#2535 = CARTESIAN_POINT('',(1.701869204851,-22.30605540079,
    13.617532130601));
#2536 = CARTESIAN_POINT('',(1.703721882635,-22.34096234618,
    13.613369291927));
#2537 = CARTESIAN_POINT('',(1.706152454294,-22.37542412885,
    13.607926129749));
#2538 = CARTESIAN_POINT('',(1.709125121168,-22.40934673183,
    13.601300592098));
#2539 = CARTESIAN_POINT('',(1.712599945816,-22.44265552521,
    13.593601580599));
#2540 = CARTESIAN_POINT('',(1.719322930185,-22.49842040255,
    13.578805396236));
#2541 = CARTESIAN_POINT('',(1.722343390426,-22.52122122001,
    13.572183711218));
#2542 = CARTESIAN_POINT('',(1.725582809172,-22.54368614103,
    13.565113237306));
#2543 = CARTESIAN_POINT('',(1.729028218385,-22.5658101431,
    13.557629542685));
#2544 = CARTESIAN_POINT('',(1.732667268961,-22.58759239438,
    13.549766522031));
#2545 = CARTESIAN_POINT('',(1.736488498474,-22.60903578217,
    13.54155571916));
#2546 = CARTESIAN_POINT('',(1.74048159893,-22.63014644141,
    13.533025649687));
#2547 = CARTESIAN_POINT('',(1.751421346512,-22.68486206201,
    13.509797521875));
#2548 = CARTESIAN_POINT('',(1.758637075716,-22.71791816175,
    13.494613989495));
#2549 = CARTESIAN_POINT('',(1.7662469855,-22.75014715647,13.478757347331
    ));
#2550 = CARTESIAN_POINT('',(1.774218090808,-22.78159195802,
    13.462319684555));
#2551 = CARTESIAN_POINT('',(1.782522346128,-22.8122941918,
    13.445378944514));
#2552 = CARTESIAN_POINT('',(1.791136683477,-22.84229557251,
    13.427999510531));
#2553 = CARTESIAN_POINT('',(1.800043050386,-22.87163927992,
    13.410232791702));
#2554 = CARTESIAN_POINT('',(1.839135988956,-22.99392255091,
    13.33313564724));
#2555 = CARTESIAN_POINT('',(1.871926845402,-23.08075382171,
    13.270609743164));
#2556 = CARTESIAN_POINT('',(1.907173945439,-23.16261290717,
    13.205832301604));
#2557 = CARTESIAN_POINT('',(1.944645149156,-23.24012727658,
    13.139488854331));
#2558 = CARTESIAN_POINT('',(1.984136240172,-23.31389396223,
    13.07210194084));
#2559 = CARTESIAN_POINT('',(2.025535844941,-23.38428247695,
    13.003946995248));
#2560 = CARTESIAN_POINT('',(2.06879914728,-23.4516773026,12.935166834816
    ));
#2561 = CARTESIAN_POINT('',(2.183143714715,-23.61549758528,
    12.75949239907));
#2562 = CARTESIAN_POINT('',(2.25657482424,-23.70802662726,
    12.652092184717));
#2563 = CARTESIAN_POINT('',(2.334125838397,-23.79485572475,
    12.543983348448));
#2564 = CARTESIAN_POINT('',(2.415677005421,-23.87627931625,
    12.435433305282));
#2565 = CARTESIAN_POINT('',(2.501114310869,-23.95247287635,
    12.32664559572));
#2566 = CARTESIAN_POINT('',(2.590342121792,-24.02346927739,
    12.217756135107));
#2567 = CARTESIAN_POINT('',(2.683283094793,-24.08924432958,
    12.108857999232));
#2568 = CARTESIAN_POINT('',(2.779888946281,-24.14969972472,12.));
#2569 = PCURVE('',#825,#2570);
#2570 = DEFINITIONAL_REPRESENTATION('',(#2571),#2609);
#2571 = B_SPLINE_CURVE_WITH_KNOTS('',8,(#2572,#2573,#2574,#2575,#2576,
    #2577,#2578,#2579,#2580,#2581,#2582,#2583,#2584,#2585,#2586,#2587,
    #2588,#2589,#2590,#2591,#2592,#2593,#2594,#2595,#2596,#2597,#2598,
    #2599,#2600,#2601,#2602,#2603,#2604,#2605,#2606,#2607,#2608),
  .UNSPECIFIED.,.F.,.F.,(9,7,7,7,7,9),(0.,8.067984372269E-02,
    0.137849210411,0.231162414131,0.534989055728,1.),.UNSPECIFIED.);
#2572 = CARTESIAN_POINT('',(-6.28318530718,-1.721739130435));
#2573 = CARTESIAN_POINT('',(-6.262357775608,-1.721739130435));
#2574 = CARTESIAN_POINT('',(-6.241525906086,-1.720337156992));
#2575 = CARTESIAN_POINT('',(-6.220857871062,-1.717532130601));
#2576 = CARTESIAN_POINT('',(-6.200498656621,-1.713369291927));
#2577 = CARTESIAN_POINT('',(-6.180567735971,-1.707926129749));
#2578 = CARTESIAN_POINT('',(-6.161158677631,-1.701300592098));
#2579 = CARTESIAN_POINT('',(-6.142340688336,-1.693601580599));
#2580 = CARTESIAN_POINT('',(-6.111280819853,-1.678805396236));
#2581 = CARTESIAN_POINT('',(-6.098714623634,-1.672183711218));
#2582 = CARTESIAN_POINT('',(-6.086474948765,-1.665113237306));
#2583 = CARTESIAN_POINT('',(-6.074568047289,-1.657629542685));
#2584 = CARTESIAN_POINT('',(-6.062995712806,-1.649766522031));
#2585 = CARTESIAN_POINT('',(-6.05175601675,-1.64155571916));
#2586 = CARTESIAN_POINT('',(-6.040844044665,-1.633025649687));
#2587 = CARTESIAN_POINT('',(-6.012965076912,-1.609797521875));
#2588 = CARTESIAN_POINT('',(-5.996536756218,-1.594613989495));
#2589 = CARTESIAN_POINT('',(-5.980932150246,-1.578757347331));
#2590 = CARTESIAN_POINT('',(-5.966112243276,-1.562319684555));
#2591 = CARTESIAN_POINT('',(-5.9520356448,-1.545378944514));
#2592 = CARTESIAN_POINT('',(-5.938659710298,-1.527999510531));
#2593 = CARTESIAN_POINT('',(-5.92594166202,-1.510232791702));
#2594 = CARTESIAN_POINT('',(-5.874435902332,-1.43313564724));
#2595 = CARTESIAN_POINT('',(-5.841661459625,-1.370609743164));
#2596 = CARTESIAN_POINT('',(-5.813961936022,-1.305832301603));
#2597 = CARTESIAN_POINT('',(-5.790468306568,-1.239488854332));
#2598 = CARTESIAN_POINT('',(-5.770431203839,-1.172101940839));
#2599 = CARTESIAN_POINT('',(-5.753324999054,-1.103946995248));
#2600 = CARTESIAN_POINT('',(-5.738704615476,-1.035166834816));
#2601 = CARTESIAN_POINT('',(-5.70713537383,-0.85949239907));
#2602 = CARTESIAN_POINT('',(-5.69312887972,-0.752092184717));
#2603 = CARTESIAN_POINT('',(-5.683005597635,-0.643983348448));
#2604 = CARTESIAN_POINT('',(-5.676069921297,-0.535433305281));
#2605 = CARTESIAN_POINT('',(-5.671791212905,-0.42664559572));
#2606 = CARTESIAN_POINT('',(-5.66979528891,-0.317756135107));
#2607 = CARTESIAN_POINT('',(-5.66978777938,-0.208857999232));
#2608 = CARTESIAN_POINT('',(-5.671547942533,-1.E-01));
#2609 = ( GEOMETRIC_REPRESENTATION_CONTEXT(2) 
PARAMETRIC_REPRESENTATION_CONTEXT() REPRESENTATION_CONTEXT('2D SPACE',''
  ) );
#2610 = PCURVE('',#796,#2611);
#2611 = DEFINITIONAL_REPRESENTATION('',(#2612),#2650);
#2612 = B_SPLINE_CURVE_WITH_KNOTS('',8,(#2613,#2614,#2615,#2616,#2617,
    #2618,#2619,#2620,#2621,#2622,#2623,#2624,#2625,#2626,#2627,#2628,
    #2629,#2630,#2631,#2632,#2633,#2634,#2635,#2636,#2637,#2638,#2639,
    #2640,#2641,#2642,#2643,#2644,#2645,#2646,#2647,#2648,#2649),
  .UNSPECIFIED.,.F.,.F.,(9,7,7,7,7,9),(0.,8.067984372269E-02,
    0.137849210411,0.231162414131,0.534989055728,1.),.UNSPECIFIED.);
#2613 = CARTESIAN_POINT('',(-3.14159265359,-13.62173913043));
#2614 = CARTESIAN_POINT('',(-3.156986916056,-13.62173913043));
#2615 = CARTESIAN_POINT('',(-3.172384361285,-13.62033715699));
#2616 = CARTESIAN_POINT('',(-3.187709261889,-13.6175321306));
#2617 = CARTESIAN_POINT('',(-3.202902876206,-13.61336929192));
#2618 = CARTESIAN_POINT('',(-3.217919069566,-13.60792612974));
#2619 = CARTESIAN_POINT('',(-3.232721155121,-13.60130059209));
#2620 = CARTESIAN_POINT('',(-3.247279954251,-13.59360158059));
#2621 = CARTESIAN_POINT('',(-3.271701117345,-13.57880539623));
#2622 = CARTESIAN_POINT('',(-3.281700432123,-13.57218371121));
#2623 = CARTESIAN_POINT('',(-3.291567737891,-13.5651132373));
#2624 = CARTESIAN_POINT('',(-3.30130159914,-13.55762954268));
#2625 = CARTESIAN_POINT('',(-3.310902255077,-13.54976652203));
#2626 = CARTESIAN_POINT('',(-3.320371446844,-13.54155571916));
#2627 = CARTESIAN_POINT('',(-3.329712244761,-13.53302564968));
#2628 = CARTESIAN_POINT('',(-3.353972480125,-13.50979752187));
#2629 = CARTESIAN_POINT('',(-3.368680860455,-13.49461398949));
#2630 = CARTESIAN_POINT('',(-3.38307538032,-13.47875734733));
#2631 = CARTESIAN_POINT('',(-3.397175764982,-13.46231968455));
#2632 = CARTESIAN_POINT('',(-3.411000864414,-13.44537894451));
#2633 = CARTESIAN_POINT('',(-3.424569416536,-13.42799951053));
#2634 = CARTESIAN_POINT('',(-3.43790081044,-13.4102327917));
#2635 = CARTESIAN_POINT('',(-3.493718255607,-13.33313564724));
#2636 = CARTESIAN_POINT('',(-3.534019490977,-13.27060974316));
#2637 = CARTESIAN_POINT('',(-3.572705013306,-13.2058323016));
#2638 = CARTESIAN_POINT('',(-3.610068657762,-13.13948885433));
#2639 = CARTESIAN_POINT('',(-3.646388944254,-13.07210194083));
#2640 = CARTESIAN_POINT('',(-3.68184758612,-13.00394699524));
#2641 = CARTESIAN_POINT('',(-3.716641643621,-12.93516683481));
#2642 = CARTESIAN_POINT('',(-3.803502204932,-12.75949239907));
#2643 = CARTESIAN_POINT('',(-3.854764416326,-12.65209218471));
#2644 = CARTESIAN_POINT('',(-3.905240431924,-12.54398334844));
#2645 = CARTESIAN_POINT('',(-3.955182433504,-12.43543330528));
#2646 = CARTESIAN_POINT('',(-4.004798052006,-12.32664559571));
#2647 = CARTESIAN_POINT('',(-4.05424421743,-12.2177561351));
#2648 = CARTESIAN_POINT('',(-4.103669565462,-12.10885799923));
#2649 = CARTESIAN_POINT('',(-4.153218657696,-12.));
#2650 = ( GEOMETRIC_REPRESENTATION_CONTEXT(2) 
PARAMETRIC_REPRESENTATION_CONTEXT() REPRESENTATION_CONTEXT('2D SPACE',''
  ) );
#2651 = ORIENTED_EDGE('',*,*,#2652,.T.);
#2652 = EDGE_CURVE('',#2528,#2023,#2653,.T.);
#2653 = SEAM_CURVE('',#2654,(#2657,#2663),.PCURVE_S1.);
#2654 = B_SPLINE_CURVE_WITH_KNOTS('',1,(#2655,#2656),.UNSPECIFIED.,.F.,
  .F.,(2,2),(0.,1.),.PIECEWISE_BEZIER_KNOTS.);
#2655 = CARTESIAN_POINT('',(3.5,-22.2,11.9));
#2656 = CARTESIAN_POINT('',(1.2,-22.2,14.1));
#2657 = PCURVE('',#825,#2658);
#2658 = DEFINITIONAL_REPRESENTATION('',(#2659),#2662);
#2659 = B_SPLINE_CURVE_WITH_KNOTS('',1,(#2660,#2661),.UNSPECIFIED.,.F.,
  .F.,(2,2),(0.,1.),.PIECEWISE_BEZIER_KNOTS.);
#2660 = CARTESIAN_POINT('',(0.,0.));
#2661 = CARTESIAN_POINT('',(0.,-2.2));
#2662 = ( GEOMETRIC_REPRESENTATION_CONTEXT(2) 
PARAMETRIC_REPRESENTATION_CONTEXT() REPRESENTATION_CONTEXT('2D SPACE',''
  ) );
#2663 = PCURVE('',#825,#2664);
#2664 = DEFINITIONAL_REPRESENTATION('',(#2665),#2668);
#2665 = B_SPLINE_CURVE_WITH_KNOTS('',1,(#2666,#2667),.UNSPECIFIED.,.F.,
  .F.,(2,2),(0.,1.),.PIECEWISE_BEZIER_KNOTS.);
#2666 = CARTESIAN_POINT('',(-6.28318530718,0.));
#2667 = CARTESIAN_POINT('',(-6.28318530718,-2.2));
#2668 = ( GEOMETRIC_REPRESENTATION_CONTEXT(2) 
PARAMETRIC_REPRESENTATION_CONTEXT() REPRESENTATION_CONTEXT('2D SPACE',''
  ) );
#2669 = ORIENTED_EDGE('',*,*,#2022,.F.);
#2670 = ORIENTED_EDGE('',*,*,#2652,.F.);
#2671 = ORIENTED_EDGE('',*,*,#2672,.F.);
#2672 = EDGE_CURVE('',#1720,#2528,#2673,.T.);
#2673 = SURFACE_CURVE('',#2674,(#2705,#2739),.PCURVE_S1.);
#2674 = B_SPLINE_CURVE_WITH_KNOTS('',8,(#2675,#2676,#2677,#2678,#2679,
    #2680,#2681,#2682,#2683,#2684,#2685,#2686,#2687,#2688,#2689,#2690,
    #2691,#2692,#2693,#2694,#2695,#2696,#2697,#2698,#2699,#2700,#2701,
    #2702,#2703,#2704),.UNSPECIFIED.,.F.,.F.,(9,7,7,7,9),(0.,
    0.362401227251,0.696360822275,0.881120457594,1.),.UNSPECIFIED.);
#2675 = CARTESIAN_POINT('',(2.779888946281,-20.25030027527,12.));
#2676 = CARTESIAN_POINT('',(2.70461475546,-20.29740643788,
    12.084820926273));
#2677 = CARTESIAN_POINT('',(2.631550799257,-20.34775199616,
    12.169682894062));
#2678 = CARTESIAN_POINT('',(2.560732116059,-20.40128463157,
    12.254551015647));
#2679 = CARTESIAN_POINT('',(2.492199135581,-20.45798155542,
    12.33937767568));
#2680 = CARTESIAN_POINT('',(2.425995549691,-20.51784453556,12.4241032159
    ));
#2681 = CARTESIAN_POINT('',(2.362167382809,-20.58091040871,
    12.50865312932));
#2682 = CARTESIAN_POINT('',(2.300763261879,-20.6472770788,
    12.592931763889));
#2683 = CARTESIAN_POINT('',(2.187533192878,-20.78152961468,
    12.754110255523));
#2684 = CARTESIAN_POINT('',(2.135397388055,-20.84881309895,
    12.830979388772));
#2685 = CARTESIAN_POINT('',(2.085401366177,-20.91920980985,
    12.907407482769));
#2686 = CARTESIAN_POINT('',(2.037585465883,-20.99298780314,
    12.98328159376));
#2687 = CARTESIAN_POINT('',(1.992035654855,-21.07043485964,
    13.058399080517));
#2688 = CARTESIAN_POINT('',(1.948894679652,-21.15202172499,
    13.132402166434));
#2689 = CARTESIAN_POINT('',(1.90832825139,-21.23830126909,
    13.204812552522));
#2690 = CARTESIAN_POINT('',(1.849752676538,-21.38178031021,
    13.31346140267));
#2691 = CARTESIAN_POINT('',(1.829819859117,-21.4346103534,
    13.351301211865));
#2692 = CARTESIAN_POINT('',(1.810815089293,-21.48949181927,
    13.388219783824));
#2693 = CARTESIAN_POINT('',(1.792805474732,-21.54671641574,
    13.424019281937));
#2694 = CARTESIAN_POINT('',(1.775923732226,-21.60656388161,
    13.458349050165));
#2695 = CARTESIAN_POINT('',(1.760354119407,-21.66930765017,
    13.490704596906));
#2696 = CARTESIAN_POINT('',(1.74633293304,-21.7352597091,13.520407812342
    ));
#2697 = CARTESIAN_POINT('',(1.7263734055,-21.84972638535,13.563343751513
    ));
#2698 = CARTESIAN_POINT('',(1.719333937022,-21.8960837824,
    13.578676612765));
#2699 = CARTESIAN_POINT('',(1.713182864917,-21.94397019045,
    13.592229417129));
#2700 = CARTESIAN_POINT('',(1.708050110175,-21.993299733,13.603653684554
    ));
#2701 = CARTESIAN_POINT('',(1.704067563375,-22.0439058929,
    13.612584233806));
#2702 = CARTESIAN_POINT('',(1.701355907255,-22.09552626809,
    13.618687558907));
#2703 = CARTESIAN_POINT('',(1.7,-22.14776273051,13.621739130435));
#2704 = CARTESIAN_POINT('',(1.7,-22.2,13.621739130435));
#2705 = PCURVE('',#825,#2706);
#2706 = DEFINITIONAL_REPRESENTATION('',(#2707),#2738);
#2707 = B_SPLINE_CURVE_WITH_KNOTS('',8,(#2708,#2709,#2710,#2711,#2712,
    #2713,#2714,#2715,#2716,#2717,#2718,#2719,#2720,#2721,#2722,#2723,
    #2724,#2725,#2726,#2727,#2728,#2729,#2730,#2731,#2732,#2733,#2734,
    #2735,#2736,#2737),.UNSPECIFIED.,.F.,.F.,(9,7,7,7,9),(0.,
    0.362401227251,0.696360822275,0.881120457594,1.),.UNSPECIFIED.);
#2708 = CARTESIAN_POINT('',(-0.611637364646,-1.E-01));
#2709 = CARTESIAN_POINT('',(-0.61300886394,-0.184820926273));
#2710 = CARTESIAN_POINT('',(-0.613307137679,-0.269682894062));
#2711 = CARTESIAN_POINT('',(-0.612427932696,-0.354551015647));
#2712 = CARTESIAN_POINT('',(-0.6102383217,-0.43937767568));
#2713 = CARTESIAN_POINT('',(-0.606576879702,-0.5241032159));
#2714 = CARTESIAN_POINT('',(-0.601241593548,-0.60865312932));
#2715 = CARTESIAN_POINT('',(-0.593965504583,-0.692931763889));
#2716 = CARTESIAN_POINT('',(-0.575546938181,-0.854110255523));
#2717 = CARTESIAN_POINT('',(-0.564762399964,-0.930979388771));
#2718 = CARTESIAN_POINT('',(-0.55173647543,-1.007407482769));
#2719 = CARTESIAN_POINT('',(-0.536091147436,-1.08328159376));
#2720 = CARTESIAN_POINT('',(-0.517367352192,-1.158399080517));
#2721 = CARTESIAN_POINT('',(-0.494915526959,-1.232402166434));
#2722 = CARTESIAN_POINT('',(-0.467938582389,-1.304812552522));
#2723 = CARTESIAN_POINT('',(-0.416827753218,-1.41346140267));
#2724 = CARTESIAN_POINT('',(-0.396858132083,-1.451301211865));
#2725 = CARTESIAN_POINT('',(-0.374865009718,-1.488219783823));
#2726 = CARTESIAN_POINT('',(-0.350563735451,-1.524019281937));
#2727 = CARTESIAN_POINT('',(-0.323643103696,-1.558349050165));
#2728 = CARTESIAN_POINT('',(-0.293781349733,-1.590704596906));
#2729 = CARTESIAN_POINT('',(-0.260665461196,-1.620407812342));
#2730 = CARTESIAN_POINT('',(-0.200409179095,-1.663343751513));
#2731 = CARTESIAN_POINT('',(-0.175343062834,-1.678676612765));
#2732 = CARTESIAN_POINT('',(-0.148798631178,-1.692229417129));
#2733 = CARTESIAN_POINT('',(-0.120842284061,-1.703653684554));
#2734 = CARTESIAN_POINT('',(-9.163374650871E-02,-1.712584233806));
#2735 = CARTESIAN_POINT('',(-6.145510418962E-02,-1.718687558907));
#2736 = CARTESIAN_POINT('',(-3.072780557894E-02,-1.721739130435));
#2737 = CARTESIAN_POINT('',(0.,-1.721739130435));
#2738 = ( GEOMETRIC_REPRESENTATION_CONTEXT(2) 
PARAMETRIC_REPRESENTATION_CONTEXT() REPRESENTATION_CONTEXT('2D SPACE',''
  ) );
#2739 = PCURVE('',#796,#2740);
#2740 = DEFINITIONAL_REPRESENTATION('',(#2741),#2772);
#2741 = B_SPLINE_CURVE_WITH_KNOTS('',8,(#2742,#2743,#2744,#2745,#2746,
    #2747,#2748,#2749,#2750,#2751,#2752,#2753,#2754,#2755,#2756,#2757,
    #2758,#2759,#2760,#2761,#2762,#2763,#2764,#2765,#2766,#2767,#2768,
    #2769,#2770,#2771),.UNSPECIFIED.,.F.,.F.,(9,7,7,7,9),(0.,
    0.362401227251,0.696360822275,0.881120457594,1.),.UNSPECIFIED.);
#2742 = CARTESIAN_POINT('',(-2.129966649484,-12.));
#2743 = CARTESIAN_POINT('',(-2.16857474378,-12.08482092627));
#2744 = CARTESIAN_POINT('',(-2.207115487494,-12.16968289406));
#2745 = CARTESIAN_POINT('',(-2.245651104883,-12.25455101564));
#2746 = CARTESIAN_POINT('',(-2.284248588014,-12.33937767568));
#2747 = CARTESIAN_POINT('',(-2.322979751563,-12.4241032159));
#2748 = CARTESIAN_POINT('',(-2.361927334982,-12.50865312932));
#2749 = CARTESIAN_POINT('',(-2.401197152029,-12.59293176388));
#2750 = CARTESIAN_POINT('',(-2.477556653854,-12.75411025552));
#2751 = CARTESIAN_POINT('',(-2.514533132361,-12.83097938877));
#2752 = CARTESIAN_POINT('',(-2.55201893075,-12.90740748276));
#2753 = CARTESIAN_POINT('',(-2.59017447459,-12.98328159376));
#2754 = CARTESIAN_POINT('',(-2.629160923054,-13.05839908051));
#2755 = CARTESIAN_POINT('',(-2.669215745019,-13.13240216643));
#2756 = CARTESIAN_POINT('',(-2.710612312661,-13.20481255252));
#2757 = CARTESIAN_POINT('',(-2.777992863292,-13.31346140267));
#2758 = CARTESIAN_POINT('',(-2.802534138661,-13.35130121186));
#2759 = CARTESIAN_POINT('',(-2.827769887013,-13.38821978382));
#2760 = CARTESIAN_POINT('',(-2.853831082485,-13.42401928193));
#2761 = CARTESIAN_POINT('',(-2.880841337475,-13.45834905016));
#2762 = CARTESIAN_POINT('',(-2.908922729433,-13.4907045969));
#2763 = CARTESIAN_POINT('',(-2.938218516564,-13.52040781234));
#2764 = CARTESIAN_POINT('',(-2.988737566691,-13.56334375151));
#2765 = CARTESIAN_POINT('',(-3.00911911729,-13.57867661276));
#2766 = CARTESIAN_POINT('',(-3.030100981684,-13.59222941712));
#2767 = CARTESIAN_POINT('',(-3.051651585448,-13.60365368455));
#2768 = CARTESIAN_POINT('',(-3.073707783815,-13.6125842338));
#2769 = CARTESIAN_POINT('',(-3.096169296481,-13.6186875589));
#2770 = CARTESIAN_POINT('',(-3.118880797292,-13.62173913043));
#2771 = CARTESIAN_POINT('',(-3.14159265359,-13.62173913043));
#2772 = ( GEOMETRIC_REPRESENTATION_CONTEXT(2) 
PARAMETRIC_REPRESENTATION_CONTEXT() REPRESENTATION_CONTEXT('2D SPACE',''
  ) );
#2773 = ADVANCED_FACE('',(#2774),#796,.F.);
#2774 = FACE_BOUND('',#2775,.T.);
#2775 = EDGE_LOOP('',(#2776,#2777,#2796,#2797,#2798,#2799,#2800));
#2776 = ORIENTED_EDGE('',*,*,#1971,.T.);
#2777 = ORIENTED_EDGE('',*,*,#2778,.T.);
#2778 = EDGE_CURVE('',#1974,#749,#2779,.T.);
#2779 = SURFACE_CURVE('',#2780,(#2784,#2790),.PCURVE_S1.);
#2780 = LINE('',#2781,#2782);
#2781 = CARTESIAN_POINT('',(4.67082039325,-20.,0.));
#2782 = VECTOR('',#2783,1.);
#2783 = DIRECTION('',(-0.,-0.,-1.));
#2784 = PCURVE('',#796,#2785);
#2785 = DEFINITIONAL_REPRESENTATION('',(#2786),#2789);
#2786 = B_SPLINE_CURVE_WITH_KNOTS('',1,(#2787,#2788),.UNSPECIFIED.,.F.,
  .F.,(2,2),(-18.,-12.),.PIECEWISE_BEZIER_KNOTS.);
#2787 = CARTESIAN_POINT('',(-7.558018712477,-18.));
#2788 = CARTESIAN_POINT('',(-7.558018712477,-12.));
#2789 = ( GEOMETRIC_REPRESENTATION_CONTEXT(2) 
PARAMETRIC_REPRESENTATION_CONTEXT() REPRESENTATION_CONTEXT('2D SPACE',''
  ) );
#2790 = PCURVE('',#767,#2791);
#2791 = DEFINITIONAL_REPRESENTATION('',(#2792),#2795);
#2792 = B_SPLINE_CURVE_WITH_KNOTS('',1,(#2793,#2794),.UNSPECIFIED.,.F.,
  .F.,(2,2),(-18.,-12.),.PIECEWISE_BEZIER_KNOTS.);
#2793 = CARTESIAN_POINT('',(-5.008351901882,-18.));
#2794 = CARTESIAN_POINT('',(-5.008351901882,-12.));
#2795 = ( GEOMETRIC_REPRESENTATION_CONTEXT(2) 
PARAMETRIC_REPRESENTATION_CONTEXT() REPRESENTATION_CONTEXT('2D SPACE',''
  ) );
#2796 = ORIENTED_EDGE('',*,*,#779,.F.);
#2797 = ORIENTED_EDGE('',*,*,#2527,.F.);
#2798 = ORIENTED_EDGE('',*,*,#2672,.F.);
#2799 = ORIENTED_EDGE('',*,*,#1743,.T.);
#2800 = ORIENTED_EDGE('',*,*,#2801,.F.);
#2801 = EDGE_CURVE('',#1972,#1744,#2802,.T.);
#2802 = SURFACE_CURVE('',#2803,(#2807,#2813),.PCURVE_S1.);
#2803 = LINE('',#2804,#2805);
#2804 = CARTESIAN_POINT('',(3.32917960675,-20.,0.));
#2805 = VECTOR('',#2806,1.);
#2806 = DIRECTION('',(-0.,-0.,-1.));
#2807 = PCURVE('',#796,#2808);
#2808 = DEFINITIONAL_REPRESENTATION('',(#2809),#2812);
#2809 = B_SPLINE_CURVE_WITH_KNOTS('',1,(#2810,#2811),.UNSPECIFIED.,.F.,
  .F.,(2,2),(-18.,-12.),.PIECEWISE_BEZIER_KNOTS.);
#2810 = CARTESIAN_POINT('',(-1.866759248292,-18.));
#2811 = CARTESIAN_POINT('',(-1.866759248292,-12.));
#2812 = ( GEOMETRIC_REPRESENTATION_CONTEXT(2) 
PARAMETRIC_REPRESENTATION_CONTEXT() REPRESENTATION_CONTEXT('2D SPACE',''
  ) );
#2813 = PCURVE('',#767,#2814);
#2814 = DEFINITIONAL_REPRESENTATION('',(#2815),#2818);
#2815 = B_SPLINE_CURVE_WITH_KNOTS('',1,(#2816,#2817),.UNSPECIFIED.,.F.,
  .F.,(2,2),(-18.,-12.),.PIECEWISE_BEZIER_KNOTS.);
#2816 = CARTESIAN_POINT('',(-10.69961136606,-18.));
#2817 = CARTESIAN_POINT('',(-10.69961136606,-12.));
#2818 = ( GEOMETRIC_REPRESENTATION_CONTEXT(2) 
PARAMETRIC_REPRESENTATION_CONTEXT() REPRESENTATION_CONTEXT('2D SPACE',''
  ) );
#2819 = ADVANCED_FACE('',(#2820),#767,.F.);
#2820 = FACE_BOUND('',#2821,.T.);
#2821 = EDGE_LOOP('',(#2822,#2823,#2824,#2825,#2826,#2827,#2828));
#2822 = ORIENTED_EDGE('',*,*,#1997,.T.);
#2823 = ORIENTED_EDGE('',*,*,#2801,.T.);
#2824 = ORIENTED_EDGE('',*,*,#1770,.T.);
#2825 = ORIENTED_EDGE('',*,*,#1093,.F.);
#2826 = ORIENTED_EDGE('',*,*,#1266,.F.);
#2827 = ORIENTED_EDGE('',*,*,#748,.F.);
#2828 = ORIENTED_EDGE('',*,*,#2778,.F.);
#2829 = ADVANCED_FACE('',(#2830),#734,.F.);
#2830 = FACE_BOUND('',#2831,.T.);
#2831 = EDGE_LOOP('',(#2832,#2860,#2881,#2882));
#2832 = ORIENTED_EDGE('',*,*,#2833,.T.);
#2833 = EDGE_CURVE('',#2834,#2834,#2836,.T.);
#2834 = VERTEX_POINT('',#2835);
#2835 = CARTESIAN_POINT('',(30.45,0.,0.));
#2836 = SURFACE_CURVE('',#2837,(#2842,#2849),.PCURVE_S1.);
#2837 = CIRCLE('',#2838,30.45);
#2838 = AXIS2_PLACEMENT_3D('',#2839,#2840,#2841);
#2839 = CARTESIAN_POINT('',(0.,0.,0.));
#2840 = DIRECTION('',(0.,0.,-1.));
#2841 = DIRECTION('',(1.,0.,0.));
#2842 = PCURVE('',#734,#2843);
#2843 = DEFINITIONAL_REPRESENTATION('',(#2844),#2848);
#2844 = LINE('',#2845,#2846);
#2845 = CARTESIAN_POINT('',(-6.28318530718,-1.));
#2846 = VECTOR('',#2847,1.);
#2847 = DIRECTION('',(1.,-0.));
#2848 = ( GEOMETRIC_REPRESENTATION_CONTEXT(2) 
PARAMETRIC_REPRESENTATION_CONTEXT() REPRESENTATION_CONTEXT('2D SPACE',''
  ) );
#2849 = PCURVE('',#126,#2850);
#2850 = DEFINITIONAL_REPRESENTATION('',(#2851),#2859);
#2851 = ( BOUNDED_CURVE() B_SPLINE_CURVE(2,(#2852,#2853,#2854,#2855,
#2856,#2857,#2858),.UNSPECIFIED.,.T.,.F.) B_SPLINE_CURVE_WITH_KNOTS((1,2
    ,2,2,2,1),(-2.094395102393,0.,2.094395102393,4.188790204786,
6.28318530718,8.377580409573),.UNSPECIFIED.) CURVE() 
GEOMETRIC_REPRESENTATION_ITEM() RATIONAL_B_SPLINE_CURVE((1.,0.5,1.,0.5,
1.,0.5,1.)) REPRESENTATION_ITEM('') );
#2852 = CARTESIAN_POINT('',(30.45,0.));
#2853 = CARTESIAN_POINT('',(30.45,-52.74094709047));
#2854 = CARTESIAN_POINT('',(-15.225,-26.37047354523));
#2855 = CARTESIAN_POINT('',(-60.9,-7.458099006807E-15));
#2856 = CARTESIAN_POINT('',(-15.225,26.370473545236));
#2857 = CARTESIAN_POINT('',(30.45,52.740947090472));
#2858 = CARTESIAN_POINT('',(30.45,0.));
#2859 = ( GEOMETRIC_REPRESENTATION_CONTEXT(2) 
PARAMETRIC_REPRESENTATION_CONTEXT() REPRESENTATION_CONTEXT('2D SPACE',''
  ) );
#2860 = ORIENTED_EDGE('',*,*,#2861,.T.);
#2861 = EDGE_CURVE('',#2834,#718,#2862,.T.);
#2862 = SEAM_CURVE('',#2863,(#2867,#2874),.PCURVE_S1.);
#2863 = LINE('',#2864,#2865);
#2864 = CARTESIAN_POINT('',(30.45,0.,-1.));
#2865 = VECTOR('',#2866,1.);
#2866 = DIRECTION('',(0.,0.,1.));
#2867 = PCURVE('',#734,#2868);
#2868 = DEFINITIONAL_REPRESENTATION('',(#2869),#2873);
#2869 = LINE('',#2870,#2871);
#2870 = CARTESIAN_POINT('',(-6.28318530718,0.));
#2871 = VECTOR('',#2872,1.);
#2872 = DIRECTION('',(-0.,-1.));
#2873 = ( GEOMETRIC_REPRESENTATION_CONTEXT(2) 
PARAMETRIC_REPRESENTATION_CONTEXT() REPRESENTATION_CONTEXT('2D SPACE',''
  ) );
#2874 = PCURVE('',#734,#2875);
#2875 = DEFINITIONAL_REPRESENTATION('',(#2876),#2880);
#2876 = LINE('',#2877,#2878);
#2877 = CARTESIAN_POINT('',(-0.,0.));
#2878 = VECTOR('',#2879,1.);
#2879 = DIRECTION('',(-0.,-1.));
#2880 = ( GEOMETRIC_REPRESENTATION_CONTEXT(2) 
PARAMETRIC_REPRESENTATION_CONTEXT() REPRESENTATION_CONTEXT('2D SPACE',''
  ) );
#2881 = ORIENTED_EDGE('',*,*,#717,.T.);
#2882 = ORIENTED_EDGE('',*,*,#2861,.F.);
#2883 = ADVANCED_FACE('',(#2884),#560,.F.);
#2884 = FACE_BOUND('',#2885,.T.);
#2885 = EDGE_LOOP('',(#2886,#2887,#2908,#2909));
#2886 = ORIENTED_EDGE('',*,*,#986,.F.);
#2887 = ORIENTED_EDGE('',*,*,#2888,.T.);
#2888 = EDGE_CURVE('',#967,#540,#2889,.T.);
#2889 = SEAM_CURVE('',#2890,(#2894,#2901),.PCURVE_S1.);
#2890 = LINE('',#2891,#2892);
#2891 = CARTESIAN_POINT('',(-3.8,22.,0.));
#2892 = VECTOR('',#2893,1.);
#2893 = DIRECTION('',(0.,0.,1.));
#2894 = PCURVE('',#560,#2895);
#2895 = DEFINITIONAL_REPRESENTATION('',(#2896),#2900);
#2896 = LINE('',#2897,#2898);
#2897 = CARTESIAN_POINT('',(-6.28318530718,0.));
#2898 = VECTOR('',#2899,1.);
#2899 = DIRECTION('',(-0.,-1.));
#2900 = ( GEOMETRIC_REPRESENTATION_CONTEXT(2) 
PARAMETRIC_REPRESENTATION_CONTEXT() REPRESENTATION_CONTEXT('2D SPACE',''
  ) );
#2901 = PCURVE('',#560,#2902);
#2902 = DEFINITIONAL_REPRESENTATION('',(#2903),#2907);
#2903 = LINE('',#2904,#2905);
#2904 = CARTESIAN_POINT('',(-0.,0.));
#2905 = VECTOR('',#2906,1.);
#2906 = DIRECTION('',(-0.,-1.));
#2907 = ( GEOMETRIC_REPRESENTATION_CONTEXT(2) 
PARAMETRIC_REPRESENTATION_CONTEXT() REPRESENTATION_CONTEXT('2D SPACE',''
  ) );
#2908 = ORIENTED_EDGE('',*,*,#539,.F.);
#2909 = ORIENTED_EDGE('',*,*,#2888,.F.);
#2910 = ADVANCED_FACE('',(#2911),#525,.F.);
#2911 = FACE_BOUND('',#2912,.T.);
#2912 = EDGE_LOOP('',(#2913,#2914,#2935,#2936));
#2913 = ORIENTED_EDGE('',*,*,#1857,.F.);
#2914 = ORIENTED_EDGE('',*,*,#2915,.T.);
#2915 = EDGE_CURVE('',#1858,#505,#2916,.T.);
#2916 = SEAM_CURVE('',#2917,(#2921,#2928),.PCURVE_S1.);
#2917 = LINE('',#2918,#2919);
#2918 = CARTESIAN_POINT('',(8.15,-20.,18.));
#2919 = VECTOR('',#2920,1.);
#2920 = DIRECTION('',(0.,0.,1.));
#2921 = PCURVE('',#525,#2922);
#2922 = DEFINITIONAL_REPRESENTATION('',(#2923),#2927);
#2923 = LINE('',#2924,#2925);
#2924 = CARTESIAN_POINT('',(-6.28318530718,0.));
#2925 = VECTOR('',#2926,1.);
#2926 = DIRECTION('',(-0.,-1.));
#2927 = ( GEOMETRIC_REPRESENTATION_CONTEXT(2) 
PARAMETRIC_REPRESENTATION_CONTEXT() REPRESENTATION_CONTEXT('2D SPACE',''
  ) );
#2928 = PCURVE('',#525,#2929);
#2929 = DEFINITIONAL_REPRESENTATION('',(#2930),#2934);
#2930 = LINE('',#2931,#2932);
#2931 = CARTESIAN_POINT('',(-0.,0.));
#2932 = VECTOR('',#2933,1.);
#2933 = DIRECTION('',(-0.,-1.));
#2934 = ( GEOMETRIC_REPRESENTATION_CONTEXT(2) 
PARAMETRIC_REPRESENTATION_CONTEXT() REPRESENTATION_CONTEXT('2D SPACE',''
  ) );
#2935 = ORIENTED_EDGE('',*,*,#504,.F.);
#2936 = ORIENTED_EDGE('',*,*,#2915,.F.);
#2937 = ADVANCED_FACE('',(#2938),#307,.F.);
#2938 = FACE_BOUND('',#2939,.T.);
#2939 = EDGE_LOOP('',(#2940,#2968,#2989,#2990));
#2940 = ORIENTED_EDGE('',*,*,#2941,.T.);
#2941 = EDGE_CURVE('',#2942,#2942,#2944,.T.);
#2942 = VERTEX_POINT('',#2943);
#2943 = CARTESIAN_POINT('',(-37.7,40.,0.));
#2944 = SURFACE_CURVE('',#2945,(#2950,#2957),.PCURVE_S1.);
#2945 = CIRCLE('',#2946,2.3);
#2946 = AXIS2_PLACEMENT_3D('',#2947,#2948,#2949);
#2947 = CARTESIAN_POINT('',(-40.,40.,0.));
#2948 = DIRECTION('',(0.,0.,-1.));
#2949 = DIRECTION('',(1.,0.,0.));
#2950 = PCURVE('',#307,#2951);
#2951 = DEFINITIONAL_REPRESENTATION('',(#2952),#2956);
#2952 = LINE('',#2953,#2954);
#2953 = CARTESIAN_POINT('',(-6.28318530718,-1.));
#2954 = VECTOR('',#2955,1.);
#2955 = DIRECTION('',(1.,-0.));
#2956 = ( GEOMETRIC_REPRESENTATION_CONTEXT(2) 
PARAMETRIC_REPRESENTATION_CONTEXT() REPRESENTATION_CONTEXT('2D SPACE',''
  ) );
#2957 = PCURVE('',#126,#2958);
#2958 = DEFINITIONAL_REPRESENTATION('',(#2959),#2967);
#2959 = ( BOUNDED_CURVE() B_SPLINE_CURVE(2,(#2960,#2961,#2962,#2963,
#2964,#2965,#2966),.UNSPECIFIED.,.T.,.F.) B_SPLINE_CURVE_WITH_KNOTS((1,2
    ,2,2,2,1),(-2.094395102393,0.,2.094395102393,4.188790204786,
6.28318530718,8.377580409573),.UNSPECIFIED.) CURVE() 
GEOMETRIC_REPRESENTATION_ITEM() RATIONAL_B_SPLINE_CURVE((1.,0.5,1.,0.5,
1.,0.5,1.)) REPRESENTATION_ITEM('') );
#2960 = CARTESIAN_POINT('',(-37.7,40.));
#2961 = CARTESIAN_POINT('',(-37.7,36.016283142592));
#2962 = CARTESIAN_POINT('',(-41.15,38.008141571296));
#2963 = CARTESIAN_POINT('',(-44.6,40.));
#2964 = CARTESIAN_POINT('',(-41.15,41.991858428704));
#2965 = CARTESIAN_POINT('',(-37.7,43.983716857408));
#2966 = CARTESIAN_POINT('',(-37.7,40.));
#2967 = ( GEOMETRIC_REPRESENTATION_CONTEXT(2) 
PARAMETRIC_REPRESENTATION_CONTEXT() REPRESENTATION_CONTEXT('2D SPACE',''
  ) );
#2968 = ORIENTED_EDGE('',*,*,#2969,.T.);
#2969 = EDGE_CURVE('',#2942,#287,#2970,.T.);
#2970 = SEAM_CURVE('',#2971,(#2975,#2982),.PCURVE_S1.);
#2971 = LINE('',#2972,#2973);
#2972 = CARTESIAN_POINT('',(-37.7,40.,-1.));
#2973 = VECTOR('',#2974,1.);
#2974 = DIRECTION('',(0.,0.,1.));
#2975 = PCURVE('',#307,#2976);
#2976 = DEFINITIONAL_REPRESENTATION('',(#2977),#2981);
#2977 = LINE('',#2978,#2979);
#2978 = CARTESIAN_POINT('',(-6.28318530718,0.));
#2979 = VECTOR('',#2980,1.);
#2980 = DIRECTION('',(-0.,-1.));
#2981 = ( GEOMETRIC_REPRESENTATION_CONTEXT(2) 
PARAMETRIC_REPRESENTATION_CONTEXT() REPRESENTATION_CONTEXT('2D SPACE',''
  ) );
#2982 = PCURVE('',#307,#2983);
#2983 = DEFINITIONAL_REPRESENTATION('',(#2984),#2988);
#2984 = LINE('',#2985,#2986);
#2985 = CARTESIAN_POINT('',(-0.,0.));
#2986 = VECTOR('',#2987,1.);
#2987 = DIRECTION('',(-0.,-1.));
#2988 = ( GEOMETRIC_REPRESENTATION_CONTEXT(2) 
PARAMETRIC_REPRESENTATION_CONTEXT() REPRESENTATION_CONTEXT('2D SPACE',''
  ) );
#2989 = ORIENTED_EDGE('',*,*,#286,.F.);
#2990 = ORIENTED_EDGE('',*,*,#2969,.F.);
#2991 = ADVANCED_FACE('',(#2992),#272,.F.);
#2992 = FACE_BOUND('',#2993,.T.);
#2993 = EDGE_LOOP('',(#2994,#3022,#3043,#3044));
#2994 = ORIENTED_EDGE('',*,*,#2995,.T.);
#2995 = EDGE_CURVE('',#2996,#2996,#2998,.T.);
#2996 = VERTEX_POINT('',#2997);
#2997 = CARTESIAN_POINT('',(42.3,-40.,0.));
#2998 = SURFACE_CURVE('',#2999,(#3004,#3011),.PCURVE_S1.);
#2999 = CIRCLE('',#3000,2.3);
#3000 = AXIS2_PLACEMENT_3D('',#3001,#3002,#3003);
#3001 = CARTESIAN_POINT('',(40.,-40.,0.));
#3002 = DIRECTION('',(0.,0.,-1.));
#3003 = DIRECTION('',(1.,0.,0.));
#3004 = PCURVE('',#272,#3005);
#3005 = DEFINITIONAL_REPRESENTATION('',(#3006),#3010);
#3006 = LINE('',#3007,#3008);
#3007 = CARTESIAN_POINT('',(-6.28318530718,-1.));
#3008 = VECTOR('',#3009,1.);
#3009 = DIRECTION('',(1.,-0.));
#3010 = ( GEOMETRIC_REPRESENTATION_CONTEXT(2) 
PARAMETRIC_REPRESENTATION_CONTEXT() REPRESENTATION_CONTEXT('2D SPACE',''
  ) );
#3011 = PCURVE('',#126,#3012);
#3012 = DEFINITIONAL_REPRESENTATION('',(#3013),#3021);
#3013 = ( BOUNDED_CURVE() B_SPLINE_CURVE(2,(#3014,#3015,#3016,#3017,
#3018,#3019,#3020),.UNSPECIFIED.,.T.,.F.) B_SPLINE_CURVE_WITH_KNOTS((1,2
    ,2,2,2,1),(-2.094395102393,0.,2.094395102393,4.188790204786,
6.28318530718,8.377580409573),.UNSPECIFIED.) CURVE() 
GEOMETRIC_REPRESENTATION_ITEM() RATIONAL_B_SPLINE_CURVE((1.,0.5,1.,0.5,
1.,0.5,1.)) REPRESENTATION_ITEM('') );
#3014 = CARTESIAN_POINT('',(42.3,-40.));
#3015 = CARTESIAN_POINT('',(42.3,-43.9837168574));
#3016 = CARTESIAN_POINT('',(38.85,-41.9918584287));
#3017 = CARTESIAN_POINT('',(35.4,-40.));
#3018 = CARTESIAN_POINT('',(38.85,-38.00814157129));
#3019 = CARTESIAN_POINT('',(42.3,-36.01628314259));
#3020 = CARTESIAN_POINT('',(42.3,-40.));
#3021 = ( GEOMETRIC_REPRESENTATION_CONTEXT(2) 
PARAMETRIC_REPRESENTATION_CONTEXT() REPRESENTATION_CONTEXT('2D SPACE',''
  ) );
#3022 = ORIENTED_EDGE('',*,*,#3023,.T.);
#3023 = EDGE_CURVE('',#2996,#252,#3024,.T.);
#3024 = SEAM_CURVE('',#3025,(#3029,#3036),.PCURVE_S1.);
#3025 = LINE('',#3026,#3027);
#3026 = CARTESIAN_POINT('',(42.3,-40.,-1.));
#3027 = VECTOR('',#3028,1.);
#3028 = DIRECTION('',(0.,0.,1.));
#3029 = PCURVE('',#272,#3030);
#3030 = DEFINITIONAL_REPRESENTATION('',(#3031),#3035);
#3031 = LINE('',#3032,#3033);
#3032 = CARTESIAN_POINT('',(-6.28318530718,0.));
#3033 = VECTOR('',#3034,1.);
#3034 = DIRECTION('',(-0.,-1.));
#3035 = ( GEOMETRIC_REPRESENTATION_CONTEXT(2) 
PARAMETRIC_REPRESENTATION_CONTEXT() REPRESENTATION_CONTEXT('2D SPACE',''
  ) );
#3036 = PCURVE('',#272,#3037);
#3037 = DEFINITIONAL_REPRESENTATION('',(#3038),#3042);
#3038 = LINE('',#3039,#3040);
#3039 = CARTESIAN_POINT('',(-0.,0.));
#3040 = VECTOR('',#3041,1.);
#3041 = DIRECTION('',(-0.,-1.));
#3042 = ( GEOMETRIC_REPRESENTATION_CONTEXT(2) 
PARAMETRIC_REPRESENTATION_CONTEXT() REPRESENTATION_CONTEXT('2D SPACE',''
  ) );
#3043 = ORIENTED_EDGE('',*,*,#251,.F.);
#3044 = ORIENTED_EDGE('',*,*,#3023,.F.);
#3045 = ADVANCED_FACE('',(#3046),#237,.F.);
#3046 = FACE_BOUND('',#3047,.T.);
#3047 = EDGE_LOOP('',(#3048,#3076,#3097,#3098));
#3048 = ORIENTED_EDGE('',*,*,#3049,.T.);
#3049 = EDGE_CURVE('',#3050,#3050,#3052,.T.);
#3050 = VERTEX_POINT('',#3051);
#3051 = CARTESIAN_POINT('',(-37.7,-40.,0.));
#3052 = SURFACE_CURVE('',#3053,(#3058,#3065),.PCURVE_S1.);
#3053 = CIRCLE('',#3054,2.3);
#3054 = AXIS2_PLACEMENT_3D('',#3055,#3056,#3057);
#3055 = CARTESIAN_POINT('',(-40.,-40.,0.));
#3056 = DIRECTION('',(0.,0.,-1.));
#3057 = DIRECTION('',(1.,0.,0.));
#3058 = PCURVE('',#237,#3059);
#3059 = DEFINITIONAL_REPRESENTATION('',(#3060),#3064);
#3060 = LINE('',#3061,#3062);
#3061 = CARTESIAN_POINT('',(-6.28318530718,-1.));
#3062 = VECTOR('',#3063,1.);
#3063 = DIRECTION('',(1.,-0.));
#3064 = ( GEOMETRIC_REPRESENTATION_CONTEXT(2) 
PARAMETRIC_REPRESENTATION_CONTEXT() REPRESENTATION_CONTEXT('2D SPACE',''
  ) );
#3065 = PCURVE('',#126,#3066);
#3066 = DEFINITIONAL_REPRESENTATION('',(#3067),#3075);
#3067 = ( BOUNDED_CURVE() B_SPLINE_CURVE(2,(#3068,#3069,#3070,#3071,
#3072,#3073,#3074),.UNSPECIFIED.,.T.,.F.) B_SPLINE_CURVE_WITH_KNOTS((1,2
    ,2,2,2,1),(-2.094395102393,0.,2.094395102393,4.188790204786,
6.28318530718,8.377580409573),.UNSPECIFIED.) CURVE() 
GEOMETRIC_REPRESENTATION_ITEM() RATIONAL_B_SPLINE_CURVE((1.,0.5,1.,0.5,
1.,0.5,1.)) REPRESENTATION_ITEM('') );
#3068 = CARTESIAN_POINT('',(-37.7,-40.));
#3069 = CARTESIAN_POINT('',(-37.7,-43.9837168574));
#3070 = CARTESIAN_POINT('',(-41.15,-41.9918584287));
#3071 = CARTESIAN_POINT('',(-44.6,-40.));
#3072 = CARTESIAN_POINT('',(-41.15,-38.00814157129));
#3073 = CARTESIAN_POINT('',(-37.7,-36.01628314259));
#3074 = CARTESIAN_POINT('',(-37.7,-40.));
#3075 = ( GEOMETRIC_REPRESENTATION_CONTEXT(2) 
PARAMETRIC_REPRESENTATION_CONTEXT() REPRESENTATION_CONTEXT('2D SPACE',''
  ) );
#3076 = ORIENTED_EDGE('',*,*,#3077,.T.);
#3077 = EDGE_CURVE('',#3050,#217,#3078,.T.);
#3078 = SEAM_CURVE('',#3079,(#3083,#3090),.PCURVE_S1.);
#3079 = LINE('',#3080,#3081);
#3080 = CARTESIAN_POINT('',(-37.7,-40.,-1.));
#3081 = VECTOR('',#3082,1.);
#3082 = DIRECTION('',(0.,0.,1.));
#3083 = PCURVE('',#237,#3084);
#3084 = DEFINITIONAL_REPRESENTATION('',(#3085),#3089);
#3085 = LINE('',#3086,#3087);
#3086 = CARTESIAN_POINT('',(-6.28318530718,0.));
#3087 = VECTOR('',#3088,1.);
#3088 = DIRECTION('',(-0.,-1.));
#3089 = ( GEOMETRIC_REPRESENTATION_CONTEXT(2) 
PARAMETRIC_REPRESENTATION_CONTEXT() REPRESENTATION_CONTEXT('2D SPACE',''
  ) );
#3090 = PCURVE('',#237,#3091);
#3091 = DEFINITIONAL_REPRESENTATION('',(#3092),#3096);
#3092 = LINE('',#3093,#3094);
#3093 = CARTESIAN_POINT('',(-0.,0.));
#3094 = VECTOR('',#3095,1.);
#3095 = DIRECTION('',(-0.,-1.));
#3096 = ( GEOMETRIC_REPRESENTATION_CONTEXT(2) 
PARAMETRIC_REPRESENTATION_CONTEXT() REPRESENTATION_CONTEXT('2D SPACE',''
  ) );
#3097 = ORIENTED_EDGE('',*,*,#216,.F.);
#3098 = ORIENTED_EDGE('',*,*,#3077,.F.);
#3099 = ADVANCED_FACE('',(#3100),#181,.F.);
#3100 = FACE_BOUND('',#3101,.F.);
#3101 = EDGE_LOOP('',(#3102,#3125,#3126,#3149));
#3102 = ORIENTED_EDGE('',*,*,#3103,.T.);
#3103 = EDGE_CURVE('',#3104,#143,#3106,.T.);
#3104 = VERTEX_POINT('',#3105);
#3105 = CARTESIAN_POINT('',(50.,50.,0.));
#3106 = SURFACE_CURVE('',#3107,(#3111,#3118),.PCURVE_S1.);
#3107 = LINE('',#3108,#3109);
#3108 = CARTESIAN_POINT('',(50.,50.,0.));
#3109 = VECTOR('',#3110,1.);
#3110 = DIRECTION('',(0.,0.,1.));
#3111 = PCURVE('',#181,#3112);
#3112 = DEFINITIONAL_REPRESENTATION('',(#3113),#3117);
#3113 = LINE('',#3114,#3115);
#3114 = CARTESIAN_POINT('',(0.,-0.));
#3115 = VECTOR('',#3116,1.);
#3116 = DIRECTION('',(0.,-1.));
#3117 = ( GEOMETRIC_REPRESENTATION_CONTEXT(2) 
PARAMETRIC_REPRESENTATION_CONTEXT() REPRESENTATION_CONTEXT('2D SPACE',''
  ) );
#3118 = PCURVE('',#100,#3119);
#3119 = DEFINITIONAL_REPRESENTATION('',(#3120),#3124);
#3120 = LINE('',#3121,#3122);
#3121 = CARTESIAN_POINT('',(100.,0.));
#3122 = VECTOR('',#3123,1.);
#3123 = DIRECTION('',(0.,-1.));
#3124 = ( GEOMETRIC_REPRESENTATION_CONTEXT(2) 
PARAMETRIC_REPRESENTATION_CONTEXT() REPRESENTATION_CONTEXT('2D SPACE',''
  ) );
#3125 = ORIENTED_EDGE('',*,*,#165,.T.);
#3126 = ORIENTED_EDGE('',*,*,#3127,.F.);
#3127 = EDGE_CURVE('',#3128,#166,#3130,.T.);
#3128 = VERTEX_POINT('',#3129);
#3129 = CARTESIAN_POINT('',(-50.,50.,0.));
#3130 = SURFACE_CURVE('',#3131,(#3135,#3142),.PCURVE_S1.);
#3131 = LINE('',#3132,#3133);
#3132 = CARTESIAN_POINT('',(-50.,50.,0.));
#3133 = VECTOR('',#3134,1.);
#3134 = DIRECTION('',(0.,0.,1.));
#3135 = PCURVE('',#181,#3136);
#3136 = DEFINITIONAL_REPRESENTATION('',(#3137),#3141);
#3137 = LINE('',#3138,#3139);
#3138 = CARTESIAN_POINT('',(100.,0.));
#3139 = VECTOR('',#3140,1.);
#3140 = DIRECTION('',(0.,-1.));
#3141 = ( GEOMETRIC_REPRESENTATION_CONTEXT(2) 
PARAMETRIC_REPRESENTATION_CONTEXT() REPRESENTATION_CONTEXT('2D SPACE',''
  ) );
#3142 = PCURVE('',#44,#3143);
#3143 = DEFINITIONAL_REPRESENTATION('',(#3144),#3148);
#3144 = LINE('',#3145,#3146);
#3145 = CARTESIAN_POINT('',(0.,0.));
#3146 = VECTOR('',#3147,1.);
#3147 = DIRECTION('',(0.,-1.));
#3148 = ( GEOMETRIC_REPRESENTATION_CONTEXT(2) 
PARAMETRIC_REPRESENTATION_CONTEXT() REPRESENTATION_CONTEXT('2D SPACE',''
  ) );
#3149 = ORIENTED_EDGE('',*,*,#3150,.F.);
#3150 = EDGE_CURVE('',#3104,#3128,#3151,.T.);
#3151 = SURFACE_CURVE('',#3152,(#3156,#3163),.PCURVE_S1.);
#3152 = LINE('',#3153,#3154);
#3153 = CARTESIAN_POINT('',(50.,50.,0.));
#3154 = VECTOR('',#3155,1.);
#3155 = DIRECTION('',(-1.,0.,0.));
#3156 = PCURVE('',#181,#3157);
#3157 = DEFINITIONAL_REPRESENTATION('',(#3158),#3162);
#3158 = LINE('',#3159,#3160);
#3159 = CARTESIAN_POINT('',(0.,-0.));
#3160 = VECTOR('',#3161,1.);
#3161 = DIRECTION('',(1.,0.));
#3162 = ( GEOMETRIC_REPRESENTATION_CONTEXT(2) 
PARAMETRIC_REPRESENTATION_CONTEXT() REPRESENTATION_CONTEXT('2D SPACE',''
  ) );
#3163 = PCURVE('',#126,#3164);
#3164 = DEFINITIONAL_REPRESENTATION('',(#3165),#3169);
#3165 = LINE('',#3166,#3167);
#3166 = CARTESIAN_POINT('',(50.,50.));
#3167 = VECTOR('',#3168,1.);
#3168 = DIRECTION('',(-1.,0.));
#3169 = ( GEOMETRIC_REPRESENTATION_CONTEXT(2) 
PARAMETRIC_REPRESENTATION_CONTEXT() REPRESENTATION_CONTEXT('2D SPACE',''
  ) );
#3170 = ADVANCED_FACE('',(#3171,#3217,#3220,#3223,#3226,#3229),#126,.F.
  );
#3171 = FACE_BOUND('',#3172,.F.);
#3172 = EDGE_LOOP('',(#3173,#3174,#3195,#3196));
#3173 = ORIENTED_EDGE('',*,*,#112,.T.);
#3174 = ORIENTED_EDGE('',*,*,#3175,.T.);
#3175 = EDGE_CURVE('',#85,#3104,#3176,.T.);
#3176 = SURFACE_CURVE('',#3177,(#3181,#3188),.PCURVE_S1.);
#3177 = LINE('',#3178,#3179);
#3178 = CARTESIAN_POINT('',(50.,-50.,0.));
#3179 = VECTOR('',#3180,1.);
#3180 = DIRECTION('',(0.,1.,0.));
#3181 = PCURVE('',#126,#3182);
#3182 = DEFINITIONAL_REPRESENTATION('',(#3183),#3187);
#3183 = LINE('',#3184,#3185);
#3184 = CARTESIAN_POINT('',(50.,-50.));
#3185 = VECTOR('',#3186,1.);
#3186 = DIRECTION('',(0.,1.));
#3187 = ( GEOMETRIC_REPRESENTATION_CONTEXT(2) 
PARAMETRIC_REPRESENTATION_CONTEXT() REPRESENTATION_CONTEXT('2D SPACE',''
  ) );
#3188 = PCURVE('',#100,#3189);
#3189 = DEFINITIONAL_REPRESENTATION('',(#3190),#3194);
#3190 = LINE('',#3191,#3192);
#3191 = CARTESIAN_POINT('',(0.,0.));
#3192 = VECTOR('',#3193,1.);
#3193 = DIRECTION('',(1.,0.));
#3194 = ( GEOMETRIC_REPRESENTATION_CONTEXT(2) 
PARAMETRIC_REPRESENTATION_CONTEXT() REPRESENTATION_CONTEXT('2D SPACE',''
  ) );
#3195 = ORIENTED_EDGE('',*,*,#3150,.T.);
#3196 = ORIENTED_EDGE('',*,*,#3197,.T.);
#3197 = EDGE_CURVE('',#3128,#22,#3198,.T.);
#3198 = SURFACE_CURVE('',#3199,(#3203,#3210),.PCURVE_S1.);
#3199 = LINE('',#3200,#3201);
#3200 = CARTESIAN_POINT('',(-50.,50.,0.));
#3201 = VECTOR('',#3202,1.);
#3202 = DIRECTION('',(0.,-1.,0.));
#3203 = PCURVE('',#126,#3204);
#3204 = DEFINITIONAL_REPRESENTATION('',(#3205),#3209);
#3205 = LINE('',#3206,#3207);
#3206 = CARTESIAN_POINT('',(-50.,50.));
#3207 = VECTOR('',#3208,1.);
#3208 = DIRECTION('',(0.,-1.));
#3209 = ( GEOMETRIC_REPRESENTATION_CONTEXT(2) 
PARAMETRIC_REPRESENTATION_CONTEXT() REPRESENTATION_CONTEXT('2D SPACE',''
  ) );
#3210 = PCURVE('',#44,#3211);
#3211 = DEFINITIONAL_REPRESENTATION('',(#3212),#3216);
#3212 = LINE('',#3213,#3214);
#3213 = CARTESIAN_POINT('',(0.,0.));
#3214 = VECTOR('',#3215,1.);
#3215 = DIRECTION('',(1.,0.));
#3216 = ( GEOMETRIC_REPRESENTATION_CONTEXT(2) 
PARAMETRIC_REPRESENTATION_CONTEXT() REPRESENTATION_CONTEXT('2D SPACE',''
  ) );
#3217 = FACE_BOUND('',#3218,.F.);
#3218 = EDGE_LOOP('',(#3219));
#3219 = ORIENTED_EDGE('',*,*,#3049,.T.);
#3220 = FACE_BOUND('',#3221,.F.);
#3221 = EDGE_LOOP('',(#3222));
#3222 = ORIENTED_EDGE('',*,*,#2995,.T.);
#3223 = FACE_BOUND('',#3224,.F.);
#3224 = EDGE_LOOP('',(#3225));
#3225 = ORIENTED_EDGE('',*,*,#2941,.T.);
#3226 = FACE_BOUND('',#3227,.F.);
#3227 = EDGE_LOOP('',(#3228));
#3228 = ORIENTED_EDGE('',*,*,#2833,.T.);
#3229 = FACE_BOUND('',#3230,.F.);
#3230 = EDGE_LOOP('',(#3231));
#3231 = ORIENTED_EDGE('',*,*,#392,.T.);
#3232 = ADVANCED_FACE('',(#3233),#100,.F.);
#3233 = FACE_BOUND('',#3234,.F.);
#3234 = EDGE_LOOP('',(#3235,#3236,#3237,#3238));
#3235 = ORIENTED_EDGE('',*,*,#84,.T.);
#3236 = ORIENTED_EDGE('',*,*,#142,.T.);
#3237 = ORIENTED_EDGE('',*,*,#3103,.F.);
#3238 = ORIENTED_EDGE('',*,*,#3175,.F.);
#3239 = ADVANCED_FACE('',(#3240),#44,.F.);
#3240 = FACE_BOUND('',#3241,.F.);
#3241 = EDGE_LOOP('',(#3242,#3243,#3244,#3245));
#3242 = ORIENTED_EDGE('',*,*,#3127,.T.);
#3243 = ORIENTED_EDGE('',*,*,#193,.T.);
#3244 = ORIENTED_EDGE('',*,*,#21,.F.);
#3245 = ORIENTED_EDGE('',*,*,#3197,.F.);
#3246 = ( GEOMETRIC_REPRESENTATION_CONTEXT(3) 
GLOBAL_UNCERTAINTY_ASSIGNED_CONTEXT((#3250)) 
GLOBAL_UNIT_ASSIGNED_CONTEXT((#3247,#3248,#3249)) REPRESENTATION_CONTEXT
('Context #1','3D Context with UNIT and UNCERTAINTY') );
#3247 = ( LENGTH_UNIT() NAMED_UNIT(*) SI_UNIT(.MILLI.,.METRE.) );
#3248 = ( NAMED_UNIT(*) PLANE_ANGLE_UNIT() SI_UNIT($,.RADIAN.) );
#3249 = ( NAMED_UNIT(*) SI_UNIT($,.STERADIAN.) SOLID_ANGLE_UNIT() );
#3250 = UNCERTAINTY_MEASURE_WITH_UNIT(LENGTH_MEASURE(1.E-07),#3247,
  'distance_accuracy_value','confusion accuracy');
#3251 = PRODUCT_RELATED_PRODUCT_CATEGORY('part',$,(#7));
ENDSEC;
END-ISO-10303-21;
