ISO-10303-21;
HEADER;
FILE_DESCRIPTION(('Open CASCADE Model'),'2;1');
FILE_NAME('Open CASCADE Shape Model','2026-09-24T16:24:42',('Author'),(
    'Open CASCADE'),'Open CASCADE STEP processor 7.9','Open CASCADE 7.9'
  ,'Unknown');
FILE_SCHEMA(('AUTOMOTIVE_DESIGN { 1 0 10303 214 1 1 1 1 }'));
ENDSEC;
DATA;
#1 = APPLICATION_PROTOCOL_DEFINITION('international standard',
  'automotive_design',2000,#2);
#2 = APPLICATION_CONTEXT(
  'core data for automotive mechanical design processes');
#3 = SHAPE_DEFINITION_REPRESENTATION(#4,#10);
#4 = PRODUCT_DEFINITION_SHAPE('','',#5);
#5 = PRODUCT_DEFINITION('design','',#6,#9);
#6 = PRODUCT_DEFINITION_FORMATION('','',#7);
#7 = PRODUCT('Open CASCADE STEP translator 7.9 6',
  'Open CASCADE STEP translator 7.9 6','',(#8));
#8 = PRODUCT_CONTEXT('',#2,'mechanical');
#9 = PRODUCT_DEFINITION_CONTEXT('part definition',#2,'design');
#10 = ADVANCED_BREP_SHAPE_REPRESENTATION('',(#11,#15),#3547);
#11 = AXIS2_PLACEMENT_3D('',#12,#13,#14);
#12 = CARTESIAN_POINT('',(0.,0.,0.));
#13 = DIRECTION('',(0.,0.,1.));
#14 = DIRECTION('',(1.,0.,-0.));
#15 = MANIFOLD_SOLID_BREP('',#16);
#16 = CLOSED_SHELL('',(#17,#137,#388,#442,#497,#606,#661,#713,#955,#1002
    ,#1167,#1477,#1682,#1983,#2033,#2336,#2658,#2708,#2868,#2924,#3011,
    #3122,#3130,#3184,#3211,#3238,#3292,#3346,#3400,#3471,#3533,#3540));
#17 = ADVANCED_FACE('',(#18),#32,.F.);
#18 = FACE_BOUND('',#19,.F.);
#19 = EDGE_LOOP('',(#20,#55,#83,#111));
#20 = ORIENTED_EDGE('',*,*,#21,.T.);
#21 = EDGE_CURVE('',#22,#24,#26,.T.);
#22 = VERTEX_POINT('',#23);
#23 = CARTESIAN_POINT('',(-50.,-50.,0.));
#24 = VERTEX_POINT('',#25);
#25 = CARTESIAN_POINT('',(-50.,-50.,6.));
#26 = SURFACE_CURVE('',#27,(#31,#43),.PCURVE_S1.);
#27 = LINE('',#28,#29);
#28 = CARTESIAN_POINT('',(-50.,-50.,0.));
#29 = VECTOR('',#30,1.);
#30 = DIRECTION('',(0.,0.,1.));
#31 = PCURVE('',#32,#37);
#32 = PLANE('',#33);
#33 = AXIS2_PLACEMENT_3D('',#34,#35,#36);
#34 = CARTESIAN_POINT('',(-50.,-50.,0.));
#35 = DIRECTION('',(0.,1.,0.));
#36 = DIRECTION('',(1.,0.,0.));
#37 = DEFINITIONAL_REPRESENTATION('',(#38),#42);
#38 = LINE('',#39,#40);
#39 = CARTESIAN_POINT('',(0.,0.));
#40 = VECTOR('',#41,1.);
#41 = DIRECTION('',(0.,-1.));
#42 = ( GEOMETRIC_REPRESENTATION_CONTEXT(2) 
PARAMETRIC_REPRESENTATION_CONTEXT() REPRESENTATION_CONTEXT('2D SPACE',''
  ) );
#43 = PCURVE('',#44,#49);
#44 = PLANE('',#45);
#45 = AXIS2_PLACEMENT_3D('',#46,#47,#48);
#46 = CARTESIAN_POINT('',(-50.,50.,0.));
#47 = DIRECTION('',(1.,0.,-0.));
#48 = DIRECTION('',(0.,-1.,0.));
#49 = DEFINITIONAL_REPRESENTATION('',(#50),#54);
#50 = LINE('',#51,#52);
#51 = CARTESIAN_POINT('',(100.,0.));
#52 = VECTOR('',#53,1.);
#53 = DIRECTION('',(0.,-1.));
#54 = ( GEOMETRIC_REPRESENTATION_CONTEXT(2) 
PARAMETRIC_REPRESENTATION_CONTEXT() REPRESENTATION_CONTEXT('2D SPACE',''
  ) );
#55 = ORIENTED_EDGE('',*,*,#56,.T.);
#56 = EDGE_CURVE('',#24,#57,#59,.T.);
#57 = VERTEX_POINT('',#58);
#58 = CARTESIAN_POINT('',(50.,-50.,6.));
#59 = SURFACE_CURVE('',#60,(#64,#71),.PCURVE_S1.);
#60 = LINE('',#61,#62);
#61 = CARTESIAN_POINT('',(-50.,-50.,6.));
#62 = VECTOR('',#63,1.);
#63 = DIRECTION('',(1.,0.,0.));
#64 = PCURVE('',#32,#65);
#65 = DEFINITIONAL_REPRESENTATION('',(#66),#70);
#66 = LINE('',#67,#68);
#67 = CARTESIAN_POINT('',(0.,-6.));
#68 = VECTOR('',#69,1.);
#69 = DIRECTION('',(1.,0.));
#70 = ( GEOMETRIC_REPRESENTATION_CONTEXT(2) 
PARAMETRIC_REPRESENTATION_CONTEXT() REPRESENTATION_CONTEXT('2D SPACE',''
  ) );
#71 = PCURVE('',#72,#77);
#72 = PLANE('',#73);
#73 = AXIS2_PLACEMENT_3D('',#74,#75,#76);
#74 = CARTESIAN_POINT('',(0.,0.,6.));
#75 = DIRECTION('',(0.,0.,1.));
#76 = DIRECTION('',(1.,0.,-0.));
#77 = DEFINITIONAL_REPRESENTATION('',(#78),#82);
#78 = LINE('',#79,#80);
#79 = CARTESIAN_POINT('',(-50.,-50.));
#80 = VECTOR('',#81,1.);
#81 = DIRECTION('',(1.,0.));
#82 = ( GEOMETRIC_REPRESENTATION_CONTEXT(2) 
PARAMETRIC_REPRESENTATION_CONTEXT() REPRESENTATION_CONTEXT('2D SPACE',''
  ) );
#83 = ORIENTED_EDGE('',*,*,#84,.F.);
#84 = EDGE_CURVE('',#85,#57,#87,.T.);
#85 = VERTEX_POINT('',#86);
#86 = CARTESIAN_POINT('',(50.,-50.,0.));
#87 = SURFACE_CURVE('',#88,(#92,#99),.PCURVE_S1.);
#88 = LINE('',#89,#90);
#89 = CARTESIAN_POINT('',(50.,-50.,0.));
#90 = VECTOR('',#91,1.);
#91 = DIRECTION('',(0.,0.,1.));
#92 = PCURVE('',#32,#93);
#93 = DEFINITIONAL_REPRESENTATION('',(#94),#98);
#94 = LINE('',#95,#96);
#95 = CARTESIAN_POINT('',(100.,0.));
#96 = VECTOR('',#97,1.);
#97 = DIRECTION('',(0.,-1.));
#98 = ( GEOMETRIC_REPRESENTATION_CONTEXT(2) 
PARAMETRIC_REPRESENTATION_CONTEXT() REPRESENTATION_CONTEXT('2D SPACE',''
  ) );
#99 = PCURVE('',#100,#105);
#100 = PLANE('',#101);
#101 = AXIS2_PLACEMENT_3D('',#102,#103,#104);
#102 = CARTESIAN_POINT('',(50.,-50.,0.));
#103 = DIRECTION('',(-1.,0.,0.));
#104 = DIRECTION('',(0.,1.,0.));
#105 = DEFINITIONAL_REPRESENTATION('',(#106),#110);
#106 = LINE('',#107,#108);
#107 = CARTESIAN_POINT('',(0.,0.));
#108 = VECTOR('',#109,1.);
#109 = DIRECTION('',(0.,-1.));
#110 = ( GEOMETRIC_REPRESENTATION_CONTEXT(2) 
PARAMETRIC_REPRESENTATION_CONTEXT() REPRESENTATION_CONTEXT('2D SPACE',''
  ) );
#111 = ORIENTED_EDGE('',*,*,#112,.F.);
#112 = EDGE_CURVE('',#22,#85,#113,.T.);
#113 = SURFACE_CURVE('',#114,(#118,#125),.PCURVE_S1.);
#114 = LINE('',#115,#116);
#115 = CARTESIAN_POINT('',(-50.,-50.,0.));
#116 = VECTOR('',#117,1.);
#117 = DIRECTION('',(1.,0.,0.));
#118 = PCURVE('',#32,#119);
#119 = DEFINITIONAL_REPRESENTATION('',(#120),#124);
#120 = LINE('',#121,#122);
#121 = CARTESIAN_POINT('',(0.,0.));
#122 = VECTOR('',#123,1.);
#123 = DIRECTION('',(1.,0.));
#124 = ( GEOMETRIC_REPRESENTATION_CONTEXT(2) 
PARAMETRIC_REPRESENTATION_CONTEXT() REPRESENTATION_CONTEXT('2D SPACE',''
  ) );
#125 = PCURVE('',#126,#131);
#126 = PLANE('',#127);
#127 = AXIS2_PLACEMENT_3D('',#128,#129,#130);
#128 = CARTESIAN_POINT('',(0.,0.,0.));
#129 = DIRECTION('',(0.,0.,1.));
#130 = DIRECTION('',(1.,0.,-0.));
#131 = DEFINITIONAL_REPRESENTATION('',(#132),#136);
#132 = LINE('',#133,#134);
#133 = CARTESIAN_POINT('',(-50.,-50.));
#134 = VECTOR('',#135,1.);
#135 = DIRECTION('',(1.,0.));
#136 = ( GEOMETRIC_REPRESENTATION_CONTEXT(2) 
PARAMETRIC_REPRESENTATION_CONTEXT() REPRESENTATION_CONTEXT('2D SPACE',''
  ) );
#137 = ADVANCED_FACE('',(#138,#213,#248,#283,#318,#353),#72,.T.);
#138 = FACE_BOUND('',#139,.T.);
#139 = EDGE_LOOP('',(#140,#141,#164,#192));
#140 = ORIENTED_EDGE('',*,*,#56,.T.);
#141 = ORIENTED_EDGE('',*,*,#142,.T.);
#142 = EDGE_CURVE('',#57,#143,#145,.T.);
#143 = VERTEX_POINT('',#144);
#144 = CARTESIAN_POINT('',(50.,50.,6.));
#145 = SURFACE_CURVE('',#146,(#150,#157),.PCURVE_S1.);
#146 = LINE('',#147,#148);
#147 = CARTESIAN_POINT('',(50.,-50.,6.));
#148 = VECTOR('',#149,1.);
#149 = DIRECTION('',(0.,1.,0.));
#150 = PCURVE('',#72,#151);
#151 = DEFINITIONAL_REPRESENTATION('',(#152),#156);
#152 = LINE('',#153,#154);
#153 = CARTESIAN_POINT('',(50.,-50.));
#154 = VECTOR('',#155,1.);
#155 = DIRECTION('',(0.,1.));
#156 = ( GEOMETRIC_REPRESENTATION_CONTEXT(2) 
PARAMETRIC_REPRESENTATION_CONTEXT() REPRESENTATION_CONTEXT('2D SPACE',''
  ) );
#157 = PCURVE('',#100,#158);
#158 = DEFINITIONAL_REPRESENTATION('',(#159),#163);
#159 = LINE('',#160,#161);
#160 = CARTESIAN_POINT('',(0.,-6.));
#161 = VECTOR('',#162,1.);
#162 = DIRECTION('',(1.,0.));
#163 = ( GEOMETRIC_REPRESENTATION_CONTEXT(2) 
PARAMETRIC_REPRESENTATION_CONTEXT() REPRESENTATION_CONTEXT('2D SPACE',''
  ) );
#164 = ORIENTED_EDGE('',*,*,#165,.T.);
#165 = EDGE_CURVE('',#143,#166,#168,.T.);
#166 = VERTEX_POINT('',#167);
#167 = CARTESIAN_POINT('',(-50.,50.,6.));
#168 = SURFACE_CURVE('',#169,(#173,#180),.PCURVE_S1.);
#169 = LINE('',#170,#171);
#170 = CARTESIAN_POINT('',(50.,50.,6.));
#171 = VECTOR('',#172,1.);
#172 = DIRECTION('',(-1.,0.,0.));
#173 = PCURVE('',#72,#174);
#174 = DEFINITIONAL_REPRESENTATION('',(#175),#179);
#175 = LINE('',#176,#177);
#176 = CARTESIAN_POINT('',(50.,50.));
#177 = VECTOR('',#178,1.);
#178 = DIRECTION('',(-1.,0.));
#179 = ( GEOMETRIC_REPRESENTATION_CONTEXT(2) 
PARAMETRIC_REPRESENTATION_CONTEXT() REPRESENTATION_CONTEXT('2D SPACE',''
  ) );
#180 = PCURVE('',#181,#186);
#181 = PLANE('',#182);
#182 = AXIS2_PLACEMENT_3D('',#183,#184,#185);
#183 = CARTESIAN_POINT('',(50.,50.,0.));
#184 = DIRECTION('',(0.,-1.,0.));
#185 = DIRECTION('',(-1.,0.,0.));
#186 = DEFINITIONAL_REPRESENTATION('',(#187),#191);
#187 = LINE('',#188,#189);
#188 = CARTESIAN_POINT('',(0.,-6.));
#189 = VECTOR('',#190,1.);
#190 = DIRECTION('',(1.,0.));
#191 = ( GEOMETRIC_REPRESENTATION_CONTEXT(2) 
PARAMETRIC_REPRESENTATION_CONTEXT() REPRESENTATION_CONTEXT('2D SPACE',''
  ) );
#192 = ORIENTED_EDGE('',*,*,#193,.T.);
#193 = EDGE_CURVE('',#166,#24,#194,.T.);
#194 = SURFACE_CURVE('',#195,(#199,#206),.PCURVE_S1.);
#195 = LINE('',#196,#197);
#196 = CARTESIAN_POINT('',(-50.,50.,6.));
#197 = VECTOR('',#198,1.);
#198 = DIRECTION('',(0.,-1.,0.));
#199 = PCURVE('',#72,#200);
#200 = DEFINITIONAL_REPRESENTATION('',(#201),#205);
#201 = LINE('',#202,#203);
#202 = CARTESIAN_POINT('',(-50.,50.));
#203 = VECTOR('',#204,1.);
#204 = DIRECTION('',(0.,-1.));
#205 = ( GEOMETRIC_REPRESENTATION_CONTEXT(2) 
PARAMETRIC_REPRESENTATION_CONTEXT() REPRESENTATION_CONTEXT('2D SPACE',''
  ) );
#206 = PCURVE('',#44,#207);
#207 = DEFINITIONAL_REPRESENTATION('',(#208),#212);
#208 = LINE('',#209,#210);
#209 = CARTESIAN_POINT('',(0.,-6.));
#210 = VECTOR('',#211,1.);
#211 = DIRECTION('',(1.,0.));
#212 = ( GEOMETRIC_REPRESENTATION_CONTEXT(2) 
PARAMETRIC_REPRESENTATION_CONTEXT() REPRESENTATION_CONTEXT('2D SPACE',''
  ) );
#213 = FACE_BOUND('',#214,.T.);
#214 = EDGE_LOOP('',(#215));
#215 = ORIENTED_EDGE('',*,*,#216,.T.);
#216 = EDGE_CURVE('',#217,#217,#219,.T.);
#217 = VERTEX_POINT('',#218);
#218 = CARTESIAN_POINT('',(-37.7,-40.,6.));
#219 = SURFACE_CURVE('',#220,(#225,#236),.PCURVE_S1.);
#220 = CIRCLE('',#221,2.3);
#221 = AXIS2_PLACEMENT_3D('',#222,#223,#224);
#222 = CARTESIAN_POINT('',(-40.,-40.,6.));
#223 = DIRECTION('',(0.,0.,-1.));
#224 = DIRECTION('',(1.,0.,0.));
#225 = PCURVE('',#72,#226);
#226 = DEFINITIONAL_REPRESENTATION('',(#227),#235);
#227 = ( BOUNDED_CURVE() B_SPLINE_CURVE(2,(#228,#229,#230,#231,#232,#233
,#234),.UNSPECIFIED.,.T.,.F.) B_SPLINE_CURVE_WITH_KNOTS((1,2,2,2,2,1),(
    -2.094395102393,0.,2.094395102393,4.188790204786,6.28318530718,
8.377580409573),.UNSPECIFIED.) CURVE() GEOMETRIC_REPRESENTATION_ITEM() 
RATIONAL_B_SPLINE_CURVE((1.,0.5,1.,0.5,1.,0.5,1.)) REPRESENTATION_ITEM(
  '') );
#228 = CARTESIAN_POINT('',(-37.7,-40.));
#229 = CARTESIAN_POINT('',(-37.7,-43.9837168574));
#230 = CARTESIAN_POINT('',(-41.15,-41.9918584287));
#231 = CARTESIAN_POINT('',(-44.6,-40.));
#232 = CARTESIAN_POINT('',(-41.15,-38.00814157129));
#233 = CARTESIAN_POINT('',(-37.7,-36.01628314259));
#234 = CARTESIAN_POINT('',(-37.7,-40.));
#235 = ( GEOMETRIC_REPRESENTATION_CONTEXT(2) 
PARAMETRIC_REPRESENTATION_CONTEXT() REPRESENTATION_CONTEXT('2D SPACE',''
  ) );
#236 = PCURVE('',#237,#242);
#237 = CYLINDRICAL_SURFACE('',#238,2.3);
#238 = AXIS2_PLACEMENT_3D('',#239,#240,#241);
#239 = CARTESIAN_POINT('',(-40.,-40.,-1.));
#240 = DIRECTION('',(-0.,-0.,-1.));
#241 = DIRECTION('',(1.,0.,0.));
#242 = DEFINITIONAL_REPRESENTATION('',(#243),#247);
#243 = LINE('',#244,#245);
#244 = CARTESIAN_POINT('',(-6.28318530718,-7.));
#245 = VECTOR('',#246,1.);
#246 = DIRECTION('',(1.,-0.));
#247 = ( GEOMETRIC_REPRESENTATION_CONTEXT(2) 
PARAMETRIC_REPRESENTATION_CONTEXT() REPRESENTATION_CONTEXT('2D SPACE',''
  ) );
#248 = FACE_BOUND('',#249,.T.);
#249 = EDGE_LOOP('',(#250));
#250 = ORIENTED_EDGE('',*,*,#251,.T.);
#251 = EDGE_CURVE('',#252,#252,#254,.T.);
#252 = VERTEX_POINT('',#253);
#253 = CARTESIAN_POINT('',(42.3,-40.,6.));
#254 = SURFACE_CURVE('',#255,(#260,#271),.PCURVE_S1.);
#255 = CIRCLE('',#256,2.3);
#256 = AXIS2_PLACEMENT_3D('',#257,#258,#259);
#257 = CARTESIAN_POINT('',(40.,-40.,6.));
#258 = DIRECTION('',(0.,0.,-1.));
#259 = DIRECTION('',(1.,0.,0.));
#260 = PCURVE('',#72,#261);
#261 = DEFINITIONAL_REPRESENTATION('',(#262),#270);
#262 = ( BOUNDED_CURVE() B_SPLINE_CURVE(2,(#263,#264,#265,#266,#267,#268
,#269),.UNSPECIFIED.,.T.,.F.) B_SPLINE_CURVE_WITH_KNOTS((1,2,2,2,2,1),(
    -2.094395102393,0.,2.094395102393,4.188790204786,6.28318530718,
8.377580409573),.UNSPECIFIED.) CURVE() GEOMETRIC_REPRESENTATION_ITEM() 
RATIONAL_B_SPLINE_CURVE((1.,0.5,1.,0.5,1.,0.5,1.)) REPRESENTATION_ITEM(
  '') );
#263 = CARTESIAN_POINT('',(42.3,-40.));
#264 = CARTESIAN_POINT('',(42.3,-43.9837168574));
#265 = CARTESIAN_POINT('',(38.85,-41.9918584287));
#266 = CARTESIAN_POINT('',(35.4,-40.));
#267 = CARTESIAN_POINT('',(38.85,-38.00814157129));
#268 = CARTESIAN_POINT('',(42.3,-36.01628314259));
#269 = CARTESIAN_POINT('',(42.3,-40.));
#270 = ( GEOMETRIC_REPRESENTATION_CONTEXT(2) 
PARAMETRIC_REPRESENTATION_CONTEXT() REPRESENTATION_CONTEXT('2D SPACE',''
  ) );
#271 = PCURVE('',#272,#277);
#272 = CYLINDRICAL_SURFACE('',#273,2.3);
#273 = AXIS2_PLACEMENT_3D('',#274,#275,#276);
#274 = CARTESIAN_POINT('',(40.,-40.,-1.));
#275 = DIRECTION('',(-0.,-0.,-1.));
#276 = DIRECTION('',(1.,0.,0.));
#277 = DEFINITIONAL_REPRESENTATION('',(#278),#282);
#278 = LINE('',#279,#280);
#279 = CARTESIAN_POINT('',(-6.28318530718,-7.));
#280 = VECTOR('',#281,1.);
#281 = DIRECTION('',(1.,-0.));
#282 = ( GEOMETRIC_REPRESENTATION_CONTEXT(2) 
PARAMETRIC_REPRESENTATION_CONTEXT() REPRESENTATION_CONTEXT('2D SPACE',''
  ) );
#283 = FACE_BOUND('',#284,.T.);
#284 = EDGE_LOOP('',(#285));
#285 = ORIENTED_EDGE('',*,*,#286,.T.);
#286 = EDGE_CURVE('',#287,#287,#289,.T.);
#287 = VERTEX_POINT('',#288);
#288 = CARTESIAN_POINT('',(-37.7,40.,6.));
#289 = SURFACE_CURVE('',#290,(#295,#306),.PCURVE_S1.);
#290 = CIRCLE('',#291,2.3);
#291 = AXIS2_PLACEMENT_3D('',#292,#293,#294);
#292 = CARTESIAN_POINT('',(-40.,40.,6.));
#293 = DIRECTION('',(0.,0.,-1.));
#294 = DIRECTION('',(1.,0.,0.));
#295 = PCURVE('',#72,#296);
#296 = DEFINITIONAL_REPRESENTATION('',(#297),#305);
#297 = ( BOUNDED_CURVE() B_SPLINE_CURVE(2,(#298,#299,#300,#301,#302,#303
,#304),.UNSPECIFIED.,.T.,.F.) B_SPLINE_CURVE_WITH_KNOTS((1,2,2,2,2,1),(
    -2.094395102393,0.,2.094395102393,4.188790204786,6.28318530718,
8.377580409573),.UNSPECIFIED.) CURVE() GEOMETRIC_REPRESENTATION_ITEM() 
RATIONAL_B_SPLINE_CURVE((1.,0.5,1.,0.5,1.,0.5,1.)) REPRESENTATION_ITEM(
  '') );
#298 = CARTESIAN_POINT('',(-37.7,40.));
#299 = CARTESIAN_POINT('',(-37.7,36.016283142592));
#300 = CARTESIAN_POINT('',(-41.15,38.008141571296));
#301 = CARTESIAN_POINT('',(-44.6,40.));
#302 = CARTESIAN_POINT('',(-41.15,41.991858428704));
#303 = CARTESIAN_POINT('',(-37.7,43.983716857408));
#304 = CARTESIAN_POINT('',(-37.7,40.));
#305 = ( GEOMETRIC_REPRESENTATION_CONTEXT(2) 
PARAMETRIC_REPRESENTATION_CONTEXT() REPRESENTATION_CONTEXT('2D SPACE',''
  ) );
#306 = PCURVE('',#307,#312);
#307 = CYLINDRICAL_SURFACE('',#308,2.3);
#308 = AXIS2_PLACEMENT_3D('',#309,#310,#311);
#309 = CARTESIAN_POINT('',(-40.,40.,-1.));
#310 = DIRECTION('',(-0.,-0.,-1.));
#311 = DIRECTION('',(1.,0.,0.));
#312 = DEFINITIONAL_REPRESENTATION('',(#313),#317);
#313 = LINE('',#314,#315);
#314 = CARTESIAN_POINT('',(-6.28318530718,-7.));
#315 = VECTOR('',#316,1.);
#316 = DIRECTION('',(1.,-0.));
#317 = ( GEOMETRIC_REPRESENTATION_CONTEXT(2) 
PARAMETRIC_REPRESENTATION_CONTEXT() REPRESENTATION_CONTEXT('2D SPACE',''
  ) );
#318 = FACE_BOUND('',#319,.T.);
#319 = EDGE_LOOP('',(#320));
#320 = ORIENTED_EDGE('',*,*,#321,.T.);
#321 = EDGE_CURVE('',#322,#322,#324,.T.);
#322 = VERTEX_POINT('',#323);
#323 = CARTESIAN_POINT('',(42.,0.,6.));
#324 = SURFACE_CURVE('',#325,(#330,#341),.PCURVE_S1.);
#325 = CIRCLE('',#326,42.);
#326 = AXIS2_PLACEMENT_3D('',#327,#328,#329);
#327 = CARTESIAN_POINT('',(0.,0.,6.));
#328 = DIRECTION('',(0.,0.,-1.));
#329 = DIRECTION('',(1.,0.,0.));
#330 = PCURVE('',#72,#331);
#331 = DEFINITIONAL_REPRESENTATION('',(#332),#340);
#332 = ( BOUNDED_CURVE() B_SPLINE_CURVE(2,(#333,#334,#335,#336,#337,#338
,#339),.UNSPECIFIED.,.T.,.F.) B_SPLINE_CURVE_WITH_KNOTS((1,2,2,2,2,1),(
    -2.094395102393,0.,2.094395102393,4.188790204786,6.28318530718,
8.377580409573),.UNSPECIFIED.) CURVE() GEOMETRIC_REPRESENTATION_ITEM() 
RATIONAL_B_SPLINE_CURVE((1.,0.5,1.,0.5,1.,0.5,1.)) REPRESENTATION_ITEM(
  '') );
#333 = CARTESIAN_POINT('',(42.,0.));
#334 = CARTESIAN_POINT('',(42.,-72.74613391789));
#335 = CARTESIAN_POINT('',(-21.,-36.37306695894));
#336 = CARTESIAN_POINT('',(-84.,-1.028703311284E-14));
#337 = CARTESIAN_POINT('',(-21.,36.373066958946));
#338 = CARTESIAN_POINT('',(42.,72.746133917893));
#339 = CARTESIAN_POINT('',(42.,0.));
#340 = ( GEOMETRIC_REPRESENTATION_CONTEXT(2) 
PARAMETRIC_REPRESENTATION_CONTEXT() REPRESENTATION_CONTEXT('2D SPACE',''
  ) );
#341 = PCURVE('',#342,#347);
#342 = CYLINDRICAL_SURFACE('',#343,42.);
#343 = AXIS2_PLACEMENT_3D('',#344,#345,#346);
#344 = CARTESIAN_POINT('',(0.,0.,0.));
#345 = DIRECTION('',(-0.,-0.,-1.));
#346 = DIRECTION('',(1.,0.,0.));
#347 = DEFINITIONAL_REPRESENTATION('',(#348),#352);
#348 = LINE('',#349,#350);
#349 = CARTESIAN_POINT('',(-6.28318530718,-6.));
#350 = VECTOR('',#351,1.);
#351 = DIRECTION('',(1.,-0.));
#352 = ( GEOMETRIC_REPRESENTATION_CONTEXT(2) 
PARAMETRIC_REPRESENTATION_CONTEXT() REPRESENTATION_CONTEXT('2D SPACE',''
  ) );
#353 = FACE_BOUND('',#354,.T.);
#354 = EDGE_LOOP('',(#355));
#355 = ORIENTED_EDGE('',*,*,#356,.T.);
#356 = EDGE_CURVE('',#357,#357,#359,.T.);
#357 = VERTEX_POINT('',#358);
#358 = CARTESIAN_POINT('',(42.3,40.,6.));
#359 = SURFACE_CURVE('',#360,(#365,#376),.PCURVE_S1.);
#360 = CIRCLE('',#361,2.3);
#361 = AXIS2_PLACEMENT_3D('',#362,#363,#364);
#362 = CARTESIAN_POINT('',(40.,40.,6.));
#363 = DIRECTION('',(0.,0.,-1.));
#364 = DIRECTION('',(1.,0.,0.));
#365 = PCURVE('',#72,#366);
#366 = DEFINITIONAL_REPRESENTATION('',(#367),#375);
#367 = ( BOUNDED_CURVE() B_SPLINE_CURVE(2,(#368,#369,#370,#371,#372,#373
,#374),.UNSPECIFIED.,.T.,.F.) B_SPLINE_CURVE_WITH_KNOTS((1,2,2,2,2,1),(
    -2.094395102393,0.,2.094395102393,4.188790204786,6.28318530718,
8.377580409573),.UNSPECIFIED.) CURVE() GEOMETRIC_REPRESENTATION_ITEM() 
RATIONAL_B_SPLINE_CURVE((1.,0.5,1.,0.5,1.,0.5,1.)) REPRESENTATION_ITEM(
  '') );
#368 = CARTESIAN_POINT('',(42.3,40.));
#369 = CARTESIAN_POINT('',(42.3,36.016283142592));
#370 = CARTESIAN_POINT('',(38.85,38.008141571296));
#371 = CARTESIAN_POINT('',(35.4,40.));
#372 = CARTESIAN_POINT('',(38.85,41.991858428704));
#373 = CARTESIAN_POINT('',(42.3,43.983716857408));
#374 = CARTESIAN_POINT('',(42.3,40.));
#375 = ( GEOMETRIC_REPRESENTATION_CONTEXT(2) 
PARAMETRIC_REPRESENTATION_CONTEXT() REPRESENTATION_CONTEXT('2D SPACE',''
  ) );
#376 = PCURVE('',#377,#382);
#377 = CYLINDRICAL_SURFACE('',#378,2.3);
#378 = AXIS2_PLACEMENT_3D('',#379,#380,#381);
#379 = CARTESIAN_POINT('',(40.,40.,-1.));
#380 = DIRECTION('',(-0.,-0.,-1.));
#381 = DIRECTION('',(1.,0.,0.));
#382 = DEFINITIONAL_REPRESENTATION('',(#383),#387);
#383 = LINE('',#384,#385);
#384 = CARTESIAN_POINT('',(-6.28318530718,-7.));
#385 = VECTOR('',#386,1.);
#386 = DIRECTION('',(1.,-0.));
#387 = ( GEOMETRIC_REPRESENTATION_CONTEXT(2) 
PARAMETRIC_REPRESENTATION_CONTEXT() REPRESENTATION_CONTEXT('2D SPACE',''
  ) );
#388 = ADVANCED_FACE('',(#389),#377,.F.);
#389 = FACE_BOUND('',#390,.T.);
#390 = EDGE_LOOP('',(#391,#419,#440,#441));
#391 = ORIENTED_EDGE('',*,*,#392,.T.);
#392 = EDGE_CURVE('',#393,#393,#395,.T.);
#393 = VERTEX_POINT('',#394);
#394 = CARTESIAN_POINT('',(42.3,40.,0.));
#395 = SURFACE_CURVE('',#396,(#401,#408),.PCURVE_S1.);
#396 = CIRCLE('',#397,2.3);
#397 = AXIS2_PLACEMENT_3D('',#398,#399,#400);
#398 = CARTESIAN_POINT('',(40.,40.,0.));
#399 = DIRECTION('',(0.,0.,-1.));
#400 = DIRECTION('',(1.,0.,0.));
#401 = PCURVE('',#377,#402);
#402 = DEFINITIONAL_REPRESENTATION('',(#403),#407);
#403 = LINE('',#404,#405);
#404 = CARTESIAN_POINT('',(-6.28318530718,-1.));
#405 = VECTOR('',#406,1.);
#406 = DIRECTION('',(1.,-0.));
#407 = ( GEOMETRIC_REPRESENTATION_CONTEXT(2) 
PARAMETRIC_REPRESENTATION_CONTEXT() REPRESENTATION_CONTEXT('2D SPACE',''
  ) );
#408 = PCURVE('',#126,#409);
#409 = DEFINITIONAL_REPRESENTATION('',(#410),#418);
#410 = ( BOUNDED_CURVE() B_SPLINE_CURVE(2,(#411,#412,#413,#414,#415,#416
,#417),.UNSPECIFIED.,.T.,.F.) B_SPLINE_CURVE_WITH_KNOTS((1,2,2,2,2,1),(
    -2.094395102393,0.,2.094395102393,4.188790204786,6.28318530718,
8.377580409573),.UNSPECIFIED.) CURVE() GEOMETRIC_REPRESENTATION_ITEM() 
RATIONAL_B_SPLINE_CURVE((1.,0.5,1.,0.5,1.,0.5,1.)) REPRESENTATION_ITEM(
  '') );
#411 = CARTESIAN_POINT('',(42.3,40.));
#412 = CARTESIAN_POINT('',(42.3,36.016283142592));
#413 = CARTESIAN_POINT('',(38.85,38.008141571296));
#414 = CARTESIAN_POINT('',(35.4,40.));
#415 = CARTESIAN_POINT('',(38.85,41.991858428704));
#416 = CARTESIAN_POINT('',(42.3,43.983716857408));
#417 = CARTESIAN_POINT('',(42.3,40.));
#418 = ( GEOMETRIC_REPRESENTATION_CONTEXT(2) 
PARAMETRIC_REPRESENTATION_CONTEXT() REPRESENTATION_CONTEXT('2D SPACE',''
  ) );
#419 = ORIENTED_EDGE('',*,*,#420,.T.);
#420 = EDGE_CURVE('',#393,#357,#421,.T.);
#421 = SEAM_CURVE('',#422,(#426,#433),.PCURVE_S1.);
#422 = LINE('',#423,#424);
#423 = CARTESIAN_POINT('',(42.3,40.,-1.));
#424 = VECTOR('',#425,1.);
#425 = DIRECTION('',(0.,0.,1.));
#426 = PCURVE('',#377,#427);
#427 = DEFINITIONAL_REPRESENTATION('',(#428),#432);
#428 = LINE('',#429,#430);
#429 = CARTESIAN_POINT('',(-6.28318530718,0.));
#430 = VECTOR('',#431,1.);
#431 = DIRECTION('',(-0.,-1.));
#432 = ( GEOMETRIC_REPRESENTATION_CONTEXT(2) 
PARAMETRIC_REPRESENTATION_CONTEXT() REPRESENTATION_CONTEXT('2D SPACE',''
  ) );
#433 = PCURVE('',#377,#434);
#434 = DEFINITIONAL_REPRESENTATION('',(#435),#439);
#435 = LINE('',#436,#437);
#436 = CARTESIAN_POINT('',(-0.,0.));
#437 = VECTOR('',#438,1.);
#438 = DIRECTION('',(-0.,-1.));
#439 = ( GEOMETRIC_REPRESENTATION_CONTEXT(2) 
PARAMETRIC_REPRESENTATION_CONTEXT() REPRESENTATION_CONTEXT('2D SPACE',''
  ) );
#440 = ORIENTED_EDGE('',*,*,#356,.F.);
#441 = ORIENTED_EDGE('',*,*,#420,.F.);
#442 = ADVANCED_FACE('',(#443),#342,.T.);
#443 = FACE_BOUND('',#444,.F.);
#444 = EDGE_LOOP('',(#445,#446,#469,#496));
#445 = ORIENTED_EDGE('',*,*,#321,.T.);
#446 = ORIENTED_EDGE('',*,*,#447,.T.);
#447 = EDGE_CURVE('',#322,#448,#450,.T.);
#448 = VERTEX_POINT('',#449);
#449 = CARTESIAN_POINT('',(42.,0.,26.));
#450 = SEAM_CURVE('',#451,(#455,#462),.PCURVE_S1.);
#451 = LINE('',#452,#453);
#452 = CARTESIAN_POINT('',(42.,0.,0.));
#453 = VECTOR('',#454,1.);
#454 = DIRECTION('',(0.,0.,1.));
#455 = PCURVE('',#342,#456);
#456 = DEFINITIONAL_REPRESENTATION('',(#457),#461);
#457 = LINE('',#458,#459);
#458 = CARTESIAN_POINT('',(-6.28318530718,0.));
#459 = VECTOR('',#460,1.);
#460 = DIRECTION('',(-0.,-1.));
#461 = ( GEOMETRIC_REPRESENTATION_CONTEXT(2) 
PARAMETRIC_REPRESENTATION_CONTEXT() REPRESENTATION_CONTEXT('2D SPACE',''
  ) );
#462 = PCURVE('',#342,#463);
#463 = DEFINITIONAL_REPRESENTATION('',(#464),#468);
#464 = LINE('',#465,#466);
#465 = CARTESIAN_POINT('',(-0.,0.));
#466 = VECTOR('',#467,1.);
#467 = DIRECTION('',(-0.,-1.));
#468 = ( GEOMETRIC_REPRESENTATION_CONTEXT(2) 
PARAMETRIC_REPRESENTATION_CONTEXT() REPRESENTATION_CONTEXT('2D SPACE',''
  ) );
#469 = ORIENTED_EDGE('',*,*,#470,.T.);
#470 = EDGE_CURVE('',#448,#448,#471,.T.);
#471 = SURFACE_CURVE('',#472,(#477,#484),.PCURVE_S1.);
#472 = CIRCLE('',#473,42.);
#473 = AXIS2_PLACEMENT_3D('',#474,#475,#476);
#474 = CARTESIAN_POINT('',(0.,0.,26.));
#475 = DIRECTION('',(0.,0.,1.));
#476 = DIRECTION('',(1.,0.,0.));
#477 = PCURVE('',#342,#478);
#478 = DEFINITIONAL_REPRESENTATION('',(#479),#483);
#479 = LINE('',#480,#481);
#480 = CARTESIAN_POINT('',(-0.,-26.));
#481 = VECTOR('',#482,1.);
#482 = DIRECTION('',(-1.,0.));
#483 = ( GEOMETRIC_REPRESENTATION_CONTEXT(2) 
PARAMETRIC_REPRESENTATION_CONTEXT() REPRESENTATION_CONTEXT('2D SPACE',''
  ) );
#484 = PCURVE('',#485,#490);
#485 = PLANE('',#486);
#486 = AXIS2_PLACEMENT_3D('',#487,#488,#489);
#487 = CARTESIAN_POINT('',(-2.083718297203E-15,3.692127783966E-16,26.));
#488 = DIRECTION('',(0.,0.,1.));
#489 = DIRECTION('',(1.,0.,-0.));
#490 = DEFINITIONAL_REPRESENTATION('',(#491),#495);
#491 = CIRCLE('',#492,42.);
#492 = AXIS2_PLACEMENT_2D('',#493,#494);
#493 = CARTESIAN_POINT('',(2.083718297203E-15,-3.692127783966E-16));
#494 = DIRECTION('',(1.,0.));
#495 = ( GEOMETRIC_REPRESENTATION_CONTEXT(2) 
PARAMETRIC_REPRESENTATION_CONTEXT() REPRESENTATION_CONTEXT('2D SPACE',''
  ) );
#496 = ORIENTED_EDGE('',*,*,#447,.F.);
#497 = ADVANCED_FACE('',(#498,#501,#536,#571),#485,.T.);
#498 = FACE_BOUND('',#499,.T.);
#499 = EDGE_LOOP('',(#500));
#500 = ORIENTED_EDGE('',*,*,#470,.T.);
#501 = FACE_BOUND('',#502,.T.);
#502 = EDGE_LOOP('',(#503));
#503 = ORIENTED_EDGE('',*,*,#504,.T.);
#504 = EDGE_CURVE('',#505,#505,#507,.T.);
#505 = VERTEX_POINT('',#506);
#506 = CARTESIAN_POINT('',(8.15,-20.,26.));
#507 = SURFACE_CURVE('',#508,(#513,#524),.PCURVE_S1.);
#508 = CIRCLE('',#509,8.15);
#509 = AXIS2_PLACEMENT_3D('',#510,#511,#512);
#510 = CARTESIAN_POINT('',(0.,-20.,26.));
#511 = DIRECTION('',(0.,0.,-1.));
#512 = DIRECTION('',(1.,0.,0.));
#513 = PCURVE('',#485,#514);
#514 = DEFINITIONAL_REPRESENTATION('',(#515),#523);
#515 = ( BOUNDED_CURVE() B_SPLINE_CURVE(2,(#516,#517,#518,#519,#520,#521
,#522),.UNSPECIFIED.,.T.,.F.) B_SPLINE_CURVE_WITH_KNOTS((1,2,2,2,2,1),(
    -2.094395102393,0.,2.094395102393,4.188790204786,6.28318530718,
8.377580409573),.UNSPECIFIED.) CURVE() GEOMETRIC_REPRESENTATION_ITEM() 
RATIONAL_B_SPLINE_CURVE((1.,0.5,1.,0.5,1.,0.5,1.)) REPRESENTATION_ITEM(
  '') );
#516 = CARTESIAN_POINT('',(8.15,-20.));
#517 = CARTESIAN_POINT('',(8.15,-34.11621408168));
#518 = CARTESIAN_POINT('',(-4.075,-27.05810704084));
#519 = CARTESIAN_POINT('',(-16.3,-20.));
#520 = CARTESIAN_POINT('',(-4.075,-12.94189295915));
#521 = CARTESIAN_POINT('',(8.15,-5.883785918314));
#522 = CARTESIAN_POINT('',(8.15,-20.));
#523 = ( GEOMETRIC_REPRESENTATION_CONTEXT(2) 
PARAMETRIC_REPRESENTATION_CONTEXT() REPRESENTATION_CONTEXT('2D SPACE',''
  ) );
#524 = PCURVE('',#525,#530);
#525 = CYLINDRICAL_SURFACE('',#526,8.15);
#526 = AXIS2_PLACEMENT_3D('',#527,#528,#529);
#527 = CARTESIAN_POINT('',(0.,-20.,18.));
#528 = DIRECTION('',(-0.,-0.,-1.));
#529 = DIRECTION('',(1.,0.,0.));
#530 = DEFINITIONAL_REPRESENTATION('',(#531),#535);
#531 = LINE('',#532,#533);
#532 = CARTESIAN_POINT('',(-6.28318530718,-8.));
#533 = VECTOR('',#534,1.);
#534 = DIRECTION('',(1.,-0.));
#535 = ( GEOMETRIC_REPRESENTATION_CONTEXT(2) 
PARAMETRIC_REPRESENTATION_CONTEXT() REPRESENTATION_CONTEXT('2D SPACE',''
  ) );
#536 = FACE_BOUND('',#537,.T.);
#537 = EDGE_LOOP('',(#538));
#538 = ORIENTED_EDGE('',*,*,#539,.T.);
#539 = EDGE_CURVE('',#540,#540,#542,.T.);
#540 = VERTEX_POINT('',#541);
#541 = CARTESIAN_POINT('',(-3.8,22.,26.));
#542 = SURFACE_CURVE('',#543,(#548,#559),.PCURVE_S1.);
#543 = CIRCLE('',#544,1.2);
#544 = AXIS2_PLACEMENT_3D('',#545,#546,#547);
#545 = CARTESIAN_POINT('',(-5.,22.,26.));
#546 = DIRECTION('',(0.,0.,-1.));
#547 = DIRECTION('',(1.,0.,0.));
#548 = PCURVE('',#485,#549);
#549 = DEFINITIONAL_REPRESENTATION('',(#550),#558);
#550 = ( BOUNDED_CURVE() B_SPLINE_CURVE(2,(#551,#552,#553,#554,#555,#556
,#557),.UNSPECIFIED.,.T.,.F.) B_SPLINE_CURVE_WITH_KNOTS((1,2,2,2,2,1),(
    -2.094395102393,0.,2.094395102393,4.188790204786,6.28318530718,
8.377580409573),.UNSPECIFIED.) CURVE() GEOMETRIC_REPRESENTATION_ITEM() 
RATIONAL_B_SPLINE_CURVE((1.,0.5,1.,0.5,1.,0.5,1.)) REPRESENTATION_ITEM(
  '') );
#551 = CARTESIAN_POINT('',(-3.8,22.));
#552 = CARTESIAN_POINT('',(-3.8,19.921539030917));
#553 = CARTESIAN_POINT('',(-5.6,20.960769515459));
#554 = CARTESIAN_POINT('',(-7.4,22.));
#555 = CARTESIAN_POINT('',(-5.6,23.039230484541));
#556 = CARTESIAN_POINT('',(-3.8,24.078460969083));
#557 = CARTESIAN_POINT('',(-3.8,22.));
#558 = ( GEOMETRIC_REPRESENTATION_CONTEXT(2) 
PARAMETRIC_REPRESENTATION_CONTEXT() REPRESENTATION_CONTEXT('2D SPACE',''
  ) );
#559 = PCURVE('',#560,#565);
#560 = CYLINDRICAL_SURFACE('',#561,1.2);
#561 = AXIS2_PLACEMENT_3D('',#562,#563,#564);
#562 = CARTESIAN_POINT('',(-5.,22.,0.));
#563 = DIRECTION('',(-0.,-0.,-1.));
#564 = DIRECTION('',(1.,0.,0.));
#565 = DEFINITIONAL_REPRESENTATION('',(#566),#570);
#566 = LINE('',#567,#568);
#567 = CARTESIAN_POINT('',(-6.28318530718,-26.));
#568 = VECTOR('',#569,1.);
#569 = DIRECTION('',(1.,-0.));
#570 = ( GEOMETRIC_REPRESENTATION_CONTEXT(2) 
PARAMETRIC_REPRESENTATION_CONTEXT() REPRESENTATION_CONTEXT('2D SPACE',''
  ) );
#571 = FACE_BOUND('',#572,.T.);
#572 = EDGE_LOOP('',(#573));
#573 = ORIENTED_EDGE('',*,*,#574,.T.);
#574 = EDGE_CURVE('',#575,#575,#577,.T.);
#575 = VERTEX_POINT('',#576);
#576 = CARTESIAN_POINT('',(6.2,22.,26.));
#577 = SURFACE_CURVE('',#578,(#583,#594),.PCURVE_S1.);
#578 = CIRCLE('',#579,1.2);
#579 = AXIS2_PLACEMENT_3D('',#580,#581,#582);
#580 = CARTESIAN_POINT('',(5.,22.,26.));
#581 = DIRECTION('',(0.,0.,-1.));
#582 = DIRECTION('',(1.,0.,0.));
#583 = PCURVE('',#485,#584);
#584 = DEFINITIONAL_REPRESENTATION('',(#585),#593);
#585 = ( BOUNDED_CURVE() B_SPLINE_CURVE(2,(#586,#587,#588,#589,#590,#591
,#592),.UNSPECIFIED.,.T.,.F.) B_SPLINE_CURVE_WITH_KNOTS((1,2,2,2,2,1),(
    -2.094395102393,0.,2.094395102393,4.188790204786,6.28318530718,
8.377580409573),.UNSPECIFIED.) CURVE() GEOMETRIC_REPRESENTATION_ITEM() 
RATIONAL_B_SPLINE_CURVE((1.,0.5,1.,0.5,1.,0.5,1.)) REPRESENTATION_ITEM(
  '') );
#586 = CARTESIAN_POINT('',(6.2,22.));
#587 = CARTESIAN_POINT('',(6.2,19.921539030917));
#588 = CARTESIAN_POINT('',(4.4,20.960769515459));
#589 = CARTESIAN_POINT('',(2.6,22.));
#590 = CARTESIAN_POINT('',(4.4,23.039230484541));
#591 = CARTESIAN_POINT('',(6.2,24.078460969083));
#592 = CARTESIAN_POINT('',(6.2,22.));
#593 = ( GEOMETRIC_REPRESENTATION_CONTEXT(2) 
PARAMETRIC_REPRESENTATION_CONTEXT() REPRESENTATION_CONTEXT('2D SPACE',''
  ) );
#594 = PCURVE('',#595,#600);
#595 = CYLINDRICAL_SURFACE('',#596,1.2);
#596 = AXIS2_PLACEMENT_3D('',#597,#598,#599);
#597 = CARTESIAN_POINT('',(5.,22.,0.));
#598 = DIRECTION('',(-0.,-0.,-1.));
#599 = DIRECTION('',(1.,0.,0.));
#600 = DEFINITIONAL_REPRESENTATION('',(#601),#605);
#601 = LINE('',#602,#603);
#602 = CARTESIAN_POINT('',(-6.28318530718,-26.));
#603 = VECTOR('',#604,1.);
#604 = DIRECTION('',(1.,-0.));
#605 = ( GEOMETRIC_REPRESENTATION_CONTEXT(2) 
PARAMETRIC_REPRESENTATION_CONTEXT() REPRESENTATION_CONTEXT('2D SPACE',''
  ) );
#606 = ADVANCED_FACE('',(#607),#595,.F.);
#607 = FACE_BOUND('',#608,.T.);
#608 = EDGE_LOOP('',(#609,#638,#659,#660));
#609 = ORIENTED_EDGE('',*,*,#610,.F.);
#610 = EDGE_CURVE('',#611,#611,#613,.T.);
#611 = VERTEX_POINT('',#612);
#612 = CARTESIAN_POINT('',(6.2,22.,14.1));
#613 = SURFACE_CURVE('',#614,(#619,#626),.PCURVE_S1.);
#614 = CIRCLE('',#615,1.2);
#615 = AXIS2_PLACEMENT_3D('',#616,#617,#618);
#616 = CARTESIAN_POINT('',(5.,22.,14.1));
#617 = DIRECTION('',(0.,0.,1.));
#618 = DIRECTION('',(1.,0.,0.));
#619 = PCURVE('',#595,#620);
#620 = DEFINITIONAL_REPRESENTATION('',(#621),#625);
#621 = LINE('',#622,#623);
#622 = CARTESIAN_POINT('',(-0.,-14.1));
#623 = VECTOR('',#624,1.);
#624 = DIRECTION('',(-1.,0.));
#625 = ( GEOMETRIC_REPRESENTATION_CONTEXT(2) 
PARAMETRIC_REPRESENTATION_CONTEXT() REPRESENTATION_CONTEXT('2D SPACE',''
  ) );
#626 = PCURVE('',#627,#632);
#627 = CONICAL_SURFACE('',#628,3.5,0.807616728724);
#628 = AXIS2_PLACEMENT_3D('',#629,#630,#631);
#629 = CARTESIAN_POINT('',(5.,22.,11.9));
#630 = DIRECTION('',(-0.,-0.,-1.));
#631 = DIRECTION('',(1.,0.,0.));
#632 = DEFINITIONAL_REPRESENTATION('',(#633),#637);
#633 = LINE('',#634,#635);
#634 = CARTESIAN_POINT('',(-0.,-2.2));
#635 = VECTOR('',#636,1.);
#636 = DIRECTION('',(-1.,-0.));
#637 = ( GEOMETRIC_REPRESENTATION_CONTEXT(2) 
PARAMETRIC_REPRESENTATION_CONTEXT() REPRESENTATION_CONTEXT('2D SPACE',''
  ) );
#638 = ORIENTED_EDGE('',*,*,#639,.T.);
#639 = EDGE_CURVE('',#611,#575,#640,.T.);
#640 = SEAM_CURVE('',#641,(#645,#652),.PCURVE_S1.);
#641 = LINE('',#642,#643);
#642 = CARTESIAN_POINT('',(6.2,22.,0.));
#643 = VECTOR('',#644,1.);
#644 = DIRECTION('',(0.,0.,1.));
#645 = PCURVE('',#595,#646);
#646 = DEFINITIONAL_REPRESENTATION('',(#647),#651);
#647 = LINE('',#648,#649);
#648 = CARTESIAN_POINT('',(-6.28318530718,0.));
#649 = VECTOR('',#650,1.);
#650 = DIRECTION('',(-0.,-1.));
#651 = ( GEOMETRIC_REPRESENTATION_CONTEXT(2) 
PARAMETRIC_REPRESENTATION_CONTEXT() REPRESENTATION_CONTEXT('2D SPACE',''
  ) );
#652 = PCURVE('',#595,#653);
#653 = DEFINITIONAL_REPRESENTATION('',(#654),#658);
#654 = LINE('',#655,#656);
#655 = CARTESIAN_POINT('',(-0.,0.));
#656 = VECTOR('',#657,1.);
#657 = DIRECTION('',(-0.,-1.));
#658 = ( GEOMETRIC_REPRESENTATION_CONTEXT(2) 
PARAMETRIC_REPRESENTATION_CONTEXT() REPRESENTATION_CONTEXT('2D SPACE',''
  ) );
#659 = ORIENTED_EDGE('',*,*,#574,.F.);
#660 = ORIENTED_EDGE('',*,*,#639,.F.);
#661 = ADVANCED_FACE('',(#662),#627,.F.);
#662 = FACE_BOUND('',#663,.F.);
#663 = EDGE_LOOP('',(#664,#693,#711,#712));
#664 = ORIENTED_EDGE('',*,*,#665,.T.);
#665 = EDGE_CURVE('',#666,#666,#668,.T.);
#666 = VERTEX_POINT('',#667);
#667 = CARTESIAN_POINT('',(8.395454545455,22.,12.));
#668 = SURFACE_CURVE('',#669,(#674,#681),.PCURVE_S1.);
#669 = CIRCLE('',#670,3.395454545455);
#670 = AXIS2_PLACEMENT_3D('',#671,#672,#673);
#671 = CARTESIAN_POINT('',(5.,22.,12.));
#672 = DIRECTION('',(0.,0.,1.));
#673 = DIRECTION('',(1.,0.,-0.));
#674 = PCURVE('',#627,#675);
#675 = DEFINITIONAL_REPRESENTATION('',(#676),#680);
#676 = LINE('',#677,#678);
#677 = CARTESIAN_POINT('',(-0.,-1.E-01));
#678 = VECTOR('',#679,1.);
#679 = DIRECTION('',(-1.,-0.));
#680 = ( GEOMETRIC_REPRESENTATION_CONTEXT(2) 
PARAMETRIC_REPRESENTATION_CONTEXT() REPRESENTATION_CONTEXT('2D SPACE',''
  ) );
#681 = PCURVE('',#682,#687);
#682 = PLANE('',#683);
#683 = AXIS2_PLACEMENT_3D('',#684,#685,#686);
#684 = CARTESIAN_POINT('',(-7.185235507596E-16,1.631077701904E-15,12.));
#685 = DIRECTION('',(0.,0.,1.));
#686 = DIRECTION('',(1.,0.,-0.));
#687 = DEFINITIONAL_REPRESENTATION('',(#688),#692);
#688 = CIRCLE('',#689,3.395454545455);
#689 = AXIS2_PLACEMENT_2D('',#690,#691);
#690 = CARTESIAN_POINT('',(5.,22.));
#691 = DIRECTION('',(1.,0.));
#692 = ( GEOMETRIC_REPRESENTATION_CONTEXT(2) 
PARAMETRIC_REPRESENTATION_CONTEXT() REPRESENTATION_CONTEXT('2D SPACE',''
  ) );
#693 = ORIENTED_EDGE('',*,*,#694,.T.);
#694 = EDGE_CURVE('',#666,#611,#695,.T.);
#695 = SEAM_CURVE('',#696,(#699,#705),.PCURVE_S1.);
#696 = B_SPLINE_CURVE_WITH_KNOTS('',1,(#697,#698),.UNSPECIFIED.,.F.,.F.,
  (2,2),(0.,1.),.PIECEWISE_BEZIER_KNOTS.);
#697 = CARTESIAN_POINT('',(8.5,22.,11.9));
#698 = CARTESIAN_POINT('',(6.2,22.,14.1));
#699 = PCURVE('',#627,#700);
#700 = DEFINITIONAL_REPRESENTATION('',(#701),#704);
#701 = B_SPLINE_CURVE_WITH_KNOTS('',1,(#702,#703),.UNSPECIFIED.,.F.,.F.,
  (2,2),(0.,1.),.PIECEWISE_BEZIER_KNOTS.);
#702 = CARTESIAN_POINT('',(0.,0.));
#703 = CARTESIAN_POINT('',(0.,-2.2));
#704 = ( GEOMETRIC_REPRESENTATION_CONTEXT(2) 
PARAMETRIC_REPRESENTATION_CONTEXT() REPRESENTATION_CONTEXT('2D SPACE',''
  ) );
#705 = PCURVE('',#627,#706);
#706 = DEFINITIONAL_REPRESENTATION('',(#707),#710);
#707 = B_SPLINE_CURVE_WITH_KNOTS('',1,(#708,#709),.UNSPECIFIED.,.F.,.F.,
  (2,2),(0.,1.),.PIECEWISE_BEZIER_KNOTS.);
#708 = CARTESIAN_POINT('',(-6.28318530718,0.));
#709 = CARTESIAN_POINT('',(-6.28318530718,-2.2));
#710 = ( GEOMETRIC_REPRESENTATION_CONTEXT(2) 
PARAMETRIC_REPRESENTATION_CONTEXT() REPRESENTATION_CONTEXT('2D SPACE',''
  ) );
#711 = ORIENTED_EDGE('',*,*,#610,.F.);
#712 = ORIENTED_EDGE('',*,*,#694,.F.);
#713 = ADVANCED_FACE('',(#714,#745,#921,#952),#682,.F.);
#714 = FACE_BOUND('',#715,.F.);
#715 = EDGE_LOOP('',(#716));
#716 = ORIENTED_EDGE('',*,*,#717,.T.);
#717 = EDGE_CURVE('',#718,#718,#720,.T.);
#718 = VERTEX_POINT('',#719);
#719 = CARTESIAN_POINT('',(30.45,0.,12.));
#720 = SURFACE_CURVE('',#721,(#726,#733),.PCURVE_S1.);
#721 = CIRCLE('',#722,30.45);
#722 = AXIS2_PLACEMENT_3D('',#723,#724,#725);
#723 = CARTESIAN_POINT('',(0.,0.,12.));
#724 = DIRECTION('',(0.,0.,1.));
#725 = DIRECTION('',(1.,0.,0.));
#726 = PCURVE('',#682,#727);
#727 = DEFINITIONAL_REPRESENTATION('',(#728),#732);
#728 = CIRCLE('',#729,30.45);
#729 = AXIS2_PLACEMENT_2D('',#730,#731);
#730 = CARTESIAN_POINT('',(7.185235507596E-16,-1.631077701904E-15));
#731 = DIRECTION('',(1.,0.));
#732 = ( GEOMETRIC_REPRESENTATION_CONTEXT(2) 
PARAMETRIC_REPRESENTATION_CONTEXT() REPRESENTATION_CONTEXT('2D SPACE',''
  ) );
#733 = PCURVE('',#734,#739);
#734 = CYLINDRICAL_SURFACE('',#735,30.45);
#735 = AXIS2_PLACEMENT_3D('',#736,#737,#738);
#736 = CARTESIAN_POINT('',(0.,0.,-1.));
#737 = DIRECTION('',(-0.,-0.,-1.));
#738 = DIRECTION('',(1.,0.,0.));
#739 = DEFINITIONAL_REPRESENTATION('',(#740),#744);
#740 = LINE('',#741,#742);
#741 = CARTESIAN_POINT('',(-0.,-13.));
#742 = VECTOR('',#743,1.);
#743 = DIRECTION('',(-1.,0.));
#744 = ( GEOMETRIC_REPRESENTATION_CONTEXT(2) 
PARAMETRIC_REPRESENTATION_CONTEXT() REPRESENTATION_CONTEXT('2D SPACE',''
  ) );
#745 = FACE_BOUND('',#746,.F.);
#746 = EDGE_LOOP('',(#747,#778,#807,#836,#865,#894));
#747 = ORIENTED_EDGE('',*,*,#748,.F.);
#748 = EDGE_CURVE('',#749,#751,#753,.T.);
#749 = VERTEX_POINT('',#750);
#750 = CARTESIAN_POINT('',(-2.,-15.05607733887,12.));
#751 = VERTEX_POINT('',#752);
#752 = CARTESIAN_POINT('',(-6.58633168218,-20.,12.));
#753 = SURFACE_CURVE('',#754,(#759,#766),.PCURVE_S1.);
#754 = CIRCLE('',#755,3.395454545455);
#755 = AXIS2_PLACEMENT_3D('',#756,#757,#758);
#756 = CARTESIAN_POINT('',(-4.,-17.8,12.));
#757 = DIRECTION('',(0.,0.,1.));
#758 = DIRECTION('',(1.,0.,-0.));
#759 = PCURVE('',#682,#760);
#760 = DEFINITIONAL_REPRESENTATION('',(#761),#765);
#761 = CIRCLE('',#762,3.395454545455);
#762 = AXIS2_PLACEMENT_2D('',#763,#764);
#763 = CARTESIAN_POINT('',(-4.,-17.8));
#764 = DIRECTION('',(1.,0.));
#765 = ( GEOMETRIC_REPRESENTATION_CONTEXT(2) 
PARAMETRIC_REPRESENTATION_CONTEXT() REPRESENTATION_CONTEXT('2D SPACE',''
  ) );
#766 = PCURVE('',#767,#772);
#767 = CONICAL_SURFACE('',#768,3.5,0.807616728724);
#768 = AXIS2_PLACEMENT_3D('',#769,#770,#771);
#769 = CARTESIAN_POINT('',(-4.,-17.8,11.9));
#770 = DIRECTION('',(-0.,-0.,-1.));
#771 = DIRECTION('',(1.,0.,0.));
#772 = DEFINITIONAL_REPRESENTATION('',(#773),#777);
#773 = LINE('',#774,#775);
#774 = CARTESIAN_POINT('',(-0.,-1.E-01));
#775 = VECTOR('',#776,1.);
#776 = DIRECTION('',(-1.,-0.));
#777 = ( GEOMETRIC_REPRESENTATION_CONTEXT(2) 
PARAMETRIC_REPRESENTATION_CONTEXT() REPRESENTATION_CONTEXT('2D SPACE',''
  ) );
#778 = ORIENTED_EDGE('',*,*,#779,.F.);
#779 = EDGE_CURVE('',#780,#749,#782,.T.);
#780 = VERTEX_POINT('',#781);
#781 = CARTESIAN_POINT('',(2.,-15.05607733887,12.));
#782 = SURFACE_CURVE('',#783,(#788,#795),.PCURVE_S1.);
#783 = CIRCLE('',#784,3.395454545455);
#784 = AXIS2_PLACEMENT_3D('',#785,#786,#787);
#785 = CARTESIAN_POINT('',(0.,-17.8,12.));
#786 = DIRECTION('',(0.,0.,1.));
#787 = DIRECTION('',(1.,0.,-0.));
#788 = PCURVE('',#682,#789);
#789 = DEFINITIONAL_REPRESENTATION('',(#790),#794);
#790 = CIRCLE('',#791,3.395454545455);
#791 = AXIS2_PLACEMENT_2D('',#792,#793);
#792 = CARTESIAN_POINT('',(7.185235507596E-16,-17.8));
#793 = DIRECTION('',(1.,0.));
#794 = ( GEOMETRIC_REPRESENTATION_CONTEXT(2) 
PARAMETRIC_REPRESENTATION_CONTEXT() REPRESENTATION_CONTEXT('2D SPACE',''
  ) );
#795 = PCURVE('',#796,#801);
#796 = CONICAL_SURFACE('',#797,3.5,0.807616728724);
#797 = AXIS2_PLACEMENT_3D('',#798,#799,#800);
#798 = CARTESIAN_POINT('',(0.,-17.8,11.9));
#799 = DIRECTION('',(-0.,-0.,-1.));
#800 = DIRECTION('',(1.,0.,0.));
#801 = DEFINITIONAL_REPRESENTATION('',(#802),#806);
#802 = LINE('',#803,#804);
#803 = CARTESIAN_POINT('',(-0.,-1.E-01));
#804 = VECTOR('',#805,1.);
#805 = DIRECTION('',(-1.,-0.));
#806 = ( GEOMETRIC_REPRESENTATION_CONTEXT(2) 
PARAMETRIC_REPRESENTATION_CONTEXT() REPRESENTATION_CONTEXT('2D SPACE',''
  ) );
#807 = ORIENTED_EDGE('',*,*,#808,.F.);
#808 = EDGE_CURVE('',#809,#780,#811,.T.);
#809 = VERTEX_POINT('',#810);
#810 = CARTESIAN_POINT('',(6.58633168218,-20.,12.));
#811 = SURFACE_CURVE('',#812,(#817,#824),.PCURVE_S1.);
#812 = CIRCLE('',#813,3.395454545455);
#813 = AXIS2_PLACEMENT_3D('',#814,#815,#816);
#814 = CARTESIAN_POINT('',(4.,-17.8,12.));
#815 = DIRECTION('',(-0.,0.,1.));
#816 = DIRECTION('',(0.761704109879,-0.647925033467,0.));
#817 = PCURVE('',#682,#818);
#818 = DEFINITIONAL_REPRESENTATION('',(#819),#823);
#819 = CIRCLE('',#820,3.395454545455);
#820 = AXIS2_PLACEMENT_2D('',#821,#822);
#821 = CARTESIAN_POINT('',(4.,-17.8));
#822 = DIRECTION('',(0.761704109879,-0.647925033467));
#823 = ( GEOMETRIC_REPRESENTATION_CONTEXT(2) 
PARAMETRIC_REPRESENTATION_CONTEXT() REPRESENTATION_CONTEXT('2D SPACE',''
  ) );
#824 = PCURVE('',#825,#830);
#825 = CONICAL_SURFACE('',#826,3.5,0.807616728724);
#826 = AXIS2_PLACEMENT_3D('',#827,#828,#829);
#827 = CARTESIAN_POINT('',(4.,-17.8,11.9));
#828 = DIRECTION('',(-0.,-0.,-1.));
#829 = DIRECTION('',(1.,0.,0.));
#830 = DEFINITIONAL_REPRESENTATION('',(#831),#835);
#831 = LINE('',#832,#833);
#832 = CARTESIAN_POINT('',(-5.578328148314,-1.E-01));
#833 = VECTOR('',#834,1.);
#834 = DIRECTION('',(-1.,-0.));
#835 = ( GEOMETRIC_REPRESENTATION_CONTEXT(2) 
PARAMETRIC_REPRESENTATION_CONTEXT() REPRESENTATION_CONTEXT('2D SPACE',''
  ) );
#836 = ORIENTED_EDGE('',*,*,#837,.F.);
#837 = EDGE_CURVE('',#838,#809,#840,.T.);
#838 = VERTEX_POINT('',#839);
#839 = CARTESIAN_POINT('',(2.,-24.94392266112,12.));
#840 = SURFACE_CURVE('',#841,(#846,#853),.PCURVE_S1.);
#841 = CIRCLE('',#842,3.395454545455);
#842 = AXIS2_PLACEMENT_3D('',#843,#844,#845);
#843 = CARTESIAN_POINT('',(4.,-22.2,12.));
#844 = DIRECTION('',(0.,0.,1.));
#845 = DIRECTION('',(-0.589022757697,-0.808116446383,0.));
#846 = PCURVE('',#682,#847);
#847 = DEFINITIONAL_REPRESENTATION('',(#848),#852);
#848 = CIRCLE('',#849,3.395454545455);
#849 = AXIS2_PLACEMENT_2D('',#850,#851);
#850 = CARTESIAN_POINT('',(4.,-22.2));
#851 = DIRECTION('',(-0.589022757697,-0.808116446383));
#852 = ( GEOMETRIC_REPRESENTATION_CONTEXT(2) 
PARAMETRIC_REPRESENTATION_CONTEXT() REPRESENTATION_CONTEXT('2D SPACE',''
  ) );
#853 = PCURVE('',#854,#859);
#854 = CONICAL_SURFACE('',#855,3.5,0.807616728724);
#855 = AXIS2_PLACEMENT_3D('',#856,#857,#858);
#856 = CARTESIAN_POINT('',(4.,-22.2,11.9));
#857 = DIRECTION('',(-0.,-0.,-1.));
#858 = DIRECTION('',(1.,0.,0.));
#859 = DEFINITIONAL_REPRESENTATION('',(#860),#864);
#860 = LINE('',#861,#862);
#861 = CARTESIAN_POINT('',(-4.082539957337,-1.E-01));
#862 = VECTOR('',#863,1.);
#863 = DIRECTION('',(-1.,-0.));
#864 = ( GEOMETRIC_REPRESENTATION_CONTEXT(2) 
PARAMETRIC_REPRESENTATION_CONTEXT() REPRESENTATION_CONTEXT('2D SPACE',''
  ) );
#865 = ORIENTED_EDGE('',*,*,#866,.F.);
#866 = EDGE_CURVE('',#867,#838,#869,.T.);
#867 = VERTEX_POINT('',#868);
#868 = CARTESIAN_POINT('',(-2.,-24.94392266112,12.));
#869 = SURFACE_CURVE('',#870,(#875,#882),.PCURVE_S1.);
#870 = CIRCLE('',#871,3.395454545455);
#871 = AXIS2_PLACEMENT_3D('',#872,#873,#874);
#872 = CARTESIAN_POINT('',(0.,-22.2,12.));
#873 = DIRECTION('',(0.,0.,1.));
#874 = DIRECTION('',(1.,0.,-0.));
#875 = PCURVE('',#682,#876);
#876 = DEFINITIONAL_REPRESENTATION('',(#877),#881);
#877 = CIRCLE('',#878,3.395454545455);
#878 = AXIS2_PLACEMENT_2D('',#879,#880);
#879 = CARTESIAN_POINT('',(7.185235507596E-16,-22.2));
#880 = DIRECTION('',(1.,0.));
#881 = ( GEOMETRIC_REPRESENTATION_CONTEXT(2) 
PARAMETRIC_REPRESENTATION_CONTEXT() REPRESENTATION_CONTEXT('2D SPACE',''
  ) );
#882 = PCURVE('',#883,#888);
#883 = CONICAL_SURFACE('',#884,3.5,0.807616728724);
#884 = AXIS2_PLACEMENT_3D('',#885,#886,#887);
#885 = CARTESIAN_POINT('',(0.,-22.2,11.9));
#886 = DIRECTION('',(-0.,-0.,-1.));
#887 = DIRECTION('',(1.,0.,0.));
#888 = DEFINITIONAL_REPRESENTATION('',(#889),#893);
#889 = LINE('',#890,#891);
#890 = CARTESIAN_POINT('',(-0.,-1.E-01));
#891 = VECTOR('',#892,1.);
#892 = DIRECTION('',(-1.,-0.));
#893 = ( GEOMETRIC_REPRESENTATION_CONTEXT(2) 
PARAMETRIC_REPRESENTATION_CONTEXT() REPRESENTATION_CONTEXT('2D SPACE',''
  ) );
#894 = ORIENTED_EDGE('',*,*,#895,.F.);
#895 = EDGE_CURVE('',#751,#867,#896,.T.);
#896 = SURFACE_CURVE('',#897,(#902,#909),.PCURVE_S1.);
#897 = CIRCLE('',#898,3.395454545455);
#898 = AXIS2_PLACEMENT_3D('',#899,#900,#901);
#899 = CARTESIAN_POINT('',(-4.,-22.2,12.));
#900 = DIRECTION('',(0.,0.,1.));
#901 = DIRECTION('',(1.,0.,-0.));
#902 = PCURVE('',#682,#903);
#903 = DEFINITIONAL_REPRESENTATION('',(#904),#908);
#904 = CIRCLE('',#905,3.395454545455);
#905 = AXIS2_PLACEMENT_2D('',#906,#907);
#906 = CARTESIAN_POINT('',(-4.,-22.2));
#907 = DIRECTION('',(1.,0.));
#908 = ( GEOMETRIC_REPRESENTATION_CONTEXT(2) 
PARAMETRIC_REPRESENTATION_CONTEXT() REPRESENTATION_CONTEXT('2D SPACE',''
  ) );
#909 = PCURVE('',#910,#915);
#910 = CONICAL_SURFACE('',#911,3.5,0.807616728724);
#911 = AXIS2_PLACEMENT_3D('',#912,#913,#914);
#912 = CARTESIAN_POINT('',(-4.,-22.2,11.9));
#913 = DIRECTION('',(-0.,-0.,-1.));
#914 = DIRECTION('',(1.,0.,0.));
#915 = DEFINITIONAL_REPRESENTATION('',(#916),#920);
#916 = LINE('',#917,#918);
#917 = CARTESIAN_POINT('',(-0.,-1.E-01));
#918 = VECTOR('',#919,1.);
#919 = DIRECTION('',(-1.,-0.));
#920 = ( GEOMETRIC_REPRESENTATION_CONTEXT(2) 
PARAMETRIC_REPRESENTATION_CONTEXT() REPRESENTATION_CONTEXT('2D SPACE',''
  ) );
#921 = FACE_BOUND('',#922,.F.);
#922 = EDGE_LOOP('',(#923));
#923 = ORIENTED_EDGE('',*,*,#924,.F.);
#924 = EDGE_CURVE('',#925,#925,#927,.T.);
#925 = VERTEX_POINT('',#926);
#926 = CARTESIAN_POINT('',(-1.604545454545,22.,12.));
#927 = SURFACE_CURVE('',#928,(#933,#940),.PCURVE_S1.);
#928 = CIRCLE('',#929,3.395454545455);
#929 = AXIS2_PLACEMENT_3D('',#930,#931,#932);
#930 = CARTESIAN_POINT('',(-5.,22.,12.));
#931 = DIRECTION('',(0.,0.,1.));
#932 = DIRECTION('',(1.,0.,-0.));
#933 = PCURVE('',#682,#934);
#934 = DEFINITIONAL_REPRESENTATION('',(#935),#939);
#935 = CIRCLE('',#936,3.395454545455);
#936 = AXIS2_PLACEMENT_2D('',#937,#938);
#937 = CARTESIAN_POINT('',(-5.,22.));
#938 = DIRECTION('',(1.,0.));
#939 = ( GEOMETRIC_REPRESENTATION_CONTEXT(2) 
PARAMETRIC_REPRESENTATION_CONTEXT() REPRESENTATION_CONTEXT('2D SPACE',''
  ) );
#940 = PCURVE('',#941,#946);
#941 = CONICAL_SURFACE('',#942,3.5,0.807616728724);
#942 = AXIS2_PLACEMENT_3D('',#943,#944,#945);
#943 = CARTESIAN_POINT('',(-5.,22.,11.9));
#944 = DIRECTION('',(-0.,-0.,-1.));
#945 = DIRECTION('',(1.,0.,0.));
#946 = DEFINITIONAL_REPRESENTATION('',(#947),#951);
#947 = LINE('',#948,#949);
#948 = CARTESIAN_POINT('',(-0.,-1.E-01));
#949 = VECTOR('',#950,1.);
#950 = DIRECTION('',(-1.,-0.));
#951 = ( GEOMETRIC_REPRESENTATION_CONTEXT(2) 
PARAMETRIC_REPRESENTATION_CONTEXT() REPRESENTATION_CONTEXT('2D SPACE',''
  ) );
#952 = FACE_BOUND('',#953,.F.);
#953 = EDGE_LOOP('',(#954));
#954 = ORIENTED_EDGE('',*,*,#665,.F.);
#955 = ADVANCED_FACE('',(#956),#941,.F.);
#956 = FACE_BOUND('',#957,.F.);
#957 = EDGE_LOOP('',(#958,#959,#979,#1001));
#958 = ORIENTED_EDGE('',*,*,#924,.T.);
#959 = ORIENTED_EDGE('',*,*,#960,.T.);
#960 = EDGE_CURVE('',#925,#961,#963,.T.);
#961 = VERTEX_POINT('',#962);
#962 = CARTESIAN_POINT('',(-3.8,22.,14.1));
#963 = SEAM_CURVE('',#964,(#967,#973),.PCURVE_S1.);
#964 = B_SPLINE_CURVE_WITH_KNOTS('',1,(#965,#966),.UNSPECIFIED.,.F.,.F.,
  (2,2),(0.,1.),.PIECEWISE_BEZIER_KNOTS.);
#965 = CARTESIAN_POINT('',(-1.5,22.,11.9));
#966 = CARTESIAN_POINT('',(-3.8,22.,14.1));
#967 = PCURVE('',#941,#968);
#968 = DEFINITIONAL_REPRESENTATION('',(#969),#972);
#969 = B_SPLINE_CURVE_WITH_KNOTS('',1,(#970,#971),.UNSPECIFIED.,.F.,.F.,
  (2,2),(0.,1.),.PIECEWISE_BEZIER_KNOTS.);
#970 = CARTESIAN_POINT('',(0.,0.));
#971 = CARTESIAN_POINT('',(0.,-2.2));
#972 = ( GEOMETRIC_REPRESENTATION_CONTEXT(2) 
PARAMETRIC_REPRESENTATION_CONTEXT() REPRESENTATION_CONTEXT('2D SPACE',''
  ) );
#973 = PCURVE('',#941,#974);
#974 = DEFINITIONAL_REPRESENTATION('',(#975),#978);
#975 = B_SPLINE_CURVE_WITH_KNOTS('',1,(#976,#977),.UNSPECIFIED.,.F.,.F.,
  (2,2),(0.,1.),.PIECEWISE_BEZIER_KNOTS.);
#976 = CARTESIAN_POINT('',(-6.28318530718,0.));
#977 = CARTESIAN_POINT('',(-6.28318530718,-2.2));
#978 = ( GEOMETRIC_REPRESENTATION_CONTEXT(2) 
PARAMETRIC_REPRESENTATION_CONTEXT() REPRESENTATION_CONTEXT('2D SPACE',''
  ) );
#979 = ORIENTED_EDGE('',*,*,#980,.F.);
#980 = EDGE_CURVE('',#961,#961,#981,.T.);
#981 = SURFACE_CURVE('',#982,(#987,#994),.PCURVE_S1.);
#982 = CIRCLE('',#983,1.2);
#983 = AXIS2_PLACEMENT_3D('',#984,#985,#986);
#984 = CARTESIAN_POINT('',(-5.,22.,14.1));
#985 = DIRECTION('',(0.,0.,1.));
#986 = DIRECTION('',(1.,0.,0.));
#987 = PCURVE('',#941,#988);
#988 = DEFINITIONAL_REPRESENTATION('',(#989),#993);
#989 = LINE('',#990,#991);
#990 = CARTESIAN_POINT('',(-0.,-2.2));
#991 = VECTOR('',#992,1.);
#992 = DIRECTION('',(-1.,-0.));
#993 = ( GEOMETRIC_REPRESENTATION_CONTEXT(2) 
PARAMETRIC_REPRESENTATION_CONTEXT() REPRESENTATION_CONTEXT('2D SPACE',''
  ) );
#994 = PCURVE('',#560,#995);
#995 = DEFINITIONAL_REPRESENTATION('',(#996),#1000);
#996 = LINE('',#997,#998);
#997 = CARTESIAN_POINT('',(-0.,-14.1));
#998 = VECTOR('',#999,1.);
#999 = DIRECTION('',(-1.,0.));
#1000 = ( GEOMETRIC_REPRESENTATION_CONTEXT(2) 
PARAMETRIC_REPRESENTATION_CONTEXT() REPRESENTATION_CONTEXT('2D SPACE',''
  ) );
#1001 = ORIENTED_EDGE('',*,*,#960,.F.);
#1002 = ADVANCED_FACE('',(#1003),#910,.F.);
#1003 = FACE_BOUND('',#1004,.F.);
#1004 = EDGE_LOOP('',(#1005,#1049,#1097,#1098,#1140));
#1005 = ORIENTED_EDGE('',*,*,#1006,.F.);
#1006 = EDGE_CURVE('',#1007,#1009,#1011,.T.);
#1007 = VERTEX_POINT('',#1008);
#1008 = CARTESIAN_POINT('',(-2.,-20.,12.403882500513));
#1009 = VERTEX_POINT('',#1010);
#1010 = CARTESIAN_POINT('',(-2.,-21.64716639031,13.263043478261));
#1011 = SURFACE_CURVE('',#1012,(#1017,#1033),.PCURVE_S1.);
#1012 = HYPERBOLA('',#1013,1.913043478261,2.);
#1013 = AXIS2_PLACEMENT_3D('',#1014,#1015,#1016);
#1014 = CARTESIAN_POINT('',(-2.,-22.2,15.247826086957));
#1015 = DIRECTION('',(-1.,0.,0.));
#1016 = DIRECTION('',(-0.,0.,-1.));
#1017 = PCURVE('',#910,#1018);
#1018 = DEFINITIONAL_REPRESENTATION('',(#1019),#1032);
#1019 = B_SPLINE_CURVE_WITH_KNOTS('',6,(#1020,#1021,#1022,#1023,#1024,
    #1025,#1026,#1027,#1028,#1029,#1030,#1031),.UNSPECIFIED.,.F.,.F.,(7,
    5,7),(-1.121576124302,-0.560788062151,-0.),.UNSPECIFIED.);
#1020 = CARTESIAN_POINT('',(-0.940947303747,-9.999999999999E-02));
#1021 = CARTESIAN_POINT('',(-0.885894481939,-0.345309417248));
#1022 = CARTESIAN_POINT('',(-0.825851428519,-0.556572642015));
#1023 = CARTESIAN_POINT('',(-0.760556285384,-0.737646679624));
#1024 = CARTESIAN_POINT('',(-0.689874943597,-0.891497608168));
#1025 = CARTESIAN_POINT('',(-0.613989220376,-1.020397304754));
#1026 = CARTESIAN_POINT('',(-0.45303829357,-1.231614950377));
#1027 = CARTESIAN_POINT('',(-0.367972831113,-1.313932946376));
#1028 = CARTESIAN_POINT('',(-0.278926726899,-1.374620635336));
#1029 = CARTESIAN_POINT('',(-0.186928883202,-1.414728594387));
#1030 = CARTESIAN_POINT('',(-9.346467702514E-02,-1.434782608696));
#1031 = CARTESIAN_POINT('',(0.,-1.434782608696));
#1032 = ( GEOMETRIC_REPRESENTATION_CONTEXT(2) 
PARAMETRIC_REPRESENTATION_CONTEXT() REPRESENTATION_CONTEXT('2D SPACE',''
  ) );
#1033 = PCURVE('',#883,#1034);
#1034 = DEFINITIONAL_REPRESENTATION('',(#1035),#1048);
#1035 = B_SPLINE_CURVE_WITH_KNOTS('',6,(#1036,#1037,#1038,#1039,#1040,
    #1041,#1042,#1043,#1044,#1045,#1046,#1047),.UNSPECIFIED.,.F.,.F.,(7,
    5,7),(-1.121576124302,-0.560788062151,-0.),.UNSPECIFIED.);
#1036 = CARTESIAN_POINT('',(-2.200645349842,-9.999999999999E-02));
#1037 = CARTESIAN_POINT('',(-2.255698171651,-0.345309417248));
#1038 = CARTESIAN_POINT('',(-2.315741225071,-0.556572642015));
#1039 = CARTESIAN_POINT('',(-2.381036368205,-0.737646679624));
#1040 = CARTESIAN_POINT('',(-2.451717709993,-0.891497608168));
#1041 = CARTESIAN_POINT('',(-2.527603433213,-1.020397304754));
#1042 = CARTESIAN_POINT('',(-2.68855436002,-1.231614950377));
#1043 = CARTESIAN_POINT('',(-2.773619822477,-1.313932946376));
#1044 = CARTESIAN_POINT('',(-2.862665926691,-1.374620635336));
#1045 = CARTESIAN_POINT('',(-2.954663770388,-1.414728594387));
#1046 = CARTESIAN_POINT('',(-3.048127976565,-1.434782608696));
#1047 = CARTESIAN_POINT('',(-3.14159265359,-1.434782608696));
#1048 = ( GEOMETRIC_REPRESENTATION_CONTEXT(2) 
PARAMETRIC_REPRESENTATION_CONTEXT() REPRESENTATION_CONTEXT('2D SPACE',''
  ) );
#1049 = ORIENTED_EDGE('',*,*,#1050,.T.);
#1050 = EDGE_CURVE('',#1007,#751,#1051,.T.);
#1051 = SURFACE_CURVE('',#1052,(#1057,#1077),.PCURVE_S1.);
#1052 = HYPERBOLA('',#1053,2.104347826087,2.2);
#1053 = AXIS2_PLACEMENT_3D('',#1054,#1055,#1056);
#1054 = CARTESIAN_POINT('',(-4.,-20.,15.247826086957));
#1055 = DIRECTION('',(0.,1.,0.));
#1056 = DIRECTION('',(-0.,0.,-1.));
#1057 = PCURVE('',#910,#1058);
#1058 = DEFINITIONAL_REPRESENTATION('',(#1059),#1076);
#1059 = B_SPLINE_CURVE_WITH_KNOTS('',8,(#1060,#1061,#1062,#1063,#1064,
    #1065,#1066,#1067,#1068,#1069,#1070,#1071,#1072,#1073,#1074,#1075),
  .UNSPECIFIED.,.F.,.F.,(9,7,9),(-1.00026186327,2.22044604925E-16,
    1.00026186327),.UNSPECIFIED.);
#1060 = CARTESIAN_POINT('',(-0.704857158866,-9.999999999999E-02));
#1061 = CARTESIAN_POINT('',(-0.78586899652,-0.409316287195));
#1062 = CARTESIAN_POINT('',(-0.875697715062,-0.660605302795));
#1063 = CARTESIAN_POINT('',(-0.974659322454,-0.861235565822));
#1064 = CARTESIAN_POINT('',(-1.082589191473,-1.016640405521));
#1065 = CARTESIAN_POINT('',(-1.198672884663,-1.1306862993));
#1066 = CARTESIAN_POINT('',(-1.320731520585,-1.205880937002));
#1067 = CARTESIAN_POINT('',(-1.445763593886,-1.24347826087));
#1068 = CARTESIAN_POINT('',(-1.695829059704,-1.24347826087));
#1069 = CARTESIAN_POINT('',(-1.820861133002,-1.205880937001));
#1070 = CARTESIAN_POINT('',(-1.942919768939,-1.130686299298));
#1071 = CARTESIAN_POINT('',(-2.059003462095,-1.016640405521));
#1072 = CARTESIAN_POINT('',(-2.166933331147,-0.861235565819));
#1073 = CARTESIAN_POINT('',(-2.265894938525,-0.660605302795));
#1074 = CARTESIAN_POINT('',(-2.355723657069,-0.409316287195));
#1075 = CARTESIAN_POINT('',(-2.436735494724,-9.999999999998E-02));
#1076 = ( GEOMETRIC_REPRESENTATION_CONTEXT(2) 
PARAMETRIC_REPRESENTATION_CONTEXT() REPRESENTATION_CONTEXT('2D SPACE',''
  ) );
#1077 = PCURVE('',#767,#1078);
#1078 = DEFINITIONAL_REPRESENTATION('',(#1079),#1096);
#1079 = B_SPLINE_CURVE_WITH_KNOTS('',8,(#1080,#1081,#1082,#1083,#1084,
    #1085,#1086,#1087,#1088,#1089,#1090,#1091,#1092,#1093,#1094,#1095),
  .UNSPECIFIED.,.F.,.F.,(9,7,9),(-1.00026186327,2.22044604925E-16,
    1.00026186327),.UNSPECIFIED.);
#1080 = CARTESIAN_POINT('',(-5.578328148314,-9.999999999999E-02));
#1081 = CARTESIAN_POINT('',(-5.497316310659,-0.409316287195));
#1082 = CARTESIAN_POINT('',(-5.407487592116,-0.660605302795));
#1083 = CARTESIAN_POINT('',(-5.308525984719,-0.861235565821));
#1084 = CARTESIAN_POINT('',(-5.200596115701,-1.01664040552));
#1085 = CARTESIAN_POINT('',(-5.084512422523,-1.1306862993));
#1086 = CARTESIAN_POINT('',(-4.962453786595,-1.205880937001));
#1087 = CARTESIAN_POINT('',(-4.837421713293,-1.24347826087));
#1088 = CARTESIAN_POINT('',(-4.587356247476,-1.24347826087));
#1089 = CARTESIAN_POINT('',(-4.462324174176,-1.205880937002));
#1090 = CARTESIAN_POINT('',(-4.34026553824,-1.130686299296));
#1091 = CARTESIAN_POINT('',(-4.224181845075,-1.016640405526));
#1092 = CARTESIAN_POINT('',(-4.116251976031,-0.861235565817));
#1093 = CARTESIAN_POINT('',(-4.017290368654,-0.660605302795));
#1094 = CARTESIAN_POINT('',(-3.92746165011,-0.409316287195));
#1095 = CARTESIAN_POINT('',(-3.846449812456,-9.999999999998E-02));
#1096 = ( GEOMETRIC_REPRESENTATION_CONTEXT(2) 
PARAMETRIC_REPRESENTATION_CONTEXT() REPRESENTATION_CONTEXT('2D SPACE',''
  ) );
#1097 = ORIENTED_EDGE('',*,*,#895,.T.);
#1098 = ORIENTED_EDGE('',*,*,#1099,.F.);
#1099 = EDGE_CURVE('',#1100,#867,#1102,.T.);
#1100 = VERTEX_POINT('',#1101);
#1101 = CARTESIAN_POINT('',(-2.,-22.75283360968,13.263043478261));
#1102 = SURFACE_CURVE('',#1103,(#1108,#1124),.PCURVE_S1.);
#1103 = HYPERBOLA('',#1104,1.913043478261,2.);
#1104 = AXIS2_PLACEMENT_3D('',#1105,#1106,#1107);
#1105 = CARTESIAN_POINT('',(-2.,-22.2,15.247826086957));
#1106 = DIRECTION('',(-1.,0.,0.));
#1107 = DIRECTION('',(-0.,0.,-1.));
#1108 = PCURVE('',#910,#1109);
#1109 = DEFINITIONAL_REPRESENTATION('',(#1110),#1123);
#1110 = B_SPLINE_CURVE_WITH_KNOTS('',6,(#1111,#1112,#1113,#1114,#1115,
    #1116,#1117,#1118,#1119,#1120,#1121,#1122),.UNSPECIFIED.,.F.,.F.,(7,
    5,7),(-0.,0.560788062151,1.121576124302),.UNSPECIFIED.);
#1111 = CARTESIAN_POINT('',(-6.28318530718,-1.434782608696));
#1112 = CARTESIAN_POINT('',(-6.189720630154,-1.434782608696));
#1113 = CARTESIAN_POINT('',(-6.096256423978,-1.414728594387));
#1114 = CARTESIAN_POINT('',(-6.004258580281,-1.374620635336));
#1115 = CARTESIAN_POINT('',(-5.915212476066,-1.313932946375));
#1116 = CARTESIAN_POINT('',(-5.83014701361,-1.231614950377));
#1117 = CARTESIAN_POINT('',(-5.669196086803,-1.020397304754));
#1118 = CARTESIAN_POINT('',(-5.593310363583,-0.891497608168));
#1119 = CARTESIAN_POINT('',(-5.522629021795,-0.737646679624));
#1120 = CARTESIAN_POINT('',(-5.457333878661,-0.556572642015));
#1121 = CARTESIAN_POINT('',(-5.397290825241,-0.345309417248));
#1122 = CARTESIAN_POINT('',(-5.342238003432,-9.999999999999E-02));
#1123 = ( GEOMETRIC_REPRESENTATION_CONTEXT(2) 
PARAMETRIC_REPRESENTATION_CONTEXT() REPRESENTATION_CONTEXT('2D SPACE',''
  ) );
#1124 = PCURVE('',#883,#1125);
#1125 = DEFINITIONAL_REPRESENTATION('',(#1126),#1139);
#1126 = B_SPLINE_CURVE_WITH_KNOTS('',6,(#1127,#1128,#1129,#1130,#1131,
    #1132,#1133,#1134,#1135,#1136,#1137,#1138),.UNSPECIFIED.,.F.,.F.,(7,
    5,7),(-0.,0.560788062151,1.121576124302),.UNSPECIFIED.);
#1127 = CARTESIAN_POINT('',(-3.14159265359,-1.434782608696));
#1128 = CARTESIAN_POINT('',(-3.235057330615,-1.434782608696));
#1129 = CARTESIAN_POINT('',(-3.328521536792,-1.414728594387));
#1130 = CARTESIAN_POINT('',(-3.420519380489,-1.374620635336));
#1131 = CARTESIAN_POINT('',(-3.509565484703,-1.313932946375));
#1132 = CARTESIAN_POINT('',(-3.594630947159,-1.231614950377));
#1133 = CARTESIAN_POINT('',(-3.755581873966,-1.020397304754));
#1134 = CARTESIAN_POINT('',(-3.831467597187,-0.891497608168));
#1135 = CARTESIAN_POINT('',(-3.902148938974,-0.737646679624));
#1136 = CARTESIAN_POINT('',(-3.967444082109,-0.556572642015));
#1137 = CARTESIAN_POINT('',(-4.027487135529,-0.345309417248));
#1138 = CARTESIAN_POINT('',(-4.082539957337,-9.999999999999E-02));
#1139 = ( GEOMETRIC_REPRESENTATION_CONTEXT(2) 
PARAMETRIC_REPRESENTATION_CONTEXT() REPRESENTATION_CONTEXT('2D SPACE',''
  ) );
#1140 = ORIENTED_EDGE('',*,*,#1141,.T.);
#1141 = EDGE_CURVE('',#1100,#1009,#1142,.T.);
#1142 = SURFACE_CURVE('',#1143,(#1148,#1155),.PCURVE_S1.);
#1143 = CIRCLE('',#1144,2.075);
#1144 = AXIS2_PLACEMENT_3D('',#1145,#1146,#1147);
#1145 = CARTESIAN_POINT('',(-4.,-22.2,13.263043478261));
#1146 = DIRECTION('',(0.,-0.,-1.));
#1147 = DIRECTION('',(0.,1.,-0.));
#1148 = PCURVE('',#910,#1149);
#1149 = DEFINITIONAL_REPRESENTATION('',(#1150),#1154);
#1150 = LINE('',#1151,#1152);
#1151 = CARTESIAN_POINT('',(-7.853981633974,-1.363043478261));
#1152 = VECTOR('',#1153,1.);
#1153 = DIRECTION('',(1.,-0.));
#1154 = ( GEOMETRIC_REPRESENTATION_CONTEXT(2) 
PARAMETRIC_REPRESENTATION_CONTEXT() REPRESENTATION_CONTEXT('2D SPACE',''
  ) );
#1155 = PCURVE('',#1156,#1161);
#1156 = CYLINDRICAL_SURFACE('',#1157,2.075);
#1157 = AXIS2_PLACEMENT_3D('',#1158,#1159,#1160);
#1158 = CARTESIAN_POINT('',(-4.,-22.2,12.));
#1159 = DIRECTION('',(-0.,-0.,-1.));
#1160 = DIRECTION('',(1.,0.,0.));
#1161 = DEFINITIONAL_REPRESENTATION('',(#1162),#1166);
#1162 = LINE('',#1163,#1164);
#1163 = CARTESIAN_POINT('',(-7.853981633974,-1.263043478261));
#1164 = VECTOR('',#1165,1.);
#1165 = DIRECTION('',(1.,-0.));
#1166 = ( GEOMETRIC_REPRESENTATION_CONTEXT(2) 
PARAMETRIC_REPRESENTATION_CONTEXT() REPRESENTATION_CONTEXT('2D SPACE',''
  ) );
#1167 = ADVANCED_FACE('',(#1168),#1156,.F.);
#1168 = FACE_BOUND('',#1169,.T.);
#1169 = EDGE_LOOP('',(#1170,#1295,#1318,#1349,#1350,#1476));
#1170 = ORIENTED_EDGE('',*,*,#1171,.F.);
#1171 = EDGE_CURVE('',#1172,#1009,#1174,.T.);
#1172 = VERTEX_POINT('',#1173);
#1173 = CARTESIAN_POINT('',(-1.925,-22.2,13.40652173913));
#1174 = SURFACE_CURVE('',#1175,(#1213,#1254),.PCURVE_S1.);
#1175 = B_SPLINE_CURVE_WITH_KNOTS('',8,(#1176,#1177,#1178,#1179,#1180,
    #1181,#1182,#1183,#1184,#1185,#1186,#1187,#1188,#1189,#1190,#1191,
    #1192,#1193,#1194,#1195,#1196,#1197,#1198,#1199,#1200,#1201,#1202,
    #1203,#1204,#1205,#1206,#1207,#1208,#1209,#1210,#1211,#1212),
  .UNSPECIFIED.,.F.,.F.,(9,7,7,7,7,9),(0.,8.96778258591E-02,
    0.153151875955,0.256705763007,0.616480707287,1.),.UNSPECIFIED.);
#1176 = CARTESIAN_POINT('',(-1.925,-22.2,13.40652173913));
#1177 = CARTESIAN_POINT('',(-1.925,-22.16465903051,13.40652173913));
#1178 = CARTESIAN_POINT('',(-1.925687936411,-22.12932762488,
    13.405154467502));
#1179 = CARTESIAN_POINT('',(-1.927063043817,-22.09418906221,
    13.40242120864));
#1180 = CARTESIAN_POINT('',(-1.929106131307,-22.05938969234,
    13.398366168827));
#1181 = CARTESIAN_POINT('',(-1.931785420661,-22.02504751152,
    13.393063650012));
#1182 = CARTESIAN_POINT('',(-1.935061013737,-21.99125864154,
    13.386607533575));
#1183 = CARTESIAN_POINT('',(-1.938887989062,-21.958101712,
    13.379103074066));
#1184 = CARTESIAN_POINT('',(-1.946283003795,-21.90266381892,
    13.364685697001));
#1185 = CARTESIAN_POINT('',(-1.94960162592,-21.88002360077,
    13.358237401036));
#1186 = CARTESIAN_POINT('',(-1.953159024981,-21.85772984178,
    13.351351393095));
#1187 = CARTESIAN_POINT('',(-1.956940626997,-21.83578804755,
    13.344062002958));
#1188 = CARTESIAN_POINT('',(-1.960932549564,-21.81419939002,
    13.336401959376));
#1189 = CARTESIAN_POINT('',(-1.965121898412,-21.79296121836,
    13.328401737322));
#1190 = CARTESIAN_POINT('',(-1.969497063955,-21.77206756995,
    13.320088905231));
#1191 = CARTESIAN_POINT('',(-1.981472610481,-21.71797078969,
    13.297454779868));
#1192 = CARTESIAN_POINT('',(-1.989362771514,-21.68533523965,
    13.282658295979));
#1193 = CARTESIAN_POINT('',(-1.997675713508,-21.65355832853,
    13.267201289315));
#1194 = CARTESIAN_POINT('',(-2.006374229508,-21.62259733313,
    13.25117288442));
#1195 = CARTESIAN_POINT('',(-2.015426688285,-21.59241038421,
    13.234648617438));
#1196 = CARTESIAN_POINT('',(-2.024807029581,-21.56295534095,
    13.217690991902));
#1197 = CARTESIAN_POINT('',(-2.034494759361,-21.53418866545,
    13.200350034521));
#1198 = CARTESIAN_POINT('',(-2.079148880084,-21.40835243661,
    13.121217140614));
#1199 = CARTESIAN_POINT('',(-2.11725553458,-21.31866876404,
    13.055776769603));
#1200 = CARTESIAN_POINT('',(-2.15820530222,-21.23486071695,
    12.987862131725));
#1201 = CARTESIAN_POINT('',(-2.201696089791,-21.15621841129,
    12.918240622267));
#1202 = CARTESIAN_POINT('',(-2.247456575604,-21.08201969218,
    12.84751178059));
#1203 = CARTESIAN_POINT('',(-2.295347493666,-21.01184868826,
    12.775973349663));
#1204 = CARTESIAN_POINT('',(-2.345312618562,-20.94526227346,
    12.70377804386));
#1205 = CARTESIAN_POINT('',(-2.452993150312,-20.81434317772,
    12.553188939543));
#1206 = CARTESIAN_POINT('',(-2.510857198146,-20.75062420134,
    12.474903789049));
#1207 = CARTESIAN_POINT('',(-2.570951800005,-20.69043018893,
    12.39620525298));
#1208 = CARTESIAN_POINT('',(-2.633214962874,-20.6336017928,
    12.317217873408));
#1209 = CARTESIAN_POINT('',(-2.697590802224,-20.58004825241,
    12.238038017443));
#1210 = CARTESIAN_POINT('',(-2.764029455693,-20.52972090857,
    12.158740699815));
#1211 = CARTESIAN_POINT('',(-2.832489013211,-20.48260912732,
    12.079381290512));
#1212 = CARTESIAN_POINT('',(-2.90293635375,-20.43872876703,11.9999994));
#1213 = PCURVE('',#1156,#1214);
#1214 = DEFINITIONAL_REPRESENTATION('',(#1215),#1253);
#1215 = B_SPLINE_CURVE_WITH_KNOTS('',8,(#1216,#1217,#1218,#1219,#1220,
    #1221,#1222,#1223,#1224,#1225,#1226,#1227,#1228,#1229,#1230,#1231,
    #1232,#1233,#1234,#1235,#1236,#1237,#1238,#1239,#1240,#1241,#1242,
    #1243,#1244,#1245,#1246,#1247,#1248,#1249,#1250,#1251,#1252),
  .UNSPECIFIED.,.F.,.F.,(9,7,7,7,7,9),(0.,8.96778258591E-02,
    0.153151875955,0.256705763007,0.616480707287,1.),.UNSPECIFIED.);
#1216 = CARTESIAN_POINT('',(0.,-1.40652173913));
#1217 = CARTESIAN_POINT('',(-1.703179252299E-02,-1.40652173913));
#1218 = CARTESIAN_POINT('',(-3.405897026608E-02,-1.405154467502));
#1219 = CARTESIAN_POINT('',(-5.100075874223E-02,-1.40242120864));
#1220 = CARTESIAN_POINT('',(-6.779410128052E-02,-1.398366168827));
#1221 = CARTESIAN_POINT('',(-8.438888834002E-02,-1.393063650012));
#1222 = CARTESIAN_POINT('',(-0.100744440302,-1.386607533575));
#1223 = CARTESIAN_POINT('',(-0.116827243737,-1.379103074066));
#1224 = CARTESIAN_POINT('',(-0.143780949341,-1.364685697001));
#1225 = CARTESIAN_POINT('',(-0.154807565396,-1.358237401036));
#1226 = CARTESIAN_POINT('',(-0.16568602574,-1.351351393095));
#1227 = CARTESIAN_POINT('',(-0.176414656082,-1.344062002958));
#1228 = CARTESIAN_POINT('',(-0.186993669136,-1.336401959376));
#1229 = CARTESIAN_POINT('',(-0.197424962351,-1.328401737322));
#1230 = CARTESIAN_POINT('',(-0.207711915627,-1.320088905231));
#1231 = CARTESIAN_POINT('',(-0.234413822057,-1.297454779868));
#1232 = CARTESIAN_POINT('',(-0.250591905449,-1.282658295979));
#1233 = CARTESIAN_POINT('',(-0.266416896198,-1.267201289315));
#1234 = CARTESIAN_POINT('',(-0.281910647209,-1.25117288442));
#1235 = CARTESIAN_POINT('',(-0.297094171993,-1.234648617438));
#1236 = CARTESIAN_POINT('',(-0.311988409353,-1.217690991902));
#1237 = CARTESIAN_POINT('',(-0.326614988062,-1.200350034521));
#1238 = CARTESIAN_POINT('',(-0.390964063271,-1.121217140614));
#1239 = CARTESIAN_POINT('',(-0.437838257487,-1.055776769603));
#1240 = CARTESIAN_POINT('',(-0.482691349805,-0.987862131726));
#1241 = CARTESIAN_POINT('',(-0.525892655059,-0.918240622266));
#1242 = CARTESIAN_POINT('',(-0.567814736994,-0.847511780591));
#1243 = CARTESIAN_POINT('',(-0.608686926323,-0.775973349663));
#1244 = CARTESIAN_POINT('',(-0.648766896002,-0.70377804386));
#1245 = CARTESIAN_POINT('',(-0.73046026254,-0.553188939543));
#1246 = CARTESIAN_POINT('',(-0.771890945123,-0.474903789049));
#1247 = CARTESIAN_POINT('',(-0.812806479874,-0.39620525298));
#1248 = CARTESIAN_POINT('',(-0.853345362903,-0.317217873408));
#1249 = CARTESIAN_POINT('',(-0.893616997235,-0.238038017443));
#1250 = CARTESIAN_POINT('',(-0.933715507418,-0.158740699815));
#1251 = CARTESIAN_POINT('',(-0.973723715132,-7.938129051153E-02));
#1252 = CARTESIAN_POINT('',(-1.013721722946,5.999999999062E-07));
#1253 = ( GEOMETRIC_REPRESENTATION_CONTEXT(2) 
PARAMETRIC_REPRESENTATION_CONTEXT() REPRESENTATION_CONTEXT('2D SPACE',''
  ) );
#1254 = PCURVE('',#883,#1255);
#1255 = DEFINITIONAL_REPRESENTATION('',(#1256),#1294);
#1256 = B_SPLINE_CURVE_WITH_KNOTS('',8,(#1257,#1258,#1259,#1260,#1261,
    #1262,#1263,#1264,#1265,#1266,#1267,#1268,#1269,#1270,#1271,#1272,
    #1273,#1274,#1275,#1276,#1277,#1278,#1279,#1280,#1281,#1282,#1283,
    #1284,#1285,#1286,#1287,#1288,#1289,#1290,#1291,#1292,#1293),
  .UNSPECIFIED.,.F.,.F.,(9,7,7,7,7,9),(0.,8.96778258591E-02,
    0.153151875955,0.256705763007,0.616480707287,1.),.UNSPECIFIED.);
#1257 = CARTESIAN_POINT('',(-3.14159265359,-1.50652173913));
#1258 = CARTESIAN_POINT('',(-3.123233708403,-1.50652173913));
#1259 = CARTESIAN_POINT('',(-3.104879704689,-1.505154467502));
#1260 = CARTESIAN_POINT('',(-3.086671059649,-1.50242120864));
#1261 = CARTESIAN_POINT('',(-3.068728661947,-1.498366168827));
#1262 = CARTESIAN_POINT('',(-3.051152822001,-1.493063650012));
#1263 = CARTESIAN_POINT('',(-3.034023447791,-1.486607533575));
#1264 = CARTESIAN_POINT('',(-3.017401446197,-1.479103074066));
#1265 = CARTESIAN_POINT('',(-2.989956920469,-1.464685697001));
#1266 = CARTESIAN_POINT('',(-2.978852902794,-1.458237401036));
#1267 = CARTESIAN_POINT('',(-2.968029255186,-1.451351393095));
#1268 = CARTESIAN_POINT('',(-2.957491539492,-1.444062002958));
#1269 = CARTESIAN_POINT('',(-2.947241533633,-1.436401959376));
#1270 = CARTESIAN_POINT('',(-2.93727784417,-1.428401737322));
#1271 = CARTESIAN_POINT('',(-2.927596518868,-1.420088905231));
#1272 = CARTESIAN_POINT('',(-2.902848227288,-1.397454779868));
#1273 = CARTESIAN_POINT('',(-2.88824516154,-1.382658295979));
#1274 = CARTESIAN_POINT('',(-2.874353139678,-1.367201289315));
#1275 = CARTESIAN_POINT('',(-2.861139856989,-1.35117288442));
#1276 = CARTESIAN_POINT('',(-2.848570928002,-1.334648617438));
#1277 = CARTESIAN_POINT('',(-2.836610788091,-1.317690991902));
#1278 = CARTESIAN_POINT('',(-2.825223595088,-1.300350034521));
#1279 = CARTESIAN_POINT('',(-2.776680081093,-1.221217140614));
#1280 = CARTESIAN_POINT('',(-2.745581679106,-1.155776769603));
#1281 = CARTESIAN_POINT('',(-2.719472213608,-1.087862131726));
#1282 = CARTESIAN_POINT('',(-2.697509891529,-1.018240622266));
#1283 = CARTESIAN_POINT('',(-2.678941662869,-0.947511780591));
#1284 = CARTESIAN_POINT('',(-2.663258589768,-0.875973349663));
#1285 = CARTESIAN_POINT('',(-2.650022096574,-0.80377804386));
#1286 = CARTESIAN_POINT('',(-2.627051710112,-0.653188939543));
#1287 = CARTESIAN_POINT('',(-2.617636897623,-0.574903789049));
#1288 = CARTESIAN_POINT('',(-2.610267070402,-0.49620525298));
#1289 = CARTESIAN_POINT('',(-2.604665533829,-0.417217873408));
#1290 = CARTESIAN_POINT('',(-2.600618160088,-0.338038017443));
#1291 = CARTESIAN_POINT('',(-2.597952821819,-0.258740699815));
#1292 = CARTESIAN_POINT('',(-2.596532864559,-0.179381290512));
#1293 = CARTESIAN_POINT('',(-2.596246197408,-9.99994E-02));
#1294 = ( GEOMETRIC_REPRESENTATION_CONTEXT(2) 
PARAMETRIC_REPRESENTATION_CONTEXT() REPRESENTATION_CONTEXT('2D SPACE',''
  ) );
#1295 = ORIENTED_EDGE('',*,*,#1296,.T.);
#1296 = EDGE_CURVE('',#1172,#1297,#1299,.T.);
#1297 = VERTEX_POINT('',#1298);
#1298 = CARTESIAN_POINT('',(-1.925,-22.2,18.));
#1299 = SEAM_CURVE('',#1300,(#1304,#1311),.PCURVE_S1.);
#1300 = LINE('',#1301,#1302);
#1301 = CARTESIAN_POINT('',(-1.925,-22.2,12.));
#1302 = VECTOR('',#1303,1.);
#1303 = DIRECTION('',(0.,0.,1.));
#1304 = PCURVE('',#1156,#1305);
#1305 = DEFINITIONAL_REPRESENTATION('',(#1306),#1310);
#1306 = LINE('',#1307,#1308);
#1307 = CARTESIAN_POINT('',(-6.28318530718,0.));
#1308 = VECTOR('',#1309,1.);
#1309 = DIRECTION('',(-0.,-1.));
#1310 = ( GEOMETRIC_REPRESENTATION_CONTEXT(2) 
PARAMETRIC_REPRESENTATION_CONTEXT() REPRESENTATION_CONTEXT('2D SPACE',''
  ) );
#1311 = PCURVE('',#1156,#1312);
#1312 = DEFINITIONAL_REPRESENTATION('',(#1313),#1317);
#1313 = LINE('',#1314,#1315);
#1314 = CARTESIAN_POINT('',(-0.,0.));
#1315 = VECTOR('',#1316,1.);
#1316 = DIRECTION('',(-0.,-1.));
#1317 = ( GEOMETRIC_REPRESENTATION_CONTEXT(2) 
PARAMETRIC_REPRESENTATION_CONTEXT() REPRESENTATION_CONTEXT('2D SPACE',''
  ) );
#1318 = ORIENTED_EDGE('',*,*,#1319,.F.);
#1319 = EDGE_CURVE('',#1297,#1297,#1320,.T.);
#1320 = SURFACE_CURVE('',#1321,(#1326,#1333),.PCURVE_S1.);
#1321 = CIRCLE('',#1322,2.075);
#1322 = AXIS2_PLACEMENT_3D('',#1323,#1324,#1325);
#1323 = CARTESIAN_POINT('',(-4.,-22.2,18.));
#1324 = DIRECTION('',(0.,0.,-1.));
#1325 = DIRECTION('',(1.,0.,0.));
#1326 = PCURVE('',#1156,#1327);
#1327 = DEFINITIONAL_REPRESENTATION('',(#1328),#1332);
#1328 = LINE('',#1329,#1330);
#1329 = CARTESIAN_POINT('',(-6.28318530718,-6.));
#1330 = VECTOR('',#1331,1.);
#1331 = DIRECTION('',(1.,-0.));
#1332 = ( GEOMETRIC_REPRESENTATION_CONTEXT(2) 
PARAMETRIC_REPRESENTATION_CONTEXT() REPRESENTATION_CONTEXT('2D SPACE',''
  ) );
#1333 = PCURVE('',#1334,#1339);
#1334 = PLANE('',#1335);
#1335 = AXIS2_PLACEMENT_3D('',#1336,#1337,#1338);
#1336 = CARTESIAN_POINT('',(-5.033521960268E-16,-20.,18.));
#1337 = DIRECTION('',(0.,0.,1.));
#1338 = DIRECTION('',(1.,0.,-0.));
#1339 = DEFINITIONAL_REPRESENTATION('',(#1340),#1348);
#1340 = ( BOUNDED_CURVE() B_SPLINE_CURVE(2,(#1341,#1342,#1343,#1344,
#1345,#1346,#1347),.UNSPECIFIED.,.T.,.F.) B_SPLINE_CURVE_WITH_KNOTS((1,2
    ,2,2,2,1),(-2.094395102393,0.,2.094395102393,4.188790204786,
6.28318530718,8.377580409573),.UNSPECIFIED.) CURVE() 
GEOMETRIC_REPRESENTATION_ITEM() RATIONAL_B_SPLINE_CURVE((1.,0.5,1.,0.5,
1.,0.5,1.)) REPRESENTATION_ITEM('') );
#1341 = CARTESIAN_POINT('',(-1.925,-2.2));
#1342 = CARTESIAN_POINT('',(-1.925,-5.794005425705));
#1343 = CARTESIAN_POINT('',(-5.0375,-3.997002712853));
#1344 = CARTESIAN_POINT('',(-8.15,-2.2));
#1345 = CARTESIAN_POINT('',(-5.0375,-0.402997287147));
#1346 = CARTESIAN_POINT('',(-1.925,1.394005425705));
#1347 = CARTESIAN_POINT('',(-1.925,-2.2));
#1348 = ( GEOMETRIC_REPRESENTATION_CONTEXT(2) 
PARAMETRIC_REPRESENTATION_CONTEXT() REPRESENTATION_CONTEXT('2D SPACE',''
  ) );
#1349 = ORIENTED_EDGE('',*,*,#1296,.F.);
#1350 = ORIENTED_EDGE('',*,*,#1351,.F.);
#1351 = EDGE_CURVE('',#1100,#1172,#1352,.T.);
#1352 = SURFACE_CURVE('',#1353,(#1392,#1434),.PCURVE_S1.);
#1353 = B_SPLINE_CURVE_WITH_KNOTS('',7,(#1354,#1355,#1356,#1357,#1358,
    #1359,#1360,#1361,#1362,#1363,#1364,#1365,#1366,#1367,#1368,#1369,
    #1370,#1371,#1372,#1373,#1374,#1375,#1376,#1377,#1378,#1379,#1380,
    #1381,#1382,#1383,#1384,#1385,#1386,#1387,#1388,#1389,#1390,#1391),
  .UNSPECIFIED.,.F.,.F.,(8,6,6,6,6,6,8),(0.,0.180765347546,
    0.357058039987,0.525488788979,0.679420200298,0.87068869298,1.),
  .UNSPECIFIED.);
#1354 = CARTESIAN_POINT('',(-2.902935821281,-23.9612709013,12.));
#1355 = CARTESIAN_POINT('',(-2.865010164578,-23.93764768729,
    12.042735621546));
#1356 = CARTESIAN_POINT('',(-2.82766985448,-23.91306668845,
    12.085467708825));
#1357 = CARTESIAN_POINT('',(-2.79092227225,-23.88753134485,
    12.128187734094));
#1358 = CARTESIAN_POINT('',(-2.754774981888,-23.86104244521,
    12.170886211604));
#1359 = CARTESIAN_POINT('',(-2.719235730655,-23.83359728301,
    12.21355249831));
#1360 = CARTESIAN_POINT('',(-2.684312449587,-23.80518881268,
    12.2561745946));
#1361 = CARTESIAN_POINT('',(-2.616562719286,-23.74714784364,
    12.340250130853));
#1362 = CARTESIAN_POINT('',(-2.583706229986,-23.71756347856,
    12.381705828305));
#1363 = CARTESIAN_POINT('',(-2.551451032032,-23.68703966275,
    12.423093720813));
#1364 = CARTESIAN_POINT('',(-2.519805347267,-23.6555607067,
    12.464399171985));
#1365 = CARTESIAN_POINT('',(-2.488778408753,-23.62310521293,
    12.505604655006));
#1366 = CARTESIAN_POINT('',(-2.458380496076,-23.58964400989,
    12.546689182057));
#1367 = CARTESIAN_POINT('',(-2.400192510898,-23.52217098685,
    12.626740591015));
#1368 = CARTESIAN_POINT('',(-2.372347729297,-23.48825178479,
    12.665718663567));
#1369 = CARTESIAN_POINT('',(-2.345097736685,-23.45334420035,
    12.704540966851));
#1370 = CARTESIAN_POINT('',(-2.318454413221,-23.41740703236,
    12.743180874397));
#1371 = CARTESIAN_POINT('',(-2.292432651211,-23.38038900683,
    12.78160440103));
#1372 = CARTESIAN_POINT('',(-2.267050597938,-23.34222362609,
    12.819768486114));
#1373 = CARTESIAN_POINT('',(-2.219737277019,-23.26681611932,
    12.892211687407));
#1374 = CARTESIAN_POINT('',(-2.197700249791,-23.22978200856,
    12.926537479547));
#1375 = CARTESIAN_POINT('',(-2.176232451548,-23.19165108831,
    12.960559615305));
#1376 = CARTESIAN_POINT('',(-2.155355959438,-23.15234231374,
    12.994224410642));
#1377 = CARTESIAN_POINT('',(-2.135100265359,-23.11176292784,
    13.027460864703));
#1378 = CARTESIAN_POINT('',(-2.115503186119,-23.06979706672,
    13.060176044977));
#1379 = CARTESIAN_POINT('',(-2.073142469762,-22.97221707753,
    13.132095919365));
#1380 = CARTESIAN_POINT('',(-2.050816728542,-22.91588368258,
    13.170859920576));
#1381 = CARTESIAN_POINT('',(-2.029655810375,-22.85683983047,
    13.208421622754));
#1382 = CARTESIAN_POINT('',(-2.009803247397,-22.7946902638,
    13.24444080987));
#1383 = CARTESIAN_POINT('',(-1.991516310101,-22.72905675389,
    13.278328144457));
#1384 = CARTESIAN_POINT('',(-1.975135649984,-22.65957164628,
    13.309248202081));
#1385 = CARTESIAN_POINT('',(-1.951705536264,-22.53570870347,
    13.354099760666));
#1386 = CARTESIAN_POINT('',(-1.943348392617,-22.48370970243,
    13.370296895629));
#1387 = CARTESIAN_POINT('',(-1.936281497544,-22.42970443441,
    13.384150355357));
#1388 = CARTESIAN_POINT('',(-1.930726068544,-22.3738700729,
    13.395139049449));
#1389 = CARTESIAN_POINT('',(-1.926909235557,-22.31653719257,
    13.402727587348));
#1390 = CARTESIAN_POINT('',(-1.925,-22.25826713497,13.40652173913));
#1391 = CARTESIAN_POINT('',(-1.925,-22.2,13.40652173913));
#1392 = PCURVE('',#1156,#1393);
#1393 = DEFINITIONAL_REPRESENTATION('',(#1394),#1433);
#1394 = B_SPLINE_CURVE_WITH_KNOTS('',7,(#1395,#1396,#1397,#1398,#1399,
    #1400,#1401,#1402,#1403,#1404,#1405,#1406,#1407,#1408,#1409,#1410,
    #1411,#1412,#1413,#1414,#1415,#1416,#1417,#1418,#1419,#1420,#1421,
    #1422,#1423,#1424,#1425,#1426,#1427,#1428,#1429,#1430,#1431,#1432),
  .UNSPECIFIED.,.F.,.F.,(8,6,6,6,6,6,8),(0.,0.180765347546,
    0.357058039987,0.525488788979,0.679420200298,0.87068869298,1.),
  .UNSPECIFIED.);
#1395 = CARTESIAN_POINT('',(-5.269463886555,2.48689957516E-14));
#1396 = CARTESIAN_POINT('',(-5.290997006006,-4.273562154583E-02));
#1397 = CARTESIAN_POINT('',(-5.312534716765,-8.546770882459E-02));
#1398 = CARTESIAN_POINT('',(-5.334089455603,-0.128187734094));
#1399 = CARTESIAN_POINT('',(-5.35567423994,-0.170886211604));
#1400 = CARTESIAN_POINT('',(-5.37730315538,-0.21355249831));
#1401 = CARTESIAN_POINT('',(-5.398991843229,-0.2561745946));
#1402 = CARTESIAN_POINT('',(-5.441985575736,-0.340250130853));
#1403 = CARTESIAN_POINT('',(-5.463286512579,-0.381705828305));
#1404 = CARTESIAN_POINT('',(-5.484677605922,-0.423093720813));
#1405 = CARTESIAN_POINT('',(-5.506176813207,-0.464399171985));
#1406 = CARTESIAN_POINT('',(-5.527804324691,-0.505604655006));
#1407 = CARTESIAN_POINT('',(-5.549583646175,-0.546689182057));
#1408 = CARTESIAN_POINT('',(-5.592522432847,-0.626740591015));
#1409 = CARTESIAN_POINT('',(-5.613665291311,-0.665718663567));
#1410 = CARTESIAN_POINT('',(-5.634996847661,-0.704540966851));
#1411 = CARTESIAN_POINT('',(-5.656544397255,-0.743180874397));
#1412 = CARTESIAN_POINT('',(-5.678339571313,-0.78160440103));
#1413 = CARTESIAN_POINT('',(-5.700420967952,-0.819768486114));
#1414 = CARTESIAN_POINT('',(-5.743322936131,-0.892211687407));
#1415 = CARTESIAN_POINT('',(-5.76408571926,-0.926537479547));
#1416 = CARTESIAN_POINT('',(-5.785164446218,-0.960559615305));
#1417 = CARTESIAN_POINT('',(-5.806602419221,-0.994224410642));
#1418 = CARTESIAN_POINT('',(-5.828448048746,-1.027460864703));
#1419 = CARTESIAN_POINT('',(-5.850760730104,-1.060176044977));
#1420 = CARTESIAN_POINT('',(-5.902027249034,-1.132095919365));
#1421 = CARTESIAN_POINT('',(-5.931214995832,-1.170859920576));
#1422 = CARTESIAN_POINT('',(-5.96141503023,-1.208421622754));
#1423 = CARTESIAN_POINT('',(-5.992820544705,-1.244440809871));
#1424 = CARTESIAN_POINT('',(-6.025615675105,-1.278328144456));
#1425 = CARTESIAN_POINT('',(-6.059986271611,-1.309248202081));
#1426 = CARTESIAN_POINT('',(-6.120737840345,-1.354099760666));
#1427 = CARTESIAN_POINT('',(-6.146109416192,-1.370296895629));
#1428 = CARTESIAN_POINT('',(-6.172339931224,-1.384150355357));
#1429 = CARTESIAN_POINT('',(-6.199356130652,-1.395139049449));
#1430 = CARTESIAN_POINT('',(-6.227022881674,-1.402727587349));
#1431 = CARTESIAN_POINT('',(-6.255104760205,-1.40652173913));
#1432 = CARTESIAN_POINT('',(-6.28318530718,-1.40652173913));
#1433 = ( GEOMETRIC_REPRESENTATION_CONTEXT(2) 
PARAMETRIC_REPRESENTATION_CONTEXT() REPRESENTATION_CONTEXT('2D SPACE',''
  ) );
#1434 = PCURVE('',#883,#1435);
#1435 = DEFINITIONAL_REPRESENTATION('',(#1436),#1475);
#1436 = B_SPLINE_CURVE_WITH_KNOTS('',7,(#1437,#1438,#1439,#1440,#1441,
    #1442,#1443,#1444,#1445,#1446,#1447,#1448,#1449,#1450,#1451,#1452,
    #1453,#1454,#1455,#1456,#1457,#1458,#1459,#1460,#1461,#1462,#1463,
    #1464,#1465,#1466,#1467,#1468,#1469,#1470,#1471,#1472,#1473,#1474),
  .UNSPECIFIED.,.F.,.F.,(8,6,6,6,6,6,8),(0.,0.180765347546,
    0.357058039987,0.525488788979,0.679420200298,0.87068869298,1.),
  .UNSPECIFIED.);
#1437 = CARTESIAN_POINT('',(-3.686939107604,-9.999999999998E-02));
#1438 = CARTESIAN_POINT('',(-3.686784774933,-0.142735621546));
#1439 = CARTESIAN_POINT('',(-3.686295133691,-0.185467708825));
#1440 = CARTESIAN_POINT('',(-3.685451338846,-0.228187734094));
#1441 = CARTESIAN_POINT('',(-3.684232240349,-0.270886211604));
#1442 = CARTESIAN_POINT('',(-3.682613662499,-0.31355249831));
#1443 = CARTESIAN_POINT('',(-3.680567683298,-0.3561745946));
#1444 = CARTESIAN_POINT('',(-3.675618144279,-0.440250130853));
#1445 = CARTESIAN_POINT('',(-3.672737122292,-0.481705828305));
#1446 = CARTESIAN_POINT('',(-3.669388493497,-0.523093720813));
#1447 = CARTESIAN_POINT('',(-3.665538127622,-0.564399171985));
#1448 = CARTESIAN_POINT('',(-3.661146592247,-0.605604655006));
#1449 = CARTESIAN_POINT('',(-3.656167626576,-0.646689182057));
#1450 = CARTESIAN_POINT('',(-3.645176278288,-0.726740591015));
#1451 = CARTESIAN_POINT('',(-3.639220188472,-0.765718663567));
#1452 = CARTESIAN_POINT('',(-3.632629863459,-0.804540966851));
#1453 = CARTESIAN_POINT('',(-3.6253507241,-0.843180874397));
#1454 = CARTESIAN_POINT('',(-3.61731886466,-0.88160440103));
#1455 = CARTESIAN_POINT('',(-3.60845782308,-0.919768486114));
#1456 = CARTESIAN_POINT('',(-3.589735002136,-0.992211687407));
#1457 = CARTESIAN_POINT('',(-3.58002609654,-1.026537479547));
#1458 = CARTESIAN_POINT('',(-3.569477213964,-1.060559615305));
#1459 = CARTESIAN_POINT('',(-3.558005601985,-1.094224410642));
#1460 = CARTESIAN_POINT('',(-3.545516267586,-1.127460864703));
#1461 = CARTESIAN_POINT('',(-3.531896542139,-1.160176044977));
#1462 = CARTESIAN_POINT('',(-3.498503927632,-1.232095919365));
#1463 = CARTESIAN_POINT('',(-3.478081664577,-1.270859920576));
#1464 = CARTESIAN_POINT('',(-3.455432541438,-1.308421622754));
#1465 = CARTESIAN_POINT('',(-3.430220752898,-1.344440809871));
#1466 = CARTESIAN_POINT('',(-3.402088533541,-1.378328144456));
#1467 = CARTESIAN_POINT('',(-3.370699277292,-1.409248202081));
#1468 = CARTESIAN_POINT('',(-3.31215471837,-1.454099760666));
#1469 = CARTESIAN_POINT('',(-3.28691216366,-1.470296895629));
#1470 = CARTESIAN_POINT('',(-3.26005393853,-1.484150355357));
#1471 = CARTESIAN_POINT('',(-3.231696651904,-1.495139049449));
#1472 = CARTESIAN_POINT('',(-3.202132069012,-1.502727587349));
#1473 = CARTESIAN_POINT('',(-3.171861295134,-1.50652173913));
#1474 = CARTESIAN_POINT('',(-3.14159265359,-1.50652173913));
#1475 = ( GEOMETRIC_REPRESENTATION_CONTEXT(2) 
PARAMETRIC_REPRESENTATION_CONTEXT() REPRESENTATION_CONTEXT('2D SPACE',''
  ) );
#1476 = ORIENTED_EDGE('',*,*,#1141,.T.);
#1477 = ADVANCED_FACE('',(#1478,#1504,#1507,#1542,#1577,#1612,#1647),
  #1334,.T.);
#1478 = FACE_BOUND('',#1479,.T.);
#1479 = EDGE_LOOP('',(#1480));
#1480 = ORIENTED_EDGE('',*,*,#1481,.T.);
#1481 = EDGE_CURVE('',#1482,#1482,#1484,.T.);
#1482 = VERTEX_POINT('',#1483);
#1483 = CARTESIAN_POINT('',(8.15,-20.,18.));
#1484 = SURFACE_CURVE('',#1485,(#1490,#1497),.PCURVE_S1.);
#1485 = CIRCLE('',#1486,8.15);
#1486 = AXIS2_PLACEMENT_3D('',#1487,#1488,#1489);
#1487 = CARTESIAN_POINT('',(0.,-20.,18.));
#1488 = DIRECTION('',(0.,0.,1.));
#1489 = DIRECTION('',(1.,0.,0.));
#1490 = PCURVE('',#1334,#1491);
#1491 = DEFINITIONAL_REPRESENTATION('',(#1492),#1496);
#1492 = CIRCLE('',#1493,8.15);
#1493 = AXIS2_PLACEMENT_2D('',#1494,#1495);
#1494 = CARTESIAN_POINT('',(5.033521960268E-16,0.));
#1495 = DIRECTION('',(1.,0.));
#1496 = ( GEOMETRIC_REPRESENTATION_CONTEXT(2) 
PARAMETRIC_REPRESENTATION_CONTEXT() REPRESENTATION_CONTEXT('2D SPACE',''
  ) );
#1497 = PCURVE('',#525,#1498);
#1498 = DEFINITIONAL_REPRESENTATION('',(#1499),#1503);
#1499 = LINE('',#1500,#1501);
#1500 = CARTESIAN_POINT('',(-0.,0.));
#1501 = VECTOR('',#1502,1.);
#1502 = DIRECTION('',(-1.,0.));
#1503 = ( GEOMETRIC_REPRESENTATION_CONTEXT(2) 
PARAMETRIC_REPRESENTATION_CONTEXT() REPRESENTATION_CONTEXT('2D SPACE',''
  ) );
#1504 = FACE_BOUND('',#1505,.T.);
#1505 = EDGE_LOOP('',(#1506));
#1506 = ORIENTED_EDGE('',*,*,#1319,.T.);
#1507 = FACE_BOUND('',#1508,.T.);
#1508 = EDGE_LOOP('',(#1509));
#1509 = ORIENTED_EDGE('',*,*,#1510,.T.);
#1510 = EDGE_CURVE('',#1511,#1511,#1513,.T.);
#1511 = VERTEX_POINT('',#1512);
#1512 = CARTESIAN_POINT('',(1.2,-22.2,18.));
#1513 = SURFACE_CURVE('',#1514,(#1519,#1530),.PCURVE_S1.);
#1514 = CIRCLE('',#1515,1.2);
#1515 = AXIS2_PLACEMENT_3D('',#1516,#1517,#1518);
#1516 = CARTESIAN_POINT('',(0.,-22.2,18.));
#1517 = DIRECTION('',(0.,0.,-1.));
#1518 = DIRECTION('',(1.,0.,0.));
#1519 = PCURVE('',#1334,#1520);
#1520 = DEFINITIONAL_REPRESENTATION('',(#1521),#1529);
#1521 = ( BOUNDED_CURVE() B_SPLINE_CURVE(2,(#1522,#1523,#1524,#1525,
#1526,#1527,#1528),.UNSPECIFIED.,.T.,.F.) B_SPLINE_CURVE_WITH_KNOTS((1,2
    ,2,2,2,1),(-2.094395102393,0.,2.094395102393,4.188790204786,
6.28318530718,8.377580409573),.UNSPECIFIED.) CURVE() 
GEOMETRIC_REPRESENTATION_ITEM() RATIONAL_B_SPLINE_CURVE((1.,0.5,1.,0.5,
1.,0.5,1.)) REPRESENTATION_ITEM('') );
#1522 = CARTESIAN_POINT('',(1.2,-2.2));
#1523 = CARTESIAN_POINT('',(1.2,-4.278460969083));
#1524 = CARTESIAN_POINT('',(-0.6,-3.239230484541));
#1525 = CARTESIAN_POINT('',(-2.4,-2.2));
#1526 = CARTESIAN_POINT('',(-0.6,-1.160769515459));
#1527 = CARTESIAN_POINT('',(1.2,-0.121539030917));
#1528 = CARTESIAN_POINT('',(1.2,-2.2));
#1529 = ( GEOMETRIC_REPRESENTATION_CONTEXT(2) 
PARAMETRIC_REPRESENTATION_CONTEXT() REPRESENTATION_CONTEXT('2D SPACE',''
  ) );
#1530 = PCURVE('',#1531,#1536);
#1531 = CYLINDRICAL_SURFACE('',#1532,1.2);
#1532 = AXIS2_PLACEMENT_3D('',#1533,#1534,#1535);
#1533 = CARTESIAN_POINT('',(0.,-22.2,0.));
#1534 = DIRECTION('',(-0.,-0.,-1.));
#1535 = DIRECTION('',(1.,0.,0.));
#1536 = DEFINITIONAL_REPRESENTATION('',(#1537),#1541);
#1537 = LINE('',#1538,#1539);
#1538 = CARTESIAN_POINT('',(-6.28318530718,-18.));
#1539 = VECTOR('',#1540,1.);
#1540 = DIRECTION('',(1.,-0.));
#1541 = ( GEOMETRIC_REPRESENTATION_CONTEXT(2) 
PARAMETRIC_REPRESENTATION_CONTEXT() REPRESENTATION_CONTEXT('2D SPACE',''
  ) );
#1542 = FACE_BOUND('',#1543,.T.);
#1543 = EDGE_LOOP('',(#1544));
#1544 = ORIENTED_EDGE('',*,*,#1545,.T.);
#1545 = EDGE_CURVE('',#1546,#1546,#1548,.T.);
#1546 = VERTEX_POINT('',#1547);
#1547 = CARTESIAN_POINT('',(6.075,-22.2,18.));
#1548 = SURFACE_CURVE('',#1549,(#1554,#1565),.PCURVE_S1.);
#1549 = CIRCLE('',#1550,2.075);
#1550 = AXIS2_PLACEMENT_3D('',#1551,#1552,#1553);
#1551 = CARTESIAN_POINT('',(4.,-22.2,18.));
#1552 = DIRECTION('',(0.,0.,-1.));
#1553 = DIRECTION('',(1.,0.,0.));
#1554 = PCURVE('',#1334,#1555);
#1555 = DEFINITIONAL_REPRESENTATION('',(#1556),#1564);
#1556 = ( BOUNDED_CURVE() B_SPLINE_CURVE(2,(#1557,#1558,#1559,#1560,
#1561,#1562,#1563),.UNSPECIFIED.,.T.,.F.) B_SPLINE_CURVE_WITH_KNOTS((1,2
    ,2,2,2,1),(-2.094395102393,0.,2.094395102393,4.188790204786,
6.28318530718,8.377580409573),.UNSPECIFIED.) CURVE() 
GEOMETRIC_REPRESENTATION_ITEM() RATIONAL_B_SPLINE_CURVE((1.,0.5,1.,0.5,
1.,0.5,1.)) REPRESENTATION_ITEM('') );
#1557 = CARTESIAN_POINT('',(6.075,-2.2));
#1558 = CARTESIAN_POINT('',(6.075,-5.794005425705));
#1559 = CARTESIAN_POINT('',(2.9625,-3.997002712853));
#1560 = CARTESIAN_POINT('',(-0.15,-2.2));
#1561 = CARTESIAN_POINT('',(2.9625,-0.402997287147));
#1562 = CARTESIAN_POINT('',(6.075,1.394005425705));
#1563 = CARTESIAN_POINT('',(6.075,-2.2));
#1564 = ( GEOMETRIC_REPRESENTATION_CONTEXT(2) 
PARAMETRIC_REPRESENTATION_CONTEXT() REPRESENTATION_CONTEXT('2D SPACE',''
  ) );
#1565 = PCURVE('',#1566,#1571);
#1566 = CYLINDRICAL_SURFACE('',#1567,2.075);
#1567 = AXIS2_PLACEMENT_3D('',#1568,#1569,#1570);
#1568 = CARTESIAN_POINT('',(4.,-22.2,12.));
#1569 = DIRECTION('',(-0.,-0.,-1.));
#1570 = DIRECTION('',(1.,0.,0.));
#1571 = DEFINITIONAL_REPRESENTATION('',(#1572),#1576);
#1572 = LINE('',#1573,#1574);
#1573 = CARTESIAN_POINT('',(-6.28318530718,-6.));
#1574 = VECTOR('',#1575,1.);
#1575 = DIRECTION('',(1.,-0.));
#1576 = ( GEOMETRIC_REPRESENTATION_CONTEXT(2) 
PARAMETRIC_REPRESENTATION_CONTEXT() REPRESENTATION_CONTEXT('2D SPACE',''
  ) );
#1577 = FACE_BOUND('',#1578,.T.);
#1578 = EDGE_LOOP('',(#1579));
#1579 = ORIENTED_EDGE('',*,*,#1580,.T.);
#1580 = EDGE_CURVE('',#1581,#1581,#1583,.T.);
#1581 = VERTEX_POINT('',#1582);
#1582 = CARTESIAN_POINT('',(-1.925,-17.8,18.));
#1583 = SURFACE_CURVE('',#1584,(#1589,#1600),.PCURVE_S1.);
#1584 = CIRCLE('',#1585,2.075);
#1585 = AXIS2_PLACEMENT_3D('',#1586,#1587,#1588);
#1586 = CARTESIAN_POINT('',(-4.,-17.8,18.));
#1587 = DIRECTION('',(0.,0.,-1.));
#1588 = DIRECTION('',(1.,0.,0.));
#1589 = PCURVE('',#1334,#1590);
#1590 = DEFINITIONAL_REPRESENTATION('',(#1591),#1599);
#1591 = ( BOUNDED_CURVE() B_SPLINE_CURVE(2,(#1592,#1593,#1594,#1595,
#1596,#1597,#1598),.UNSPECIFIED.,.T.,.F.) B_SPLINE_CURVE_WITH_KNOTS((1,2
    ,2,2,2,1),(-2.094395102393,0.,2.094395102393,4.188790204786,
6.28318530718,8.377580409573),.UNSPECIFIED.) CURVE() 
GEOMETRIC_REPRESENTATION_ITEM() RATIONAL_B_SPLINE_CURVE((1.,0.5,1.,0.5,
1.,0.5,1.)) REPRESENTATION_ITEM('') );
#1592 = CARTESIAN_POINT('',(-1.925,2.2));
#1593 = CARTESIAN_POINT('',(-1.925,-1.394005425705));
#1594 = CARTESIAN_POINT('',(-5.0375,0.402997287147));
#1595 = CARTESIAN_POINT('',(-8.15,2.2));
#1596 = CARTESIAN_POINT('',(-5.0375,3.997002712853));
#1597 = CARTESIAN_POINT('',(-1.925,5.794005425705));
#1598 = CARTESIAN_POINT('',(-1.925,2.2));
#1599 = ( GEOMETRIC_REPRESENTATION_CONTEXT(2) 
PARAMETRIC_REPRESENTATION_CONTEXT() REPRESENTATION_CONTEXT('2D SPACE',''
  ) );
#1600 = PCURVE('',#1601,#1606);
#1601 = CYLINDRICAL_SURFACE('',#1602,2.075);
#1602 = AXIS2_PLACEMENT_3D('',#1603,#1604,#1605);
#1603 = CARTESIAN_POINT('',(-4.,-17.8,12.));
#1604 = DIRECTION('',(-0.,-0.,-1.));
#1605 = DIRECTION('',(1.,0.,0.));
#1606 = DEFINITIONAL_REPRESENTATION('',(#1607),#1611);
#1607 = LINE('',#1608,#1609);
#1608 = CARTESIAN_POINT('',(-6.28318530718,-6.));
#1609 = VECTOR('',#1610,1.);
#1610 = DIRECTION('',(1.,-0.));
#1611 = ( GEOMETRIC_REPRESENTATION_CONTEXT(2) 
PARAMETRIC_REPRESENTATION_CONTEXT() REPRESENTATION_CONTEXT('2D SPACE',''
  ) );
#1612 = FACE_BOUND('',#1613,.T.);
#1613 = EDGE_LOOP('',(#1614));
#1614 = ORIENTED_EDGE('',*,*,#1615,.T.);
#1615 = EDGE_CURVE('',#1616,#1616,#1618,.T.);
#1616 = VERTEX_POINT('',#1617);
#1617 = CARTESIAN_POINT('',(1.2,-17.8,18.));
#1618 = SURFACE_CURVE('',#1619,(#1624,#1635),.PCURVE_S1.);
#1619 = CIRCLE('',#1620,1.2);
#1620 = AXIS2_PLACEMENT_3D('',#1621,#1622,#1623);
#1621 = CARTESIAN_POINT('',(0.,-17.8,18.));
#1622 = DIRECTION('',(0.,0.,-1.));
#1623 = DIRECTION('',(1.,0.,0.));
#1624 = PCURVE('',#1334,#1625);
#1625 = DEFINITIONAL_REPRESENTATION('',(#1626),#1634);
#1626 = ( BOUNDED_CURVE() B_SPLINE_CURVE(2,(#1627,#1628,#1629,#1630,
#1631,#1632,#1633),.UNSPECIFIED.,.T.,.F.) B_SPLINE_CURVE_WITH_KNOTS((1,2
    ,2,2,2,1),(-2.094395102393,0.,2.094395102393,4.188790204786,
6.28318530718,8.377580409573),.UNSPECIFIED.) CURVE() 
GEOMETRIC_REPRESENTATION_ITEM() RATIONAL_B_SPLINE_CURVE((1.,0.5,1.,0.5,
1.,0.5,1.)) REPRESENTATION_ITEM('') );
#1627 = CARTESIAN_POINT('',(1.2,2.2));
#1628 = CARTESIAN_POINT('',(1.2,0.121539030917));
#1629 = CARTESIAN_POINT('',(-0.6,1.160769515459));
#1630 = CARTESIAN_POINT('',(-2.4,2.2));
#1631 = CARTESIAN_POINT('',(-0.6,3.239230484541));
#1632 = CARTESIAN_POINT('',(1.2,4.278460969083));
#1633 = CARTESIAN_POINT('',(1.2,2.2));
#1634 = ( GEOMETRIC_REPRESENTATION_CONTEXT(2) 
PARAMETRIC_REPRESENTATION_CONTEXT() REPRESENTATION_CONTEXT('2D SPACE',''
  ) );
#1635 = PCURVE('',#1636,#1641);
#1636 = CYLINDRICAL_SURFACE('',#1637,1.2);
#1637 = AXIS2_PLACEMENT_3D('',#1638,#1639,#1640);
#1638 = CARTESIAN_POINT('',(0.,-17.8,0.));
#1639 = DIRECTION('',(-0.,-0.,-1.));
#1640 = DIRECTION('',(1.,0.,0.));
#1641 = DEFINITIONAL_REPRESENTATION('',(#1642),#1646);
#1642 = LINE('',#1643,#1644);
#1643 = CARTESIAN_POINT('',(-6.28318530718,-18.));
#1644 = VECTOR('',#1645,1.);
#1645 = DIRECTION('',(1.,-0.));
#1646 = ( GEOMETRIC_REPRESENTATION_CONTEXT(2) 
PARAMETRIC_REPRESENTATION_CONTEXT() REPRESENTATION_CONTEXT('2D SPACE',''
  ) );
#1647 = FACE_BOUND('',#1648,.T.);
#1648 = EDGE_LOOP('',(#1649));
#1649 = ORIENTED_EDGE('',*,*,#1650,.T.);
#1650 = EDGE_CURVE('',#1651,#1651,#1653,.T.);
#1651 = VERTEX_POINT('',#1652);
#1652 = CARTESIAN_POINT('',(6.075,-17.8,18.));
#1653 = SURFACE_CURVE('',#1654,(#1659,#1670),.PCURVE_S1.);
#1654 = CIRCLE('',#1655,2.075);
#1655 = AXIS2_PLACEMENT_3D('',#1656,#1657,#1658);
#1656 = CARTESIAN_POINT('',(4.,-17.8,18.));
#1657 = DIRECTION('',(0.,0.,-1.));
#1658 = DIRECTION('',(1.,0.,0.));
#1659 = PCURVE('',#1334,#1660);
#1660 = DEFINITIONAL_REPRESENTATION('',(#1661),#1669);
#1661 = ( BOUNDED_CURVE() B_SPLINE_CURVE(2,(#1662,#1663,#1664,#1665,
#1666,#1667,#1668),.UNSPECIFIED.,.T.,.F.) B_SPLINE_CURVE_WITH_KNOTS((1,2
    ,2,2,2,1),(-2.094395102393,0.,2.094395102393,4.188790204786,
6.28318530718,8.377580409573),.UNSPECIFIED.) CURVE() 
GEOMETRIC_REPRESENTATION_ITEM() RATIONAL_B_SPLINE_CURVE((1.,0.5,1.,0.5,
1.,0.5,1.)) REPRESENTATION_ITEM('') );
#1662 = CARTESIAN_POINT('',(6.075,2.2));
#1663 = CARTESIAN_POINT('',(6.075,-1.394005425705));
#1664 = CARTESIAN_POINT('',(2.9625,0.402997287147));
#1665 = CARTESIAN_POINT('',(-0.15,2.2));
#1666 = CARTESIAN_POINT('',(2.9625,3.997002712853));
#1667 = CARTESIAN_POINT('',(6.075,5.794005425705));
#1668 = CARTESIAN_POINT('',(6.075,2.2));
#1669 = ( GEOMETRIC_REPRESENTATION_CONTEXT(2) 
PARAMETRIC_REPRESENTATION_CONTEXT() REPRESENTATION_CONTEXT('2D SPACE',''
  ) );
#1670 = PCURVE('',#1671,#1676);
#1671 = CYLINDRICAL_SURFACE('',#1672,2.075);
#1672 = AXIS2_PLACEMENT_3D('',#1673,#1674,#1675);
#1673 = CARTESIAN_POINT('',(4.,-17.8,12.));
#1674 = DIRECTION('',(-0.,-0.,-1.));
#1675 = DIRECTION('',(1.,0.,0.));
#1676 = DEFINITIONAL_REPRESENTATION('',(#1677),#1681);
#1677 = LINE('',#1678,#1679);
#1678 = CARTESIAN_POINT('',(-6.28318530718,-6.));
#1679 = VECTOR('',#1680,1.);
#1680 = DIRECTION('',(1.,-0.));
#1681 = ( GEOMETRIC_REPRESENTATION_CONTEXT(2) 
PARAMETRIC_REPRESENTATION_CONTEXT() REPRESENTATION_CONTEXT('2D SPACE',''
  ) );
#1682 = ADVANCED_FACE('',(#1683),#1671,.F.);
#1683 = FACE_BOUND('',#1684,.T.);
#1684 = EDGE_LOOP('',(#1685,#1710,#1731,#1732,#1733,#1756,#1881));
#1685 = ORIENTED_EDGE('',*,*,#1686,.T.);
#1686 = EDGE_CURVE('',#1687,#1689,#1691,.T.);
#1687 = VERTEX_POINT('',#1688);
#1688 = CARTESIAN_POINT('',(2.,-17.24716639031,13.263043478261));
#1689 = VERTEX_POINT('',#1690);
#1690 = CARTESIAN_POINT('',(6.075,-17.8,13.263043478261));
#1691 = SURFACE_CURVE('',#1692,(#1697,#1704),.PCURVE_S1.);
#1692 = CIRCLE('',#1693,2.075);
#1693 = AXIS2_PLACEMENT_3D('',#1694,#1695,#1696);
#1694 = CARTESIAN_POINT('',(4.,-17.8,13.263043478261));
#1695 = DIRECTION('',(0.,-0.,-1.));
#1696 = DIRECTION('',(0.,1.,-0.));
#1697 = PCURVE('',#1671,#1698);
#1698 = DEFINITIONAL_REPRESENTATION('',(#1699),#1703);
#1699 = LINE('',#1700,#1701);
#1700 = CARTESIAN_POINT('',(-7.853981633974,-1.263043478261));
#1701 = VECTOR('',#1702,1.);
#1702 = DIRECTION('',(1.,-0.));
#1703 = ( GEOMETRIC_REPRESENTATION_CONTEXT(2) 
PARAMETRIC_REPRESENTATION_CONTEXT() REPRESENTATION_CONTEXT('2D SPACE',''
  ) );
#1704 = PCURVE('',#825,#1705);
#1705 = DEFINITIONAL_REPRESENTATION('',(#1706),#1709);
#1706 = B_SPLINE_CURVE_WITH_KNOTS('',1,(#1707,#1708),.UNSPECIFIED.,.F.,
  .F.,(2,2),(4.982071905763,7.853981633974),.PIECEWISE_BEZIER_KNOTS.);
#1707 = CARTESIAN_POINT('',(-9.155095035391,-1.363043478261));
#1708 = CARTESIAN_POINT('',(-6.28318530718,-1.363043478261));
#1709 = ( GEOMETRIC_REPRESENTATION_CONTEXT(2) 
PARAMETRIC_REPRESENTATION_CONTEXT() REPRESENTATION_CONTEXT('2D SPACE',''
  ) );
#1710 = ORIENTED_EDGE('',*,*,#1711,.T.);
#1711 = EDGE_CURVE('',#1689,#1651,#1712,.T.);
#1712 = SEAM_CURVE('',#1713,(#1717,#1724),.PCURVE_S1.);
#1713 = LINE('',#1714,#1715);
#1714 = CARTESIAN_POINT('',(6.075,-17.8,12.));
#1715 = VECTOR('',#1716,1.);
#1716 = DIRECTION('',(0.,0.,1.));
#1717 = PCURVE('',#1671,#1718);
#1718 = DEFINITIONAL_REPRESENTATION('',(#1719),#1723);
#1719 = LINE('',#1720,#1721);
#1720 = CARTESIAN_POINT('',(-6.28318530718,0.));
#1721 = VECTOR('',#1722,1.);
#1722 = DIRECTION('',(-0.,-1.));
#1723 = ( GEOMETRIC_REPRESENTATION_CONTEXT(2) 
PARAMETRIC_REPRESENTATION_CONTEXT() REPRESENTATION_CONTEXT('2D SPACE',''
  ) );
#1724 = PCURVE('',#1671,#1725);
#1725 = DEFINITIONAL_REPRESENTATION('',(#1726),#1730);
#1726 = LINE('',#1727,#1728);
#1727 = CARTESIAN_POINT('',(-0.,0.));
#1728 = VECTOR('',#1729,1.);
#1729 = DIRECTION('',(-0.,-1.));
#1730 = ( GEOMETRIC_REPRESENTATION_CONTEXT(2) 
PARAMETRIC_REPRESENTATION_CONTEXT() REPRESENTATION_CONTEXT('2D SPACE',''
  ) );
#1731 = ORIENTED_EDGE('',*,*,#1650,.F.);
#1732 = ORIENTED_EDGE('',*,*,#1711,.F.);
#1733 = ORIENTED_EDGE('',*,*,#1734,.T.);
#1734 = EDGE_CURVE('',#1689,#1735,#1737,.T.);
#1735 = VERTEX_POINT('',#1736);
#1736 = CARTESIAN_POINT('',(2.,-18.35283360968,13.263043478261));
#1737 = SURFACE_CURVE('',#1738,(#1743,#1750),.PCURVE_S1.);
#1738 = CIRCLE('',#1739,2.075);
#1739 = AXIS2_PLACEMENT_3D('',#1740,#1741,#1742);
#1740 = CARTESIAN_POINT('',(4.,-17.8,13.263043478261));
#1741 = DIRECTION('',(0.,-0.,-1.));
#1742 = DIRECTION('',(0.,1.,-0.));
#1743 = PCURVE('',#1671,#1744);
#1744 = DEFINITIONAL_REPRESENTATION('',(#1745),#1749);
#1745 = LINE('',#1746,#1747);
#1746 = CARTESIAN_POINT('',(-7.853981633974,-1.263043478261));
#1747 = VECTOR('',#1748,1.);
#1748 = DIRECTION('',(1.,-0.));
#1749 = ( GEOMETRIC_REPRESENTATION_CONTEXT(2) 
PARAMETRIC_REPRESENTATION_CONTEXT() REPRESENTATION_CONTEXT('2D SPACE',''
  ) );
#1750 = PCURVE('',#825,#1751);
#1751 = DEFINITIONAL_REPRESENTATION('',(#1752),#1755);
#1752 = B_SPLINE_CURVE_WITH_KNOTS('',1,(#1753,#1754),.UNSPECIFIED.,.F.,
  .F.,(2,2),(1.570796326795,4.442706055006),.PIECEWISE_BEZIER_KNOTS.);
#1753 = CARTESIAN_POINT('',(-6.28318530718,-1.363043478261));
#1754 = CARTESIAN_POINT('',(-3.411275578969,-1.363043478261));
#1755 = ( GEOMETRIC_REPRESENTATION_CONTEXT(2) 
PARAMETRIC_REPRESENTATION_CONTEXT() REPRESENTATION_CONTEXT('2D SPACE',''
  ) );
#1756 = ORIENTED_EDGE('',*,*,#1757,.F.);
#1757 = EDGE_CURVE('',#1758,#1735,#1760,.T.);
#1758 = VERTEX_POINT('',#1759);
#1759 = CARTESIAN_POINT('',(1.925,-17.8,13.40652173913));
#1760 = SURFACE_CURVE('',#1761,(#1799,#1840),.PCURVE_S1.);
#1761 = B_SPLINE_CURVE_WITH_KNOTS('',8,(#1762,#1763,#1764,#1765,#1766,
    #1767,#1768,#1769,#1770,#1771,#1772,#1773,#1774,#1775,#1776,#1777,
    #1778,#1779,#1780,#1781,#1782,#1783,#1784,#1785,#1786,#1787,#1788,
    #1789,#1790,#1791,#1792,#1793,#1794,#1795,#1796,#1797,#1798),
  .UNSPECIFIED.,.F.,.F.,(9,7,7,7,7,9),(0.,8.857020049168E-02,
    0.15193046164,0.255296381113,0.611097876935,1.),.UNSPECIFIED.);
#1762 = CARTESIAN_POINT('',(1.925,-17.8,13.40652173913));
#1763 = CARTESIAN_POINT('',(1.925,-17.83487802152,13.40652173913));
#1764 = CARTESIAN_POINT('',(1.925670018857,-17.86976397803,
    13.405190069289));
#1765 = CARTESIAN_POINT('',(1.927010526086,-17.90447355619,
    13.402525590322));
#1766 = CARTESIAN_POINT('',(1.929003534444,-17.93885874332,
    13.398569803027));
#1767 = CARTESIAN_POINT('',(1.931618420303,-17.97280066301,
    13.393394170308));
#1768 = CARTESIAN_POINT('',(1.934816557346,-18.00620411957,
    13.387089389289));
#1769 = CARTESIAN_POINT('',(1.938554763588,-18.03899385135,
    13.37975661352));
#1770 = CARTESIAN_POINT('',(1.945815568816,-18.0940891318,
    13.365594557895));
#1771 = CARTESIAN_POINT('',(1.949098020898,-18.11673222536,
    13.359213424258));
#1772 = CARTESIAN_POINT('',(1.952619992603,-18.1390308602,
    13.352392389496));
#1773 = CARTESIAN_POINT('',(1.956366919288,-18.16097905822,
    13.345165753416));
#1774 = CARTESIAN_POINT('',(1.960324900738,-18.18257525441,
    13.337566279877));
#1775 = CARTESIAN_POINT('',(1.964481004867,-18.20382177462,
    13.329624526177));
#1776 = CARTESIAN_POINT('',(1.968823571417,-18.22472431335,
    13.321368172438));
#1777 = CARTESIAN_POINT('',(1.98071472054,-18.278844572,13.2988780679));
#1778 = CARTESIAN_POINT('',(1.988554050103,-18.31149524108,
    13.284166044074));
#1779 = CARTESIAN_POINT('',(1.996817493246,-18.34328737735,
    13.26878905022));
#1780 = CARTESIAN_POINT('',(2.005467616552,-18.3742632008,
    13.252836726447));
#1781 = CARTESIAN_POINT('',(2.014472571632,-18.40446427776,
    13.236385108375));
#1782 = CARTESIAN_POINT('',(2.023806102461,-18.43393260583,
    13.219497153241));
#1783 = CARTESIAN_POINT('',(2.033447552723,-18.46271169886,
    13.202223266008));
#1784 = CARTESIAN_POINT('',(2.077577341887,-18.58769604625,
    13.123946099346));
#1785 = CARTESIAN_POINT('',(2.115147560367,-18.67665388972,
    13.059342283523));
#1786 = CARTESIAN_POINT('',(2.15551355859,-18.75981740775,
    12.992280897952));
#1787 = CARTESIAN_POINT('',(2.19837642752,-18.83788957459,
    12.923520924315));
#1788 = CARTESIAN_POINT('',(2.243469319839,-18.91157836598,
    12.853653393249));
#1789 = CARTESIAN_POINT('',(2.290654066644,-18.98129707135,
    12.782974821806));
#1790 = CARTESIAN_POINT('',(2.339874472514,-19.04748334388,
    12.711637710925));
#1791 = CARTESIAN_POINT('',(2.44731782493,-19.17938243951,
    12.560877969449));
#1792 = CARTESIAN_POINT('',(2.505803391899,-19.24429725854,
    12.481529654282));
#1793 = CARTESIAN_POINT('',(2.566587247303,-19.30557607722,
    12.401747018826));
#1794 = CARTESIAN_POINT('',(2.629604075324,-19.36338854256,
    12.321661979331));
#1795 = CARTESIAN_POINT('',(2.69479515958,-19.41783117325,
    12.241376135924));
#1796 = CARTESIAN_POINT('',(2.762108305964,-19.46895608109,
    12.160968199634));
#1797 = CARTESIAN_POINT('',(2.831500013303,-19.51677484271,
    12.080495721259));
#1798 = CARTESIAN_POINT('',(2.90293635375,-19.56127123296,11.9999994));
#1799 = PCURVE('',#1671,#1800);
#1800 = DEFINITIONAL_REPRESENTATION('',(#1801),#1839);
#1801 = B_SPLINE_CURVE_WITH_KNOTS('',8,(#1802,#1803,#1804,#1805,#1806,
    #1807,#1808,#1809,#1810,#1811,#1812,#1813,#1814,#1815,#1816,#1817,
    #1818,#1819,#1820,#1821,#1822,#1823,#1824,#1825,#1826,#1827,#1828,
    #1829,#1830,#1831,#1832,#1833,#1834,#1835,#1836,#1837,#1838),
  .UNSPECIFIED.,.F.,.F.,(9,7,7,7,7,9),(0.,8.857020049168E-02,
    0.15193046164,0.255296381113,0.611097876935,1.),.UNSPECIFIED.);
#1802 = CARTESIAN_POINT('',(-3.14159265359,-1.40652173913));
#1803 = CARTESIAN_POINT('',(-3.15840133866,-1.40652173913));
#1804 = CARTESIAN_POINT('',(-3.175213843913,-1.405190069289));
#1805 = CARTESIAN_POINT('',(-3.191948598049,-1.402525590322));
#1806 = CARTESIAN_POINT('',(-3.208541490039,-1.398569803027));
#1807 = CARTESIAN_POINT('',(-3.22494176523,-1.393394170308));
#1808 = CARTESIAN_POINT('',(-3.241109007085,-1.387089389289));
#1809 = CARTESIAN_POINT('',(-3.257011204536,-1.37975661352));
#1810 = CARTESIAN_POINT('',(-3.283792726666,-1.365594557895));
#1811 = CARTESIAN_POINT('',(-3.294818200064,-1.359213424258));
#1812 = CARTESIAN_POINT('',(-3.305696304536,-1.352392389496));
#1813 = CARTESIAN_POINT('',(-3.316425151324,-1.345165753416));
#1814 = CARTESIAN_POINT('',(-3.327004775521,-1.337566279877));
#1815 = CARTESIAN_POINT('',(-3.337436928053,-1.329624526177));
#1816 = CARTESIAN_POINT('',(-3.347724867657,-1.321368172438));
#1817 = CARTESIAN_POINT('',(-3.374429063641,-1.2988780679));
#1818 = CARTESIAN_POINT('',(-3.390608491681,-1.284166044074));
#1819 = CARTESIAN_POINT('',(-3.40643456238,-1.26878905022));
#1820 = CARTESIAN_POINT('',(-3.42192890361,-1.252836726447));
#1821 = CARTESIAN_POINT('',(-3.437112392816,-1.236385108375));
#1822 = CARTESIAN_POINT('',(-3.452005904109,-1.219497153241));
#1823 = CARTESIAN_POINT('',(-3.466631055373,-1.202223266008));
#1824 = CARTESIAN_POINT('',(-3.530508797113,-1.123946099346));
#1825 = CARTESIAN_POINT('',(-3.576962509925,-1.059342283523));
#1826 = CARTESIAN_POINT('',(-3.621415681721,-0.992280897952));
#1827 = CARTESIAN_POINT('',(-3.664233222956,-0.923520924315));
#1828 = CARTESIAN_POINT('',(-3.705779839616,-0.853653393249));
#1829 = CARTESIAN_POINT('',(-3.746282385364,-0.782974821806));
#1830 = CARTESIAN_POINT('',(-3.785994177282,-0.711637710925));
#1831 = CARTESIAN_POINT('',(-3.867980613227,-0.560877969449));
#1832 = CARTESIAN_POINT('',(-3.910037214305,-0.481529654282));
#1833 = CARTESIAN_POINT('',(-3.951554219133,-0.401747018826));
#1834 = CARTESIAN_POINT('',(-3.992677431868,-0.321661979331));
#1835 = CARTESIAN_POINT('',(-4.033521561822,-0.241376135924));
#1836 = CARTESIAN_POINT('',(-4.074185194477,-0.160968199634));
#1837 = CARTESIAN_POINT('',(-4.114754842541,-8.049572125928E-02));
#1838 = CARTESIAN_POINT('',(-4.155314376535,5.999999999062E-07));
#1839 = ( GEOMETRIC_REPRESENTATION_CONTEXT(2) 
PARAMETRIC_REPRESENTATION_CONTEXT() REPRESENTATION_CONTEXT('2D SPACE',''
  ) );
#1840 = PCURVE('',#796,#1841);
#1841 = DEFINITIONAL_REPRESENTATION('',(#1842),#1880);
#1842 = B_SPLINE_CURVE_WITH_KNOTS('',8,(#1843,#1844,#1845,#1846,#1847,
    #1848,#1849,#1850,#1851,#1852,#1853,#1854,#1855,#1856,#1857,#1858,
    #1859,#1860,#1861,#1862,#1863,#1864,#1865,#1866,#1867,#1868,#1869,
    #1870,#1871,#1872,#1873,#1874,#1875,#1876,#1877,#1878,#1879),
  .UNSPECIFIED.,.F.,.F.,(9,7,7,7,7,9),(0.,8.857020049168E-02,
    0.15193046164,0.255296381113,0.611097876935,1.),.UNSPECIFIED.);
#1843 = CARTESIAN_POINT('',(-6.28318530718,-1.50652173913));
#1844 = CARTESIAN_POINT('',(-6.265066854442,-1.50652173913));
#1845 = CARTESIAN_POINT('',(-6.246944261839,-1.505190069289));
#1846 = CARTESIAN_POINT('',(-6.228956702646,-1.502525590322));
#1847 = CARTESIAN_POINT('',(-6.211224405399,-1.498569803027));
#1848 = CARTESIAN_POINT('',(-6.193846903071,-1.493394170308));
#1849 = CARTESIAN_POINT('',(-6.176902754415,-1.487089389289));
#1850 = CARTESIAN_POINT('',(-6.160450737488,-1.47975661352));
#1851 = CARTESIAN_POINT('',(-6.133145133282,-1.465594557895));
#1852 = CARTESIAN_POINT('',(-6.122026004194,-1.459213424258));
#1853 = CARTESIAN_POINT('',(-6.111185517894,-1.452392389496));
#1854 = CARTESIAN_POINT('',(-6.100629609201,-1.445165753416));
#1855 = CARTESIAN_POINT('',(-6.090360374578,-1.437566279877));
#1856 = CARTESIAN_POINT('',(-6.080376688779,-1.429624526177));
#1857 = CARTESIAN_POINT('',(-6.070674821496,-1.421368172438));
#1858 = CARTESIAN_POINT('',(-6.045871858496,-1.3988780679));
#1859 = CARTESIAN_POINT('',(-6.031234050468,-1.384166044074));
#1860 = CARTESIAN_POINT('',(-6.017306987472,-1.36878905022));
#1861 = CARTESIAN_POINT('',(-6.004058834122,-1.352836726447));
#1862 = CARTESIAN_POINT('',(-5.991455503478,-1.336385108375));
#1863 = CARTESIAN_POINT('',(-5.979461598431,-1.319497153241));
#1864 = CARTESIAN_POINT('',(-5.968041353089,-1.302223266008));
#1865 = CARTESIAN_POINT('',(-5.919702806596,-1.223946099346));
#1866 = CARTESIAN_POINT('',(-5.888729472712,-1.159342283523));
#1867 = CARTESIAN_POINT('',(-5.862677353235,-1.092280897951));
#1868 = CARTESIAN_POINT('',(-5.840720326084,-1.023520924316));
#1869 = CARTESIAN_POINT('',(-5.822121168602,-0.953653393248));
#1870 = CARTESIAN_POINT('',(-5.806378178341,-0.882974821807));
#1871 = CARTESIAN_POINT('',(-5.79305950917,-0.811637710925));
#1872 = CARTESIAN_POINT('',(-5.769577775875,-0.660877969449));
#1873 = CARTESIAN_POINT('',(-5.759855362831,-0.581529654282));
#1874 = CARTESIAN_POINT('',(-5.752255781712,-0.501747018826));
#1875 = CARTESIAN_POINT('',(-5.746486984379,-0.421661979331));
#1876 = CARTESIAN_POINT('',(-5.742323780249,-0.341376135924));
#1877 = CARTESIAN_POINT('',(-5.739585557136,-0.260968199634));
#1878 = CARTESIAN_POINT('',(-5.738129542627,-0.180495721259));
#1879 = CARTESIAN_POINT('',(-5.737838850998,-9.99994E-02));
#1880 = ( GEOMETRIC_REPRESENTATION_CONTEXT(2) 
PARAMETRIC_REPRESENTATION_CONTEXT() REPRESENTATION_CONTEXT('2D SPACE',''
  ) );
#1881 = ORIENTED_EDGE('',*,*,#1882,.F.);
#1882 = EDGE_CURVE('',#1687,#1758,#1883,.T.);
#1883 = SURFACE_CURVE('',#1884,(#1915,#1949),.PCURVE_S1.);
#1884 = B_SPLINE_CURVE_WITH_KNOTS('',8,(#1885,#1886,#1887,#1888,#1889,
    #1890,#1891,#1892,#1893,#1894,#1895,#1896,#1897,#1898,#1899,#1900,
    #1901,#1902,#1903,#1904,#1905,#1906,#1907,#1908,#1909,#1910,#1911,
    #1912,#1913,#1914),.UNSPECIFIED.,.F.,.F.,(9,7,7,7,9),(0.,
    0.357787892964,0.680754511831,0.870775050919,1.),.UNSPECIFIED.);
#1885 = CARTESIAN_POINT('',(2.902935821281,-16.03872909869,12.));
#1886 = CARTESIAN_POINT('',(2.83723784899,-16.07965119192,
    12.074030192861));
#1887 = CARTESIAN_POINT('',(2.773266526549,-16.12338554599,
    12.148043188357));
#1888 = CARTESIAN_POINT('',(2.71105043035,-16.16991627222,
    12.222005451567));
#1889 = CARTESIAN_POINT('',(2.650624594367,-16.21925360884,
    12.295870651329));
#1890 = CARTESIAN_POINT('',(2.592028627208,-16.27143022025,
    12.369580109396));
#1891 = CARTESIAN_POINT('',(2.535306113399,-16.3265108487,
    12.443060120784));
#1892 = CARTESIAN_POINT('',(2.480505298906,-16.38461531844,
    12.516216145306));
#1893 = CARTESIAN_POINT('',(2.379997877994,-16.50132466624,
    12.654555403861));
#1894 = CARTESIAN_POINT('',(2.333972009618,-16.55927692677,
    12.719757229832));
#1895 = CARTESIAN_POINT('',(2.289595565363,-16.62000781649,
    12.784497998856));
#1896 = CARTESIAN_POINT('',(2.246912677176,-16.68375455498,
    12.84866912169));
#1897 = CARTESIAN_POINT('',(2.206006699609,-16.7507833332,
    12.912087735491));
#1898 = CARTESIAN_POINT('',(2.167007968941,-16.82148335682,
    12.974457971381));
#1899 = CARTESIAN_POINT('',(2.130076024305,-16.89633421652,
    13.035382043918));
#1900 = CARTESIAN_POINT('',(2.075103564808,-17.02344964275,
    13.12879854234));
#1901 = CARTESIAN_POINT('',(2.055590729306,-17.0722215846,
    13.162592736971));
#1902 = CARTESIAN_POINT('',(2.036940785734,-17.12295268723,
    13.195504089239));
#1903 = CARTESIAN_POINT('',(2.019227450468,-17.17589215861,
    13.227349190578));
#1904 = CARTESIAN_POINT('',(2.00258139006,-17.23127661816,
    13.257825696914));
#1905 = CARTESIAN_POINT('',(1.987181647675,-17.28933576651,
    13.286509810259));
#1906 = CARTESIAN_POINT('',(1.973256900885,-17.35031895227,
    13.31284357888));
#1907 = CARTESIAN_POINT('',(1.952851146036,-17.45826331892,
    13.351907475847));
#1908 = CARTESIAN_POINT('',(1.945410931822,-17.50348284792,
    13.366299852604));
#1909 = CARTESIAN_POINT('',(1.938912991615,-17.55020863999,
    13.378991921216));
#1910 = CARTESIAN_POINT('',(1.933492243525,-17.59834823973,
    13.389667568844));
#1911 = CARTESIAN_POINT('',(1.929288861451,-17.64773348169,
    13.39799647068));
#1912 = CARTESIAN_POINT('',(1.926429955935,-17.69810036329,
    13.40368004058));
#1913 = CARTESIAN_POINT('',(1.925,-17.74905133397,13.40652173913));
#1914 = CARTESIAN_POINT('',(1.925,-17.8,13.40652173913));
#1915 = PCURVE('',#1671,#1916);
#1916 = DEFINITIONAL_REPRESENTATION('',(#1917),#1948);
#1917 = B_SPLINE_CURVE_WITH_KNOTS('',8,(#1918,#1919,#1920,#1921,#1922,
    #1923,#1924,#1925,#1926,#1927,#1928,#1929,#1930,#1931,#1932,#1933,
    #1934,#1935,#1936,#1937,#1938,#1939,#1940,#1941,#1942,#1943,#1944,
    #1945,#1946,#1947),.UNSPECIFIED.,.F.,.F.,(9,7,7,7,9),(0.,
    0.357787892964,0.680754511831,0.870775050919,1.),.UNSPECIFIED.);
#1918 = CARTESIAN_POINT('',(-2.127871232965,5.329070518201E-14));
#1919 = CARTESIAN_POINT('',(-2.165172690817,-7.403019286126E-02));
#1920 = CARTESIAN_POINT('',(-2.202484505458,-0.148043188357));
#1921 = CARTESIAN_POINT('',(-2.239869556603,-0.222005451567));
#1922 = CARTESIAN_POINT('',(-2.277396107248,-0.295870651329));
#1923 = CARTESIAN_POINT('',(-2.315138013673,-0.369580109396));
#1924 = CARTESIAN_POINT('',(-2.353180743813,-0.443060120784));
#1925 = CARTESIAN_POINT('',(-2.391633203996,-0.516216145306));
#1926 = CARTESIAN_POINT('',(-2.465860731823,-0.654555403861));
#1927 = CARTESIAN_POINT('',(-2.501497996807,-0.719757229832));
#1928 = CARTESIAN_POINT('',(-2.537697540367,-0.784497998856));
#1929 = CARTESIAN_POINT('',(-2.574606390402,-0.848669121692));
#1930 = CARTESIAN_POINT('',(-2.612378698881,-0.91208773549));
#1931 = CARTESIAN_POINT('',(-2.651224966849,-0.974457971381));
#1932 = CARTESIAN_POINT('',(-2.691399057951,-1.035382043918));
#1933 = CARTESIAN_POINT('',(-2.758142658213,-1.12879854234));
#1934 = CARTESIAN_POINT('',(-2.78344890097,-1.162592736971));
#1935 = CARTESIAN_POINT('',(-2.809479815624,-1.195504089239));
#1936 = CARTESIAN_POINT('',(-2.836358814866,-1.227349190578));
#1937 = CARTESIAN_POINT('',(-2.86420130717,-1.257825696914));
#1938 = CARTESIAN_POINT('',(-2.893120847131,-1.286509810259));
#1939 = CARTESIAN_POINT('',(-2.92324540164,-1.31284357888));
#1940 = CARTESIAN_POINT('',(-2.976188140825,-1.351907475847));
#1941 = CARTESIAN_POINT('',(-2.998267387105,-1.366299852604));
#1942 = CARTESIAN_POINT('',(-3.020990823343,-1.378991921216));
#1943 = CARTESIAN_POINT('',(-3.044320861342,-1.389667568844));
#1944 = CARTESIAN_POINT('',(-3.068188543488,-1.39799647068));
#1945 = CARTESIAN_POINT('',(-3.09248445238,-1.40368004058));
#1946 = CARTESIAN_POINT('',(-3.1170390796,-1.40652173913));
#1947 = CARTESIAN_POINT('',(-3.14159265359,-1.40652173913));
#1948 = ( GEOMETRIC_REPRESENTATION_CONTEXT(2) 
PARAMETRIC_REPRESENTATION_CONTEXT() REPRESENTATION_CONTEXT('2D SPACE',''
  ) );
#1949 = PCURVE('',#796,#1950);
#1950 = DEFINITIONAL_REPRESENTATION('',(#1951),#1982);
#1951 = B_SPLINE_CURVE_WITH_KNOTS('',8,(#1952,#1953,#1954,#1955,#1956,
    #1957,#1958,#1959,#1960,#1961,#1962,#1963,#1964,#1965,#1966,#1967,
    #1968,#1969,#1970,#1971,#1972,#1973,#1974,#1975,#1976,#1977,#1978,
    #1979,#1980,#1981),.UNSPECIFIED.,.F.,.F.,(9,7,7,7,9),(0.,
    0.357787892964,0.680754511831,0.870775050919,1.),.UNSPECIFIED.);
#1952 = CARTESIAN_POINT('',(-0.545346454015,-9.999999999995E-02));
#1953 = CARTESIAN_POINT('',(-0.545079106144,-0.174030192861));
#1954 = CARTESIAN_POINT('',(-0.543825809194,-0.248043188357));
#1955 = CARTESIAN_POINT('',(-0.5414969504,-0.322005451567));
#1956 = CARTESIAN_POINT('',(-0.537980635185,-0.395870651329));
#1957 = CARTESIAN_POINT('',(-0.533142509256,-0.469580109396));
#1958 = CARTESIAN_POINT('',(-0.52681710285,-0.543060120784));
#1959 = CARTESIAN_POINT('',(-0.518790697123,-0.616216145306));
#1960 = CARTESIAN_POINT('',(-0.49973542452,-0.754555403861));
#1961 = CARTESIAN_POINT('',(-0.489083270892,-0.819757229832));
#1962 = CARTESIAN_POINT('',(-0.476604849306,-0.884497998856));
#1963 = CARTESIAN_POINT('',(-0.46203063792,-0.948669121691));
#1964 = CARTESIAN_POINT('',(-0.445036350742,-1.012087735491));
#1965 = CARTESIAN_POINT('',(-0.425189885801,-1.074457971381));
#1966 = CARTESIAN_POINT('',(-0.401963940666,-1.135382043918));
#1967 = CARTESIAN_POINT('',(-0.35835114914,-1.22879854234));
#1968 = CARTESIAN_POINT('',(-0.340767819419,-1.262592736971));
#1969 = CARTESIAN_POINT('',(-0.321567229525,-1.295504089239));
#1970 = CARTESIAN_POINT('',(-0.300546387941,-1.327349190578));
#1971 = CARTESIAN_POINT('',(-0.277491040708,-1.357825696914));
#1972 = CARTESIAN_POINT('',(-0.252187103562,-1.386509810259));
#1973 = CARTESIAN_POINT('',(-0.22443528696,-1.41284357888));
#1974 = CARTESIAN_POINT('',(-0.173408823798,-1.451907475847));
#1975 = CARTESIAN_POINT('',(-0.151535139598,-1.466299852604));
#1976 = CARTESIAN_POINT('',(-0.128450023057,-1.478991921216));
#1977 = CARTESIAN_POINT('',(-0.104213370901,-1.489667568844));
#1978 = CARTESIAN_POINT('',(-7.896367989421E-02,-1.49799647068));
#1979 = CARTESIAN_POINT('',(-5.293533438343E-02,-1.50368004058));
#1980 = CARTESIAN_POINT('',(-2.646683949592E-02,-1.50652173913));
#1981 = CARTESIAN_POINT('',(0.,-1.50652173913));
#1982 = ( GEOMETRIC_REPRESENTATION_CONTEXT(2) 
PARAMETRIC_REPRESENTATION_CONTEXT() REPRESENTATION_CONTEXT('2D SPACE',''
  ) );
#1983 = ADVANCED_FACE('',(#1984),#1636,.F.);
#1984 = FACE_BOUND('',#1985,.T.);
#1985 = EDGE_LOOP('',(#1986,#2010,#2031,#2032));
#1986 = ORIENTED_EDGE('',*,*,#1987,.F.);
#1987 = EDGE_CURVE('',#1988,#1988,#1990,.T.);
#1988 = VERTEX_POINT('',#1989);
#1989 = CARTESIAN_POINT('',(1.2,-17.8,14.1));
#1990 = SURFACE_CURVE('',#1991,(#1996,#2003),.PCURVE_S1.);
#1991 = CIRCLE('',#1992,1.2);
#1992 = AXIS2_PLACEMENT_3D('',#1993,#1994,#1995);
#1993 = CARTESIAN_POINT('',(0.,-17.8,14.1));
#1994 = DIRECTION('',(0.,0.,1.));
#1995 = DIRECTION('',(1.,0.,0.));
#1996 = PCURVE('',#1636,#1997);
#1997 = DEFINITIONAL_REPRESENTATION('',(#1998),#2002);
#1998 = LINE('',#1999,#2000);
#1999 = CARTESIAN_POINT('',(-0.,-14.1));
#2000 = VECTOR('',#2001,1.);
#2001 = DIRECTION('',(-1.,0.));
#2002 = ( GEOMETRIC_REPRESENTATION_CONTEXT(2) 
PARAMETRIC_REPRESENTATION_CONTEXT() REPRESENTATION_CONTEXT('2D SPACE',''
  ) );
#2003 = PCURVE('',#796,#2004);
#2004 = DEFINITIONAL_REPRESENTATION('',(#2005),#2009);
#2005 = LINE('',#2006,#2007);
#2006 = CARTESIAN_POINT('',(-0.,-2.2));
#2007 = VECTOR('',#2008,1.);
#2008 = DIRECTION('',(-1.,-0.));
#2009 = ( GEOMETRIC_REPRESENTATION_CONTEXT(2) 
PARAMETRIC_REPRESENTATION_CONTEXT() REPRESENTATION_CONTEXT('2D SPACE',''
  ) );
#2010 = ORIENTED_EDGE('',*,*,#2011,.T.);
#2011 = EDGE_CURVE('',#1988,#1616,#2012,.T.);
#2012 = SEAM_CURVE('',#2013,(#2017,#2024),.PCURVE_S1.);
#2013 = LINE('',#2014,#2015);
#2014 = CARTESIAN_POINT('',(1.2,-17.8,0.));
#2015 = VECTOR('',#2016,1.);
#2016 = DIRECTION('',(0.,0.,1.));
#2017 = PCURVE('',#1636,#2018);
#2018 = DEFINITIONAL_REPRESENTATION('',(#2019),#2023);
#2019 = LINE('',#2020,#2021);
#2020 = CARTESIAN_POINT('',(-6.28318530718,0.));
#2021 = VECTOR('',#2022,1.);
#2022 = DIRECTION('',(-0.,-1.));
#2023 = ( GEOMETRIC_REPRESENTATION_CONTEXT(2) 
PARAMETRIC_REPRESENTATION_CONTEXT() REPRESENTATION_CONTEXT('2D SPACE',''
  ) );
#2024 = PCURVE('',#1636,#2025);
#2025 = DEFINITIONAL_REPRESENTATION('',(#2026),#2030);
#2026 = LINE('',#2027,#2028);
#2027 = CARTESIAN_POINT('',(-0.,0.));
#2028 = VECTOR('',#2029,1.);
#2029 = DIRECTION('',(-0.,-1.));
#2030 = ( GEOMETRIC_REPRESENTATION_CONTEXT(2) 
PARAMETRIC_REPRESENTATION_CONTEXT() REPRESENTATION_CONTEXT('2D SPACE',''
  ) );
#2031 = ORIENTED_EDGE('',*,*,#1615,.F.);
#2032 = ORIENTED_EDGE('',*,*,#2011,.F.);
#2033 = ADVANCED_FACE('',(#2034),#1601,.F.);
#2034 = FACE_BOUND('',#2035,.T.);
#2035 = EDGE_LOOP('',(#2036,#2163,#2184,#2185,#2186,#2314));
#2036 = ORIENTED_EDGE('',*,*,#2037,.F.);
#2037 = EDGE_CURVE('',#2038,#2040,#2042,.T.);
#2038 = VERTEX_POINT('',#2039);
#2039 = CARTESIAN_POINT('',(-1.925,-17.8,13.40652173913));
#2040 = VERTEX_POINT('',#2041);
#2041 = CARTESIAN_POINT('',(-2.,-17.24716639031,13.263043478261));
#2042 = SURFACE_CURVE('',#2043,(#2081,#2122),.PCURVE_S1.);
#2043 = B_SPLINE_CURVE_WITH_KNOTS('',8,(#2044,#2045,#2046,#2047,#2048,
    #2049,#2050,#2051,#2052,#2053,#2054,#2055,#2056,#2057,#2058,#2059,
    #2060,#2061,#2062,#2063,#2064,#2065,#2066,#2067,#2068,#2069,#2070,
    #2071,#2072,#2073,#2074,#2075,#2076,#2077,#2078,#2079,#2080),
  .UNSPECIFIED.,.F.,.F.,(9,7,7,7,7,9),(0.,8.9677825859E-02,
    0.153151875955,0.256705763006,0.616480707287,1.),.UNSPECIFIED.);
#2044 = CARTESIAN_POINT('',(-1.925,-17.8,13.40652173913));
#2045 = CARTESIAN_POINT('',(-1.925,-17.76465903051,13.40652173913));
#2046 = CARTESIAN_POINT('',(-1.925687936411,-17.72932762488,
    13.405154467502));
#2047 = CARTESIAN_POINT('',(-1.927063043817,-17.69418906221,
    13.40242120864));
#2048 = CARTESIAN_POINT('',(-1.929106131307,-17.65938969234,
    13.398366168827));
#2049 = CARTESIAN_POINT('',(-1.931785420661,-17.62504751152,
    13.393063650012));
#2050 = CARTESIAN_POINT('',(-1.935061013737,-17.59125864154,
    13.386607533575));
#2051 = CARTESIAN_POINT('',(-1.938887989062,-17.558101712,
    13.379103074066));
#2052 = CARTESIAN_POINT('',(-1.946283003795,-17.50266381892,
    13.364685697001));
#2053 = CARTESIAN_POINT('',(-1.94960162592,-17.48002360077,
    13.358237401036));
#2054 = CARTESIAN_POINT('',(-1.953159024981,-17.45772984178,
    13.351351393095));
#2055 = CARTESIAN_POINT('',(-1.956940626997,-17.43578804755,
    13.344062002958));
#2056 = CARTESIAN_POINT('',(-1.960932549564,-17.41419939002,
    13.336401959376));
#2057 = CARTESIAN_POINT('',(-1.965121898412,-17.39296121836,
    13.328401737322));
#2058 = CARTESIAN_POINT('',(-1.969497063955,-17.37206756995,
    13.320088905231));
#2059 = CARTESIAN_POINT('',(-1.981472610481,-17.31797078969,
    13.297454779868));
#2060 = CARTESIAN_POINT('',(-1.989362771514,-17.28533523965,
    13.282658295979));
#2061 = CARTESIAN_POINT('',(-1.997675713508,-17.25355832853,
    13.267201289315));
#2062 = CARTESIAN_POINT('',(-2.006374229508,-17.22259733313,
    13.25117288442));
#2063 = CARTESIAN_POINT('',(-2.015426688285,-17.19241038421,
    13.234648617438));
#2064 = CARTESIAN_POINT('',(-2.024807029581,-17.16295534095,
    13.217690991902));
#2065 = CARTESIAN_POINT('',(-2.034494759361,-17.13418866545,
    13.200350034521));
#2066 = CARTESIAN_POINT('',(-2.079148880084,-17.00835243661,
    13.121217140614));
#2067 = CARTESIAN_POINT('',(-2.11725553458,-16.91866876404,
    13.055776769603));
#2068 = CARTESIAN_POINT('',(-2.158205302221,-16.83486071695,
    12.987862131725));
#2069 = CARTESIAN_POINT('',(-2.20169608979,-16.7562184113,
    12.918240622267));
#2070 = CARTESIAN_POINT('',(-2.247456575605,-16.68201969218,
    12.84751178059));
#2071 = CARTESIAN_POINT('',(-2.295347493666,-16.61184868826,
    12.775973349663));
#2072 = CARTESIAN_POINT('',(-2.345312618562,-16.54526227346,
    12.70377804386));
#2073 = CARTESIAN_POINT('',(-2.452993150312,-16.41434317772,
    12.553188939543));
#2074 = CARTESIAN_POINT('',(-2.510857198146,-16.35062420134,
    12.474903789049));
#2075 = CARTESIAN_POINT('',(-2.570951800005,-16.29043018893,
    12.39620525298));
#2076 = CARTESIAN_POINT('',(-2.633214962874,-16.2336017928,
    12.317217873408));
#2077 = CARTESIAN_POINT('',(-2.697590802224,-16.18004825241,
    12.238038017443));
#2078 = CARTESIAN_POINT('',(-2.764029455693,-16.12972090857,
    12.158740699815));
#2079 = CARTESIAN_POINT('',(-2.832489013211,-16.08260912732,
    12.079381290512));
#2080 = CARTESIAN_POINT('',(-2.90293635375,-16.03872876703,11.9999994));
#2081 = PCURVE('',#1601,#2082);
#2082 = DEFINITIONAL_REPRESENTATION('',(#2083),#2121);
#2083 = B_SPLINE_CURVE_WITH_KNOTS('',8,(#2084,#2085,#2086,#2087,#2088,
    #2089,#2090,#2091,#2092,#2093,#2094,#2095,#2096,#2097,#2098,#2099,
    #2100,#2101,#2102,#2103,#2104,#2105,#2106,#2107,#2108,#2109,#2110,
    #2111,#2112,#2113,#2114,#2115,#2116,#2117,#2118,#2119,#2120),
  .UNSPECIFIED.,.F.,.F.,(9,7,7,7,7,9),(0.,8.9677825859E-02,
    0.153151875955,0.256705763006,0.616480707287,1.),.UNSPECIFIED.);
#2084 = CARTESIAN_POINT('',(0.,-1.40652173913));
#2085 = CARTESIAN_POINT('',(-1.703179252299E-02,-1.40652173913));
#2086 = CARTESIAN_POINT('',(-3.405897026608E-02,-1.405154467502));
#2087 = CARTESIAN_POINT('',(-5.100075874223E-02,-1.40242120864));
#2088 = CARTESIAN_POINT('',(-6.779410128052E-02,-1.398366168827));
#2089 = CARTESIAN_POINT('',(-8.438888834002E-02,-1.393063650012));
#2090 = CARTESIAN_POINT('',(-0.100744440301,-1.386607533575));
#2091 = CARTESIAN_POINT('',(-0.116827243737,-1.379103074066));
#2092 = CARTESIAN_POINT('',(-0.143780949341,-1.364685697001));
#2093 = CARTESIAN_POINT('',(-0.154807565396,-1.358237401036));
#2094 = CARTESIAN_POINT('',(-0.16568602574,-1.351351393095));
#2095 = CARTESIAN_POINT('',(-0.176414656082,-1.344062002958));
#2096 = CARTESIAN_POINT('',(-0.186993669136,-1.336401959376));
#2097 = CARTESIAN_POINT('',(-0.197424962351,-1.328401737322));
#2098 = CARTESIAN_POINT('',(-0.207711915627,-1.320088905231));
#2099 = CARTESIAN_POINT('',(-0.234413822057,-1.297454779868));
#2100 = CARTESIAN_POINT('',(-0.250591905449,-1.282658295979));
#2101 = CARTESIAN_POINT('',(-0.266416896198,-1.267201289315));
#2102 = CARTESIAN_POINT('',(-0.281910647209,-1.25117288442));
#2103 = CARTESIAN_POINT('',(-0.297094171993,-1.234648617438));
#2104 = CARTESIAN_POINT('',(-0.311988409353,-1.217690991902));
#2105 = CARTESIAN_POINT('',(-0.326614988062,-1.200350034521));
#2106 = CARTESIAN_POINT('',(-0.390964063271,-1.121217140614));
#2107 = CARTESIAN_POINT('',(-0.437838257486,-1.055776769604));
#2108 = CARTESIAN_POINT('',(-0.482691349806,-0.987862131724));
#2109 = CARTESIAN_POINT('',(-0.525892655058,-0.918240622268));
#2110 = CARTESIAN_POINT('',(-0.567814736994,-0.84751178059));
#2111 = CARTESIAN_POINT('',(-0.608686926323,-0.775973349663));
#2112 = CARTESIAN_POINT('',(-0.648766896002,-0.70377804386));
#2113 = CARTESIAN_POINT('',(-0.73046026254,-0.553188939543));
#2114 = CARTESIAN_POINT('',(-0.771890945123,-0.474903789049));
#2115 = CARTESIAN_POINT('',(-0.812806479874,-0.39620525298));
#2116 = CARTESIAN_POINT('',(-0.853345362903,-0.317217873408));
#2117 = CARTESIAN_POINT('',(-0.893616997236,-0.238038017442));
#2118 = CARTESIAN_POINT('',(-0.933715507418,-0.158740699815));
#2119 = CARTESIAN_POINT('',(-0.973723715132,-7.93812905115E-02));
#2120 = CARTESIAN_POINT('',(-1.013721722946,5.999999999062E-07));
#2121 = ( GEOMETRIC_REPRESENTATION_CONTEXT(2) 
PARAMETRIC_REPRESENTATION_CONTEXT() REPRESENTATION_CONTEXT('2D SPACE',''
  ) );
#2122 = PCURVE('',#796,#2123);
#2123 = DEFINITIONAL_REPRESENTATION('',(#2124),#2162);
#2124 = B_SPLINE_CURVE_WITH_KNOTS('',8,(#2125,#2126,#2127,#2128,#2129,
    #2130,#2131,#2132,#2133,#2134,#2135,#2136,#2137,#2138,#2139,#2140,
    #2141,#2142,#2143,#2144,#2145,#2146,#2147,#2148,#2149,#2150,#2151,
    #2152,#2153,#2154,#2155,#2156,#2157,#2158,#2159,#2160,#2161),
  .UNSPECIFIED.,.F.,.F.,(9,7,7,7,7,9),(0.,8.9677825859E-02,
    0.153151875955,0.256705763006,0.616480707287,1.),.UNSPECIFIED.);
#2125 = CARTESIAN_POINT('',(-3.14159265359,-1.50652173913));
#2126 = CARTESIAN_POINT('',(-3.123233708403,-1.50652173913));
#2127 = CARTESIAN_POINT('',(-3.104879704689,-1.505154467502));
#2128 = CARTESIAN_POINT('',(-3.086671059649,-1.50242120864));
#2129 = CARTESIAN_POINT('',(-3.068728661947,-1.498366168827));
#2130 = CARTESIAN_POINT('',(-3.051152822001,-1.493063650012));
#2131 = CARTESIAN_POINT('',(-3.034023447791,-1.486607533575));
#2132 = CARTESIAN_POINT('',(-3.017401446197,-1.479103074066));
#2133 = CARTESIAN_POINT('',(-2.989956920469,-1.464685697001));
#2134 = CARTESIAN_POINT('',(-2.978852902794,-1.458237401036));
#2135 = CARTESIAN_POINT('',(-2.968029255186,-1.451351393095));
#2136 = CARTESIAN_POINT('',(-2.957491539492,-1.444062002958));
#2137 = CARTESIAN_POINT('',(-2.947241533633,-1.436401959376));
#2138 = CARTESIAN_POINT('',(-2.93727784417,-1.428401737322));
#2139 = CARTESIAN_POINT('',(-2.927596518868,-1.420088905231));
#2140 = CARTESIAN_POINT('',(-2.902848227288,-1.397454779868));
#2141 = CARTESIAN_POINT('',(-2.88824516154,-1.382658295979));
#2142 = CARTESIAN_POINT('',(-2.874353139678,-1.367201289315));
#2143 = CARTESIAN_POINT('',(-2.861139856989,-1.35117288442));
#2144 = CARTESIAN_POINT('',(-2.848570928002,-1.334648617438));
#2145 = CARTESIAN_POINT('',(-2.836610788091,-1.317690991902));
#2146 = CARTESIAN_POINT('',(-2.825223595088,-1.300350034521));
#2147 = CARTESIAN_POINT('',(-2.776680081093,-1.221217140614));
#2148 = CARTESIAN_POINT('',(-2.745581679106,-1.155776769604));
#2149 = CARTESIAN_POINT('',(-2.719472213607,-1.087862131724));
#2150 = CARTESIAN_POINT('',(-2.697509891529,-1.018240622268));
#2151 = CARTESIAN_POINT('',(-2.678941662868,-0.94751178059));
#2152 = CARTESIAN_POINT('',(-2.663258589768,-0.875973349663));
#2153 = CARTESIAN_POINT('',(-2.650022096574,-0.80377804386));
#2154 = CARTESIAN_POINT('',(-2.627051710112,-0.653188939543));
#2155 = CARTESIAN_POINT('',(-2.617636897623,-0.574903789049));
#2156 = CARTESIAN_POINT('',(-2.610267070402,-0.49620525298));
#2157 = CARTESIAN_POINT('',(-2.604665533829,-0.417217873408));
#2158 = CARTESIAN_POINT('',(-2.600618160088,-0.338038017443));
#2159 = CARTESIAN_POINT('',(-2.597952821819,-0.258740699815));
#2160 = CARTESIAN_POINT('',(-2.596532864559,-0.179381290512));
#2161 = CARTESIAN_POINT('',(-2.596246197408,-9.99994E-02));
#2162 = ( GEOMETRIC_REPRESENTATION_CONTEXT(2) 
PARAMETRIC_REPRESENTATION_CONTEXT() REPRESENTATION_CONTEXT('2D SPACE',''
  ) );
#2163 = ORIENTED_EDGE('',*,*,#2164,.T.);
#2164 = EDGE_CURVE('',#2038,#1581,#2165,.T.);
#2165 = SEAM_CURVE('',#2166,(#2170,#2177),.PCURVE_S1.);
#2166 = LINE('',#2167,#2168);
#2167 = CARTESIAN_POINT('',(-1.925,-17.8,12.));
#2168 = VECTOR('',#2169,1.);
#2169 = DIRECTION('',(0.,0.,1.));
#2170 = PCURVE('',#1601,#2171);
#2171 = DEFINITIONAL_REPRESENTATION('',(#2172),#2176);
#2172 = LINE('',#2173,#2174);
#2173 = CARTESIAN_POINT('',(-6.28318530718,0.));
#2174 = VECTOR('',#2175,1.);
#2175 = DIRECTION('',(-0.,-1.));
#2176 = ( GEOMETRIC_REPRESENTATION_CONTEXT(2) 
PARAMETRIC_REPRESENTATION_CONTEXT() REPRESENTATION_CONTEXT('2D SPACE',''
  ) );
#2177 = PCURVE('',#1601,#2178);
#2178 = DEFINITIONAL_REPRESENTATION('',(#2179),#2183);
#2179 = LINE('',#2180,#2181);
#2180 = CARTESIAN_POINT('',(-0.,0.));
#2181 = VECTOR('',#2182,1.);
#2182 = DIRECTION('',(-0.,-1.));
#2183 = ( GEOMETRIC_REPRESENTATION_CONTEXT(2) 
PARAMETRIC_REPRESENTATION_CONTEXT() REPRESENTATION_CONTEXT('2D SPACE',''
  ) );
#2184 = ORIENTED_EDGE('',*,*,#1580,.F.);
#2185 = ORIENTED_EDGE('',*,*,#2164,.F.);
#2186 = ORIENTED_EDGE('',*,*,#2187,.F.);
#2187 = EDGE_CURVE('',#2188,#2038,#2190,.T.);
#2188 = VERTEX_POINT('',#2189);
#2189 = CARTESIAN_POINT('',(-2.,-18.35283360968,13.263043478261));
#2190 = SURFACE_CURVE('',#2191,(#2230,#2272),.PCURVE_S1.);
#2191 = B_SPLINE_CURVE_WITH_KNOTS('',7,(#2192,#2193,#2194,#2195,#2196,
    #2197,#2198,#2199,#2200,#2201,#2202,#2203,#2204,#2205,#2206,#2207,
    #2208,#2209,#2210,#2211,#2212,#2213,#2214,#2215,#2216,#2217,#2218,
    #2219,#2220,#2221,#2222,#2223,#2224,#2225,#2226,#2227,#2228,#2229),
  .UNSPECIFIED.,.F.,.F.,(8,6,6,6,6,6,8),(0.,0.180765347546,
    0.357058039988,0.52548878898,0.679420200299,0.87068869298,1.),
  .UNSPECIFIED.);
#2192 = CARTESIAN_POINT('',(-2.902935821281,-19.5612709013,12.));
#2193 = CARTESIAN_POINT('',(-2.865010164578,-19.53764768729,
    12.042735621546));
#2194 = CARTESIAN_POINT('',(-2.82766985448,-19.51306668845,
    12.085467708825));
#2195 = CARTESIAN_POINT('',(-2.79092227225,-19.48753134485,
    12.128187734094));
#2196 = CARTESIAN_POINT('',(-2.754774981888,-19.46104244521,
    12.170886211604));
#2197 = CARTESIAN_POINT('',(-2.719235730655,-19.43359728301,
    12.21355249831));
#2198 = CARTESIAN_POINT('',(-2.684312449587,-19.40518881268,
    12.2561745946));
#2199 = CARTESIAN_POINT('',(-2.616562719287,-19.34714784364,
    12.340250130853));
#2200 = CARTESIAN_POINT('',(-2.583706229986,-19.31756347856,
    12.381705828305));
#2201 = CARTESIAN_POINT('',(-2.551451032032,-19.28703966275,
    12.423093720813));
#2202 = CARTESIAN_POINT('',(-2.519805347267,-19.2555607067,
    12.464399171985));
#2203 = CARTESIAN_POINT('',(-2.488778408753,-19.22310521293,
    12.505604655006));
#2204 = CARTESIAN_POINT('',(-2.458380496076,-19.18964400989,
    12.546689182057));
#2205 = CARTESIAN_POINT('',(-2.400192510898,-19.12217098685,
    12.626740591015));
#2206 = CARTESIAN_POINT('',(-2.372347729297,-19.08825178479,
    12.665718663567));
#2207 = CARTESIAN_POINT('',(-2.345097736685,-19.05334420035,
    12.704540966851));
#2208 = CARTESIAN_POINT('',(-2.318454413221,-19.01740703236,
    12.743180874397));
#2209 = CARTESIAN_POINT('',(-2.292432651211,-18.98038900683,
    12.78160440103));
#2210 = CARTESIAN_POINT('',(-2.267050597938,-18.94222362609,
    12.819768486114));
#2211 = CARTESIAN_POINT('',(-2.219737277019,-18.86681611932,
    12.892211687407));
#2212 = CARTESIAN_POINT('',(-2.197700249791,-18.82978200856,
    12.926537479547));
#2213 = CARTESIAN_POINT('',(-2.176232451548,-18.79165108831,
    12.960559615305));
#2214 = CARTESIAN_POINT('',(-2.155355959438,-18.75234231374,
    12.994224410642));
#2215 = CARTESIAN_POINT('',(-2.135100265359,-18.71176292784,
    13.027460864703));
#2216 = CARTESIAN_POINT('',(-2.115503186119,-18.66979706672,
    13.060176044977));
#2217 = CARTESIAN_POINT('',(-2.073142469762,-18.57221707753,
    13.132095919365));
#2218 = CARTESIAN_POINT('',(-2.050816728542,-18.51588368258,
    13.170859920576));
#2219 = CARTESIAN_POINT('',(-2.029655810375,-18.45683983047,
    13.208421622754));
#2220 = CARTESIAN_POINT('',(-2.009803247397,-18.3946902638,
    13.244440809871));
#2221 = CARTESIAN_POINT('',(-1.991516310101,-18.32905675389,
    13.278328144456));
#2222 = CARTESIAN_POINT('',(-1.975135649984,-18.25957164628,
    13.309248202081));
#2223 = CARTESIAN_POINT('',(-1.951705536264,-18.13570870347,
    13.354099760666));
#2224 = CARTESIAN_POINT('',(-1.943348392617,-18.08370970243,
    13.370296895629));
#2225 = CARTESIAN_POINT('',(-1.936281497544,-18.02970443441,
    13.384150355357));
#2226 = CARTESIAN_POINT('',(-1.930726068544,-17.9738700729,
    13.395139049449));
#2227 = CARTESIAN_POINT('',(-1.926909235557,-17.91653719257,
    13.402727587348));
#2228 = CARTESIAN_POINT('',(-1.925,-17.85826713497,13.40652173913));
#2229 = CARTESIAN_POINT('',(-1.925,-17.8,13.40652173913));
#2230 = PCURVE('',#1601,#2231);
#2231 = DEFINITIONAL_REPRESENTATION('',(#2232),#2271);
#2232 = B_SPLINE_CURVE_WITH_KNOTS('',7,(#2233,#2234,#2235,#2236,#2237,
    #2238,#2239,#2240,#2241,#2242,#2243,#2244,#2245,#2246,#2247,#2248,
    #2249,#2250,#2251,#2252,#2253,#2254,#2255,#2256,#2257,#2258,#2259,
    #2260,#2261,#2262,#2263,#2264,#2265,#2266,#2267,#2268,#2269,#2270),
  .UNSPECIFIED.,.F.,.F.,(8,6,6,6,6,6,8),(0.,0.180765347546,
    0.357058039988,0.52548878898,0.679420200299,0.87068869298,1.),
  .UNSPECIFIED.);
#2233 = CARTESIAN_POINT('',(-5.269463886555,5.329070518201E-14));
#2234 = CARTESIAN_POINT('',(-5.290997006006,-4.273562154582E-02));
#2235 = CARTESIAN_POINT('',(-5.312534716765,-8.546770882455E-02));
#2236 = CARTESIAN_POINT('',(-5.334089455603,-0.128187734094));
#2237 = CARTESIAN_POINT('',(-5.35567423994,-0.170886211604));
#2238 = CARTESIAN_POINT('',(-5.37730315538,-0.21355249831));
#2239 = CARTESIAN_POINT('',(-5.398991843229,-0.2561745946));
#2240 = CARTESIAN_POINT('',(-5.441985575736,-0.340250130853));
#2241 = CARTESIAN_POINT('',(-5.463286512579,-0.381705828305));
#2242 = CARTESIAN_POINT('',(-5.484677605922,-0.423093720813));
#2243 = CARTESIAN_POINT('',(-5.506176813207,-0.464399171985));
#2244 = CARTESIAN_POINT('',(-5.527804324691,-0.505604655006));
#2245 = CARTESIAN_POINT('',(-5.549583646175,-0.546689182057));
#2246 = CARTESIAN_POINT('',(-5.592522432847,-0.626740591015));
#2247 = CARTESIAN_POINT('',(-5.613665291311,-0.665718663567));
#2248 = CARTESIAN_POINT('',(-5.634996847661,-0.704540966851));
#2249 = CARTESIAN_POINT('',(-5.656544397255,-0.743180874397));
#2250 = CARTESIAN_POINT('',(-5.678339571313,-0.78160440103));
#2251 = CARTESIAN_POINT('',(-5.700420967952,-0.819768486114));
#2252 = CARTESIAN_POINT('',(-5.743322936131,-0.892211687407));
#2253 = CARTESIAN_POINT('',(-5.76408571926,-0.926537479547));
#2254 = CARTESIAN_POINT('',(-5.785164446218,-0.960559615305));
#2255 = CARTESIAN_POINT('',(-5.806602419221,-0.994224410642));
#2256 = CARTESIAN_POINT('',(-5.828448048746,-1.027460864703));
#2257 = CARTESIAN_POINT('',(-5.850760730104,-1.060176044977));
#2258 = CARTESIAN_POINT('',(-5.902027249034,-1.132095919365));
#2259 = CARTESIAN_POINT('',(-5.931214995832,-1.170859920576));
#2260 = CARTESIAN_POINT('',(-5.96141503023,-1.208421622754));
#2261 = CARTESIAN_POINT('',(-5.992820544705,-1.244440809871));
#2262 = CARTESIAN_POINT('',(-6.025615675104,-1.278328144456));
#2263 = CARTESIAN_POINT('',(-6.059986271611,-1.309248202081));
#2264 = CARTESIAN_POINT('',(-6.120737840345,-1.354099760666));
#2265 = CARTESIAN_POINT('',(-6.146109416192,-1.370296895629));
#2266 = CARTESIAN_POINT('',(-6.172339931224,-1.384150355357));
#2267 = CARTESIAN_POINT('',(-6.199356130652,-1.395139049449));
#2268 = CARTESIAN_POINT('',(-6.227022881674,-1.402727587349));
#2269 = CARTESIAN_POINT('',(-6.255104760205,-1.40652173913));
#2270 = CARTESIAN_POINT('',(-6.28318530718,-1.40652173913));
#2271 = ( GEOMETRIC_REPRESENTATION_CONTEXT(2) 
PARAMETRIC_REPRESENTATION_CONTEXT() REPRESENTATION_CONTEXT('2D SPACE',''
  ) );
#2272 = PCURVE('',#796,#2273);
#2273 = DEFINITIONAL_REPRESENTATION('',(#2274),#2313);
#2274 = B_SPLINE_CURVE_WITH_KNOTS('',7,(#2275,#2276,#2277,#2278,#2279,
    #2280,#2281,#2282,#2283,#2284,#2285,#2286,#2287,#2288,#2289,#2290,
    #2291,#2292,#2293,#2294,#2295,#2296,#2297,#2298,#2299,#2300,#2301,
    #2302,#2303,#2304,#2305,#2306,#2307,#2308,#2309,#2310,#2311,#2312),
  .UNSPECIFIED.,.F.,.F.,(8,6,6,6,6,6,8),(0.,0.180765347546,
    0.357058039988,0.52548878898,0.679420200299,0.87068869298,1.),
  .UNSPECIFIED.);
#2275 = CARTESIAN_POINT('',(-3.686939107604,-9.999999999995E-02));
#2276 = CARTESIAN_POINT('',(-3.686784774933,-0.142735621546));
#2277 = CARTESIAN_POINT('',(-3.686295133691,-0.185467708825));
#2278 = CARTESIAN_POINT('',(-3.685451338846,-0.228187734094));
#2279 = CARTESIAN_POINT('',(-3.684232240349,-0.270886211604));
#2280 = CARTESIAN_POINT('',(-3.682613662499,-0.31355249831));
#2281 = CARTESIAN_POINT('',(-3.680567683298,-0.3561745946));
#2282 = CARTESIAN_POINT('',(-3.675618144279,-0.440250130853));
#2283 = CARTESIAN_POINT('',(-3.672737122292,-0.481705828305));
#2284 = CARTESIAN_POINT('',(-3.669388493497,-0.523093720813));
#2285 = CARTESIAN_POINT('',(-3.665538127622,-0.564399171985));
#2286 = CARTESIAN_POINT('',(-3.661146592247,-0.605604655006));
#2287 = CARTESIAN_POINT('',(-3.656167626576,-0.646689182057));
#2288 = CARTESIAN_POINT('',(-3.645176278288,-0.726740591015));
#2289 = CARTESIAN_POINT('',(-3.639220188472,-0.765718663567));
#2290 = CARTESIAN_POINT('',(-3.632629863459,-0.804540966851));
#2291 = CARTESIAN_POINT('',(-3.6253507241,-0.843180874397));
#2292 = CARTESIAN_POINT('',(-3.61731886466,-0.88160440103));
#2293 = CARTESIAN_POINT('',(-3.60845782308,-0.919768486114));
#2294 = CARTESIAN_POINT('',(-3.589735002136,-0.992211687407));
#2295 = CARTESIAN_POINT('',(-3.58002609654,-1.026537479547));
#2296 = CARTESIAN_POINT('',(-3.569477213964,-1.060559615305));
#2297 = CARTESIAN_POINT('',(-3.558005601985,-1.094224410642));
#2298 = CARTESIAN_POINT('',(-3.545516267586,-1.127460864703));
#2299 = CARTESIAN_POINT('',(-3.531896542139,-1.160176044977));
#2300 = CARTESIAN_POINT('',(-3.498503927632,-1.232095919365));
#2301 = CARTESIAN_POINT('',(-3.478081664577,-1.270859920576));
#2302 = CARTESIAN_POINT('',(-3.455432541438,-1.308421622754));
#2303 = CARTESIAN_POINT('',(-3.430220752898,-1.344440809871));
#2304 = CARTESIAN_POINT('',(-3.402088533541,-1.378328144456));
#2305 = CARTESIAN_POINT('',(-3.370699277292,-1.409248202081));
#2306 = CARTESIAN_POINT('',(-3.31215471837,-1.454099760666));
#2307 = CARTESIAN_POINT('',(-3.28691216366,-1.470296895629));
#2308 = CARTESIAN_POINT('',(-3.26005393853,-1.484150355357));
#2309 = CARTESIAN_POINT('',(-3.231696651904,-1.495139049449));
#2310 = CARTESIAN_POINT('',(-3.202132069012,-1.502727587349));
#2311 = CARTESIAN_POINT('',(-3.171861295134,-1.50652173913));
#2312 = CARTESIAN_POINT('',(-3.14159265359,-1.50652173913));
#2313 = ( GEOMETRIC_REPRESENTATION_CONTEXT(2) 
PARAMETRIC_REPRESENTATION_CONTEXT() REPRESENTATION_CONTEXT('2D SPACE',''
  ) );
#2314 = ORIENTED_EDGE('',*,*,#2315,.T.);
#2315 = EDGE_CURVE('',#2188,#2040,#2316,.T.);
#2316 = SURFACE_CURVE('',#2317,(#2322,#2329),.PCURVE_S1.);
#2317 = CIRCLE('',#2318,2.075);
#2318 = AXIS2_PLACEMENT_3D('',#2319,#2320,#2321);
#2319 = CARTESIAN_POINT('',(-4.,-17.8,13.263043478261));
#2320 = DIRECTION('',(0.,-0.,-1.));
#2321 = DIRECTION('',(0.,1.,-0.));
#2322 = PCURVE('',#1601,#2323);
#2323 = DEFINITIONAL_REPRESENTATION('',(#2324),#2328);
#2324 = LINE('',#2325,#2326);
#2325 = CARTESIAN_POINT('',(-7.853981633974,-1.263043478261));
#2326 = VECTOR('',#2327,1.);
#2327 = DIRECTION('',(1.,-0.));
#2328 = ( GEOMETRIC_REPRESENTATION_CONTEXT(2) 
PARAMETRIC_REPRESENTATION_CONTEXT() REPRESENTATION_CONTEXT('2D SPACE',''
  ) );
#2329 = PCURVE('',#767,#2330);
#2330 = DEFINITIONAL_REPRESENTATION('',(#2331),#2335);
#2331 = LINE('',#2332,#2333);
#2332 = CARTESIAN_POINT('',(-7.853981633974,-1.363043478261));
#2333 = VECTOR('',#2334,1.);
#2334 = DIRECTION('',(1.,-0.));
#2335 = ( GEOMETRIC_REPRESENTATION_CONTEXT(2) 
PARAMETRIC_REPRESENTATION_CONTEXT() REPRESENTATION_CONTEXT('2D SPACE',''
  ) );
#2336 = ADVANCED_FACE('',(#2337),#1566,.F.);
#2337 = FACE_BOUND('',#2338,.T.);
#2338 = EDGE_LOOP('',(#2339,#2364,#2385,#2386,#2387,#2410,#2556));
#2339 = ORIENTED_EDGE('',*,*,#2340,.T.);
#2340 = EDGE_CURVE('',#2341,#2343,#2345,.T.);
#2341 = VERTEX_POINT('',#2342);
#2342 = CARTESIAN_POINT('',(2.,-21.64716639031,13.263043478261));
#2343 = VERTEX_POINT('',#2344);
#2344 = CARTESIAN_POINT('',(6.075,-22.2,13.263043478261));
#2345 = SURFACE_CURVE('',#2346,(#2351,#2358),.PCURVE_S1.);
#2346 = CIRCLE('',#2347,2.075);
#2347 = AXIS2_PLACEMENT_3D('',#2348,#2349,#2350);
#2348 = CARTESIAN_POINT('',(4.,-22.2,13.263043478261));
#2349 = DIRECTION('',(0.,-0.,-1.));
#2350 = DIRECTION('',(0.,1.,-0.));
#2351 = PCURVE('',#1566,#2352);
#2352 = DEFINITIONAL_REPRESENTATION('',(#2353),#2357);
#2353 = LINE('',#2354,#2355);
#2354 = CARTESIAN_POINT('',(-7.853981633974,-1.263043478261));
#2355 = VECTOR('',#2356,1.);
#2356 = DIRECTION('',(1.,-0.));
#2357 = ( GEOMETRIC_REPRESENTATION_CONTEXT(2) 
PARAMETRIC_REPRESENTATION_CONTEXT() REPRESENTATION_CONTEXT('2D SPACE',''
  ) );
#2358 = PCURVE('',#854,#2359);
#2359 = DEFINITIONAL_REPRESENTATION('',(#2360),#2363);
#2360 = B_SPLINE_CURVE_WITH_KNOTS('',1,(#2361,#2362),.UNSPECIFIED.,.F.,
  .F.,(2,2),(4.982071905763,7.853981633974),.PIECEWISE_BEZIER_KNOTS.);
#2361 = CARTESIAN_POINT('',(-9.155095035391,-1.363043478261));
#2362 = CARTESIAN_POINT('',(-6.28318530718,-1.363043478261));
#2363 = ( GEOMETRIC_REPRESENTATION_CONTEXT(2) 
PARAMETRIC_REPRESENTATION_CONTEXT() REPRESENTATION_CONTEXT('2D SPACE',''
  ) );
#2364 = ORIENTED_EDGE('',*,*,#2365,.T.);
#2365 = EDGE_CURVE('',#2343,#1546,#2366,.T.);
#2366 = SEAM_CURVE('',#2367,(#2371,#2378),.PCURVE_S1.);
#2367 = LINE('',#2368,#2369);
#2368 = CARTESIAN_POINT('',(6.075,-22.2,12.));
#2369 = VECTOR('',#2370,1.);
#2370 = DIRECTION('',(0.,0.,1.));
#2371 = PCURVE('',#1566,#2372);
#2372 = DEFINITIONAL_REPRESENTATION('',(#2373),#2377);
#2373 = LINE('',#2374,#2375);
#2374 = CARTESIAN_POINT('',(-6.28318530718,0.));
#2375 = VECTOR('',#2376,1.);
#2376 = DIRECTION('',(-0.,-1.));
#2377 = ( GEOMETRIC_REPRESENTATION_CONTEXT(2) 
PARAMETRIC_REPRESENTATION_CONTEXT() REPRESENTATION_CONTEXT('2D SPACE',''
  ) );
#2378 = PCURVE('',#1566,#2379);
#2379 = DEFINITIONAL_REPRESENTATION('',(#2380),#2384);
#2380 = LINE('',#2381,#2382);
#2381 = CARTESIAN_POINT('',(-0.,0.));
#2382 = VECTOR('',#2383,1.);
#2383 = DIRECTION('',(-0.,-1.));
#2384 = ( GEOMETRIC_REPRESENTATION_CONTEXT(2) 
PARAMETRIC_REPRESENTATION_CONTEXT() REPRESENTATION_CONTEXT('2D SPACE',''
  ) );
#2385 = ORIENTED_EDGE('',*,*,#1545,.F.);
#2386 = ORIENTED_EDGE('',*,*,#2365,.F.);
#2387 = ORIENTED_EDGE('',*,*,#2388,.T.);
#2388 = EDGE_CURVE('',#2343,#2389,#2391,.T.);
#2389 = VERTEX_POINT('',#2390);
#2390 = CARTESIAN_POINT('',(2.,-22.75283360968,13.263043478261));
#2391 = SURFACE_CURVE('',#2392,(#2397,#2404),.PCURVE_S1.);
#2392 = CIRCLE('',#2393,2.075);
#2393 = AXIS2_PLACEMENT_3D('',#2394,#2395,#2396);
#2394 = CARTESIAN_POINT('',(4.,-22.2,13.263043478261));
#2395 = DIRECTION('',(0.,-0.,-1.));
#2396 = DIRECTION('',(0.,1.,-0.));
#2397 = PCURVE('',#1566,#2398);
#2398 = DEFINITIONAL_REPRESENTATION('',(#2399),#2403);
#2399 = LINE('',#2400,#2401);
#2400 = CARTESIAN_POINT('',(-7.853981633974,-1.263043478261));
#2401 = VECTOR('',#2402,1.);
#2402 = DIRECTION('',(1.,-0.));
#2403 = ( GEOMETRIC_REPRESENTATION_CONTEXT(2) 
PARAMETRIC_REPRESENTATION_CONTEXT() REPRESENTATION_CONTEXT('2D SPACE',''
  ) );
#2404 = PCURVE('',#854,#2405);
#2405 = DEFINITIONAL_REPRESENTATION('',(#2406),#2409);
#2406 = B_SPLINE_CURVE_WITH_KNOTS('',1,(#2407,#2408),.UNSPECIFIED.,.F.,
  .F.,(2,2),(1.570796326795,4.442706055006),.PIECEWISE_BEZIER_KNOTS.);
#2407 = CARTESIAN_POINT('',(-6.28318530718,-1.363043478261));
#2408 = CARTESIAN_POINT('',(-3.411275578969,-1.363043478261));
#2409 = ( GEOMETRIC_REPRESENTATION_CONTEXT(2) 
PARAMETRIC_REPRESENTATION_CONTEXT() REPRESENTATION_CONTEXT('2D SPACE',''
  ) );
#2410 = ORIENTED_EDGE('',*,*,#2411,.F.);
#2411 = EDGE_CURVE('',#2412,#2389,#2414,.T.);
#2412 = VERTEX_POINT('',#2413);
#2413 = CARTESIAN_POINT('',(1.925,-22.2,13.40652173913));
#2414 = SURFACE_CURVE('',#2415,(#2460,#2508),.PCURVE_S1.);
#2415 = B_SPLINE_CURVE_WITH_KNOTS('',8,(#2416,#2417,#2418,#2419,#2420,
    #2421,#2422,#2423,#2424,#2425,#2426,#2427,#2428,#2429,#2430,#2431,
    #2432,#2433,#2434,#2435,#2436,#2437,#2438,#2439,#2440,#2441,#2442,
    #2443,#2444,#2445,#2446,#2447,#2448,#2449,#2450,#2451,#2452,#2453,
    #2454,#2455,#2456,#2457,#2458,#2459),.UNSPECIFIED.,.F.,.F.,(9,7,7,7,
    7,7,9),(0.,8.857075671446E-02,0.151931415766,0.25529798438,
    0.611101714641,0.946799212019,1.),.UNSPECIFIED.);
#2416 = CARTESIAN_POINT('',(1.925,-22.2,13.40652173913));
#2417 = CARTESIAN_POINT('',(1.925,-22.23487802152,13.40652173913));
#2418 = CARTESIAN_POINT('',(1.925670018857,-22.26976397803,
    13.405190069289));
#2419 = CARTESIAN_POINT('',(1.927010526086,-22.30447355619,
    13.402525590322));
#2420 = CARTESIAN_POINT('',(1.929003534444,-22.33885874332,
    13.398569803027));
#2421 = CARTESIAN_POINT('',(1.931618420303,-22.37280066301,
    13.393394170308));
#2422 = CARTESIAN_POINT('',(1.934816557346,-22.40620411957,
    13.387089389289));
#2423 = CARTESIAN_POINT('',(1.938554763588,-22.43899385135,
    13.37975661352));
#2424 = CARTESIAN_POINT('',(1.945815568816,-22.4940891318,
    13.365594557895));
#2425 = CARTESIAN_POINT('',(1.949098020898,-22.51673222536,
    13.359213424258));
#2426 = CARTESIAN_POINT('',(1.952619992603,-22.5390308602,
    13.352392389496));
#2427 = CARTESIAN_POINT('',(1.956366919288,-22.56097905822,
    13.345165753416));
#2428 = CARTESIAN_POINT('',(1.960324900738,-22.58257525441,
    13.337566279877));
#2429 = CARTESIAN_POINT('',(1.964481004867,-22.60382177462,
    13.329624526177));
#2430 = CARTESIAN_POINT('',(1.968823571417,-22.62472431335,
    13.321368172438));
#2431 = CARTESIAN_POINT('',(1.98071472054,-22.678844572,13.2988780679));
#2432 = CARTESIAN_POINT('',(1.988554050103,-22.71149524108,
    13.284166044074));
#2433 = CARTESIAN_POINT('',(1.996817493246,-22.74328737735,
    13.26878905022));
#2434 = CARTESIAN_POINT('',(2.005467616552,-22.7742632008,
    13.252836726447));
#2435 = CARTESIAN_POINT('',(2.014472571632,-22.80446427776,
    13.236385108375));
#2436 = CARTESIAN_POINT('',(2.023806102461,-22.83393260583,
    13.219497153241));
#2437 = CARTESIAN_POINT('',(2.033447552723,-22.86271169886,
    13.202223266008));
#2438 = CARTESIAN_POINT('',(2.077577341886,-22.98769604625,
    13.123946099347));
#2439 = CARTESIAN_POINT('',(2.115147560368,-23.07665388972,
    13.059342283522));
#2440 = CARTESIAN_POINT('',(2.15551355859,-23.15981740775,
    12.992280897954));
#2441 = CARTESIAN_POINT('',(2.19837642752,-23.23788957459,
    12.923520924313));
#2442 = CARTESIAN_POINT('',(2.243469319839,-23.31157836598,
    12.85365339325));
#2443 = CARTESIAN_POINT('',(2.290654066644,-23.38129707135,
    12.782974821806));
#2444 = CARTESIAN_POINT('',(2.339874472513,-23.44748334388,
    12.711637710925));
#2445 = CARTESIAN_POINT('',(2.439641334966,-23.56995866353,
    12.57164927932));
#2446 = CARTESIAN_POINT('',(2.489846021647,-23.62646263301,
    12.503228024804));
#2447 = CARTESIAN_POINT('',(2.541771153599,-23.68022209673,
    12.434464397804));
#2448 = CARTESIAN_POINT('',(2.595372582723,-23.73136229174,
    12.365449372233));
#2449 = CARTESIAN_POINT('',(2.650611314689,-23.77995815996,
    12.296253530093));
#2450 = CARTESIAN_POINT('',(2.707452793714,-23.82605547043,
    12.226932593338));
#2451 = CARTESIAN_POINT('',(2.765867401412,-23.86967997027,
    12.157530020897));
#2452 = CARTESIAN_POINT('',(2.835335287693,-23.91735667673,
    12.077069818011));
#2453 = CARTESIAN_POINT('',(2.844877192686,-23.92381666626,
    12.066061860097));
#2454 = CARTESIAN_POINT('',(2.854457763377,-23.9302145341,
    12.055052952789));
#2455 = CARTESIAN_POINT('',(2.864076878417,-23.93655026922,
    12.044043248565));
#2456 = CARTESIAN_POINT('',(2.87373441642,-23.94282384834,
    12.033032896703));
#2457 = CARTESIAN_POINT('',(2.883430255959,-23.94903523592,
    12.022022043275));
#2458 = CARTESIAN_POINT('',(2.89316427557,-23.95518438415,
    12.011010831151));
#2459 = CARTESIAN_POINT('',(2.90293635375,-23.96127123296,11.9999994));
#2460 = PCURVE('',#1566,#2461);
#2461 = DEFINITIONAL_REPRESENTATION('',(#2462),#2507);
#2462 = B_SPLINE_CURVE_WITH_KNOTS('',8,(#2463,#2464,#2465,#2466,#2467,
    #2468,#2469,#2470,#2471,#2472,#2473,#2474,#2475,#2476,#2477,#2478,
    #2479,#2480,#2481,#2482,#2483,#2484,#2485,#2486,#2487,#2488,#2489,
    #2490,#2491,#2492,#2493,#2494,#2495,#2496,#2497,#2498,#2499,#2500,
    #2501,#2502,#2503,#2504,#2505,#2506),.UNSPECIFIED.,.F.,.F.,(9,7,7,7,
    7,7,9),(0.,8.857075671446E-02,0.151931415766,0.25529798438,
    0.611101714641,0.946799212019,1.),.UNSPECIFIED.);
#2463 = CARTESIAN_POINT('',(-3.14159265359,-1.40652173913));
#2464 = CARTESIAN_POINT('',(-3.158401338659,-1.40652173913));
#2465 = CARTESIAN_POINT('',(-3.175213843913,-1.405190069289));
#2466 = CARTESIAN_POINT('',(-3.191948598049,-1.402525590322));
#2467 = CARTESIAN_POINT('',(-3.208541490039,-1.398569803027));
#2468 = CARTESIAN_POINT('',(-3.22494176523,-1.393394170308));
#2469 = CARTESIAN_POINT('',(-3.241109007085,-1.387089389289));
#2470 = CARTESIAN_POINT('',(-3.257011204536,-1.37975661352));
#2471 = CARTESIAN_POINT('',(-3.283792726666,-1.365594557895));
#2472 = CARTESIAN_POINT('',(-3.294818200064,-1.359213424258));
#2473 = CARTESIAN_POINT('',(-3.305696304536,-1.352392389496));
#2474 = CARTESIAN_POINT('',(-3.316425151324,-1.345165753416));
#2475 = CARTESIAN_POINT('',(-3.327004775521,-1.337566279877));
#2476 = CARTESIAN_POINT('',(-3.337436928053,-1.329624526177));
#2477 = CARTESIAN_POINT('',(-3.347724867657,-1.321368172438));
#2478 = CARTESIAN_POINT('',(-3.374429063641,-1.2988780679));
#2479 = CARTESIAN_POINT('',(-3.390608491681,-1.284166044074));
#2480 = CARTESIAN_POINT('',(-3.40643456238,-1.26878905022));
#2481 = CARTESIAN_POINT('',(-3.42192890361,-1.252836726447));
#2482 = CARTESIAN_POINT('',(-3.437112392816,-1.236385108375));
#2483 = CARTESIAN_POINT('',(-3.452005904109,-1.219497153241));
#2484 = CARTESIAN_POINT('',(-3.466631055373,-1.202223266008));
#2485 = CARTESIAN_POINT('',(-3.530508797113,-1.123946099347));
#2486 = CARTESIAN_POINT('',(-3.576962509926,-1.059342283522));
#2487 = CARTESIAN_POINT('',(-3.62141568172,-0.992280897954));
#2488 = CARTESIAN_POINT('',(-3.664233222957,-0.923520924313));
#2489 = CARTESIAN_POINT('',(-3.705779839615,-0.85365339325));
#2490 = CARTESIAN_POINT('',(-3.746282385364,-0.782974821806));
#2491 = CARTESIAN_POINT('',(-3.785994177282,-0.711637710925));
#2492 = CARTESIAN_POINT('',(-3.862122939964,-0.57164927932));
#2493 = CARTESIAN_POINT('',(-3.898516429707,-0.503228024804));
#2494 = CARTESIAN_POINT('',(-3.934484754797,-0.434464397804));
#2495 = CARTESIAN_POINT('',(-3.97012895396,-0.365449372233));
#2496 = CARTESIAN_POINT('',(-4.005528182363,-0.296253530093));
#2497 = CARTESIAN_POINT('',(-4.040750464912,-0.226932593338));
#2498 = CARTESIAN_POINT('',(-4.075858166022,-0.157530020897));
#2499 = CARTESIAN_POINT('',(-4.116462843839,-7.706981801056E-02));
#2500 = CARTESIAN_POINT('',(-4.1220159827,-6.60618600974E-02));
#2501 = CARTESIAN_POINT('',(-4.12756780538,-5.5052952789E-02));
#2502 = CARTESIAN_POINT('',(-4.133118521215,-4.40432485652E-02));
#2503 = CARTESIAN_POINT('',(-4.138668335932,-3.303289670261E-02));
#2504 = CARTESIAN_POINT('',(-4.144217451651,-2.202204327463E-02));
#2505 = CARTESIAN_POINT('',(-4.149766066884,-1.101083115144E-02));
#2506 = CARTESIAN_POINT('',(-4.155314376535,5.999999999062E-07));
#2507 = ( GEOMETRIC_REPRESENTATION_CONTEXT(2) 
PARAMETRIC_REPRESENTATION_CONTEXT() REPRESENTATION_CONTEXT('2D SPACE',''
  ) );
#2508 = PCURVE('',#883,#2509);
#2509 = DEFINITIONAL_REPRESENTATION('',(#2510),#2555);
#2510 = B_SPLINE_CURVE_WITH_KNOTS('',8,(#2511,#2512,#2513,#2514,#2515,
    #2516,#2517,#2518,#2519,#2520,#2521,#2522,#2523,#2524,#2525,#2526,
    #2527,#2528,#2529,#2530,#2531,#2532,#2533,#2534,#2535,#2536,#2537,
    #2538,#2539,#2540,#2541,#2542,#2543,#2544,#2545,#2546,#2547,#2548,
    #2549,#2550,#2551,#2552,#2553,#2554),.UNSPECIFIED.,.F.,.F.,(9,7,7,7,
    7,7,9),(0.,8.857075671446E-02,0.151931415766,0.25529798438,
    0.611101714641,0.946799212019,1.),.UNSPECIFIED.);
#2511 = CARTESIAN_POINT('',(-6.28318530718,-1.50652173913));
#2512 = CARTESIAN_POINT('',(-6.265066854442,-1.50652173913));
#2513 = CARTESIAN_POINT('',(-6.246944261839,-1.505190069289));
#2514 = CARTESIAN_POINT('',(-6.228956702646,-1.502525590322));
#2515 = CARTESIAN_POINT('',(-6.211224405399,-1.498569803027));
#2516 = CARTESIAN_POINT('',(-6.193846903071,-1.493394170308));
#2517 = CARTESIAN_POINT('',(-6.176902754415,-1.487089389289));
#2518 = CARTESIAN_POINT('',(-6.160450737488,-1.47975661352));
#2519 = CARTESIAN_POINT('',(-6.133145133282,-1.465594557895));
#2520 = CARTESIAN_POINT('',(-6.122026004194,-1.459213424258));
#2521 = CARTESIAN_POINT('',(-6.111185517894,-1.452392389496));
#2522 = CARTESIAN_POINT('',(-6.100629609201,-1.445165753416));
#2523 = CARTESIAN_POINT('',(-6.090360374578,-1.437566279877));
#2524 = CARTESIAN_POINT('',(-6.080376688779,-1.429624526177));
#2525 = CARTESIAN_POINT('',(-6.070674821496,-1.421368172438));
#2526 = CARTESIAN_POINT('',(-6.045871858496,-1.3988780679));
#2527 = CARTESIAN_POINT('',(-6.031234050468,-1.384166044074));
#2528 = CARTESIAN_POINT('',(-6.017306987472,-1.36878905022));
#2529 = CARTESIAN_POINT('',(-6.004058834122,-1.352836726447));
#2530 = CARTESIAN_POINT('',(-5.991455503478,-1.336385108375));
#2531 = CARTESIAN_POINT('',(-5.979461598431,-1.319497153241));
#2532 = CARTESIAN_POINT('',(-5.968041353089,-1.302223266008));
#2533 = CARTESIAN_POINT('',(-5.919702806596,-1.223946099347));
#2534 = CARTESIAN_POINT('',(-5.888729472711,-1.159342283522));
#2535 = CARTESIAN_POINT('',(-5.862677353236,-1.092280897953));
#2536 = CARTESIAN_POINT('',(-5.840720326083,-1.023520924314));
#2537 = CARTESIAN_POINT('',(-5.822121168602,-0.953653393249));
#2538 = CARTESIAN_POINT('',(-5.806378178341,-0.882974821806));
#2539 = CARTESIAN_POINT('',(-5.79305950917,-0.811637710925));
#2540 = CARTESIAN_POINT('',(-5.771255471944,-0.67164927932));
#2541 = CARTESIAN_POINT('',(-5.762562721003,-0.603228024804));
#2542 = CARTESIAN_POINT('',(-5.755495173959,-0.534464397804));
#2543 = CARTESIAN_POINT('',(-5.749852353584,-0.465449372233));
#2544 = CARTESIAN_POINT('',(-5.745477638316,-0.396253530093));
#2545 = CARTESIAN_POINT('',(-5.742242980901,-0.326932593338));
#2546 = CARTESIAN_POINT('',(-5.740041087178,-0.257530020897));
#2547 = CARTESIAN_POINT('',(-5.738586001124,-0.177069818011));
#2548 = CARTESIAN_POINT('',(-5.738410700128,-0.166061860097));
#2549 = CARTESIAN_POINT('',(-5.738258802653,-0.155052952789));
#2550 = CARTESIAN_POINT('',(-5.738129969472,-0.144043248565));
#2551 = CARTESIAN_POINT('',(-5.738023871526,-0.133032896703));
#2552 = CARTESIAN_POINT('',(-5.737940189921,-0.122022043275));
#2553 = CARTESIAN_POINT('',(-5.737878615932,-0.111010831151));
#2554 = CARTESIAN_POINT('',(-5.737838850998,-9.99994E-02));
#2555 = ( GEOMETRIC_REPRESENTATION_CONTEXT(2) 
PARAMETRIC_REPRESENTATION_CONTEXT() REPRESENTATION_CONTEXT('2D SPACE',''
  ) );
#2556 = ORIENTED_EDGE('',*,*,#2557,.F.);
#2557 = EDGE_CURVE('',#2341,#2412,#2558,.T.);
#2558 = SURFACE_CURVE('',#2559,(#2590,#2624),.PCURVE_S1.);
#2559 = B_SPLINE_CURVE_WITH_KNOTS('',8,(#2560,#2561,#2562,#2563,#2564,
    #2565,#2566,#2567,#2568,#2569,#2570,#2571,#2572,#2573,#2574,#2575,
    #2576,#2577,#2578,#2579,#2580,#2581,#2582,#2583,#2584,#2585,#2586,
    #2587,#2588,#2589),.UNSPECIFIED.,.F.,.F.,(9,7,7,7,9),(0.,
    0.357787892964,0.680754511831,0.870775050919,1.),.UNSPECIFIED.);
#2560 = CARTESIAN_POINT('',(2.902935821281,-20.43872909869,12.));
#2561 = CARTESIAN_POINT('',(2.83723784899,-20.47965119192,
    12.074030192861));
#2562 = CARTESIAN_POINT('',(2.773266526549,-20.52338554599,
    12.148043188357));
#2563 = CARTESIAN_POINT('',(2.71105043035,-20.56991627222,
    12.222005451567));
#2564 = CARTESIAN_POINT('',(2.650624594367,-20.61925360884,
    12.295870651329));
#2565 = CARTESIAN_POINT('',(2.592028627208,-20.67143022025,
    12.369580109396));
#2566 = CARTESIAN_POINT('',(2.535306113399,-20.7265108487,
    12.443060120784));
#2567 = CARTESIAN_POINT('',(2.480505298906,-20.78461531844,
    12.516216145306));
#2568 = CARTESIAN_POINT('',(2.379997877994,-20.90132466624,
    12.654555403861));
#2569 = CARTESIAN_POINT('',(2.333972009618,-20.95927692677,
    12.719757229831));
#2570 = CARTESIAN_POINT('',(2.289595565363,-21.02000781649,
    12.784497998857));
#2571 = CARTESIAN_POINT('',(2.246912677176,-21.08375455498,
    12.84866912169));
#2572 = CARTESIAN_POINT('',(2.206006699609,-21.1507833332,
    12.912087735491));
#2573 = CARTESIAN_POINT('',(2.167007968941,-21.22148335682,
    12.974457971381));
#2574 = CARTESIAN_POINT('',(2.130076024305,-21.29633421652,
    13.035382043918));
#2575 = CARTESIAN_POINT('',(2.075103564808,-21.42344964275,
    13.12879854234));
#2576 = CARTESIAN_POINT('',(2.055590729306,-21.4722215846,
    13.162592736971));
#2577 = CARTESIAN_POINT('',(2.036940785734,-21.52295268723,
    13.195504089239));
#2578 = CARTESIAN_POINT('',(2.019227450468,-21.57589215861,
    13.227349190578));
#2579 = CARTESIAN_POINT('',(2.00258139006,-21.63127661816,
    13.257825696914));
#2580 = CARTESIAN_POINT('',(1.987181647675,-21.68933576651,
    13.286509810259));
#2581 = CARTESIAN_POINT('',(1.973256900885,-21.75031895227,
    13.31284357888));
#2582 = CARTESIAN_POINT('',(1.952851146036,-21.85826331892,
    13.351907475847));
#2583 = CARTESIAN_POINT('',(1.945410931822,-21.90348284792,
    13.366299852604));
#2584 = CARTESIAN_POINT('',(1.938912991615,-21.95020863999,
    13.378991921216));
#2585 = CARTESIAN_POINT('',(1.933492243524,-21.99834823973,
    13.389667568844));
#2586 = CARTESIAN_POINT('',(1.929288861451,-22.04773348169,
    13.39799647068));
#2587 = CARTESIAN_POINT('',(1.926429955935,-22.09810036329,
    13.40368004058));
#2588 = CARTESIAN_POINT('',(1.925,-22.14905133397,13.40652173913));
#2589 = CARTESIAN_POINT('',(1.925,-22.2,13.40652173913));
#2590 = PCURVE('',#1566,#2591);
#2591 = DEFINITIONAL_REPRESENTATION('',(#2592),#2623);
#2592 = B_SPLINE_CURVE_WITH_KNOTS('',8,(#2593,#2594,#2595,#2596,#2597,
    #2598,#2599,#2600,#2601,#2602,#2603,#2604,#2605,#2606,#2607,#2608,
    #2609,#2610,#2611,#2612,#2613,#2614,#2615,#2616,#2617,#2618,#2619,
    #2620,#2621,#2622),.UNSPECIFIED.,.F.,.F.,(9,7,7,7,9),(0.,
    0.357787892964,0.680754511831,0.870775050919,1.),.UNSPECIFIED.);
#2593 = CARTESIAN_POINT('',(-2.127871232965,2.48689957516E-14));
#2594 = CARTESIAN_POINT('',(-2.165172690817,-7.403019286127E-02));
#2595 = CARTESIAN_POINT('',(-2.202484505458,-0.148043188357));
#2596 = CARTESIAN_POINT('',(-2.239869556603,-0.222005451567));
#2597 = CARTESIAN_POINT('',(-2.277396107248,-0.295870651329));
#2598 = CARTESIAN_POINT('',(-2.315138013673,-0.369580109396));
#2599 = CARTESIAN_POINT('',(-2.353180743813,-0.443060120784));
#2600 = CARTESIAN_POINT('',(-2.391633203996,-0.516216145306));
#2601 = CARTESIAN_POINT('',(-2.465860731823,-0.654555403861));
#2602 = CARTESIAN_POINT('',(-2.501497996807,-0.719757229832));
#2603 = CARTESIAN_POINT('',(-2.537697540368,-0.784497998856));
#2604 = CARTESIAN_POINT('',(-2.574606390401,-0.848669121692));
#2605 = CARTESIAN_POINT('',(-2.612378698882,-0.91208773549));
#2606 = CARTESIAN_POINT('',(-2.651224966849,-0.974457971381));
#2607 = CARTESIAN_POINT('',(-2.691399057951,-1.035382043918));
#2608 = CARTESIAN_POINT('',(-2.758142658213,-1.12879854234));
#2609 = CARTESIAN_POINT('',(-2.78344890097,-1.162592736971));
#2610 = CARTESIAN_POINT('',(-2.809479815625,-1.195504089239));
#2611 = CARTESIAN_POINT('',(-2.836358814866,-1.227349190578));
#2612 = CARTESIAN_POINT('',(-2.86420130717,-1.257825696914));
#2613 = CARTESIAN_POINT('',(-2.893120847131,-1.286509810259));
#2614 = CARTESIAN_POINT('',(-2.92324540164,-1.31284357888));
#2615 = CARTESIAN_POINT('',(-2.976188140825,-1.351907475847));
#2616 = CARTESIAN_POINT('',(-2.998267387105,-1.366299852604));
#2617 = CARTESIAN_POINT('',(-3.020990823343,-1.378991921216));
#2618 = CARTESIAN_POINT('',(-3.044320861342,-1.389667568844));
#2619 = CARTESIAN_POINT('',(-3.068188543488,-1.39799647068));
#2620 = CARTESIAN_POINT('',(-3.09248445238,-1.40368004058));
#2621 = CARTESIAN_POINT('',(-3.1170390796,-1.40652173913));
#2622 = CARTESIAN_POINT('',(-3.14159265359,-1.40652173913));
#2623 = ( GEOMETRIC_REPRESENTATION_CONTEXT(2) 
PARAMETRIC_REPRESENTATION_CONTEXT() REPRESENTATION_CONTEXT('2D SPACE',''
  ) );
#2624 = PCURVE('',#883,#2625);
#2625 = DEFINITIONAL_REPRESENTATION('',(#2626),#2657);
#2626 = B_SPLINE_CURVE_WITH_KNOTS('',8,(#2627,#2628,#2629,#2630,#2631,
    #2632,#2633,#2634,#2635,#2636,#2637,#2638,#2639,#2640,#2641,#2642,
    #2643,#2644,#2645,#2646,#2647,#2648,#2649,#2650,#2651,#2652,#2653,
    #2654,#2655,#2656),.UNSPECIFIED.,.F.,.F.,(9,7,7,7,9),(0.,
    0.357787892964,0.680754511831,0.870775050919,1.),.UNSPECIFIED.);
#2627 = CARTESIAN_POINT('',(-0.545346454015,-9.999999999998E-02));
#2628 = CARTESIAN_POINT('',(-0.545079106144,-0.174030192861));
#2629 = CARTESIAN_POINT('',(-0.543825809194,-0.248043188357));
#2630 = CARTESIAN_POINT('',(-0.5414969504,-0.322005451567));
#2631 = CARTESIAN_POINT('',(-0.537980635185,-0.395870651329));
#2632 = CARTESIAN_POINT('',(-0.533142509256,-0.469580109396));
#2633 = CARTESIAN_POINT('',(-0.52681710285,-0.543060120784));
#2634 = CARTESIAN_POINT('',(-0.518790697123,-0.616216145306));
#2635 = CARTESIAN_POINT('',(-0.49973542452,-0.754555403861));
#2636 = CARTESIAN_POINT('',(-0.489083270892,-0.819757229832));
#2637 = CARTESIAN_POINT('',(-0.476604849306,-0.884497998856));
#2638 = CARTESIAN_POINT('',(-0.46203063792,-0.948669121692));
#2639 = CARTESIAN_POINT('',(-0.445036350742,-1.01208773549));
#2640 = CARTESIAN_POINT('',(-0.425189885801,-1.074457971381));
#2641 = CARTESIAN_POINT('',(-0.401963940666,-1.135382043918));
#2642 = CARTESIAN_POINT('',(-0.35835114914,-1.22879854234));
#2643 = CARTESIAN_POINT('',(-0.340767819419,-1.262592736971));
#2644 = CARTESIAN_POINT('',(-0.321567229525,-1.295504089239));
#2645 = CARTESIAN_POINT('',(-0.300546387941,-1.327349190578));
#2646 = CARTESIAN_POINT('',(-0.277491040708,-1.357825696914));
#2647 = CARTESIAN_POINT('',(-0.252187103562,-1.386509810259));
#2648 = CARTESIAN_POINT('',(-0.22443528696,-1.41284357888));
#2649 = CARTESIAN_POINT('',(-0.173408823798,-1.451907475847));
#2650 = CARTESIAN_POINT('',(-0.151535139598,-1.466299852604));
#2651 = CARTESIAN_POINT('',(-0.128450023057,-1.478991921216));
#2652 = CARTESIAN_POINT('',(-0.104213370901,-1.489667568844));
#2653 = CARTESIAN_POINT('',(-7.896367989422E-02,-1.49799647068));
#2654 = CARTESIAN_POINT('',(-5.293533438344E-02,-1.50368004058));
#2655 = CARTESIAN_POINT('',(-2.646683949589E-02,-1.50652173913));
#2656 = CARTESIAN_POINT('',(0.,-1.50652173913));
#2657 = ( GEOMETRIC_REPRESENTATION_CONTEXT(2) 
PARAMETRIC_REPRESENTATION_CONTEXT() REPRESENTATION_CONTEXT('2D SPACE',''
  ) );
#2658 = ADVANCED_FACE('',(#2659),#1531,.F.);
#2659 = FACE_BOUND('',#2660,.T.);
#2660 = EDGE_LOOP('',(#2661,#2685,#2706,#2707));
#2661 = ORIENTED_EDGE('',*,*,#2662,.F.);
#2662 = EDGE_CURVE('',#2663,#2663,#2665,.T.);
#2663 = VERTEX_POINT('',#2664);
#2664 = CARTESIAN_POINT('',(1.2,-22.2,14.1));
#2665 = SURFACE_CURVE('',#2666,(#2671,#2678),.PCURVE_S1.);
#2666 = CIRCLE('',#2667,1.2);
#2667 = AXIS2_PLACEMENT_3D('',#2668,#2669,#2670);
#2668 = CARTESIAN_POINT('',(0.,-22.2,14.1));
#2669 = DIRECTION('',(0.,0.,1.));
#2670 = DIRECTION('',(1.,0.,0.));
#2671 = PCURVE('',#1531,#2672);
#2672 = DEFINITIONAL_REPRESENTATION('',(#2673),#2677);
#2673 = LINE('',#2674,#2675);
#2674 = CARTESIAN_POINT('',(-0.,-14.1));
#2675 = VECTOR('',#2676,1.);
#2676 = DIRECTION('',(-1.,0.));
#2677 = ( GEOMETRIC_REPRESENTATION_CONTEXT(2) 
PARAMETRIC_REPRESENTATION_CONTEXT() REPRESENTATION_CONTEXT('2D SPACE',''
  ) );
#2678 = PCURVE('',#883,#2679);
#2679 = DEFINITIONAL_REPRESENTATION('',(#2680),#2684);
#2680 = LINE('',#2681,#2682);
#2681 = CARTESIAN_POINT('',(-0.,-2.2));
#2682 = VECTOR('',#2683,1.);
#2683 = DIRECTION('',(-1.,-0.));
#2684 = ( GEOMETRIC_REPRESENTATION_CONTEXT(2) 
PARAMETRIC_REPRESENTATION_CONTEXT() REPRESENTATION_CONTEXT('2D SPACE',''
  ) );
#2685 = ORIENTED_EDGE('',*,*,#2686,.T.);
#2686 = EDGE_CURVE('',#2663,#1511,#2687,.T.);
#2687 = SEAM_CURVE('',#2688,(#2692,#2699),.PCURVE_S1.);
#2688 = LINE('',#2689,#2690);
#2689 = CARTESIAN_POINT('',(1.2,-22.2,0.));
#2690 = VECTOR('',#2691,1.);
#2691 = DIRECTION('',(0.,0.,1.));
#2692 = PCURVE('',#1531,#2693);
#2693 = DEFINITIONAL_REPRESENTATION('',(#2694),#2698);
#2694 = LINE('',#2695,#2696);
#2695 = CARTESIAN_POINT('',(-6.28318530718,0.));
#2696 = VECTOR('',#2697,1.);
#2697 = DIRECTION('',(-0.,-1.));
#2698 = ( GEOMETRIC_REPRESENTATION_CONTEXT(2) 
PARAMETRIC_REPRESENTATION_CONTEXT() REPRESENTATION_CONTEXT('2D SPACE',''
  ) );
#2699 = PCURVE('',#1531,#2700);
#2700 = DEFINITIONAL_REPRESENTATION('',(#2701),#2705);
#2701 = LINE('',#2702,#2703);
#2702 = CARTESIAN_POINT('',(-0.,0.));
#2703 = VECTOR('',#2704,1.);
#2704 = DIRECTION('',(-0.,-1.));
#2705 = ( GEOMETRIC_REPRESENTATION_CONTEXT(2) 
PARAMETRIC_REPRESENTATION_CONTEXT() REPRESENTATION_CONTEXT('2D SPACE',''
  ) );
#2706 = ORIENTED_EDGE('',*,*,#1510,.F.);
#2707 = ORIENTED_EDGE('',*,*,#2686,.F.);
#2708 = ADVANCED_FACE('',(#2709),#883,.F.);
#2709 = FACE_BOUND('',#2710,.F.);
#2710 = EDGE_LOOP('',(#2711,#2753,#2801,#2802,#2803,#2804,#2805,#2806,
    #2846,#2847,#2865,#2866,#2867));
#2711 = ORIENTED_EDGE('',*,*,#2712,.F.);
#2712 = EDGE_CURVE('',#2713,#2341,#2715,.T.);
#2713 = VERTEX_POINT('',#2714);
#2714 = CARTESIAN_POINT('',(2.,-20.,12.403882500513));
#2715 = SURFACE_CURVE('',#2716,(#2721,#2737),.PCURVE_S1.);
#2716 = HYPERBOLA('',#2717,1.913043478261,2.);
#2717 = AXIS2_PLACEMENT_3D('',#2718,#2719,#2720);
#2718 = CARTESIAN_POINT('',(2.,-22.2,15.247826086957));
#2719 = DIRECTION('',(-1.,0.,0.));
#2720 = DIRECTION('',(-0.,0.,-1.));
#2721 = PCURVE('',#883,#2722);
#2722 = DEFINITIONAL_REPRESENTATION('',(#2723),#2736);
#2723 = B_SPLINE_CURVE_WITH_KNOTS('',6,(#2724,#2725,#2726,#2727,#2728,
    #2729,#2730,#2731,#2732,#2733,#2734,#2735),.UNSPECIFIED.,.F.,.F.,(7,
    5,7),(-1.121576124302,-0.560788062151,-0.),.UNSPECIFIED.);
#2724 = CARTESIAN_POINT('',(-0.940947303747,-9.999999999998E-02));
#2725 = CARTESIAN_POINT('',(-0.885894481939,-0.345309417248));
#2726 = CARTESIAN_POINT('',(-0.825851428519,-0.556572642015));
#2727 = CARTESIAN_POINT('',(-0.760556285384,-0.737646679624));
#2728 = CARTESIAN_POINT('',(-0.689874943597,-0.891497608168));
#2729 = CARTESIAN_POINT('',(-0.613989220376,-1.020397304754));
#2730 = CARTESIAN_POINT('',(-0.45303829357,-1.231614950377));
#2731 = CARTESIAN_POINT('',(-0.367972831113,-1.313932946376));
#2732 = CARTESIAN_POINT('',(-0.278926726899,-1.374620635336));
#2733 = CARTESIAN_POINT('',(-0.186928883202,-1.414728594387));
#2734 = CARTESIAN_POINT('',(-9.346467702514E-02,-1.434782608696));
#2735 = CARTESIAN_POINT('',(0.,-1.434782608696));
#2736 = ( GEOMETRIC_REPRESENTATION_CONTEXT(2) 
PARAMETRIC_REPRESENTATION_CONTEXT() REPRESENTATION_CONTEXT('2D SPACE',''
  ) );
#2737 = PCURVE('',#854,#2738);
#2738 = DEFINITIONAL_REPRESENTATION('',(#2739),#2752);
#2739 = B_SPLINE_CURVE_WITH_KNOTS('',6,(#2740,#2741,#2742,#2743,#2744,
    #2745,#2746,#2747,#2748,#2749,#2750,#2751),.UNSPECIFIED.,.F.,.F.,(7,
    5,7),(-0.950346929821,-0.560788062151,-0.273012603632),
  .UNSPECIFIED.);
#2740 = CARTESIAN_POINT('',(-8.591796667888,-0.503882498363));
#2741 = CARTESIAN_POINT('',(-8.635470914181,-0.640510389014));
#2742 = CARTESIAN_POINT('',(-8.681663038432,-0.762752090304));
#2743 = CARTESIAN_POINT('',(-8.730404629975,-0.871644314951));
#2744 = CARTESIAN_POINT('',(-8.781672318569,-0.968041812224));
#2745 = CARTESIAN_POINT('',(-8.835360855429,-1.052643557627));
#2746 = CARTESIAN_POINT('',(-8.932561201617,-1.18020062538));
#2747 = CARTESIAN_POINT('',(-8.975066910746,-1.228261813487));
#2748 = CARTESIAN_POINT('',(-9.018698986227,-1.27041408475));
#2749 = CARTESIAN_POINT('',(-9.063345989435,-1.306839535086));
#2750 = CARTESIAN_POINT('',(-9.108866073907,-1.337680993613));
#2751 = CARTESIAN_POINT('',(-9.155095037166,-1.363043478429));
#2752 = ( GEOMETRIC_REPRESENTATION_CONTEXT(2) 
PARAMETRIC_REPRESENTATION_CONTEXT() REPRESENTATION_CONTEXT('2D SPACE',''
  ) );
#2753 = ORIENTED_EDGE('',*,*,#2754,.T.);
#2754 = EDGE_CURVE('',#2713,#1007,#2755,.T.);
#2755 = SURFACE_CURVE('',#2756,(#2761,#2781),.PCURVE_S1.);
#2756 = HYPERBOLA('',#2757,2.104347826087,2.2);
#2757 = AXIS2_PLACEMENT_3D('',#2758,#2759,#2760);
#2758 = CARTESIAN_POINT('',(0.,-20.,15.247826086957));
#2759 = DIRECTION('',(0.,1.,0.));
#2760 = DIRECTION('',(-0.,0.,-1.));
#2761 = PCURVE('',#883,#2762);
#2762 = DEFINITIONAL_REPRESENTATION('',(#2763),#2780);
#2763 = B_SPLINE_CURVE_WITH_KNOTS('',8,(#2764,#2765,#2766,#2767,#2768,
    #2769,#2770,#2771,#2772,#2773,#2774,#2775,#2776,#2777,#2778,#2779),
  .UNSPECIFIED.,.F.,.F.,(9,7,9),(-1.00026186327,0.,1.00026186327),
  .UNSPECIFIED.);
#2764 = CARTESIAN_POINT('',(-0.704857158866,-9.999999999997E-02));
#2765 = CARTESIAN_POINT('',(-0.78586899652,-0.409316287195));
#2766 = CARTESIAN_POINT('',(-0.875697715063,-0.660605302796));
#2767 = CARTESIAN_POINT('',(-0.974659322446,-0.861235565819));
#2768 = CARTESIAN_POINT('',(-1.08258919148,-1.016640405523));
#2769 = CARTESIAN_POINT('',(-1.198672884655,-1.130686299295));
#2770 = CARTESIAN_POINT('',(-1.320731520588,-1.205880937002));
#2771 = CARTESIAN_POINT('',(-1.445763593886,-1.24347826087));
#2772 = CARTESIAN_POINT('',(-1.695829059704,-1.24347826087));
#2773 = CARTESIAN_POINT('',(-1.820861133003,-1.205880937001));
#2774 = CARTESIAN_POINT('',(-1.942919768931,-1.130686299297));
#2775 = CARTESIAN_POINT('',(-2.059003462105,-1.016640405526));
#2776 = CARTESIAN_POINT('',(-2.166933331141,-0.86123556582));
#2777 = CARTESIAN_POINT('',(-2.265894938526,-0.660605302795));
#2778 = CARTESIAN_POINT('',(-2.355723657069,-0.409316287195));
#2779 = CARTESIAN_POINT('',(-2.436735494724,-9.999999999997E-02));
#2780 = ( GEOMETRIC_REPRESENTATION_CONTEXT(2) 
PARAMETRIC_REPRESENTATION_CONTEXT() REPRESENTATION_CONTEXT('2D SPACE',''
  ) );
#2781 = PCURVE('',#796,#2782);
#2782 = DEFINITIONAL_REPRESENTATION('',(#2783),#2800);
#2783 = B_SPLINE_CURVE_WITH_KNOTS('',8,(#2784,#2785,#2786,#2787,#2788,
    #2789,#2790,#2791,#2792,#2793,#2794,#2795,#2796,#2797,#2798,#2799),
  .UNSPECIFIED.,.F.,.F.,(9,7,9),(-1.00026186327,0.,1.00026186327),
  .UNSPECIFIED.);
#2784 = CARTESIAN_POINT('',(-5.578328148314,-9.999999999997E-02));
#2785 = CARTESIAN_POINT('',(-5.497316310659,-0.409316287195));
#2786 = CARTESIAN_POINT('',(-5.407487592116,-0.660605302796));
#2787 = CARTESIAN_POINT('',(-5.308525984719,-0.861235565817));
#2788 = CARTESIAN_POINT('',(-5.200596115694,-1.016640405525));
#2789 = CARTESIAN_POINT('',(-5.084512422505,-1.130686299295));
#2790 = CARTESIAN_POINT('',(-4.962453786594,-1.205880937002));
#2791 = CARTESIAN_POINT('',(-4.837421713293,-1.24347826087));
#2792 = CARTESIAN_POINT('',(-4.587356247476,-1.24347826087));
#2793 = CARTESIAN_POINT('',(-4.462324174175,-1.205880937001));
#2794 = CARTESIAN_POINT('',(-4.340265538236,-1.130686299298));
#2795 = CARTESIAN_POINT('',(-4.224181845071,-1.016640405525));
#2796 = CARTESIAN_POINT('',(-4.116251976029,-0.861235565821));
#2797 = CARTESIAN_POINT('',(-4.017290368651,-0.660605302794));
#2798 = CARTESIAN_POINT('',(-3.92746165011,-0.409316287195));
#2799 = CARTESIAN_POINT('',(-3.846449812456,-9.999999999997E-02));
#2800 = ( GEOMETRIC_REPRESENTATION_CONTEXT(2) 
PARAMETRIC_REPRESENTATION_CONTEXT() REPRESENTATION_CONTEXT('2D SPACE',''
  ) );
#2801 = ORIENTED_EDGE('',*,*,#1006,.T.);
#2802 = ORIENTED_EDGE('',*,*,#1171,.F.);
#2803 = ORIENTED_EDGE('',*,*,#1351,.F.);
#2804 = ORIENTED_EDGE('',*,*,#1099,.T.);
#2805 = ORIENTED_EDGE('',*,*,#866,.T.);
#2806 = ORIENTED_EDGE('',*,*,#2807,.F.);
#2807 = EDGE_CURVE('',#2389,#838,#2808,.T.);
#2808 = SURFACE_CURVE('',#2809,(#2814,#2830),.PCURVE_S1.);
#2809 = HYPERBOLA('',#2810,1.913043478261,2.);
#2810 = AXIS2_PLACEMENT_3D('',#2811,#2812,#2813);
#2811 = CARTESIAN_POINT('',(2.,-22.2,15.247826086957));
#2812 = DIRECTION('',(-1.,0.,0.));
#2813 = DIRECTION('',(-0.,0.,-1.));
#2814 = PCURVE('',#883,#2815);
#2815 = DEFINITIONAL_REPRESENTATION('',(#2816),#2829);
#2816 = B_SPLINE_CURVE_WITH_KNOTS('',6,(#2817,#2818,#2819,#2820,#2821,
    #2822,#2823,#2824,#2825,#2826,#2827,#2828),.UNSPECIFIED.,.F.,.F.,(7,
    5,7),(-0.,0.560788062151,1.121576124302),.UNSPECIFIED.);
#2817 = CARTESIAN_POINT('',(-6.28318530718,-1.434782608696));
#2818 = CARTESIAN_POINT('',(-6.189720630154,-1.434782608696));
#2819 = CARTESIAN_POINT('',(-6.096256423978,-1.414728594387));
#2820 = CARTESIAN_POINT('',(-6.004258580281,-1.374620635336));
#2821 = CARTESIAN_POINT('',(-5.915212476066,-1.313932946375));
#2822 = CARTESIAN_POINT('',(-5.83014701361,-1.231614950377));
#2823 = CARTESIAN_POINT('',(-5.669196086803,-1.020397304754));
#2824 = CARTESIAN_POINT('',(-5.593310363583,-0.891497608168));
#2825 = CARTESIAN_POINT('',(-5.522629021795,-0.737646679624));
#2826 = CARTESIAN_POINT('',(-5.457333878661,-0.556572642015));
#2827 = CARTESIAN_POINT('',(-5.397290825241,-0.345309417248));
#2828 = CARTESIAN_POINT('',(-5.342238003432,-9.999999999998E-02));
#2829 = ( GEOMETRIC_REPRESENTATION_CONTEXT(2) 
PARAMETRIC_REPRESENTATION_CONTEXT() REPRESENTATION_CONTEXT('2D SPACE',''
  ) );
#2830 = PCURVE('',#854,#2831);
#2831 = DEFINITIONAL_REPRESENTATION('',(#2832),#2845);
#2832 = B_SPLINE_CURVE_WITH_KNOTS('',6,(#2833,#2834,#2835,#2836,#2837,
    #2838,#2839,#2840,#2841,#2842,#2843,#2844),.UNSPECIFIED.,.F.,.F.,(7,
    5,7),(0.273012603632,0.560788062151,1.121576124302),.UNSPECIFIED.);
#2833 = CARTESIAN_POINT('',(-3.411275577193,-1.363043478429));
#2834 = CARTESIAN_POINT('',(-3.457504540452,-1.337680993613));
#2835 = CARTESIAN_POINT('',(-3.503024624924,-1.306839535086));
#2836 = CARTESIAN_POINT('',(-3.547671628132,-1.27041408475));
#2837 = CARTESIAN_POINT('',(-3.591303703614,-1.228261813487));
#2838 = CARTESIAN_POINT('',(-3.633809412742,-1.18020062538));
#2839 = CARTESIAN_POINT('',(-3.755581873966,-1.020397304754));
#2840 = CARTESIAN_POINT('',(-3.831467597187,-0.891497608168));
#2841 = CARTESIAN_POINT('',(-3.902148938974,-0.737646679624));
#2842 = CARTESIAN_POINT('',(-3.967444082109,-0.556572642015));
#2843 = CARTESIAN_POINT('',(-4.027487135529,-0.345309417248));
#2844 = CARTESIAN_POINT('',(-4.082539957337,-9.999999999998E-02));
#2845 = ( GEOMETRIC_REPRESENTATION_CONTEXT(2) 
PARAMETRIC_REPRESENTATION_CONTEXT() REPRESENTATION_CONTEXT('2D SPACE',''
  ) );
#2846 = ORIENTED_EDGE('',*,*,#2411,.F.);
#2847 = ORIENTED_EDGE('',*,*,#2848,.T.);
#2848 = EDGE_CURVE('',#2412,#2663,#2849,.T.);
#2849 = SEAM_CURVE('',#2850,(#2853,#2859),.PCURVE_S1.);
#2850 = B_SPLINE_CURVE_WITH_KNOTS('',1,(#2851,#2852),.UNSPECIFIED.,.F.,
  .F.,(2,2),(0.,1.),.PIECEWISE_BEZIER_KNOTS.);
#2851 = CARTESIAN_POINT('',(3.5,-22.2,11.9));
#2852 = CARTESIAN_POINT('',(1.2,-22.2,14.1));
#2853 = PCURVE('',#883,#2854);
#2854 = DEFINITIONAL_REPRESENTATION('',(#2855),#2858);
#2855 = B_SPLINE_CURVE_WITH_KNOTS('',1,(#2856,#2857),.UNSPECIFIED.,.F.,
  .F.,(2,2),(0.,1.),.PIECEWISE_BEZIER_KNOTS.);
#2856 = CARTESIAN_POINT('',(0.,0.));
#2857 = CARTESIAN_POINT('',(0.,-2.2));
#2858 = ( GEOMETRIC_REPRESENTATION_CONTEXT(2) 
PARAMETRIC_REPRESENTATION_CONTEXT() REPRESENTATION_CONTEXT('2D SPACE',''
  ) );
#2859 = PCURVE('',#883,#2860);
#2860 = DEFINITIONAL_REPRESENTATION('',(#2861),#2864);
#2861 = B_SPLINE_CURVE_WITH_KNOTS('',1,(#2862,#2863),.UNSPECIFIED.,.F.,
  .F.,(2,2),(0.,1.),.PIECEWISE_BEZIER_KNOTS.);
#2862 = CARTESIAN_POINT('',(-6.28318530718,0.));
#2863 = CARTESIAN_POINT('',(-6.28318530718,-2.2));
#2864 = ( GEOMETRIC_REPRESENTATION_CONTEXT(2) 
PARAMETRIC_REPRESENTATION_CONTEXT() REPRESENTATION_CONTEXT('2D SPACE',''
  ) );
#2865 = ORIENTED_EDGE('',*,*,#2662,.F.);
#2866 = ORIENTED_EDGE('',*,*,#2848,.F.);
#2867 = ORIENTED_EDGE('',*,*,#2557,.F.);
#2868 = ADVANCED_FACE('',(#2869),#854,.F.);
#2869 = FACE_BOUND('',#2870,.F.);
#2870 = EDGE_LOOP('',(#2871,#2872,#2873,#2874,#2875,#2923));
#2871 = ORIENTED_EDGE('',*,*,#2340,.T.);
#2872 = ORIENTED_EDGE('',*,*,#2388,.T.);
#2873 = ORIENTED_EDGE('',*,*,#2807,.T.);
#2874 = ORIENTED_EDGE('',*,*,#837,.T.);
#2875 = ORIENTED_EDGE('',*,*,#2876,.T.);
#2876 = EDGE_CURVE('',#809,#2713,#2877,.T.);
#2877 = SURFACE_CURVE('',#2878,(#2883,#2903),.PCURVE_S1.);
#2878 = HYPERBOLA('',#2879,2.104347826087,2.2);
#2879 = AXIS2_PLACEMENT_3D('',#2880,#2881,#2882);
#2880 = CARTESIAN_POINT('',(4.,-20.,15.247826086957));
#2881 = DIRECTION('',(0.,1.,0.));
#2882 = DIRECTION('',(-0.,0.,-1.));
#2883 = PCURVE('',#854,#2884);
#2884 = DEFINITIONAL_REPRESENTATION('',(#2885),#2902);
#2885 = B_SPLINE_CURVE_WITH_KNOTS('',8,(#2886,#2887,#2888,#2889,#2890,
    #2891,#2892,#2893,#2894,#2895,#2896,#2897,#2898,#2899,#2900,#2901),
  .UNSPECIFIED.,.F.,.F.,(9,7,9),(-1.00026186327,2.22044604925E-16,
    0.81560890044),.UNSPECIFIED.);
#2886 = CARTESIAN_POINT('',(-6.988042466046,-9.999999999994E-02));
#2887 = CARTESIAN_POINT('',(-7.0690543037,-0.409316287195));
#2888 = CARTESIAN_POINT('',(-7.158883022242,-0.660605302794));
#2889 = CARTESIAN_POINT('',(-7.25784462963,-0.861235565824));
#2890 = CARTESIAN_POINT('',(-7.365774498651,-1.016640405515));
#2891 = CARTESIAN_POINT('',(-7.481858191838,-1.130686299301));
#2892 = CARTESIAN_POINT('',(-7.603916827764,-1.205880937));
#2893 = CARTESIAN_POINT('',(-7.728948901066,-1.24347826087));
#2894 = CARTESIAN_POINT('',(-7.95593274653,-1.24347826087));
#2895 = CARTESIAN_POINT('',(-8.057883420532,-1.218480942323));
#2896 = CARTESIAN_POINT('',(-8.158222019154,-1.168486310669));
#2897 = CARTESIAN_POINT('',(-8.255324206511,-1.092940059718));
#2898 = CARTESIAN_POINT('',(-8.347859814582,-0.990733645425));
#2899 = CARTESIAN_POINT('',(-8.43500873685,-0.860173427561));
#2900 = CARTESIAN_POINT('',(-8.516358918427,-0.698919411384));
#2901 = CARTESIAN_POINT('',(-8.59179666146,-0.503882500455));
#2902 = ( GEOMETRIC_REPRESENTATION_CONTEXT(2) 
PARAMETRIC_REPRESENTATION_CONTEXT() REPRESENTATION_CONTEXT('2D SPACE',''
  ) );
#2903 = PCURVE('',#825,#2904);
#2904 = DEFINITIONAL_REPRESENTATION('',(#2905),#2922);
#2905 = B_SPLINE_CURVE_WITH_KNOTS('',8,(#2906,#2907,#2908,#2909,#2910,
    #2911,#2912,#2913,#2914,#2915,#2916,#2917,#2918,#2919,#2920,#2921),
  .UNSPECIFIED.,.F.,.F.,(9,7,9),(-1.00026186327,2.22044604925E-16,
    0.81560890044),.UNSPECIFIED.);
#2906 = CARTESIAN_POINT('',(-5.578328148314,-9.999999999994E-02));
#2907 = CARTESIAN_POINT('',(-5.497316310659,-0.409316287195));
#2908 = CARTESIAN_POINT('',(-5.407487592118,-0.660605302794));
#2909 = CARTESIAN_POINT('',(-5.308525984716,-0.861235565824));
#2910 = CARTESIAN_POINT('',(-5.200596115712,-1.016640405515));
#2911 = CARTESIAN_POINT('',(-5.084512422494,-1.130686299301));
#2912 = CARTESIAN_POINT('',(-4.962453786598,-1.205880937));
#2913 = CARTESIAN_POINT('',(-4.837421713293,-1.24347826087));
#2914 = CARTESIAN_POINT('',(-4.61043786783,-1.24347826087));
#2915 = CARTESIAN_POINT('',(-4.50848719383,-1.218480942323));
#2916 = CARTESIAN_POINT('',(-4.408148595187,-1.168486310669));
#2917 = CARTESIAN_POINT('',(-4.311046407848,-1.092940059718));
#2918 = CARTESIAN_POINT('',(-4.218510799771,-0.990733645425));
#2919 = CARTESIAN_POINT('',(-4.131361877502,-0.860173427561));
#2920 = CARTESIAN_POINT('',(-4.050011695928,-0.698919411384));
#2921 = CARTESIAN_POINT('',(-3.974573952897,-0.503882500455));
#2922 = ( GEOMETRIC_REPRESENTATION_CONTEXT(2) 
PARAMETRIC_REPRESENTATION_CONTEXT() REPRESENTATION_CONTEXT('2D SPACE',''
  ) );
#2923 = ORIENTED_EDGE('',*,*,#2712,.T.);
#2924 = ADVANCED_FACE('',(#2925),#825,.F.);
#2925 = FACE_BOUND('',#2926,.F.);
#2926 = EDGE_LOOP('',(#2927,#2928,#2968,#2969,#2970,#3010));
#2927 = ORIENTED_EDGE('',*,*,#1734,.T.);
#2928 = ORIENTED_EDGE('',*,*,#2929,.T.);
#2929 = EDGE_CURVE('',#1735,#2713,#2930,.T.);
#2930 = SURFACE_CURVE('',#2931,(#2936,#2952),.PCURVE_S1.);
#2931 = HYPERBOLA('',#2932,1.913043478261,2.);
#2932 = AXIS2_PLACEMENT_3D('',#2933,#2934,#2935);
#2933 = CARTESIAN_POINT('',(2.,-17.8,15.247826086957));
#2934 = DIRECTION('',(-1.,0.,0.));
#2935 = DIRECTION('',(-0.,0.,-1.));
#2936 = PCURVE('',#825,#2937);
#2937 = DEFINITIONAL_REPRESENTATION('',(#2938),#2951);
#2938 = B_SPLINE_CURVE_WITH_KNOTS('',6,(#2939,#2940,#2941,#2942,#2943,
    #2944,#2945,#2946,#2947,#2948,#2949,#2950),.UNSPECIFIED.,.F.,.F.,(7,
    5,7),(0.273012603632,0.560788062151,0.950346929821),.UNSPECIFIED.);
#2939 = CARTESIAN_POINT('',(-3.411275577193,-1.363043478429));
#2940 = CARTESIAN_POINT('',(-3.457504540452,-1.337680993613));
#2941 = CARTESIAN_POINT('',(-3.503024624924,-1.306839535086));
#2942 = CARTESIAN_POINT('',(-3.547671628132,-1.27041408475));
#2943 = CARTESIAN_POINT('',(-3.591303703614,-1.228261813487));
#2944 = CARTESIAN_POINT('',(-3.633809412742,-1.18020062538));
#2945 = CARTESIAN_POINT('',(-3.73100975893,-1.052643557627));
#2946 = CARTESIAN_POINT('',(-3.78469829579,-0.968041812224));
#2947 = CARTESIAN_POINT('',(-3.835965984385,-0.871644314951));
#2948 = CARTESIAN_POINT('',(-3.884707575927,-0.762752090304));
#2949 = CARTESIAN_POINT('',(-3.930899700178,-0.640510389014));
#2950 = CARTESIAN_POINT('',(-3.974573946471,-0.503882498363));
#2951 = ( GEOMETRIC_REPRESENTATION_CONTEXT(2) 
PARAMETRIC_REPRESENTATION_CONTEXT() REPRESENTATION_CONTEXT('2D SPACE',''
  ) );
#2952 = PCURVE('',#796,#2953);
#2953 = DEFINITIONAL_REPRESENTATION('',(#2954),#2967);
#2954 = B_SPLINE_CURVE_WITH_KNOTS('',6,(#2955,#2956,#2957,#2958,#2959,
    #2960,#2961,#2962,#2963,#2964,#2965,#2966),.UNSPECIFIED.,.F.,.F.,(7,
    5,7),(-0.,0.560788062151,1.121576124302),.UNSPECIFIED.);
#2955 = CARTESIAN_POINT('',(-6.28318530718,-1.434782608696));
#2956 = CARTESIAN_POINT('',(-6.189720630154,-1.434782608696));
#2957 = CARTESIAN_POINT('',(-6.096256423978,-1.414728594387));
#2958 = CARTESIAN_POINT('',(-6.004258580281,-1.374620635336));
#2959 = CARTESIAN_POINT('',(-5.915212476066,-1.313932946375));
#2960 = CARTESIAN_POINT('',(-5.83014701361,-1.231614950377));
#2961 = CARTESIAN_POINT('',(-5.669196086803,-1.020397304754));
#2962 = CARTESIAN_POINT('',(-5.593310363583,-0.891497608168));
#2963 = CARTESIAN_POINT('',(-5.522629021795,-0.737646679624));
#2964 = CARTESIAN_POINT('',(-5.457333878661,-0.556572642015));
#2965 = CARTESIAN_POINT('',(-5.397290825241,-0.345309417247));
#2966 = CARTESIAN_POINT('',(-5.342238003432,-9.999999999995E-02));
#2967 = ( GEOMETRIC_REPRESENTATION_CONTEXT(2) 
PARAMETRIC_REPRESENTATION_CONTEXT() REPRESENTATION_CONTEXT('2D SPACE',''
  ) );
#2968 = ORIENTED_EDGE('',*,*,#2876,.F.);
#2969 = ORIENTED_EDGE('',*,*,#808,.T.);
#2970 = ORIENTED_EDGE('',*,*,#2971,.T.);
#2971 = EDGE_CURVE('',#780,#1687,#2972,.T.);
#2972 = SURFACE_CURVE('',#2973,(#2978,#2994),.PCURVE_S1.);
#2973 = HYPERBOLA('',#2974,1.913043478261,2.);
#2974 = AXIS2_PLACEMENT_3D('',#2975,#2976,#2977);
#2975 = CARTESIAN_POINT('',(2.,-17.8,15.247826086957));
#2976 = DIRECTION('',(-1.,0.,0.));
#2977 = DIRECTION('',(-0.,0.,-1.));
#2978 = PCURVE('',#825,#2979);
#2979 = DEFINITIONAL_REPRESENTATION('',(#2980),#2993);
#2980 = B_SPLINE_CURVE_WITH_KNOTS('',6,(#2981,#2982,#2983,#2984,#2985,
    #2986,#2987,#2988,#2989,#2990,#2991,#2992),.UNSPECIFIED.,.F.,.F.,(7,
    5,7),(-1.121576124302,-0.560788062151,-0.273012603632),
  .UNSPECIFIED.);
#2981 = CARTESIAN_POINT('',(-8.483830657022,-9.999999999995E-02));
#2982 = CARTESIAN_POINT('',(-8.538883478831,-0.345309417247));
#2983 = CARTESIAN_POINT('',(-8.59892653225,-0.556572642015));
#2984 = CARTESIAN_POINT('',(-8.664221675385,-0.737646679624));
#2985 = CARTESIAN_POINT('',(-8.734903017173,-0.891497608168));
#2986 = CARTESIAN_POINT('',(-8.810788740393,-1.020397304754));
#2987 = CARTESIAN_POINT('',(-8.932561201617,-1.18020062538));
#2988 = CARTESIAN_POINT('',(-8.975066910746,-1.228261813487));
#2989 = CARTESIAN_POINT('',(-9.018698986227,-1.27041408475));
#2990 = CARTESIAN_POINT('',(-9.063345989435,-1.306839535086));
#2991 = CARTESIAN_POINT('',(-9.108866073907,-1.337680993613));
#2992 = CARTESIAN_POINT('',(-9.155095037166,-1.363043478429));
#2993 = ( GEOMETRIC_REPRESENTATION_CONTEXT(2) 
PARAMETRIC_REPRESENTATION_CONTEXT() REPRESENTATION_CONTEXT('2D SPACE',''
  ) );
#2994 = PCURVE('',#796,#2995);
#2995 = DEFINITIONAL_REPRESENTATION('',(#2996),#3009);
#2996 = B_SPLINE_CURVE_WITH_KNOTS('',6,(#2997,#2998,#2999,#3000,#3001,
    #3002,#3003,#3004,#3005,#3006,#3007,#3008),.UNSPECIFIED.,.F.,.F.,(7,
    5,7),(-1.121576124302,-0.560788062151,-0.),.UNSPECIFIED.);
#2997 = CARTESIAN_POINT('',(-0.940947303747,-9.999999999995E-02));
#2998 = CARTESIAN_POINT('',(-0.885894481939,-0.345309417247));
#2999 = CARTESIAN_POINT('',(-0.825851428519,-0.556572642015));
#3000 = CARTESIAN_POINT('',(-0.760556285384,-0.737646679624));
#3001 = CARTESIAN_POINT('',(-0.689874943597,-0.891497608168));
#3002 = CARTESIAN_POINT('',(-0.613989220376,-1.020397304754));
#3003 = CARTESIAN_POINT('',(-0.45303829357,-1.231614950377));
#3004 = CARTESIAN_POINT('',(-0.367972831113,-1.313932946376));
#3005 = CARTESIAN_POINT('',(-0.278926726899,-1.374620635336));
#3006 = CARTESIAN_POINT('',(-0.186928883202,-1.414728594387));
#3007 = CARTESIAN_POINT('',(-9.346467702515E-02,-1.434782608696));
#3008 = CARTESIAN_POINT('',(0.,-1.434782608696));
#3009 = ( GEOMETRIC_REPRESENTATION_CONTEXT(2) 
PARAMETRIC_REPRESENTATION_CONTEXT() REPRESENTATION_CONTEXT('2D SPACE',''
  ) );
#3010 = ORIENTED_EDGE('',*,*,#1686,.T.);
#3011 = ADVANCED_FACE('',(#3012),#796,.F.);
#3012 = FACE_BOUND('',#3013,.F.);
#3013 = EDGE_LOOP('',(#3014,#3015,#3016,#3056,#3057,#3058,#3098,#3099,
    #3100,#3101,#3119,#3120,#3121));
#3014 = ORIENTED_EDGE('',*,*,#2971,.F.);
#3015 = ORIENTED_EDGE('',*,*,#779,.T.);
#3016 = ORIENTED_EDGE('',*,*,#3017,.T.);
#3017 = EDGE_CURVE('',#749,#2040,#3018,.T.);
#3018 = SURFACE_CURVE('',#3019,(#3024,#3040),.PCURVE_S1.);
#3019 = HYPERBOLA('',#3020,1.913043478261,2.);
#3020 = AXIS2_PLACEMENT_3D('',#3021,#3022,#3023);
#3021 = CARTESIAN_POINT('',(-2.,-17.8,15.247826086957));
#3022 = DIRECTION('',(-1.,0.,0.));
#3023 = DIRECTION('',(-0.,0.,-1.));
#3024 = PCURVE('',#796,#3025);
#3025 = DEFINITIONAL_REPRESENTATION('',(#3026),#3039);
#3026 = B_SPLINE_CURVE_WITH_KNOTS('',6,(#3027,#3028,#3029,#3030,#3031,
    #3032,#3033,#3034,#3035,#3036,#3037,#3038),.UNSPECIFIED.,.F.,.F.,(7,
    5,7),(-1.121576124302,-0.560788062151,-0.),.UNSPECIFIED.);
#3027 = CARTESIAN_POINT('',(-2.200645349842,-9.999999999998E-02));
#3028 = CARTESIAN_POINT('',(-2.255698171651,-0.345309417248));
#3029 = CARTESIAN_POINT('',(-2.315741225071,-0.556572642015));
#3030 = CARTESIAN_POINT('',(-2.381036368205,-0.737646679624));
#3031 = CARTESIAN_POINT('',(-2.451717709993,-0.891497608168));
#3032 = CARTESIAN_POINT('',(-2.527603433213,-1.020397304754));
#3033 = CARTESIAN_POINT('',(-2.68855436002,-1.231614950377));
#3034 = CARTESIAN_POINT('',(-2.773619822476,-1.313932946376));
#3035 = CARTESIAN_POINT('',(-2.862665926691,-1.374620635335));
#3036 = CARTESIAN_POINT('',(-2.954663770388,-1.414728594387));
#3037 = CARTESIAN_POINT('',(-3.048127976565,-1.434782608696));
#3038 = CARTESIAN_POINT('',(-3.14159265359,-1.434782608696));
#3039 = ( GEOMETRIC_REPRESENTATION_CONTEXT(2) 
PARAMETRIC_REPRESENTATION_CONTEXT() REPRESENTATION_CONTEXT('2D SPACE',''
  ) );
#3040 = PCURVE('',#767,#3041);
#3041 = DEFINITIONAL_REPRESENTATION('',(#3042),#3055);
#3042 = B_SPLINE_CURVE_WITH_KNOTS('',6,(#3043,#3044,#3045,#3046,#3047,
    #3048,#3049,#3050,#3051,#3052,#3053,#3054),.UNSPECIFIED.,.F.,.F.,(7,
    5,7),(-1.121576124302,-0.560788062151,-0.),.UNSPECIFIED.);
#3043 = CARTESIAN_POINT('',(-0.940947303747,-9.999999999998E-02));
#3044 = CARTESIAN_POINT('',(-0.885894481939,-0.345309417248));
#3045 = CARTESIAN_POINT('',(-0.825851428519,-0.556572642015));
#3046 = CARTESIAN_POINT('',(-0.760556285384,-0.737646679624));
#3047 = CARTESIAN_POINT('',(-0.689874943597,-0.891497608168));
#3048 = CARTESIAN_POINT('',(-0.613989220376,-1.020397304754));
#3049 = CARTESIAN_POINT('',(-0.45303829357,-1.231614950377));
#3050 = CARTESIAN_POINT('',(-0.367972831113,-1.313932946376));
#3051 = CARTESIAN_POINT('',(-0.278926726899,-1.374620635336));
#3052 = CARTESIAN_POINT('',(-0.186928883202,-1.414728594387));
#3053 = CARTESIAN_POINT('',(-9.346467702514E-02,-1.434782608696));
#3054 = CARTESIAN_POINT('',(0.,-1.434782608696));
#3055 = ( GEOMETRIC_REPRESENTATION_CONTEXT(2) 
PARAMETRIC_REPRESENTATION_CONTEXT() REPRESENTATION_CONTEXT('2D SPACE',''
  ) );
#3056 = ORIENTED_EDGE('',*,*,#2037,.F.);
#3057 = ORIENTED_EDGE('',*,*,#2187,.F.);
#3058 = ORIENTED_EDGE('',*,*,#3059,.T.);
#3059 = EDGE_CURVE('',#2188,#1007,#3060,.T.);
#3060 = SURFACE_CURVE('',#3061,(#3066,#3082),.PCURVE_S1.);
#3061 = HYPERBOLA('',#3062,1.913043478261,2.);
#3062 = AXIS2_PLACEMENT_3D('',#3063,#3064,#3065);
#3063 = CARTESIAN_POINT('',(-2.,-17.8,15.247826086957));
#3064 = DIRECTION('',(-1.,0.,0.));
#3065 = DIRECTION('',(-0.,0.,-1.));
#3066 = PCURVE('',#796,#3067);
#3067 = DEFINITIONAL_REPRESENTATION('',(#3068),#3081);
#3068 = B_SPLINE_CURVE_WITH_KNOTS('',6,(#3069,#3070,#3071,#3072,#3073,
    #3074,#3075,#3076,#3077,#3078,#3079,#3080),.UNSPECIFIED.,.F.,.F.,(7,
    5,7),(-0.,0.560788062151,1.121576124302),.UNSPECIFIED.);
#3069 = CARTESIAN_POINT('',(-3.14159265359,-1.434782608696));
#3070 = CARTESIAN_POINT('',(-3.235057330615,-1.434782608696));
#3071 = CARTESIAN_POINT('',(-3.328521536792,-1.414728594387));
#3072 = CARTESIAN_POINT('',(-3.420519380489,-1.374620635336));
#3073 = CARTESIAN_POINT('',(-3.509565484703,-1.313932946376));
#3074 = CARTESIAN_POINT('',(-3.594630947159,-1.231614950377));
#3075 = CARTESIAN_POINT('',(-3.755581873966,-1.020397304754));
#3076 = CARTESIAN_POINT('',(-3.831467597187,-0.891497608168));
#3077 = CARTESIAN_POINT('',(-3.902148938974,-0.737646679624));
#3078 = CARTESIAN_POINT('',(-3.967444082109,-0.556572642015));
#3079 = CARTESIAN_POINT('',(-4.027487135529,-0.345309417248));
#3080 = CARTESIAN_POINT('',(-4.082539957337,-9.999999999998E-02));
#3081 = ( GEOMETRIC_REPRESENTATION_CONTEXT(2) 
PARAMETRIC_REPRESENTATION_CONTEXT() REPRESENTATION_CONTEXT('2D SPACE',''
  ) );
#3082 = PCURVE('',#767,#3083);
#3083 = DEFINITIONAL_REPRESENTATION('',(#3084),#3097);
#3084 = B_SPLINE_CURVE_WITH_KNOTS('',6,(#3085,#3086,#3087,#3088,#3089,
    #3090,#3091,#3092,#3093,#3094,#3095,#3096),.UNSPECIFIED.,.F.,.F.,(7,
    5,7),(-0.,0.560788062151,1.121576124302),.UNSPECIFIED.);
#3085 = CARTESIAN_POINT('',(-6.28318530718,-1.434782608696));
#3086 = CARTESIAN_POINT('',(-6.189720630154,-1.434782608696));
#3087 = CARTESIAN_POINT('',(-6.096256423978,-1.414728594387));
#3088 = CARTESIAN_POINT('',(-6.00425858028,-1.374620635336));
#3089 = CARTESIAN_POINT('',(-5.915212476066,-1.313932946376));
#3090 = CARTESIAN_POINT('',(-5.83014701361,-1.231614950377));
#3091 = CARTESIAN_POINT('',(-5.669196086803,-1.020397304754));
#3092 = CARTESIAN_POINT('',(-5.593310363583,-0.891497608168));
#3093 = CARTESIAN_POINT('',(-5.522629021795,-0.737646679624));
#3094 = CARTESIAN_POINT('',(-5.457333878661,-0.556572642015));
#3095 = CARTESIAN_POINT('',(-5.397290825241,-0.345309417248));
#3096 = CARTESIAN_POINT('',(-5.342238003432,-9.999999999998E-02));
#3097 = ( GEOMETRIC_REPRESENTATION_CONTEXT(2) 
PARAMETRIC_REPRESENTATION_CONTEXT() REPRESENTATION_CONTEXT('2D SPACE',''
  ) );
#3098 = ORIENTED_EDGE('',*,*,#2754,.F.);
#3099 = ORIENTED_EDGE('',*,*,#2929,.F.);
#3100 = ORIENTED_EDGE('',*,*,#1757,.F.);
#3101 = ORIENTED_EDGE('',*,*,#3102,.T.);
#3102 = EDGE_CURVE('',#1758,#1988,#3103,.T.);
#3103 = SEAM_CURVE('',#3104,(#3107,#3113),.PCURVE_S1.);
#3104 = B_SPLINE_CURVE_WITH_KNOTS('',1,(#3105,#3106),.UNSPECIFIED.,.F.,
  .F.,(2,2),(0.,1.),.PIECEWISE_BEZIER_KNOTS.);
#3105 = CARTESIAN_POINT('',(3.5,-17.8,11.9));
#3106 = CARTESIAN_POINT('',(1.2,-17.8,14.1));
#3107 = PCURVE('',#796,#3108);
#3108 = DEFINITIONAL_REPRESENTATION('',(#3109),#3112);
#3109 = B_SPLINE_CURVE_WITH_KNOTS('',1,(#3110,#3111),.UNSPECIFIED.,.F.,
  .F.,(2,2),(0.,1.),.PIECEWISE_BEZIER_KNOTS.);
#3110 = CARTESIAN_POINT('',(0.,0.));
#3111 = CARTESIAN_POINT('',(0.,-2.2));
#3112 = ( GEOMETRIC_REPRESENTATION_CONTEXT(2) 
PARAMETRIC_REPRESENTATION_CONTEXT() REPRESENTATION_CONTEXT('2D SPACE',''
  ) );
#3113 = PCURVE('',#796,#3114);
#3114 = DEFINITIONAL_REPRESENTATION('',(#3115),#3118);
#3115 = B_SPLINE_CURVE_WITH_KNOTS('',1,(#3116,#3117),.UNSPECIFIED.,.F.,
  .F.,(2,2),(0.,1.),.PIECEWISE_BEZIER_KNOTS.);
#3116 = CARTESIAN_POINT('',(-6.28318530718,0.));
#3117 = CARTESIAN_POINT('',(-6.28318530718,-2.2));
#3118 = ( GEOMETRIC_REPRESENTATION_CONTEXT(2) 
PARAMETRIC_REPRESENTATION_CONTEXT() REPRESENTATION_CONTEXT('2D SPACE',''
  ) );
#3119 = ORIENTED_EDGE('',*,*,#1987,.F.);
#3120 = ORIENTED_EDGE('',*,*,#3102,.F.);
#3121 = ORIENTED_EDGE('',*,*,#1882,.F.);
#3122 = ADVANCED_FACE('',(#3123),#767,.F.);
#3123 = FACE_BOUND('',#3124,.F.);
#3124 = EDGE_LOOP('',(#3125,#3126,#3127,#3128,#3129));
#3125 = ORIENTED_EDGE('',*,*,#1050,.F.);
#3126 = ORIENTED_EDGE('',*,*,#3059,.F.);
#3127 = ORIENTED_EDGE('',*,*,#2315,.T.);
#3128 = ORIENTED_EDGE('',*,*,#3017,.F.);
#3129 = ORIENTED_EDGE('',*,*,#748,.T.);
#3130 = ADVANCED_FACE('',(#3131),#734,.F.);
#3131 = FACE_BOUND('',#3132,.T.);
#3132 = EDGE_LOOP('',(#3133,#3161,#3182,#3183));
#3133 = ORIENTED_EDGE('',*,*,#3134,.T.);
#3134 = EDGE_CURVE('',#3135,#3135,#3137,.T.);
#3135 = VERTEX_POINT('',#3136);
#3136 = CARTESIAN_POINT('',(30.45,0.,0.));
#3137 = SURFACE_CURVE('',#3138,(#3143,#3150),.PCURVE_S1.);
#3138 = CIRCLE('',#3139,30.45);
#3139 = AXIS2_PLACEMENT_3D('',#3140,#3141,#3142);
#3140 = CARTESIAN_POINT('',(0.,0.,0.));
#3141 = DIRECTION('',(0.,0.,-1.));
#3142 = DIRECTION('',(1.,0.,0.));
#3143 = PCURVE('',#734,#3144);
#3144 = DEFINITIONAL_REPRESENTATION('',(#3145),#3149);
#3145 = LINE('',#3146,#3147);
#3146 = CARTESIAN_POINT('',(-6.28318530718,-1.));
#3147 = VECTOR('',#3148,1.);
#3148 = DIRECTION('',(1.,-0.));
#3149 = ( GEOMETRIC_REPRESENTATION_CONTEXT(2) 
PARAMETRIC_REPRESENTATION_CONTEXT() REPRESENTATION_CONTEXT('2D SPACE',''
  ) );
#3150 = PCURVE('',#126,#3151);
#3151 = DEFINITIONAL_REPRESENTATION('',(#3152),#3160);
#3152 = ( BOUNDED_CURVE() B_SPLINE_CURVE(2,(#3153,#3154,#3155,#3156,
#3157,#3158,#3159),.UNSPECIFIED.,.T.,.F.) B_SPLINE_CURVE_WITH_KNOTS((1,2
    ,2,2,2,1),(-2.094395102393,0.,2.094395102393,4.188790204786,
6.28318530718,8.377580409573),.UNSPECIFIED.) CURVE() 
GEOMETRIC_REPRESENTATION_ITEM() RATIONAL_B_SPLINE_CURVE((1.,0.5,1.,0.5,
1.,0.5,1.)) REPRESENTATION_ITEM('') );
#3153 = CARTESIAN_POINT('',(30.45,0.));
#3154 = CARTESIAN_POINT('',(30.45,-52.74094709047));
#3155 = CARTESIAN_POINT('',(-15.225,-26.37047354523));
#3156 = CARTESIAN_POINT('',(-60.9,-7.458099006807E-15));
#3157 = CARTESIAN_POINT('',(-15.225,26.370473545236));
#3158 = CARTESIAN_POINT('',(30.45,52.740947090472));
#3159 = CARTESIAN_POINT('',(30.45,0.));
#3160 = ( GEOMETRIC_REPRESENTATION_CONTEXT(2) 
PARAMETRIC_REPRESENTATION_CONTEXT() REPRESENTATION_CONTEXT('2D SPACE',''
  ) );
#3161 = ORIENTED_EDGE('',*,*,#3162,.T.);
#3162 = EDGE_CURVE('',#3135,#718,#3163,.T.);
#3163 = SEAM_CURVE('',#3164,(#3168,#3175),.PCURVE_S1.);
#3164 = LINE('',#3165,#3166);
#3165 = CARTESIAN_POINT('',(30.45,0.,-1.));
#3166 = VECTOR('',#3167,1.);
#3167 = DIRECTION('',(0.,0.,1.));
#3168 = PCURVE('',#734,#3169);
#3169 = DEFINITIONAL_REPRESENTATION('',(#3170),#3174);
#3170 = LINE('',#3171,#3172);
#3171 = CARTESIAN_POINT('',(-6.28318530718,0.));
#3172 = VECTOR('',#3173,1.);
#3173 = DIRECTION('',(-0.,-1.));
#3174 = ( GEOMETRIC_REPRESENTATION_CONTEXT(2) 
PARAMETRIC_REPRESENTATION_CONTEXT() REPRESENTATION_CONTEXT('2D SPACE',''
  ) );
#3175 = PCURVE('',#734,#3176);
#3176 = DEFINITIONAL_REPRESENTATION('',(#3177),#3181);
#3177 = LINE('',#3178,#3179);
#3178 = CARTESIAN_POINT('',(-0.,0.));
#3179 = VECTOR('',#3180,1.);
#3180 = DIRECTION('',(-0.,-1.));
#3181 = ( GEOMETRIC_REPRESENTATION_CONTEXT(2) 
PARAMETRIC_REPRESENTATION_CONTEXT() REPRESENTATION_CONTEXT('2D SPACE',''
  ) );
#3182 = ORIENTED_EDGE('',*,*,#717,.T.);
#3183 = ORIENTED_EDGE('',*,*,#3162,.F.);
#3184 = ADVANCED_FACE('',(#3185),#560,.F.);
#3185 = FACE_BOUND('',#3186,.T.);
#3186 = EDGE_LOOP('',(#3187,#3188,#3209,#3210));
#3187 = ORIENTED_EDGE('',*,*,#980,.F.);
#3188 = ORIENTED_EDGE('',*,*,#3189,.T.);
#3189 = EDGE_CURVE('',#961,#540,#3190,.T.);
#3190 = SEAM_CURVE('',#3191,(#3195,#3202),.PCURVE_S1.);
#3191 = LINE('',#3192,#3193);
#3192 = CARTESIAN_POINT('',(-3.8,22.,0.));
#3193 = VECTOR('',#3194,1.);
#3194 = DIRECTION('',(0.,0.,1.));
#3195 = PCURVE('',#560,#3196);
#3196 = DEFINITIONAL_REPRESENTATION('',(#3197),#3201);
#3197 = LINE('',#3198,#3199);
#3198 = CARTESIAN_POINT('',(-6.28318530718,0.));
#3199 = VECTOR('',#3200,1.);
#3200 = DIRECTION('',(-0.,-1.));
#3201 = ( GEOMETRIC_REPRESENTATION_CONTEXT(2) 
PARAMETRIC_REPRESENTATION_CONTEXT() REPRESENTATION_CONTEXT('2D SPACE',''
  ) );
#3202 = PCURVE('',#560,#3203);
#3203 = DEFINITIONAL_REPRESENTATION('',(#3204),#3208);
#3204 = LINE('',#3205,#3206);
#3205 = CARTESIAN_POINT('',(-0.,0.));
#3206 = VECTOR('',#3207,1.);
#3207 = DIRECTION('',(-0.,-1.));
#3208 = ( GEOMETRIC_REPRESENTATION_CONTEXT(2) 
PARAMETRIC_REPRESENTATION_CONTEXT() REPRESENTATION_CONTEXT('2D SPACE',''
  ) );
#3209 = ORIENTED_EDGE('',*,*,#539,.F.);
#3210 = ORIENTED_EDGE('',*,*,#3189,.F.);
#3211 = ADVANCED_FACE('',(#3212),#525,.F.);
#3212 = FACE_BOUND('',#3213,.T.);
#3213 = EDGE_LOOP('',(#3214,#3215,#3236,#3237));
#3214 = ORIENTED_EDGE('',*,*,#1481,.F.);
#3215 = ORIENTED_EDGE('',*,*,#3216,.T.);
#3216 = EDGE_CURVE('',#1482,#505,#3217,.T.);
#3217 = SEAM_CURVE('',#3218,(#3222,#3229),.PCURVE_S1.);
#3218 = LINE('',#3219,#3220);
#3219 = CARTESIAN_POINT('',(8.15,-20.,18.));
#3220 = VECTOR('',#3221,1.);
#3221 = DIRECTION('',(0.,0.,1.));
#3222 = PCURVE('',#525,#3223);
#3223 = DEFINITIONAL_REPRESENTATION('',(#3224),#3228);
#3224 = LINE('',#3225,#3226);
#3225 = CARTESIAN_POINT('',(-6.28318530718,0.));
#3226 = VECTOR('',#3227,1.);
#3227 = DIRECTION('',(-0.,-1.));
#3228 = ( GEOMETRIC_REPRESENTATION_CONTEXT(2) 
PARAMETRIC_REPRESENTATION_CONTEXT() REPRESENTATION_CONTEXT('2D SPACE',''
  ) );
#3229 = PCURVE('',#525,#3230);
#3230 = DEFINITIONAL_REPRESENTATION('',(#3231),#3235);
#3231 = LINE('',#3232,#3233);
#3232 = CARTESIAN_POINT('',(-0.,0.));
#3233 = VECTOR('',#3234,1.);
#3234 = DIRECTION('',(-0.,-1.));
#3235 = ( GEOMETRIC_REPRESENTATION_CONTEXT(2) 
PARAMETRIC_REPRESENTATION_CONTEXT() REPRESENTATION_CONTEXT('2D SPACE',''
  ) );
#3236 = ORIENTED_EDGE('',*,*,#504,.F.);
#3237 = ORIENTED_EDGE('',*,*,#3216,.F.);
#3238 = ADVANCED_FACE('',(#3239),#307,.F.);
#3239 = FACE_BOUND('',#3240,.T.);
#3240 = EDGE_LOOP('',(#3241,#3269,#3290,#3291));
#3241 = ORIENTED_EDGE('',*,*,#3242,.T.);
#3242 = EDGE_CURVE('',#3243,#3243,#3245,.T.);
#3243 = VERTEX_POINT('',#3244);
#3244 = CARTESIAN_POINT('',(-37.7,40.,0.));
#3245 = SURFACE_CURVE('',#3246,(#3251,#3258),.PCURVE_S1.);
#3246 = CIRCLE('',#3247,2.3);
#3247 = AXIS2_PLACEMENT_3D('',#3248,#3249,#3250);
#3248 = CARTESIAN_POINT('',(-40.,40.,0.));
#3249 = DIRECTION('',(0.,0.,-1.));
#3250 = DIRECTION('',(1.,0.,0.));
#3251 = PCURVE('',#307,#3252);
#3252 = DEFINITIONAL_REPRESENTATION('',(#3253),#3257);
#3253 = LINE('',#3254,#3255);
#3254 = CARTESIAN_POINT('',(-6.28318530718,-1.));
#3255 = VECTOR('',#3256,1.);
#3256 = DIRECTION('',(1.,-0.));
#3257 = ( GEOMETRIC_REPRESENTATION_CONTEXT(2) 
PARAMETRIC_REPRESENTATION_CONTEXT() REPRESENTATION_CONTEXT('2D SPACE',''
  ) );
#3258 = PCURVE('',#126,#3259);
#3259 = DEFINITIONAL_REPRESENTATION('',(#3260),#3268);
#3260 = ( BOUNDED_CURVE() B_SPLINE_CURVE(2,(#3261,#3262,#3263,#3264,
#3265,#3266,#3267),.UNSPECIFIED.,.T.,.F.) B_SPLINE_CURVE_WITH_KNOTS((1,2
    ,2,2,2,1),(-2.094395102393,0.,2.094395102393,4.188790204786,
6.28318530718,8.377580409573),.UNSPECIFIED.) CURVE() 
GEOMETRIC_REPRESENTATION_ITEM() RATIONAL_B_SPLINE_CURVE((1.,0.5,1.,0.5,
1.,0.5,1.)) REPRESENTATION_ITEM('') );
#3261 = CARTESIAN_POINT('',(-37.7,40.));
#3262 = CARTESIAN_POINT('',(-37.7,36.016283142592));
#3263 = CARTESIAN_POINT('',(-41.15,38.008141571296));
#3264 = CARTESIAN_POINT('',(-44.6,40.));
#3265 = CARTESIAN_POINT('',(-41.15,41.991858428704));
#3266 = CARTESIAN_POINT('',(-37.7,43.983716857408));
#3267 = CARTESIAN_POINT('',(-37.7,40.));
#3268 = ( GEOMETRIC_REPRESENTATION_CONTEXT(2) 
PARAMETRIC_REPRESENTATION_CONTEXT() REPRESENTATION_CONTEXT('2D SPACE',''
  ) );
#3269 = ORIENTED_EDGE('',*,*,#3270,.T.);
#3270 = EDGE_CURVE('',#3243,#287,#3271,.T.);
#3271 = SEAM_CURVE('',#3272,(#3276,#3283),.PCURVE_S1.);
#3272 = LINE('',#3273,#3274);
#3273 = CARTESIAN_POINT('',(-37.7,40.,-1.));
#3274 = VECTOR('',#3275,1.);
#3275 = DIRECTION('',(0.,0.,1.));
#3276 = PCURVE('',#307,#3277);
#3277 = DEFINITIONAL_REPRESENTATION('',(#3278),#3282);
#3278 = LINE('',#3279,#3280);
#3279 = CARTESIAN_POINT('',(-6.28318530718,0.));
#3280 = VECTOR('',#3281,1.);
#3281 = DIRECTION('',(-0.,-1.));
#3282 = ( GEOMETRIC_REPRESENTATION_CONTEXT(2) 
PARAMETRIC_REPRESENTATION_CONTEXT() REPRESENTATION_CONTEXT('2D SPACE',''
  ) );
#3283 = PCURVE('',#307,#3284);
#3284 = DEFINITIONAL_REPRESENTATION('',(#3285),#3289);
#3285 = LINE('',#3286,#3287);
#3286 = CARTESIAN_POINT('',(-0.,0.));
#3287 = VECTOR('',#3288,1.);
#3288 = DIRECTION('',(-0.,-1.));
#3289 = ( GEOMETRIC_REPRESENTATION_CONTEXT(2) 
PARAMETRIC_REPRESENTATION_CONTEXT() REPRESENTATION_CONTEXT('2D SPACE',''
  ) );
#3290 = ORIENTED_EDGE('',*,*,#286,.F.);
#3291 = ORIENTED_EDGE('',*,*,#3270,.F.);
#3292 = ADVANCED_FACE('',(#3293),#272,.F.);
#3293 = FACE_BOUND('',#3294,.T.);
#3294 = EDGE_LOOP('',(#3295,#3323,#3344,#3345));
#3295 = ORIENTED_EDGE('',*,*,#3296,.T.);
#3296 = EDGE_CURVE('',#3297,#3297,#3299,.T.);
#3297 = VERTEX_POINT('',#3298);
#3298 = CARTESIAN_POINT('',(42.3,-40.,0.));
#3299 = SURFACE_CURVE('',#3300,(#3305,#3312),.PCURVE_S1.);
#3300 = CIRCLE('',#3301,2.3);
#3301 = AXIS2_PLACEMENT_3D('',#3302,#3303,#3304);
#3302 = CARTESIAN_POINT('',(40.,-40.,0.));
#3303 = DIRECTION('',(0.,0.,-1.));
#3304 = DIRECTION('',(1.,0.,0.));
#3305 = PCURVE('',#272,#3306);
#3306 = DEFINITIONAL_REPRESENTATION('',(#3307),#3311);
#3307 = LINE('',#3308,#3309);
#3308 = CARTESIAN_POINT('',(-6.28318530718,-1.));
#3309 = VECTOR('',#3310,1.);
#3310 = DIRECTION('',(1.,-0.));
#3311 = ( GEOMETRIC_REPRESENTATION_CONTEXT(2) 
PARAMETRIC_REPRESENTATION_CONTEXT() REPRESENTATION_CONTEXT('2D SPACE',''
  ) );
#3312 = PCURVE('',#126,#3313);
#3313 = DEFINITIONAL_REPRESENTATION('',(#3314),#3322);
#3314 = ( BOUNDED_CURVE() B_SPLINE_CURVE(2,(#3315,#3316,#3317,#3318,
#3319,#3320,#3321),.UNSPECIFIED.,.T.,.F.) B_SPLINE_CURVE_WITH_KNOTS((1,2
    ,2,2,2,1),(-2.094395102393,0.,2.094395102393,4.188790204786,
6.28318530718,8.377580409573),.UNSPECIFIED.) CURVE() 
GEOMETRIC_REPRESENTATION_ITEM() RATIONAL_B_SPLINE_CURVE((1.,0.5,1.,0.5,
1.,0.5,1.)) REPRESENTATION_ITEM('') );
#3315 = CARTESIAN_POINT('',(42.3,-40.));
#3316 = CARTESIAN_POINT('',(42.3,-43.9837168574));
#3317 = CARTESIAN_POINT('',(38.85,-41.9918584287));
#3318 = CARTESIAN_POINT('',(35.4,-40.));
#3319 = CARTESIAN_POINT('',(38.85,-38.00814157129));
#3320 = CARTESIAN_POINT('',(42.3,-36.01628314259));
#3321 = CARTESIAN_POINT('',(42.3,-40.));
#3322 = ( GEOMETRIC_REPRESENTATION_CONTEXT(2) 
PARAMETRIC_REPRESENTATION_CONTEXT() REPRESENTATION_CONTEXT('2D SPACE',''
  ) );
#3323 = ORIENTED_EDGE('',*,*,#3324,.T.);
#3324 = EDGE_CURVE('',#3297,#252,#3325,.T.);
#3325 = SEAM_CURVE('',#3326,(#3330,#3337),.PCURVE_S1.);
#3326 = LINE('',#3327,#3328);
#3327 = CARTESIAN_POINT('',(42.3,-40.,-1.));
#3328 = VECTOR('',#3329,1.);
#3329 = DIRECTION('',(0.,0.,1.));
#3330 = PCURVE('',#272,#3331);
#3331 = DEFINITIONAL_REPRESENTATION('',(#3332),#3336);
#3332 = LINE('',#3333,#3334);
#3333 = CARTESIAN_POINT('',(-6.28318530718,0.));
#3334 = VECTOR('',#3335,1.);
#3335 = DIRECTION('',(-0.,-1.));
#3336 = ( GEOMETRIC_REPRESENTATION_CONTEXT(2) 
PARAMETRIC_REPRESENTATION_CONTEXT() REPRESENTATION_CONTEXT('2D SPACE',''
  ) );
#3337 = PCURVE('',#272,#3338);
#3338 = DEFINITIONAL_REPRESENTATION('',(#3339),#3343);
#3339 = LINE('',#3340,#3341);
#3340 = CARTESIAN_POINT('',(-0.,0.));
#3341 = VECTOR('',#3342,1.);
#3342 = DIRECTION('',(-0.,-1.));
#3343 = ( GEOMETRIC_REPRESENTATION_CONTEXT(2) 
PARAMETRIC_REPRESENTATION_CONTEXT() REPRESENTATION_CONTEXT('2D SPACE',''
  ) );
#3344 = ORIENTED_EDGE('',*,*,#251,.F.);
#3345 = ORIENTED_EDGE('',*,*,#3324,.F.);
#3346 = ADVANCED_FACE('',(#3347),#237,.F.);
#3347 = FACE_BOUND('',#3348,.T.);
#3348 = EDGE_LOOP('',(#3349,#3377,#3398,#3399));
#3349 = ORIENTED_EDGE('',*,*,#3350,.T.);
#3350 = EDGE_CURVE('',#3351,#3351,#3353,.T.);
#3351 = VERTEX_POINT('',#3352);
#3352 = CARTESIAN_POINT('',(-37.7,-40.,0.));
#3353 = SURFACE_CURVE('',#3354,(#3359,#3366),.PCURVE_S1.);
#3354 = CIRCLE('',#3355,2.3);
#3355 = AXIS2_PLACEMENT_3D('',#3356,#3357,#3358);
#3356 = CARTESIAN_POINT('',(-40.,-40.,0.));
#3357 = DIRECTION('',(0.,0.,-1.));
#3358 = DIRECTION('',(1.,0.,0.));
#3359 = PCURVE('',#237,#3360);
#3360 = DEFINITIONAL_REPRESENTATION('',(#3361),#3365);
#3361 = LINE('',#3362,#3363);
#3362 = CARTESIAN_POINT('',(-6.28318530718,-1.));
#3363 = VECTOR('',#3364,1.);
#3364 = DIRECTION('',(1.,-0.));
#3365 = ( GEOMETRIC_REPRESENTATION_CONTEXT(2) 
PARAMETRIC_REPRESENTATION_CONTEXT() REPRESENTATION_CONTEXT('2D SPACE',''
  ) );
#3366 = PCURVE('',#126,#3367);
#3367 = DEFINITIONAL_REPRESENTATION('',(#3368),#3376);
#3368 = ( BOUNDED_CURVE() B_SPLINE_CURVE(2,(#3369,#3370,#3371,#3372,
#3373,#3374,#3375),.UNSPECIFIED.,.T.,.F.) B_SPLINE_CURVE_WITH_KNOTS((1,2
    ,2,2,2,1),(-2.094395102393,0.,2.094395102393,4.188790204786,
6.28318530718,8.377580409573),.UNSPECIFIED.) CURVE() 
GEOMETRIC_REPRESENTATION_ITEM() RATIONAL_B_SPLINE_CURVE((1.,0.5,1.,0.5,
1.,0.5,1.)) REPRESENTATION_ITEM('') );
#3369 = CARTESIAN_POINT('',(-37.7,-40.));
#3370 = CARTESIAN_POINT('',(-37.7,-43.9837168574));
#3371 = CARTESIAN_POINT('',(-41.15,-41.9918584287));
#3372 = CARTESIAN_POINT('',(-44.6,-40.));
#3373 = CARTESIAN_POINT('',(-41.15,-38.00814157129));
#3374 = CARTESIAN_POINT('',(-37.7,-36.01628314259));
#3375 = CARTESIAN_POINT('',(-37.7,-40.));
#3376 = ( GEOMETRIC_REPRESENTATION_CONTEXT(2) 
PARAMETRIC_REPRESENTATION_CONTEXT() REPRESENTATION_CONTEXT('2D SPACE',''
  ) );
#3377 = ORIENTED_EDGE('',*,*,#3378,.T.);
#3378 = EDGE_CURVE('',#3351,#217,#3379,.T.);
#3379 = SEAM_CURVE('',#3380,(#3384,#3391),.PCURVE_S1.);
#3380 = LINE('',#3381,#3382);
#3381 = CARTESIAN_POINT('',(-37.7,-40.,-1.));
#3382 = VECTOR('',#3383,1.);
#3383 = DIRECTION('',(0.,0.,1.));
#3384 = PCURVE('',#237,#3385);
#3385 = DEFINITIONAL_REPRESENTATION('',(#3386),#3390);
#3386 = LINE('',#3387,#3388);
#3387 = CARTESIAN_POINT('',(-6.28318530718,0.));
#3388 = VECTOR('',#3389,1.);
#3389 = DIRECTION('',(-0.,-1.));
#3390 = ( GEOMETRIC_REPRESENTATION_CONTEXT(2) 
PARAMETRIC_REPRESENTATION_CONTEXT() REPRESENTATION_CONTEXT('2D SPACE',''
  ) );
#3391 = PCURVE('',#237,#3392);
#3392 = DEFINITIONAL_REPRESENTATION('',(#3393),#3397);
#3393 = LINE('',#3394,#3395);
#3394 = CARTESIAN_POINT('',(-0.,0.));
#3395 = VECTOR('',#3396,1.);
#3396 = DIRECTION('',(-0.,-1.));
#3397 = ( GEOMETRIC_REPRESENTATION_CONTEXT(2) 
PARAMETRIC_REPRESENTATION_CONTEXT() REPRESENTATION_CONTEXT('2D SPACE',''
  ) );
#3398 = ORIENTED_EDGE('',*,*,#216,.F.);
#3399 = ORIENTED_EDGE('',*,*,#3378,.F.);
#3400 = ADVANCED_FACE('',(#3401),#181,.F.);
#3401 = FACE_BOUND('',#3402,.F.);
#3402 = EDGE_LOOP('',(#3403,#3426,#3427,#3450));
#3403 = ORIENTED_EDGE('',*,*,#3404,.T.);
#3404 = EDGE_CURVE('',#3405,#143,#3407,.T.);
#3405 = VERTEX_POINT('',#3406);
#3406 = CARTESIAN_POINT('',(50.,50.,0.));
#3407 = SURFACE_CURVE('',#3408,(#3412,#3419),.PCURVE_S1.);
#3408 = LINE('',#3409,#3410);
#3409 = CARTESIAN_POINT('',(50.,50.,0.));
#3410 = VECTOR('',#3411,1.);
#3411 = DIRECTION('',(0.,0.,1.));
#3412 = PCURVE('',#181,#3413);
#3413 = DEFINITIONAL_REPRESENTATION('',(#3414),#3418);
#3414 = LINE('',#3415,#3416);
#3415 = CARTESIAN_POINT('',(0.,-0.));
#3416 = VECTOR('',#3417,1.);
#3417 = DIRECTION('',(0.,-1.));
#3418 = ( GEOMETRIC_REPRESENTATION_CONTEXT(2) 
PARAMETRIC_REPRESENTATION_CONTEXT() REPRESENTATION_CONTEXT('2D SPACE',''
  ) );
#3419 = PCURVE('',#100,#3420);
#3420 = DEFINITIONAL_REPRESENTATION('',(#3421),#3425);
#3421 = LINE('',#3422,#3423);
#3422 = CARTESIAN_POINT('',(100.,0.));
#3423 = VECTOR('',#3424,1.);
#3424 = DIRECTION('',(0.,-1.));
#3425 = ( GEOMETRIC_REPRESENTATION_CONTEXT(2) 
PARAMETRIC_REPRESENTATION_CONTEXT() REPRESENTATION_CONTEXT('2D SPACE',''
  ) );
#3426 = ORIENTED_EDGE('',*,*,#165,.T.);
#3427 = ORIENTED_EDGE('',*,*,#3428,.F.);
#3428 = EDGE_CURVE('',#3429,#166,#3431,.T.);
#3429 = VERTEX_POINT('',#3430);
#3430 = CARTESIAN_POINT('',(-50.,50.,0.));
#3431 = SURFACE_CURVE('',#3432,(#3436,#3443),.PCURVE_S1.);
#3432 = LINE('',#3433,#3434);
#3433 = CARTESIAN_POINT('',(-50.,50.,0.));
#3434 = VECTOR('',#3435,1.);
#3435 = DIRECTION('',(0.,0.,1.));
#3436 = PCURVE('',#181,#3437);
#3437 = DEFINITIONAL_REPRESENTATION('',(#3438),#3442);
#3438 = LINE('',#3439,#3440);
#3439 = CARTESIAN_POINT('',(100.,0.));
#3440 = VECTOR('',#3441,1.);
#3441 = DIRECTION('',(0.,-1.));
#3442 = ( GEOMETRIC_REPRESENTATION_CONTEXT(2) 
PARAMETRIC_REPRESENTATION_CONTEXT() REPRESENTATION_CONTEXT('2D SPACE',''
  ) );
#3443 = PCURVE('',#44,#3444);
#3444 = DEFINITIONAL_REPRESENTATION('',(#3445),#3449);
#3445 = LINE('',#3446,#3447);
#3446 = CARTESIAN_POINT('',(0.,0.));
#3447 = VECTOR('',#3448,1.);
#3448 = DIRECTION('',(0.,-1.));
#3449 = ( GEOMETRIC_REPRESENTATION_CONTEXT(2) 
PARAMETRIC_REPRESENTATION_CONTEXT() REPRESENTATION_CONTEXT('2D SPACE',''
  ) );
#3450 = ORIENTED_EDGE('',*,*,#3451,.F.);
#3451 = EDGE_CURVE('',#3405,#3429,#3452,.T.);
#3452 = SURFACE_CURVE('',#3453,(#3457,#3464),.PCURVE_S1.);
#3453 = LINE('',#3454,#3455);
#3454 = CARTESIAN_POINT('',(50.,50.,0.));
#3455 = VECTOR('',#3456,1.);
#3456 = DIRECTION('',(-1.,0.,0.));
#3457 = PCURVE('',#181,#3458);
#3458 = DEFINITIONAL_REPRESENTATION('',(#3459),#3463);
#3459 = LINE('',#3460,#3461);
#3460 = CARTESIAN_POINT('',(0.,-0.));
#3461 = VECTOR('',#3462,1.);
#3462 = DIRECTION('',(1.,0.));
#3463 = ( GEOMETRIC_REPRESENTATION_CONTEXT(2) 
PARAMETRIC_REPRESENTATION_CONTEXT() REPRESENTATION_CONTEXT('2D SPACE',''
  ) );
#3464 = PCURVE('',#126,#3465);
#3465 = DEFINITIONAL_REPRESENTATION('',(#3466),#3470);
#3466 = LINE('',#3467,#3468);
#3467 = CARTESIAN_POINT('',(50.,50.));
#3468 = VECTOR('',#3469,1.);
#3469 = DIRECTION('',(-1.,0.));
#3470 = ( GEOMETRIC_REPRESENTATION_CONTEXT(2) 
PARAMETRIC_REPRESENTATION_CONTEXT() REPRESENTATION_CONTEXT('2D SPACE',''
  ) );
#3471 = ADVANCED_FACE('',(#3472,#3518,#3521,#3524,#3527,#3530),#126,.F.
  );
#3472 = FACE_BOUND('',#3473,.F.);
#3473 = EDGE_LOOP('',(#3474,#3475,#3496,#3497));
#3474 = ORIENTED_EDGE('',*,*,#112,.T.);
#3475 = ORIENTED_EDGE('',*,*,#3476,.T.);
#3476 = EDGE_CURVE('',#85,#3405,#3477,.T.);
#3477 = SURFACE_CURVE('',#3478,(#3482,#3489),.PCURVE_S1.);
#3478 = LINE('',#3479,#3480);
#3479 = CARTESIAN_POINT('',(50.,-50.,0.));
#3480 = VECTOR('',#3481,1.);
#3481 = DIRECTION('',(0.,1.,0.));
#3482 = PCURVE('',#126,#3483);
#3483 = DEFINITIONAL_REPRESENTATION('',(#3484),#3488);
#3484 = LINE('',#3485,#3486);
#3485 = CARTESIAN_POINT('',(50.,-50.));
#3486 = VECTOR('',#3487,1.);
#3487 = DIRECTION('',(0.,1.));
#3488 = ( GEOMETRIC_REPRESENTATION_CONTEXT(2) 
PARAMETRIC_REPRESENTATION_CONTEXT() REPRESENTATION_CONTEXT('2D SPACE',''
  ) );
#3489 = PCURVE('',#100,#3490);
#3490 = DEFINITIONAL_REPRESENTATION('',(#3491),#3495);
#3491 = LINE('',#3492,#3493);
#3492 = CARTESIAN_POINT('',(0.,0.));
#3493 = VECTOR('',#3494,1.);
#3494 = DIRECTION('',(1.,0.));
#3495 = ( GEOMETRIC_REPRESENTATION_CONTEXT(2) 
PARAMETRIC_REPRESENTATION_CONTEXT() REPRESENTATION_CONTEXT('2D SPACE',''
  ) );
#3496 = ORIENTED_EDGE('',*,*,#3451,.T.);
#3497 = ORIENTED_EDGE('',*,*,#3498,.T.);
#3498 = EDGE_CURVE('',#3429,#22,#3499,.T.);
#3499 = SURFACE_CURVE('',#3500,(#3504,#3511),.PCURVE_S1.);
#3500 = LINE('',#3501,#3502);
#3501 = CARTESIAN_POINT('',(-50.,50.,0.));
#3502 = VECTOR('',#3503,1.);
#3503 = DIRECTION('',(0.,-1.,0.));
#3504 = PCURVE('',#126,#3505);
#3505 = DEFINITIONAL_REPRESENTATION('',(#3506),#3510);
#3506 = LINE('',#3507,#3508);
#3507 = CARTESIAN_POINT('',(-50.,50.));
#3508 = VECTOR('',#3509,1.);
#3509 = DIRECTION('',(0.,-1.));
#3510 = ( GEOMETRIC_REPRESENTATION_CONTEXT(2) 
PARAMETRIC_REPRESENTATION_CONTEXT() REPRESENTATION_CONTEXT('2D SPACE',''
  ) );
#3511 = PCURVE('',#44,#3512);
#3512 = DEFINITIONAL_REPRESENTATION('',(#3513),#3517);
#3513 = LINE('',#3514,#3515);
#3514 = CARTESIAN_POINT('',(0.,0.));
#3515 = VECTOR('',#3516,1.);
#3516 = DIRECTION('',(1.,0.));
#3517 = ( GEOMETRIC_REPRESENTATION_CONTEXT(2) 
PARAMETRIC_REPRESENTATION_CONTEXT() REPRESENTATION_CONTEXT('2D SPACE',''
  ) );
#3518 = FACE_BOUND('',#3519,.F.);
#3519 = EDGE_LOOP('',(#3520));
#3520 = ORIENTED_EDGE('',*,*,#3350,.T.);
#3521 = FACE_BOUND('',#3522,.F.);
#3522 = EDGE_LOOP('',(#3523));
#3523 = ORIENTED_EDGE('',*,*,#3296,.T.);
#3524 = FACE_BOUND('',#3525,.F.);
#3525 = EDGE_LOOP('',(#3526));
#3526 = ORIENTED_EDGE('',*,*,#3242,.T.);
#3527 = FACE_BOUND('',#3528,.F.);
#3528 = EDGE_LOOP('',(#3529));
#3529 = ORIENTED_EDGE('',*,*,#3134,.T.);
#3530 = FACE_BOUND('',#3531,.F.);
#3531 = EDGE_LOOP('',(#3532));
#3532 = ORIENTED_EDGE('',*,*,#392,.T.);
#3533 = ADVANCED_FACE('',(#3534),#100,.F.);
#3534 = FACE_BOUND('',#3535,.F.);
#3535 = EDGE_LOOP('',(#3536,#3537,#3538,#3539));
#3536 = ORIENTED_EDGE('',*,*,#84,.T.);
#3537 = ORIENTED_EDGE('',*,*,#142,.T.);
#3538 = ORIENTED_EDGE('',*,*,#3404,.F.);
#3539 = ORIENTED_EDGE('',*,*,#3476,.F.);
#3540 = ADVANCED_FACE('',(#3541),#44,.F.);
#3541 = FACE_BOUND('',#3542,.F.);
#3542 = EDGE_LOOP('',(#3543,#3544,#3545,#3546));
#3543 = ORIENTED_EDGE('',*,*,#3428,.T.);
#3544 = ORIENTED_EDGE('',*,*,#193,.T.);
#3545 = ORIENTED_EDGE('',*,*,#21,.F.);
#3546 = ORIENTED_EDGE('',*,*,#3498,.F.);
#3547 = ( GEOMETRIC_REPRESENTATION_CONTEXT(3) 
GLOBAL_UNCERTAINTY_ASSIGNED_CONTEXT((#3551)) 
GLOBAL_UNIT_ASSIGNED_CONTEXT((#3548,#3549,#3550)) REPRESENTATION_CONTEXT
('Context #1','3D Context with UNIT and UNCERTAINTY') );
#3548 = ( LENGTH_UNIT() NAMED_UNIT(*) SI_UNIT(.MILLI.,.METRE.) );
#3549 = ( NAMED_UNIT(*) PLANE_ANGLE_UNIT() SI_UNIT($,.RADIAN.) );
#3550 = ( NAMED_UNIT(*) SI_UNIT($,.STERADIAN.) SOLID_ANGLE_UNIT() );
#3551 = UNCERTAINTY_MEASURE_WITH_UNIT(LENGTH_MEASURE(1.E-07),#3548,
  'distance_accuracy_value','confusion accuracy');
#3552 = PRODUCT_RELATED_PRODUCT_CATEGORY('part',$,(#7));
ENDSEC;
END-ISO-10303-21;
