ISO-10303-21;
HEADER;
FILE_DESCRIPTION(('Open CASCADE Model'),'2;1');
FILE_NAME('Open CASCADE Shape Model','2026-09-24T20:23:58',('Author'),(
    'Open CASCADE'),'Open CASCADE STEP processor 7.9','Open CASCADE 7.9'
  ,'Unknown');
FILE_SCHEMA(('AUTOMOTIVE_DESIGN { 1 0 10303 214 1 1 1 1 }'));
ENDSEC;
DATA;
#1 = APPLICATION_PROTOCOL_DEFINITION('international standard',
  'automotive_design',2000,#2);
#2 = APPLICATION_CONTEXT(
  'core data for automotive mechanical design processes');
#3 = SHAPE_DEFINITION_REPRESENTATION(#4,#10);
#4 = PRODUCT_DEFINITION_SHAPE('','',#5);
#5 = PRODUCT_DEFINITION('design','',#6,#9);
#6 = PRODUCT_DEFINITION_FORMATION('','',#7);
#7 = PRODUCT('Open CASCADE STEP translator 7.9 12',
  'Open CASCADE STEP translator 7.9 12','',(#8));
#8 = PRODUCT_CONTEXT('',#2,'mechanical');
#9 = PRODUCT_DEFINITION_CONTEXT('part definition',#2,'design');
#10 = ADVANCED_BREP_SHAPE_REPRESENTATION('',(#11,#15),#3165);
#11 = AXIS2_PLACEMENT_3D('',#12,#13,#14);
#12 = CARTESIAN_POINT('',(0.,0.,0.));
#13 = DIRECTION('',(0.,0.,1.));
#14 = DIRECTION('',(1.,0.,-0.));
#15 = MANIFOLD_SOLID_BREP('',#16);
#16 = CLOSED_SHELL('',(#17,#105,#159,#213,#252,#291,#1296,#1345,#1594,
    #1697,#1747,#1818,#1911,#1961,#2032,#2125,#2175,#2246,#2278,#2310,
    #2342,#2584,#2651,#2710,#2764,#2823,#2882,#2994,#3024,#3054,#3084,
    #3111,#3138));
#17 = ADVANCED_FACE('',(#18),#32,.T.);
#18 = FACE_BOUND('',#19,.F.);
#19 = EDGE_LOOP('',(#20,#50,#77,#78));
#20 = ORIENTED_EDGE('',*,*,#21,.T.);
#21 = EDGE_CURVE('',#22,#24,#26,.T.);
#22 = VERTEX_POINT('',#23);
#23 = CARTESIAN_POINT('',(92.,0.,3.));
#24 = VERTEX_POINT('',#25);
#25 = CARTESIAN_POINT('',(92.,0.,9.));
#26 = SEAM_CURVE('',#27,(#31,#43),.PCURVE_S1.);
#27 = LINE('',#28,#29);
#28 = CARTESIAN_POINT('',(92.,0.,0.));
#29 = VECTOR('',#30,1.);
#30 = DIRECTION('',(0.,0.,1.));
#31 = PCURVE('',#32,#37);
#32 = CYLINDRICAL_SURFACE('',#33,92.);
#33 = AXIS2_PLACEMENT_3D('',#34,#35,#36);
#34 = CARTESIAN_POINT('',(0.,0.,0.));
#35 = DIRECTION('',(-0.,-0.,-1.));
#36 = DIRECTION('',(1.,0.,0.));
#37 = DEFINITIONAL_REPRESENTATION('',(#38),#42);
#38 = LINE('',#39,#40);
#39 = CARTESIAN_POINT('',(-0.,0.));
#40 = VECTOR('',#41,1.);
#41 = DIRECTION('',(-0.,-1.));
#42 = ( GEOMETRIC_REPRESENTATION_CONTEXT(2) 
PARAMETRIC_REPRESENTATION_CONTEXT() REPRESENTATION_CONTEXT('2D SPACE',''
  ) );
#43 = PCURVE('',#32,#44);
#44 = DEFINITIONAL_REPRESENTATION('',(#45),#49);
#45 = LINE('',#46,#47);
#46 = CARTESIAN_POINT('',(-6.28318530718,0.));
#47 = VECTOR('',#48,1.);
#48 = DIRECTION('',(-0.,-1.));
#49 = ( GEOMETRIC_REPRESENTATION_CONTEXT(2) 
PARAMETRIC_REPRESENTATION_CONTEXT() REPRESENTATION_CONTEXT('2D SPACE',''
  ) );
#50 = ORIENTED_EDGE('',*,*,#51,.T.);
#51 = EDGE_CURVE('',#24,#24,#52,.T.);
#52 = SURFACE_CURVE('',#53,(#58,#65),.PCURVE_S1.);
#53 = CIRCLE('',#54,92.);
#54 = AXIS2_PLACEMENT_3D('',#55,#56,#57);
#55 = CARTESIAN_POINT('',(0.,0.,9.));
#56 = DIRECTION('',(0.,0.,1.));
#57 = DIRECTION('',(1.,0.,-0.));
#58 = PCURVE('',#32,#59);
#59 = DEFINITIONAL_REPRESENTATION('',(#60),#64);
#60 = LINE('',#61,#62);
#61 = CARTESIAN_POINT('',(-0.,-9.));
#62 = VECTOR('',#63,1.);
#63 = DIRECTION('',(-1.,0.));
#64 = ( GEOMETRIC_REPRESENTATION_CONTEXT(2) 
PARAMETRIC_REPRESENTATION_CONTEXT() REPRESENTATION_CONTEXT('2D SPACE',''
  ) );
#65 = PCURVE('',#66,#71);
#66 = TOROIDAL_SURFACE('',#67,89.,3.);
#67 = AXIS2_PLACEMENT_3D('',#68,#69,#70);
#68 = CARTESIAN_POINT('',(0.,0.,9.));
#69 = DIRECTION('',(0.,0.,1.));
#70 = DIRECTION('',(1.,0.,-0.));
#71 = DEFINITIONAL_REPRESENTATION('',(#72),#76);
#72 = LINE('',#73,#74);
#73 = CARTESIAN_POINT('',(0.,0.));
#74 = VECTOR('',#75,1.);
#75 = DIRECTION('',(1.,0.));
#76 = ( GEOMETRIC_REPRESENTATION_CONTEXT(2) 
PARAMETRIC_REPRESENTATION_CONTEXT() REPRESENTATION_CONTEXT('2D SPACE',''
  ) );
#77 = ORIENTED_EDGE('',*,*,#21,.F.);
#78 = ORIENTED_EDGE('',*,*,#79,.F.);
#79 = EDGE_CURVE('',#22,#22,#80,.T.);
#80 = SURFACE_CURVE('',#81,(#86,#93),.PCURVE_S1.);
#81 = CIRCLE('',#82,92.);
#82 = AXIS2_PLACEMENT_3D('',#83,#84,#85);
#83 = CARTESIAN_POINT('',(0.,0.,3.));
#84 = DIRECTION('',(0.,0.,1.));
#85 = DIRECTION('',(1.,0.,-0.));
#86 = PCURVE('',#32,#87);
#87 = DEFINITIONAL_REPRESENTATION('',(#88),#92);
#88 = LINE('',#89,#90);
#89 = CARTESIAN_POINT('',(-0.,-3.));
#90 = VECTOR('',#91,1.);
#91 = DIRECTION('',(-1.,0.));
#92 = ( GEOMETRIC_REPRESENTATION_CONTEXT(2) 
PARAMETRIC_REPRESENTATION_CONTEXT() REPRESENTATION_CONTEXT('2D SPACE',''
  ) );
#93 = PCURVE('',#94,#99);
#94 = TOROIDAL_SURFACE('',#95,89.,3.);
#95 = AXIS2_PLACEMENT_3D('',#96,#97,#98);
#96 = CARTESIAN_POINT('',(0.,0.,3.));
#97 = DIRECTION('',(-0.,-0.,-1.));
#98 = DIRECTION('',(1.,0.,-0.));
#99 = DEFINITIONAL_REPRESENTATION('',(#100),#104);
#100 = LINE('',#101,#102);
#101 = CARTESIAN_POINT('',(-0.,0.));
#102 = VECTOR('',#103,1.);
#103 = DIRECTION('',(-1.,0.));
#104 = ( GEOMETRIC_REPRESENTATION_CONTEXT(2) 
PARAMETRIC_REPRESENTATION_CONTEXT() REPRESENTATION_CONTEXT('2D SPACE',''
  ) );
#105 = ADVANCED_FACE('',(#106),#94,.T.);
#106 = FACE_BOUND('',#107,.F.);
#107 = EDGE_LOOP('',(#108,#130,#131,#132));
#108 = ORIENTED_EDGE('',*,*,#109,.F.);
#109 = EDGE_CURVE('',#22,#110,#112,.T.);
#110 = VERTEX_POINT('',#111);
#111 = CARTESIAN_POINT('',(89.,0.,0.));
#112 = SEAM_CURVE('',#113,(#118,#124),.PCURVE_S1.);
#113 = CIRCLE('',#114,3.);
#114 = AXIS2_PLACEMENT_3D('',#115,#116,#117);
#115 = CARTESIAN_POINT('',(89.,0.,3.));
#116 = DIRECTION('',(0.,1.,0.));
#117 = DIRECTION('',(1.,0.,-0.));
#118 = PCURVE('',#94,#119);
#119 = DEFINITIONAL_REPRESENTATION('',(#120),#123);
#120 = B_SPLINE_CURVE_WITH_KNOTS('',1,(#121,#122),.UNSPECIFIED.,.F.,.F.,
  (2,2),(0.,1.570796326795),.PIECEWISE_BEZIER_KNOTS.);
#121 = CARTESIAN_POINT('',(0.,0.));
#122 = CARTESIAN_POINT('',(0.,1.570796326795));
#123 = ( GEOMETRIC_REPRESENTATION_CONTEXT(2) 
PARAMETRIC_REPRESENTATION_CONTEXT() REPRESENTATION_CONTEXT('2D SPACE',''
  ) );
#124 = PCURVE('',#94,#125);
#125 = DEFINITIONAL_REPRESENTATION('',(#126),#129);
#126 = B_SPLINE_CURVE_WITH_KNOTS('',1,(#127,#128),.UNSPECIFIED.,.F.,.F.,
  (2,2),(0.,1.570796326795),.PIECEWISE_BEZIER_KNOTS.);
#127 = CARTESIAN_POINT('',(-6.28318530718,0.));
#128 = CARTESIAN_POINT('',(-6.28318530718,1.570796326795));
#129 = ( GEOMETRIC_REPRESENTATION_CONTEXT(2) 
PARAMETRIC_REPRESENTATION_CONTEXT() REPRESENTATION_CONTEXT('2D SPACE',''
  ) );
#130 = ORIENTED_EDGE('',*,*,#79,.F.);
#131 = ORIENTED_EDGE('',*,*,#109,.T.);
#132 = ORIENTED_EDGE('',*,*,#133,.T.);
#133 = EDGE_CURVE('',#110,#110,#134,.T.);
#134 = SURFACE_CURVE('',#135,(#140,#147),.PCURVE_S1.);
#135 = CIRCLE('',#136,89.);
#136 = AXIS2_PLACEMENT_3D('',#137,#138,#139);
#137 = CARTESIAN_POINT('',(0.,0.,0.));
#138 = DIRECTION('',(0.,0.,1.));
#139 = DIRECTION('',(1.,0.,-0.));
#140 = PCURVE('',#94,#141);
#141 = DEFINITIONAL_REPRESENTATION('',(#142),#146);
#142 = LINE('',#143,#144);
#143 = CARTESIAN_POINT('',(-0.,1.570796326795));
#144 = VECTOR('',#145,1.);
#145 = DIRECTION('',(-1.,0.));
#146 = ( GEOMETRIC_REPRESENTATION_CONTEXT(2) 
PARAMETRIC_REPRESENTATION_CONTEXT() REPRESENTATION_CONTEXT('2D SPACE',''
  ) );
#147 = PCURVE('',#148,#153);
#148 = PLANE('',#149);
#149 = AXIS2_PLACEMENT_3D('',#150,#151,#152);
#150 = CARTESIAN_POINT('',(-5.707576205382E-15,7.659568893379E-15,0.));
#151 = DIRECTION('',(0.,0.,1.));
#152 = DIRECTION('',(1.,0.,-0.));
#153 = DEFINITIONAL_REPRESENTATION('',(#154),#158);
#154 = CIRCLE('',#155,89.);
#155 = AXIS2_PLACEMENT_2D('',#156,#157);
#156 = CARTESIAN_POINT('',(5.707576205382E-15,-7.659568893379E-15));
#157 = DIRECTION('',(1.,0.));
#158 = ( GEOMETRIC_REPRESENTATION_CONTEXT(2) 
PARAMETRIC_REPRESENTATION_CONTEXT() REPRESENTATION_CONTEXT('2D SPACE',''
  ) );
#159 = ADVANCED_FACE('',(#160),#66,.T.);
#160 = FACE_BOUND('',#161,.T.);
#161 = EDGE_LOOP('',(#162,#184,#185,#186));
#162 = ORIENTED_EDGE('',*,*,#163,.F.);
#163 = EDGE_CURVE('',#24,#164,#166,.T.);
#164 = VERTEX_POINT('',#165);
#165 = CARTESIAN_POINT('',(89.,0.,12.));
#166 = SEAM_CURVE('',#167,(#172,#178),.PCURVE_S1.);
#167 = CIRCLE('',#168,3.);
#168 = AXIS2_PLACEMENT_3D('',#169,#170,#171);
#169 = CARTESIAN_POINT('',(89.,0.,9.));
#170 = DIRECTION('',(0.,-1.,0.));
#171 = DIRECTION('',(1.,0.,0.));
#172 = PCURVE('',#66,#173);
#173 = DEFINITIONAL_REPRESENTATION('',(#174),#177);
#174 = B_SPLINE_CURVE_WITH_KNOTS('',1,(#175,#176),.UNSPECIFIED.,.F.,.F.,
  (2,2),(0.,1.570796326795),.PIECEWISE_BEZIER_KNOTS.);
#175 = CARTESIAN_POINT('',(0.,0.));
#176 = CARTESIAN_POINT('',(0.,1.570796326795));
#177 = ( GEOMETRIC_REPRESENTATION_CONTEXT(2) 
PARAMETRIC_REPRESENTATION_CONTEXT() REPRESENTATION_CONTEXT('2D SPACE',''
  ) );
#178 = PCURVE('',#66,#179);
#179 = DEFINITIONAL_REPRESENTATION('',(#180),#183);
#180 = B_SPLINE_CURVE_WITH_KNOTS('',1,(#181,#182),.UNSPECIFIED.,.F.,.F.,
  (2,2),(0.,1.570796326795),.PIECEWISE_BEZIER_KNOTS.);
#181 = CARTESIAN_POINT('',(6.28318530718,0.));
#182 = CARTESIAN_POINT('',(6.28318530718,1.570796326795));
#183 = ( GEOMETRIC_REPRESENTATION_CONTEXT(2) 
PARAMETRIC_REPRESENTATION_CONTEXT() REPRESENTATION_CONTEXT('2D SPACE',''
  ) );
#184 = ORIENTED_EDGE('',*,*,#51,.T.);
#185 = ORIENTED_EDGE('',*,*,#163,.T.);
#186 = ORIENTED_EDGE('',*,*,#187,.F.);
#187 = EDGE_CURVE('',#164,#164,#188,.T.);
#188 = SURFACE_CURVE('',#189,(#194,#201),.PCURVE_S1.);
#189 = CIRCLE('',#190,89.);
#190 = AXIS2_PLACEMENT_3D('',#191,#192,#193);
#191 = CARTESIAN_POINT('',(0.,0.,12.));
#192 = DIRECTION('',(0.,0.,1.));
#193 = DIRECTION('',(1.,0.,-0.));
#194 = PCURVE('',#66,#195);
#195 = DEFINITIONAL_REPRESENTATION('',(#196),#200);
#196 = LINE('',#197,#198);
#197 = CARTESIAN_POINT('',(0.,1.570796326795));
#198 = VECTOR('',#199,1.);
#199 = DIRECTION('',(1.,0.));
#200 = ( GEOMETRIC_REPRESENTATION_CONTEXT(2) 
PARAMETRIC_REPRESENTATION_CONTEXT() REPRESENTATION_CONTEXT('2D SPACE',''
  ) );
#201 = PCURVE('',#202,#207);
#202 = PLANE('',#203);
#203 = AXIS2_PLACEMENT_3D('',#204,#205,#206);
#204 = CARTESIAN_POINT('',(-5.707576205382E-15,7.659568893379E-15,12.));
#205 = DIRECTION('',(0.,0.,1.));
#206 = DIRECTION('',(1.,0.,-0.));
#207 = DEFINITIONAL_REPRESENTATION('',(#208),#212);
#208 = CIRCLE('',#209,89.);
#209 = AXIS2_PLACEMENT_2D('',#210,#211);
#210 = CARTESIAN_POINT('',(5.707576205382E-15,-7.659568893379E-15));
#211 = DIRECTION('',(1.,0.));
#212 = ( GEOMETRIC_REPRESENTATION_CONTEXT(2) 
PARAMETRIC_REPRESENTATION_CONTEXT() REPRESENTATION_CONTEXT('2D SPACE',''
  ) );
#213 = ADVANCED_FACE('',(#214,#217),#148,.F.);
#214 = FACE_BOUND('',#215,.F.);
#215 = EDGE_LOOP('',(#216));
#216 = ORIENTED_EDGE('',*,*,#133,.T.);
#217 = FACE_BOUND('',#218,.F.);
#218 = EDGE_LOOP('',(#219));
#219 = ORIENTED_EDGE('',*,*,#220,.T.);
#220 = EDGE_CURVE('',#221,#221,#223,.T.);
#221 = VERTEX_POINT('',#222);
#222 = CARTESIAN_POINT('',(81.,-1.983927814619E-14,0.));
#223 = SURFACE_CURVE('',#224,(#229,#240),.PCURVE_S1.);
#224 = CIRCLE('',#225,81.);
#225 = AXIS2_PLACEMENT_3D('',#226,#227,#228);
#226 = CARTESIAN_POINT('',(0.,0.,0.));
#227 = DIRECTION('',(0.,-0.,-1.));
#228 = DIRECTION('',(1.,-2.449293598295E-16,0.));
#229 = PCURVE('',#148,#230);
#230 = DEFINITIONAL_REPRESENTATION('',(#231),#239);
#231 = ( BOUNDED_CURVE() B_SPLINE_CURVE(2,(#232,#233,#234,#235,#236,#237
,#238),.UNSPECIFIED.,.T.,.F.) B_SPLINE_CURVE_WITH_KNOTS((1,2,2,2,2,1),(
    -2.094395102393,0.,2.094395102393,4.188790204786,6.28318530718,
8.377580409573),.UNSPECIFIED.) CURVE() GEOMETRIC_REPRESENTATION_ITEM() 
RATIONAL_B_SPLINE_CURVE((1.,0.5,1.,0.5,1.,0.5,1.)) REPRESENTATION_ITEM(
  '') );
#232 = CARTESIAN_POINT('',(81.,-2.749884703957E-14));
#233 = CARTESIAN_POINT('',(81.,-140.296115413));
#234 = CARTESIAN_POINT('',(-40.5,-70.14805770654));
#235 = CARTESIAN_POINT('',(-162.,1.217970925281E-14));
#236 = CARTESIAN_POINT('',(-40.5,70.14805770654));
#237 = CARTESIAN_POINT('',(81.,140.29611541307));
#238 = CARTESIAN_POINT('',(81.,-2.749884703957E-14));
#239 = ( GEOMETRIC_REPRESENTATION_CONTEXT(2) 
PARAMETRIC_REPRESENTATION_CONTEXT() REPRESENTATION_CONTEXT('2D SPACE',''
  ) );
#240 = PCURVE('',#241,#246);
#241 = TOROIDAL_SURFACE('',#242,81.,3.);
#242 = AXIS2_PLACEMENT_3D('',#243,#244,#245);
#243 = CARTESIAN_POINT('',(0.,0.,3.));
#244 = DIRECTION('',(-0.,-0.,-1.));
#245 = DIRECTION('',(1.,-2.449293598295E-16,0.));
#246 = DEFINITIONAL_REPRESENTATION('',(#247),#251);
#247 = LINE('',#248,#249);
#248 = CARTESIAN_POINT('',(0.,1.570796326795));
#249 = VECTOR('',#250,1.);
#250 = DIRECTION('',(1.,0.));
#251 = ( GEOMETRIC_REPRESENTATION_CONTEXT(2) 
PARAMETRIC_REPRESENTATION_CONTEXT() REPRESENTATION_CONTEXT('2D SPACE',''
  ) );
#252 = ADVANCED_FACE('',(#253,#288),#202,.T.);
#253 = FACE_BOUND('',#254,.T.);
#254 = EDGE_LOOP('',(#255));
#255 = ORIENTED_EDGE('',*,*,#256,.T.);
#256 = EDGE_CURVE('',#257,#257,#259,.T.);
#257 = VERTEX_POINT('',#258);
#258 = CARTESIAN_POINT('',(81.,-1.983927814619E-14,12.));
#259 = SURFACE_CURVE('',#260,(#265,#276),.PCURVE_S1.);
#260 = CIRCLE('',#261,81.);
#261 = AXIS2_PLACEMENT_3D('',#262,#263,#264);
#262 = CARTESIAN_POINT('',(0.,0.,12.));
#263 = DIRECTION('',(0.,-0.,-1.));
#264 = DIRECTION('',(1.,-2.449293598295E-16,0.));
#265 = PCURVE('',#202,#266);
#266 = DEFINITIONAL_REPRESENTATION('',(#267),#275);
#267 = ( BOUNDED_CURVE() B_SPLINE_CURVE(2,(#268,#269,#270,#271,#272,#273
,#274),.UNSPECIFIED.,.T.,.F.) B_SPLINE_CURVE_WITH_KNOTS((1,2,2,2,2,1),(
    -2.094395102393,0.,2.094395102393,4.188790204786,6.28318530718,
8.377580409573),.UNSPECIFIED.) CURVE() GEOMETRIC_REPRESENTATION_ITEM() 
RATIONAL_B_SPLINE_CURVE((1.,0.5,1.,0.5,1.,0.5,1.)) REPRESENTATION_ITEM(
  '') );
#268 = CARTESIAN_POINT('',(81.,-2.749884703957E-14));
#269 = CARTESIAN_POINT('',(81.,-140.296115413));
#270 = CARTESIAN_POINT('',(-40.5,-70.14805770654));
#271 = CARTESIAN_POINT('',(-162.,1.217970925281E-14));
#272 = CARTESIAN_POINT('',(-40.5,70.14805770654));
#273 = CARTESIAN_POINT('',(81.,140.29611541307));
#274 = CARTESIAN_POINT('',(81.,-2.749884703957E-14));
#275 = ( GEOMETRIC_REPRESENTATION_CONTEXT(2) 
PARAMETRIC_REPRESENTATION_CONTEXT() REPRESENTATION_CONTEXT('2D SPACE',''
  ) );
#276 = PCURVE('',#277,#282);
#277 = TOROIDAL_SURFACE('',#278,81.,3.);
#278 = AXIS2_PLACEMENT_3D('',#279,#280,#281);
#279 = CARTESIAN_POINT('',(0.,0.,9.));
#280 = DIRECTION('',(0.,0.,1.));
#281 = DIRECTION('',(1.,-2.449293598295E-16,0.));
#282 = DEFINITIONAL_REPRESENTATION('',(#283),#287);
#283 = LINE('',#284,#285);
#284 = CARTESIAN_POINT('',(-0.,1.570796326795));
#285 = VECTOR('',#286,1.);
#286 = DIRECTION('',(-1.,0.));
#287 = ( GEOMETRIC_REPRESENTATION_CONTEXT(2) 
PARAMETRIC_REPRESENTATION_CONTEXT() REPRESENTATION_CONTEXT('2D SPACE',''
  ) );
#288 = FACE_BOUND('',#289,.T.);
#289 = EDGE_LOOP('',(#290));
#290 = ORIENTED_EDGE('',*,*,#187,.T.);
#291 = ADVANCED_FACE('',(#292),#241,.T.);
#292 = FACE_BOUND('',#293,.T.);
#293 = EDGE_LOOP('',(#294,#396,#425,#445,#446,#447,#471,#571,#620,#664,
    #764,#788,#888,#937,#981,#1081,#1105,#1205,#1254));
#294 = ORIENTED_EDGE('',*,*,#295,.T.);
#295 = EDGE_CURVE('',#296,#298,#300,.T.);
#296 = VERTEX_POINT('',#297);
#297 = CARTESIAN_POINT('',(70.049981495186,-34.66987298107,
    2.033085719623));
#298 = VERTEX_POINT('',#299);
#299 = CARTESIAN_POINT('',(69.911052506247,-34.58966229191,3.));
#300 = SURFACE_CURVE('',#301,(#329,#360),.PCURVE_S1.);
#301 = B_SPLINE_CURVE_WITH_KNOTS('',6,(#302,#303,#304,#305,#306,#307,
    #308,#309,#310,#311,#312,#313,#314,#315,#316,#317,#318,#319,#320,
    #321,#322,#323,#324,#325,#326,#327,#328),.UNSPECIFIED.,.F.,.F.,(7,5,
    5,5,5,7),(0.,2.402068693475E-02,0.357243107269,0.520277331165,
    0.681240356464,1.),.UNSPECIFIED.);
#302 = CARTESIAN_POINT('',(72.514284256857,-36.09263884389,0.));
#303 = CARTESIAN_POINT('',(72.49792884656,-36.08319604335,
    -1.154204254165E-18));
#304 = CARTESIAN_POINT('',(72.481573434451,-36.07375324177,
    1.42122757134E-04));
#305 = CARTESIAN_POINT('',(72.465219178946,-36.06431110795,
    4.263677562147E-04));
#306 = CARTESIAN_POINT('',(72.448867238187,-36.05487031055,
    8.52717883654E-04));
#307 = CARTESIAN_POINT('',(72.432518770033,-36.04543151806,
    1.421139427463E-03));
#308 = CARTESIAN_POINT('',(72.189448141994,-35.90509462553,
    1.19870628932E-02));
#309 = CARTESIAN_POINT('',(71.963576333714,-35.77468747622,
    4.91748809014E-02));
#310 = CARTESIAN_POINT('',(71.741730288337,-35.6466046022,0.113572722994
    ));
#311 = CARTESIAN_POINT('',(71.526928707243,-35.52258885153,
    0.204390123806));
#312 = CARTESIAN_POINT('',(71.322061700053,-35.40430882978,
    0.320338602445));
#313 = CARTESIAN_POINT('',(71.035769871172,-35.23901816531,
    0.527541151779));
#314 = CARTESIAN_POINT('',(70.944730338547,-35.18645646664,
    0.601168248375));
#315 = CARTESIAN_POINT('',(70.857016542202,-35.13581488271,
    0.680128130823));
#316 = CARTESIAN_POINT('',(70.772920109614,-35.08726178472,
    0.764170174082));
#317 = CARTESIAN_POINT('',(70.692713380848,-35.04095440828,
    0.853015799655));
#318 = CARTESIAN_POINT('',(70.541550685163,-34.95368058523,
    1.038515734294));
#319 = CARTESIAN_POINT('',(70.470488784588,-34.91265297781,
    1.135058162407));
#320 = CARTESIAN_POINT('',(70.403706035535,-34.87409593966,
    1.235690987408));
#321 = CARTESIAN_POINT('',(70.341422002892,-34.83813623665,
    1.340098307957));
#322 = CARTESIAN_POINT('',(70.283832489872,-34.80488691581,
    1.447943641139));
#323 = CARTESIAN_POINT('',(70.126699417018,-34.71416609389,
    1.778541391772));
#324 = CARTESIAN_POINT('',(70.041355813945,-34.66489294169,2.01033244873
    ));
#325 = CARTESIAN_POINT('',(69.976446283299,-34.6274174067,2.251423948671
    ));
#326 = CARTESIAN_POINT('',(69.932846707327,-34.60224517977,
    2.498825766044));
#327 = CARTESIAN_POINT('',(69.911052506247,-34.58966229191,
    2.749430960383));
#328 = CARTESIAN_POINT('',(69.911052506247,-34.58966229191,3.));
#329 = PCURVE('',#241,#330);
#330 = DEFINITIONAL_REPRESENTATION('',(#331),#359);
#331 = B_SPLINE_CURVE_WITH_KNOTS('',6,(#332,#333,#334,#335,#336,#337,
    #338,#339,#340,#341,#342,#343,#344,#345,#346,#347,#348,#349,#350,
    #351,#352,#353,#354,#355,#356,#357,#358),.UNSPECIFIED.,.F.,.F.,(7,5,
    5,5,5,7),(0.,2.402068693475E-02,0.357243107269,0.520277331165,
    0.681240356464,1.),.UNSPECIFIED.);
#332 = CARTESIAN_POINT('',(0.461831111573,1.570796326795));
#333 = CARTESIAN_POINT('',(0.461816719254,1.577079522107));
#334 = CARTESIAN_POINT('',(0.461802318896,1.583362711384));
#335 = CARTESIAN_POINT('',(0.461787911508,1.589645896148));
#336 = CARTESIAN_POINT('',(0.461773498106,1.595929077923));
#337 = CARTESIAN_POINT('',(0.461759079708,1.602212258239));
#338 = CARTESIAN_POINT('',(0.461544585703,1.695657666032));
#339 = CARTESIAN_POINT('',(0.461343717358,1.782833540471));
#340 = CARTESIAN_POINT('',(0.461144849795,1.86999779606));
#341 = CARTESIAN_POINT('',(0.460950790713,1.957170136051));
#342 = CARTESIAN_POINT('',(0.460764374303,2.044370102761));
#343 = CARTESIAN_POINT('',(0.460502219161,2.174234815922));
#344 = CARTESIAN_POINT('',(0.460418572839,2.216902749733));
#345 = CARTESIAN_POINT('',(0.460337721887,2.259573813692));
#346 = CARTESIAN_POINT('',(0.460259970513,2.302248642896));
#347 = CARTESIAN_POINT('',(0.460185608236,2.344927792281));
#348 = CARTESIAN_POINT('',(0.460045104703,2.429750799971));
#349 = CARTESIAN_POINT('',(0.45997886974,2.471895333572));
#350 = CARTESIAN_POINT('',(0.459916464415,2.514043191686));
#351 = CARTESIAN_POINT('',(0.459858130072,2.556194731987));
#352 = CARTESIAN_POINT('',(0.459804085038,2.598350232401));
#353 = CARTESIAN_POINT('',(0.459656371453,2.723996090916));
#354 = CARTESIAN_POINT('',(0.459575782217,2.807508467643));
#355 = CARTESIAN_POINT('',(0.459514285547,2.891017818695));
#356 = CARTESIAN_POINT('',(0.459472910977,2.974534751754));
#357 = CARTESIAN_POINT('',(0.459452229064,3.058069640384));
#358 = CARTESIAN_POINT('',(0.459452229064,3.14159265359));
#359 = ( GEOMETRIC_REPRESENTATION_CONTEXT(2) 
PARAMETRIC_REPRESENTATION_CONTEXT() REPRESENTATION_CONTEXT('2D SPACE',''
  ) );
#360 = PCURVE('',#361,#366);
#361 = PLANE('',#362);
#362 = AXIS2_PLACEMENT_3D('',#363,#364,#365);
#363 = CARTESIAN_POINT('',(18.08845726812,-4.669872981078,0.));
#364 = DIRECTION('',(0.5,0.866025403784,0.));
#365 = DIRECTION('',(0.,0.,1.));
#366 = DEFINITIONAL_REPRESENTATION('',(#367),#395);
#367 = B_SPLINE_CURVE_WITH_KNOTS('',6,(#368,#369,#370,#371,#372,#373,
    #374,#375,#376,#377,#378,#379,#380,#381,#382,#383,#384,#385,#386,
    #387,#388,#389,#390,#391,#392,#393,#394),.UNSPECIFIED.,.F.,.F.,(7,5,
    5,5,5,7),(0.,2.402068693475E-02,0.357243107269,0.520277331165,
    0.681240356464,1.),.UNSPECIFIED.);
#368 = CARTESIAN_POINT('',(0.,62.845531725631));
#369 = CARTESIAN_POINT('',(-1.154204254165E-18,62.826646124555));
#370 = CARTESIAN_POINT('',(1.42122757134E-04,62.807760521387));
#371 = CARTESIAN_POINT('',(4.263677562147E-04,62.788876253752));
#372 = CARTESIAN_POINT('',(8.52717883654E-04,62.769994658953));
#373 = CARTESIAN_POINT('',(1.421139427463E-03,62.751117073974));
#374 = CARTESIAN_POINT('',(1.19870628932E-02,62.470443288914));
#375 = CARTESIAN_POINT('',(4.91748809014E-02,62.209628990288));
#376 = CARTESIAN_POINT('',(0.113572722994,61.953463242254));
#377 = CARTESIAN_POINT('',(0.204390123806,61.70543174092));
#378 = CARTESIAN_POINT('',(0.320338602445,61.468871697421));
#379 = CARTESIAN_POINT('',(0.527541151779,61.138290368479));
#380 = CARTESIAN_POINT('',(0.601168248375,61.033166971142));
#381 = CARTESIAN_POINT('',(0.680128130823,60.93188380328));
#382 = CARTESIAN_POINT('',(0.764170174082,60.834777607295));
#383 = CARTESIAN_POINT('',(0.853015799655,60.742162854408));
#384 = CARTESIAN_POINT('',(1.038515734294,60.567615208317));
#385 = CARTESIAN_POINT('',(1.135058162407,60.485559993464));
#386 = CARTESIAN_POINT('',(1.235690987408,60.408445917178));
#387 = CARTESIAN_POINT('',(1.340098307957,60.336526511154));
#388 = CARTESIAN_POINT('',(1.447943641139,60.270027869464));
#389 = CARTESIAN_POINT('',(1.778541391772,60.088586225642));
#390 = CARTESIAN_POINT('',(2.01033244873,59.990039921227));
#391 = CARTESIAN_POINT('',(2.251423948671,59.915088851244));
#392 = CARTESIAN_POINT('',(2.498825766044,59.864744397396));
#393 = CARTESIAN_POINT('',(2.749430960383,59.839578621675));
#394 = CARTESIAN_POINT('',(3.,59.839578621675));
#395 = ( GEOMETRIC_REPRESENTATION_CONTEXT(2) 
PARAMETRIC_REPRESENTATION_CONTEXT() REPRESENTATION_CONTEXT('2D SPACE',''
  ) );
#396 = ORIENTED_EDGE('',*,*,#397,.F.);
#397 = EDGE_CURVE('',#398,#298,#400,.T.);
#398 = VERTEX_POINT('',#399);
#399 = CARTESIAN_POINT('',(78.,-1.91044900667E-14,3.));
#400 = SURFACE_CURVE('',#401,(#406,#413),.PCURVE_S1.);
#401 = CIRCLE('',#402,78.);
#402 = AXIS2_PLACEMENT_3D('',#403,#404,#405);
#403 = CARTESIAN_POINT('',(0.,0.,3.));
#404 = DIRECTION('',(0.,-0.,-1.));
#405 = DIRECTION('',(1.,-2.449293598295E-16,0.));
#406 = PCURVE('',#241,#407);
#407 = DEFINITIONAL_REPRESENTATION('',(#408),#412);
#408 = LINE('',#409,#410);
#409 = CARTESIAN_POINT('',(0.,3.14159265359));
#410 = VECTOR('',#411,1.);
#411 = DIRECTION('',(1.,0.));
#412 = ( GEOMETRIC_REPRESENTATION_CONTEXT(2) 
PARAMETRIC_REPRESENTATION_CONTEXT() REPRESENTATION_CONTEXT('2D SPACE',''
  ) );
#413 = PCURVE('',#414,#419);
#414 = CYLINDRICAL_SURFACE('',#415,78.);
#415 = AXIS2_PLACEMENT_3D('',#416,#417,#418);
#416 = CARTESIAN_POINT('',(0.,0.,-1.));
#417 = DIRECTION('',(-0.,-0.,-1.));
#418 = DIRECTION('',(1.,0.,0.));
#419 = DEFINITIONAL_REPRESENTATION('',(#420),#424);
#420 = LINE('',#421,#422);
#421 = CARTESIAN_POINT('',(-6.28318530718,-4.));
#422 = VECTOR('',#423,1.);
#423 = DIRECTION('',(1.,-0.));
#424 = ( GEOMETRIC_REPRESENTATION_CONTEXT(2) 
PARAMETRIC_REPRESENTATION_CONTEXT() REPRESENTATION_CONTEXT('2D SPACE',''
  ) );
#425 = ORIENTED_EDGE('',*,*,#426,.F.);
#426 = EDGE_CURVE('',#221,#398,#427,.T.);
#427 = SEAM_CURVE('',#428,(#433,#439),.PCURVE_S1.);
#428 = CIRCLE('',#429,3.);
#429 = AXIS2_PLACEMENT_3D('',#430,#431,#432);
#430 = CARTESIAN_POINT('',(81.,-1.983927814619E-14,3.));
#431 = DIRECTION('',(2.449293598295E-16,1.,0.));
#432 = DIRECTION('',(1.,-2.449293598295E-16,0.));
#433 = PCURVE('',#241,#434);
#434 = DEFINITIONAL_REPRESENTATION('',(#435),#438);
#435 = B_SPLINE_CURVE_WITH_KNOTS('',1,(#436,#437),.UNSPECIFIED.,.F.,.F.,
  (2,2),(1.570796326795,3.14159265359),.PIECEWISE_BEZIER_KNOTS.);
#436 = CARTESIAN_POINT('',(0.,1.570796326795));
#437 = CARTESIAN_POINT('',(0.,3.14159265359));
#438 = ( GEOMETRIC_REPRESENTATION_CONTEXT(2) 
PARAMETRIC_REPRESENTATION_CONTEXT() REPRESENTATION_CONTEXT('2D SPACE',''
  ) );
#439 = PCURVE('',#241,#440);
#440 = DEFINITIONAL_REPRESENTATION('',(#441),#444);
#441 = B_SPLINE_CURVE_WITH_KNOTS('',1,(#442,#443),.UNSPECIFIED.,.F.,.F.,
  (2,2),(1.570796326795,3.14159265359),.PIECEWISE_BEZIER_KNOTS.);
#442 = CARTESIAN_POINT('',(6.28318530718,1.570796326795));
#443 = CARTESIAN_POINT('',(6.28318530718,3.14159265359));
#444 = ( GEOMETRIC_REPRESENTATION_CONTEXT(2) 
PARAMETRIC_REPRESENTATION_CONTEXT() REPRESENTATION_CONTEXT('2D SPACE',''
  ) );
#445 = ORIENTED_EDGE('',*,*,#220,.T.);
#446 = ORIENTED_EDGE('',*,*,#426,.T.);
#447 = ORIENTED_EDGE('',*,*,#448,.F.);
#448 = EDGE_CURVE('',#449,#398,#451,.T.);
#449 = VERTEX_POINT('',#450);
#450 = CARTESIAN_POINT('',(5.,77.839578621675,3.));
#451 = SURFACE_CURVE('',#452,(#457,#464),.PCURVE_S1.);
#452 = CIRCLE('',#453,78.);
#453 = AXIS2_PLACEMENT_3D('',#454,#455,#456);
#454 = CARTESIAN_POINT('',(0.,0.,3.));
#455 = DIRECTION('',(0.,-0.,-1.));
#456 = DIRECTION('',(1.,-2.449293598295E-16,0.));
#457 = PCURVE('',#241,#458);
#458 = DEFINITIONAL_REPRESENTATION('',(#459),#463);
#459 = LINE('',#460,#461);
#460 = CARTESIAN_POINT('',(0.,3.14159265359));
#461 = VECTOR('',#462,1.);
#462 = DIRECTION('',(1.,0.));
#463 = ( GEOMETRIC_REPRESENTATION_CONTEXT(2) 
PARAMETRIC_REPRESENTATION_CONTEXT() REPRESENTATION_CONTEXT('2D SPACE',''
  ) );
#464 = PCURVE('',#414,#465);
#465 = DEFINITIONAL_REPRESENTATION('',(#466),#470);
#466 = LINE('',#467,#468);
#467 = CARTESIAN_POINT('',(-6.28318530718,-4.));
#468 = VECTOR('',#469,1.);
#469 = DIRECTION('',(1.,-0.));
#470 = ( GEOMETRIC_REPRESENTATION_CONTEXT(2) 
PARAMETRIC_REPRESENTATION_CONTEXT() REPRESENTATION_CONTEXT('2D SPACE',''
  ) );
#471 = ORIENTED_EDGE('',*,*,#472,.F.);
#472 = EDGE_CURVE('',#473,#449,#475,.T.);
#473 = VERTEX_POINT('',#474);
#474 = CARTESIAN_POINT('',(5.,78.,2.033085719623));
#475 = SURFACE_CURVE('',#476,(#504,#535),.PCURVE_S1.);
#476 = B_SPLINE_CURVE_WITH_KNOTS('',6,(#477,#478,#479,#480,#481,#482,
    #483,#484,#485,#486,#487,#488,#489,#490,#491,#492,#493,#494,#495,
    #496,#497,#498,#499,#500,#501,#502,#503),.UNSPECIFIED.,.F.,.F.,(7,5,
    5,5,5,7),(0.,2.402068693477E-02,0.357243107269,0.520277331164,
    0.681240356464,1.),.UNSPECIFIED.);
#477 = CARTESIAN_POINT('',(5.,80.845531725631,0.));
#478 = CARTESIAN_POINT('',(5.,80.826646124555,-1.154204254165E-18));
#479 = CARTESIAN_POINT('',(5.,80.807760521387,1.421227571343E-04));
#480 = CARTESIAN_POINT('',(5.,80.788876253752,4.263677562151E-04));
#481 = CARTESIAN_POINT('',(5.,80.769994658953,8.52717883654E-04));
#482 = CARTESIAN_POINT('',(5.,80.751117073974,1.421139427463E-03));
#483 = CARTESIAN_POINT('',(5.,80.470443288914,1.198706289319E-02));
#484 = CARTESIAN_POINT('',(5.,80.209628990288,4.917488090141E-02));
#485 = CARTESIAN_POINT('',(5.,79.953463242254,0.113572722994));
#486 = CARTESIAN_POINT('',(5.,79.70543174092,0.204390123806));
#487 = CARTESIAN_POINT('',(5.,79.468871697421,0.320338602445));
#488 = CARTESIAN_POINT('',(5.,79.138290368479,0.527541151779));
#489 = CARTESIAN_POINT('',(5.,79.033166971142,0.601168248375));
#490 = CARTESIAN_POINT('',(5.,78.93188380328,0.680128130823));
#491 = CARTESIAN_POINT('',(5.,78.834777607295,0.764170174082));
#492 = CARTESIAN_POINT('',(5.,78.742162854408,0.853015799655));
#493 = CARTESIAN_POINT('',(5.,78.567615208317,1.038515734294));
#494 = CARTESIAN_POINT('',(5.,78.485559993464,1.135058162407));
#495 = CARTESIAN_POINT('',(5.,78.408445917178,1.235690987408));
#496 = CARTESIAN_POINT('',(5.,78.336526511154,1.340098307957));
#497 = CARTESIAN_POINT('',(5.,78.270027869464,1.447943641139));
#498 = CARTESIAN_POINT('',(5.,78.088586225642,1.778541391772));
#499 = CARTESIAN_POINT('',(5.,77.990039921227,2.010332448729));
#500 = CARTESIAN_POINT('',(5.,77.915088851244,2.251423948672));
#501 = CARTESIAN_POINT('',(5.,77.864744397396,2.498825766044));
#502 = CARTESIAN_POINT('',(5.,77.839578621675,2.749430960383));
#503 = CARTESIAN_POINT('',(5.,77.839578621675,3.));
#504 = PCURVE('',#241,#505);
#505 = DEFINITIONAL_REPRESENTATION('',(#506),#534);
#506 = B_SPLINE_CURVE_WITH_KNOTS('',6,(#507,#508,#509,#510,#511,#512,
    #513,#514,#515,#516,#517,#518,#519,#520,#521,#522,#523,#524,#525,
    #526,#527,#528,#529,#530,#531,#532,#533),.UNSPECIFIED.,.F.,.F.,(7,5,
    5,5,5,7),(0.,2.402068693477E-02,0.357243107269,0.520277331164,
    0.681240356464,1.),.UNSPECIFIED.);
#507 = CARTESIAN_POINT('',(4.77415664441,1.570796326795));
#508 = CARTESIAN_POINT('',(4.774171036729,1.577079522107));
#509 = CARTESIAN_POINT('',(4.774185437087,1.583362711384));
#510 = CARTESIAN_POINT('',(4.774199844475,1.589645896148));
#511 = CARTESIAN_POINT('',(4.774214257877,1.595929077923));
#512 = CARTESIAN_POINT('',(4.774228676275,1.602212258239));
#513 = CARTESIAN_POINT('',(4.77444317028,1.695657666032));
#514 = CARTESIAN_POINT('',(4.774644038625,1.782833540471));
#515 = CARTESIAN_POINT('',(4.774842906188,1.86999779606));
#516 = CARTESIAN_POINT('',(4.77503696527,1.957170136051));
#517 = CARTESIAN_POINT('',(4.77522338168,2.044370102761));
#518 = CARTESIAN_POINT('',(4.775485536822,2.174234815922));
#519 = CARTESIAN_POINT('',(4.775569183144,2.216902749733));
#520 = CARTESIAN_POINT('',(4.775650034096,2.259573813692));
#521 = CARTESIAN_POINT('',(4.77572778547,2.302248642896));
#522 = CARTESIAN_POINT('',(4.775802147747,2.344927792281));
#523 = CARTESIAN_POINT('',(4.77594265128,2.429750799971));
#524 = CARTESIAN_POINT('',(4.776008886243,2.471895333572));
#525 = CARTESIAN_POINT('',(4.776071291568,2.514043191686));
#526 = CARTESIAN_POINT('',(4.776129625911,2.556194731987));
#527 = CARTESIAN_POINT('',(4.776183670945,2.598350232401));
#528 = CARTESIAN_POINT('',(4.77633138453,2.723996090916));
#529 = CARTESIAN_POINT('',(4.776411973766,2.807508467643));
#530 = CARTESIAN_POINT('',(4.776473470436,2.891017818696));
#531 = CARTESIAN_POINT('',(4.776514845006,2.974534751754));
#532 = CARTESIAN_POINT('',(4.776535526919,3.058069640384));
#533 = CARTESIAN_POINT('',(4.776535526919,3.14159265359));
#534 = ( GEOMETRIC_REPRESENTATION_CONTEXT(2) 
PARAMETRIC_REPRESENTATION_CONTEXT() REPRESENTATION_CONTEXT('2D SPACE',''
  ) );
#535 = PCURVE('',#536,#541);
#536 = PLANE('',#537);
#537 = AXIS2_PLACEMENT_3D('',#538,#539,#540);
#538 = CARTESIAN_POINT('',(5.,18.,0.));
#539 = DIRECTION('',(-1.,1.110223024625E-16,0.));
#540 = DIRECTION('',(0.,0.,1.));
#541 = DEFINITIONAL_REPRESENTATION('',(#542),#570);
#542 = B_SPLINE_CURVE_WITH_KNOTS('',6,(#543,#544,#545,#546,#547,#548,
    #549,#550,#551,#552,#553,#554,#555,#556,#557,#558,#559,#560,#561,
    #562,#563,#564,#565,#566,#567,#568,#569),.UNSPECIFIED.,.F.,.F.,(7,5,
    5,5,5,7),(0.,2.402068693477E-02,0.357243107269,0.520277331164,
    0.681240356464,1.),.UNSPECIFIED.);
#543 = CARTESIAN_POINT('',(0.,62.845531725631));
#544 = CARTESIAN_POINT('',(-1.154204254165E-18,62.826646124555));
#545 = CARTESIAN_POINT('',(1.421227571343E-04,62.807760521387));
#546 = CARTESIAN_POINT('',(4.263677562151E-04,62.788876253752));
#547 = CARTESIAN_POINT('',(8.52717883654E-04,62.769994658953));
#548 = CARTESIAN_POINT('',(1.421139427463E-03,62.751117073974));
#549 = CARTESIAN_POINT('',(1.198706289319E-02,62.470443288914));
#550 = CARTESIAN_POINT('',(4.917488090141E-02,62.209628990288));
#551 = CARTESIAN_POINT('',(0.113572722994,61.953463242254));
#552 = CARTESIAN_POINT('',(0.204390123806,61.70543174092));
#553 = CARTESIAN_POINT('',(0.320338602445,61.468871697421));
#554 = CARTESIAN_POINT('',(0.527541151779,61.138290368479));
#555 = CARTESIAN_POINT('',(0.601168248375,61.033166971142));
#556 = CARTESIAN_POINT('',(0.680128130823,60.93188380328));
#557 = CARTESIAN_POINT('',(0.764170174082,60.834777607295));
#558 = CARTESIAN_POINT('',(0.853015799655,60.742162854408));
#559 = CARTESIAN_POINT('',(1.038515734294,60.567615208317));
#560 = CARTESIAN_POINT('',(1.135058162407,60.485559993464));
#561 = CARTESIAN_POINT('',(1.235690987408,60.408445917178));
#562 = CARTESIAN_POINT('',(1.340098307957,60.336526511154));
#563 = CARTESIAN_POINT('',(1.447943641139,60.270027869464));
#564 = CARTESIAN_POINT('',(1.778541391772,60.088586225642));
#565 = CARTESIAN_POINT('',(2.010332448729,59.990039921227));
#566 = CARTESIAN_POINT('',(2.251423948672,59.915088851244));
#567 = CARTESIAN_POINT('',(2.498825766044,59.864744397396));
#568 = CARTESIAN_POINT('',(2.749430960383,59.839578621675));
#569 = CARTESIAN_POINT('',(3.,59.839578621675));
#570 = ( GEOMETRIC_REPRESENTATION_CONTEXT(2) 
PARAMETRIC_REPRESENTATION_CONTEXT() REPRESENTATION_CONTEXT('2D SPACE',''
  ) );
#571 = ORIENTED_EDGE('',*,*,#572,.T.);
#572 = EDGE_CURVE('',#473,#573,#575,.T.);
#573 = VERTEX_POINT('',#574);
#574 = CARTESIAN_POINT('',(4.776122516675E-15,78.,3.));
#575 = SURFACE_CURVE('',#576,(#587,#601),.PCURVE_S1.);
#576 = B_SPLINE_CURVE_WITH_KNOTS('',5,(#577,#578,#579,#580,#581,#582,
    #583,#584,#585,#586),.UNSPECIFIED.,.F.,.F.,(6,4,6),(0.,
    0.655588272581,1.),.UNSPECIFIED.);
#577 = CARTESIAN_POINT('',(6.,78.,1.846971069769));
#578 = CARTESIAN_POINT('',(5.212195150243,78.,1.99210417553));
#579 = CARTESIAN_POINT('',(4.424924062232,78.,2.140251866363));
#580 = CARTESIAN_POINT('',(3.638076062052,78.,2.290710956958));
#581 = CARTESIAN_POINT('',(2.851537716127,78.,2.442822609088));
#582 = CARTESIAN_POINT('',(1.652080366593,78.,2.676383583481));
#583 = CARTESIAN_POINT('',(1.23902537905,78.,2.757102901932));
#584 = CARTESIAN_POINT('',(0.826005270425,78.,2.83800709666));
#585 = CARTESIAN_POINT('',(0.413002640481,78.,2.919003483973));
#586 = CARTESIAN_POINT('',(1.95399252334E-14,78.,3.));
#587 = PCURVE('',#241,#588);
#588 = DEFINITIONAL_REPRESENTATION('',(#589),#600);
#589 = B_SPLINE_CURVE_WITH_KNOTS('',5,(#590,#591,#592,#593,#594,#595,
    #596,#597,#598,#599),.UNSPECIFIED.,.F.,.F.,(6,4,6),(0.,
    0.655588272581,1.),.UNSPECIFIED.);
#590 = CARTESIAN_POINT('',(4.789160870818,2.747096611122));
#591 = CARTESIAN_POINT('',(4.779120220774,2.799499347628));
#592 = CARTESIAN_POINT('',(4.769066989105,2.851561577417));
#593 = CARTESIAN_POINT('',(4.759003951356,2.903366034321));
#594 = CARTESIAN_POINT('',(4.748933909618,2.954986955169));
#595 = CARTESIAN_POINT('',(4.733567023769,3.033556511632));
#596 = CARTESIAN_POINT('',(4.728273302579,3.060585969152));
#597 = CARTESIAN_POINT('',(4.722978791601,3.087594988137));
#598 = CARTESIAN_POINT('',(4.717683885998,3.114593833326));
#599 = CARTESIAN_POINT('',(4.712388980385,3.14159265359));
#600 = ( GEOMETRIC_REPRESENTATION_CONTEXT(2) 
PARAMETRIC_REPRESENTATION_CONTEXT() REPRESENTATION_CONTEXT('2D SPACE',''
  ) );
#601 = PCURVE('',#602,#607);
#602 = PLANE('',#603);
#603 = AXIS2_PLACEMENT_3D('',#604,#605,#606);
#604 = CARTESIAN_POINT('',(5.,78.,0.));
#605 = DIRECTION('',(1.110223024625E-16,1.,0.));
#606 = DIRECTION('',(0.,0.,1.));
#607 = DEFINITIONAL_REPRESENTATION('',(#608),#619);
#608 = B_SPLINE_CURVE_WITH_KNOTS('',5,(#609,#610,#611,#612,#613,#614,
    #615,#616,#617,#618),.UNSPECIFIED.,.F.,.F.,(6,4,6),(0.,
    0.655588272581,1.),.UNSPECIFIED.);
#609 = CARTESIAN_POINT('',(1.846971069769,1.));
#610 = CARTESIAN_POINT('',(1.99210417553,0.212195150243));
#611 = CARTESIAN_POINT('',(2.140251866363,-0.575075937768));
#612 = CARTESIAN_POINT('',(2.290710956958,-1.361923937948));
#613 = CARTESIAN_POINT('',(2.442822609088,-2.148462283873));
#614 = CARTESIAN_POINT('',(2.676383583481,-3.347919633407));
#615 = CARTESIAN_POINT('',(2.757102901932,-3.76097462095));
#616 = CARTESIAN_POINT('',(2.83800709666,-4.173994729575));
#617 = CARTESIAN_POINT('',(2.919003483973,-4.586997359519));
#618 = CARTESIAN_POINT('',(3.,-5.));
#619 = ( GEOMETRIC_REPRESENTATION_CONTEXT(2) 
PARAMETRIC_REPRESENTATION_CONTEXT() REPRESENTATION_CONTEXT('2D SPACE',''
  ) );
#620 = ORIENTED_EDGE('',*,*,#621,.F.);
#621 = EDGE_CURVE('',#622,#573,#624,.T.);
#622 = VERTEX_POINT('',#623);
#623 = CARTESIAN_POINT('',(-5.,78.,2.033085719623));
#624 = SURFACE_CURVE('',#625,(#636,#650),.PCURVE_S1.);
#625 = B_SPLINE_CURVE_WITH_KNOTS('',5,(#626,#627,#628,#629,#630,#631,
    #632,#633,#634,#635),.UNSPECIFIED.,.F.,.F.,(6,4,6),(0.,
    0.655588272581,1.),.UNSPECIFIED.);
#626 = CARTESIAN_POINT('',(-6.,78.,1.846971069769));
#627 = CARTESIAN_POINT('',(-5.212195150243,78.,1.99210417553));
#628 = CARTESIAN_POINT('',(-4.424924062231,78.,2.140251866363));
#629 = CARTESIAN_POINT('',(-3.638076062052,78.,2.290710956958));
#630 = CARTESIAN_POINT('',(-2.851537716126,78.,2.442822609088));
#631 = CARTESIAN_POINT('',(-1.652080366593,78.,2.676383583481));
#632 = CARTESIAN_POINT('',(-1.23902537905,78.,2.757102901932));
#633 = CARTESIAN_POINT('',(-0.826005270425,78.,2.83800709666));
#634 = CARTESIAN_POINT('',(-0.413002640481,78.,2.919003483972));
#635 = CARTESIAN_POINT('',(1.95399252334E-14,78.,3.));
#636 = PCURVE('',#241,#637);
#637 = DEFINITIONAL_REPRESENTATION('',(#638),#649);
#638 = B_SPLINE_CURVE_WITH_KNOTS('',5,(#639,#640,#641,#642,#643,#644,
    #645,#646,#647,#648),.UNSPECIFIED.,.F.,.F.,(6,4,6),(0.,
    0.655588272581,1.),.UNSPECIFIED.);
#639 = CARTESIAN_POINT('',(4.635617089951,2.747096611122));
#640 = CARTESIAN_POINT('',(4.645657739996,2.799499347628));
#641 = CARTESIAN_POINT('',(4.655710971664,2.851561577417));
#642 = CARTESIAN_POINT('',(4.665774009413,2.903366034321));
#643 = CARTESIAN_POINT('',(4.675844051152,2.954986955169));
#644 = CARTESIAN_POINT('',(4.691210937,3.033556511632));
#645 = CARTESIAN_POINT('',(4.696504658191,3.060585969152));
#646 = CARTESIAN_POINT('',(4.701799169168,3.087594988137));
#647 = CARTESIAN_POINT('',(4.707094074771,3.114593833326));
#648 = CARTESIAN_POINT('',(4.712388980385,3.14159265359));
#649 = ( GEOMETRIC_REPRESENTATION_CONTEXT(2) 
PARAMETRIC_REPRESENTATION_CONTEXT() REPRESENTATION_CONTEXT('2D SPACE',''
  ) );
#650 = PCURVE('',#602,#651);
#651 = DEFINITIONAL_REPRESENTATION('',(#652),#663);
#652 = B_SPLINE_CURVE_WITH_KNOTS('',5,(#653,#654,#655,#656,#657,#658,
    #659,#660,#661,#662),.UNSPECIFIED.,.F.,.F.,(6,4,6),(0.,
    0.655588272581,1.),.UNSPECIFIED.);
#653 = CARTESIAN_POINT('',(1.846971069769,-11.));
#654 = CARTESIAN_POINT('',(1.99210417553,-10.21219515024));
#655 = CARTESIAN_POINT('',(2.140251866363,-9.424924062231));
#656 = CARTESIAN_POINT('',(2.290710956958,-8.638076062053));
#657 = CARTESIAN_POINT('',(2.442822609088,-7.851537716126));
#658 = CARTESIAN_POINT('',(2.676383583481,-6.652080366593));
#659 = CARTESIAN_POINT('',(2.757102901932,-6.23902537905));
#660 = CARTESIAN_POINT('',(2.83800709666,-5.826005270425));
#661 = CARTESIAN_POINT('',(2.919003483972,-5.413002640481));
#662 = CARTESIAN_POINT('',(3.,-5.));
#663 = ( GEOMETRIC_REPRESENTATION_CONTEXT(2) 
PARAMETRIC_REPRESENTATION_CONTEXT() REPRESENTATION_CONTEXT('2D SPACE',''
  ) );
#664 = ORIENTED_EDGE('',*,*,#665,.T.);
#665 = EDGE_CURVE('',#622,#666,#668,.T.);
#666 = VERTEX_POINT('',#667);
#667 = CARTESIAN_POINT('',(-5.,77.839578621675,3.));
#668 = SURFACE_CURVE('',#669,(#697,#728),.PCURVE_S1.);
#669 = B_SPLINE_CURVE_WITH_KNOTS('',6,(#670,#671,#672,#673,#674,#675,
    #676,#677,#678,#679,#680,#681,#682,#683,#684,#685,#686,#687,#688,
    #689,#690,#691,#692,#693,#694,#695,#696),.UNSPECIFIED.,.F.,.F.,(7,5,
    5,5,5,7),(0.,2.402068693477E-02,0.357243107269,0.520277331165,
    0.681240356464,1.),.UNSPECIFIED.);
#670 = CARTESIAN_POINT('',(-5.,80.845531725631,0.));
#671 = CARTESIAN_POINT('',(-5.,80.826646124555,-1.154204254165E-18));
#672 = CARTESIAN_POINT('',(-5.,80.807760521387,1.421227571342E-04));
#673 = CARTESIAN_POINT('',(-5.,80.788876253752,4.26367756215E-04));
#674 = CARTESIAN_POINT('',(-5.,80.769994658953,8.527178836541E-04));
#675 = CARTESIAN_POINT('',(-5.,80.751117073974,1.421139427463E-03));
#676 = CARTESIAN_POINT('',(-5.,80.470443288914,1.19870628932E-02));
#677 = CARTESIAN_POINT('',(-5.,80.209628990288,4.917488090144E-02));
#678 = CARTESIAN_POINT('',(-5.,79.953463242254,0.113572722994));
#679 = CARTESIAN_POINT('',(-5.,79.70543174092,0.204390123806));
#680 = CARTESIAN_POINT('',(-5.,79.468871697421,0.320338602445));
#681 = CARTESIAN_POINT('',(-5.,79.138290368479,0.527541151779));
#682 = CARTESIAN_POINT('',(-5.,79.033166971142,0.601168248375));
#683 = CARTESIAN_POINT('',(-5.,78.93188380328,0.680128130823));
#684 = CARTESIAN_POINT('',(-5.,78.834777607295,0.764170174082));
#685 = CARTESIAN_POINT('',(-5.,78.742162854408,0.853015799655));
#686 = CARTESIAN_POINT('',(-5.,78.567615208317,1.038515734294));
#687 = CARTESIAN_POINT('',(-5.,78.485559993464,1.135058162407));
#688 = CARTESIAN_POINT('',(-5.,78.408445917178,1.235690987408));
#689 = CARTESIAN_POINT('',(-5.,78.336526511154,1.340098307957));
#690 = CARTESIAN_POINT('',(-5.,78.270027869464,1.447943641139));
#691 = CARTESIAN_POINT('',(-5.,78.088586225642,1.778541391772));
#692 = CARTESIAN_POINT('',(-5.,77.990039921227,2.01033244873));
#693 = CARTESIAN_POINT('',(-5.,77.915088851244,2.251423948671));
#694 = CARTESIAN_POINT('',(-5.,77.864744397396,2.498825766044));
#695 = CARTESIAN_POINT('',(-5.,77.839578621675,2.749430960383));
#696 = CARTESIAN_POINT('',(-5.,77.839578621675,3.));
#697 = PCURVE('',#241,#698);
#698 = DEFINITIONAL_REPRESENTATION('',(#699),#727);
#699 = B_SPLINE_CURVE_WITH_KNOTS('',6,(#700,#701,#702,#703,#704,#705,
    #706,#707,#708,#709,#710,#711,#712,#713,#714,#715,#716,#717,#718,
    #719,#720,#721,#722,#723,#724,#725,#726),.UNSPECIFIED.,.F.,.F.,(7,5,
    5,5,5,7),(0.,2.402068693477E-02,0.357243107269,0.520277331165,
    0.681240356464,1.),.UNSPECIFIED.);
#700 = CARTESIAN_POINT('',(4.65062131636,1.570796326795));
#701 = CARTESIAN_POINT('',(4.650606924041,1.577079522107));
#702 = CARTESIAN_POINT('',(4.650592523682,1.583362711384));
#703 = CARTESIAN_POINT('',(4.650578116294,1.589645896148));
#704 = CARTESIAN_POINT('',(4.650563702892,1.595929077923));
#705 = CARTESIAN_POINT('',(4.650549284494,1.602212258239));
#706 = CARTESIAN_POINT('',(4.65033479049,1.695657666032));
#707 = CARTESIAN_POINT('',(4.650133922144,1.782833540471));
#708 = CARTESIAN_POINT('',(4.649935054582,1.86999779606));
#709 = CARTESIAN_POINT('',(4.649740995499,1.957170136052));
#710 = CARTESIAN_POINT('',(4.64955457909,2.044370102761));
#711 = CARTESIAN_POINT('',(4.649292423947,2.174234815922));
#712 = CARTESIAN_POINT('',(4.649208777625,2.216902749733));
#713 = CARTESIAN_POINT('',(4.649127926673,2.259573813692));
#714 = CARTESIAN_POINT('',(4.649050175299,2.302248642896));
#715 = CARTESIAN_POINT('',(4.648975813023,2.344927792281));
#716 = CARTESIAN_POINT('',(4.64883530949,2.429750799971));
#717 = CARTESIAN_POINT('',(4.648769074527,2.471895333572));
#718 = CARTESIAN_POINT('',(4.648706669201,2.514043191686));
#719 = CARTESIAN_POINT('',(4.648648334858,2.556194731987));
#720 = CARTESIAN_POINT('',(4.648594289824,2.598350232401));
#721 = CARTESIAN_POINT('',(4.648446576239,2.723996090916));
#722 = CARTESIAN_POINT('',(4.648365987003,2.807508467644));
#723 = CARTESIAN_POINT('',(4.648304490334,2.891017818695));
#724 = CARTESIAN_POINT('',(4.648263115764,2.974534751754));
#725 = CARTESIAN_POINT('',(4.64824243385,3.058069640384));
#726 = CARTESIAN_POINT('',(4.64824243385,3.14159265359));
#727 = ( GEOMETRIC_REPRESENTATION_CONTEXT(2) 
PARAMETRIC_REPRESENTATION_CONTEXT() REPRESENTATION_CONTEXT('2D SPACE',''
  ) );
#728 = PCURVE('',#729,#734);
#729 = PLANE('',#730);
#730 = AXIS2_PLACEMENT_3D('',#731,#732,#733);
#731 = CARTESIAN_POINT('',(-5.,18.,0.));
#732 = DIRECTION('',(-1.,1.110223024625E-16,0.));
#733 = DIRECTION('',(0.,0.,1.));
#734 = DEFINITIONAL_REPRESENTATION('',(#735),#763);
#735 = B_SPLINE_CURVE_WITH_KNOTS('',6,(#736,#737,#738,#739,#740,#741,
    #742,#743,#744,#745,#746,#747,#748,#749,#750,#751,#752,#753,#754,
    #755,#756,#757,#758,#759,#760,#761,#762),.UNSPECIFIED.,.F.,.F.,(7,5,
    5,5,5,7),(0.,2.402068693477E-02,0.357243107269,0.520277331165,
    0.681240356464,1.),.UNSPECIFIED.);
#736 = CARTESIAN_POINT('',(0.,62.845531725631));
#737 = CARTESIAN_POINT('',(-1.154204254165E-18,62.826646124555));
#738 = CARTESIAN_POINT('',(1.421227571342E-04,62.807760521387));
#739 = CARTESIAN_POINT('',(4.26367756215E-04,62.788876253752));
#740 = CARTESIAN_POINT('',(8.527178836541E-04,62.769994658953));
#741 = CARTESIAN_POINT('',(1.421139427463E-03,62.751117073974));
#742 = CARTESIAN_POINT('',(1.19870628932E-02,62.470443288914));
#743 = CARTESIAN_POINT('',(4.917488090144E-02,62.209628990288));
#744 = CARTESIAN_POINT('',(0.113572722994,61.953463242254));
#745 = CARTESIAN_POINT('',(0.204390123806,61.70543174092));
#746 = CARTESIAN_POINT('',(0.320338602445,61.468871697421));
#747 = CARTESIAN_POINT('',(0.527541151779,61.138290368479));
#748 = CARTESIAN_POINT('',(0.601168248375,61.033166971142));
#749 = CARTESIAN_POINT('',(0.680128130823,60.93188380328));
#750 = CARTESIAN_POINT('',(0.764170174082,60.834777607295));
#751 = CARTESIAN_POINT('',(0.853015799655,60.742162854408));
#752 = CARTESIAN_POINT('',(1.038515734294,60.567615208317));
#753 = CARTESIAN_POINT('',(1.135058162407,60.485559993464));
#754 = CARTESIAN_POINT('',(1.235690987408,60.408445917178));
#755 = CARTESIAN_POINT('',(1.340098307957,60.336526511154));
#756 = CARTESIAN_POINT('',(1.447943641139,60.270027869464));
#757 = CARTESIAN_POINT('',(1.778541391772,60.088586225642));
#758 = CARTESIAN_POINT('',(2.01033244873,59.990039921227));
#759 = CARTESIAN_POINT('',(2.251423948671,59.915088851244));
#760 = CARTESIAN_POINT('',(2.498825766044,59.864744397396));
#761 = CARTESIAN_POINT('',(2.749430960383,59.839578621675));
#762 = CARTESIAN_POINT('',(3.,59.839578621675));
#763 = ( GEOMETRIC_REPRESENTATION_CONTEXT(2) 
PARAMETRIC_REPRESENTATION_CONTEXT() REPRESENTATION_CONTEXT('2D SPACE',''
  ) );
#764 = ORIENTED_EDGE('',*,*,#765,.F.);
#765 = EDGE_CURVE('',#766,#666,#768,.T.);
#766 = VERTEX_POINT('',#767);
#767 = CARTESIAN_POINT('',(-69.91105250624,-34.58966229191,3.));
#768 = SURFACE_CURVE('',#769,(#774,#781),.PCURVE_S1.);
#769 = CIRCLE('',#770,78.);
#770 = AXIS2_PLACEMENT_3D('',#771,#772,#773);
#771 = CARTESIAN_POINT('',(0.,0.,3.));
#772 = DIRECTION('',(0.,-0.,-1.));
#773 = DIRECTION('',(1.,-2.449293598295E-16,0.));
#774 = PCURVE('',#241,#775);
#775 = DEFINITIONAL_REPRESENTATION('',(#776),#780);
#776 = LINE('',#777,#778);
#777 = CARTESIAN_POINT('',(0.,3.14159265359));
#778 = VECTOR('',#779,1.);
#779 = DIRECTION('',(1.,0.));
#780 = ( GEOMETRIC_REPRESENTATION_CONTEXT(2) 
PARAMETRIC_REPRESENTATION_CONTEXT() REPRESENTATION_CONTEXT('2D SPACE',''
  ) );
#781 = PCURVE('',#414,#782);
#782 = DEFINITIONAL_REPRESENTATION('',(#783),#787);
#783 = LINE('',#784,#785);
#784 = CARTESIAN_POINT('',(-6.28318530718,-4.));
#785 = VECTOR('',#786,1.);
#786 = DIRECTION('',(1.,-0.));
#787 = ( GEOMETRIC_REPRESENTATION_CONTEXT(2) 
PARAMETRIC_REPRESENTATION_CONTEXT() REPRESENTATION_CONTEXT('2D SPACE',''
  ) );
#788 = ORIENTED_EDGE('',*,*,#789,.F.);
#789 = EDGE_CURVE('',#790,#766,#792,.T.);
#790 = VERTEX_POINT('',#791);
#791 = CARTESIAN_POINT('',(-70.04998149518,-34.66987298107,
    2.033085719623));
#792 = SURFACE_CURVE('',#793,(#821,#852),.PCURVE_S1.);
#793 = B_SPLINE_CURVE_WITH_KNOTS('',6,(#794,#795,#796,#797,#798,#799,
    #800,#801,#802,#803,#804,#805,#806,#807,#808,#809,#810,#811,#812,
    #813,#814,#815,#816,#817,#818,#819,#820),.UNSPECIFIED.,.F.,.F.,(7,5,
    5,5,5,7),(0.,2.40206869348E-02,0.357243107269,0.520277331165,
    0.681240356464,1.),.UNSPECIFIED.);
#794 = CARTESIAN_POINT('',(-72.51428425685,-36.09263884389,0.));
#795 = CARTESIAN_POINT('',(-72.49792884656,-36.08319604335,
    -1.154204254165E-18));
#796 = CARTESIAN_POINT('',(-72.48157343445,-36.07375324177,
    1.421227571343E-04));
#797 = CARTESIAN_POINT('',(-72.46521917894,-36.06431110795,
    4.263677562151E-04));
#798 = CARTESIAN_POINT('',(-72.44886723818,-36.05487031055,
    8.527178836541E-04));
#799 = CARTESIAN_POINT('',(-72.43251877003,-36.04543151806,
    1.421139427463E-03));
#800 = CARTESIAN_POINT('',(-72.18944814199,-35.90509462553,
    1.198706289319E-02));
#801 = CARTESIAN_POINT('',(-71.96357633371,-35.77468747622,
    4.917488090153E-02));
#802 = CARTESIAN_POINT('',(-71.74173028833,-35.6466046022,0.113572722994
    ));
#803 = CARTESIAN_POINT('',(-71.52692870724,-35.52258885153,
    0.204390123806));
#804 = CARTESIAN_POINT('',(-71.32206170005,-35.40430882978,
    0.320338602445));
#805 = CARTESIAN_POINT('',(-71.03576987117,-35.23901816531,
    0.527541151779));
#806 = CARTESIAN_POINT('',(-70.94473033854,-35.18645646664,
    0.601168248375));
#807 = CARTESIAN_POINT('',(-70.8570165422,-35.13581488271,0.680128130823
    ));
#808 = CARTESIAN_POINT('',(-70.77292010961,-35.08726178472,
    0.764170174082));
#809 = CARTESIAN_POINT('',(-70.69271338084,-35.04095440828,
    0.853015799655));
#810 = CARTESIAN_POINT('',(-70.54155068516,-34.95368058523,
    1.038515734294));
#811 = CARTESIAN_POINT('',(-70.47048878458,-34.91265297781,
    1.135058162407));
#812 = CARTESIAN_POINT('',(-70.40370603553,-34.87409593966,
    1.235690987408));
#813 = CARTESIAN_POINT('',(-70.34142200289,-34.83813623665,
    1.340098307957));
#814 = CARTESIAN_POINT('',(-70.28383248987,-34.80488691581,
    1.447943641139));
#815 = CARTESIAN_POINT('',(-70.12669941701,-34.71416609389,
    1.778541391771));
#816 = CARTESIAN_POINT('',(-70.04135581394,-34.66489294169,2.01033244873
    ));
#817 = CARTESIAN_POINT('',(-69.97644628329,-34.6274174067,2.251423948671
    ));
#818 = CARTESIAN_POINT('',(-69.93284670732,-34.60224517977,
    2.498825766045));
#819 = CARTESIAN_POINT('',(-69.91105250624,-34.58966229191,
    2.749430960383));
#820 = CARTESIAN_POINT('',(-69.91105250624,-34.58966229191,3.));
#821 = PCURVE('',#241,#822);
#822 = DEFINITIONAL_REPRESENTATION('',(#823),#851);
#823 = B_SPLINE_CURVE_WITH_KNOTS('',6,(#824,#825,#826,#827,#828,#829,
    #830,#831,#832,#833,#834,#835,#836,#837,#838,#839,#840,#841,#842,
    #843,#844,#845,#846,#847,#848,#849,#850),.UNSPECIFIED.,.F.,.F.,(7,5,
    5,5,5,7),(0.,2.40206869348E-02,0.357243107269,0.520277331165,
    0.681240356464,1.),.UNSPECIFIED.);
#824 = CARTESIAN_POINT('',(2.679761542016,1.570796326795));
#825 = CARTESIAN_POINT('',(2.679775934335,1.577079522107));
#826 = CARTESIAN_POINT('',(2.679790334694,1.583362711384));
#827 = CARTESIAN_POINT('',(2.679804742082,1.589645896148));
#828 = CARTESIAN_POINT('',(2.679819155484,1.595929077923));
#829 = CARTESIAN_POINT('',(2.679833573882,1.602212258239));
#830 = CARTESIAN_POINT('',(2.680048067886,1.695657666032));
#831 = CARTESIAN_POINT('',(2.680248936232,1.782833540471));
#832 = CARTESIAN_POINT('',(2.680447803795,1.86999779606));
#833 = CARTESIAN_POINT('',(2.680641862877,1.957170136052));
#834 = CARTESIAN_POINT('',(2.680828279286,2.044370102761));
#835 = CARTESIAN_POINT('',(2.681090434429,2.174234815922));
#836 = CARTESIAN_POINT('',(2.681174080751,2.216902749733));
#837 = CARTESIAN_POINT('',(2.681254931703,2.259573813692));
#838 = CARTESIAN_POINT('',(2.681332683077,2.302248642896));
#839 = CARTESIAN_POINT('',(2.681407045353,2.344927792281));
#840 = CARTESIAN_POINT('',(2.681547548886,2.429750799971));
#841 = CARTESIAN_POINT('',(2.68161378385,2.471895333572));
#842 = CARTESIAN_POINT('',(2.681676189175,2.514043191686));
#843 = CARTESIAN_POINT('',(2.681734523518,2.556194731987));
#844 = CARTESIAN_POINT('',(2.681788568552,2.598350232401));
#845 = CARTESIAN_POINT('',(2.681936282137,2.723996090916));
#846 = CARTESIAN_POINT('',(2.682016871373,2.807508467644));
#847 = CARTESIAN_POINT('',(2.682078368042,2.891017818695));
#848 = CARTESIAN_POINT('',(2.682119742612,2.974534751754));
#849 = CARTESIAN_POINT('',(2.682140424526,3.058069640384));
#850 = CARTESIAN_POINT('',(2.682140424526,3.14159265359));
#851 = ( GEOMETRIC_REPRESENTATION_CONTEXT(2) 
PARAMETRIC_REPRESENTATION_CONTEXT() REPRESENTATION_CONTEXT('2D SPACE',''
  ) );
#852 = PCURVE('',#853,#858);
#853 = PLANE('',#854);
#854 = AXIS2_PLACEMENT_3D('',#855,#856,#857);
#855 = CARTESIAN_POINT('',(-18.08845726812,-4.669872981078,0.));
#856 = DIRECTION('',(0.5,-0.866025403784,0.));
#857 = DIRECTION('',(0.,0.,1.));
#858 = DEFINITIONAL_REPRESENTATION('',(#859),#887);
#859 = B_SPLINE_CURVE_WITH_KNOTS('',6,(#860,#861,#862,#863,#864,#865,
    #866,#867,#868,#869,#870,#871,#872,#873,#874,#875,#876,#877,#878,
    #879,#880,#881,#882,#883,#884,#885,#886),.UNSPECIFIED.,.F.,.F.,(7,5,
    5,5,5,7),(0.,2.40206869348E-02,0.357243107269,0.520277331165,
    0.681240356464,1.),.UNSPECIFIED.);
#860 = CARTESIAN_POINT('',(0.,62.845531725631));
#861 = CARTESIAN_POINT('',(-1.154204254165E-18,62.826646124555));
#862 = CARTESIAN_POINT('',(1.421227571343E-04,62.807760521387));
#863 = CARTESIAN_POINT('',(4.263677562151E-04,62.788876253752));
#864 = CARTESIAN_POINT('',(8.527178836541E-04,62.769994658953));
#865 = CARTESIAN_POINT('',(1.421139427463E-03,62.751117073974));
#866 = CARTESIAN_POINT('',(1.198706289319E-02,62.470443288914));
#867 = CARTESIAN_POINT('',(4.917488090153E-02,62.209628990287));
#868 = CARTESIAN_POINT('',(0.113572722994,61.953463242255));
#869 = CARTESIAN_POINT('',(0.204390123806,61.70543174092));
#870 = CARTESIAN_POINT('',(0.320338602445,61.468871697421));
#871 = CARTESIAN_POINT('',(0.527541151779,61.138290368479));
#872 = CARTESIAN_POINT('',(0.601168248375,61.033166971142));
#873 = CARTESIAN_POINT('',(0.680128130823,60.93188380328));
#874 = CARTESIAN_POINT('',(0.764170174082,60.834777607295));
#875 = CARTESIAN_POINT('',(0.853015799655,60.742162854408));
#876 = CARTESIAN_POINT('',(1.038515734294,60.567615208317));
#877 = CARTESIAN_POINT('',(1.135058162407,60.485559993464));
#878 = CARTESIAN_POINT('',(1.235690987408,60.408445917178));
#879 = CARTESIAN_POINT('',(1.340098307957,60.336526511154));
#880 = CARTESIAN_POINT('',(1.447943641139,60.270027869464));
#881 = CARTESIAN_POINT('',(1.778541391771,60.088586225642));
#882 = CARTESIAN_POINT('',(2.01033244873,59.990039921226));
#883 = CARTESIAN_POINT('',(2.251423948671,59.915088851244));
#884 = CARTESIAN_POINT('',(2.498825766045,59.864744397396));
#885 = CARTESIAN_POINT('',(2.749430960383,59.839578621675));
#886 = CARTESIAN_POINT('',(3.,59.839578621675));
#887 = ( GEOMETRIC_REPRESENTATION_CONTEXT(2) 
PARAMETRIC_REPRESENTATION_CONTEXT() REPRESENTATION_CONTEXT('2D SPACE',''
  ) );
#888 = ORIENTED_EDGE('',*,*,#889,.T.);
#889 = EDGE_CURVE('',#790,#890,#892,.T.);
#890 = VERTEX_POINT('',#891);
#891 = CARTESIAN_POINT('',(-67.54998149518,-39.,3.));
#892 = SURFACE_CURVE('',#893,(#904,#918),.PCURVE_S1.);
#893 = B_SPLINE_CURVE_WITH_KNOTS('',5,(#894,#895,#896,#897,#898,#899,
    #900,#901,#902,#903),.UNSPECIFIED.,.F.,.F.,(6,4,6),(0.,
    0.655588272581,1.),.UNSPECIFIED.);
#894 = CARTESIAN_POINT('',(-70.54998149518,-33.80384757729,
    1.846971069769));
#895 = CARTESIAN_POINT('',(-70.1560790703,-34.4861065904,1.99210417553)
  );
#896 = CARTESIAN_POINT('',(-69.7624435263,-35.16790335229,2.140251866363
    ));
#897 = CARTESIAN_POINT('',(-69.36901952621,-35.84933370936,
    2.290710956958));
#898 = CARTESIAN_POINT('',(-68.97575035325,-36.53049589798,
    2.442822609088));
#899 = CARTESIAN_POINT('',(-68.37602167848,-37.56925643343,
    2.676383583481));
#900 = CARTESIAN_POINT('',(-68.16949418471,-37.9269725458,2.757102901932
    ));
#901 = CARTESIAN_POINT('',(-67.96298413039,-38.28465845215,
    2.838007096661));
#902 = CARTESIAN_POINT('',(-67.75648281542,-38.64232922151,
    2.919003483973));
#903 = CARTESIAN_POINT('',(-67.54998149518,-39.,3.));
#904 = PCURVE('',#241,#905);
#905 = DEFINITIONAL_REPRESENTATION('',(#906),#917);
#906 = B_SPLINE_CURVE_WITH_KNOTS('',5,(#907,#908,#909,#910,#911,#912,
    #913,#914,#915,#916),.UNSPECIFIED.,.F.,.F.,(6,4,6),(0.,
    0.655588272581,1.),.UNSPECIFIED.);
#907 = CARTESIAN_POINT('',(2.694765768425,2.747096611122));
#908 = CARTESIAN_POINT('',(2.684725118381,2.799499347628));
#909 = CARTESIAN_POINT('',(2.674671886712,2.851561577417));
#910 = CARTESIAN_POINT('',(2.664608848963,2.903366034321));
#911 = CARTESIAN_POINT('',(2.654538807225,2.954986955169));
#912 = CARTESIAN_POINT('',(2.639171921376,3.033556511632));
#913 = CARTESIAN_POINT('',(2.633878200185,3.060585969152));
#914 = CARTESIAN_POINT('',(2.628583689208,3.087594988137));
#915 = CARTESIAN_POINT('',(2.623288783605,3.114593833326));
#916 = CARTESIAN_POINT('',(2.617993877991,3.14159265359));
#917 = ( GEOMETRIC_REPRESENTATION_CONTEXT(2) 
PARAMETRIC_REPRESENTATION_CONTEXT() REPRESENTATION_CONTEXT('2D SPACE',''
  ) );
#918 = PCURVE('',#919,#924);
#919 = PLANE('',#920);
#920 = AXIS2_PLACEMENT_3D('',#921,#922,#923);
#921 = CARTESIAN_POINT('',(-70.04998149518,-34.66987298107,0.));
#922 = DIRECTION('',(-0.866025403784,-0.5,0.));
#923 = DIRECTION('',(0.,0.,1.));
#924 = DEFINITIONAL_REPRESENTATION('',(#925),#936);
#925 = B_SPLINE_CURVE_WITH_KNOTS('',5,(#926,#927,#928,#929,#930,#931,
    #932,#933,#934,#935),.UNSPECIFIED.,.F.,.F.,(6,4,6),(0.,
    0.655588272581,1.),.UNSPECIFIED.);
#926 = CARTESIAN_POINT('',(1.846971069769,1.));
#927 = CARTESIAN_POINT('',(1.99210417553,0.212195150243));
#928 = CARTESIAN_POINT('',(2.140251866363,-0.575075937768));
#929 = CARTESIAN_POINT('',(2.290710956958,-1.361923937948));
#930 = CARTESIAN_POINT('',(2.442822609088,-2.148462283873));
#931 = CARTESIAN_POINT('',(2.676383583481,-3.347919633407));
#932 = CARTESIAN_POINT('',(2.757102901932,-3.760974620949));
#933 = CARTESIAN_POINT('',(2.838007096661,-4.173994729575));
#934 = CARTESIAN_POINT('',(2.919003483973,-4.586997359519));
#935 = CARTESIAN_POINT('',(3.,-5.));
#936 = ( GEOMETRIC_REPRESENTATION_CONTEXT(2) 
PARAMETRIC_REPRESENTATION_CONTEXT() REPRESENTATION_CONTEXT('2D SPACE',''
  ) );
#937 = ORIENTED_EDGE('',*,*,#938,.F.);
#938 = EDGE_CURVE('',#939,#890,#941,.T.);
#939 = VERTEX_POINT('',#940);
#940 = CARTESIAN_POINT('',(-65.04998149518,-43.33012701892,
    2.033085719623));
#941 = SURFACE_CURVE('',#942,(#953,#967),.PCURVE_S1.);
#942 = B_SPLINE_CURVE_WITH_KNOTS('',5,(#943,#944,#945,#946,#947,#948,
    #949,#950,#951,#952),.UNSPECIFIED.,.F.,.F.,(6,4,6),(0.,
    0.655588272581,1.),.UNSPECIFIED.);
#943 = CARTESIAN_POINT('',(-64.54998149518,-44.1961524227,1.846971069769
    ));
#944 = CARTESIAN_POINT('',(-64.94388392006,-43.51389340959,1.99210417553
    ));
#945 = CARTESIAN_POINT('',(-65.33751946407,-42.83209664771,
    2.140251866363));
#946 = CARTESIAN_POINT('',(-65.73094346416,-42.15066629063,
    2.290710956958));
#947 = CARTESIAN_POINT('',(-66.12421263712,-41.46950410201,
    2.442822609088));
#948 = CARTESIAN_POINT('',(-66.72394131189,-40.43074356656,
    2.676383583481));
#949 = CARTESIAN_POINT('',(-66.93046880566,-40.07302745419,
    2.757102901932));
#950 = CARTESIAN_POINT('',(-67.13697885997,-39.71534154784,
    2.838007096661));
#951 = CARTESIAN_POINT('',(-67.34348017494,-39.35767077848,
    2.919003483973));
#952 = CARTESIAN_POINT('',(-67.54998149518,-39.,3.));
#953 = PCURVE('',#241,#954);
#954 = DEFINITIONAL_REPRESENTATION('',(#955),#966);
#955 = B_SPLINE_CURVE_WITH_KNOTS('',5,(#956,#957,#958,#959,#960,#961,
    #962,#963,#964,#965),.UNSPECIFIED.,.F.,.F.,(6,4,6),(0.,
    0.655588272581,1.),.UNSPECIFIED.);
#956 = CARTESIAN_POINT('',(2.541221987558,2.747096611122));
#957 = CARTESIAN_POINT('',(2.551262637602,2.799499347628));
#958 = CARTESIAN_POINT('',(2.561315869271,2.851561577416));
#959 = CARTESIAN_POINT('',(2.57137890702,2.903366034321));
#960 = CARTESIAN_POINT('',(2.581448948758,2.954986955169));
#961 = CARTESIAN_POINT('',(2.596815834607,3.033556511632));
#962 = CARTESIAN_POINT('',(2.602109555798,3.060585969152));
#963 = CARTESIAN_POINT('',(2.607404066775,3.087594988137));
#964 = CARTESIAN_POINT('',(2.612698972378,3.114593833326));
#965 = CARTESIAN_POINT('',(2.617993877991,3.14159265359));
#966 = ( GEOMETRIC_REPRESENTATION_CONTEXT(2) 
PARAMETRIC_REPRESENTATION_CONTEXT() REPRESENTATION_CONTEXT('2D SPACE',''
  ) );
#967 = PCURVE('',#919,#968);
#968 = DEFINITIONAL_REPRESENTATION('',(#969),#980);
#969 = B_SPLINE_CURVE_WITH_KNOTS('',5,(#970,#971,#972,#973,#974,#975,
    #976,#977,#978,#979),.UNSPECIFIED.,.F.,.F.,(6,4,6),(0.,
    0.655588272581,1.),.UNSPECIFIED.);
#970 = CARTESIAN_POINT('',(1.846971069769,-11.));
#971 = CARTESIAN_POINT('',(1.99210417553,-10.21219515024));
#972 = CARTESIAN_POINT('',(2.140251866363,-9.424924062232));
#973 = CARTESIAN_POINT('',(2.290710956958,-8.638076062052));
#974 = CARTESIAN_POINT('',(2.442822609088,-7.851537716127));
#975 = CARTESIAN_POINT('',(2.676383583481,-6.652080366593));
#976 = CARTESIAN_POINT('',(2.757102901932,-6.23902537905));
#977 = CARTESIAN_POINT('',(2.838007096661,-5.826005270425));
#978 = CARTESIAN_POINT('',(2.919003483973,-5.413002640481));
#979 = CARTESIAN_POINT('',(3.,-5.));
#980 = ( GEOMETRIC_REPRESENTATION_CONTEXT(2) 
PARAMETRIC_REPRESENTATION_CONTEXT() REPRESENTATION_CONTEXT('2D SPACE',''
  ) );
#981 = ORIENTED_EDGE('',*,*,#982,.T.);
#982 = EDGE_CURVE('',#939,#983,#985,.T.);
#983 = VERTEX_POINT('',#984);
#984 = CARTESIAN_POINT('',(-64.91105250624,-43.24991632976,3.));
#985 = SURFACE_CURVE('',#986,(#1014,#1045),.PCURVE_S1.);
#986 = B_SPLINE_CURVE_WITH_KNOTS('',6,(#987,#988,#989,#990,#991,#992,
    #993,#994,#995,#996,#997,#998,#999,#1000,#1001,#1002,#1003,#1004,
    #1005,#1006,#1007,#1008,#1009,#1010,#1011,#1012,#1013),
  .UNSPECIFIED.,.F.,.F.,(7,5,5,5,5,7),(0.,2.402068693475E-02,
    0.357243107269,0.520277331165,0.681240356464,1.),.UNSPECIFIED.);
#987 = CARTESIAN_POINT('',(-67.51428425685,-44.75289288173,0.));
#988 = CARTESIAN_POINT('',(-67.49792884656,-44.7434500812,
    -1.154204254166E-18));
#989 = CARTESIAN_POINT('',(-67.48157343445,-44.73400727961,
    1.421227571342E-04));
#990 = CARTESIAN_POINT('',(-67.46521917894,-44.72456514579,
    4.26367756215E-04));
#991 = CARTESIAN_POINT('',(-67.44886723818,-44.71512434839,
    8.527178836542E-04));
#992 = CARTESIAN_POINT('',(-67.43251877003,-44.7056855559,
    1.421139427463E-03));
#993 = CARTESIAN_POINT('',(-67.18944814199,-44.56534866337,
    1.19870628932E-02));
#994 = CARTESIAN_POINT('',(-66.96357633371,-44.43494151406,
    4.91748809014E-02));
#995 = CARTESIAN_POINT('',(-66.74173028833,-44.30685864004,
    0.113572722994));
#996 = CARTESIAN_POINT('',(-66.52692870724,-44.18284288938,
    0.204390123806));
#997 = CARTESIAN_POINT('',(-66.32206170005,-44.06456286763,
    0.320338602445));
#998 = CARTESIAN_POINT('',(-66.03576987117,-43.89927220316,
    0.527541151779));
#999 = CARTESIAN_POINT('',(-65.94473033854,-43.84671050449,
    0.601168248375));
#1000 = CARTESIAN_POINT('',(-65.8570165422,-43.79606892056,
    0.680128130823));
#1001 = CARTESIAN_POINT('',(-65.77292010961,-43.74751582257,
    0.764170174082));
#1002 = CARTESIAN_POINT('',(-65.69271338084,-43.70120844612,
    0.853015799655));
#1003 = CARTESIAN_POINT('',(-65.54155068516,-43.61393462308,
    1.038515734294));
#1004 = CARTESIAN_POINT('',(-65.47048878458,-43.57290701565,
    1.135058162407));
#1005 = CARTESIAN_POINT('',(-65.40370603553,-43.53434997751,
    1.235690987408));
#1006 = CARTESIAN_POINT('',(-65.34142200289,-43.49839027449,
    1.340098307957));
#1007 = CARTESIAN_POINT('',(-65.28383248987,-43.46514095365,
    1.447943641139));
#1008 = CARTESIAN_POINT('',(-65.12669941701,-43.37442013174,
    1.778541391772));
#1009 = CARTESIAN_POINT('',(-65.04135581394,-43.32514697953,
    2.01033244873));
#1010 = CARTESIAN_POINT('',(-64.97644628329,-43.28767144454,
    2.251423948671));
#1011 = CARTESIAN_POINT('',(-64.93284670732,-43.26249921762,
    2.498825766044));
#1012 = CARTESIAN_POINT('',(-64.91105250624,-43.24991632976,
    2.749430960383));
#1013 = CARTESIAN_POINT('',(-64.91105250624,-43.24991632976,3.));
#1014 = PCURVE('',#241,#1015);
#1015 = DEFINITIONAL_REPRESENTATION('',(#1016),#1044);
#1016 = B_SPLINE_CURVE_WITH_KNOTS('',6,(#1017,#1018,#1019,#1020,#1021,
    #1022,#1023,#1024,#1025,#1026,#1027,#1028,#1029,#1030,#1031,#1032,
    #1033,#1034,#1035,#1036,#1037,#1038,#1039,#1040,#1041,#1042,#1043),
  .UNSPECIFIED.,.F.,.F.,(7,5,5,5,5,7),(0.,2.402068693475E-02,
    0.357243107269,0.520277331165,0.681240356464,1.),.UNSPECIFIED.);
#1017 = CARTESIAN_POINT('',(2.556226213967,1.570796326795));
#1018 = CARTESIAN_POINT('',(2.556211821648,1.577079522107));
#1019 = CARTESIAN_POINT('',(2.556197421289,1.583362711384));
#1020 = CARTESIAN_POINT('',(2.556183013901,1.589645896148));
#1021 = CARTESIAN_POINT('',(2.556168600499,1.595929077923));
#1022 = CARTESIAN_POINT('',(2.556154182101,1.602212258239));
#1023 = CARTESIAN_POINT('',(2.555939688097,1.695657666032));
#1024 = CARTESIAN_POINT('',(2.555738819751,1.782833540471));
#1025 = CARTESIAN_POINT('',(2.555539952188,1.86999779606));
#1026 = CARTESIAN_POINT('',(2.555345893106,1.957170136051));
#1027 = CARTESIAN_POINT('',(2.555159476697,2.044370102761));
#1028 = CARTESIAN_POINT('',(2.554897321554,2.174234815922));
#1029 = CARTESIAN_POINT('',(2.554813675232,2.216902749733));
#1030 = CARTESIAN_POINT('',(2.55473282428,2.259573813692));
#1031 = CARTESIAN_POINT('',(2.554655072906,2.302248642896));
#1032 = CARTESIAN_POINT('',(2.55458071063,2.344927792281));
#1033 = CARTESIAN_POINT('',(2.554440207097,2.429750799971));
#1034 = CARTESIAN_POINT('',(2.554373972133,2.471895333572));
#1035 = CARTESIAN_POINT('',(2.554311566808,2.514043191686));
#1036 = CARTESIAN_POINT('',(2.554253232465,2.556194731987));
#1037 = CARTESIAN_POINT('',(2.554199187431,2.598350232401));
#1038 = CARTESIAN_POINT('',(2.554051473846,2.723996090916));
#1039 = CARTESIAN_POINT('',(2.55397088461,2.807508467643));
#1040 = CARTESIAN_POINT('',(2.553909387941,2.891017818695));
#1041 = CARTESIAN_POINT('',(2.553868013371,2.974534751754));
#1042 = CARTESIAN_POINT('',(2.553847331457,3.058069640384));
#1043 = CARTESIAN_POINT('',(2.553847331457,3.14159265359));
#1044 = ( GEOMETRIC_REPRESENTATION_CONTEXT(2) 
PARAMETRIC_REPRESENTATION_CONTEXT() REPRESENTATION_CONTEXT('2D SPACE',''
  ) );
#1045 = PCURVE('',#1046,#1051);
#1046 = PLANE('',#1047);
#1047 = AXIS2_PLACEMENT_3D('',#1048,#1049,#1050);
#1048 = CARTESIAN_POINT('',(-13.08845726812,-13.33012701892,0.));
#1049 = DIRECTION('',(0.5,-0.866025403784,0.));
#1050 = DIRECTION('',(0.,0.,1.));
#1051 = DEFINITIONAL_REPRESENTATION('',(#1052),#1080);
#1052 = B_SPLINE_CURVE_WITH_KNOTS('',6,(#1053,#1054,#1055,#1056,#1057,
    #1058,#1059,#1060,#1061,#1062,#1063,#1064,#1065,#1066,#1067,#1068,
    #1069,#1070,#1071,#1072,#1073,#1074,#1075,#1076,#1077,#1078,#1079),
  .UNSPECIFIED.,.F.,.F.,(7,5,5,5,5,7),(0.,2.402068693475E-02,
    0.357243107269,0.520277331165,0.681240356464,1.),.UNSPECIFIED.);
#1053 = CARTESIAN_POINT('',(0.,62.845531725631));
#1054 = CARTESIAN_POINT('',(-1.154204254166E-18,62.826646124555));
#1055 = CARTESIAN_POINT('',(1.421227571342E-04,62.807760521387));
#1056 = CARTESIAN_POINT('',(4.26367756215E-04,62.788876253752));
#1057 = CARTESIAN_POINT('',(8.527178836542E-04,62.769994658953));
#1058 = CARTESIAN_POINT('',(1.421139427463E-03,62.751117073974));
#1059 = CARTESIAN_POINT('',(1.19870628932E-02,62.470443288914));
#1060 = CARTESIAN_POINT('',(4.91748809014E-02,62.209628990288));
#1061 = CARTESIAN_POINT('',(0.113572722994,61.953463242254));
#1062 = CARTESIAN_POINT('',(0.204390123806,61.70543174092));
#1063 = CARTESIAN_POINT('',(0.320338602445,61.468871697421));
#1064 = CARTESIAN_POINT('',(0.527541151779,61.138290368479));
#1065 = CARTESIAN_POINT('',(0.601168248375,61.033166971142));
#1066 = CARTESIAN_POINT('',(0.680128130823,60.93188380328));
#1067 = CARTESIAN_POINT('',(0.764170174082,60.834777607295));
#1068 = CARTESIAN_POINT('',(0.853015799655,60.742162854408));
#1069 = CARTESIAN_POINT('',(1.038515734294,60.567615208317));
#1070 = CARTESIAN_POINT('',(1.135058162407,60.485559993464));
#1071 = CARTESIAN_POINT('',(1.235690987408,60.408445917178));
#1072 = CARTESIAN_POINT('',(1.340098307957,60.336526511154));
#1073 = CARTESIAN_POINT('',(1.447943641139,60.270027869464));
#1074 = CARTESIAN_POINT('',(1.778541391772,60.088586225642));
#1075 = CARTESIAN_POINT('',(2.01033244873,59.990039921227));
#1076 = CARTESIAN_POINT('',(2.251423948671,59.915088851244));
#1077 = CARTESIAN_POINT('',(2.498825766044,59.864744397396));
#1078 = CARTESIAN_POINT('',(2.749430960383,59.839578621675));
#1079 = CARTESIAN_POINT('',(3.,59.839578621675));
#1080 = ( GEOMETRIC_REPRESENTATION_CONTEXT(2) 
PARAMETRIC_REPRESENTATION_CONTEXT() REPRESENTATION_CONTEXT('2D SPACE',''
  ) );
#1081 = ORIENTED_EDGE('',*,*,#1082,.F.);
#1082 = EDGE_CURVE('',#1083,#983,#1085,.T.);
#1083 = VERTEX_POINT('',#1084);
#1084 = CARTESIAN_POINT('',(64.911052506247,-43.24991632976,3.));
#1085 = SURFACE_CURVE('',#1086,(#1091,#1098),.PCURVE_S1.);
#1086 = CIRCLE('',#1087,78.);
#1087 = AXIS2_PLACEMENT_3D('',#1088,#1089,#1090);
#1088 = CARTESIAN_POINT('',(0.,0.,3.));
#1089 = DIRECTION('',(0.,-0.,-1.));
#1090 = DIRECTION('',(1.,-2.449293598295E-16,0.));
#1091 = PCURVE('',#241,#1092);
#1092 = DEFINITIONAL_REPRESENTATION('',(#1093),#1097);
#1093 = LINE('',#1094,#1095);
#1094 = CARTESIAN_POINT('',(0.,3.14159265359));
#1095 = VECTOR('',#1096,1.);
#1096 = DIRECTION('',(1.,0.));
#1097 = ( GEOMETRIC_REPRESENTATION_CONTEXT(2) 
PARAMETRIC_REPRESENTATION_CONTEXT() REPRESENTATION_CONTEXT('2D SPACE',''
  ) );
#1098 = PCURVE('',#414,#1099);
#1099 = DEFINITIONAL_REPRESENTATION('',(#1100),#1104);
#1100 = LINE('',#1101,#1102);
#1101 = CARTESIAN_POINT('',(-6.28318530718,-4.));
#1102 = VECTOR('',#1103,1.);
#1103 = DIRECTION('',(1.,-0.));
#1104 = ( GEOMETRIC_REPRESENTATION_CONTEXT(2) 
PARAMETRIC_REPRESENTATION_CONTEXT() REPRESENTATION_CONTEXT('2D SPACE',''
  ) );
#1105 = ORIENTED_EDGE('',*,*,#1106,.F.);
#1106 = EDGE_CURVE('',#1107,#1083,#1109,.T.);
#1107 = VERTEX_POINT('',#1108);
#1108 = CARTESIAN_POINT('',(65.049981495186,-43.33012701892,
    2.033085719623));
#1109 = SURFACE_CURVE('',#1110,(#1138,#1169),.PCURVE_S1.);
#1110 = B_SPLINE_CURVE_WITH_KNOTS('',6,(#1111,#1112,#1113,#1114,#1115,
    #1116,#1117,#1118,#1119,#1120,#1121,#1122,#1123,#1124,#1125,#1126,
    #1127,#1128,#1129,#1130,#1131,#1132,#1133,#1134,#1135,#1136,#1137),
  .UNSPECIFIED.,.F.,.F.,(7,5,5,5,5,7),(0.,2.402068693477E-02,
    0.357243107269,0.520277331164,0.681240356464,1.),.UNSPECIFIED.);
#1111 = CARTESIAN_POINT('',(67.514284256857,-44.75289288173,0.));
#1112 = CARTESIAN_POINT('',(67.49792884656,-44.7434500812,
    -1.154204254165E-18));
#1113 = CARTESIAN_POINT('',(67.481573434451,-44.73400727961,
    1.421227571342E-04));
#1114 = CARTESIAN_POINT('',(67.465219178946,-44.72456514579,
    4.263677562149E-04));
#1115 = CARTESIAN_POINT('',(67.448867238187,-44.71512434839,
    8.52717883654E-04));
#1116 = CARTESIAN_POINT('',(67.432518770033,-44.7056855559,
    1.421139427463E-03));
#1117 = CARTESIAN_POINT('',(67.189448141994,-44.56534866337,
    1.198706289319E-02));
#1118 = CARTESIAN_POINT('',(66.963576333714,-44.43494151406,
    4.917488090142E-02));
#1119 = CARTESIAN_POINT('',(66.741730288337,-44.30685864004,
    0.113572722994));
#1120 = CARTESIAN_POINT('',(66.526928707243,-44.18284288938,
    0.204390123806));
#1121 = CARTESIAN_POINT('',(66.322061700053,-44.06456286763,
    0.320338602445));
#1122 = CARTESIAN_POINT('',(66.035769871172,-43.89927220316,
    0.527541151779));
#1123 = CARTESIAN_POINT('',(65.944730338547,-43.84671050449,
    0.601168248375));
#1124 = CARTESIAN_POINT('',(65.857016542202,-43.79606892056,
    0.680128130823));
#1125 = CARTESIAN_POINT('',(65.772920109614,-43.74751582257,
    0.764170174082));
#1126 = CARTESIAN_POINT('',(65.692713380848,-43.70120844612,
    0.853015799655));
#1127 = CARTESIAN_POINT('',(65.541550685163,-43.61393462308,
    1.038515734294));
#1128 = CARTESIAN_POINT('',(65.470488784588,-43.57290701565,
    1.135058162407));
#1129 = CARTESIAN_POINT('',(65.403706035535,-43.53434997751,
    1.235690987408));
#1130 = CARTESIAN_POINT('',(65.341422002892,-43.49839027449,
    1.340098307957));
#1131 = CARTESIAN_POINT('',(65.283832489872,-43.46514095365,
    1.447943641139));
#1132 = CARTESIAN_POINT('',(65.126699417018,-43.37442013174,
    1.778541391772));
#1133 = CARTESIAN_POINT('',(65.041355813945,-43.32514697953,
    2.010332448729));
#1134 = CARTESIAN_POINT('',(64.976446283299,-43.28767144454,
    2.251423948672));
#1135 = CARTESIAN_POINT('',(64.932846707327,-43.26249921762,
    2.498825766043));
#1136 = CARTESIAN_POINT('',(64.911052506247,-43.24991632976,
    2.749430960383));
#1137 = CARTESIAN_POINT('',(64.911052506247,-43.24991632976,3.));
#1138 = PCURVE('',#241,#1139);
#1139 = DEFINITIONAL_REPRESENTATION('',(#1140),#1168);
#1140 = B_SPLINE_CURVE_WITH_KNOTS('',6,(#1141,#1142,#1143,#1144,#1145,
    #1146,#1147,#1148,#1149,#1150,#1151,#1152,#1153,#1154,#1155,#1156,
    #1157,#1158,#1159,#1160,#1161,#1162,#1163,#1164,#1165,#1166,#1167),
  .UNSPECIFIED.,.F.,.F.,(7,5,5,5,5,7),(0.,2.402068693477E-02,
    0.357243107269,0.520277331164,0.681240356464,1.),.UNSPECIFIED.);
#1141 = CARTESIAN_POINT('',(0.585366439623,1.570796326795));
#1142 = CARTESIAN_POINT('',(0.585380831942,1.577079522107));
#1143 = CARTESIAN_POINT('',(0.585395232301,1.583362711384));
#1144 = CARTESIAN_POINT('',(0.585409639689,1.589645896148));
#1145 = CARTESIAN_POINT('',(0.585424053091,1.595929077923));
#1146 = CARTESIAN_POINT('',(0.585438471489,1.602212258239));
#1147 = CARTESIAN_POINT('',(0.585652965493,1.695657666032));
#1148 = CARTESIAN_POINT('',(0.585853833839,1.782833540471));
#1149 = CARTESIAN_POINT('',(0.586052701401,1.86999779606));
#1150 = CARTESIAN_POINT('',(0.586246760484,1.957170136052));
#1151 = CARTESIAN_POINT('',(0.586433176893,2.044370102761));
#1152 = CARTESIAN_POINT('',(0.586695332036,2.174234815922));
#1153 = CARTESIAN_POINT('',(0.586778978358,2.216902749733));
#1154 = CARTESIAN_POINT('',(0.58685982931,2.259573813692));
#1155 = CARTESIAN_POINT('',(0.586937580684,2.302248642896));
#1156 = CARTESIAN_POINT('',(0.58701194296,2.344927792281));
#1157 = CARTESIAN_POINT('',(0.587152446493,2.429750799971));
#1158 = CARTESIAN_POINT('',(0.587218681456,2.471895333572));
#1159 = CARTESIAN_POINT('',(0.587281086782,2.514043191686));
#1160 = CARTESIAN_POINT('',(0.587339421125,2.556194731987));
#1161 = CARTESIAN_POINT('',(0.587393466159,2.598350232401));
#1162 = CARTESIAN_POINT('',(0.587541179744,2.723996090916));
#1163 = CARTESIAN_POINT('',(0.58762176898,2.807508467643));
#1164 = CARTESIAN_POINT('',(0.587683265649,2.891017818696));
#1165 = CARTESIAN_POINT('',(0.587724640219,2.974534751754));
#1166 = CARTESIAN_POINT('',(0.587745322133,3.058069640384));
#1167 = CARTESIAN_POINT('',(0.587745322133,3.14159265359));
#1168 = ( GEOMETRIC_REPRESENTATION_CONTEXT(2) 
PARAMETRIC_REPRESENTATION_CONTEXT() REPRESENTATION_CONTEXT('2D SPACE',''
  ) );
#1169 = PCURVE('',#1170,#1175);
#1170 = PLANE('',#1171);
#1171 = AXIS2_PLACEMENT_3D('',#1172,#1173,#1174);
#1172 = CARTESIAN_POINT('',(13.08845726812,-13.33012701892,0.));
#1173 = DIRECTION('',(0.5,0.866025403784,0.));
#1174 = DIRECTION('',(0.,0.,1.));
#1175 = DEFINITIONAL_REPRESENTATION('',(#1176),#1204);
#1176 = B_SPLINE_CURVE_WITH_KNOTS('',6,(#1177,#1178,#1179,#1180,#1181,
    #1182,#1183,#1184,#1185,#1186,#1187,#1188,#1189,#1190,#1191,#1192,
    #1193,#1194,#1195,#1196,#1197,#1198,#1199,#1200,#1201,#1202,#1203),
  .UNSPECIFIED.,.F.,.F.,(7,5,5,5,5,7),(0.,2.402068693477E-02,
    0.357243107269,0.520277331164,0.681240356464,1.),.UNSPECIFIED.);
#1177 = CARTESIAN_POINT('',(0.,62.845531725631));
#1178 = CARTESIAN_POINT('',(-1.154204254165E-18,62.826646124555));
#1179 = CARTESIAN_POINT('',(1.421227571342E-04,62.807760521387));
#1180 = CARTESIAN_POINT('',(4.263677562149E-04,62.788876253752));
#1181 = CARTESIAN_POINT('',(8.52717883654E-04,62.769994658953));
#1182 = CARTESIAN_POINT('',(1.421139427463E-03,62.751117073974));
#1183 = CARTESIAN_POINT('',(1.198706289319E-02,62.470443288914));
#1184 = CARTESIAN_POINT('',(4.917488090142E-02,62.209628990288));
#1185 = CARTESIAN_POINT('',(0.113572722994,61.953463242254));
#1186 = CARTESIAN_POINT('',(0.204390123806,61.70543174092));
#1187 = CARTESIAN_POINT('',(0.320338602445,61.468871697421));
#1188 = CARTESIAN_POINT('',(0.527541151779,61.138290368479));
#1189 = CARTESIAN_POINT('',(0.601168248375,61.033166971142));
#1190 = CARTESIAN_POINT('',(0.680128130823,60.93188380328));
#1191 = CARTESIAN_POINT('',(0.764170174082,60.834777607295));
#1192 = CARTESIAN_POINT('',(0.853015799655,60.742162854408));
#1193 = CARTESIAN_POINT('',(1.038515734294,60.567615208317));
#1194 = CARTESIAN_POINT('',(1.135058162407,60.485559993464));
#1195 = CARTESIAN_POINT('',(1.235690987408,60.408445917178));
#1196 = CARTESIAN_POINT('',(1.340098307957,60.336526511154));
#1197 = CARTESIAN_POINT('',(1.447943641139,60.270027869464));
#1198 = CARTESIAN_POINT('',(1.778541391772,60.088586225642));
#1199 = CARTESIAN_POINT('',(2.010332448729,59.990039921227));
#1200 = CARTESIAN_POINT('',(2.251423948672,59.915088851244));
#1201 = CARTESIAN_POINT('',(2.498825766043,59.864744397396));
#1202 = CARTESIAN_POINT('',(2.749430960383,59.839578621675));
#1203 = CARTESIAN_POINT('',(3.,59.839578621675));
#1204 = ( GEOMETRIC_REPRESENTATION_CONTEXT(2) 
PARAMETRIC_REPRESENTATION_CONTEXT() REPRESENTATION_CONTEXT('2D SPACE',''
  ) );
#1205 = ORIENTED_EDGE('',*,*,#1206,.T.);
#1206 = EDGE_CURVE('',#1107,#1207,#1209,.T.);
#1207 = VERTEX_POINT('',#1208);
#1208 = CARTESIAN_POINT('',(67.549981495186,-39.,3.));
#1209 = SURFACE_CURVE('',#1210,(#1221,#1235),.PCURVE_S1.);
#1210 = B_SPLINE_CURVE_WITH_KNOTS('',5,(#1211,#1212,#1213,#1214,#1215,
    #1216,#1217,#1218,#1219,#1220),.UNSPECIFIED.,.F.,.F.,(6,4,6),(0.,
    0.655588272581,1.),.UNSPECIFIED.);
#1211 = CARTESIAN_POINT('',(64.549981495186,-44.1961524227,
    1.846971069769));
#1212 = CARTESIAN_POINT('',(64.943883920065,-43.51389340959,
    1.99210417553));
#1213 = CARTESIAN_POINT('',(65.33751946407,-42.83209664771,
    2.140251866363));
#1214 = CARTESIAN_POINT('',(65.73094346416,-42.15066629063,
    2.290710956958));
#1215 = CARTESIAN_POINT('',(66.124212637123,-41.46950410201,
    2.442822609088));
#1216 = CARTESIAN_POINT('',(66.72394131189,-40.43074356656,
    2.676383583481));
#1217 = CARTESIAN_POINT('',(66.930468805661,-40.07302745419,
    2.757102901932));
#1218 = CARTESIAN_POINT('',(67.136978859974,-39.71534154784,
    2.83800709666));
#1219 = CARTESIAN_POINT('',(67.343480174946,-39.35767077848,
    2.919003483972));
#1220 = CARTESIAN_POINT('',(67.549981495186,-39.,3.));
#1221 = PCURVE('',#241,#1222);
#1222 = DEFINITIONAL_REPRESENTATION('',(#1223),#1234);
#1223 = B_SPLINE_CURVE_WITH_KNOTS('',5,(#1224,#1225,#1226,#1227,#1228,
    #1229,#1230,#1231,#1232,#1233),.UNSPECIFIED.,.F.,.F.,(6,4,6),(0.,
    0.655588272581,1.),.UNSPECIFIED.);
#1224 = CARTESIAN_POINT('',(0.600370666032,2.747096611122));
#1225 = CARTESIAN_POINT('',(0.590330015987,2.799499347628));
#1226 = CARTESIAN_POINT('',(0.580276784319,2.851561577417));
#1227 = CARTESIAN_POINT('',(0.57021374657,2.903366034321));
#1228 = CARTESIAN_POINT('',(0.560143704831,2.954986955169));
#1229 = CARTESIAN_POINT('',(0.544776818983,3.033556511632));
#1230 = CARTESIAN_POINT('',(0.539483097792,3.060585969152));
#1231 = CARTESIAN_POINT('',(0.534188586815,3.087594988137));
#1232 = CARTESIAN_POINT('',(0.528893681212,3.114593833326));
#1233 = CARTESIAN_POINT('',(0.523598775598,3.14159265359));
#1234 = ( GEOMETRIC_REPRESENTATION_CONTEXT(2) 
PARAMETRIC_REPRESENTATION_CONTEXT() REPRESENTATION_CONTEXT('2D SPACE',''
  ) );
#1235 = PCURVE('',#1236,#1241);
#1236 = PLANE('',#1237);
#1237 = AXIS2_PLACEMENT_3D('',#1238,#1239,#1240);
#1238 = CARTESIAN_POINT('',(65.049981495186,-43.33012701892,0.));
#1239 = DIRECTION('',(0.866025403784,-0.5,0.));
#1240 = DIRECTION('',(0.,0.,1.));
#1241 = DEFINITIONAL_REPRESENTATION('',(#1242),#1253);
#1242 = B_SPLINE_CURVE_WITH_KNOTS('',5,(#1243,#1244,#1245,#1246,#1247,
    #1248,#1249,#1250,#1251,#1252),.UNSPECIFIED.,.F.,.F.,(6,4,6),(0.,
    0.655588272581,1.),.UNSPECIFIED.);
#1243 = CARTESIAN_POINT('',(1.846971069769,1.));
#1244 = CARTESIAN_POINT('',(1.99210417553,0.212195150243));
#1245 = CARTESIAN_POINT('',(2.140251866363,-0.575075937768));
#1246 = CARTESIAN_POINT('',(2.290710956958,-1.361923937948));
#1247 = CARTESIAN_POINT('',(2.442822609088,-2.148462283874));
#1248 = CARTESIAN_POINT('',(2.676383583481,-3.347919633407));
#1249 = CARTESIAN_POINT('',(2.757102901932,-3.76097462095));
#1250 = CARTESIAN_POINT('',(2.83800709666,-4.173994729575));
#1251 = CARTESIAN_POINT('',(2.919003483972,-4.58699735952));
#1252 = CARTESIAN_POINT('',(3.,-5.));
#1253 = ( GEOMETRIC_REPRESENTATION_CONTEXT(2) 
PARAMETRIC_REPRESENTATION_CONTEXT() REPRESENTATION_CONTEXT('2D SPACE',''
  ) );
#1254 = ORIENTED_EDGE('',*,*,#1255,.F.);
#1255 = EDGE_CURVE('',#296,#1207,#1256,.T.);
#1256 = SURFACE_CURVE('',#1257,(#1268,#1282),.PCURVE_S1.);
#1257 = B_SPLINE_CURVE_WITH_KNOTS('',5,(#1258,#1259,#1260,#1261,#1262,
    #1263,#1264,#1265,#1266,#1267),.UNSPECIFIED.,.F.,.F.,(6,4,6),(0.,
    0.655588272581,1.),.UNSPECIFIED.);
#1258 = CARTESIAN_POINT('',(70.549981495186,-33.80384757729,
    1.846971069769));
#1259 = CARTESIAN_POINT('',(70.156079070308,-34.4861065904,1.99210417553
    ));
#1260 = CARTESIAN_POINT('',(69.762443526302,-35.16790335229,
    2.140251866363));
#1261 = CARTESIAN_POINT('',(69.369019526213,-35.84933370936,
    2.290710956958));
#1262 = CARTESIAN_POINT('',(68.975750353249,-36.53049589798,
    2.442822609088));
#1263 = CARTESIAN_POINT('',(68.376021678483,-37.56925643343,
    2.676383583481));
#1264 = CARTESIAN_POINT('',(68.169494184711,-37.9269725458,
    2.757102901932));
#1265 = CARTESIAN_POINT('',(67.962984130399,-38.28465845215,
    2.83800709666));
#1266 = CARTESIAN_POINT('',(67.756482815426,-38.64232922151,
    2.919003483972));
#1267 = CARTESIAN_POINT('',(67.549981495186,-39.,3.));
#1268 = PCURVE('',#241,#1269);
#1269 = DEFINITIONAL_REPRESENTATION('',(#1270),#1281);
#1270 = B_SPLINE_CURVE_WITH_KNOTS('',5,(#1271,#1272,#1273,#1274,#1275,
    #1276,#1277,#1278,#1279,#1280),.UNSPECIFIED.,.F.,.F.,(6,4,6),(0.,
    0.655588272581,1.),.UNSPECIFIED.);
#1271 = CARTESIAN_POINT('',(0.446826885165,2.747096611122));
#1272 = CARTESIAN_POINT('',(0.456867535209,2.799499347628));
#1273 = CARTESIAN_POINT('',(0.466920766878,2.851561577417));
#1274 = CARTESIAN_POINT('',(0.476983804627,2.903366034321));
#1275 = CARTESIAN_POINT('',(0.487053846365,2.954986955169));
#1276 = CARTESIAN_POINT('',(0.502420732214,3.033556511632));
#1277 = CARTESIAN_POINT('',(0.507714453404,3.060585969152));
#1278 = CARTESIAN_POINT('',(0.513008964382,3.087594988137));
#1279 = CARTESIAN_POINT('',(0.518303869985,3.114593833326));
#1280 = CARTESIAN_POINT('',(0.523598775598,3.14159265359));
#1281 = ( GEOMETRIC_REPRESENTATION_CONTEXT(2) 
PARAMETRIC_REPRESENTATION_CONTEXT() REPRESENTATION_CONTEXT('2D SPACE',''
  ) );
#1282 = PCURVE('',#1236,#1283);
#1283 = DEFINITIONAL_REPRESENTATION('',(#1284),#1295);
#1284 = B_SPLINE_CURVE_WITH_KNOTS('',5,(#1285,#1286,#1287,#1288,#1289,
    #1290,#1291,#1292,#1293,#1294),.UNSPECIFIED.,.F.,.F.,(6,4,6),(0.,
    0.655588272581,1.),.UNSPECIFIED.);
#1285 = CARTESIAN_POINT('',(1.846971069769,-11.));
#1286 = CARTESIAN_POINT('',(1.99210417553,-10.21219515024));
#1287 = CARTESIAN_POINT('',(2.140251866363,-9.424924062231));
#1288 = CARTESIAN_POINT('',(2.290710956958,-8.638076062053));
#1289 = CARTESIAN_POINT('',(2.442822609088,-7.851537716126));
#1290 = CARTESIAN_POINT('',(2.676383583481,-6.652080366593));
#1291 = CARTESIAN_POINT('',(2.757102901932,-6.23902537905));
#1292 = CARTESIAN_POINT('',(2.83800709666,-5.826005270425));
#1293 = CARTESIAN_POINT('',(2.919003483972,-5.41300264048));
#1294 = CARTESIAN_POINT('',(3.,-5.));
#1295 = ( GEOMETRIC_REPRESENTATION_CONTEXT(2) 
PARAMETRIC_REPRESENTATION_CONTEXT() REPRESENTATION_CONTEXT('2D SPACE',''
  ) );
#1296 = ADVANCED_FACE('',(#1297),#277,.T.);
#1297 = FACE_BOUND('',#1298,.F.);
#1298 = EDGE_LOOP('',(#1299,#1321,#1322,#1323));
#1299 = ORIENTED_EDGE('',*,*,#1300,.F.);
#1300 = EDGE_CURVE('',#257,#1301,#1303,.T.);
#1301 = VERTEX_POINT('',#1302);
#1302 = CARTESIAN_POINT('',(78.,-1.91044900667E-14,9.));
#1303 = SEAM_CURVE('',#1304,(#1309,#1315),.PCURVE_S1.);
#1304 = CIRCLE('',#1305,3.);
#1305 = AXIS2_PLACEMENT_3D('',#1306,#1307,#1308);
#1306 = CARTESIAN_POINT('',(81.,-1.983927814619E-14,9.));
#1307 = DIRECTION('',(-2.449293598295E-16,-1.,0.));
#1308 = DIRECTION('',(1.,-2.449293598295E-16,0.));
#1309 = PCURVE('',#277,#1310);
#1310 = DEFINITIONAL_REPRESENTATION('',(#1311),#1314);
#1311 = B_SPLINE_CURVE_WITH_KNOTS('',1,(#1312,#1313),.UNSPECIFIED.,.F.,
  .F.,(2,2),(1.570796326795,3.14159265359),.PIECEWISE_BEZIER_KNOTS.);
#1312 = CARTESIAN_POINT('',(0.,1.570796326795));
#1313 = CARTESIAN_POINT('',(0.,3.14159265359));
#1314 = ( GEOMETRIC_REPRESENTATION_CONTEXT(2) 
PARAMETRIC_REPRESENTATION_CONTEXT() REPRESENTATION_CONTEXT('2D SPACE',''
  ) );
#1315 = PCURVE('',#277,#1316);
#1316 = DEFINITIONAL_REPRESENTATION('',(#1317),#1320);
#1317 = B_SPLINE_CURVE_WITH_KNOTS('',1,(#1318,#1319),.UNSPECIFIED.,.F.,
  .F.,(2,2),(1.570796326795,3.14159265359),.PIECEWISE_BEZIER_KNOTS.);
#1318 = CARTESIAN_POINT('',(-6.28318530718,1.570796326795));
#1319 = CARTESIAN_POINT('',(-6.28318530718,3.14159265359));
#1320 = ( GEOMETRIC_REPRESENTATION_CONTEXT(2) 
PARAMETRIC_REPRESENTATION_CONTEXT() REPRESENTATION_CONTEXT('2D SPACE',''
  ) );
#1321 = ORIENTED_EDGE('',*,*,#256,.F.);
#1322 = ORIENTED_EDGE('',*,*,#1300,.T.);
#1323 = ORIENTED_EDGE('',*,*,#1324,.T.);
#1324 = EDGE_CURVE('',#1301,#1301,#1325,.T.);
#1325 = SURFACE_CURVE('',#1326,(#1331,#1338),.PCURVE_S1.);
#1326 = CIRCLE('',#1327,78.);
#1327 = AXIS2_PLACEMENT_3D('',#1328,#1329,#1330);
#1328 = CARTESIAN_POINT('',(0.,0.,9.));
#1329 = DIRECTION('',(0.,-0.,-1.));
#1330 = DIRECTION('',(1.,-2.449293598295E-16,0.));
#1331 = PCURVE('',#277,#1332);
#1332 = DEFINITIONAL_REPRESENTATION('',(#1333),#1337);
#1333 = LINE('',#1334,#1335);
#1334 = CARTESIAN_POINT('',(-0.,3.14159265359));
#1335 = VECTOR('',#1336,1.);
#1336 = DIRECTION('',(-1.,0.));
#1337 = ( GEOMETRIC_REPRESENTATION_CONTEXT(2) 
PARAMETRIC_REPRESENTATION_CONTEXT() REPRESENTATION_CONTEXT('2D SPACE',''
  ) );
#1338 = PCURVE('',#414,#1339);
#1339 = DEFINITIONAL_REPRESENTATION('',(#1340),#1344);
#1340 = LINE('',#1341,#1342);
#1341 = CARTESIAN_POINT('',(-6.28318530718,-10.));
#1342 = VECTOR('',#1343,1.);
#1343 = DIRECTION('',(1.,-0.));
#1344 = ( GEOMETRIC_REPRESENTATION_CONTEXT(2) 
PARAMETRIC_REPRESENTATION_CONTEXT() REPRESENTATION_CONTEXT('2D SPACE',''
  ) );
#1345 = ADVANCED_FACE('',(#1346),#414,.F.);
#1346 = FACE_BOUND('',#1347,.T.);
#1347 = EDGE_LOOP('',(#1348,#1383,#1402,#1403,#1424,#1425,#1426,#1427,
    #1448,#1481,#1500,#1501,#1522,#1555,#1574,#1575));
#1348 = ORIENTED_EDGE('',*,*,#1349,.T.);
#1349 = EDGE_CURVE('',#1350,#1352,#1354,.T.);
#1350 = VERTEX_POINT('',#1351);
#1351 = CARTESIAN_POINT('',(-5.,77.839578621675,8.));
#1352 = VERTEX_POINT('',#1353);
#1353 = CARTESIAN_POINT('',(5.,77.839578621675,8.));
#1354 = SURFACE_CURVE('',#1355,(#1360,#1367),.PCURVE_S1.);
#1355 = CIRCLE('',#1356,78.);
#1356 = AXIS2_PLACEMENT_3D('',#1357,#1358,#1359);
#1357 = CARTESIAN_POINT('',(0.,0.,8.));
#1358 = DIRECTION('',(0.,0.,-1.));
#1359 = DIRECTION('',(-6.410256410256E-02,0.997943315663,0.));
#1360 = PCURVE('',#414,#1361);
#1361 = DEFINITIONAL_REPRESENTATION('',(#1362),#1366);
#1362 = LINE('',#1363,#1364);
#1363 = CARTESIAN_POINT('',(-1.634942873329,-9.));
#1364 = VECTOR('',#1365,1.);
#1365 = DIRECTION('',(1.,-0.));
#1366 = ( GEOMETRIC_REPRESENTATION_CONTEXT(2) 
PARAMETRIC_REPRESENTATION_CONTEXT() REPRESENTATION_CONTEXT('2D SPACE',''
  ) );
#1367 = PCURVE('',#1368,#1373);
#1368 = PLANE('',#1369);
#1369 = AXIS2_PLACEMENT_3D('',#1370,#1371,#1372);
#1370 = CARTESIAN_POINT('',(5.,18.,8.));
#1371 = DIRECTION('',(0.,0.,1.));
#1372 = DIRECTION('',(1.110223024625E-16,1.,0.));
#1373 = DEFINITIONAL_REPRESENTATION('',(#1374),#1382);
#1374 = ( BOUNDED_CURVE() B_SPLINE_CURVE(2,(#1375,#1376,#1377,#1378,
#1379,#1380,#1381),.UNSPECIFIED.,.T.,.F.) B_SPLINE_CURVE_WITH_KNOTS((1,2
    ,2,2,2,1),(-2.094395102393,0.,2.094395102393,4.188790204786,
6.28318530718,8.377580409573),.UNSPECIFIED.) CURVE() 
GEOMETRIC_REPRESENTATION_ITEM() RATIONAL_B_SPLINE_CURVE((1.,0.5,1.,0.5,
1.,0.5,1.)) REPRESENTATION_ITEM('') );
#1375 = CARTESIAN_POINT('',(59.839578621675,10.));
#1376 = CARTESIAN_POINT('',(68.49983265952,-124.8221050124));
#1377 = CARTESIAN_POINT('',(-52.58966229191,-64.91105250624));
#1378 = CARTESIAN_POINT('',(-173.6791572433,-5.));
#1379 = CARTESIAN_POINT('',(-61.24991632976,69.911052506247));
#1380 = CARTESIAN_POINT('',(51.179324583831,144.82210501249));
#1381 = CARTESIAN_POINT('',(59.839578621675,10.));
#1382 = ( GEOMETRIC_REPRESENTATION_CONTEXT(2) 
PARAMETRIC_REPRESENTATION_CONTEXT() REPRESENTATION_CONTEXT('2D SPACE',''
  ) );
#1383 = ORIENTED_EDGE('',*,*,#1384,.T.);
#1384 = EDGE_CURVE('',#1352,#449,#1385,.T.);
#1385 = SURFACE_CURVE('',#1386,(#1390,#1396),.PCURVE_S1.);
#1386 = LINE('',#1387,#1388);
#1387 = CARTESIAN_POINT('',(5.,77.839578621675,-1.));
#1388 = VECTOR('',#1389,1.);
#1389 = DIRECTION('',(-0.,-0.,-1.));
#1390 = PCURVE('',#414,#1391);
#1391 = DEFINITIONAL_REPRESENTATION('',(#1392),#1395);
#1392 = B_SPLINE_CURVE_WITH_KNOTS('',1,(#1393,#1394),.UNSPECIFIED.,.F.,
  .F.,(2,2),(-9.8,-3.9999994),.PIECEWISE_BEZIER_KNOTS.);
#1393 = CARTESIAN_POINT('',(-1.50664978026,-9.8));
#1394 = CARTESIAN_POINT('',(-1.50664978026,-3.9999994));
#1395 = ( GEOMETRIC_REPRESENTATION_CONTEXT(2) 
PARAMETRIC_REPRESENTATION_CONTEXT() REPRESENTATION_CONTEXT('2D SPACE',''
  ) );
#1396 = PCURVE('',#536,#1397);
#1397 = DEFINITIONAL_REPRESENTATION('',(#1398),#1401);
#1398 = B_SPLINE_CURVE_WITH_KNOTS('',1,(#1399,#1400),.UNSPECIFIED.,.F.,
  .F.,(2,2),(-9.8,-3.9999994),.PIECEWISE_BEZIER_KNOTS.);
#1399 = CARTESIAN_POINT('',(8.8,59.839578621675));
#1400 = CARTESIAN_POINT('',(2.9999994,59.839578621675));
#1401 = ( GEOMETRIC_REPRESENTATION_CONTEXT(2) 
PARAMETRIC_REPRESENTATION_CONTEXT() REPRESENTATION_CONTEXT('2D SPACE',''
  ) );
#1402 = ORIENTED_EDGE('',*,*,#448,.T.);
#1403 = ORIENTED_EDGE('',*,*,#1404,.T.);
#1404 = EDGE_CURVE('',#398,#1301,#1405,.T.);
#1405 = SEAM_CURVE('',#1406,(#1410,#1417),.PCURVE_S1.);
#1406 = LINE('',#1407,#1408);
#1407 = CARTESIAN_POINT('',(78.,0.,-1.));
#1408 = VECTOR('',#1409,1.);
#1409 = DIRECTION('',(0.,0.,1.));
#1410 = PCURVE('',#414,#1411);
#1411 = DEFINITIONAL_REPRESENTATION('',(#1412),#1416);
#1412 = LINE('',#1413,#1414);
#1413 = CARTESIAN_POINT('',(-0.,0.));
#1414 = VECTOR('',#1415,1.);
#1415 = DIRECTION('',(-0.,-1.));
#1416 = ( GEOMETRIC_REPRESENTATION_CONTEXT(2) 
PARAMETRIC_REPRESENTATION_CONTEXT() REPRESENTATION_CONTEXT('2D SPACE',''
  ) );
#1417 = PCURVE('',#414,#1418);
#1418 = DEFINITIONAL_REPRESENTATION('',(#1419),#1423);
#1419 = LINE('',#1420,#1421);
#1420 = CARTESIAN_POINT('',(-6.28318530718,0.));
#1421 = VECTOR('',#1422,1.);
#1422 = DIRECTION('',(-0.,-1.));
#1423 = ( GEOMETRIC_REPRESENTATION_CONTEXT(2) 
PARAMETRIC_REPRESENTATION_CONTEXT() REPRESENTATION_CONTEXT('2D SPACE',''
  ) );
#1424 = ORIENTED_EDGE('',*,*,#1324,.F.);
#1425 = ORIENTED_EDGE('',*,*,#1404,.F.);
#1426 = ORIENTED_EDGE('',*,*,#397,.T.);
#1427 = ORIENTED_EDGE('',*,*,#1428,.F.);
#1428 = EDGE_CURVE('',#1429,#298,#1431,.T.);
#1429 = VERTEX_POINT('',#1430);
#1430 = CARTESIAN_POINT('',(69.911052506247,-34.58966229191,8.));
#1431 = SURFACE_CURVE('',#1432,(#1436,#1442),.PCURVE_S1.);
#1432 = LINE('',#1433,#1434);
#1433 = CARTESIAN_POINT('',(69.911052506247,-34.58966229191,-1.));
#1434 = VECTOR('',#1435,1.);
#1435 = DIRECTION('',(-0.,-0.,-1.));
#1436 = PCURVE('',#414,#1437);
#1437 = DEFINITIONAL_REPRESENTATION('',(#1438),#1441);
#1438 = B_SPLINE_CURVE_WITH_KNOTS('',1,(#1439,#1440),.UNSPECIFIED.,.F.,
  .F.,(2,2),(-9.8,-3.9999988),.PIECEWISE_BEZIER_KNOTS.);
#1439 = CARTESIAN_POINT('',(-5.823733078116,-9.8));
#1440 = CARTESIAN_POINT('',(-5.823733078116,-3.9999988));
#1441 = ( GEOMETRIC_REPRESENTATION_CONTEXT(2) 
PARAMETRIC_REPRESENTATION_CONTEXT() REPRESENTATION_CONTEXT('2D SPACE',''
  ) );
#1442 = PCURVE('',#361,#1443);
#1443 = DEFINITIONAL_REPRESENTATION('',(#1444),#1447);
#1444 = B_SPLINE_CURVE_WITH_KNOTS('',1,(#1445,#1446),.UNSPECIFIED.,.F.,
  .F.,(2,2),(-9.8,-3.9999988),.PIECEWISE_BEZIER_KNOTS.);
#1445 = CARTESIAN_POINT('',(8.8,59.839578621675));
#1446 = CARTESIAN_POINT('',(2.9999988,59.839578621675));
#1447 = ( GEOMETRIC_REPRESENTATION_CONTEXT(2) 
PARAMETRIC_REPRESENTATION_CONTEXT() REPRESENTATION_CONTEXT('2D SPACE',''
  ) );
#1448 = ORIENTED_EDGE('',*,*,#1449,.T.);
#1449 = EDGE_CURVE('',#1429,#1450,#1452,.T.);
#1450 = VERTEX_POINT('',#1451);
#1451 = CARTESIAN_POINT('',(64.911052506247,-43.24991632976,8.));
#1452 = SURFACE_CURVE('',#1453,(#1458,#1465),.PCURVE_S1.);
#1453 = CIRCLE('',#1454,78.);
#1454 = AXIS2_PLACEMENT_3D('',#1455,#1456,#1457);
#1455 = CARTESIAN_POINT('',(0.,0.,8.));
#1456 = DIRECTION('',(0.,0.,-1.));
#1457 = DIRECTION('',(0.896295544952,-0.443457208871,0.));
#1458 = PCURVE('',#414,#1459);
#1459 = DEFINITIONAL_REPRESENTATION('',(#1460),#1464);
#1460 = LINE('',#1461,#1462);
#1461 = CARTESIAN_POINT('',(-5.823733078116,-9.));
#1462 = VECTOR('',#1463,1.);
#1463 = DIRECTION('',(1.,-0.));
#1464 = ( GEOMETRIC_REPRESENTATION_CONTEXT(2) 
PARAMETRIC_REPRESENTATION_CONTEXT() REPRESENTATION_CONTEXT('2D SPACE',''
  ) );
#1465 = PCURVE('',#1466,#1471);
#1466 = PLANE('',#1467);
#1467 = AXIS2_PLACEMENT_3D('',#1468,#1469,#1470);
#1468 = CARTESIAN_POINT('',(13.08845726812,-13.33012701892,8.));
#1469 = DIRECTION('',(0.,0.,1.));
#1470 = DIRECTION('',(0.866025403784,-0.5,0.));
#1471 = DEFINITIONAL_REPRESENTATION('',(#1472),#1480);
#1472 = ( BOUNDED_CURVE() B_SPLINE_CURVE(2,(#1473,#1474,#1475,#1476,
#1477,#1478,#1479),.UNSPECIFIED.,.T.,.F.) B_SPLINE_CURVE_WITH_KNOTS((1,2
    ,2,2,2,1),(-2.094395102393,0.,2.094395102393,4.188790204786,
6.28318530718,8.377580409573),.UNSPECIFIED.) CURVE() 
GEOMETRIC_REPRESENTATION_ITEM() RATIONAL_B_SPLINE_CURVE((1.,0.5,1.,0.5,
1.,0.5,1.)) REPRESENTATION_ITEM('') );
#1473 = CARTESIAN_POINT('',(59.839578621675,10.));
#1474 = CARTESIAN_POINT('',(68.49983265952,-124.8221050124));
#1475 = CARTESIAN_POINT('',(-52.58966229191,-64.91105250624));
#1476 = CARTESIAN_POINT('',(-173.6791572433,-5.));
#1477 = CARTESIAN_POINT('',(-61.24991632976,69.911052506247));
#1478 = CARTESIAN_POINT('',(51.179324583831,144.82210501249));
#1479 = CARTESIAN_POINT('',(59.839578621675,10.));
#1480 = ( GEOMETRIC_REPRESENTATION_CONTEXT(2) 
PARAMETRIC_REPRESENTATION_CONTEXT() REPRESENTATION_CONTEXT('2D SPACE',''
  ) );
#1481 = ORIENTED_EDGE('',*,*,#1482,.T.);
#1482 = EDGE_CURVE('',#1450,#1083,#1483,.T.);
#1483 = SURFACE_CURVE('',#1484,(#1488,#1494),.PCURVE_S1.);
#1484 = LINE('',#1485,#1486);
#1485 = CARTESIAN_POINT('',(64.911052506247,-43.24991632976,-1.));
#1486 = VECTOR('',#1487,1.);
#1487 = DIRECTION('',(-0.,-0.,-1.));
#1488 = PCURVE('',#414,#1489);
#1489 = DEFINITIONAL_REPRESENTATION('',(#1490),#1493);
#1490 = B_SPLINE_CURVE_WITH_KNOTS('',1,(#1491,#1492),.UNSPECIFIED.,.F.,
  .F.,(2,2),(-9.8,-3.9999988),.PIECEWISE_BEZIER_KNOTS.);
#1491 = CARTESIAN_POINT('',(-5.695439985047,-9.8));
#1492 = CARTESIAN_POINT('',(-5.695439985047,-3.9999988));
#1493 = ( GEOMETRIC_REPRESENTATION_CONTEXT(2) 
PARAMETRIC_REPRESENTATION_CONTEXT() REPRESENTATION_CONTEXT('2D SPACE',''
  ) );
#1494 = PCURVE('',#1170,#1495);
#1495 = DEFINITIONAL_REPRESENTATION('',(#1496),#1499);
#1496 = B_SPLINE_CURVE_WITH_KNOTS('',1,(#1497,#1498),.UNSPECIFIED.,.F.,
  .F.,(2,2),(-9.8,-3.9999988),.PIECEWISE_BEZIER_KNOTS.);
#1497 = CARTESIAN_POINT('',(8.8,59.839578621675));
#1498 = CARTESIAN_POINT('',(2.9999988,59.839578621675));
#1499 = ( GEOMETRIC_REPRESENTATION_CONTEXT(2) 
PARAMETRIC_REPRESENTATION_CONTEXT() REPRESENTATION_CONTEXT('2D SPACE',''
  ) );
#1500 = ORIENTED_EDGE('',*,*,#1082,.T.);
#1501 = ORIENTED_EDGE('',*,*,#1502,.F.);
#1502 = EDGE_CURVE('',#1503,#983,#1505,.T.);
#1503 = VERTEX_POINT('',#1504);
#1504 = CARTESIAN_POINT('',(-64.91105250624,-43.24991632976,8.));
#1505 = SURFACE_CURVE('',#1506,(#1510,#1516),.PCURVE_S1.);
#1506 = LINE('',#1507,#1508);
#1507 = CARTESIAN_POINT('',(-64.91105250624,-43.24991632976,-1.));
#1508 = VECTOR('',#1509,1.);
#1509 = DIRECTION('',(-0.,-0.,-1.));
#1510 = PCURVE('',#414,#1511);
#1511 = DEFINITIONAL_REPRESENTATION('',(#1512),#1515);
#1512 = B_SPLINE_CURVE_WITH_KNOTS('',1,(#1513,#1514),.UNSPECIFIED.,.F.,
  .F.,(2,2),(-9.8,-3.9999988),.PIECEWISE_BEZIER_KNOTS.);
#1513 = CARTESIAN_POINT('',(-3.729337975723,-9.8));
#1514 = CARTESIAN_POINT('',(-3.729337975723,-3.9999988));
#1515 = ( GEOMETRIC_REPRESENTATION_CONTEXT(2) 
PARAMETRIC_REPRESENTATION_CONTEXT() REPRESENTATION_CONTEXT('2D SPACE',''
  ) );
#1516 = PCURVE('',#1046,#1517);
#1517 = DEFINITIONAL_REPRESENTATION('',(#1518),#1521);
#1518 = B_SPLINE_CURVE_WITH_KNOTS('',1,(#1519,#1520),.UNSPECIFIED.,.F.,
  .F.,(2,2),(-9.8,-3.9999988),.PIECEWISE_BEZIER_KNOTS.);
#1519 = CARTESIAN_POINT('',(8.8,59.839578621675));
#1520 = CARTESIAN_POINT('',(2.9999988,59.839578621675));
#1521 = ( GEOMETRIC_REPRESENTATION_CONTEXT(2) 
PARAMETRIC_REPRESENTATION_CONTEXT() REPRESENTATION_CONTEXT('2D SPACE',''
  ) );
#1522 = ORIENTED_EDGE('',*,*,#1523,.T.);
#1523 = EDGE_CURVE('',#1503,#1524,#1526,.T.);
#1524 = VERTEX_POINT('',#1525);
#1525 = CARTESIAN_POINT('',(-69.91105250624,-34.58966229191,8.));
#1526 = SURFACE_CURVE('',#1527,(#1532,#1539),.PCURVE_S1.);
#1527 = CIRCLE('',#1528,78.);
#1528 = AXIS2_PLACEMENT_3D('',#1529,#1530,#1531);
#1529 = CARTESIAN_POINT('',(0.,0.,8.));
#1530 = DIRECTION('',(0.,0.,-1.));
#1531 = DIRECTION('',(-0.832192980849,-0.554486106792,-0.));
#1532 = PCURVE('',#414,#1533);
#1533 = DEFINITIONAL_REPRESENTATION('',(#1534),#1538);
#1534 = LINE('',#1535,#1536);
#1535 = CARTESIAN_POINT('',(-3.729337975723,-9.));
#1536 = VECTOR('',#1537,1.);
#1537 = DIRECTION('',(1.,-0.));
#1538 = ( GEOMETRIC_REPRESENTATION_CONTEXT(2) 
PARAMETRIC_REPRESENTATION_CONTEXT() REPRESENTATION_CONTEXT('2D SPACE',''
  ) );
#1539 = PCURVE('',#1540,#1545);
#1540 = PLANE('',#1541);
#1541 = AXIS2_PLACEMENT_3D('',#1542,#1543,#1544);
#1542 = CARTESIAN_POINT('',(-18.08845726812,-4.669872981078,8.));
#1543 = DIRECTION('',(0.,0.,1.));
#1544 = DIRECTION('',(-0.866025403784,-0.5,0.));
#1545 = DEFINITIONAL_REPRESENTATION('',(#1546),#1554);
#1546 = ( BOUNDED_CURVE() B_SPLINE_CURVE(2,(#1547,#1548,#1549,#1550,
#1551,#1552,#1553),.UNSPECIFIED.,.T.,.F.) B_SPLINE_CURVE_WITH_KNOTS((1,2
    ,2,2,2,1),(-2.094395102393,0.,2.094395102393,4.188790204786,
6.28318530718,8.377580409573),.UNSPECIFIED.) CURVE() 
GEOMETRIC_REPRESENTATION_ITEM() RATIONAL_B_SPLINE_CURVE((1.,0.5,1.,0.5,
1.,0.5,1.)) REPRESENTATION_ITEM('') );
#1547 = CARTESIAN_POINT('',(59.839578621675,10.));
#1548 = CARTESIAN_POINT('',(68.49983265952,-124.8221050124));
#1549 = CARTESIAN_POINT('',(-52.58966229191,-64.91105250624));
#1550 = CARTESIAN_POINT('',(-173.6791572433,-5.));
#1551 = CARTESIAN_POINT('',(-61.24991632976,69.911052506247));
#1552 = CARTESIAN_POINT('',(51.179324583831,144.82210501249));
#1553 = CARTESIAN_POINT('',(59.839578621675,10.));
#1554 = ( GEOMETRIC_REPRESENTATION_CONTEXT(2) 
PARAMETRIC_REPRESENTATION_CONTEXT() REPRESENTATION_CONTEXT('2D SPACE',''
  ) );
#1555 = ORIENTED_EDGE('',*,*,#1556,.T.);
#1556 = EDGE_CURVE('',#1524,#766,#1557,.T.);
#1557 = SURFACE_CURVE('',#1558,(#1562,#1568),.PCURVE_S1.);
#1558 = LINE('',#1559,#1560);
#1559 = CARTESIAN_POINT('',(-69.91105250624,-34.58966229191,-1.));
#1560 = VECTOR('',#1561,1.);
#1561 = DIRECTION('',(-0.,-0.,-1.));
#1562 = PCURVE('',#414,#1563);
#1563 = DEFINITIONAL_REPRESENTATION('',(#1564),#1567);
#1564 = B_SPLINE_CURVE_WITH_KNOTS('',1,(#1565,#1566),.UNSPECIFIED.,.F.,
  .F.,(2,2),(-9.8,-3.9999988),.PIECEWISE_BEZIER_KNOTS.);
#1565 = CARTESIAN_POINT('',(-3.601044882654,-9.8));
#1566 = CARTESIAN_POINT('',(-3.601044882654,-3.9999988));
#1567 = ( GEOMETRIC_REPRESENTATION_CONTEXT(2) 
PARAMETRIC_REPRESENTATION_CONTEXT() REPRESENTATION_CONTEXT('2D SPACE',''
  ) );
#1568 = PCURVE('',#853,#1569);
#1569 = DEFINITIONAL_REPRESENTATION('',(#1570),#1573);
#1570 = B_SPLINE_CURVE_WITH_KNOTS('',1,(#1571,#1572),.UNSPECIFIED.,.F.,
  .F.,(2,2),(-9.8,-3.9999988),.PIECEWISE_BEZIER_KNOTS.);
#1571 = CARTESIAN_POINT('',(8.8,59.839578621675));
#1572 = CARTESIAN_POINT('',(2.9999988,59.839578621675));
#1573 = ( GEOMETRIC_REPRESENTATION_CONTEXT(2) 
PARAMETRIC_REPRESENTATION_CONTEXT() REPRESENTATION_CONTEXT('2D SPACE',''
  ) );
#1574 = ORIENTED_EDGE('',*,*,#765,.T.);
#1575 = ORIENTED_EDGE('',*,*,#1576,.F.);
#1576 = EDGE_CURVE('',#1350,#666,#1577,.T.);
#1577 = SURFACE_CURVE('',#1578,(#1582,#1588),.PCURVE_S1.);
#1578 = LINE('',#1579,#1580);
#1579 = CARTESIAN_POINT('',(-5.,77.839578621675,-1.));
#1580 = VECTOR('',#1581,1.);
#1581 = DIRECTION('',(-0.,-0.,-1.));
#1582 = PCURVE('',#414,#1583);
#1583 = DEFINITIONAL_REPRESENTATION('',(#1584),#1587);
#1584 = B_SPLINE_CURVE_WITH_KNOTS('',1,(#1585,#1586),.UNSPECIFIED.,.F.,
  .F.,(2,2),(-9.8,-3.9999994),.PIECEWISE_BEZIER_KNOTS.);
#1585 = CARTESIAN_POINT('',(-1.634942873329,-9.8));
#1586 = CARTESIAN_POINT('',(-1.634942873329,-3.9999994));
#1587 = ( GEOMETRIC_REPRESENTATION_CONTEXT(2) 
PARAMETRIC_REPRESENTATION_CONTEXT() REPRESENTATION_CONTEXT('2D SPACE',''
  ) );
#1588 = PCURVE('',#729,#1589);
#1589 = DEFINITIONAL_REPRESENTATION('',(#1590),#1593);
#1590 = B_SPLINE_CURVE_WITH_KNOTS('',1,(#1591,#1592),.UNSPECIFIED.,.F.,
  .F.,(2,2),(-9.8,-3.9999994),.PIECEWISE_BEZIER_KNOTS.);
#1591 = CARTESIAN_POINT('',(8.8,59.839578621675));
#1592 = CARTESIAN_POINT('',(2.9999994,59.839578621675));
#1593 = ( GEOMETRIC_REPRESENTATION_CONTEXT(2) 
PARAMETRIC_REPRESENTATION_CONTEXT() REPRESENTATION_CONTEXT('2D SPACE',''
  ) );
#1594 = ADVANCED_FACE('',(#1595),#361,.T.);
#1595 = FACE_BOUND('',#1596,.T.);
#1596 = EDGE_LOOP('',(#1597,#1627,#1653,#1674,#1675,#1676));
#1597 = ORIENTED_EDGE('',*,*,#1598,.F.);
#1598 = EDGE_CURVE('',#1599,#1601,#1603,.T.);
#1599 = VERTEX_POINT('',#1600);
#1600 = CARTESIAN_POINT('',(21.053975315279,-6.382015623892,0.));
#1601 = VERTEX_POINT('',#1602);
#1602 = CARTESIAN_POINT('',(70.049981495186,-34.66987298107,0.));
#1603 = SURFACE_CURVE('',#1604,(#1608,#1615),.PCURVE_S1.);
#1604 = LINE('',#1605,#1606);
#1605 = CARTESIAN_POINT('',(18.08845726812,-4.669872981078,0.));
#1606 = VECTOR('',#1607,1.);
#1607 = DIRECTION('',(0.866025403784,-0.5,0.));
#1608 = PCURVE('',#361,#1609);
#1609 = DEFINITIONAL_REPRESENTATION('',(#1610),#1614);
#1610 = LINE('',#1611,#1612);
#1611 = CARTESIAN_POINT('',(0.,0.));
#1612 = VECTOR('',#1613,1.);
#1613 = DIRECTION('',(0.,1.));
#1614 = ( GEOMETRIC_REPRESENTATION_CONTEXT(2) 
PARAMETRIC_REPRESENTATION_CONTEXT() REPRESENTATION_CONTEXT('2D SPACE',''
  ) );
#1615 = PCURVE('',#1616,#1621);
#1616 = PLANE('',#1617);
#1617 = AXIS2_PLACEMENT_3D('',#1618,#1619,#1620);
#1618 = CARTESIAN_POINT('',(13.08845726812,-13.33012701892,0.));
#1619 = DIRECTION('',(0.,0.,1.));
#1620 = DIRECTION('',(0.866025403784,-0.5,0.));
#1621 = DEFINITIONAL_REPRESENTATION('',(#1622),#1626);
#1622 = LINE('',#1623,#1624);
#1623 = CARTESIAN_POINT('',(0.,10.));
#1624 = VECTOR('',#1625,1.);
#1625 = DIRECTION('',(1.,0.));
#1626 = ( GEOMETRIC_REPRESENTATION_CONTEXT(2) 
PARAMETRIC_REPRESENTATION_CONTEXT() REPRESENTATION_CONTEXT('2D SPACE',''
  ) );
#1627 = ORIENTED_EDGE('',*,*,#1628,.F.);
#1628 = EDGE_CURVE('',#1629,#1599,#1631,.T.);
#1629 = VERTEX_POINT('',#1630);
#1630 = CARTESIAN_POINT('',(21.053975315279,-6.382015623892,8.));
#1631 = SURFACE_CURVE('',#1632,(#1636,#1642),.PCURVE_S1.);
#1632 = LINE('',#1633,#1634);
#1633 = CARTESIAN_POINT('',(21.053975315279,-6.382015623892,0.));
#1634 = VECTOR('',#1635,1.);
#1635 = DIRECTION('',(-0.,-0.,-1.));
#1636 = PCURVE('',#361,#1637);
#1637 = DEFINITIONAL_REPRESENTATION('',(#1638),#1641);
#1638 = B_SPLINE_CURVE_WITH_KNOTS('',1,(#1639,#1640),.UNSPECIFIED.,.F.,
  .F.,(2,2),(-8.8,6.E-07),.PIECEWISE_BEZIER_KNOTS.);
#1639 = CARTESIAN_POINT('',(8.8,3.424285285629));
#1640 = CARTESIAN_POINT('',(-6.E-07,3.424285285629));
#1641 = ( GEOMETRIC_REPRESENTATION_CONTEXT(2) 
PARAMETRIC_REPRESENTATION_CONTEXT() REPRESENTATION_CONTEXT('2D SPACE',''
  ) );
#1642 = PCURVE('',#1643,#1648);
#1643 = CYLINDRICAL_SURFACE('',#1644,22.);
#1644 = AXIS2_PLACEMENT_3D('',#1645,#1646,#1647);
#1645 = CARTESIAN_POINT('',(0.,0.,0.));
#1646 = DIRECTION('',(-0.,-0.,-1.));
#1647 = DIRECTION('',(1.,0.,0.));
#1648 = DEFINITIONAL_REPRESENTATION('',(#1649),#1652);
#1649 = B_SPLINE_CURVE_WITH_KNOTS('',1,(#1650,#1651),.UNSPECIFIED.,.F.,
  .F.,(2,2),(-8.8,6.E-07),.PIECEWISE_BEZIER_KNOTS.);
#1650 = CARTESIAN_POINT('',(-5.988862734795,-8.8));
#1651 = CARTESIAN_POINT('',(-5.988862734795,6.E-07));
#1652 = ( GEOMETRIC_REPRESENTATION_CONTEXT(2) 
PARAMETRIC_REPRESENTATION_CONTEXT() REPRESENTATION_CONTEXT('2D SPACE',''
  ) );
#1653 = ORIENTED_EDGE('',*,*,#1654,.T.);
#1654 = EDGE_CURVE('',#1629,#1429,#1655,.T.);
#1655 = SURFACE_CURVE('',#1656,(#1660,#1667),.PCURVE_S1.);
#1656 = LINE('',#1657,#1658);
#1657 = CARTESIAN_POINT('',(18.08845726812,-4.669872981078,8.));
#1658 = VECTOR('',#1659,1.);
#1659 = DIRECTION('',(0.866025403784,-0.5,0.));
#1660 = PCURVE('',#361,#1661);
#1661 = DEFINITIONAL_REPRESENTATION('',(#1662),#1666);
#1662 = LINE('',#1663,#1664);
#1663 = CARTESIAN_POINT('',(8.,0.));
#1664 = VECTOR('',#1665,1.);
#1665 = DIRECTION('',(0.,1.));
#1666 = ( GEOMETRIC_REPRESENTATION_CONTEXT(2) 
PARAMETRIC_REPRESENTATION_CONTEXT() REPRESENTATION_CONTEXT('2D SPACE',''
  ) );
#1667 = PCURVE('',#1466,#1668);
#1668 = DEFINITIONAL_REPRESENTATION('',(#1669),#1673);
#1669 = LINE('',#1670,#1671);
#1670 = CARTESIAN_POINT('',(0.,10.));
#1671 = VECTOR('',#1672,1.);
#1672 = DIRECTION('',(1.,0.));
#1673 = ( GEOMETRIC_REPRESENTATION_CONTEXT(2) 
PARAMETRIC_REPRESENTATION_CONTEXT() REPRESENTATION_CONTEXT('2D SPACE',''
  ) );
#1674 = ORIENTED_EDGE('',*,*,#1428,.T.);
#1675 = ORIENTED_EDGE('',*,*,#295,.F.);
#1676 = ORIENTED_EDGE('',*,*,#1677,.F.);
#1677 = EDGE_CURVE('',#1601,#296,#1678,.T.);
#1678 = SURFACE_CURVE('',#1679,(#1683,#1690),.PCURVE_S1.);
#1679 = LINE('',#1680,#1681);
#1680 = CARTESIAN_POINT('',(70.049981495186,-34.66987298107,0.));
#1681 = VECTOR('',#1682,1.);
#1682 = DIRECTION('',(0.,0.,1.));
#1683 = PCURVE('',#361,#1684);
#1684 = DEFINITIONAL_REPRESENTATION('',(#1685),#1689);
#1685 = LINE('',#1686,#1687);
#1686 = CARTESIAN_POINT('',(0.,60.));
#1687 = VECTOR('',#1688,1.);
#1688 = DIRECTION('',(1.,0.));
#1689 = ( GEOMETRIC_REPRESENTATION_CONTEXT(2) 
PARAMETRIC_REPRESENTATION_CONTEXT() REPRESENTATION_CONTEXT('2D SPACE',''
  ) );
#1690 = PCURVE('',#1236,#1691);
#1691 = DEFINITIONAL_REPRESENTATION('',(#1692),#1696);
#1692 = LINE('',#1693,#1694);
#1693 = CARTESIAN_POINT('',(0.,-10.));
#1694 = VECTOR('',#1695,1.);
#1695 = DIRECTION('',(1.,0.));
#1696 = ( GEOMETRIC_REPRESENTATION_CONTEXT(2) 
PARAMETRIC_REPRESENTATION_CONTEXT() REPRESENTATION_CONTEXT('2D SPACE',''
  ) );
#1697 = ADVANCED_FACE('',(#1698),#1236,.T.);
#1698 = FACE_BOUND('',#1699,.T.);
#1699 = EDGE_LOOP('',(#1700,#1723,#1744,#1745,#1746));
#1700 = ORIENTED_EDGE('',*,*,#1701,.F.);
#1701 = EDGE_CURVE('',#1702,#1107,#1704,.T.);
#1702 = VERTEX_POINT('',#1703);
#1703 = CARTESIAN_POINT('',(65.049981495186,-43.33012701892,0.));
#1704 = SURFACE_CURVE('',#1705,(#1709,#1716),.PCURVE_S1.);
#1705 = LINE('',#1706,#1707);
#1706 = CARTESIAN_POINT('',(65.049981495186,-43.33012701892,0.));
#1707 = VECTOR('',#1708,1.);
#1708 = DIRECTION('',(0.,0.,1.));
#1709 = PCURVE('',#1236,#1710);
#1710 = DEFINITIONAL_REPRESENTATION('',(#1711),#1715);
#1711 = LINE('',#1712,#1713);
#1712 = CARTESIAN_POINT('',(0.,0.));
#1713 = VECTOR('',#1714,1.);
#1714 = DIRECTION('',(1.,0.));
#1715 = ( GEOMETRIC_REPRESENTATION_CONTEXT(2) 
PARAMETRIC_REPRESENTATION_CONTEXT() REPRESENTATION_CONTEXT('2D SPACE',''
  ) );
#1716 = PCURVE('',#1170,#1717);
#1717 = DEFINITIONAL_REPRESENTATION('',(#1718),#1722);
#1718 = LINE('',#1719,#1720);
#1719 = CARTESIAN_POINT('',(0.,60.));
#1720 = VECTOR('',#1721,1.);
#1721 = DIRECTION('',(1.,0.));
#1722 = ( GEOMETRIC_REPRESENTATION_CONTEXT(2) 
PARAMETRIC_REPRESENTATION_CONTEXT() REPRESENTATION_CONTEXT('2D SPACE',''
  ) );
#1723 = ORIENTED_EDGE('',*,*,#1724,.T.);
#1724 = EDGE_CURVE('',#1702,#1601,#1725,.T.);
#1725 = SURFACE_CURVE('',#1726,(#1730,#1737),.PCURVE_S1.);
#1726 = LINE('',#1727,#1728);
#1727 = CARTESIAN_POINT('',(65.049981495186,-43.33012701892,0.));
#1728 = VECTOR('',#1729,1.);
#1729 = DIRECTION('',(0.5,0.866025403784,0.));
#1730 = PCURVE('',#1236,#1731);
#1731 = DEFINITIONAL_REPRESENTATION('',(#1732),#1736);
#1732 = LINE('',#1733,#1734);
#1733 = CARTESIAN_POINT('',(0.,0.));
#1734 = VECTOR('',#1735,1.);
#1735 = DIRECTION('',(0.,-1.));
#1736 = ( GEOMETRIC_REPRESENTATION_CONTEXT(2) 
PARAMETRIC_REPRESENTATION_CONTEXT() REPRESENTATION_CONTEXT('2D SPACE',''
  ) );
#1737 = PCURVE('',#1616,#1738);
#1738 = DEFINITIONAL_REPRESENTATION('',(#1739),#1743);
#1739 = LINE('',#1740,#1741);
#1740 = CARTESIAN_POINT('',(60.,-3.552713678801E-15));
#1741 = VECTOR('',#1742,1.);
#1742 = DIRECTION('',(0.,1.));
#1743 = ( GEOMETRIC_REPRESENTATION_CONTEXT(2) 
PARAMETRIC_REPRESENTATION_CONTEXT() REPRESENTATION_CONTEXT('2D SPACE',''
  ) );
#1744 = ORIENTED_EDGE('',*,*,#1677,.T.);
#1745 = ORIENTED_EDGE('',*,*,#1255,.T.);
#1746 = ORIENTED_EDGE('',*,*,#1206,.F.);
#1747 = ADVANCED_FACE('',(#1748),#1170,.F.);
#1748 = FACE_BOUND('',#1749,.F.);
#1749 = EDGE_LOOP('',(#1750,#1773,#1794,#1815,#1816,#1817));
#1750 = ORIENTED_EDGE('',*,*,#1751,.F.);
#1751 = EDGE_CURVE('',#1752,#1702,#1754,.T.);
#1752 = VERTEX_POINT('',#1753);
#1753 = CARTESIAN_POINT('',(16.053975315279,-15.04226966173,0.));
#1754 = SURFACE_CURVE('',#1755,(#1759,#1766),.PCURVE_S1.);
#1755 = LINE('',#1756,#1757);
#1756 = CARTESIAN_POINT('',(13.08845726812,-13.33012701892,0.));
#1757 = VECTOR('',#1758,1.);
#1758 = DIRECTION('',(0.866025403784,-0.5,0.));
#1759 = PCURVE('',#1170,#1760);
#1760 = DEFINITIONAL_REPRESENTATION('',(#1761),#1765);
#1761 = LINE('',#1762,#1763);
#1762 = CARTESIAN_POINT('',(0.,0.));
#1763 = VECTOR('',#1764,1.);
#1764 = DIRECTION('',(0.,1.));
#1765 = ( GEOMETRIC_REPRESENTATION_CONTEXT(2) 
PARAMETRIC_REPRESENTATION_CONTEXT() REPRESENTATION_CONTEXT('2D SPACE',''
  ) );
#1766 = PCURVE('',#1616,#1767);
#1767 = DEFINITIONAL_REPRESENTATION('',(#1768),#1772);
#1768 = LINE('',#1769,#1770);
#1769 = CARTESIAN_POINT('',(0.,0.));
#1770 = VECTOR('',#1771,1.);
#1771 = DIRECTION('',(1.,0.));
#1772 = ( GEOMETRIC_REPRESENTATION_CONTEXT(2) 
PARAMETRIC_REPRESENTATION_CONTEXT() REPRESENTATION_CONTEXT('2D SPACE',''
  ) );
#1773 = ORIENTED_EDGE('',*,*,#1774,.F.);
#1774 = EDGE_CURVE('',#1775,#1752,#1777,.T.);
#1775 = VERTEX_POINT('',#1776);
#1776 = CARTESIAN_POINT('',(16.053975315279,-15.04226966173,8.));
#1777 = SURFACE_CURVE('',#1778,(#1782,#1788),.PCURVE_S1.);
#1778 = LINE('',#1779,#1780);
#1779 = CARTESIAN_POINT('',(16.053975315279,-15.04226966173,0.));
#1780 = VECTOR('',#1781,1.);
#1781 = DIRECTION('',(-0.,-0.,-1.));
#1782 = PCURVE('',#1170,#1783);
#1783 = DEFINITIONAL_REPRESENTATION('',(#1784),#1787);
#1784 = B_SPLINE_CURVE_WITH_KNOTS('',1,(#1785,#1786),.UNSPECIFIED.,.F.,
  .F.,(2,2),(-8.8,6.E-07),.PIECEWISE_BEZIER_KNOTS.);
#1785 = CARTESIAN_POINT('',(8.8,3.424285285629));
#1786 = CARTESIAN_POINT('',(-6.E-07,3.424285285629));
#1787 = ( GEOMETRIC_REPRESENTATION_CONTEXT(2) 
PARAMETRIC_REPRESENTATION_CONTEXT() REPRESENTATION_CONTEXT('2D SPACE',''
  ) );
#1788 = PCURVE('',#1643,#1789);
#1789 = DEFINITIONAL_REPRESENTATION('',(#1790),#1793);
#1790 = B_SPLINE_CURVE_WITH_KNOTS('',1,(#1791,#1792),.UNSPECIFIED.,.F.,
  .F.,(2,2),(-8.8,6.E-07),.PIECEWISE_BEZIER_KNOTS.);
#1791 = CARTESIAN_POINT('',(-5.530310328367,-8.8));
#1792 = CARTESIAN_POINT('',(-5.530310328367,6.E-07));
#1793 = ( GEOMETRIC_REPRESENTATION_CONTEXT(2) 
PARAMETRIC_REPRESENTATION_CONTEXT() REPRESENTATION_CONTEXT('2D SPACE',''
  ) );
#1794 = ORIENTED_EDGE('',*,*,#1795,.T.);
#1795 = EDGE_CURVE('',#1775,#1450,#1796,.T.);
#1796 = SURFACE_CURVE('',#1797,(#1801,#1808),.PCURVE_S1.);
#1797 = LINE('',#1798,#1799);
#1798 = CARTESIAN_POINT('',(13.08845726812,-13.33012701892,8.));
#1799 = VECTOR('',#1800,1.);
#1800 = DIRECTION('',(0.866025403784,-0.5,0.));
#1801 = PCURVE('',#1170,#1802);
#1802 = DEFINITIONAL_REPRESENTATION('',(#1803),#1807);
#1803 = LINE('',#1804,#1805);
#1804 = CARTESIAN_POINT('',(8.,0.));
#1805 = VECTOR('',#1806,1.);
#1806 = DIRECTION('',(0.,1.));
#1807 = ( GEOMETRIC_REPRESENTATION_CONTEXT(2) 
PARAMETRIC_REPRESENTATION_CONTEXT() REPRESENTATION_CONTEXT('2D SPACE',''
  ) );
#1808 = PCURVE('',#1466,#1809);
#1809 = DEFINITIONAL_REPRESENTATION('',(#1810),#1814);
#1810 = LINE('',#1811,#1812);
#1811 = CARTESIAN_POINT('',(0.,0.));
#1812 = VECTOR('',#1813,1.);
#1813 = DIRECTION('',(1.,0.));
#1814 = ( GEOMETRIC_REPRESENTATION_CONTEXT(2) 
PARAMETRIC_REPRESENTATION_CONTEXT() REPRESENTATION_CONTEXT('2D SPACE',''
  ) );
#1815 = ORIENTED_EDGE('',*,*,#1482,.T.);
#1816 = ORIENTED_EDGE('',*,*,#1106,.F.);
#1817 = ORIENTED_EDGE('',*,*,#1701,.F.);
#1818 = ADVANCED_FACE('',(#1819),#1046,.T.);
#1819 = FACE_BOUND('',#1820,.T.);
#1820 = EDGE_LOOP('',(#1821,#1846,#1867,#1888,#1889,#1890));
#1821 = ORIENTED_EDGE('',*,*,#1822,.F.);
#1822 = EDGE_CURVE('',#1823,#1825,#1827,.T.);
#1823 = VERTEX_POINT('',#1824);
#1824 = CARTESIAN_POINT('',(-16.05397531527,-15.04226966173,0.));
#1825 = VERTEX_POINT('',#1826);
#1826 = CARTESIAN_POINT('',(-65.04998149518,-43.33012701892,0.));
#1827 = SURFACE_CURVE('',#1828,(#1832,#1839),.PCURVE_S1.);
#1828 = LINE('',#1829,#1830);
#1829 = CARTESIAN_POINT('',(-13.08845726812,-13.33012701892,0.));
#1830 = VECTOR('',#1831,1.);
#1831 = DIRECTION('',(-0.866025403784,-0.5,0.));
#1832 = PCURVE('',#1046,#1833);
#1833 = DEFINITIONAL_REPRESENTATION('',(#1834),#1838);
#1834 = LINE('',#1835,#1836);
#1835 = CARTESIAN_POINT('',(0.,0.));
#1836 = VECTOR('',#1837,1.);
#1837 = DIRECTION('',(0.,1.));
#1838 = ( GEOMETRIC_REPRESENTATION_CONTEXT(2) 
PARAMETRIC_REPRESENTATION_CONTEXT() REPRESENTATION_CONTEXT('2D SPACE',''
  ) );
#1839 = PCURVE('',#1616,#1840);
#1840 = DEFINITIONAL_REPRESENTATION('',(#1841),#1845);
#1841 = LINE('',#1842,#1843);
#1842 = CARTESIAN_POINT('',(-22.66987298107,-13.08845726812));
#1843 = VECTOR('',#1844,1.);
#1844 = DIRECTION('',(-0.5,-0.866025403784));
#1845 = ( GEOMETRIC_REPRESENTATION_CONTEXT(2) 
PARAMETRIC_REPRESENTATION_CONTEXT() REPRESENTATION_CONTEXT('2D SPACE',''
  ) );
#1846 = ORIENTED_EDGE('',*,*,#1847,.F.);
#1847 = EDGE_CURVE('',#1848,#1823,#1850,.T.);
#1848 = VERTEX_POINT('',#1849);
#1849 = CARTESIAN_POINT('',(-16.05397531527,-15.04226966173,8.));
#1850 = SURFACE_CURVE('',#1851,(#1855,#1861),.PCURVE_S1.);
#1851 = LINE('',#1852,#1853);
#1852 = CARTESIAN_POINT('',(-16.05397531527,-15.04226966173,0.));
#1853 = VECTOR('',#1854,1.);
#1854 = DIRECTION('',(-0.,-0.,-1.));
#1855 = PCURVE('',#1046,#1856);
#1856 = DEFINITIONAL_REPRESENTATION('',(#1857),#1860);
#1857 = B_SPLINE_CURVE_WITH_KNOTS('',1,(#1858,#1859),.UNSPECIFIED.,.F.,
  .F.,(2,2),(-8.8,6.E-07),.PIECEWISE_BEZIER_KNOTS.);
#1858 = CARTESIAN_POINT('',(8.8,3.424285285629));
#1859 = CARTESIAN_POINT('',(-6.E-07,3.424285285629));
#1860 = ( GEOMETRIC_REPRESENTATION_CONTEXT(2) 
PARAMETRIC_REPRESENTATION_CONTEXT() REPRESENTATION_CONTEXT('2D SPACE',''
  ) );
#1861 = PCURVE('',#1643,#1862);
#1862 = DEFINITIONAL_REPRESENTATION('',(#1863),#1866);
#1863 = B_SPLINE_CURVE_WITH_KNOTS('',1,(#1864,#1865),.UNSPECIFIED.,.F.,
  .F.,(2,2),(-8.8,6.E-07),.PIECEWISE_BEZIER_KNOTS.);
#1864 = CARTESIAN_POINT('',(-3.894467632402,-8.8));
#1865 = CARTESIAN_POINT('',(-3.894467632402,6.E-07));
#1866 = ( GEOMETRIC_REPRESENTATION_CONTEXT(2) 
PARAMETRIC_REPRESENTATION_CONTEXT() REPRESENTATION_CONTEXT('2D SPACE',''
  ) );
#1867 = ORIENTED_EDGE('',*,*,#1868,.T.);
#1868 = EDGE_CURVE('',#1848,#1503,#1869,.T.);
#1869 = SURFACE_CURVE('',#1870,(#1874,#1881),.PCURVE_S1.);
#1870 = LINE('',#1871,#1872);
#1871 = CARTESIAN_POINT('',(-13.08845726812,-13.33012701892,8.));
#1872 = VECTOR('',#1873,1.);
#1873 = DIRECTION('',(-0.866025403784,-0.5,0.));
#1874 = PCURVE('',#1046,#1875);
#1875 = DEFINITIONAL_REPRESENTATION('',(#1876),#1880);
#1876 = LINE('',#1877,#1878);
#1877 = CARTESIAN_POINT('',(8.,0.));
#1878 = VECTOR('',#1879,1.);
#1879 = DIRECTION('',(0.,1.));
#1880 = ( GEOMETRIC_REPRESENTATION_CONTEXT(2) 
PARAMETRIC_REPRESENTATION_CONTEXT() REPRESENTATION_CONTEXT('2D SPACE',''
  ) );
#1881 = PCURVE('',#1540,#1882);
#1882 = DEFINITIONAL_REPRESENTATION('',(#1883),#1887);
#1883 = LINE('',#1884,#1885);
#1884 = CARTESIAN_POINT('',(-8.881784197001E-16,10.));
#1885 = VECTOR('',#1886,1.);
#1886 = DIRECTION('',(1.,0.));
#1887 = ( GEOMETRIC_REPRESENTATION_CONTEXT(2) 
PARAMETRIC_REPRESENTATION_CONTEXT() REPRESENTATION_CONTEXT('2D SPACE',''
  ) );
#1888 = ORIENTED_EDGE('',*,*,#1502,.T.);
#1889 = ORIENTED_EDGE('',*,*,#982,.F.);
#1890 = ORIENTED_EDGE('',*,*,#1891,.F.);
#1891 = EDGE_CURVE('',#1825,#939,#1892,.T.);
#1892 = SURFACE_CURVE('',#1893,(#1897,#1904),.PCURVE_S1.);
#1893 = LINE('',#1894,#1895);
#1894 = CARTESIAN_POINT('',(-65.04998149518,-43.33012701892,0.));
#1895 = VECTOR('',#1896,1.);
#1896 = DIRECTION('',(0.,0.,1.));
#1897 = PCURVE('',#1046,#1898);
#1898 = DEFINITIONAL_REPRESENTATION('',(#1899),#1903);
#1899 = LINE('',#1900,#1901);
#1900 = CARTESIAN_POINT('',(0.,60.));
#1901 = VECTOR('',#1902,1.);
#1902 = DIRECTION('',(1.,0.));
#1903 = ( GEOMETRIC_REPRESENTATION_CONTEXT(2) 
PARAMETRIC_REPRESENTATION_CONTEXT() REPRESENTATION_CONTEXT('2D SPACE',''
  ) );
#1904 = PCURVE('',#919,#1905);
#1905 = DEFINITIONAL_REPRESENTATION('',(#1906),#1910);
#1906 = LINE('',#1907,#1908);
#1907 = CARTESIAN_POINT('',(0.,-10.));
#1908 = VECTOR('',#1909,1.);
#1909 = DIRECTION('',(1.,0.));
#1910 = ( GEOMETRIC_REPRESENTATION_CONTEXT(2) 
PARAMETRIC_REPRESENTATION_CONTEXT() REPRESENTATION_CONTEXT('2D SPACE',''
  ) );
#1911 = ADVANCED_FACE('',(#1912),#919,.T.);
#1912 = FACE_BOUND('',#1913,.T.);
#1913 = EDGE_LOOP('',(#1914,#1937,#1958,#1959,#1960));
#1914 = ORIENTED_EDGE('',*,*,#1915,.F.);
#1915 = EDGE_CURVE('',#1916,#790,#1918,.T.);
#1916 = VERTEX_POINT('',#1917);
#1917 = CARTESIAN_POINT('',(-70.04998149518,-34.66987298107,0.));
#1918 = SURFACE_CURVE('',#1919,(#1923,#1930),.PCURVE_S1.);
#1919 = LINE('',#1920,#1921);
#1920 = CARTESIAN_POINT('',(-70.04998149518,-34.66987298107,0.));
#1921 = VECTOR('',#1922,1.);
#1922 = DIRECTION('',(0.,0.,1.));
#1923 = PCURVE('',#919,#1924);
#1924 = DEFINITIONAL_REPRESENTATION('',(#1925),#1929);
#1925 = LINE('',#1926,#1927);
#1926 = CARTESIAN_POINT('',(0.,0.));
#1927 = VECTOR('',#1928,1.);
#1928 = DIRECTION('',(1.,0.));
#1929 = ( GEOMETRIC_REPRESENTATION_CONTEXT(2) 
PARAMETRIC_REPRESENTATION_CONTEXT() REPRESENTATION_CONTEXT('2D SPACE',''
  ) );
#1930 = PCURVE('',#853,#1931);
#1931 = DEFINITIONAL_REPRESENTATION('',(#1932),#1936);
#1932 = LINE('',#1933,#1934);
#1933 = CARTESIAN_POINT('',(0.,60.));
#1934 = VECTOR('',#1935,1.);
#1935 = DIRECTION('',(1.,0.));
#1936 = ( GEOMETRIC_REPRESENTATION_CONTEXT(2) 
PARAMETRIC_REPRESENTATION_CONTEXT() REPRESENTATION_CONTEXT('2D SPACE',''
  ) );
#1937 = ORIENTED_EDGE('',*,*,#1938,.T.);
#1938 = EDGE_CURVE('',#1916,#1825,#1939,.T.);
#1939 = SURFACE_CURVE('',#1940,(#1944,#1951),.PCURVE_S1.);
#1940 = LINE('',#1941,#1942);
#1941 = CARTESIAN_POINT('',(-70.04998149518,-34.66987298107,0.));
#1942 = VECTOR('',#1943,1.);
#1943 = DIRECTION('',(0.5,-0.866025403784,0.));
#1944 = PCURVE('',#919,#1945);
#1945 = DEFINITIONAL_REPRESENTATION('',(#1946),#1950);
#1946 = LINE('',#1947,#1948);
#1947 = CARTESIAN_POINT('',(0.,0.));
#1948 = VECTOR('',#1949,1.);
#1949 = DIRECTION('',(0.,-1.));
#1950 = ( GEOMETRIC_REPRESENTATION_CONTEXT(2) 
PARAMETRIC_REPRESENTATION_CONTEXT() REPRESENTATION_CONTEXT('2D SPACE',''
  ) );
#1951 = PCURVE('',#1616,#1952);
#1952 = DEFINITIONAL_REPRESENTATION('',(#1953),#1957);
#1953 = LINE('',#1954,#1955);
#1954 = CARTESIAN_POINT('',(-61.33012701892,-60.04998149518));
#1955 = VECTOR('',#1956,1.);
#1956 = DIRECTION('',(0.866025403784,-0.5));
#1957 = ( GEOMETRIC_REPRESENTATION_CONTEXT(2) 
PARAMETRIC_REPRESENTATION_CONTEXT() REPRESENTATION_CONTEXT('2D SPACE',''
  ) );
#1958 = ORIENTED_EDGE('',*,*,#1891,.T.);
#1959 = ORIENTED_EDGE('',*,*,#938,.T.);
#1960 = ORIENTED_EDGE('',*,*,#889,.F.);
#1961 = ADVANCED_FACE('',(#1962),#853,.F.);
#1962 = FACE_BOUND('',#1963,.F.);
#1963 = EDGE_LOOP('',(#1964,#1987,#2008,#2029,#2030,#2031));
#1964 = ORIENTED_EDGE('',*,*,#1965,.F.);
#1965 = EDGE_CURVE('',#1966,#1916,#1968,.T.);
#1966 = VERTEX_POINT('',#1967);
#1967 = CARTESIAN_POINT('',(-21.05397531527,-6.382015623892,0.));
#1968 = SURFACE_CURVE('',#1969,(#1973,#1980),.PCURVE_S1.);
#1969 = LINE('',#1970,#1971);
#1970 = CARTESIAN_POINT('',(-18.08845726812,-4.669872981078,0.));
#1971 = VECTOR('',#1972,1.);
#1972 = DIRECTION('',(-0.866025403784,-0.5,0.));
#1973 = PCURVE('',#853,#1974);
#1974 = DEFINITIONAL_REPRESENTATION('',(#1975),#1979);
#1975 = LINE('',#1976,#1977);
#1976 = CARTESIAN_POINT('',(0.,0.));
#1977 = VECTOR('',#1978,1.);
#1978 = DIRECTION('',(0.,1.));
#1979 = ( GEOMETRIC_REPRESENTATION_CONTEXT(2) 
PARAMETRIC_REPRESENTATION_CONTEXT() REPRESENTATION_CONTEXT('2D SPACE',''
  ) );
#1980 = PCURVE('',#1616,#1981);
#1981 = DEFINITIONAL_REPRESENTATION('',(#1982),#1986);
#1982 = LINE('',#1983,#1984);
#1983 = CARTESIAN_POINT('',(-31.33012701892,-8.08845726812));
#1984 = VECTOR('',#1985,1.);
#1985 = DIRECTION('',(-0.5,-0.866025403784));
#1986 = ( GEOMETRIC_REPRESENTATION_CONTEXT(2) 
PARAMETRIC_REPRESENTATION_CONTEXT() REPRESENTATION_CONTEXT('2D SPACE',''
  ) );
#1987 = ORIENTED_EDGE('',*,*,#1988,.F.);
#1988 = EDGE_CURVE('',#1989,#1966,#1991,.T.);
#1989 = VERTEX_POINT('',#1990);
#1990 = CARTESIAN_POINT('',(-21.05397531527,-6.382015623892,8.));
#1991 = SURFACE_CURVE('',#1992,(#1996,#2002),.PCURVE_S1.);
#1992 = LINE('',#1993,#1994);
#1993 = CARTESIAN_POINT('',(-21.05397531527,-6.382015623892,0.));
#1994 = VECTOR('',#1995,1.);
#1995 = DIRECTION('',(-0.,-0.,-1.));
#1996 = PCURVE('',#853,#1997);
#1997 = DEFINITIONAL_REPRESENTATION('',(#1998),#2001);
#1998 = B_SPLINE_CURVE_WITH_KNOTS('',1,(#1999,#2000),.UNSPECIFIED.,.F.,
  .F.,(2,2),(-8.8,6.E-07),.PIECEWISE_BEZIER_KNOTS.);
#1999 = CARTESIAN_POINT('',(8.8,3.424285285629));
#2000 = CARTESIAN_POINT('',(-6.E-07,3.424285285629));
#2001 = ( GEOMETRIC_REPRESENTATION_CONTEXT(2) 
PARAMETRIC_REPRESENTATION_CONTEXT() REPRESENTATION_CONTEXT('2D SPACE',''
  ) );
#2002 = PCURVE('',#1643,#2003);
#2003 = DEFINITIONAL_REPRESENTATION('',(#2004),#2007);
#2004 = B_SPLINE_CURVE_WITH_KNOTS('',1,(#2005,#2006),.UNSPECIFIED.,.F.,
  .F.,(2,2),(-8.8,6.E-07),.PIECEWISE_BEZIER_KNOTS.);
#2005 = CARTESIAN_POINT('',(-3.435915225974,-8.8));
#2006 = CARTESIAN_POINT('',(-3.435915225974,6.E-07));
#2007 = ( GEOMETRIC_REPRESENTATION_CONTEXT(2) 
PARAMETRIC_REPRESENTATION_CONTEXT() REPRESENTATION_CONTEXT('2D SPACE',''
  ) );
#2008 = ORIENTED_EDGE('',*,*,#2009,.T.);
#2009 = EDGE_CURVE('',#1989,#1524,#2010,.T.);
#2010 = SURFACE_CURVE('',#2011,(#2015,#2022),.PCURVE_S1.);
#2011 = LINE('',#2012,#2013);
#2012 = CARTESIAN_POINT('',(-18.08845726812,-4.669872981078,8.));
#2013 = VECTOR('',#2014,1.);
#2014 = DIRECTION('',(-0.866025403784,-0.5,0.));
#2015 = PCURVE('',#853,#2016);
#2016 = DEFINITIONAL_REPRESENTATION('',(#2017),#2021);
#2017 = LINE('',#2018,#2019);
#2018 = CARTESIAN_POINT('',(8.,0.));
#2019 = VECTOR('',#2020,1.);
#2020 = DIRECTION('',(0.,1.));
#2021 = ( GEOMETRIC_REPRESENTATION_CONTEXT(2) 
PARAMETRIC_REPRESENTATION_CONTEXT() REPRESENTATION_CONTEXT('2D SPACE',''
  ) );
#2022 = PCURVE('',#1540,#2023);
#2023 = DEFINITIONAL_REPRESENTATION('',(#2024),#2028);
#2024 = LINE('',#2025,#2026);
#2025 = CARTESIAN_POINT('',(0.,0.));
#2026 = VECTOR('',#2027,1.);
#2027 = DIRECTION('',(1.,0.));
#2028 = ( GEOMETRIC_REPRESENTATION_CONTEXT(2) 
PARAMETRIC_REPRESENTATION_CONTEXT() REPRESENTATION_CONTEXT('2D SPACE',''
  ) );
#2029 = ORIENTED_EDGE('',*,*,#1556,.T.);
#2030 = ORIENTED_EDGE('',*,*,#789,.F.);
#2031 = ORIENTED_EDGE('',*,*,#1915,.F.);
#2032 = ADVANCED_FACE('',(#2033),#729,.T.);
#2033 = FACE_BOUND('',#2034,.T.);
#2034 = EDGE_LOOP('',(#2035,#2060,#2081,#2102,#2103,#2104));
#2035 = ORIENTED_EDGE('',*,*,#2036,.F.);
#2036 = EDGE_CURVE('',#2037,#2039,#2041,.T.);
#2037 = VERTEX_POINT('',#2038);
#2038 = CARTESIAN_POINT('',(-5.,21.424285285628,0.));
#2039 = VERTEX_POINT('',#2040);
#2040 = CARTESIAN_POINT('',(-5.,78.,0.));
#2041 = SURFACE_CURVE('',#2042,(#2046,#2053),.PCURVE_S1.);
#2042 = LINE('',#2043,#2044);
#2043 = CARTESIAN_POINT('',(-5.,18.,0.));
#2044 = VECTOR('',#2045,1.);
#2045 = DIRECTION('',(1.110223024625E-16,1.,0.));
#2046 = PCURVE('',#729,#2047);
#2047 = DEFINITIONAL_REPRESENTATION('',(#2048),#2052);
#2048 = LINE('',#2049,#2050);
#2049 = CARTESIAN_POINT('',(0.,0.));
#2050 = VECTOR('',#2051,1.);
#2051 = DIRECTION('',(0.,1.));
#2052 = ( GEOMETRIC_REPRESENTATION_CONTEXT(2) 
PARAMETRIC_REPRESENTATION_CONTEXT() REPRESENTATION_CONTEXT('2D SPACE',''
  ) );
#2053 = PCURVE('',#1616,#2054);
#2054 = DEFINITIONAL_REPRESENTATION('',(#2055),#2059);
#2055 = LINE('',#2056,#2057);
#2056 = CARTESIAN_POINT('',(-31.33012701892,18.08845726812));
#2057 = VECTOR('',#2058,1.);
#2058 = DIRECTION('',(-0.5,0.866025403784));
#2059 = ( GEOMETRIC_REPRESENTATION_CONTEXT(2) 
PARAMETRIC_REPRESENTATION_CONTEXT() REPRESENTATION_CONTEXT('2D SPACE',''
  ) );
#2060 = ORIENTED_EDGE('',*,*,#2061,.F.);
#2061 = EDGE_CURVE('',#2062,#2037,#2064,.T.);
#2062 = VERTEX_POINT('',#2063);
#2063 = CARTESIAN_POINT('',(-5.,21.424285285629,8.));
#2064 = SURFACE_CURVE('',#2065,(#2069,#2075),.PCURVE_S1.);
#2065 = LINE('',#2066,#2067);
#2066 = CARTESIAN_POINT('',(-5.,21.424285285629,0.));
#2067 = VECTOR('',#2068,1.);
#2068 = DIRECTION('',(-0.,-0.,-1.));
#2069 = PCURVE('',#729,#2070);
#2070 = DEFINITIONAL_REPRESENTATION('',(#2071),#2074);
#2071 = B_SPLINE_CURVE_WITH_KNOTS('',1,(#2072,#2073),.UNSPECIFIED.,.F.,
  .F.,(2,2),(-8.8,6.E-07),.PIECEWISE_BEZIER_KNOTS.);
#2072 = CARTESIAN_POINT('',(8.8,3.424285285629));
#2073 = CARTESIAN_POINT('',(-6.E-07,3.424285285629));
#2074 = ( GEOMETRIC_REPRESENTATION_CONTEXT(2) 
PARAMETRIC_REPRESENTATION_CONTEXT() REPRESENTATION_CONTEXT('2D SPACE',''
  ) );
#2075 = PCURVE('',#1643,#2076);
#2076 = DEFINITIONAL_REPRESENTATION('',(#2077),#2080);
#2077 = B_SPLINE_CURVE_WITH_KNOTS('',1,(#2078,#2079),.UNSPECIFIED.,.F.,
  .F.,(2,2),(-8.8,6.E-07),.PIECEWISE_BEZIER_KNOTS.);
#2078 = CARTESIAN_POINT('',(-1.800072530009,-8.8));
#2079 = CARTESIAN_POINT('',(-1.800072530009,6.E-07));
#2080 = ( GEOMETRIC_REPRESENTATION_CONTEXT(2) 
PARAMETRIC_REPRESENTATION_CONTEXT() REPRESENTATION_CONTEXT('2D SPACE',''
  ) );
#2081 = ORIENTED_EDGE('',*,*,#2082,.T.);
#2082 = EDGE_CURVE('',#2062,#1350,#2083,.T.);
#2083 = SURFACE_CURVE('',#2084,(#2088,#2095),.PCURVE_S1.);
#2084 = LINE('',#2085,#2086);
#2085 = CARTESIAN_POINT('',(-5.,18.,8.));
#2086 = VECTOR('',#2087,1.);
#2087 = DIRECTION('',(1.110223024625E-16,1.,0.));
#2088 = PCURVE('',#729,#2089);
#2089 = DEFINITIONAL_REPRESENTATION('',(#2090),#2094);
#2090 = LINE('',#2091,#2092);
#2091 = CARTESIAN_POINT('',(8.,0.));
#2092 = VECTOR('',#2093,1.);
#2093 = DIRECTION('',(0.,1.));
#2094 = ( GEOMETRIC_REPRESENTATION_CONTEXT(2) 
PARAMETRIC_REPRESENTATION_CONTEXT() REPRESENTATION_CONTEXT('2D SPACE',''
  ) );
#2095 = PCURVE('',#1368,#2096);
#2096 = DEFINITIONAL_REPRESENTATION('',(#2097),#2101);
#2097 = LINE('',#2098,#2099);
#2098 = CARTESIAN_POINT('',(-1.110223024625E-15,10.));
#2099 = VECTOR('',#2100,1.);
#2100 = DIRECTION('',(1.,0.));
#2101 = ( GEOMETRIC_REPRESENTATION_CONTEXT(2) 
PARAMETRIC_REPRESENTATION_CONTEXT() REPRESENTATION_CONTEXT('2D SPACE',''
  ) );
#2102 = ORIENTED_EDGE('',*,*,#1576,.T.);
#2103 = ORIENTED_EDGE('',*,*,#665,.F.);
#2104 = ORIENTED_EDGE('',*,*,#2105,.F.);
#2105 = EDGE_CURVE('',#2039,#622,#2106,.T.);
#2106 = SURFACE_CURVE('',#2107,(#2111,#2118),.PCURVE_S1.);
#2107 = LINE('',#2108,#2109);
#2108 = CARTESIAN_POINT('',(-5.,78.,0.));
#2109 = VECTOR('',#2110,1.);
#2110 = DIRECTION('',(0.,0.,1.));
#2111 = PCURVE('',#729,#2112);
#2112 = DEFINITIONAL_REPRESENTATION('',(#2113),#2117);
#2113 = LINE('',#2114,#2115);
#2114 = CARTESIAN_POINT('',(0.,60.));
#2115 = VECTOR('',#2116,1.);
#2116 = DIRECTION('',(1.,0.));
#2117 = ( GEOMETRIC_REPRESENTATION_CONTEXT(2) 
PARAMETRIC_REPRESENTATION_CONTEXT() REPRESENTATION_CONTEXT('2D SPACE',''
  ) );
#2118 = PCURVE('',#602,#2119);
#2119 = DEFINITIONAL_REPRESENTATION('',(#2120),#2124);
#2120 = LINE('',#2121,#2122);
#2121 = CARTESIAN_POINT('',(0.,-10.));
#2122 = VECTOR('',#2123,1.);
#2123 = DIRECTION('',(1.,0.));
#2124 = ( GEOMETRIC_REPRESENTATION_CONTEXT(2) 
PARAMETRIC_REPRESENTATION_CONTEXT() REPRESENTATION_CONTEXT('2D SPACE',''
  ) );
#2125 = ADVANCED_FACE('',(#2126),#602,.T.);
#2126 = FACE_BOUND('',#2127,.T.);
#2127 = EDGE_LOOP('',(#2128,#2151,#2172,#2173,#2174));
#2128 = ORIENTED_EDGE('',*,*,#2129,.F.);
#2129 = EDGE_CURVE('',#2130,#473,#2132,.T.);
#2130 = VERTEX_POINT('',#2131);
#2131 = CARTESIAN_POINT('',(5.,78.,0.));
#2132 = SURFACE_CURVE('',#2133,(#2137,#2144),.PCURVE_S1.);
#2133 = LINE('',#2134,#2135);
#2134 = CARTESIAN_POINT('',(5.,78.,0.));
#2135 = VECTOR('',#2136,1.);
#2136 = DIRECTION('',(0.,0.,1.));
#2137 = PCURVE('',#602,#2138);
#2138 = DEFINITIONAL_REPRESENTATION('',(#2139),#2143);
#2139 = LINE('',#2140,#2141);
#2140 = CARTESIAN_POINT('',(0.,0.));
#2141 = VECTOR('',#2142,1.);
#2142 = DIRECTION('',(1.,0.));
#2143 = ( GEOMETRIC_REPRESENTATION_CONTEXT(2) 
PARAMETRIC_REPRESENTATION_CONTEXT() REPRESENTATION_CONTEXT('2D SPACE',''
  ) );
#2144 = PCURVE('',#536,#2145);
#2145 = DEFINITIONAL_REPRESENTATION('',(#2146),#2150);
#2146 = LINE('',#2147,#2148);
#2147 = CARTESIAN_POINT('',(0.,60.));
#2148 = VECTOR('',#2149,1.);
#2149 = DIRECTION('',(1.,0.));
#2150 = ( GEOMETRIC_REPRESENTATION_CONTEXT(2) 
PARAMETRIC_REPRESENTATION_CONTEXT() REPRESENTATION_CONTEXT('2D SPACE',''
  ) );
#2151 = ORIENTED_EDGE('',*,*,#2152,.T.);
#2152 = EDGE_CURVE('',#2130,#2039,#2153,.T.);
#2153 = SURFACE_CURVE('',#2154,(#2158,#2165),.PCURVE_S1.);
#2154 = LINE('',#2155,#2156);
#2155 = CARTESIAN_POINT('',(5.,78.,0.));
#2156 = VECTOR('',#2157,1.);
#2157 = DIRECTION('',(-1.,1.110223024625E-16,0.));
#2158 = PCURVE('',#602,#2159);
#2159 = DEFINITIONAL_REPRESENTATION('',(#2160),#2164);
#2160 = LINE('',#2161,#2162);
#2161 = CARTESIAN_POINT('',(0.,0.));
#2162 = VECTOR('',#2163,1.);
#2163 = DIRECTION('',(0.,-1.));
#2164 = ( GEOMETRIC_REPRESENTATION_CONTEXT(2) 
PARAMETRIC_REPRESENTATION_CONTEXT() REPRESENTATION_CONTEXT('2D SPACE',''
  ) );
#2165 = PCURVE('',#1616,#2166);
#2166 = DEFINITIONAL_REPRESENTATION('',(#2167),#2171);
#2167 = LINE('',#2168,#2169);
#2168 = CARTESIAN_POINT('',(-52.66987298107,75.049981495186));
#2169 = VECTOR('',#2170,1.);
#2170 = DIRECTION('',(-0.866025403784,-0.5));
#2171 = ( GEOMETRIC_REPRESENTATION_CONTEXT(2) 
PARAMETRIC_REPRESENTATION_CONTEXT() REPRESENTATION_CONTEXT('2D SPACE',''
  ) );
#2172 = ORIENTED_EDGE('',*,*,#2105,.T.);
#2173 = ORIENTED_EDGE('',*,*,#621,.T.);
#2174 = ORIENTED_EDGE('',*,*,#572,.F.);
#2175 = ADVANCED_FACE('',(#2176),#536,.F.);
#2176 = FACE_BOUND('',#2177,.F.);
#2177 = EDGE_LOOP('',(#2178,#2201,#2222,#2243,#2244,#2245));
#2178 = ORIENTED_EDGE('',*,*,#2179,.F.);
#2179 = EDGE_CURVE('',#2180,#2130,#2182,.T.);
#2180 = VERTEX_POINT('',#2181);
#2181 = CARTESIAN_POINT('',(5.,21.424285285628,0.));
#2182 = SURFACE_CURVE('',#2183,(#2187,#2194),.PCURVE_S1.);
#2183 = LINE('',#2184,#2185);
#2184 = CARTESIAN_POINT('',(5.,18.,0.));
#2185 = VECTOR('',#2186,1.);
#2186 = DIRECTION('',(1.110223024625E-16,1.,0.));
#2187 = PCURVE('',#536,#2188);
#2188 = DEFINITIONAL_REPRESENTATION('',(#2189),#2193);
#2189 = LINE('',#2190,#2191);
#2190 = CARTESIAN_POINT('',(0.,0.));
#2191 = VECTOR('',#2192,1.);
#2192 = DIRECTION('',(0.,1.));
#2193 = ( GEOMETRIC_REPRESENTATION_CONTEXT(2) 
PARAMETRIC_REPRESENTATION_CONTEXT() REPRESENTATION_CONTEXT('2D SPACE',''
  ) );
#2194 = PCURVE('',#1616,#2195);
#2195 = DEFINITIONAL_REPRESENTATION('',(#2196),#2200);
#2196 = LINE('',#2197,#2198);
#2197 = CARTESIAN_POINT('',(-22.66987298107,23.08845726812));
#2198 = VECTOR('',#2199,1.);
#2199 = DIRECTION('',(-0.5,0.866025403784));
#2200 = ( GEOMETRIC_REPRESENTATION_CONTEXT(2) 
PARAMETRIC_REPRESENTATION_CONTEXT() REPRESENTATION_CONTEXT('2D SPACE',''
  ) );
#2201 = ORIENTED_EDGE('',*,*,#2202,.F.);
#2202 = EDGE_CURVE('',#2203,#2180,#2205,.T.);
#2203 = VERTEX_POINT('',#2204);
#2204 = CARTESIAN_POINT('',(5.,21.424285285629,8.));
#2205 = SURFACE_CURVE('',#2206,(#2210,#2216),.PCURVE_S1.);
#2206 = LINE('',#2207,#2208);
#2207 = CARTESIAN_POINT('',(5.,21.424285285629,0.));
#2208 = VECTOR('',#2209,1.);
#2209 = DIRECTION('',(-0.,-0.,-1.));
#2210 = PCURVE('',#536,#2211);
#2211 = DEFINITIONAL_REPRESENTATION('',(#2212),#2215);
#2212 = B_SPLINE_CURVE_WITH_KNOTS('',1,(#2213,#2214),.UNSPECIFIED.,.F.,
  .F.,(2,2),(-8.8,6.E-07),.PIECEWISE_BEZIER_KNOTS.);
#2213 = CARTESIAN_POINT('',(8.8,3.424285285629));
#2214 = CARTESIAN_POINT('',(-6.E-07,3.424285285629));
#2215 = ( GEOMETRIC_REPRESENTATION_CONTEXT(2) 
PARAMETRIC_REPRESENTATION_CONTEXT() REPRESENTATION_CONTEXT('2D SPACE',''
  ) );
#2216 = PCURVE('',#1643,#2217);
#2217 = DEFINITIONAL_REPRESENTATION('',(#2218),#2221);
#2218 = B_SPLINE_CURVE_WITH_KNOTS('',1,(#2219,#2220),.UNSPECIFIED.,.F.,
  .F.,(2,2),(-8.8,6.E-07),.PIECEWISE_BEZIER_KNOTS.);
#2219 = CARTESIAN_POINT('',(-1.341520123581,-8.8));
#2220 = CARTESIAN_POINT('',(-1.341520123581,6.E-07));
#2221 = ( GEOMETRIC_REPRESENTATION_CONTEXT(2) 
PARAMETRIC_REPRESENTATION_CONTEXT() REPRESENTATION_CONTEXT('2D SPACE',''
  ) );
#2222 = ORIENTED_EDGE('',*,*,#2223,.T.);
#2223 = EDGE_CURVE('',#2203,#1352,#2224,.T.);
#2224 = SURFACE_CURVE('',#2225,(#2229,#2236),.PCURVE_S1.);
#2225 = LINE('',#2226,#2227);
#2226 = CARTESIAN_POINT('',(5.,18.,8.));
#2227 = VECTOR('',#2228,1.);
#2228 = DIRECTION('',(1.110223024625E-16,1.,0.));
#2229 = PCURVE('',#536,#2230);
#2230 = DEFINITIONAL_REPRESENTATION('',(#2231),#2235);
#2231 = LINE('',#2232,#2233);
#2232 = CARTESIAN_POINT('',(8.,0.));
#2233 = VECTOR('',#2234,1.);
#2234 = DIRECTION('',(0.,1.));
#2235 = ( GEOMETRIC_REPRESENTATION_CONTEXT(2) 
PARAMETRIC_REPRESENTATION_CONTEXT() REPRESENTATION_CONTEXT('2D SPACE',''
  ) );
#2236 = PCURVE('',#1368,#2237);
#2237 = DEFINITIONAL_REPRESENTATION('',(#2238),#2242);
#2238 = LINE('',#2239,#2240);
#2239 = CARTESIAN_POINT('',(0.,0.));
#2240 = VECTOR('',#2241,1.);
#2241 = DIRECTION('',(1.,0.));
#2242 = ( GEOMETRIC_REPRESENTATION_CONTEXT(2) 
PARAMETRIC_REPRESENTATION_CONTEXT() REPRESENTATION_CONTEXT('2D SPACE',''
  ) );
#2243 = ORIENTED_EDGE('',*,*,#1384,.T.);
#2244 = ORIENTED_EDGE('',*,*,#472,.F.);
#2245 = ORIENTED_EDGE('',*,*,#2129,.F.);
#2246 = ADVANCED_FACE('',(#2247),#1368,.T.);
#2247 = FACE_BOUND('',#2248,.T.);
#2248 = EDGE_LOOP('',(#2249,#2250,#2276,#2277));
#2249 = ORIENTED_EDGE('',*,*,#2082,.F.);
#2250 = ORIENTED_EDGE('',*,*,#2251,.T.);
#2251 = EDGE_CURVE('',#2062,#2203,#2252,.T.);
#2252 = SURFACE_CURVE('',#2253,(#2258,#2269),.PCURVE_S1.);
#2253 = CIRCLE('',#2254,22.);
#2254 = AXIS2_PLACEMENT_3D('',#2255,#2256,#2257);
#2255 = CARTESIAN_POINT('',(0.,0.,8.));
#2256 = DIRECTION('',(0.,0.,-1.));
#2257 = DIRECTION('',(1.,0.,0.));
#2258 = PCURVE('',#1368,#2259);
#2259 = DEFINITIONAL_REPRESENTATION('',(#2260),#2268);
#2260 = ( BOUNDED_CURVE() B_SPLINE_CURVE(2,(#2261,#2262,#2263,#2264,
#2265,#2266,#2267),.UNSPECIFIED.,.T.,.F.) B_SPLINE_CURVE_WITH_KNOTS((1,2
    ,2,2,2,1),(-2.094395102393,0.,2.094395102393,4.188790204786,
6.28318530718,8.377580409573),.UNSPECIFIED.) CURVE() 
GEOMETRIC_REPRESENTATION_ITEM() RATIONAL_B_SPLINE_CURVE((1.,0.5,1.,0.5,
1.,0.5,1.)) REPRESENTATION_ITEM('') );
#2261 = CARTESIAN_POINT('',(-18.,-17.));
#2262 = CARTESIAN_POINT('',(-56.10511776651,-17.));
#2263 = CARTESIAN_POINT('',(-37.05255888325,16.));
#2264 = CARTESIAN_POINT('',(-18.,49.));
#2265 = CARTESIAN_POINT('',(1.052558883258,16.));
#2266 = CARTESIAN_POINT('',(20.105117766515,-17.));
#2267 = CARTESIAN_POINT('',(-18.,-17.));
#2268 = ( GEOMETRIC_REPRESENTATION_CONTEXT(2) 
PARAMETRIC_REPRESENTATION_CONTEXT() REPRESENTATION_CONTEXT('2D SPACE',''
  ) );
#2269 = PCURVE('',#1643,#2270);
#2270 = DEFINITIONAL_REPRESENTATION('',(#2271),#2275);
#2271 = LINE('',#2272,#2273);
#2272 = CARTESIAN_POINT('',(-6.28318530718,-8.));
#2273 = VECTOR('',#2274,1.);
#2274 = DIRECTION('',(1.,-0.));
#2275 = ( GEOMETRIC_REPRESENTATION_CONTEXT(2) 
PARAMETRIC_REPRESENTATION_CONTEXT() REPRESENTATION_CONTEXT('2D SPACE',''
  ) );
#2276 = ORIENTED_EDGE('',*,*,#2223,.T.);
#2277 = ORIENTED_EDGE('',*,*,#1349,.F.);
#2278 = ADVANCED_FACE('',(#2279),#1466,.T.);
#2279 = FACE_BOUND('',#2280,.T.);
#2280 = EDGE_LOOP('',(#2281,#2282,#2308,#2309));
#2281 = ORIENTED_EDGE('',*,*,#1654,.F.);
#2282 = ORIENTED_EDGE('',*,*,#2283,.T.);
#2283 = EDGE_CURVE('',#1629,#1775,#2284,.T.);
#2284 = SURFACE_CURVE('',#2285,(#2290,#2301),.PCURVE_S1.);
#2285 = CIRCLE('',#2286,22.);
#2286 = AXIS2_PLACEMENT_3D('',#2287,#2288,#2289);
#2287 = CARTESIAN_POINT('',(0.,0.,8.));
#2288 = DIRECTION('',(0.,0.,-1.));
#2289 = DIRECTION('',(1.,0.,0.));
#2290 = PCURVE('',#1466,#2291);
#2291 = DEFINITIONAL_REPRESENTATION('',(#2292),#2300);
#2292 = ( BOUNDED_CURVE() B_SPLINE_CURVE(2,(#2293,#2294,#2295,#2296,
#2297,#2298,#2299),.UNSPECIFIED.,.T.,.F.) B_SPLINE_CURVE_WITH_KNOTS((1,2
    ,2,2,2,1),(-2.094395102393,0.,2.094395102393,4.188790204786,
6.28318530718,8.377580409573),.UNSPECIFIED.) CURVE() 
GEOMETRIC_REPRESENTATION_ITEM() RATIONAL_B_SPLINE_CURVE((1.,0.5,1.,0.5,
1.,0.5,1.)) REPRESENTATION_ITEM('') );
#2293 = CARTESIAN_POINT('',(1.052558883258,16.));
#2294 = CARTESIAN_POINT('',(20.105117766515,-17.));
#2295 = CARTESIAN_POINT('',(-18.,-17.));
#2296 = CARTESIAN_POINT('',(-56.10511776651,-17.));
#2297 = CARTESIAN_POINT('',(-37.05255888325,16.));
#2298 = CARTESIAN_POINT('',(-18.,49.));
#2299 = CARTESIAN_POINT('',(1.052558883258,16.));
#2300 = ( GEOMETRIC_REPRESENTATION_CONTEXT(2) 
PARAMETRIC_REPRESENTATION_CONTEXT() REPRESENTATION_CONTEXT('2D SPACE',''
  ) );
#2301 = PCURVE('',#1643,#2302);
#2302 = DEFINITIONAL_REPRESENTATION('',(#2303),#2307);
#2303 = LINE('',#2304,#2305);
#2304 = CARTESIAN_POINT('',(-6.28318530718,-8.));
#2305 = VECTOR('',#2306,1.);
#2306 = DIRECTION('',(1.,-0.));
#2307 = ( GEOMETRIC_REPRESENTATION_CONTEXT(2) 
PARAMETRIC_REPRESENTATION_CONTEXT() REPRESENTATION_CONTEXT('2D SPACE',''
  ) );
#2308 = ORIENTED_EDGE('',*,*,#1795,.T.);
#2309 = ORIENTED_EDGE('',*,*,#1449,.F.);
#2310 = ADVANCED_FACE('',(#2311),#1540,.T.);
#2311 = FACE_BOUND('',#2312,.T.);
#2312 = EDGE_LOOP('',(#2313,#2314,#2340,#2341));
#2313 = ORIENTED_EDGE('',*,*,#1868,.F.);
#2314 = ORIENTED_EDGE('',*,*,#2315,.T.);
#2315 = EDGE_CURVE('',#1848,#1989,#2316,.T.);
#2316 = SURFACE_CURVE('',#2317,(#2322,#2333),.PCURVE_S1.);
#2317 = CIRCLE('',#2318,22.);
#2318 = AXIS2_PLACEMENT_3D('',#2319,#2320,#2321);
#2319 = CARTESIAN_POINT('',(0.,0.,8.));
#2320 = DIRECTION('',(0.,0.,-1.));
#2321 = DIRECTION('',(1.,0.,0.));
#2322 = PCURVE('',#1540,#2323);
#2323 = DEFINITIONAL_REPRESENTATION('',(#2324),#2332);
#2324 = ( BOUNDED_CURVE() B_SPLINE_CURVE(2,(#2325,#2326,#2327,#2328,
#2329,#2330,#2331),.UNSPECIFIED.,.T.,.F.) B_SPLINE_CURVE_WITH_KNOTS((1,2
    ,2,2,2,1),(-2.094395102393,0.,2.094395102393,4.188790204786,
6.28318530718,8.377580409573),.UNSPECIFIED.) CURVE() 
GEOMETRIC_REPRESENTATION_ITEM() RATIONAL_B_SPLINE_CURVE((1.,0.5,1.,0.5,
1.,0.5,1.)) REPRESENTATION_ITEM('') );
#2325 = CARTESIAN_POINT('',(-37.05255888325,16.));
#2326 = CARTESIAN_POINT('',(-18.,49.));
#2327 = CARTESIAN_POINT('',(1.052558883258,16.));
#2328 = CARTESIAN_POINT('',(20.105117766515,-17.));
#2329 = CARTESIAN_POINT('',(-18.,-17.));
#2330 = CARTESIAN_POINT('',(-56.10511776651,-17.));
#2331 = CARTESIAN_POINT('',(-37.05255888325,16.));
#2332 = ( GEOMETRIC_REPRESENTATION_CONTEXT(2) 
PARAMETRIC_REPRESENTATION_CONTEXT() REPRESENTATION_CONTEXT('2D SPACE',''
  ) );
#2333 = PCURVE('',#1643,#2334);
#2334 = DEFINITIONAL_REPRESENTATION('',(#2335),#2339);
#2335 = LINE('',#2336,#2337);
#2336 = CARTESIAN_POINT('',(-6.28318530718,-8.));
#2337 = VECTOR('',#2338,1.);
#2338 = DIRECTION('',(1.,-0.));
#2339 = ( GEOMETRIC_REPRESENTATION_CONTEXT(2) 
PARAMETRIC_REPRESENTATION_CONTEXT() REPRESENTATION_CONTEXT('2D SPACE',''
  ) );
#2340 = ORIENTED_EDGE('',*,*,#2009,.T.);
#2341 = ORIENTED_EDGE('',*,*,#1523,.F.);
#2342 = ADVANCED_FACE('',(#2343,#2444,#2479,#2514,#2549),#1616,.F.);
#2343 = FACE_BOUND('',#2344,.F.);
#2344 = EDGE_LOOP('',(#2345,#2346,#2370,#2392,#2393,#2394,#2395,#2417,
    #2418,#2419,#2420,#2442,#2443));
#2345 = ORIENTED_EDGE('',*,*,#1598,.F.);
#2346 = ORIENTED_EDGE('',*,*,#2347,.T.);
#2347 = EDGE_CURVE('',#1599,#2348,#2350,.T.);
#2348 = VERTEX_POINT('',#2349);
#2349 = CARTESIAN_POINT('',(22.,0.,0.));
#2350 = SURFACE_CURVE('',#2351,(#2356,#2363),.PCURVE_S1.);
#2351 = CIRCLE('',#2352,22.);
#2352 = AXIS2_PLACEMENT_3D('',#2353,#2354,#2355);
#2353 = CARTESIAN_POINT('',(0.,0.,0.));
#2354 = DIRECTION('',(0.,0.,1.));
#2355 = DIRECTION('',(1.,0.,0.));
#2356 = PCURVE('',#1616,#2357);
#2357 = DEFINITIONAL_REPRESENTATION('',(#2358),#2362);
#2358 = CIRCLE('',#2359,22.);
#2359 = AXIS2_PLACEMENT_2D('',#2360,#2361);
#2360 = CARTESIAN_POINT('',(-18.,5.));
#2361 = DIRECTION('',(0.866025403784,0.5));
#2362 = ( GEOMETRIC_REPRESENTATION_CONTEXT(2) 
PARAMETRIC_REPRESENTATION_CONTEXT() REPRESENTATION_CONTEXT('2D SPACE',''
  ) );
#2363 = PCURVE('',#1643,#2364);
#2364 = DEFINITIONAL_REPRESENTATION('',(#2365),#2369);
#2365 = LINE('',#2366,#2367);
#2366 = CARTESIAN_POINT('',(-0.,0.));
#2367 = VECTOR('',#2368,1.);
#2368 = DIRECTION('',(-1.,0.));
#2369 = ( GEOMETRIC_REPRESENTATION_CONTEXT(2) 
PARAMETRIC_REPRESENTATION_CONTEXT() REPRESENTATION_CONTEXT('2D SPACE',''
  ) );
#2370 = ORIENTED_EDGE('',*,*,#2371,.T.);
#2371 = EDGE_CURVE('',#2348,#2180,#2372,.T.);
#2372 = SURFACE_CURVE('',#2373,(#2378,#2385),.PCURVE_S1.);
#2373 = CIRCLE('',#2374,22.);
#2374 = AXIS2_PLACEMENT_3D('',#2375,#2376,#2377);
#2375 = CARTESIAN_POINT('',(0.,0.,0.));
#2376 = DIRECTION('',(0.,0.,1.));
#2377 = DIRECTION('',(1.,0.,0.));
#2378 = PCURVE('',#1616,#2379);
#2379 = DEFINITIONAL_REPRESENTATION('',(#2380),#2384);
#2380 = CIRCLE('',#2381,22.);
#2381 = AXIS2_PLACEMENT_2D('',#2382,#2383);
#2382 = CARTESIAN_POINT('',(-18.,5.));
#2383 = DIRECTION('',(0.866025403784,0.5));
#2384 = ( GEOMETRIC_REPRESENTATION_CONTEXT(2) 
PARAMETRIC_REPRESENTATION_CONTEXT() REPRESENTATION_CONTEXT('2D SPACE',''
  ) );
#2385 = PCURVE('',#1643,#2386);
#2386 = DEFINITIONAL_REPRESENTATION('',(#2387),#2391);
#2387 = LINE('',#2388,#2389);
#2388 = CARTESIAN_POINT('',(-0.,0.));
#2389 = VECTOR('',#2390,1.);
#2390 = DIRECTION('',(-1.,0.));
#2391 = ( GEOMETRIC_REPRESENTATION_CONTEXT(2) 
PARAMETRIC_REPRESENTATION_CONTEXT() REPRESENTATION_CONTEXT('2D SPACE',''
  ) );
#2392 = ORIENTED_EDGE('',*,*,#2179,.T.);
#2393 = ORIENTED_EDGE('',*,*,#2152,.T.);
#2394 = ORIENTED_EDGE('',*,*,#2036,.F.);
#2395 = ORIENTED_EDGE('',*,*,#2396,.T.);
#2396 = EDGE_CURVE('',#2037,#1966,#2397,.T.);
#2397 = SURFACE_CURVE('',#2398,(#2403,#2410),.PCURVE_S1.);
#2398 = CIRCLE('',#2399,22.);
#2399 = AXIS2_PLACEMENT_3D('',#2400,#2401,#2402);
#2400 = CARTESIAN_POINT('',(0.,0.,0.));
#2401 = DIRECTION('',(0.,0.,1.));
#2402 = DIRECTION('',(1.,0.,0.));
#2403 = PCURVE('',#1616,#2404);
#2404 = DEFINITIONAL_REPRESENTATION('',(#2405),#2409);
#2405 = CIRCLE('',#2406,22.);
#2406 = AXIS2_PLACEMENT_2D('',#2407,#2408);
#2407 = CARTESIAN_POINT('',(-18.,5.));
#2408 = DIRECTION('',(0.866025403784,0.5));
#2409 = ( GEOMETRIC_REPRESENTATION_CONTEXT(2) 
PARAMETRIC_REPRESENTATION_CONTEXT() REPRESENTATION_CONTEXT('2D SPACE',''
  ) );
#2410 = PCURVE('',#1643,#2411);
#2411 = DEFINITIONAL_REPRESENTATION('',(#2412),#2416);
#2412 = LINE('',#2413,#2414);
#2413 = CARTESIAN_POINT('',(-0.,0.));
#2414 = VECTOR('',#2415,1.);
#2415 = DIRECTION('',(-1.,0.));
#2416 = ( GEOMETRIC_REPRESENTATION_CONTEXT(2) 
PARAMETRIC_REPRESENTATION_CONTEXT() REPRESENTATION_CONTEXT('2D SPACE',''
  ) );
#2417 = ORIENTED_EDGE('',*,*,#1965,.T.);
#2418 = ORIENTED_EDGE('',*,*,#1938,.T.);
#2419 = ORIENTED_EDGE('',*,*,#1822,.F.);
#2420 = ORIENTED_EDGE('',*,*,#2421,.T.);
#2421 = EDGE_CURVE('',#1823,#1752,#2422,.T.);
#2422 = SURFACE_CURVE('',#2423,(#2428,#2435),.PCURVE_S1.);
#2423 = CIRCLE('',#2424,22.);
#2424 = AXIS2_PLACEMENT_3D('',#2425,#2426,#2427);
#2425 = CARTESIAN_POINT('',(0.,0.,0.));
#2426 = DIRECTION('',(0.,0.,1.));
#2427 = DIRECTION('',(1.,0.,0.));
#2428 = PCURVE('',#1616,#2429);
#2429 = DEFINITIONAL_REPRESENTATION('',(#2430),#2434);
#2430 = CIRCLE('',#2431,22.);
#2431 = AXIS2_PLACEMENT_2D('',#2432,#2433);
#2432 = CARTESIAN_POINT('',(-18.,5.));
#2433 = DIRECTION('',(0.866025403784,0.5));
#2434 = ( GEOMETRIC_REPRESENTATION_CONTEXT(2) 
PARAMETRIC_REPRESENTATION_CONTEXT() REPRESENTATION_CONTEXT('2D SPACE',''
  ) );
#2435 = PCURVE('',#1643,#2436);
#2436 = DEFINITIONAL_REPRESENTATION('',(#2437),#2441);
#2437 = LINE('',#2438,#2439);
#2438 = CARTESIAN_POINT('',(-0.,0.));
#2439 = VECTOR('',#2440,1.);
#2440 = DIRECTION('',(-1.,0.));
#2441 = ( GEOMETRIC_REPRESENTATION_CONTEXT(2) 
PARAMETRIC_REPRESENTATION_CONTEXT() REPRESENTATION_CONTEXT('2D SPACE',''
  ) );
#2442 = ORIENTED_EDGE('',*,*,#1751,.T.);
#2443 = ORIENTED_EDGE('',*,*,#1724,.T.);
#2444 = FACE_BOUND('',#2445,.F.);
#2445 = EDGE_LOOP('',(#2446));
#2446 = ORIENTED_EDGE('',*,*,#2447,.T.);
#2447 = EDGE_CURVE('',#2448,#2448,#2450,.T.);
#2448 = VERTEX_POINT('',#2449);
#2449 = CARTESIAN_POINT('',(-12.15640646055,-8.,0.));
#2450 = SURFACE_CURVE('',#2451,(#2456,#2467),.PCURVE_S1.);
#2451 = CIRCLE('',#2452,1.7);
#2452 = AXIS2_PLACEMENT_3D('',#2453,#2454,#2455);
#2453 = CARTESIAN_POINT('',(-13.85640646055,-8.,0.));
#2454 = DIRECTION('',(0.,0.,-1.));
#2455 = DIRECTION('',(1.,0.,0.));
#2456 = PCURVE('',#1616,#2457);
#2457 = DEFINITIONAL_REPRESENTATION('',(#2458),#2466);
#2458 = ( BOUNDED_CURVE() B_SPLINE_CURVE(2,(#2459,#2460,#2461,#2462,
#2463,#2464,#2465),.UNSPECIFIED.,.T.,.F.) B_SPLINE_CURVE_WITH_KNOTS((1,2
    ,2,2,2,1),(-2.094395102393,0.,2.094395102393,4.188790204786,
6.28318530718,8.377580409573),.UNSPECIFIED.) CURVE() 
GEOMETRIC_REPRESENTATION_ITEM() RATIONAL_B_SPLINE_CURVE((1.,0.5,1.,0.5,
1.,0.5,1.)) REPRESENTATION_ITEM('') );
#2459 = CARTESIAN_POINT('',(-24.52775681356,-8.006406460551));
#2460 = CARTESIAN_POINT('',(-23.05551362713,-10.55640646055));
#2461 = CARTESIAN_POINT('',(-26.,-10.55640646055));
#2462 = CARTESIAN_POINT('',(-28.94448637286,-10.55640646055));
#2463 = CARTESIAN_POINT('',(-27.47224318643,-8.006406460551));
#2464 = CARTESIAN_POINT('',(-26.,-5.456406460551));
#2465 = CARTESIAN_POINT('',(-24.52775681356,-8.006406460551));
#2466 = ( GEOMETRIC_REPRESENTATION_CONTEXT(2) 
PARAMETRIC_REPRESENTATION_CONTEXT() REPRESENTATION_CONTEXT('2D SPACE',''
  ) );
#2467 = PCURVE('',#2468,#2473);
#2468 = CYLINDRICAL_SURFACE('',#2469,1.7);
#2469 = AXIS2_PLACEMENT_3D('',#2470,#2471,#2472);
#2470 = CARTESIAN_POINT('',(-13.85640646055,-8.,-1.));
#2471 = DIRECTION('',(-0.,-0.,-1.));
#2472 = DIRECTION('',(1.,0.,0.));
#2473 = DEFINITIONAL_REPRESENTATION('',(#2474),#2478);
#2474 = LINE('',#2475,#2476);
#2475 = CARTESIAN_POINT('',(-6.28318530718,-1.));
#2476 = VECTOR('',#2477,1.);
#2477 = DIRECTION('',(1.,-0.));
#2478 = ( GEOMETRIC_REPRESENTATION_CONTEXT(2) 
PARAMETRIC_REPRESENTATION_CONTEXT() REPRESENTATION_CONTEXT('2D SPACE',''
  ) );
#2479 = FACE_BOUND('',#2480,.F.);
#2480 = EDGE_LOOP('',(#2481));
#2481 = ORIENTED_EDGE('',*,*,#2482,.T.);
#2482 = EDGE_CURVE('',#2483,#2483,#2485,.T.);
#2483 = VERTEX_POINT('',#2484);
#2484 = CARTESIAN_POINT('',(4.15,0.,0.));
#2485 = SURFACE_CURVE('',#2486,(#2491,#2502),.PCURVE_S1.);
#2486 = CIRCLE('',#2487,4.15);
#2487 = AXIS2_PLACEMENT_3D('',#2488,#2489,#2490);
#2488 = CARTESIAN_POINT('',(0.,0.,0.));
#2489 = DIRECTION('',(0.,0.,-1.));
#2490 = DIRECTION('',(1.,0.,0.));
#2491 = PCURVE('',#1616,#2492);
#2492 = DEFINITIONAL_REPRESENTATION('',(#2493),#2501);
#2493 = ( BOUNDED_CURVE() B_SPLINE_CURVE(2,(#2494,#2495,#2496,#2497,
#2498,#2499,#2500),.UNSPECIFIED.,.T.,.F.) B_SPLINE_CURVE_WITH_KNOTS((1,2
    ,2,2,2,1),(-2.094395102393,0.,2.094395102393,4.188790204786,
6.28318530718,8.377580409573),.UNSPECIFIED.) CURVE() 
GEOMETRIC_REPRESENTATION_ITEM() RATIONAL_B_SPLINE_CURVE((1.,0.5,1.,0.5,
1.,0.5,1.)) REPRESENTATION_ITEM('') );
#2494 = CARTESIAN_POINT('',(-14.40599457429,7.075));
#2495 = CARTESIAN_POINT('',(-10.81198914858,0.85));
#2496 = CARTESIAN_POINT('',(-18.,0.85));
#2497 = CARTESIAN_POINT('',(-25.18801085141,0.85));
#2498 = CARTESIAN_POINT('',(-21.5940054257,7.075));
#2499 = CARTESIAN_POINT('',(-18.,13.3));
#2500 = CARTESIAN_POINT('',(-14.40599457429,7.075));
#2501 = ( GEOMETRIC_REPRESENTATION_CONTEXT(2) 
PARAMETRIC_REPRESENTATION_CONTEXT() REPRESENTATION_CONTEXT('2D SPACE',''
  ) );
#2502 = PCURVE('',#2503,#2508);
#2503 = CYLINDRICAL_SURFACE('',#2504,4.15);
#2504 = AXIS2_PLACEMENT_3D('',#2505,#2506,#2507);
#2505 = CARTESIAN_POINT('',(0.,0.,-1.));
#2506 = DIRECTION('',(-0.,-0.,-1.));
#2507 = DIRECTION('',(1.,0.,0.));
#2508 = DEFINITIONAL_REPRESENTATION('',(#2509),#2513);
#2509 = LINE('',#2510,#2511);
#2510 = CARTESIAN_POINT('',(-6.28318530718,-1.));
#2511 = VECTOR('',#2512,1.);
#2512 = DIRECTION('',(1.,-0.));
#2513 = ( GEOMETRIC_REPRESENTATION_CONTEXT(2) 
PARAMETRIC_REPRESENTATION_CONTEXT() REPRESENTATION_CONTEXT('2D SPACE',''
  ) );
#2514 = FACE_BOUND('',#2515,.F.);
#2515 = EDGE_LOOP('',(#2516));
#2516 = ORIENTED_EDGE('',*,*,#2517,.T.);
#2517 = EDGE_CURVE('',#2518,#2518,#2520,.T.);
#2518 = VERTEX_POINT('',#2519);
#2519 = CARTESIAN_POINT('',(1.7,16.,0.));
#2520 = SURFACE_CURVE('',#2521,(#2526,#2537),.PCURVE_S1.);
#2521 = CIRCLE('',#2522,1.7);
#2522 = AXIS2_PLACEMENT_3D('',#2523,#2524,#2525);
#2523 = CARTESIAN_POINT('',(9.797174393179E-16,16.,0.));
#2524 = DIRECTION('',(0.,0.,-1.));
#2525 = DIRECTION('',(1.,0.,0.));
#2526 = PCURVE('',#1616,#2527);
#2527 = DEFINITIONAL_REPRESENTATION('',(#2528),#2536);
#2528 = ( BOUNDED_CURVE() B_SPLINE_CURVE(2,(#2529,#2530,#2531,#2532,
#2533,#2534,#2535),.UNSPECIFIED.,.T.,.F.) B_SPLINE_CURVE_WITH_KNOTS((1,2
    ,2,2,2,1),(-2.094395102393,0.,2.094395102393,4.188790204786,
6.28318530718,8.377580409573),.UNSPECIFIED.) CURVE() 
GEOMETRIC_REPRESENTATION_ITEM() RATIONAL_B_SPLINE_CURVE((1.,0.5,1.,0.5,
1.,0.5,1.)) REPRESENTATION_ITEM('') );
#2529 = CARTESIAN_POINT('',(-24.52775681356,19.706406460551));
#2530 = CARTESIAN_POINT('',(-23.05551362713,17.156406460551));
#2531 = CARTESIAN_POINT('',(-26.,17.156406460551));
#2532 = CARTESIAN_POINT('',(-28.94448637286,17.156406460551));
#2533 = CARTESIAN_POINT('',(-27.47224318643,19.706406460551));
#2534 = CARTESIAN_POINT('',(-26.,22.256406460551));
#2535 = CARTESIAN_POINT('',(-24.52775681356,19.706406460551));
#2536 = ( GEOMETRIC_REPRESENTATION_CONTEXT(2) 
PARAMETRIC_REPRESENTATION_CONTEXT() REPRESENTATION_CONTEXT('2D SPACE',''
  ) );
#2537 = PCURVE('',#2538,#2543);
#2538 = CYLINDRICAL_SURFACE('',#2539,1.7);
#2539 = AXIS2_PLACEMENT_3D('',#2540,#2541,#2542);
#2540 = CARTESIAN_POINT('',(9.797174393179E-16,16.,-1.));
#2541 = DIRECTION('',(-0.,-0.,-1.));
#2542 = DIRECTION('',(1.,0.,0.));
#2543 = DEFINITIONAL_REPRESENTATION('',(#2544),#2548);
#2544 = LINE('',#2545,#2546);
#2545 = CARTESIAN_POINT('',(-6.28318530718,-1.));
#2546 = VECTOR('',#2547,1.);
#2547 = DIRECTION('',(1.,-0.));
#2548 = ( GEOMETRIC_REPRESENTATION_CONTEXT(2) 
PARAMETRIC_REPRESENTATION_CONTEXT() REPRESENTATION_CONTEXT('2D SPACE',''
  ) );
#2549 = FACE_BOUND('',#2550,.F.);
#2550 = EDGE_LOOP('',(#2551));
#2551 = ORIENTED_EDGE('',*,*,#2552,.T.);
#2552 = EDGE_CURVE('',#2553,#2553,#2555,.T.);
#2553 = VERTEX_POINT('',#2554);
#2554 = CARTESIAN_POINT('',(15.556406460551,-8.,0.));
#2555 = SURFACE_CURVE('',#2556,(#2561,#2572),.PCURVE_S1.);
#2556 = CIRCLE('',#2557,1.7);
#2557 = AXIS2_PLACEMENT_3D('',#2558,#2559,#2560);
#2558 = CARTESIAN_POINT('',(13.856406460551,-8.,0.));
#2559 = DIRECTION('',(0.,0.,-1.));
#2560 = DIRECTION('',(1.,0.,0.));
#2561 = PCURVE('',#1616,#2562);
#2562 = DEFINITIONAL_REPRESENTATION('',(#2563),#2571);
#2563 = ( BOUNDED_CURVE() B_SPLINE_CURVE(2,(#2564,#2565,#2566,#2567,
#2568,#2569,#2570),.UNSPECIFIED.,.T.,.F.) B_SPLINE_CURVE_WITH_KNOTS((1,2
    ,2,2,2,1),(-2.094395102393,0.,2.094395102393,4.188790204786,
6.28318530718,8.377580409573),.UNSPECIFIED.) CURVE() 
GEOMETRIC_REPRESENTATION_ITEM() RATIONAL_B_SPLINE_CURVE((1.,0.5,1.,0.5,
1.,0.5,1.)) REPRESENTATION_ITEM('') );
#2564 = CARTESIAN_POINT('',(-0.527756813566,5.85));
#2565 = CARTESIAN_POINT('',(0.944486372867,3.3));
#2566 = CARTESIAN_POINT('',(-2.,3.3));
#2567 = CARTESIAN_POINT('',(-4.944486372867,3.3));
#2568 = CARTESIAN_POINT('',(-3.472243186434,5.85));
#2569 = CARTESIAN_POINT('',(-2.,8.4));
#2570 = CARTESIAN_POINT('',(-0.527756813566,5.85));
#2571 = ( GEOMETRIC_REPRESENTATION_CONTEXT(2) 
PARAMETRIC_REPRESENTATION_CONTEXT() REPRESENTATION_CONTEXT('2D SPACE',''
  ) );
#2572 = PCURVE('',#2573,#2578);
#2573 = CYLINDRICAL_SURFACE('',#2574,1.7);
#2574 = AXIS2_PLACEMENT_3D('',#2575,#2576,#2577);
#2575 = CARTESIAN_POINT('',(13.856406460551,-8.,-1.));
#2576 = DIRECTION('',(-0.,-0.,-1.));
#2577 = DIRECTION('',(1.,0.,0.));
#2578 = DEFINITIONAL_REPRESENTATION('',(#2579),#2583);
#2579 = LINE('',#2580,#2581);
#2580 = CARTESIAN_POINT('',(-6.28318530718,-1.));
#2581 = VECTOR('',#2582,1.);
#2582 = DIRECTION('',(1.,-0.));
#2583 = ( GEOMETRIC_REPRESENTATION_CONTEXT(2) 
PARAMETRIC_REPRESENTATION_CONTEXT() REPRESENTATION_CONTEXT('2D SPACE',''
  ) );
#2584 = ADVANCED_FACE('',(#2585),#1643,.T.);
#2585 = FACE_BOUND('',#2586,.F.);
#2586 = EDGE_LOOP('',(#2587,#2588,#2611,#2638,#2639,#2640,#2641,#2642,
    #2643,#2644,#2645,#2646,#2647,#2648,#2649,#2650));
#2587 = ORIENTED_EDGE('',*,*,#2371,.F.);
#2588 = ORIENTED_EDGE('',*,*,#2589,.T.);
#2589 = EDGE_CURVE('',#2348,#2590,#2592,.T.);
#2590 = VERTEX_POINT('',#2591);
#2591 = CARTESIAN_POINT('',(22.,0.,12.));
#2592 = SEAM_CURVE('',#2593,(#2597,#2604),.PCURVE_S1.);
#2593 = LINE('',#2594,#2595);
#2594 = CARTESIAN_POINT('',(22.,0.,0.));
#2595 = VECTOR('',#2596,1.);
#2596 = DIRECTION('',(0.,0.,1.));
#2597 = PCURVE('',#1643,#2598);
#2598 = DEFINITIONAL_REPRESENTATION('',(#2599),#2603);
#2599 = LINE('',#2600,#2601);
#2600 = CARTESIAN_POINT('',(-6.28318530718,0.));
#2601 = VECTOR('',#2602,1.);
#2602 = DIRECTION('',(-0.,-1.));
#2603 = ( GEOMETRIC_REPRESENTATION_CONTEXT(2) 
PARAMETRIC_REPRESENTATION_CONTEXT() REPRESENTATION_CONTEXT('2D SPACE',''
  ) );
#2604 = PCURVE('',#1643,#2605);
#2605 = DEFINITIONAL_REPRESENTATION('',(#2606),#2610);
#2606 = LINE('',#2607,#2608);
#2607 = CARTESIAN_POINT('',(-0.,0.));
#2608 = VECTOR('',#2609,1.);
#2609 = DIRECTION('',(-0.,-1.));
#2610 = ( GEOMETRIC_REPRESENTATION_CONTEXT(2) 
PARAMETRIC_REPRESENTATION_CONTEXT() REPRESENTATION_CONTEXT('2D SPACE',''
  ) );
#2611 = ORIENTED_EDGE('',*,*,#2612,.T.);
#2612 = EDGE_CURVE('',#2590,#2590,#2613,.T.);
#2613 = SURFACE_CURVE('',#2614,(#2619,#2626),.PCURVE_S1.);
#2614 = CIRCLE('',#2615,22.);
#2615 = AXIS2_PLACEMENT_3D('',#2616,#2617,#2618);
#2616 = CARTESIAN_POINT('',(0.,0.,12.));
#2617 = DIRECTION('',(0.,0.,1.));
#2618 = DIRECTION('',(1.,0.,0.));
#2619 = PCURVE('',#1643,#2620);
#2620 = DEFINITIONAL_REPRESENTATION('',(#2621),#2625);
#2621 = LINE('',#2622,#2623);
#2622 = CARTESIAN_POINT('',(-0.,-12.));
#2623 = VECTOR('',#2624,1.);
#2624 = DIRECTION('',(-1.,0.));
#2625 = ( GEOMETRIC_REPRESENTATION_CONTEXT(2) 
PARAMETRIC_REPRESENTATION_CONTEXT() REPRESENTATION_CONTEXT('2D SPACE',''
  ) );
#2626 = PCURVE('',#2627,#2632);
#2627 = PLANE('',#2628);
#2628 = AXIS2_PLACEMENT_3D('',#2629,#2630,#2631);
#2629 = CARTESIAN_POINT('',(-1.491752871861E-15,-8.980743193747E-16,12.)
  );
#2630 = DIRECTION('',(0.,0.,1.));
#2631 = DIRECTION('',(1.,0.,-0.));
#2632 = DEFINITIONAL_REPRESENTATION('',(#2633),#2637);
#2633 = CIRCLE('',#2634,22.);
#2634 = AXIS2_PLACEMENT_2D('',#2635,#2636);
#2635 = CARTESIAN_POINT('',(1.491752871861E-15,8.980743193747E-16));
#2636 = DIRECTION('',(1.,0.));
#2637 = ( GEOMETRIC_REPRESENTATION_CONTEXT(2) 
PARAMETRIC_REPRESENTATION_CONTEXT() REPRESENTATION_CONTEXT('2D SPACE',''
  ) );
#2638 = ORIENTED_EDGE('',*,*,#2589,.F.);
#2639 = ORIENTED_EDGE('',*,*,#2347,.F.);
#2640 = ORIENTED_EDGE('',*,*,#1628,.F.);
#2641 = ORIENTED_EDGE('',*,*,#2283,.T.);
#2642 = ORIENTED_EDGE('',*,*,#1774,.T.);
#2643 = ORIENTED_EDGE('',*,*,#2421,.F.);
#2644 = ORIENTED_EDGE('',*,*,#1847,.F.);
#2645 = ORIENTED_EDGE('',*,*,#2315,.T.);
#2646 = ORIENTED_EDGE('',*,*,#1988,.T.);
#2647 = ORIENTED_EDGE('',*,*,#2396,.F.);
#2648 = ORIENTED_EDGE('',*,*,#2061,.F.);
#2649 = ORIENTED_EDGE('',*,*,#2251,.T.);
#2650 = ORIENTED_EDGE('',*,*,#2202,.T.);
#2651 = ADVANCED_FACE('',(#2652),#2468,.F.);
#2652 = FACE_BOUND('',#2653,.T.);
#2653 = EDGE_LOOP('',(#2654,#2677,#2678,#2679));
#2654 = ORIENTED_EDGE('',*,*,#2655,.F.);
#2655 = EDGE_CURVE('',#2448,#2656,#2658,.T.);
#2656 = VERTEX_POINT('',#2657);
#2657 = CARTESIAN_POINT('',(-12.15640646055,-8.,9.));
#2658 = SEAM_CURVE('',#2659,(#2663,#2670),.PCURVE_S1.);
#2659 = LINE('',#2660,#2661);
#2660 = CARTESIAN_POINT('',(-12.15640646055,-8.,-1.));
#2661 = VECTOR('',#2662,1.);
#2662 = DIRECTION('',(0.,0.,1.));
#2663 = PCURVE('',#2468,#2664);
#2664 = DEFINITIONAL_REPRESENTATION('',(#2665),#2669);
#2665 = LINE('',#2666,#2667);
#2666 = CARTESIAN_POINT('',(-6.28318530718,0.));
#2667 = VECTOR('',#2668,1.);
#2668 = DIRECTION('',(-0.,-1.));
#2669 = ( GEOMETRIC_REPRESENTATION_CONTEXT(2) 
PARAMETRIC_REPRESENTATION_CONTEXT() REPRESENTATION_CONTEXT('2D SPACE',''
  ) );
#2670 = PCURVE('',#2468,#2671);
#2671 = DEFINITIONAL_REPRESENTATION('',(#2672),#2676);
#2672 = LINE('',#2673,#2674);
#2673 = CARTESIAN_POINT('',(-0.,0.));
#2674 = VECTOR('',#2675,1.);
#2675 = DIRECTION('',(-0.,-1.));
#2676 = ( GEOMETRIC_REPRESENTATION_CONTEXT(2) 
PARAMETRIC_REPRESENTATION_CONTEXT() REPRESENTATION_CONTEXT('2D SPACE',''
  ) );
#2677 = ORIENTED_EDGE('',*,*,#2447,.T.);
#2678 = ORIENTED_EDGE('',*,*,#2655,.T.);
#2679 = ORIENTED_EDGE('',*,*,#2680,.F.);
#2680 = EDGE_CURVE('',#2656,#2656,#2681,.T.);
#2681 = SURFACE_CURVE('',#2682,(#2687,#2694),.PCURVE_S1.);
#2682 = CIRCLE('',#2683,1.7);
#2683 = AXIS2_PLACEMENT_3D('',#2684,#2685,#2686);
#2684 = CARTESIAN_POINT('',(-13.85640646055,-8.,9.));
#2685 = DIRECTION('',(0.,0.,-1.));
#2686 = DIRECTION('',(1.,0.,0.));
#2687 = PCURVE('',#2468,#2688);
#2688 = DEFINITIONAL_REPRESENTATION('',(#2689),#2693);
#2689 = LINE('',#2690,#2691);
#2690 = CARTESIAN_POINT('',(-6.28318530718,-10.));
#2691 = VECTOR('',#2692,1.);
#2692 = DIRECTION('',(1.,-0.));
#2693 = ( GEOMETRIC_REPRESENTATION_CONTEXT(2) 
PARAMETRIC_REPRESENTATION_CONTEXT() REPRESENTATION_CONTEXT('2D SPACE',''
  ) );
#2694 = PCURVE('',#2695,#2700);
#2695 = PLANE('',#2696);
#2696 = AXIS2_PLACEMENT_3D('',#2697,#2698,#2699);
#2697 = CARTESIAN_POINT('',(-13.85640646055,-8.,9.));
#2698 = DIRECTION('',(0.,0.,1.));
#2699 = DIRECTION('',(1.,0.,-0.));
#2700 = DEFINITIONAL_REPRESENTATION('',(#2701),#2709);
#2701 = ( BOUNDED_CURVE() B_SPLINE_CURVE(2,(#2702,#2703,#2704,#2705,
#2706,#2707,#2708),.UNSPECIFIED.,.T.,.F.) B_SPLINE_CURVE_WITH_KNOTS((1,2
    ,2,2,2,1),(-2.094395102393,0.,2.094395102393,4.188790204786,
6.28318530718,8.377580409573),.UNSPECIFIED.) CURVE() 
GEOMETRIC_REPRESENTATION_ITEM() RATIONAL_B_SPLINE_CURVE((1.,0.5,1.,0.5,
1.,0.5,1.)) REPRESENTATION_ITEM('') );
#2702 = CARTESIAN_POINT('',(1.7,0.));
#2703 = CARTESIAN_POINT('',(1.7,-2.944486372867));
#2704 = CARTESIAN_POINT('',(-0.85,-1.472243186434));
#2705 = CARTESIAN_POINT('',(-3.4,-4.163799117101E-16));
#2706 = CARTESIAN_POINT('',(-0.85,1.472243186434));
#2707 = CARTESIAN_POINT('',(1.7,2.944486372867));
#2708 = CARTESIAN_POINT('',(1.7,0.));
#2709 = ( GEOMETRIC_REPRESENTATION_CONTEXT(2) 
PARAMETRIC_REPRESENTATION_CONTEXT() REPRESENTATION_CONTEXT('2D SPACE',''
  ) );
#2710 = ADVANCED_FACE('',(#2711),#2503,.F.);
#2711 = FACE_BOUND('',#2712,.T.);
#2712 = EDGE_LOOP('',(#2713,#2714,#2737,#2763));
#2713 = ORIENTED_EDGE('',*,*,#2482,.T.);
#2714 = ORIENTED_EDGE('',*,*,#2715,.T.);
#2715 = EDGE_CURVE('',#2483,#2716,#2718,.T.);
#2716 = VERTEX_POINT('',#2717);
#2717 = CARTESIAN_POINT('',(4.15,0.,12.));
#2718 = SEAM_CURVE('',#2719,(#2723,#2730),.PCURVE_S1.);
#2719 = LINE('',#2720,#2721);
#2720 = CARTESIAN_POINT('',(4.15,0.,-1.));
#2721 = VECTOR('',#2722,1.);
#2722 = DIRECTION('',(0.,0.,1.));
#2723 = PCURVE('',#2503,#2724);
#2724 = DEFINITIONAL_REPRESENTATION('',(#2725),#2729);
#2725 = LINE('',#2726,#2727);
#2726 = CARTESIAN_POINT('',(-6.28318530718,0.));
#2727 = VECTOR('',#2728,1.);
#2728 = DIRECTION('',(-0.,-1.));
#2729 = ( GEOMETRIC_REPRESENTATION_CONTEXT(2) 
PARAMETRIC_REPRESENTATION_CONTEXT() REPRESENTATION_CONTEXT('2D SPACE',''
  ) );
#2730 = PCURVE('',#2503,#2731);
#2731 = DEFINITIONAL_REPRESENTATION('',(#2732),#2736);
#2732 = LINE('',#2733,#2734);
#2733 = CARTESIAN_POINT('',(-0.,0.));
#2734 = VECTOR('',#2735,1.);
#2735 = DIRECTION('',(-0.,-1.));
#2736 = ( GEOMETRIC_REPRESENTATION_CONTEXT(2) 
PARAMETRIC_REPRESENTATION_CONTEXT() REPRESENTATION_CONTEXT('2D SPACE',''
  ) );
#2737 = ORIENTED_EDGE('',*,*,#2738,.F.);
#2738 = EDGE_CURVE('',#2716,#2716,#2739,.T.);
#2739 = SURFACE_CURVE('',#2740,(#2745,#2752),.PCURVE_S1.);
#2740 = CIRCLE('',#2741,4.15);
#2741 = AXIS2_PLACEMENT_3D('',#2742,#2743,#2744);
#2742 = CARTESIAN_POINT('',(0.,0.,12.));
#2743 = DIRECTION('',(0.,0.,-1.));
#2744 = DIRECTION('',(1.,0.,0.));
#2745 = PCURVE('',#2503,#2746);
#2746 = DEFINITIONAL_REPRESENTATION('',(#2747),#2751);
#2747 = LINE('',#2748,#2749);
#2748 = CARTESIAN_POINT('',(-6.28318530718,-13.));
#2749 = VECTOR('',#2750,1.);
#2750 = DIRECTION('',(1.,-0.));
#2751 = ( GEOMETRIC_REPRESENTATION_CONTEXT(2) 
PARAMETRIC_REPRESENTATION_CONTEXT() REPRESENTATION_CONTEXT('2D SPACE',''
  ) );
#2752 = PCURVE('',#2627,#2753);
#2753 = DEFINITIONAL_REPRESENTATION('',(#2754),#2762);
#2754 = ( BOUNDED_CURVE() B_SPLINE_CURVE(2,(#2755,#2756,#2757,#2758,
#2759,#2760,#2761),.UNSPECIFIED.,.T.,.F.) B_SPLINE_CURVE_WITH_KNOTS((1,2
    ,2,2,2,1),(-2.094395102393,0.,2.094395102393,4.188790204786,
6.28318530718,8.377580409573),.UNSPECIFIED.) CURVE() 
GEOMETRIC_REPRESENTATION_ITEM() RATIONAL_B_SPLINE_CURVE((1.,0.5,1.,0.5,
1.,0.5,1.)) REPRESENTATION_ITEM('') );
#2755 = CARTESIAN_POINT('',(4.15,8.980743193747E-16));
#2756 = CARTESIAN_POINT('',(4.15,-7.188010851411));
#2757 = CARTESIAN_POINT('',(-2.075,-3.594005425705));
#2758 = CARTESIAN_POINT('',(-8.3,-1.183825239176E-16));
#2759 = CARTESIAN_POINT('',(-2.075,3.594005425705));
#2760 = CARTESIAN_POINT('',(4.15,7.188010851411));
#2761 = CARTESIAN_POINT('',(4.15,8.980743193747E-16));
#2762 = ( GEOMETRIC_REPRESENTATION_CONTEXT(2) 
PARAMETRIC_REPRESENTATION_CONTEXT() REPRESENTATION_CONTEXT('2D SPACE',''
  ) );
#2763 = ORIENTED_EDGE('',*,*,#2715,.F.);
#2764 = ADVANCED_FACE('',(#2765),#2538,.F.);
#2765 = FACE_BOUND('',#2766,.T.);
#2766 = EDGE_LOOP('',(#2767,#2790,#2791,#2792));
#2767 = ORIENTED_EDGE('',*,*,#2768,.F.);
#2768 = EDGE_CURVE('',#2518,#2769,#2771,.T.);
#2769 = VERTEX_POINT('',#2770);
#2770 = CARTESIAN_POINT('',(1.7,16.,9.));
#2771 = SEAM_CURVE('',#2772,(#2776,#2783),.PCURVE_S1.);
#2772 = LINE('',#2773,#2774);
#2773 = CARTESIAN_POINT('',(1.7,16.,-1.));
#2774 = VECTOR('',#2775,1.);
#2775 = DIRECTION('',(0.,0.,1.));
#2776 = PCURVE('',#2538,#2777);
#2777 = DEFINITIONAL_REPRESENTATION('',(#2778),#2782);
#2778 = LINE('',#2779,#2780);
#2779 = CARTESIAN_POINT('',(-6.28318530718,0.));
#2780 = VECTOR('',#2781,1.);
#2781 = DIRECTION('',(-0.,-1.));
#2782 = ( GEOMETRIC_REPRESENTATION_CONTEXT(2) 
PARAMETRIC_REPRESENTATION_CONTEXT() REPRESENTATION_CONTEXT('2D SPACE',''
  ) );
#2783 = PCURVE('',#2538,#2784);
#2784 = DEFINITIONAL_REPRESENTATION('',(#2785),#2789);
#2785 = LINE('',#2786,#2787);
#2786 = CARTESIAN_POINT('',(-0.,0.));
#2787 = VECTOR('',#2788,1.);
#2788 = DIRECTION('',(-0.,-1.));
#2789 = ( GEOMETRIC_REPRESENTATION_CONTEXT(2) 
PARAMETRIC_REPRESENTATION_CONTEXT() REPRESENTATION_CONTEXT('2D SPACE',''
  ) );
#2790 = ORIENTED_EDGE('',*,*,#2517,.T.);
#2791 = ORIENTED_EDGE('',*,*,#2768,.T.);
#2792 = ORIENTED_EDGE('',*,*,#2793,.F.);
#2793 = EDGE_CURVE('',#2769,#2769,#2794,.T.);
#2794 = SURFACE_CURVE('',#2795,(#2800,#2807),.PCURVE_S1.);
#2795 = CIRCLE('',#2796,1.7);
#2796 = AXIS2_PLACEMENT_3D('',#2797,#2798,#2799);
#2797 = CARTESIAN_POINT('',(9.797174393179E-16,16.,9.));
#2798 = DIRECTION('',(0.,0.,-1.));
#2799 = DIRECTION('',(1.,0.,0.));
#2800 = PCURVE('',#2538,#2801);
#2801 = DEFINITIONAL_REPRESENTATION('',(#2802),#2806);
#2802 = LINE('',#2803,#2804);
#2803 = CARTESIAN_POINT('',(-6.28318530718,-10.));
#2804 = VECTOR('',#2805,1.);
#2805 = DIRECTION('',(1.,-0.));
#2806 = ( GEOMETRIC_REPRESENTATION_CONTEXT(2) 
PARAMETRIC_REPRESENTATION_CONTEXT() REPRESENTATION_CONTEXT('2D SPACE',''
  ) );
#2807 = PCURVE('',#2808,#2813);
#2808 = PLANE('',#2809);
#2809 = AXIS2_PLACEMENT_3D('',#2810,#2811,#2812);
#2810 = CARTESIAN_POINT('',(8.745297368149E-16,16.,9.));
#2811 = DIRECTION('',(0.,0.,1.));
#2812 = DIRECTION('',(1.,0.,-0.));
#2813 = DEFINITIONAL_REPRESENTATION('',(#2814),#2822);
#2814 = ( BOUNDED_CURVE() B_SPLINE_CURVE(2,(#2815,#2816,#2817,#2818,
#2819,#2820,#2821),.UNSPECIFIED.,.T.,.F.) B_SPLINE_CURVE_WITH_KNOTS((1,2
    ,2,2,2,1),(-2.094395102393,0.,2.094395102393,4.188790204786,
6.28318530718,8.377580409573),.UNSPECIFIED.) CURVE() 
GEOMETRIC_REPRESENTATION_ITEM() RATIONAL_B_SPLINE_CURVE((1.,0.5,1.,0.5,
1.,0.5,1.)) REPRESENTATION_ITEM('') );
#2815 = CARTESIAN_POINT('',(1.7,0.));
#2816 = CARTESIAN_POINT('',(1.7,-2.944486372867));
#2817 = CARTESIAN_POINT('',(-0.85,-1.472243186434));
#2818 = CARTESIAN_POINT('',(-3.4,-4.163799117101E-16));
#2819 = CARTESIAN_POINT('',(-0.85,1.472243186434));
#2820 = CARTESIAN_POINT('',(1.7,2.944486372867));
#2821 = CARTESIAN_POINT('',(1.7,0.));
#2822 = ( GEOMETRIC_REPRESENTATION_CONTEXT(2) 
PARAMETRIC_REPRESENTATION_CONTEXT() REPRESENTATION_CONTEXT('2D SPACE',''
  ) );
#2823 = ADVANCED_FACE('',(#2824),#2573,.F.);
#2824 = FACE_BOUND('',#2825,.T.);
#2825 = EDGE_LOOP('',(#2826,#2849,#2850,#2851));
#2826 = ORIENTED_EDGE('',*,*,#2827,.F.);
#2827 = EDGE_CURVE('',#2553,#2828,#2830,.T.);
#2828 = VERTEX_POINT('',#2829);
#2829 = CARTESIAN_POINT('',(15.556406460551,-8.,9.));
#2830 = SEAM_CURVE('',#2831,(#2835,#2842),.PCURVE_S1.);
#2831 = LINE('',#2832,#2833);
#2832 = CARTESIAN_POINT('',(15.556406460551,-8.,-1.));
#2833 = VECTOR('',#2834,1.);
#2834 = DIRECTION('',(0.,0.,1.));
#2835 = PCURVE('',#2573,#2836);
#2836 = DEFINITIONAL_REPRESENTATION('',(#2837),#2841);
#2837 = LINE('',#2838,#2839);
#2838 = CARTESIAN_POINT('',(-6.28318530718,0.));
#2839 = VECTOR('',#2840,1.);
#2840 = DIRECTION('',(-0.,-1.));
#2841 = ( GEOMETRIC_REPRESENTATION_CONTEXT(2) 
PARAMETRIC_REPRESENTATION_CONTEXT() REPRESENTATION_CONTEXT('2D SPACE',''
  ) );
#2842 = PCURVE('',#2573,#2843);
#2843 = DEFINITIONAL_REPRESENTATION('',(#2844),#2848);
#2844 = LINE('',#2845,#2846);
#2845 = CARTESIAN_POINT('',(-0.,0.));
#2846 = VECTOR('',#2847,1.);
#2847 = DIRECTION('',(-0.,-1.));
#2848 = ( GEOMETRIC_REPRESENTATION_CONTEXT(2) 
PARAMETRIC_REPRESENTATION_CONTEXT() REPRESENTATION_CONTEXT('2D SPACE',''
  ) );
#2849 = ORIENTED_EDGE('',*,*,#2552,.T.);
#2850 = ORIENTED_EDGE('',*,*,#2827,.T.);
#2851 = ORIENTED_EDGE('',*,*,#2852,.F.);
#2852 = EDGE_CURVE('',#2828,#2828,#2853,.T.);
#2853 = SURFACE_CURVE('',#2854,(#2859,#2866),.PCURVE_S1.);
#2854 = CIRCLE('',#2855,1.7);
#2855 = AXIS2_PLACEMENT_3D('',#2856,#2857,#2858);
#2856 = CARTESIAN_POINT('',(13.856406460551,-8.,9.));
#2857 = DIRECTION('',(0.,0.,-1.));
#2858 = DIRECTION('',(1.,0.,0.));
#2859 = PCURVE('',#2573,#2860);
#2860 = DEFINITIONAL_REPRESENTATION('',(#2861),#2865);
#2861 = LINE('',#2862,#2863);
#2862 = CARTESIAN_POINT('',(-6.28318530718,-10.));
#2863 = VECTOR('',#2864,1.);
#2864 = DIRECTION('',(1.,-0.));
#2865 = ( GEOMETRIC_REPRESENTATION_CONTEXT(2) 
PARAMETRIC_REPRESENTATION_CONTEXT() REPRESENTATION_CONTEXT('2D SPACE',''
  ) );
#2866 = PCURVE('',#2867,#2872);
#2867 = PLANE('',#2868);
#2868 = AXIS2_PLACEMENT_3D('',#2869,#2870,#2871);
#2869 = CARTESIAN_POINT('',(13.856406460551,-8.,9.));
#2870 = DIRECTION('',(0.,0.,1.));
#2871 = DIRECTION('',(1.,0.,-0.));
#2872 = DEFINITIONAL_REPRESENTATION('',(#2873),#2881);
#2873 = ( BOUNDED_CURVE() B_SPLINE_CURVE(2,(#2874,#2875,#2876,#2877,
#2878,#2879,#2880),.UNSPECIFIED.,.T.,.F.) B_SPLINE_CURVE_WITH_KNOTS((1,2
    ,2,2,2,1),(-2.094395102393,0.,2.094395102393,4.188790204786,
6.28318530718,8.377580409573),.UNSPECIFIED.) CURVE() 
GEOMETRIC_REPRESENTATION_ITEM() RATIONAL_B_SPLINE_CURVE((1.,0.5,1.,0.5,
1.,0.5,1.)) REPRESENTATION_ITEM('') );
#2874 = CARTESIAN_POINT('',(1.7,0.));
#2875 = CARTESIAN_POINT('',(1.7,-2.944486372867));
#2876 = CARTESIAN_POINT('',(-0.85,-1.472243186434));
#2877 = CARTESIAN_POINT('',(-3.4,-4.163799117101E-16));
#2878 = CARTESIAN_POINT('',(-0.85,1.472243186434));
#2879 = CARTESIAN_POINT('',(1.7,2.944486372867));
#2880 = CARTESIAN_POINT('',(1.7,0.));
#2881 = ( GEOMETRIC_REPRESENTATION_CONTEXT(2) 
PARAMETRIC_REPRESENTATION_CONTEXT() REPRESENTATION_CONTEXT('2D SPACE',''
  ) );
#2882 = ADVANCED_FACE('',(#2883,#2886,#2921,#2956,#2959),#2627,.T.);
#2883 = FACE_BOUND('',#2884,.T.);
#2884 = EDGE_LOOP('',(#2885));
#2885 = ORIENTED_EDGE('',*,*,#2612,.T.);
#2886 = FACE_BOUND('',#2887,.T.);
#2887 = EDGE_LOOP('',(#2888));
#2888 = ORIENTED_EDGE('',*,*,#2889,.T.);
#2889 = EDGE_CURVE('',#2890,#2890,#2892,.T.);
#2890 = VERTEX_POINT('',#2891);
#2891 = CARTESIAN_POINT('',(-10.60640646055,-8.,12.));
#2892 = SURFACE_CURVE('',#2893,(#2898,#2909),.PCURVE_S1.);
#2893 = CIRCLE('',#2894,3.25);
#2894 = AXIS2_PLACEMENT_3D('',#2895,#2896,#2897);
#2895 = CARTESIAN_POINT('',(-13.85640646055,-8.,12.));
#2896 = DIRECTION('',(0.,0.,-1.));
#2897 = DIRECTION('',(1.,0.,0.));
#2898 = PCURVE('',#2627,#2899);
#2899 = DEFINITIONAL_REPRESENTATION('',(#2900),#2908);
#2900 = ( BOUNDED_CURVE() B_SPLINE_CURVE(2,(#2901,#2902,#2903,#2904,
#2905,#2906,#2907),.UNSPECIFIED.,.T.,.F.) B_SPLINE_CURVE_WITH_KNOTS((1,2
    ,2,2,2,1),(-2.094395102393,0.,2.094395102393,4.188790204786,
6.28318530718,8.377580409573),.UNSPECIFIED.) CURVE() 
GEOMETRIC_REPRESENTATION_ITEM() RATIONAL_B_SPLINE_CURVE((1.,0.5,1.,0.5,
1.,0.5,1.)) REPRESENTATION_ITEM('') );
#2901 = CARTESIAN_POINT('',(-10.60640646055,-8.));
#2902 = CARTESIAN_POINT('',(-10.60640646055,-13.62916512459));
#2903 = CARTESIAN_POINT('',(-15.48140646055,-10.81458256229));
#2904 = CARTESIAN_POINT('',(-20.35640646055,-8.));
#2905 = CARTESIAN_POINT('',(-15.48140646055,-5.185417437701));
#2906 = CARTESIAN_POINT('',(-10.60640646055,-2.370834875401));
#2907 = CARTESIAN_POINT('',(-10.60640646055,-8.));
#2908 = ( GEOMETRIC_REPRESENTATION_CONTEXT(2) 
PARAMETRIC_REPRESENTATION_CONTEXT() REPRESENTATION_CONTEXT('2D SPACE',''
  ) );
#2909 = PCURVE('',#2910,#2915);
#2910 = CYLINDRICAL_SURFACE('',#2911,3.25);
#2911 = AXIS2_PLACEMENT_3D('',#2912,#2913,#2914);
#2912 = CARTESIAN_POINT('',(-13.85640646055,-8.,9.));
#2913 = DIRECTION('',(-0.,-0.,-1.));
#2914 = DIRECTION('',(1.,0.,0.));
#2915 = DEFINITIONAL_REPRESENTATION('',(#2916),#2920);
#2916 = LINE('',#2917,#2918);
#2917 = CARTESIAN_POINT('',(-6.28318530718,-3.));
#2918 = VECTOR('',#2919,1.);
#2919 = DIRECTION('',(1.,-0.));
#2920 = ( GEOMETRIC_REPRESENTATION_CONTEXT(2) 
PARAMETRIC_REPRESENTATION_CONTEXT() REPRESENTATION_CONTEXT('2D SPACE',''
  ) );
#2921 = FACE_BOUND('',#2922,.T.);
#2922 = EDGE_LOOP('',(#2923));
#2923 = ORIENTED_EDGE('',*,*,#2924,.T.);
#2924 = EDGE_CURVE('',#2925,#2925,#2927,.T.);
#2925 = VERTEX_POINT('',#2926);
#2926 = CARTESIAN_POINT('',(17.106406460551,-8.,12.));
#2927 = SURFACE_CURVE('',#2928,(#2933,#2944),.PCURVE_S1.);
#2928 = CIRCLE('',#2929,3.25);
#2929 = AXIS2_PLACEMENT_3D('',#2930,#2931,#2932);
#2930 = CARTESIAN_POINT('',(13.856406460551,-8.,12.));
#2931 = DIRECTION('',(0.,0.,-1.));
#2932 = DIRECTION('',(1.,0.,0.));
#2933 = PCURVE('',#2627,#2934);
#2934 = DEFINITIONAL_REPRESENTATION('',(#2935),#2943);
#2935 = ( BOUNDED_CURVE() B_SPLINE_CURVE(2,(#2936,#2937,#2938,#2939,
#2940,#2941,#2942),.UNSPECIFIED.,.T.,.F.) B_SPLINE_CURVE_WITH_KNOTS((1,2
    ,2,2,2,1),(-2.094395102393,0.,2.094395102393,4.188790204786,
6.28318530718,8.377580409573),.UNSPECIFIED.) CURVE() 
GEOMETRIC_REPRESENTATION_ITEM() RATIONAL_B_SPLINE_CURVE((1.,0.5,1.,0.5,
1.,0.5,1.)) REPRESENTATION_ITEM('') );
#2936 = CARTESIAN_POINT('',(17.106406460551,-8.));
#2937 = CARTESIAN_POINT('',(17.106406460551,-13.62916512459));
#2938 = CARTESIAN_POINT('',(12.231406460551,-10.81458256229));
#2939 = CARTESIAN_POINT('',(7.356406460551,-8.));
#2940 = CARTESIAN_POINT('',(12.231406460551,-5.185417437701));
#2941 = CARTESIAN_POINT('',(17.106406460551,-2.370834875401));
#2942 = CARTESIAN_POINT('',(17.106406460551,-8.));
#2943 = ( GEOMETRIC_REPRESENTATION_CONTEXT(2) 
PARAMETRIC_REPRESENTATION_CONTEXT() REPRESENTATION_CONTEXT('2D SPACE',''
  ) );
#2944 = PCURVE('',#2945,#2950);
#2945 = CYLINDRICAL_SURFACE('',#2946,3.25);
#2946 = AXIS2_PLACEMENT_3D('',#2947,#2948,#2949);
#2947 = CARTESIAN_POINT('',(13.856406460551,-8.,9.));
#2948 = DIRECTION('',(-0.,-0.,-1.));
#2949 = DIRECTION('',(1.,0.,0.));
#2950 = DEFINITIONAL_REPRESENTATION('',(#2951),#2955);
#2951 = LINE('',#2952,#2953);
#2952 = CARTESIAN_POINT('',(-6.28318530718,-3.));
#2953 = VECTOR('',#2954,1.);
#2954 = DIRECTION('',(1.,-0.));
#2955 = ( GEOMETRIC_REPRESENTATION_CONTEXT(2) 
PARAMETRIC_REPRESENTATION_CONTEXT() REPRESENTATION_CONTEXT('2D SPACE',''
  ) );
#2956 = FACE_BOUND('',#2957,.T.);
#2957 = EDGE_LOOP('',(#2958));
#2958 = ORIENTED_EDGE('',*,*,#2738,.T.);
#2959 = FACE_BOUND('',#2960,.T.);
#2960 = EDGE_LOOP('',(#2961));
#2961 = ORIENTED_EDGE('',*,*,#2962,.T.);
#2962 = EDGE_CURVE('',#2963,#2963,#2965,.T.);
#2963 = VERTEX_POINT('',#2964);
#2964 = CARTESIAN_POINT('',(3.25,16.,12.));
#2965 = SURFACE_CURVE('',#2966,(#2971,#2982),.PCURVE_S1.);
#2966 = CIRCLE('',#2967,3.25);
#2967 = AXIS2_PLACEMENT_3D('',#2968,#2969,#2970);
#2968 = CARTESIAN_POINT('',(9.797174393179E-16,16.,12.));
#2969 = DIRECTION('',(0.,0.,-1.));
#2970 = DIRECTION('',(1.,0.,0.));
#2971 = PCURVE('',#2627,#2972);
#2972 = DEFINITIONAL_REPRESENTATION('',(#2973),#2981);
#2973 = ( BOUNDED_CURVE() B_SPLINE_CURVE(2,(#2974,#2975,#2976,#2977,
#2978,#2979,#2980),.UNSPECIFIED.,.T.,.F.) B_SPLINE_CURVE_WITH_KNOTS((1,2
    ,2,2,2,1),(-2.094395102393,0.,2.094395102393,4.188790204786,
6.28318530718,8.377580409573),.UNSPECIFIED.) CURVE() 
GEOMETRIC_REPRESENTATION_ITEM() RATIONAL_B_SPLINE_CURVE((1.,0.5,1.,0.5,
1.,0.5,1.)) REPRESENTATION_ITEM('') );
#2974 = CARTESIAN_POINT('',(3.25,16.));
#2975 = CARTESIAN_POINT('',(3.25,10.370834875401));
#2976 = CARTESIAN_POINT('',(-1.625,13.185417437701));
#2977 = CARTESIAN_POINT('',(-6.5,16.));
#2978 = CARTESIAN_POINT('',(-1.625,18.814582562299));
#2979 = CARTESIAN_POINT('',(3.25,21.629165124599));
#2980 = CARTESIAN_POINT('',(3.25,16.));
#2981 = ( GEOMETRIC_REPRESENTATION_CONTEXT(2) 
PARAMETRIC_REPRESENTATION_CONTEXT() REPRESENTATION_CONTEXT('2D SPACE',''
  ) );
#2982 = PCURVE('',#2983,#2988);
#2983 = CYLINDRICAL_SURFACE('',#2984,3.25);
#2984 = AXIS2_PLACEMENT_3D('',#2985,#2986,#2987);
#2985 = CARTESIAN_POINT('',(9.797174393179E-16,16.,9.));
#2986 = DIRECTION('',(-0.,-0.,-1.));
#2987 = DIRECTION('',(1.,0.,0.));
#2988 = DEFINITIONAL_REPRESENTATION('',(#2989),#2993);
#2989 = LINE('',#2990,#2991);
#2990 = CARTESIAN_POINT('',(-6.28318530718,-3.));
#2991 = VECTOR('',#2992,1.);
#2992 = DIRECTION('',(1.,-0.));
#2993 = ( GEOMETRIC_REPRESENTATION_CONTEXT(2) 
PARAMETRIC_REPRESENTATION_CONTEXT() REPRESENTATION_CONTEXT('2D SPACE',''
  ) );
#2994 = ADVANCED_FACE('',(#2995,#3021),#2695,.T.);
#2995 = FACE_BOUND('',#2996,.T.);
#2996 = EDGE_LOOP('',(#2997));
#2997 = ORIENTED_EDGE('',*,*,#2998,.T.);
#2998 = EDGE_CURVE('',#2999,#2999,#3001,.T.);
#2999 = VERTEX_POINT('',#3000);
#3000 = CARTESIAN_POINT('',(-10.60640646055,-8.,9.));
#3001 = SURFACE_CURVE('',#3002,(#3007,#3014),.PCURVE_S1.);
#3002 = CIRCLE('',#3003,3.25);
#3003 = AXIS2_PLACEMENT_3D('',#3004,#3005,#3006);
#3004 = CARTESIAN_POINT('',(-13.85640646055,-8.,9.));
#3005 = DIRECTION('',(0.,0.,1.));
#3006 = DIRECTION('',(1.,0.,0.));
#3007 = PCURVE('',#2695,#3008);
#3008 = DEFINITIONAL_REPRESENTATION('',(#3009),#3013);
#3009 = CIRCLE('',#3010,3.25);
#3010 = AXIS2_PLACEMENT_2D('',#3011,#3012);
#3011 = CARTESIAN_POINT('',(0.,0.));
#3012 = DIRECTION('',(1.,0.));
#3013 = ( GEOMETRIC_REPRESENTATION_CONTEXT(2) 
PARAMETRIC_REPRESENTATION_CONTEXT() REPRESENTATION_CONTEXT('2D SPACE',''
  ) );
#3014 = PCURVE('',#2910,#3015);
#3015 = DEFINITIONAL_REPRESENTATION('',(#3016),#3020);
#3016 = LINE('',#3017,#3018);
#3017 = CARTESIAN_POINT('',(-0.,0.));
#3018 = VECTOR('',#3019,1.);
#3019 = DIRECTION('',(-1.,0.));
#3020 = ( GEOMETRIC_REPRESENTATION_CONTEXT(2) 
PARAMETRIC_REPRESENTATION_CONTEXT() REPRESENTATION_CONTEXT('2D SPACE',''
  ) );
#3021 = FACE_BOUND('',#3022,.T.);
#3022 = EDGE_LOOP('',(#3023));
#3023 = ORIENTED_EDGE('',*,*,#2680,.T.);
#3024 = ADVANCED_FACE('',(#3025,#3051),#2808,.T.);
#3025 = FACE_BOUND('',#3026,.T.);
#3026 = EDGE_LOOP('',(#3027));
#3027 = ORIENTED_EDGE('',*,*,#3028,.T.);
#3028 = EDGE_CURVE('',#3029,#3029,#3031,.T.);
#3029 = VERTEX_POINT('',#3030);
#3030 = CARTESIAN_POINT('',(3.25,16.,9.));
#3031 = SURFACE_CURVE('',#3032,(#3037,#3044),.PCURVE_S1.);
#3032 = CIRCLE('',#3033,3.25);
#3033 = AXIS2_PLACEMENT_3D('',#3034,#3035,#3036);
#3034 = CARTESIAN_POINT('',(9.797174393179E-16,16.,9.));
#3035 = DIRECTION('',(0.,0.,1.));
#3036 = DIRECTION('',(1.,0.,0.));
#3037 = PCURVE('',#2808,#3038);
#3038 = DEFINITIONAL_REPRESENTATION('',(#3039),#3043);
#3039 = CIRCLE('',#3040,3.25);
#3040 = AXIS2_PLACEMENT_2D('',#3041,#3042);
#3041 = CARTESIAN_POINT('',(1.05187702503E-16,0.));
#3042 = DIRECTION('',(1.,0.));
#3043 = ( GEOMETRIC_REPRESENTATION_CONTEXT(2) 
PARAMETRIC_REPRESENTATION_CONTEXT() REPRESENTATION_CONTEXT('2D SPACE',''
  ) );
#3044 = PCURVE('',#2983,#3045);
#3045 = DEFINITIONAL_REPRESENTATION('',(#3046),#3050);
#3046 = LINE('',#3047,#3048);
#3047 = CARTESIAN_POINT('',(-0.,0.));
#3048 = VECTOR('',#3049,1.);
#3049 = DIRECTION('',(-1.,0.));
#3050 = ( GEOMETRIC_REPRESENTATION_CONTEXT(2) 
PARAMETRIC_REPRESENTATION_CONTEXT() REPRESENTATION_CONTEXT('2D SPACE',''
  ) );
#3051 = FACE_BOUND('',#3052,.T.);
#3052 = EDGE_LOOP('',(#3053));
#3053 = ORIENTED_EDGE('',*,*,#2793,.T.);
#3054 = ADVANCED_FACE('',(#3055,#3081),#2867,.T.);
#3055 = FACE_BOUND('',#3056,.T.);
#3056 = EDGE_LOOP('',(#3057));
#3057 = ORIENTED_EDGE('',*,*,#3058,.T.);
#3058 = EDGE_CURVE('',#3059,#3059,#3061,.T.);
#3059 = VERTEX_POINT('',#3060);
#3060 = CARTESIAN_POINT('',(17.106406460551,-8.,9.));
#3061 = SURFACE_CURVE('',#3062,(#3067,#3074),.PCURVE_S1.);
#3062 = CIRCLE('',#3063,3.25);
#3063 = AXIS2_PLACEMENT_3D('',#3064,#3065,#3066);
#3064 = CARTESIAN_POINT('',(13.856406460551,-8.,9.));
#3065 = DIRECTION('',(0.,0.,1.));
#3066 = DIRECTION('',(1.,0.,0.));
#3067 = PCURVE('',#2867,#3068);
#3068 = DEFINITIONAL_REPRESENTATION('',(#3069),#3073);
#3069 = CIRCLE('',#3070,3.25);
#3070 = AXIS2_PLACEMENT_2D('',#3071,#3072);
#3071 = CARTESIAN_POINT('',(0.,0.));
#3072 = DIRECTION('',(1.,0.));
#3073 = ( GEOMETRIC_REPRESENTATION_CONTEXT(2) 
PARAMETRIC_REPRESENTATION_CONTEXT() REPRESENTATION_CONTEXT('2D SPACE',''
  ) );
#3074 = PCURVE('',#2945,#3075);
#3075 = DEFINITIONAL_REPRESENTATION('',(#3076),#3080);
#3076 = LINE('',#3077,#3078);
#3077 = CARTESIAN_POINT('',(-0.,0.));
#3078 = VECTOR('',#3079,1.);
#3079 = DIRECTION('',(-1.,0.));
#3080 = ( GEOMETRIC_REPRESENTATION_CONTEXT(2) 
PARAMETRIC_REPRESENTATION_CONTEXT() REPRESENTATION_CONTEXT('2D SPACE',''
  ) );
#3081 = FACE_BOUND('',#3082,.T.);
#3082 = EDGE_LOOP('',(#3083));
#3083 = ORIENTED_EDGE('',*,*,#2852,.T.);
#3084 = ADVANCED_FACE('',(#3085),#2910,.F.);
#3085 = FACE_BOUND('',#3086,.T.);
#3086 = EDGE_LOOP('',(#3087,#3088,#3109,#3110));
#3087 = ORIENTED_EDGE('',*,*,#2998,.F.);
#3088 = ORIENTED_EDGE('',*,*,#3089,.T.);
#3089 = EDGE_CURVE('',#2999,#2890,#3090,.T.);
#3090 = SEAM_CURVE('',#3091,(#3095,#3102),.PCURVE_S1.);
#3091 = LINE('',#3092,#3093);
#3092 = CARTESIAN_POINT('',(-10.60640646055,-8.,9.));
#3093 = VECTOR('',#3094,1.);
#3094 = DIRECTION('',(0.,0.,1.));
#3095 = PCURVE('',#2910,#3096);
#3096 = DEFINITIONAL_REPRESENTATION('',(#3097),#3101);
#3097 = LINE('',#3098,#3099);
#3098 = CARTESIAN_POINT('',(-6.28318530718,0.));
#3099 = VECTOR('',#3100,1.);
#3100 = DIRECTION('',(-0.,-1.));
#3101 = ( GEOMETRIC_REPRESENTATION_CONTEXT(2) 
PARAMETRIC_REPRESENTATION_CONTEXT() REPRESENTATION_CONTEXT('2D SPACE',''
  ) );
#3102 = PCURVE('',#2910,#3103);
#3103 = DEFINITIONAL_REPRESENTATION('',(#3104),#3108);
#3104 = LINE('',#3105,#3106);
#3105 = CARTESIAN_POINT('',(-0.,0.));
#3106 = VECTOR('',#3107,1.);
#3107 = DIRECTION('',(-0.,-1.));
#3108 = ( GEOMETRIC_REPRESENTATION_CONTEXT(2) 
PARAMETRIC_REPRESENTATION_CONTEXT() REPRESENTATION_CONTEXT('2D SPACE',''
  ) );
#3109 = ORIENTED_EDGE('',*,*,#2889,.F.);
#3110 = ORIENTED_EDGE('',*,*,#3089,.F.);
#3111 = ADVANCED_FACE('',(#3112),#2945,.F.);
#3112 = FACE_BOUND('',#3113,.T.);
#3113 = EDGE_LOOP('',(#3114,#3115,#3136,#3137));
#3114 = ORIENTED_EDGE('',*,*,#3058,.F.);
#3115 = ORIENTED_EDGE('',*,*,#3116,.T.);
#3116 = EDGE_CURVE('',#3059,#2925,#3117,.T.);
#3117 = SEAM_CURVE('',#3118,(#3122,#3129),.PCURVE_S1.);
#3118 = LINE('',#3119,#3120);
#3119 = CARTESIAN_POINT('',(17.106406460551,-8.,9.));
#3120 = VECTOR('',#3121,1.);
#3121 = DIRECTION('',(0.,0.,1.));
#3122 = PCURVE('',#2945,#3123);
#3123 = DEFINITIONAL_REPRESENTATION('',(#3124),#3128);
#3124 = LINE('',#3125,#3126);
#3125 = CARTESIAN_POINT('',(-6.28318530718,0.));
#3126 = VECTOR('',#3127,1.);
#3127 = DIRECTION('',(-0.,-1.));
#3128 = ( GEOMETRIC_REPRESENTATION_CONTEXT(2) 
PARAMETRIC_REPRESENTATION_CONTEXT() REPRESENTATION_CONTEXT('2D SPACE',''
  ) );
#3129 = PCURVE('',#2945,#3130);
#3130 = DEFINITIONAL_REPRESENTATION('',(#3131),#3135);
#3131 = LINE('',#3132,#3133);
#3132 = CARTESIAN_POINT('',(-0.,0.));
#3133 = VECTOR('',#3134,1.);
#3134 = DIRECTION('',(-0.,-1.));
#3135 = ( GEOMETRIC_REPRESENTATION_CONTEXT(2) 
PARAMETRIC_REPRESENTATION_CONTEXT() REPRESENTATION_CONTEXT('2D SPACE',''
  ) );
#3136 = ORIENTED_EDGE('',*,*,#2924,.F.);
#3137 = ORIENTED_EDGE('',*,*,#3116,.F.);
#3138 = ADVANCED_FACE('',(#3139),#2983,.F.);
#3139 = FACE_BOUND('',#3140,.T.);
#3140 = EDGE_LOOP('',(#3141,#3142,#3163,#3164));
#3141 = ORIENTED_EDGE('',*,*,#3028,.F.);
#3142 = ORIENTED_EDGE('',*,*,#3143,.T.);
#3143 = EDGE_CURVE('',#3029,#2963,#3144,.T.);
#3144 = SEAM_CURVE('',#3145,(#3149,#3156),.PCURVE_S1.);
#3145 = LINE('',#3146,#3147);
#3146 = CARTESIAN_POINT('',(3.25,16.,9.));
#3147 = VECTOR('',#3148,1.);
#3148 = DIRECTION('',(0.,0.,1.));
#3149 = PCURVE('',#2983,#3150);
#3150 = DEFINITIONAL_REPRESENTATION('',(#3151),#3155);
#3151 = LINE('',#3152,#3153);
#3152 = CARTESIAN_POINT('',(-6.28318530718,0.));
#3153 = VECTOR('',#3154,1.);
#3154 = DIRECTION('',(-0.,-1.));
#3155 = ( GEOMETRIC_REPRESENTATION_CONTEXT(2) 
PARAMETRIC_REPRESENTATION_CONTEXT() REPRESENTATION_CONTEXT('2D SPACE',''
  ) );
#3156 = PCURVE('',#2983,#3157);
#3157 = DEFINITIONAL_REPRESENTATION('',(#3158),#3162);
#3158 = LINE('',#3159,#3160);
#3159 = CARTESIAN_POINT('',(-0.,0.));
#3160 = VECTOR('',#3161,1.);
#3161 = DIRECTION('',(-0.,-1.));
#3162 = ( GEOMETRIC_REPRESENTATION_CONTEXT(2) 
PARAMETRIC_REPRESENTATION_CONTEXT() REPRESENTATION_CONTEXT('2D SPACE',''
  ) );
#3163 = ORIENTED_EDGE('',*,*,#2962,.F.);
#3164 = ORIENTED_EDGE('',*,*,#3143,.F.);
#3165 = ( GEOMETRIC_REPRESENTATION_CONTEXT(3) 
GLOBAL_UNCERTAINTY_ASSIGNED_CONTEXT((#3169)) 
GLOBAL_UNIT_ASSIGNED_CONTEXT((#3166,#3167,#3168)) REPRESENTATION_CONTEXT
('Context #1','3D Context with UNIT and UNCERTAINTY') );
#3166 = ( LENGTH_UNIT() NAMED_UNIT(*) SI_UNIT(.MILLI.,.METRE.) );
#3167 = ( NAMED_UNIT(*) PLANE_ANGLE_UNIT() SI_UNIT($,.RADIAN.) );
#3168 = ( NAMED_UNIT(*) SI_UNIT($,.STERADIAN.) SOLID_ANGLE_UNIT() );
#3169 = UNCERTAINTY_MEASURE_WITH_UNIT(LENGTH_MEASURE(2.E-07),#3166,
  'distance_accuracy_value','confusion accuracy');
#3170 = PRODUCT_RELATED_PRODUCT_CATEGORY('part',$,(#7));
ENDSEC;
END-ISO-10303-21;
