ISO-10303-21;
HEADER;
FILE_DESCRIPTION(('Open CASCADE Model'),'2;1');
FILE_NAME('Open CASCADE Shape Model','2026-09-29T22:06:16',('Author'),(
    'Open CASCADE'),'Open CASCADE STEP processor 7.9','Open CASCADE 7.9'
  ,'Unknown');
FILE_SCHEMA(('AUTOMOTIVE_DESIGN { 1 0 10303 214 1 1 1 1 }'));
ENDSEC;
DATA;
#1 = APPLICATION_PROTOCOL_DEFINITION('international standard',
  'automotive_design',2000,#2);
#2 = APPLICATION_CONTEXT(
  'core data for automotive mechanical design processes');
#3 = SHAPE_DEFINITION_REPRESENTATION(#4,#10);
#4 = PRODUCT_DEFINITION_SHAPE('','',#5);
#5 = PRODUCT_DEFINITION('design','',#6,#9);
#6 = PRODUCT_DEFINITION_FORMATION('','',#7);
#7 = PRODUCT('Open CASCADE STEP translator 7.9 1',
  'Open CASCADE STEP translator 7.9 1','',(#8));
#8 = PRODUCT_CONTEXT('',#2,'mechanical');
#9 = PRODUCT_DEFINITION_CONTEXT('part definition',#2,'design');
#10 = ADVANCED_BREP_SHAPE_REPRESENTATION('',(#11,#15),#7899);
#11 = AXIS2_PLACEMENT_3D('',#12,#13,#14);
#12 = CARTESIAN_POINT('',(0.,0.,0.));
#13 = DIRECTION('',(0.,0.,1.));
#14 = DIRECTION('',(1.,0.,-0.));
#15 = MANIFOLD_SOLID_BREP('',#16);
#16 = CLOSED_SHELL('',(#17,#109,#185,#1112,#1351,#1952,#2044,#3111,#3136
    ,#3162,#3350,#3402,#4021,#4053,#4060,#4086,#4092,#4168,#4330,#4434,
    #4505,#4531,#4559,#4566,#4642,#4718,#4995,#5071,#5295,#5348,#5401,
    #5487,#5568,#5639,#5688,#5739,#5787,#5793,#5820,#5847,#5874,#5901,
    #5908,#5957,#6015,#6120,#6196,#6267,#6294,#6396,#6607,#6656,#6731,
    #6758,#6785,#6814,#7519,#7524,#7551,#7629,#7700,#7727,#7754,#7791,
    #7818,#7845,#7859,#7886));
#17 = ADVANCED_FACE('',(#18),#32,.T.);
#18 = FACE_BOUND('',#19,.T.);
#19 = EDGE_LOOP('',(#20,#55,#83));
#20 = ORIENTED_EDGE('',*,*,#21,.T.);
#21 = EDGE_CURVE('',#22,#24,#26,.T.);
#22 = VERTEX_POINT('',#23);
#23 = CARTESIAN_POINT('',(345.99688720703,13.381266593933,81.75));
#24 = VERTEX_POINT('',#25);
#25 = CARTESIAN_POINT('',(346.53546142578,13.381265640259,81.75));
#26 = SURFACE_CURVE('',#27,(#31,#43),.PCURVE_S1.);
#27 = LINE('',#28,#29);
#28 = CARTESIAN_POINT('',(345.99688720703,13.381266593933,81.75));
#29 = VECTOR('',#30,1.);
#30 = DIRECTION('',(0.999999999998,-1.770738893923E-06,0.));
#31 = PCURVE('',#32,#37);
#32 = PLANE('',#33);
#33 = AXIS2_PLACEMENT_3D('',#34,#35,#36);
#34 = CARTESIAN_POINT('',(346.2661743164,13.38126595815,81.698173522949)
  );
#35 = DIRECTION('',(1.770738893915E-06,0.999999999994,
    -3.066882575181E-06));
#36 = DIRECTION('',(0.,-3.066882575186E-06,-0.999999999995));
#37 = DEFINITIONAL_REPRESENTATION('',(#38),#42);
#38 = LINE('',#39,#40);
#39 = CARTESIAN_POINT('',(-5.182647705249E-02,0.269287109375));
#40 = VECTOR('',#41,1.);
#41 = DIRECTION('',(5.430648258975E-12,-1.));
#42 = ( GEOMETRIC_REPRESENTATION_CONTEXT(2) 
PARAMETRIC_REPRESENTATION_CONTEXT() REPRESENTATION_CONTEXT('2D SPACE',''
  ) );
#43 = PCURVE('',#44,#49);
#44 = PLANE('',#45);
#45 = AXIS2_PLACEMENT_3D('',#46,#47,#48);
#46 = CARTESIAN_POINT('',(347.58768422019,14.667341892997,81.75));
#47 = DIRECTION('',(0.,0.,-1.));
#48 = DIRECTION('',(0.,-1.,0.));
#49 = DEFINITIONAL_REPRESENTATION('',(#50),#54);
#50 = LINE('',#51,#52);
#51 = CARTESIAN_POINT('',(1.286075299064,1.590797013159));
#52 = VECTOR('',#53,1.);
#53 = DIRECTION('',(1.770738893923E-06,-0.999999999998));
#54 = ( GEOMETRIC_REPRESENTATION_CONTEXT(2) 
PARAMETRIC_REPRESENTATION_CONTEXT() REPRESENTATION_CONTEXT('2D SPACE',''
  ) );
#55 = ORIENTED_EDGE('',*,*,#56,.T.);
#56 = EDGE_CURVE('',#24,#57,#59,.T.);
#57 = VERTEX_POINT('',#58);
#58 = CARTESIAN_POINT('',(346.2661743164,13.381265640259,81.594520568848
    ));
#59 = SURFACE_CURVE('',#60,(#64,#71),.PCURVE_S1.);
#60 = LINE('',#61,#62);
#61 = CARTESIAN_POINT('',(346.53546142578,13.381265640259,81.75));
#62 = VECTOR('',#63,1.);
#63 = DIRECTION('',(-0.866016427168,0.,-0.500015547633));
#64 = PCURVE('',#32,#65);
#65 = DEFINITIONAL_REPRESENTATION('',(#66),#70);
#66 = LINE('',#67,#68);
#67 = CARTESIAN_POINT('',(-5.182647704956E-02,-0.269287109375));
#68 = VECTOR('',#69,1.);
#69 = DIRECTION('',(0.500015547631,0.86601642717));
#70 = ( GEOMETRIC_REPRESENTATION_CONTEXT(2) 
PARAMETRIC_REPRESENTATION_CONTEXT() REPRESENTATION_CONTEXT('2D SPACE',''
  ) );
#71 = PCURVE('',#72,#77);
#72 = PLANE('',#73);
#73 = AXIS2_PLACEMENT_3D('',#74,#75,#76);
#74 = CARTESIAN_POINT('',(346.4008178627,14.656265974045,81.672260279578
    ));
#75 = DIRECTION('',(-0.500015547633,0.,0.866016427168));
#76 = DIRECTION('',(-0.866016427168,0.,-0.500015547633));
#77 = DEFINITIONAL_REPRESENTATION('',(#78),#82);
#78 = LINE('',#79,#80);
#79 = CARTESIAN_POINT('',(-0.155474606319,1.275000333786));
#80 = VECTOR('',#81,1.);
#81 = DIRECTION('',(1.,0.));
#82 = ( GEOMETRIC_REPRESENTATION_CONTEXT(2) 
PARAMETRIC_REPRESENTATION_CONTEXT() REPRESENTATION_CONTEXT('2D SPACE',''
  ) );
#83 = ORIENTED_EDGE('',*,*,#84,.T.);
#84 = EDGE_CURVE('',#57,#22,#85,.T.);
#85 = SURFACE_CURVE('',#86,(#90,#97),.PCURVE_S1.);
#86 = LINE('',#87,#88);
#87 = CARTESIAN_POINT('',(346.2661743164,13.381265640259,81.594520568848
    ));
#88 = VECTOR('',#89,1.);
#89 = DIRECTION('',(-0.866016427164,3.066977940716E-06,0.500015547631));
#90 = PCURVE('',#32,#91);
#91 = DEFINITIONAL_REPRESENTATION('',(#92),#96);
#92 = LINE('',#93,#94);
#93 = CARTESIAN_POINT('',(0.103652954102,-1.048488080044E-21));
#94 = VECTOR('',#95,1.);
#95 = DIRECTION('',(-0.500015547638,0.866016427165));
#96 = ( GEOMETRIC_REPRESENTATION_CONTEXT(2) 
PARAMETRIC_REPRESENTATION_CONTEXT() REPRESENTATION_CONTEXT('2D SPACE',''
  ) );
#97 = PCURVE('',#98,#103);
#98 = PLANE('',#99);
#99 = AXIS2_PLACEMENT_3D('',#100,#101,#102);
#100 = CARTESIAN_POINT('',(346.1315307785,14.656266212463,
    81.672260274733));
#101 = DIRECTION('',(0.500015547633,0.,0.866016427168));
#102 = DIRECTION('',(-0.866016427168,0.,0.500015547633));
#103 = DEFINITIONAL_REPRESENTATION('',(#104),#108);
#104 = LINE('',#105,#106);
#105 = CARTESIAN_POINT('',(-0.155474577246,1.275000572205));
#106 = VECTOR('',#107,1.);
#107 = DIRECTION('',(0.999999999995,-3.066977940716E-06));
#108 = ( GEOMETRIC_REPRESENTATION_CONTEXT(2) 
PARAMETRIC_REPRESENTATION_CONTEXT() REPRESENTATION_CONTEXT('2D SPACE',''
  ) );
#109 = ADVANCED_FACE('',(#110),#98,.T.);
#110 = FACE_BOUND('',#111,.T.);
#111 = EDGE_LOOP('',(#112,#113,#136,#164));
#112 = ORIENTED_EDGE('',*,*,#84,.F.);
#113 = ORIENTED_EDGE('',*,*,#114,.T.);
#114 = EDGE_CURVE('',#57,#115,#117,.T.);
#115 = VERTEX_POINT('',#116);
#116 = CARTESIAN_POINT('',(346.2661743164,15.931266784668,
    81.594520568848));
#117 = SURFACE_CURVE('',#118,(#122,#129),.PCURVE_S1.);
#118 = LINE('',#119,#120);
#119 = CARTESIAN_POINT('',(346.2661743164,13.381265640259,
    81.594520568848));
#120 = VECTOR('',#121,1.);
#121 = DIRECTION('',(0.,1.,0.));
#122 = PCURVE('',#98,#123);
#123 = DEFINITIONAL_REPRESENTATION('',(#124),#128);
#124 = LINE('',#125,#126);
#125 = CARTESIAN_POINT('',(-0.155474577246,1.275000572205));
#126 = VECTOR('',#127,1.);
#127 = DIRECTION('',(0.,-1.));
#128 = ( GEOMETRIC_REPRESENTATION_CONTEXT(2) 
PARAMETRIC_REPRESENTATION_CONTEXT() REPRESENTATION_CONTEXT('2D SPACE',''
  ) );
#129 = PCURVE('',#72,#130);
#130 = DEFINITIONAL_REPRESENTATION('',(#131),#135);
#131 = LINE('',#132,#133);
#132 = CARTESIAN_POINT('',(0.155474586937,1.275000333786));
#133 = VECTOR('',#134,1.);
#134 = DIRECTION('',(0.,-1.));
#135 = ( GEOMETRIC_REPRESENTATION_CONTEXT(2) 
PARAMETRIC_REPRESENTATION_CONTEXT() REPRESENTATION_CONTEXT('2D SPACE',''
  ) );
#136 = ORIENTED_EDGE('',*,*,#137,.F.);
#137 = EDGE_CURVE('',#138,#115,#140,.T.);
#138 = VERTEX_POINT('',#139);
#139 = CARTESIAN_POINT('',(345.99688720703,15.931265830994,81.75));
#140 = SURFACE_CURVE('',#141,(#145,#152),.PCURVE_S1.);
#141 = LINE('',#142,#143);
#142 = CARTESIAN_POINT('',(345.99688720703,15.931265830994,81.75));
#143 = VECTOR('',#144,1.);
#144 = DIRECTION('',(0.866016427164,3.066977940716E-06,-0.500015547631)
  );
#145 = PCURVE('',#98,#146);
#146 = DEFINITIONAL_REPRESENTATION('',(#147),#151);
#147 = LINE('',#148,#149);
#148 = CARTESIAN_POINT('',(0.15547461601,-1.27499961853));
#149 = VECTOR('',#150,1.);
#150 = DIRECTION('',(-0.999999999995,-3.066977940716E-06));
#151 = ( GEOMETRIC_REPRESENTATION_CONTEXT(2) 
PARAMETRIC_REPRESENTATION_CONTEXT() REPRESENTATION_CONTEXT('2D SPACE',''
  ) );
#152 = PCURVE('',#153,#158);
#153 = PLANE('',#154);
#154 = AXIS2_PLACEMENT_3D('',#155,#156,#157);
#155 = CARTESIAN_POINT('',(343.12181230322,15.931261491463,
    81.751594847369));
#156 = DIRECTION('',(1.580258186553E-06,0.999999999999,
    4.111721730036E-07));
#157 = DIRECTION('',(0.999999999999,-1.580258186554E-06,
    -1.009741958683E-28));
#158 = DEFINITIONAL_REPRESENTATION('',(#159),#163);
#159 = LINE('',#160,#161);
#160 = CARTESIAN_POINT('',(2.875074903797,1.594847372601E-03));
#161 = VECTOR('',#162,1.);
#162 = DIRECTION('',(0.866016427166,0.500015547637));
#163 = ( GEOMETRIC_REPRESENTATION_CONTEXT(2) 
PARAMETRIC_REPRESENTATION_CONTEXT() REPRESENTATION_CONTEXT('2D SPACE',''
  ) );
#164 = ORIENTED_EDGE('',*,*,#165,.T.);
#165 = EDGE_CURVE('',#138,#22,#166,.T.);
#166 = SURFACE_CURVE('',#167,(#171,#178),.PCURVE_S1.);
#167 = LINE('',#168,#169);
#168 = CARTESIAN_POINT('',(345.99688720703,15.931265830994,81.75));
#169 = VECTOR('',#170,1.);
#170 = DIRECTION('',(0.,-1.,0.));
#171 = PCURVE('',#98,#172);
#172 = DEFINITIONAL_REPRESENTATION('',(#173),#177);
#173 = LINE('',#174,#175);
#174 = CARTESIAN_POINT('',(0.15547461601,-1.27499961853));
#175 = VECTOR('',#176,1.);
#176 = DIRECTION('',(0.,1.));
#177 = ( GEOMETRIC_REPRESENTATION_CONTEXT(2) 
PARAMETRIC_REPRESENTATION_CONTEXT() REPRESENTATION_CONTEXT('2D SPACE',''
  ) );
#178 = PCURVE('',#44,#179);
#179 = DEFINITIONAL_REPRESENTATION('',(#180),#184);
#180 = LINE('',#181,#182);
#181 = CARTESIAN_POINT('',(-1.263923937997,1.590797013159));
#182 = VECTOR('',#183,1.);
#183 = DIRECTION('',(1.,0.));
#184 = ( GEOMETRIC_REPRESENTATION_CONTEXT(2) 
PARAMETRIC_REPRESENTATION_CONTEXT() REPRESENTATION_CONTEXT('2D SPACE',''
  ) );
#185 = ADVANCED_FACE('',(#186),#153,.T.);
#186 = FACE_BOUND('',#187,.T.);
#187 = EDGE_LOOP('',(#188,#218,#246,#274,#302,#330,#358,#386,#414,#528,
    #793,#930,#951,#952,#975,#998,#1026,#1058,#1086));
#188 = ORIENTED_EDGE('',*,*,#189,.F.);
#189 = EDGE_CURVE('',#190,#192,#194,.T.);
#190 = VERTEX_POINT('',#191);
#191 = CARTESIAN_POINT('',(339.7661743164,15.931263923645,
    91.894515991211));
#192 = VERTEX_POINT('',#193);
#193 = CARTESIAN_POINT('',(339.7661743164,15.931263923645,
    81.894515991211));
#194 = SURFACE_CURVE('',#195,(#199,#206),.PCURVE_S1.);
#195 = LINE('',#196,#197);
#196 = CARTESIAN_POINT('',(339.7661743164,15.931263923645,
    91.894515991211));
#197 = VECTOR('',#198,1.);
#198 = DIRECTION('',(0.,0.,-1.));
#199 = PCURVE('',#153,#200);
#200 = DEFINITIONAL_REPRESENTATION('',(#201),#205);
#201 = LINE('',#202,#203);
#202 = CARTESIAN_POINT('',(-3.355637986817,-10.14292114384));
#203 = VECTOR('',#204,1.);
#204 = DIRECTION('',(-8.531105050809E-42,1.));
#205 = ( GEOMETRIC_REPRESENTATION_CONTEXT(2) 
PARAMETRIC_REPRESENTATION_CONTEXT() REPRESENTATION_CONTEXT('2D SPACE',''
  ) );
#206 = PCURVE('',#207,#212);
#207 = PLANE('',#208);
#208 = AXIS2_PLACEMENT_3D('',#209,#210,#211);
#209 = CARTESIAN_POINT('',(339.7661743164,17.48529849957,91.887582869356
    ));
#210 = DIRECTION('',(-1.,0.,0.));
#211 = DIRECTION('',(0.,0.,-1.));
#212 = DEFINITIONAL_REPRESENTATION('',(#213),#217);
#213 = LINE('',#214,#215);
#214 = CARTESIAN_POINT('',(-6.933121855013E-03,1.554034575925));
#215 = VECTOR('',#216,1.);
#216 = DIRECTION('',(1.,0.));
#217 = ( GEOMETRIC_REPRESENTATION_CONTEXT(2) 
PARAMETRIC_REPRESENTATION_CONTEXT() REPRESENTATION_CONTEXT('2D SPACE',''
  ) );
#218 = ORIENTED_EDGE('',*,*,#219,.T.);
#219 = EDGE_CURVE('',#190,#220,#222,.T.);
#220 = VERTEX_POINT('',#221);
#221 = CARTESIAN_POINT('',(339.76998901367,15.931263923645,
    91.894515991211));
#222 = SURFACE_CURVE('',#223,(#227,#234),.PCURVE_S1.);
#223 = LINE('',#224,#225);
#224 = CARTESIAN_POINT('',(339.7661743164,15.931263923645,
    91.894515991211));
#225 = VECTOR('',#226,1.);
#226 = DIRECTION('',(1.,0.,0.));
#227 = PCURVE('',#153,#228);
#228 = DEFINITIONAL_REPRESENTATION('',(#229),#233);
#229 = LINE('',#230,#231);
#230 = CARTESIAN_POINT('',(-3.355637986817,-10.14292114384));
#231 = VECTOR('',#232,1.);
#232 = DIRECTION('',(1.,6.497581924728E-13));
#233 = ( GEOMETRIC_REPRESENTATION_CONTEXT(2) 
PARAMETRIC_REPRESENTATION_CONTEXT() REPRESENTATION_CONTEXT('2D SPACE',''
  ) );
#234 = PCURVE('',#235,#240);
#235 = PLANE('',#236);
#236 = AXIS2_PLACEMENT_3D('',#237,#238,#239);
#237 = CARTESIAN_POINT('',(339.76808162023,20.430949218569,
    91.894515991211));
#238 = DIRECTION('',(0.,0.,-1.));
#239 = DIRECTION('',(0.,-1.,0.));
#240 = DEFINITIONAL_REPRESENTATION('',(#241),#245);
#241 = LINE('',#242,#243);
#242 = CARTESIAN_POINT('',(4.499685294924,1.907303828659E-03));
#243 = VECTOR('',#244,1.);
#244 = DIRECTION('',(0.,-1.));
#245 = ( GEOMETRIC_REPRESENTATION_CONTEXT(2) 
PARAMETRIC_REPRESENTATION_CONTEXT() REPRESENTATION_CONTEXT('2D SPACE',''
  ) );
#246 = ORIENTED_EDGE('',*,*,#247,.T.);
#247 = EDGE_CURVE('',#220,#248,#250,.T.);
#248 = VERTEX_POINT('',#249);
#249 = CARTESIAN_POINT('',(339.76998901367,15.931263923645,86.));
#250 = SURFACE_CURVE('',#251,(#255,#262),.PCURVE_S1.);
#251 = LINE('',#252,#253);
#252 = CARTESIAN_POINT('',(339.76998901367,15.931263923645,
    91.894515991211));
#253 = VECTOR('',#254,1.);
#254 = DIRECTION('',(0.,0.,-1.));
#255 = PCURVE('',#153,#256);
#256 = DEFINITIONAL_REPRESENTATION('',(#257),#261);
#257 = LINE('',#258,#259);
#258 = CARTESIAN_POINT('',(-3.351823289552,-10.14292114384));
#259 = VECTOR('',#260,1.);
#260 = DIRECTION('',(-8.531105050809E-42,1.));
#261 = ( GEOMETRIC_REPRESENTATION_CONTEXT(2) 
PARAMETRIC_REPRESENTATION_CONTEXT() REPRESENTATION_CONTEXT('2D SPACE',''
  ) );
#262 = PCURVE('',#263,#268);
#263 = PLANE('',#264);
#264 = AXIS2_PLACEMENT_3D('',#265,#266,#267);
#265 = CARTESIAN_POINT('',(339.76998901367,20.43063211441,
    88.947257995605));
#266 = DIRECTION('',(-1.,0.,0.));
#267 = DIRECTION('',(0.,0.,-1.));
#268 = DEFINITIONAL_REPRESENTATION('',(#269),#273);
#269 = LINE('',#270,#271);
#270 = CARTESIAN_POINT('',(-2.947257995605,4.499368190765));
#271 = VECTOR('',#272,1.);
#272 = DIRECTION('',(1.,0.));
#273 = ( GEOMETRIC_REPRESENTATION_CONTEXT(2) 
PARAMETRIC_REPRESENTATION_CONTEXT() REPRESENTATION_CONTEXT('2D SPACE',''
  ) );
#274 = ORIENTED_EDGE('',*,*,#275,.T.);
#275 = EDGE_CURVE('',#248,#276,#278,.T.);
#276 = VERTEX_POINT('',#277);
#277 = CARTESIAN_POINT('',(343.40829467773,15.93125629425,86.));
#278 = SURFACE_CURVE('',#279,(#283,#290),.PCURVE_S1.);
#279 = LINE('',#280,#281);
#280 = CARTESIAN_POINT('',(339.76998901367,15.931263923645,86.));
#281 = VECTOR('',#282,1.);
#282 = DIRECTION('',(0.999999999998,-2.096963596707E-06,0.));
#283 = PCURVE('',#153,#284);
#284 = DEFINITIONAL_REPRESENTATION('',(#285),#289);
#285 = LINE('',#286,#287);
#286 = CARTESIAN_POINT('',(-3.351823289552,-4.248405152632));
#287 = VECTOR('',#288,1.);
#288 = DIRECTION('',(1.,-2.12454886296E-13));
#289 = ( GEOMETRIC_REPRESENTATION_CONTEXT(2) 
PARAMETRIC_REPRESENTATION_CONTEXT() REPRESENTATION_CONTEXT('2D SPACE',''
  ) );
#290 = PCURVE('',#291,#296);
#291 = PLANE('',#292);
#292 = AXIS2_PLACEMENT_3D('',#293,#294,#295);
#293 = CARTESIAN_POINT('',(344.79140733965,20.303894429513,86.));
#294 = DIRECTION('',(0.,0.,-1.));
#295 = DIRECTION('',(0.,-1.,0.));
#296 = DEFINITIONAL_REPRESENTATION('',(#297),#301);
#297 = LINE('',#298,#299);
#298 = CARTESIAN_POINT('',(4.372630505868,5.021418325978));
#299 = VECTOR('',#300,1.);
#300 = DIRECTION('',(2.096963596707E-06,-0.999999999998));
#301 = ( GEOMETRIC_REPRESENTATION_CONTEXT(2) 
PARAMETRIC_REPRESENTATION_CONTEXT() REPRESENTATION_CONTEXT('2D SPACE',''
  ) );
#302 = ORIENTED_EDGE('',*,*,#303,.T.);
#303 = EDGE_CURVE('',#276,#304,#306,.T.);
#304 = VERTEX_POINT('',#305);
#305 = CARTESIAN_POINT('',(343.40829467773,15.93125629425,
    83.244522094727));
#306 = SURFACE_CURVE('',#307,(#311,#318),.PCURVE_S1.);
#307 = LINE('',#308,#309);
#308 = CARTESIAN_POINT('',(343.40829467773,15.93125629425,86.));
#309 = VECTOR('',#310,1.);
#310 = DIRECTION('',(0.,0.,-1.));
#311 = PCURVE('',#153,#312);
#312 = DEFINITIONAL_REPRESENTATION('',(#313),#317);
#313 = LINE('',#314,#315);
#314 = CARTESIAN_POINT('',(0.286482374518,-4.248405152633));
#315 = VECTOR('',#316,1.);
#316 = DIRECTION('',(-8.531105050809E-42,1.));
#317 = ( GEOMETRIC_REPRESENTATION_CONTEXT(2) 
PARAMETRIC_REPRESENTATION_CONTEXT() REPRESENTATION_CONTEXT('2D SPACE',''
  ) );
#318 = PCURVE('',#319,#324);
#319 = PLANE('',#320);
#320 = AXIS2_PLACEMENT_3D('',#321,#322,#323);
#321 = CARTESIAN_POINT('',(343.40829467773,14.656263828278,
    84.622261047363));
#322 = DIRECTION('',(1.,0.,0.));
#323 = DIRECTION('',(0.,0.,1.));
#324 = DEFINITIONAL_REPRESENTATION('',(#325),#329);
#325 = LINE('',#326,#327);
#326 = CARTESIAN_POINT('',(1.377738952637,-1.274992465973));
#327 = VECTOR('',#328,1.);
#328 = DIRECTION('',(-1.,0.));
#329 = ( GEOMETRIC_REPRESENTATION_CONTEXT(2) 
PARAMETRIC_REPRESENTATION_CONTEXT() REPRESENTATION_CONTEXT('2D SPACE',''
  ) );
#330 = ORIENTED_EDGE('',*,*,#331,.T.);
#331 = EDGE_CURVE('',#304,#332,#334,.T.);
#332 = VERTEX_POINT('',#333);
#333 = CARTESIAN_POINT('',(343.89999389648,15.931258201599,
    82.960632324219));
#334 = SURFACE_CURVE('',#335,(#339,#346),.PCURVE_S1.);
#335 = LINE('',#336,#337);
#336 = CARTESIAN_POINT('',(343.40829467773,15.93125629425,
    83.244522094727));
#337 = VECTOR('',#338,1.);
#338 = DIRECTION('',(0.866019993289,3.359374973966E-06,-0.500009371125)
  );
#339 = PCURVE('',#153,#340);
#340 = DEFINITIONAL_REPRESENTATION('',(#341),#345);
#341 = LINE('',#342,#343);
#342 = CARTESIAN_POINT('',(0.286482374518,-1.492927247359));
#343 = VECTOR('',#344,1.);
#344 = DIRECTION('',(0.866019993291,0.500009371132));
#345 = ( GEOMETRIC_REPRESENTATION_CONTEXT(2) 
PARAMETRIC_REPRESENTATION_CONTEXT() REPRESENTATION_CONTEXT('2D SPACE',''
  ) );
#346 = PCURVE('',#347,#352);
#347 = PLANE('',#348);
#348 = AXIS2_PLACEMENT_3D('',#349,#350,#351);
#349 = CARTESIAN_POINT('',(343.65414433308,14.656264066696,
    83.10257718293));
#350 = DIRECTION('',(0.500009371128,0.,0.866019993294));
#351 = DIRECTION('',(-0.866019993294,0.,0.500009371128));
#352 = DEFINITIONAL_REPRESENTATION('',(#353),#357);
#353 = LINE('',#354,#355);
#354 = CARTESIAN_POINT('',(0.283884502958,-1.274992227554));
#355 = VECTOR('',#356,1.);
#356 = DIRECTION('',(-0.999999999994,-3.359374973966E-06));
#357 = ( GEOMETRIC_REPRESENTATION_CONTEXT(2) 
PARAMETRIC_REPRESENTATION_CONTEXT() REPRESENTATION_CONTEXT('2D SPACE',''
  ) );
#358 = ORIENTED_EDGE('',*,*,#359,.T.);
#359 = EDGE_CURVE('',#332,#360,#362,.T.);
#360 = VERTEX_POINT('',#361);
#361 = CARTESIAN_POINT('',(343.89999389648,15.931258201599,81.75));
#362 = SURFACE_CURVE('',#363,(#367,#374),.PCURVE_S1.);
#363 = LINE('',#364,#365);
#364 = CARTESIAN_POINT('',(343.89999389648,15.931258201599,
    82.960632324219));
#365 = VECTOR('',#366,1.);
#366 = DIRECTION('',(0.,0.,-1.));
#367 = PCURVE('',#153,#368);
#368 = DEFINITIONAL_REPRESENTATION('',(#369),#373);
#369 = LINE('',#370,#371);
#370 = CARTESIAN_POINT('',(0.778181593265,-1.209037476851));
#371 = VECTOR('',#372,1.);
#372 = DIRECTION('',(-8.531105050809E-42,1.));
#373 = ( GEOMETRIC_REPRESENTATION_CONTEXT(2) 
PARAMETRIC_REPRESENTATION_CONTEXT() REPRESENTATION_CONTEXT('2D SPACE',''
  ) );
#374 = PCURVE('',#375,#380);
#375 = PLANE('',#376);
#376 = AXIS2_PLACEMENT_3D('',#377,#378,#379);
#377 = CARTESIAN_POINT('',(343.89999389648,14.669329691063,
    84.474158495773));
#378 = DIRECTION('',(-1.,0.,0.));
#379 = DIRECTION('',(0.,0.,-1.));
#380 = DEFINITIONAL_REPRESENTATION('',(#381),#385);
#381 = LINE('',#382,#383);
#382 = CARTESIAN_POINT('',(1.513526171554,-1.261928510536));
#383 = VECTOR('',#384,1.);
#384 = DIRECTION('',(1.,0.));
#385 = ( GEOMETRIC_REPRESENTATION_CONTEXT(2) 
PARAMETRIC_REPRESENTATION_CONTEXT() REPRESENTATION_CONTEXT('2D SPACE',''
  ) );
#386 = ORIENTED_EDGE('',*,*,#387,.T.);
#387 = EDGE_CURVE('',#360,#388,#390,.T.);
#388 = VERTEX_POINT('',#389);
#389 = CARTESIAN_POINT('',(344.37414550781,15.93124961853,81.75));
#390 = SURFACE_CURVE('',#391,(#395,#402),.PCURVE_S1.);
#391 = LINE('',#392,#393);
#392 = CARTESIAN_POINT('',(343.89999389648,15.931258201599,81.75));
#393 = VECTOR('',#394,1.);
#394 = DIRECTION('',(0.999999999836,-1.810195018047E-05,0.));
#395 = PCURVE('',#153,#396);
#396 = DEFINITIONAL_REPRESENTATION('',(#397),#401);
#397 = LINE('',#398,#399);
#398 = CARTESIAN_POINT('',(0.778181593265,1.594847368097E-03));
#399 = VECTOR('',#400,1.);
#400 = DIRECTION('',(1.,-6.793259999858E-12));
#401 = ( GEOMETRIC_REPRESENTATION_CONTEXT(2) 
PARAMETRIC_REPRESENTATION_CONTEXT() REPRESENTATION_CONTEXT('2D SPACE',''
  ) );
#402 = PCURVE('',#403,#408);
#403 = PLANE('',#404);
#404 = AXIS2_PLACEMENT_3D('',#405,#406,#407);
#405 = CARTESIAN_POINT('',(344.13708779355,15.940626859501,81.75));
#406 = DIRECTION('',(0.,0.,-1.));
#407 = DIRECTION('',(0.,-1.,0.));
#408 = DEFINITIONAL_REPRESENTATION('',(#409),#413);
#409 = LINE('',#410,#411);
#410 = CARTESIAN_POINT('',(9.368657902051E-03,0.237093897069));
#411 = VECTOR('',#412,1.);
#412 = DIRECTION('',(1.810195018047E-05,-0.999999999836));
#413 = ( GEOMETRIC_REPRESENTATION_CONTEXT(2) 
PARAMETRIC_REPRESENTATION_CONTEXT() REPRESENTATION_CONTEXT('2D SPACE',''
  ) );
#414 = ORIENTED_EDGE('',*,*,#415,.T.);
#415 = EDGE_CURVE('',#388,#416,#418,.T.);
#416 = VERTEX_POINT('',#417);
#417 = CARTESIAN_POINT('',(343.81616210937,15.931262969971,
    81.539970397949));
#418 = SURFACE_CURVE('',#419,(#435,#454),.PCURVE_S1.);
#419 = B_SPLINE_CURVE_WITH_KNOTS('',3,(#420,#421,#422,#423,#424,#425,
    #426,#427,#428,#429,#430,#431,#432,#433,#434),.UNSPECIFIED.,.F.,.F.,
  (4,1,1,1,1,1,1,1,1,1,1,1,4),(0.,3.293980233296E-02,6.572639113259E-02,
    9.848227923709E-02,0.131190437742,0.189651932051,0.248221105562,
    0.306790306971,0.365251849848,0.423711236765,0.482278193673,
    0.540845046582,0.59930424942),.UNSPECIFIED.);
#420 = CARTESIAN_POINT('',(344.37414550781,15.93124961853,81.75));
#421 = CARTESIAN_POINT('',(344.3630635178,15.931255690438,
    81.749755476174));
#422 = CARTESIAN_POINT('',(344.34135390286,15.931261664286,
    81.746913668918));
#423 = CARTESIAN_POINT('',(344.30953910393,15.931258016863,
    81.738572473026));
#424 = CARTESIAN_POINT('',(344.27780880019,15.931263987865,
    81.730532434151));
#425 = CARTESIAN_POINT('',(344.23786886165,15.931238875054,
    81.719947531452));
#426 = CARTESIAN_POINT('',(344.1902083072,15.931266860656,
    81.705086159102));
#427 = CARTESIAN_POINT('',(344.13464526713,15.931257478864,
    81.686655969993));
#428 = CARTESIAN_POINT('',(344.07979335136,15.931262720384,
    81.666203008366));
#429 = CARTESIAN_POINT('',(344.02539948598,15.931251728538,
    81.64464767501));
#430 = CARTESIAN_POINT('',(343.9720563912,15.931262422233,
    81.620608962229));
#431 = CARTESIAN_POINT('',(343.91920340705,15.931259809328,
    81.595447010481));
#432 = CARTESIAN_POINT('',(343.86724428255,15.9312601115,81.568478213564
    ));
#433 = CARTESIAN_POINT('',(343.83309985494,15.931261419065,
    81.54960336998));
#434 = CARTESIAN_POINT('',(343.81616210937,15.931262969971,
    81.539970397949));
#435 = PCURVE('',#153,#436);
#436 = DEFINITIONAL_REPRESENTATION('',(#437),#453);
#437 = B_SPLINE_CURVE_WITH_KNOTS('',3,(#438,#439,#440,#441,#442,#443,
    #444,#445,#446,#447,#448,#449,#450,#451,#452),.UNSPECIFIED.,.F.,.F.,
  (4,1,1,1,1,1,1,1,1,1,1,1,4),(0.,3.293980233296E-02,6.572639113259E-02,
    9.848227923709E-02,0.131190437742,0.189651932051,0.248221105562,
    0.306790306971,0.365251849848,0.423711236765,0.482278193673,
    0.540845046582,0.59930424942),.UNSPECIFIED.);
#438 = CARTESIAN_POINT('',(1.252333204606,1.594847364885E-03));
#439 = CARTESIAN_POINT('',(1.241251214583,1.839371193256E-03));
#440 = CARTESIAN_POINT('',(1.219541599637,4.681178452074E-03));
#441 = CARTESIAN_POINT('',(1.187726800712,1.302237434254E-02));
#442 = CARTESIAN_POINT('',(1.155996496965,2.106241321994E-02));
#443 = CARTESIAN_POINT('',(1.116056558466,3.164731590837E-02));
#444 = CARTESIAN_POINT('',(1.068396003966,4.650868827025E-02));
#445 = CARTESIAN_POINT('',(1.012832963916,6.493887737474E-02));
#446 = CARTESIAN_POINT('',(0.957981048142,8.539183900415E-02));
#447 = CARTESIAN_POINT('',(0.903587182777,0.106947172356));
#448 = CARTESIAN_POINT('',(0.850244087975,0.13098588514));
#449 = CARTESIAN_POINT('',(0.797391103836,0.156147836887));
#450 = CARTESIAN_POINT('',(0.745431979327,0.183116633805));
#451 = CARTESIAN_POINT('',(0.711287551717,0.201991477389));
#452 = CARTESIAN_POINT('',(0.694349806148,0.211624449421));
#453 = ( GEOMETRIC_REPRESENTATION_CONTEXT(2) 
PARAMETRIC_REPRESENTATION_CONTEXT() REPRESENTATION_CONTEXT('2D SPACE',''
  ) );
#454 = PCURVE('',#455,#460);
#455 = CYLINDRICAL_SURFACE('',#456,1.899933832618);
#456 = AXIS2_PLACEMENT_3D('',#457,#458,#459);
#457 = CARTESIAN_POINT('',(344.76619932295,-1.091044116852E-04,
    79.894369375561));
#458 = DIRECTION('',(1.262619205259E-07,1.,8.207533239042E-07));
#459 = DIRECTION('',(0.881013494629,-4.995295776321E-07,0.47309113528));
#460 = DEFINITIONAL_REPRESENTATION('',(#461),#527);
#461 = B_SPLINE_CURVE_WITH_KNOTS('',10,(#462,#463,#464,#465,#466,#467,
    #468,#469,#470,#471,#472,#473,#474,#475,#476,#477,#478,#479,#480,
    #481,#482,#483,#484,#485,#486,#487,#488,#489,#490,#491,#492,#493,
    #494,#495,#496,#497,#498,#499,#500,#501,#502,#503,#504,#505,#506,
    #507,#508,#509,#510,#511,#512,#513,#514,#515,#516,#517,#518,#519,
    #520,#521,#522,#523,#524,#525,#526),.UNSPECIFIED.,.F.,.F.,(11,9,9,9,
    9,9,9,11),(0.,9.364128897181E-03,2.779975766351E-02,
    9.923781913306E-02,0.224254426705,0.411779338062,0.505541793741,
    0.59930424942),.UNSPECIFIED.);
#462 = CARTESIAN_POINT('',(4.996966774533,15.93136019645));
#463 = CARTESIAN_POINT('',(4.99647780292,15.93136071415));
#464 = CARTESIAN_POINT('',(4.995982392057,15.931361215282));
#465 = CARTESIAN_POINT('',(4.995507062875,15.931361699946));
#466 = CARTESIAN_POINT('',(4.994998486327,15.93136216806));
#467 = CARTESIAN_POINT('',(4.994516284944,15.931362620613));
#468 = CARTESIAN_POINT('',(4.994036216195,15.931363057496));
#469 = CARTESIAN_POINT('',(4.993529109237,15.931363478379));
#470 = CARTESIAN_POINT('',(4.993050167191,15.931363883911));
#471 = CARTESIAN_POINT('',(4.992556358179,15.931364274112));
#472 = CARTESIAN_POINT('',(4.991102388789,15.931365387589));
#473 = CARTESIAN_POINT('',(4.990129777873,15.931366067307));
#474 = CARTESIAN_POINT('',(4.98918860791,15.931366689969));
#475 = CARTESIAN_POINT('',(4.988175409406,15.93136725761));
#476 = CARTESIAN_POINT('',(4.987266400447,15.931367777288));
#477 = CARTESIAN_POINT('',(4.986256301953,15.93136823317));
#478 = CARTESIAN_POINT('',(4.98530971714,15.931368637248));
#479 = CARTESIAN_POINT('',(4.984337945873,15.931368996477));
#480 = CARTESIAN_POINT('',(4.983370729807,15.931369305392));
#481 = CARTESIAN_POINT('',(4.978653743543,15.931370583719));
#482 = CARTESIAN_POINT('',(4.974896848228,15.931370793531));
#483 = CARTESIAN_POINT('',(4.971141055484,15.931370811204));
#484 = CARTESIAN_POINT('',(4.96737453404,15.931369781759));
#485 = CARTESIAN_POINT('',(4.963605533376,15.931369112764));
#486 = CARTESIAN_POINT('',(4.95984432915,15.931369967158));
#487 = CARTESIAN_POINT('',(4.956087386734,15.93137144838));
#488 = CARTESIAN_POINT('',(4.952326555601,15.931371952642));
#489 = CARTESIAN_POINT('',(4.948568136704,15.931371706939));
#490 = CARTESIAN_POINT('',(4.938229670347,15.931367164321));
#491 = CARTESIAN_POINT('',(4.93164916093,15.931360374579));
#492 = CARTESIAN_POINT('',(4.925068222827,15.931352067888));
#493 = CARTESIAN_POINT('',(4.918490858806,15.931353820039));
#494 = CARTESIAN_POINT('',(4.911913122374,15.931362231566));
#495 = CARTESIAN_POINT('',(4.905331696778,15.931368848382));
#496 = CARTESIAN_POINT('',(4.898749273469,15.931371493948));
#497 = CARTESIAN_POINT('',(4.892169347497,15.931373062823));
#498 = CARTESIAN_POINT('',(4.885588339693,15.931372553351));
#499 = CARTESIAN_POINT('',(4.869138110148,15.931370782953));
#500 = CARTESIAN_POINT('',(4.859267788076,15.931368411683));
#501 = CARTESIAN_POINT('',(4.849401860652,15.931369367306));
#502 = CARTESIAN_POINT('',(4.839528749835,15.931374253558));
#503 = CARTESIAN_POINT('',(4.829653018956,15.931373886753));
#504 = CARTESIAN_POINT('',(4.819782913489,15.931366236758));
#505 = CARTESIAN_POINT('',(4.809917112984,15.931361184318));
#506 = CARTESIAN_POINT('',(4.800048816624,15.931365490531));
#507 = CARTESIAN_POINT('',(4.790179438553,15.931367650037));
#508 = CARTESIAN_POINT('',(4.775372794914,15.931370537719));
#509 = CARTESIAN_POINT('',(4.770437187282,15.931371259575));
#510 = CARTESIAN_POINT('',(4.765501667174,15.931371618354));
#511 = CARTESIAN_POINT('',(4.760566310529,15.931371624364));
#512 = CARTESIAN_POINT('',(4.75563113453,15.931371376506));
#513 = CARTESIAN_POINT('',(4.750696110187,15.931371018166));
#514 = CARTESIAN_POINT('',(4.745761174922,15.931370693126));
#515 = CARTESIAN_POINT('',(4.740826245146,15.931370501459));
#516 = CARTESIAN_POINT('',(4.735891228847,15.931370455437));
#517 = CARTESIAN_POINT('',(4.726020847493,15.931370415424));
#518 = CARTESIAN_POINT('',(4.721085898089,15.931370460574));
#519 = CARTESIAN_POINT('',(4.716149648106,15.931370583718));
#520 = CARTESIAN_POINT('',(4.711214098747,15.931370744907));
#521 = CARTESIAN_POINT('',(4.706279584518,15.931370932733));
#522 = CARTESIAN_POINT('',(4.701344714345,15.931371175741));
#523 = CARTESIAN_POINT('',(4.696408649795,15.931371516176));
#524 = CARTESIAN_POINT('',(4.691472906647,15.931371978318));
#525 = CARTESIAN_POINT('',(4.68653986601,15.931372563642));
#526 = CARTESIAN_POINT('',(4.68160518125,15.931373305056));
#527 = ( GEOMETRIC_REPRESENTATION_CONTEXT(2) 
PARAMETRIC_REPRESENTATION_CONTEXT() REPRESENTATION_CONTEXT('2D SPACE',''
  ) );
#528 = ORIENTED_EDGE('',*,*,#529,.T.);
#529 = EDGE_CURVE('',#416,#530,#532,.T.);
#530 = VERTEX_POINT('',#531);
#531 = CARTESIAN_POINT('',(345.61306762695,15.931262016296,
    78.193702697754));
#532 = SURFACE_CURVE('',#533,(#538,#549),.PCURVE_S1.);
#533 = CIRCLE('',#534,1.900005947889);
#534 = AXIS2_PLACEMENT_3D('',#535,#536,#537);
#535 = CARTESIAN_POINT('',(344.76620009837,15.931262487468,
    79.894537196183));
#536 = DIRECTION('',(-2.040319257407E-07,-1.,1.754337297182E-07));
#537 = DIRECTION('',(-0.500018428917,2.539479229241E-07,0.866014763583)
  );
#538 = PCURVE('',#153,#539);
#539 = DEFINITIONAL_REPRESENTATION('',(#540),#548);
#540 = ( BOUNDED_CURVE() B_SPLINE_CURVE(2,(#541,#542,#543,#544,#545,#546
,#547),.UNSPECIFIED.,.T.,.F.) B_SPLINE_CURVE_WITH_KNOTS((1,2,2,2,2,1),(
    -2.094395102393,0.,2.094395102393,4.188790204786,6.28318530718,
8.377580409573),.UNSPECIFIED.) CURVE() GEOMETRIC_REPRESENTATION_ITEM() 
RATIONAL_B_SPLINE_CURVE((1.,0.5,1.,0.5,1.,0.5,1.)) REPRESENTATION_ITEM(
  '') );
#541 = CARTESIAN_POINT('',(0.694349806148,0.211624449421));
#542 = CARTESIAN_POINT('',(-2.155624099773,1.857138515482));
#543 = CARTESIAN_POINT('',(0.694419836681,3.502531285102));
#544 = CARTESIAN_POINT('',(3.544463773136,5.147924054721));
#545 = CARTESIAN_POINT('',(3.544393742602,1.85701721904));
#546 = CARTESIAN_POINT('',(3.544323712069,-1.433889616641));
#547 = CARTESIAN_POINT('',(0.694349806148,0.211624449421));
#548 = ( GEOMETRIC_REPRESENTATION_CONTEXT(2) 
PARAMETRIC_REPRESENTATION_CONTEXT() REPRESENTATION_CONTEXT('2D SPACE',''
  ) );
#549 = PCURVE('',#455,#550);
#550 = DEFINITIONAL_REPRESENTATION('',(#551),#792);
#551 = B_SPLINE_CURVE_WITH_KNOTS('',8,(#552,#553,#554,#555,#556,#557,
    #558,#559,#560,#561,#562,#563,#564,#565,#566,#567,#568,#569,#570,
    #571,#572,#573,#574,#575,#576,#577,#578,#579,#580,#581,#582,#583,
    #584,#585,#586,#587,#588,#589,#590,#591,#592,#593,#594,#595,#596,
    #597,#598,#599,#600,#601,#602,#603,#604,#605,#606,#607,#608,#609,
    #610,#611,#612,#613,#614,#615,#616,#617,#618,#619,#620,#621,#622,
    #623,#624,#625,#626,#627,#628,#629,#630,#631,#632,#633,#634,#635,
    #636,#637,#638,#639,#640,#641,#642,#643,#644,#645,#646,#647,#648,
    #649,#650,#651,#652,#653,#654,#655,#656,#657,#658,#659,#660,#661,
    #662,#663,#664,#665,#666,#667,#668,#669,#670,#671,#672,#673,#674,
    #675,#676,#677,#678,#679,#680,#681,#682,#683,#684,#685,#686,#687,
    #688,#689,#690,#691,#692,#693,#694,#695,#696,#697,#698,#699,#700,
    #701,#702,#703,#704,#705,#706,#707,#708,#709,#710,#711,#712,#713,
    #714,#715,#716,#717,#718,#719,#720,#721,#722,#723,#724,#725,#726,
    #727,#728,#729,#730,#731,#732,#733,#734,#735,#736,#737,#738,#739,
    #740,#741,#742,#743,#744,#745,#746,#747,#748,#749,#750,#751,#752,
    #753,#754,#755,#756,#757,#758,#759,#760,#761,#762,#763,#764,#765,
    #766,#767,#768,#769,#770,#771,#772,#773,#774,#775,#776,#777,#778,
    #779,#780,#781,#782,#783,#784,#785,#786,#787,#788,#789,#790,#791),
  .UNSPECIFIED.,.F.,.F.,(9,7,7,7,7,7,7,7,7,7,7,7,7,7,7,7,7,7,7,7,7,7,7,7
    ,7,7,7,7,7,7,7,7,7,7,9),(0.,4.812420588051E-02,9.549647104416E-02,
    0.142128544565,0.188031991936,0.233218197943,0.27769836948,
    0.321483538338,0.364584563932,0.407012136001,0.448776777256,
    0.489888845992,0.530358538654,0.570195892368,0.648625682493,
    0.724604541676,0.79820906151,0.869513440098,0.938589556856,
    1.072424533075,1.19789482328,1.433151617414,1.639001312281,
    1.81911979529,1.976723467923,2.114626681477,2.235291993337,
    2.340874141214,2.433258520606,2.514094852574,2.584826643047,
    2.708607276373,2.801442751368,2.940695963861,3.079949176353),
  .UNSPECIFIED.);
#552 = CARTESIAN_POINT('',(4.68160518125,15.931373305056));
#553 = CARTESIAN_POINT('',(4.67558942719,15.931373300132));
#554 = CARTESIAN_POINT('',(4.669577458894,15.931373295136));
#555 = CARTESIAN_POINT('',(4.663556875806,15.931373290074));
#556 = CARTESIAN_POINT('',(4.657544760929,15.931373284938));
#557 = CARTESIAN_POINT('',(4.651532667763,15.931373279731));
#558 = CARTESIAN_POINT('',(4.645512105573,15.931373274459));
#559 = CARTESIAN_POINT('',(4.639500091421,15.931373269114));
#560 = CARTESIAN_POINT('',(4.62756257946,15.931373258372));
#561 = CARTESIAN_POINT('',(4.621644478241,15.931373252973));
#562 = CARTESIAN_POINT('',(4.615718057454,15.931373247523));
#563 = CARTESIAN_POINT('',(4.609799812026,15.931373241988));
#564 = CARTESIAN_POINT('',(4.603881589289,15.931373236384));
#565 = CARTESIAN_POINT('',(4.597955190345,15.931373230732));
#566 = CARTESIAN_POINT('',(4.592037041201,15.931373225002));
#567 = CARTESIAN_POINT('',(4.580286052866,15.931373213509));
#568 = CARTESIAN_POINT('',(4.57446034901,15.931373207746));
#569 = CARTESIAN_POINT('',(4.568626623011,15.931373201917));
#570 = CARTESIAN_POINT('',(4.562800777587,15.931373196028));
#571 = CARTESIAN_POINT('',(4.556974955678,15.931373190077));
#572 = CARTESIAN_POINT('',(4.551141252313,15.931373184061));
#573 = CARTESIAN_POINT('',(4.545315498791,15.931373177986));
#574 = CARTESIAN_POINT('',(4.533748119651,15.931373165808));
#575 = CARTESIAN_POINT('',(4.528013366897,15.931373159708));
#576 = CARTESIAN_POINT('',(4.522270890481,15.931373153552));
#577 = CARTESIAN_POINT('',(4.516535999039,15.931373147337));
#578 = CARTESIAN_POINT('',(4.51080113179,15.931373141056));
#579 = CARTESIAN_POINT('',(4.505058678662,15.931373134715));
#580 = CARTESIAN_POINT('',(4.49932387481,15.931373128323));
#581 = CARTESIAN_POINT('',(4.48793723597,15.931373115522));
#582 = CARTESIAN_POINT('',(4.482292011115,15.931373109116));
#583 = CARTESIAN_POINT('',(4.47663936108,15.93137310266));
#584 = CARTESIAN_POINT('',(4.470994000623,15.931373096144));
#585 = CARTESIAN_POINT('',(4.465348664902,15.93137308957));
#586 = CARTESIAN_POINT('',(4.45969603868,15.931373082943));
#587 = CARTESIAN_POINT('',(4.454050761578,15.931373076262));
#588 = CARTESIAN_POINT('',(4.442842038972,15.931373062899));
#589 = CARTESIAN_POINT('',(4.437284941474,15.93137305622));
#590 = CARTESIAN_POINT('',(4.431720716319,15.93137304948));
#591 = CARTESIAN_POINT('',(4.426163486486,15.931373042697));
#592 = CARTESIAN_POINT('',(4.420606281808,15.931373035867));
#593 = CARTESIAN_POINT('',(4.415042080867,15.931373028978));
#594 = CARTESIAN_POINT('',(4.409484930237,15.931373022042));
#595 = CARTESIAN_POINT('',(4.398451343924,15.931373008177));
#596 = CARTESIAN_POINT('',(4.392980995522,15.931373001253));
#597 = CARTESIAN_POINT('',(4.38750381514,15.931372994268));
#598 = CARTESIAN_POINT('',(4.382033337822,15.931372987253));
#599 = CARTESIAN_POINT('',(4.376562885962,15.931372980189));
#600 = CARTESIAN_POINT('',(4.371085730088,15.931372973058));
#601 = CARTESIAN_POINT('',(4.365615327914,15.931372965896));
#602 = CARTESIAN_POINT('',(4.354754141388,15.931372951584));
#603 = CARTESIAN_POINT('',(4.349369185719,15.931372944438));
#604 = CARTESIAN_POINT('',(4.343977691112,15.931372937253));
#605 = CARTESIAN_POINT('',(4.338592610075,15.931372930017));
#606 = CARTESIAN_POINT('',(4.333207554692,15.931372922734));
#607 = CARTESIAN_POINT('',(4.327816084782,15.931372915411));
#608 = CARTESIAN_POINT('',(4.322431074925,15.931372908044));
#609 = CARTESIAN_POINT('',(4.31173959444,15.931372893339));
#610 = CARTESIAN_POINT('',(4.306437251619,15.931372886002));
#611 = CARTESIAN_POINT('',(4.301134261359,15.931372878623));
#612 = CARTESIAN_POINT('',(4.295830529687,15.931372871204));
#613 = CARTESIAN_POINT('',(4.290526824514,15.931372863742));
#614 = CARTESIAN_POINT('',(4.285223860029,15.93137285624));
#615 = CARTESIAN_POINT('',(4.279921462034,15.931372848698));
#616 = CARTESIAN_POINT('',(4.269397035933,15.931372833652));
#617 = CARTESIAN_POINT('',(4.264177503843,15.931372826149));
#618 = CARTESIAN_POINT('',(4.258957352225,15.931372818607));
#619 = CARTESIAN_POINT('',(4.253736493291,15.931372811027));
#620 = CARTESIAN_POINT('',(4.248515660867,15.931372803409));
#621 = CARTESIAN_POINT('',(4.243295535034,15.931372795755));
#622 = CARTESIAN_POINT('',(4.238075947748,15.931372788062));
#623 = CARTESIAN_POINT('',(4.227715965807,15.931372772723));
#624 = CARTESIAN_POINT('',(4.222577950489,15.931372765078));
#625 = CARTESIAN_POINT('',(4.217439343224,15.931372757397));
#626 = CARTESIAN_POINT('',(4.212300062181,15.931372749681));
#627 = CARTESIAN_POINT('',(4.207160807575,15.931372741931));
#628 = CARTESIAN_POINT('',(4.202022226024,15.931372734146));
#629 = CARTESIAN_POINT('',(4.196884155662,15.931372726326));
#630 = CARTESIAN_POINT('',(4.186686048439,15.931372710742));
#631 = CARTESIAN_POINT('',(4.18162827062,15.931372702978));
#632 = CARTESIAN_POINT('',(4.176569956273,15.931372695182));
#633 = CARTESIAN_POINT('',(4.171510983635,15.931372687353));
#634 = CARTESIAN_POINT('',(4.166452003166,15.931372679492));
#635 = CARTESIAN_POINT('',(4.161393669239,15.9313726716));
#636 = CARTESIAN_POINT('',(4.15633587184,15.931372663676));
#637 = CARTESIAN_POINT('',(4.146297110044,15.93137264789));
#638 = CARTESIAN_POINT('',(4.141318321318,15.931372640029));
#639 = CARTESIAN_POINT('',(4.13633902308,15.931372632138));
#640 = CARTESIAN_POINT('',(4.131359099451,15.931372624218));
#641 = CARTESIAN_POINT('',(4.126379168054,15.931372616269));
#642 = CARTESIAN_POINT('',(4.121399850396,15.93137260829));
#643 = CARTESIAN_POINT('',(4.116421042251,15.931372600283));
#644 = CARTESIAN_POINT('',(4.10163708818,15.931372576427));
#645 = CARTESIAN_POINT('',(4.091837303533,15.931372560508));
#646 = CARTESIAN_POINT('',(4.082027493041,15.931372544401));
#647 = CARTESIAN_POINT('',(4.072228260873,15.931372528343));
#648 = CARTESIAN_POINT('',(4.062427158875,15.931372512016));
#649 = CARTESIAN_POINT('',(4.052618451598,15.931372495732));
#650 = CARTESIAN_POINT('',(4.042818243442,15.931372479283));
#651 = CARTESIAN_POINT('',(4.023516429727,15.93137244672));
#652 = CARTESIAN_POINT('',(4.01402252331,15.931372430605));
#653 = CARTESIAN_POINT('',(4.004520010343,15.931372414413));
#654 = CARTESIAN_POINT('',(3.995025839961,15.931372398122));
#655 = CARTESIAN_POINT('',(3.985531767815,15.931372381748));
#656 = CARTESIAN_POINT('',(3.976029349409,15.931372365307));
#657 = CARTESIAN_POINT('',(3.966535235492,15.931372348777));
#658 = CARTESIAN_POINT('',(3.947836603459,15.931372316087));
#659 = CARTESIAN_POINT('',(3.938639073838,15.931372299928));
#660 = CARTESIAN_POINT('',(3.929433907978,15.931372283704));
#661 = CARTESIAN_POINT('',(3.920236132711,15.931372267408));
#662 = CARTESIAN_POINT('',(3.911038452044,15.931372251047));
#663 = CARTESIAN_POINT('',(3.901833377243,15.93137223463));
#664 = CARTESIAN_POINT('',(3.892635647807,15.931372218145));
#665 = CARTESIAN_POINT('',(3.874521348027,15.931372185576));
#666 = CARTESIAN_POINT('',(3.865610945166,15.931372169493));
#667 = CARTESIAN_POINT('',(3.856693818789,15.931372153362));
#668 = CARTESIAN_POINT('',(3.847783188567,15.931372137171));
#669 = CARTESIAN_POINT('',(3.838872648838,15.931372120933));
#670 = CARTESIAN_POINT('',(3.829955609567,15.931372104658));
#671 = CARTESIAN_POINT('',(3.821045015564,15.931372088329));
#672 = CARTESIAN_POINT('',(3.803496787654,15.931372056097));
#673 = CARTESIAN_POINT('',(3.794863217772,15.931372040195));
#674 = CARTESIAN_POINT('',(3.786228951851,15.931372024255));
#675 = CARTESIAN_POINT('',(3.777594000031,15.931372008277));
#676 = CARTESIAN_POINT('',(3.768959136755,15.931371992264));
#677 = CARTESIAN_POINT('',(3.760324956954,15.931371976218));
#678 = CARTESIAN_POINT('',(3.751691202709,15.931371960139));
#679 = CARTESIAN_POINT('',(3.726326353439,15.93137191282));
#680 = CARTESIAN_POINT('',(3.709601050343,15.931371881492));
#681 = CARTESIAN_POINT('',(3.692864201003,15.931371850042));
#682 = CARTESIAN_POINT('',(3.676141060438,15.931371818617));
#683 = CARTESIAN_POINT('',(3.659411895198,15.931371786966));
#684 = CARTESIAN_POINT('',(3.642678600389,15.931371755343));
#685 = CARTESIAN_POINT('',(3.625951932689,15.931371723662));
#686 = CARTESIAN_POINT('',(3.593537544196,15.93137166221));
#687 = CARTESIAN_POINT('',(3.577856328139,15.931371632448));
#688 = CARTESIAN_POINT('',(3.562168141853,15.931371602667));
#689 = CARTESIAN_POINT('',(3.546486394456,15.931371572883));
#690 = CARTESIAN_POINT('',(3.530804933219,15.931371543104));
#691 = CARTESIAN_POINT('',(3.515117022359,15.931371513337));
#692 = CARTESIAN_POINT('',(3.499435201788,15.931371483602));
#693 = CARTESIAN_POINT('',(3.45434260489,15.931371398223));
#694 = CARTESIAN_POINT('',(3.424938339951,15.931371342678));
#695 = CARTESIAN_POINT('',(3.395525907452,15.93137128734));
#696 = CARTESIAN_POINT('',(3.366120036923,15.931371232289));
#697 = CARTESIAN_POINT('',(3.336715139862,15.931371177593));
#698 = CARTESIAN_POINT('',(3.307303644006,15.931371123321));
#699 = CARTESIAN_POINT('',(3.277897321651,15.931371069552));
#700 = CARTESIAN_POINT('',(3.222756917814,15.931370969799));
#701 = CARTESIAN_POINT('',(3.197025022882,15.931370923683));
#702 = CARTESIAN_POINT('',(3.171293109626,15.93137087805));
#703 = CARTESIAN_POINT('',(3.14556101804,15.931370832946));
#704 = CARTESIAN_POINT('',(3.119828716519,15.931370788416));
#705 = CARTESIAN_POINT('',(3.094096278427,15.931370744505));
#706 = CARTESIAN_POINT('',(3.068363858655,15.931370701258));
#707 = CARTESIAN_POINT('',(3.020116005271,15.931370621494));
#708 = CARTESIAN_POINT('',(2.997599730334,15.931370584811));
#709 = CARTESIAN_POINT('',(2.975083830813,15.931370548698));
#710 = CARTESIAN_POINT('',(2.952568282778,15.931370513183));
#711 = CARTESIAN_POINT('',(2.93005259304,15.931370478292));
#712 = CARTESIAN_POINT('',(2.907536339261,15.931370444054));
#713 = CARTESIAN_POINT('',(2.885019710062,15.931370410493));
#714 = CARTESIAN_POINT('',(2.842802838327,15.931370348887));
#715 = CARTESIAN_POINT('',(2.823099357978,15.931370320677));
#716 = CARTESIAN_POINT('',(2.803401319083,15.931370293026));
#717 = CARTESIAN_POINT('',(2.783697445329,15.931370265943));
#718 = CARTESIAN_POINT('',(2.76399387289,15.931370239444));
#719 = CARTESIAN_POINT('',(2.744296123984,15.931370213551));
#720 = CARTESIAN_POINT('',(2.724592007029,15.93137018828));
#721 = CARTESIAN_POINT('',(2.687652244242,15.931370142082));
#722 = CARTESIAN_POINT('',(2.670410886951,15.931370121007));
#723 = CARTESIAN_POINT('',(2.653176079429,15.931370100435));
#724 = CARTESIAN_POINT('',(2.635934514636,15.931370080353));
#725 = CARTESIAN_POINT('',(2.618693139979,15.931370060787));
#726 = CARTESIAN_POINT('',(2.601458515456,15.931370041757));
#727 = CARTESIAN_POINT('',(2.584216756478,15.931370023248));
#728 = CARTESIAN_POINT('',(2.551894464025,15.931369989555));
#729 = CARTESIAN_POINT('',(2.536807766486,15.931369974245));
#730 = CARTESIAN_POINT('',(2.521727919499,15.93136995936));
#731 = CARTESIAN_POINT('',(2.506641133115,15.931369944889));
#732 = CARTESIAN_POINT('',(2.491554462488,15.931369930843));
#733 = CARTESIAN_POINT('',(2.476474726916,15.931369917235));
#734 = CARTESIAN_POINT('',(2.461387784839,15.931369904064));
#735 = CARTESIAN_POINT('',(2.433105778934,15.931369880199));
#736 = CARTESIAN_POINT('',(2.419904609929,15.9313698694));
#737 = CARTESIAN_POINT('',(2.406710110144,15.931369858951));
#738 = CARTESIAN_POINT('',(2.393508924509,15.931369848837));
#739 = CARTESIAN_POINT('',(2.380307806288,15.931369839066));
#740 = CARTESIAN_POINT('',(2.36711337139,15.931369829651));
#741 = CARTESIAN_POINT('',(2.353912059979,15.931369820586));
#742 = CARTESIAN_POINT('',(2.329165304806,15.931369804256));
#743 = CARTESIAN_POINT('',(2.317614103567,15.931369796906));
#744 = CARTESIAN_POINT('',(2.306069125812,15.931369789832));
#745 = CARTESIAN_POINT('',(2.294517949276,15.931369783029));
#746 = CARTESIAN_POINT('',(2.282966809589,15.9313697765));
#747 = CARTESIAN_POINT('',(2.271421867302,15.931369770251));
#748 = CARTESIAN_POINT('',(2.259870588225,15.93136976428));
#749 = CARTESIAN_POINT('',(2.238217177446,15.931369753608));
#750 = CARTESIAN_POINT('',(2.228111102755,15.931369748841));
#751 = CARTESIAN_POINT('',(2.218005554719,15.93136974429));
#752 = CARTESIAN_POINT('',(2.2079006843,15.931369739953));
#753 = CARTESIAN_POINT('',(2.197795832492,15.931369735833));
#754 = CARTESIAN_POINT('',(2.187690302556,15.93136973193));
#755 = CARTESIAN_POINT('',(2.177584189114,15.931369728244));
#756 = CARTESIAN_POINT('',(2.158637454681,15.931369721741));
#757 = CARTESIAN_POINT('',(2.149794596577,15.931369718873));
#758 = CARTESIAN_POINT('',(2.140952243676,15.931369716172));
#759 = CARTESIAN_POINT('',(2.132110503608,15.931369713639));
#760 = CARTESIAN_POINT('',(2.123268761402,15.931369711274));
#761 = CARTESIAN_POINT('',(2.114426403154,15.931369709077));
#762 = CARTESIAN_POINT('',(2.105583539702,15.931369707048));
#763 = CARTESIAN_POINT('',(2.081268563845,15.931369701932));
#764 = CARTESIAN_POINT('',(2.065791500437,15.931369699193));
#765 = CARTESIAN_POINT('',(2.050323315406,15.931369696971));
#766 = CARTESIAN_POINT('',(2.034846376312,15.931369695269));
#767 = CARTESIAN_POINT('',(2.019369431418,15.931369694086));
#768 = CARTESIAN_POINT('',(2.003901240804,15.931369693418));
#769 = CARTESIAN_POINT('',(1.988424189649,15.931369693272));
#770 = CARTESIAN_POINT('',(1.961346148355,15.931369693926));
#771 = CARTESIAN_POINT('',(1.949738374276,15.931369694497));
#772 = CARTESIAN_POINT('',(1.938137192941,15.931369695366));
#773 = CARTESIAN_POINT('',(1.926529536088,15.93136969652));
#774 = CARTESIAN_POINT('',(1.914921858996,15.931369697964));
#775 = CARTESIAN_POINT('',(1.903320658179,15.931369699707));
#776 = CARTESIAN_POINT('',(1.891712926853,15.931369701738));
#777 = CARTESIAN_POINT('',(1.862700739754,15.931369707542));
#778 = CARTESIAN_POINT('',(1.845289173721,15.931369711678));
#779 = CARTESIAN_POINT('',(1.827887455188,15.931369716403));
#780 = CARTESIAN_POINT('',(1.810475443997,15.93136972186));
#781 = CARTESIAN_POINT('',(1.793065017736,15.931369727958));
#782 = CARTESIAN_POINT('',(1.775662364117,15.931369734719));
#783 = CARTESIAN_POINT('',(1.758251157087,15.931369742091));
#784 = CARTESIAN_POINT('',(1.723436532576,15.931369758111));
#785 = CARTESIAN_POINT('',(1.706025304101,15.931369766759));
#786 = CARTESIAN_POINT('',(1.688622886138,15.931369776038));
#787 = CARTESIAN_POINT('',(1.671211975421,15.931369785948));
#788 = CARTESIAN_POINT('',(1.653800932107,15.931369796486));
#789 = CARTESIAN_POINT('',(1.636398386524,15.931369807646));
#790 = CARTESIAN_POINT('',(1.61898743818,15.931369819419));
#791 = CARTESIAN_POINT('',(1.60158012593,15.931369831802));
#792 = ( GEOMETRIC_REPRESENTATION_CONTEXT(2) 
PARAMETRIC_REPRESENTATION_CONTEXT() REPRESENTATION_CONTEXT('2D SPACE',''
  ) );
#793 = ORIENTED_EDGE('',*,*,#794,.T.);
#794 = EDGE_CURVE('',#530,#795,#797,.T.);
#795 = VERTEX_POINT('',#796);
#796 = CARTESIAN_POINT('',(345.17453002929,15.931261062622,81.75));
#797 = SURFACE_CURVE('',#798,(#803,#816),.PCURVE_S1.);
#798 = CIRCLE('',#799,1.899919568248);
#799 = AXIS2_PLACEMENT_3D('',#800,#801,#802);
#800 = CARTESIAN_POINT('',(344.76625237188,15.931267009886,
    79.894466728879));
#801 = DIRECTION('',(-8.554024407855E-06,-0.999999999963,
    -1.322987149447E-06));
#802 = DIRECTION('',(0.445711107576,-2.628316212447E-06,-0.895176858825)
  );
#803 = PCURVE('',#153,#804);
#804 = DEFINITIONAL_REPRESENTATION('',(#805),#815);
#805 = B_SPLINE_CURVE_WITH_KNOTS('',8,(#806,#807,#808,#809,#810,#811,
    #812,#813,#814),.UNSPECIFIED.,.F.,.F.,(9,9),(0.,2.463042851738),
  .PIECEWISE_BEZIER_KNOTS.);
#806 = CARTESIAN_POINT('',(2.491255323725,3.557892149617));
#807 = CARTESIAN_POINT('',(3.01488715988,3.297174367019));
#808 = CARTESIAN_POINT('',(3.446781707675,2.852203136138));
#809 = CARTESIAN_POINT('',(3.711305397893,2.260697290748));
#810 = CARTESIAN_POINT('',(3.751380168465,1.597315068076));
#811 = CARTESIAN_POINT('',(3.551349196681,0.963540999054));
#812 = CARTESIAN_POINT('',(3.151054111058,0.45401593402));
#813 = CARTESIAN_POINT('',(2.623999971009,0.127295518081));
#814 = CARTESIAN_POINT('',(2.052717726071,1.5948473701E-03));
#815 = ( GEOMETRIC_REPRESENTATION_CONTEXT(2) 
PARAMETRIC_REPRESENTATION_CONTEXT() REPRESENTATION_CONTEXT('2D SPACE',''
  ) );
#816 = PCURVE('',#455,#817);
#817 = DEFINITIONAL_REPRESENTATION('',(#818),#929);
#818 = B_SPLINE_CURVE_WITH_KNOTS('',7,(#819,#820,#821,#822,#823,#824,
    #825,#826,#827,#828,#829,#830,#831,#832,#833,#834,#835,#836,#837,
    #838,#839,#840,#841,#842,#843,#844,#845,#846,#847,#848,#849,#850,
    #851,#852,#853,#854,#855,#856,#857,#858,#859,#860,#861,#862,#863,
    #864,#865,#866,#867,#868,#869,#870,#871,#872,#873,#874,#875,#876,
    #877,#878,#879,#880,#881,#882,#883,#884,#885,#886,#887,#888,#889,
    #890,#891,#892,#893,#894,#895,#896,#897,#898,#899,#900,#901,#902,
    #903,#904,#905,#906,#907,#908,#909,#910,#911,#912,#913,#914,#915,
    #916,#917,#918,#919,#920,#921,#922,#923,#924,#925,#926,#927,#928),
  .UNSPECIFIED.,.F.,.F.,(8,6,6,6,6,6,6,6,6,6,6,6,6,6,6,6,6,6,8),(0.,
    0.153940178234,0.298259095328,0.568857064879,0.805630288236,
    1.012806858674,1.194086357807,1.352705919549,1.491498036072,
    1.612941138031,1.719203852244,1.812183727181,1.89354111775,
    1.964728834499,2.089307338809,2.182741217041,2.252816625716,
    2.357929738727,2.463042851738),.UNSPECIFIED.);
#819 = CARTESIAN_POINT('',(7.884765433109,15.931369831802));
#820 = CARTESIAN_POINT('',(7.862774144206,15.931369507232));
#821 = CARTESIAN_POINT('',(7.840777789886,15.931369186206));
#822 = CARTESIAN_POINT('',(7.81879596879,15.931368868982));
#823 = CARTESIAN_POINT('',(7.796790948289,15.93136855581));
#824 = CARTESIAN_POINT('',(7.774808479096,15.93136824694));
#825 = CARTESIAN_POINT('',(7.752812809398,15.931367942613));
#826 = CARTESIAN_POINT('',(7.710204687154,15.93136736224));
#827 = CARTESIAN_POINT('',(7.689585912213,15.931367085615));
#828 = CARTESIAN_POINT('',(7.668969019659,15.931366813387));
#829 = CARTESIAN_POINT('',(7.648352597632,15.931366545744));
#830 = CARTESIAN_POINT('',(7.627735079289,15.931366282875));
#831 = CARTESIAN_POINT('',(7.607116955964,15.931366024958));
#832 = CARTESIAN_POINT('',(7.547843560108,15.931365298193));
#833 = CARTESIAN_POINT('',(7.509182093791,15.931364842243));
#834 = CARTESIAN_POINT('',(7.470533849485,15.931364405496));
#835 = CARTESIAN_POINT('',(7.431866475192,15.931363989001));
#836 = CARTESIAN_POINT('',(7.393215989163,15.931363593824));
#837 = CARTESIAN_POINT('',(7.354556892259,15.931363220873));
#838 = CARTESIAN_POINT('',(7.282075837549,15.931362564884));
#839 = CARTESIAN_POINT('',(7.248250887139,15.931362276433));
#840 = CARTESIAN_POINT('',(7.214426103853,15.931362006231));
#841 = CARTESIAN_POINT('',(7.18060164782,15.931361754802));
#842 = CARTESIAN_POINT('',(7.146777392186,15.931361522614));
#843 = CARTESIAN_POINT('',(7.112953101342,15.931361310084));
#844 = CARTESIAN_POINT('',(7.049532178465,15.931360949123));
#845 = CARTESIAN_POINT('',(7.019936453834,15.931360796001));
#846 = CARTESIAN_POINT('',(6.990340045012,15.931360658446));
#847 = CARTESIAN_POINT('',(6.960743367188,15.931360536667));
#848 = CARTESIAN_POINT('',(6.931147341558,15.931360430836));
#849 = CARTESIAN_POINT('',(6.901552095915,15.931360341096));
#850 = CARTESIAN_POINT('',(6.846058788389,15.931360203197));
#851 = CARTESIAN_POINT('',(6.820163009241,15.931360151244));
#852 = CARTESIAN_POINT('',(6.794266943374,15.931360111759));
#853 = CARTESIAN_POINT('',(6.768369670776,15.931360084795));
#854 = CARTESIAN_POINT('',(6.742472707336,15.93136007038));
#855 = CARTESIAN_POINT('',(6.716577862926,15.931360068523));
#856 = CARTESIAN_POINT('',(6.66802121883,15.931360088566));
#857 = CARTESIAN_POINT('',(6.645365152746,15.931360107526));
#858 = CARTESIAN_POINT('',(6.622697913921,15.931360136079));
#859 = CARTESIAN_POINT('',(6.600049813756,15.931360174221));
#860 = CARTESIAN_POINT('',(6.577381984024,15.931360221897));
#861 = CARTESIAN_POINT('',(6.554726542149,15.931360279084));
#862 = CARTESIAN_POINT('',(6.512239478556,15.931360404015));
#863 = CARTESIAN_POINT('',(6.492416221827,15.931360469554));
#864 = CARTESIAN_POINT('',(6.472580902233,15.931360542267));
#865 = CARTESIAN_POINT('',(6.452765948883,15.931360622166));
#866 = CARTESIAN_POINT('',(6.432930239274,15.931360709131));
#867 = CARTESIAN_POINT('',(6.413107394512,15.931360803153));
#868 = CARTESIAN_POINT('',(6.375931213862,15.931360992518));
#869 = CARTESIAN_POINT('',(6.358586391171,15.931361086227));
#870 = CARTESIAN_POINT('',(6.341229512395,15.931361185258));
#871 = CARTESIAN_POINT('',(6.323892822413,15.931361289491));
#872 = CARTESIAN_POINT('',(6.306535692308,15.931361398962));
#873 = CARTESIAN_POINT('',(6.289191135077,15.931361513561));
#874 = CARTESIAN_POINT('',(6.256661977003,15.931361737976));
#875 = CARTESIAN_POINT('',(6.241485595568,15.931361846598));
#876 = CARTESIAN_POINT('',(6.226297703031,15.931361959068));
#877 = CARTESIAN_POINT('',(6.211128988434,15.931362075356));
#878 = CARTESIAN_POINT('',(6.195940937851,15.931362195411));
#879 = CARTESIAN_POINT('',(6.180764723341,15.931362319188));
#880 = CARTESIAN_POINT('',(6.152301710023,15.93136255816));
#881 = CARTESIAN_POINT('',(6.139022588286,15.931362672495));
#882 = CARTESIAN_POINT('',(6.12573279304,15.93136278961));
#883 = CARTESIAN_POINT('',(6.112460720442,15.931362909472));
#884 = CARTESIAN_POINT('',(6.099170828528,15.931363032049));
#885 = CARTESIAN_POINT('',(6.085891808886,15.931363157302));
#886 = CARTESIAN_POINT('',(6.060986672231,15.931363397104));
#887 = CARTESIAN_POINT('',(6.049365804507,15.931363511033));
#888 = CARTESIAN_POINT('',(6.037743795645,15.93136362696));
#889 = CARTESIAN_POINT('',(6.02612100087,15.931363744858));
#890 = CARTESIAN_POINT('',(6.014498933265,15.931363864703));
#891 = CARTESIAN_POINT('',(6.002878126698,15.931363986466));
#892 = CARTESIAN_POINT('',(5.981086132124,15.931364218319));
#893 = CARTESIAN_POINT('',(5.970917939637,15.931364327966));
#894 = CARTESIAN_POINT('',(5.960748652293,15.931364439043));
#895 = CARTESIAN_POINT('',(5.950578680713,15.931364551531));
#896 = CARTESIAN_POINT('',(5.940409403209,15.931364665412));
#897 = CARTESIAN_POINT('',(5.930241223022,15.931364780666));
#898 = CARTESIAN_POINT('',(5.902274829984,15.931365101336));
#899 = CARTESIAN_POINT('',(5.884483302506,15.931365309544));
#900 = CARTESIAN_POINT('',(5.866676281048,15.931365521796));
#901 = CARTESIAN_POINT('',(5.848894881098,15.931365737975));
#902 = CARTESIAN_POINT('',(5.831087807809,15.931365957965));
#903 = CARTESIAN_POINT('',(5.813296335076,15.931366181666));
#904 = CARTESIAN_POINT('',(5.782151942828,15.931366579418));
#905 = CARTESIAN_POINT('',(5.768808348754,15.931366751902));
#906 = CARTESIAN_POINT('',(5.755453001939,15.93136692635));
#907 = CARTESIAN_POINT('',(5.742117042171,15.931367102723));
#908 = CARTESIAN_POINT('',(5.728761695605,15.931367280949));
#909 = CARTESIAN_POINT('',(5.715418101269,15.931367460998));
#910 = CARTESIAN_POINT('',(5.692059807082,15.931367779162));
#911 = CARTESIAN_POINT('',(5.682050530603,15.931367916508));
#912 = CARTESIAN_POINT('',(5.672040151726,15.931368054823));
#913 = CARTESIAN_POINT('',(5.662029078105,15.931368194083));
#914 = CARTESIAN_POINT('',(5.652018695378,15.931368334266));
#915 = CARTESIAN_POINT('',(5.642009414086,15.931368475349));
#916 = CARTESIAN_POINT('',(5.616982670316,15.931368830247));
#917 = CARTESIAN_POINT('',(5.601971079955,15.931369045158));
#918 = CARTESIAN_POINT('',(5.586946436524,15.931369261962));
#919 = CARTESIAN_POINT('',(5.571943256315,15.931369480591));
#920 = CARTESIAN_POINT('',(5.556918670853,15.931369700934));
#921 = CARTESIAN_POINT('',(5.541907019267,15.93136992294));
#922 = CARTESIAN_POINT('',(5.511874926744,15.931370370091));
#923 = CARTESIAN_POINT('',(5.496863232678,15.931370595237));
#924 = CARTESIAN_POINT('',(5.481838808369,15.931370821865));
#925 = CARTESIAN_POINT('',(5.466835272819,15.931371049912));
#926 = CARTESIAN_POINT('',(5.451810941534,15.931371279262));
#927 = CARTESIAN_POINT('',(5.436799149218,15.931371509856));
#928 = CARTESIAN_POINT('',(5.421783102958,15.9313717416));
#929 = ( GEOMETRIC_REPRESENTATION_CONTEXT(2) 
PARAMETRIC_REPRESENTATION_CONTEXT() REPRESENTATION_CONTEXT('2D SPACE',''
  ) );
#930 = ORIENTED_EDGE('',*,*,#931,.T.);
#931 = EDGE_CURVE('',#795,#138,#932,.T.);
#932 = SURFACE_CURVE('',#933,(#937,#944),.PCURVE_S1.);
#933 = LINE('',#934,#935);
#934 = CARTESIAN_POINT('',(345.17453002929,15.931261062622,81.75));
#935 = VECTOR('',#936,1.);
#936 = DIRECTION('',(0.999999999983,5.798419118914E-06,0.));
#937 = PCURVE('',#153,#938);
#938 = DEFINITIONAL_REPRESENTATION('',(#939),#943);
#939 = LINE('',#940,#941);
#940 = CARTESIAN_POINT('',(2.052717726071,1.5948473701E-03));
#941 = VECTOR('',#942,1.);
#942 = DIRECTION('',(1.,3.03390678165E-12));
#943 = ( GEOMETRIC_REPRESENTATION_CONTEXT(2) 
PARAMETRIC_REPRESENTATION_CONTEXT() REPRESENTATION_CONTEXT('2D SPACE',''
  ) );
#944 = PCURVE('',#44,#945);
#945 = DEFINITIONAL_REPRESENTATION('',(#946),#950);
#946 = LINE('',#947,#948);
#947 = CARTESIAN_POINT('',(-1.263919169625,2.413154190893));
#948 = VECTOR('',#949,1.);
#949 = DIRECTION('',(-5.798419118914E-06,-0.999999999983));
#950 = ( GEOMETRIC_REPRESENTATION_CONTEXT(2) 
PARAMETRIC_REPRESENTATION_CONTEXT() REPRESENTATION_CONTEXT('2D SPACE',''
  ) );
#951 = ORIENTED_EDGE('',*,*,#137,.T.);
#952 = ORIENTED_EDGE('',*,*,#953,.T.);
#953 = EDGE_CURVE('',#115,#954,#956,.T.);
#954 = VERTEX_POINT('',#955);
#955 = CARTESIAN_POINT('',(346.53546142578,15.931265830994,81.75));
#956 = SURFACE_CURVE('',#957,(#961,#968),.PCURVE_S1.);
#957 = LINE('',#958,#959);
#958 = CARTESIAN_POINT('',(346.2661743164,15.931266784668,
    81.594520568848));
#959 = VECTOR('',#960,1.);
#960 = DIRECTION('',(0.866016427164,-3.066977940716E-06,0.500015547631)
  );
#961 = PCURVE('',#153,#962);
#962 = DEFINITIONAL_REPRESENTATION('',(#963),#967);
#963 = LINE('',#964,#965);
#964 = CARTESIAN_POINT('',(3.14436201317,0.157074278525));
#965 = VECTOR('',#966,1.);
#966 = DIRECTION('',(0.866016427169,-0.500015547632));
#967 = ( GEOMETRIC_REPRESENTATION_CONTEXT(2) 
PARAMETRIC_REPRESENTATION_CONTEXT() REPRESENTATION_CONTEXT('2D SPACE',''
  ) );
#968 = PCURVE('',#72,#969);
#969 = DEFINITIONAL_REPRESENTATION('',(#970),#974);
#970 = LINE('',#971,#972);
#971 = CARTESIAN_POINT('',(0.155474586937,-1.275000810623));
#972 = VECTOR('',#973,1.);
#973 = DIRECTION('',(-0.999999999995,3.066977940716E-06));
#974 = ( GEOMETRIC_REPRESENTATION_CONTEXT(2) 
PARAMETRIC_REPRESENTATION_CONTEXT() REPRESENTATION_CONTEXT('2D SPACE',''
  ) );
#975 = ORIENTED_EDGE('',*,*,#976,.T.);
#976 = EDGE_CURVE('',#954,#977,#979,.T.);
#977 = VERTEX_POINT('',#978);
#978 = CARTESIAN_POINT('',(347.7661743164,15.931263923645,81.75));
#979 = SURFACE_CURVE('',#980,(#984,#991),.PCURVE_S1.);
#980 = LINE('',#981,#982);
#981 = CARTESIAN_POINT('',(346.53546142578,15.931265830994,81.75));
#982 = VECTOR('',#983,1.);
#983 = DIRECTION('',(0.999999999999,-1.549791707993E-06,0.));
#984 = PCURVE('',#153,#985);
#985 = DEFINITIONAL_REPRESENTATION('',(#986),#990);
#986 = LINE('',#987,#988);
#987 = CARTESIAN_POINT('',(3.413649122546,1.594847372957E-03));
#988 = VECTOR('',#989,1.);
#989 = DIRECTION('',(1.,1.252696819371E-14));
#990 = ( GEOMETRIC_REPRESENTATION_CONTEXT(2) 
PARAMETRIC_REPRESENTATION_CONTEXT() REPRESENTATION_CONTEXT('2D SPACE',''
  ) );
#991 = PCURVE('',#44,#992);
#992 = DEFINITIONAL_REPRESENTATION('',(#993),#997);
#993 = LINE('',#994,#995);
#994 = CARTESIAN_POINT('',(-1.263923937997,1.052222794409));
#995 = VECTOR('',#996,1.);
#996 = DIRECTION('',(1.549791707993E-06,-0.999999999999));
#997 = ( GEOMETRIC_REPRESENTATION_CONTEXT(2) 
PARAMETRIC_REPRESENTATION_CONTEXT() REPRESENTATION_CONTEXT('2D SPACE',''
  ) );
#998 = ORIENTED_EDGE('',*,*,#999,.T.);
#999 = EDGE_CURVE('',#977,#1000,#1002,.T.);
#1000 = VERTEX_POINT('',#1001);
#1001 = CARTESIAN_POINT('',(347.7661743164,15.931263923645,
    79.894523620605));
#1002 = SURFACE_CURVE('',#1003,(#1007,#1014),.PCURVE_S1.);
#1003 = LINE('',#1004,#1005);
#1004 = CARTESIAN_POINT('',(347.7661743164,15.931263923645,81.75));
#1005 = VECTOR('',#1006,1.);
#1006 = DIRECTION('',(0.,0.,-1.));
#1007 = PCURVE('',#153,#1008);
#1008 = DEFINITIONAL_REPRESENTATION('',(#1009),#1013);
#1009 = LINE('',#1010,#1011);
#1010 = CARTESIAN_POINT('',(4.644362013173,1.594847372971E-03));
#1011 = VECTOR('',#1012,1.);
#1012 = DIRECTION('',(-8.531105050809E-42,1.));
#1013 = ( GEOMETRIC_REPRESENTATION_CONTEXT(2) 
PARAMETRIC_REPRESENTATION_CONTEXT() REPRESENTATION_CONTEXT('2D SPACE',''
  ) );
#1014 = PCURVE('',#1015,#1020);
#1015 = PLANE('',#1016);
#1016 = AXIS2_PLACEMENT_3D('',#1017,#1018,#1019);
#1017 = CARTESIAN_POINT('',(347.7661743164,14.417380996062,
    80.833016243847));
#1018 = DIRECTION('',(1.,0.,0.));
#1019 = DIRECTION('',(0.,0.,1.));
#1020 = DEFINITIONAL_REPRESENTATION('',(#1021),#1025);
#1021 = LINE('',#1022,#1023);
#1022 = CARTESIAN_POINT('',(0.916983756153,-1.513882927583));
#1023 = VECTOR('',#1024,1.);
#1024 = DIRECTION('',(-1.,0.));
#1025 = ( GEOMETRIC_REPRESENTATION_CONTEXT(2) 
PARAMETRIC_REPRESENTATION_CONTEXT() REPRESENTATION_CONTEXT('2D SPACE',''
  ) );
#1026 = ORIENTED_EDGE('',*,*,#1027,.T.);
#1027 = EDGE_CURVE('',#1000,#1028,#1030,.T.);
#1028 = VERTEX_POINT('',#1029);
#1029 = CARTESIAN_POINT('',(341.7661743164,15.931272506714,
    79.894523620605));
#1030 = SURFACE_CURVE('',#1031,(#1036,#1043),.PCURVE_S1.);
#1031 = CIRCLE('',#1032,3.000000000013);
#1032 = AXIS2_PLACEMENT_3D('',#1033,#1034,#1035);
#1033 = CARTESIAN_POINT('',(344.7661743164,15.931268215178,
    79.894515991224));
#1034 = DIRECTION('',(1.430511474608E-06,0.999999999999,
    -1.58945315182E-07));
#1035 = DIRECTION('',(0.999999999996,-1.430511070385E-06,
    2.543127266097E-06));
#1036 = PCURVE('',#153,#1037);
#1037 = DEFINITIONAL_REPRESENTATION('',(#1038),#1042);
#1038 = CIRCLE('',#1039,3.000000000013);
#1039 = AXIS2_PLACEMENT_2D('',#1040,#1041);
#1040 = CARTESIAN_POINT('',(1.64436201317,1.857078856149));
#1041 = DIRECTION('',(0.999999999997,-2.543127204525E-06));
#1042 = ( GEOMETRIC_REPRESENTATION_CONTEXT(2) 
PARAMETRIC_REPRESENTATION_CONTEXT() REPRESENTATION_CONTEXT('2D SPACE',''
  ) );
#1043 = PCURVE('',#1044,#1049);
#1044 = CYLINDRICAL_SURFACE('',#1045,2.999998595295);
#1045 = AXIS2_PLACEMENT_3D('',#1046,#1047,#1048);
#1046 = CARTESIAN_POINT('',(344.7661743164,0.,79.89450887199));
#1047 = DIRECTION('',(0.,-1.,0.));
#1048 = DIRECTION('',(-0.,0.,1.));
#1049 = DEFINITIONAL_REPRESENTATION('',(#1050),#1057);
#1050 = B_SPLINE_CURVE_WITH_KNOTS('',5,(#1051,#1052,#1053,#1054,#1055,
    #1056),.UNSPECIFIED.,.F.,.F.,(6,6),(0.,3.141597739844),
  .PIECEWISE_BEZIER_KNOTS.);
#1051 = CARTESIAN_POINT('',(4.71239389659,-15.93126392364));
#1052 = CARTESIAN_POINT('',(4.084074054419,-15.93126362403));
#1053 = CARTESIAN_POINT('',(3.45575446876,-15.93126541028));
#1054 = CARTESIAN_POINT('',(2.827430838419,-15.93126979738));
#1055 = CARTESIAN_POINT('',(2.199111252761,-15.93127220711));
#1056 = CARTESIAN_POINT('',(1.57079141059,-15.93127250671));
#1057 = ( GEOMETRIC_REPRESENTATION_CONTEXT(2) 
PARAMETRIC_REPRESENTATION_CONTEXT() REPRESENTATION_CONTEXT('2D SPACE',''
  ) );
#1058 = ORIENTED_EDGE('',*,*,#1059,.T.);
#1059 = EDGE_CURVE('',#1028,#1060,#1062,.T.);
#1060 = VERTEX_POINT('',#1061);
#1061 = CARTESIAN_POINT('',(341.7661743164,15.931272506714,
    81.894515991211));
#1062 = SURFACE_CURVE('',#1063,(#1067,#1074),.PCURVE_S1.);
#1063 = LINE('',#1064,#1065);
#1064 = CARTESIAN_POINT('',(341.7661743164,15.931272506714,
    79.894523620605));
#1065 = VECTOR('',#1066,1.);
#1066 = DIRECTION('',(0.,0.,1.));
#1067 = PCURVE('',#153,#1068);
#1068 = DEFINITIONAL_REPRESENTATION('',(#1069),#1073);
#1069 = LINE('',#1070,#1071);
#1070 = CARTESIAN_POINT('',(-1.355637986833,1.857071226767));
#1071 = VECTOR('',#1072,1.);
#1072 = DIRECTION('',(8.531105050809E-42,-1.));
#1073 = ( GEOMETRIC_REPRESENTATION_CONTEXT(2) 
PARAMETRIC_REPRESENTATION_CONTEXT() REPRESENTATION_CONTEXT('2D SPACE',''
  ) );
#1074 = PCURVE('',#1075,#1080);
#1075 = PLANE('',#1076);
#1076 = AXIS2_PLACEMENT_3D('',#1077,#1078,#1079);
#1077 = CARTESIAN_POINT('',(341.7661743164,14.431269168854,
    80.894519805908));
#1078 = DIRECTION('',(-1.,0.,0.));
#1079 = DIRECTION('',(0.,0.,-1.));
#1080 = DEFINITIONAL_REPRESENTATION('',(#1081),#1085);
#1081 = LINE('',#1082,#1083);
#1082 = CARTESIAN_POINT('',(0.999996185303,-1.50000333786));
#1083 = VECTOR('',#1084,1.);
#1084 = DIRECTION('',(-1.,-0.));
#1085 = ( GEOMETRIC_REPRESENTATION_CONTEXT(2) 
PARAMETRIC_REPRESENTATION_CONTEXT() REPRESENTATION_CONTEXT('2D SPACE',''
  ) );
#1086 = ORIENTED_EDGE('',*,*,#1087,.T.);
#1087 = EDGE_CURVE('',#1060,#192,#1088,.T.);
#1088 = SURFACE_CURVE('',#1089,(#1093,#1100),.PCURVE_S1.);
#1089 = LINE('',#1090,#1091);
#1090 = CARTESIAN_POINT('',(341.7661743164,15.931272506714,
    81.894515991211));
#1091 = VECTOR('',#1092,1.);
#1092 = DIRECTION('',(-0.999999999991,-4.291534423789E-06,0.));
#1093 = PCURVE('',#153,#1094);
#1094 = DEFINITIONAL_REPRESENTATION('',(#1095),#1099);
#1095 = LINE('',#1096,#1097);
#1096 = CARTESIAN_POINT('',(-1.355637986833,-0.142921143838));
#1097 = VECTOR('',#1098,1.);
#1098 = DIRECTION('',(-1.,-2.414317727054E-12));
#1099 = ( GEOMETRIC_REPRESENTATION_CONTEXT(2) 
PARAMETRIC_REPRESENTATION_CONTEXT() REPRESENTATION_CONTEXT('2D SPACE',''
  ) );
#1100 = PCURVE('',#1101,#1106);
#1101 = PLANE('',#1102);
#1102 = AXIS2_PLACEMENT_3D('',#1103,#1104,#1105);
#1103 = CARTESIAN_POINT('',(344.49281253428,12.412452312604,
    81.894515991211));
#1104 = DIRECTION('',(0.,0.,-1.));
#1105 = DIRECTION('',(0.,-1.,0.));
#1106 = DEFINITIONAL_REPRESENTATION('',(#1107),#1111);
#1107 = LINE('',#1108,#1109);
#1108 = CARTESIAN_POINT('',(-3.51882019411,2.726638217875));
#1109 = VECTOR('',#1110,1.);
#1110 = DIRECTION('',(4.291534423789E-06,0.999999999991));
#1111 = ( GEOMETRIC_REPRESENTATION_CONTEXT(2) 
PARAMETRIC_REPRESENTATION_CONTEXT() REPRESENTATION_CONTEXT('2D SPACE',''
  ) );
#1112 = ADVANCED_FACE('',(#1113),#1101,.T.);
#1113 = FACE_BOUND('',#1114,.T.);
#1114 = EDGE_LOOP('',(#1115,#1138,#1139,#1162,#1190,#1213,#1241,#1269,
    #1297,#1325));
#1115 = ORIENTED_EDGE('',*,*,#1116,.F.);
#1116 = EDGE_CURVE('',#192,#1117,#1119,.T.);
#1117 = VERTEX_POINT('',#1118);
#1118 = CARTESIAN_POINT('',(339.7661743164,10.431273460388,
    81.894515991211));
#1119 = SURFACE_CURVE('',#1120,(#1124,#1131),.PCURVE_S1.);
#1120 = LINE('',#1121,#1122);
#1121 = CARTESIAN_POINT('',(339.7661743164,15.931263923645,
    81.894515991211));
#1122 = VECTOR('',#1123,1.);
#1123 = DIRECTION('',(0.,-1.,0.));
#1124 = PCURVE('',#1101,#1125);
#1125 = DEFINITIONAL_REPRESENTATION('',(#1126),#1130);
#1126 = LINE('',#1127,#1128);
#1127 = CARTESIAN_POINT('',(-3.518811611041,4.726638217875));
#1128 = VECTOR('',#1129,1.);
#1129 = DIRECTION('',(1.,0.));
#1130 = ( GEOMETRIC_REPRESENTATION_CONTEXT(2) 
PARAMETRIC_REPRESENTATION_CONTEXT() REPRESENTATION_CONTEXT('2D SPACE',''
  ) );
#1131 = PCURVE('',#207,#1132);
#1132 = DEFINITIONAL_REPRESENTATION('',(#1133),#1137);
#1133 = LINE('',#1134,#1135);
#1134 = CARTESIAN_POINT('',(9.993066878145,1.554034575925));
#1135 = VECTOR('',#1136,1.);
#1136 = DIRECTION('',(0.,1.));
#1137 = ( GEOMETRIC_REPRESENTATION_CONTEXT(2) 
PARAMETRIC_REPRESENTATION_CONTEXT() REPRESENTATION_CONTEXT('2D SPACE',''
  ) );
#1138 = ORIENTED_EDGE('',*,*,#1087,.F.);
#1139 = ORIENTED_EDGE('',*,*,#1140,.T.);
#1140 = EDGE_CURVE('',#1060,#1141,#1143,.T.);
#1141 = VERTEX_POINT('',#1142);
#1142 = CARTESIAN_POINT('',(341.7661743164,12.931265830994,
    81.894515991211));
#1143 = SURFACE_CURVE('',#1144,(#1148,#1155),.PCURVE_S1.);
#1144 = LINE('',#1145,#1146);
#1145 = CARTESIAN_POINT('',(341.7661743164,15.931272506714,
    81.894515991211));
#1146 = VECTOR('',#1147,1.);
#1147 = DIRECTION('',(0.,-1.,0.));
#1148 = PCURVE('',#1101,#1149);
#1149 = DEFINITIONAL_REPRESENTATION('',(#1150),#1154);
#1150 = LINE('',#1151,#1152);
#1151 = CARTESIAN_POINT('',(-3.51882019411,2.726638217875));
#1152 = VECTOR('',#1153,1.);
#1153 = DIRECTION('',(1.,0.));
#1154 = ( GEOMETRIC_REPRESENTATION_CONTEXT(2) 
PARAMETRIC_REPRESENTATION_CONTEXT() REPRESENTATION_CONTEXT('2D SPACE',''
  ) );
#1155 = PCURVE('',#1075,#1156);
#1156 = DEFINITIONAL_REPRESENTATION('',(#1157),#1161);
#1157 = LINE('',#1158,#1159);
#1158 = CARTESIAN_POINT('',(-0.999996185303,-1.50000333786));
#1159 = VECTOR('',#1160,1.);
#1160 = DIRECTION('',(0.,1.));
#1161 = ( GEOMETRIC_REPRESENTATION_CONTEXT(2) 
PARAMETRIC_REPRESENTATION_CONTEXT() REPRESENTATION_CONTEXT('2D SPACE',''
  ) );
#1162 = ORIENTED_EDGE('',*,*,#1163,.T.);
#1163 = EDGE_CURVE('',#1141,#1164,#1166,.T.);
#1164 = VERTEX_POINT('',#1165);
#1165 = CARTESIAN_POINT('',(347.7661743164,12.931258201599,
    81.894515991211));
#1166 = SURFACE_CURVE('',#1167,(#1171,#1178),.PCURVE_S1.);
#1167 = LINE('',#1168,#1169);
#1168 = CARTESIAN_POINT('',(341.7661743164,12.931265830994,
    81.894515991211));
#1169 = VECTOR('',#1170,1.);
#1170 = DIRECTION('',(0.999999999999,-1.271565755207E-06,0.));
#1171 = PCURVE('',#1101,#1172);
#1172 = DEFINITIONAL_REPRESENTATION('',(#1173),#1177);
#1173 = LINE('',#1174,#1175);
#1174 = CARTESIAN_POINT('',(-0.51881351839,2.726638217875));
#1175 = VECTOR('',#1176,1.);
#1176 = DIRECTION('',(1.271565755207E-06,-0.999999999999));
#1177 = ( GEOMETRIC_REPRESENTATION_CONTEXT(2) 
PARAMETRIC_REPRESENTATION_CONTEXT() REPRESENTATION_CONTEXT('2D SPACE',''
  ) );
#1178 = PCURVE('',#1179,#1184);
#1179 = PLANE('',#1180);
#1180 = AXIS2_PLACEMENT_3D('',#1181,#1182,#1183);
#1181 = CARTESIAN_POINT('',(344.76617431646,12.931261998078,
    79.667166804749));
#1182 = DIRECTION('',(-3.93030129248E-07,-1.,2.790800381022E-07));
#1183 = DIRECTION('',(-1.,3.93030129248E-07,0.));
#1184 = DEFINITIONAL_REPRESENTATION('',(#1185),#1189);
#1185 = LINE('',#1186,#1187);
#1186 = CARTESIAN_POINT('',(3.000000000064,-2.227349186462));
#1187 = VECTOR('',#1188,1.);
#1188 = DIRECTION('',(-1.,2.45181755967E-13));
#1189 = ( GEOMETRIC_REPRESENTATION_CONTEXT(2) 
PARAMETRIC_REPRESENTATION_CONTEXT() REPRESENTATION_CONTEXT('2D SPACE',''
  ) );
#1190 = ORIENTED_EDGE('',*,*,#1191,.T.);
#1191 = EDGE_CURVE('',#1164,#1192,#1194,.T.);
#1192 = VERTEX_POINT('',#1193);
#1193 = CARTESIAN_POINT('',(347.7661743164,13.35000038147,
    81.894515991211));
#1194 = SURFACE_CURVE('',#1195,(#1199,#1206),.PCURVE_S1.);
#1195 = LINE('',#1196,#1197);
#1196 = CARTESIAN_POINT('',(347.7661743164,12.931258201599,
    81.894515991211));
#1197 = VECTOR('',#1198,1.);
#1198 = DIRECTION('',(0.,1.,0.));
#1199 = PCURVE('',#1101,#1200);
#1200 = DEFINITIONAL_REPRESENTATION('',(#1201),#1205);
#1201 = LINE('',#1202,#1203);
#1202 = CARTESIAN_POINT('',(-0.518805888995,-3.273361782125));
#1203 = VECTOR('',#1204,1.);
#1204 = DIRECTION('',(-1.,-0.));
#1205 = ( GEOMETRIC_REPRESENTATION_CONTEXT(2) 
PARAMETRIC_REPRESENTATION_CONTEXT() REPRESENTATION_CONTEXT('2D SPACE',''
  ) );
#1206 = PCURVE('',#1015,#1207);
#1207 = DEFINITIONAL_REPRESENTATION('',(#1208),#1212);
#1208 = LINE('',#1209,#1210);
#1209 = CARTESIAN_POINT('',(1.061499747364,1.486122794462));
#1210 = VECTOR('',#1211,1.);
#1211 = DIRECTION('',(0.,-1.));
#1212 = ( GEOMETRIC_REPRESENTATION_CONTEXT(2) 
PARAMETRIC_REPRESENTATION_CONTEXT() REPRESENTATION_CONTEXT('2D SPACE',''
  ) );
#1213 = ORIENTED_EDGE('',*,*,#1214,.T.);
#1214 = EDGE_CURVE('',#1192,#1215,#1217,.T.);
#1215 = VERTEX_POINT('',#1216);
#1216 = CARTESIAN_POINT('',(348.79998779296,13.35000038147,
    81.894515991211));
#1217 = SURFACE_CURVE('',#1218,(#1222,#1229),.PCURVE_S1.);
#1218 = LINE('',#1219,#1220);
#1219 = CARTESIAN_POINT('',(347.7661743164,13.35000038147,
    81.894515991211));
#1220 = VECTOR('',#1221,1.);
#1221 = DIRECTION('',(1.,0.,0.));
#1222 = PCURVE('',#1101,#1223);
#1223 = DEFINITIONAL_REPRESENTATION('',(#1224),#1228);
#1224 = LINE('',#1225,#1226);
#1225 = CARTESIAN_POINT('',(-0.937548068866,-3.273361782125));
#1226 = VECTOR('',#1227,1.);
#1227 = DIRECTION('',(0.,-1.));
#1228 = ( GEOMETRIC_REPRESENTATION_CONTEXT(2) 
PARAMETRIC_REPRESENTATION_CONTEXT() REPRESENTATION_CONTEXT('2D SPACE',''
  ) );
#1229 = PCURVE('',#1230,#1235);
#1230 = PLANE('',#1231);
#1231 = AXIS2_PLACEMENT_3D('',#1232,#1233,#1234);
#1232 = CARTESIAN_POINT('',(348.28308105468,13.35000038147,
    81.822257995605));
#1233 = DIRECTION('',(0.,-1.,0.));
#1234 = DIRECTION('',(-0.,0.,1.));
#1235 = DEFINITIONAL_REPRESENTATION('',(#1236),#1240);
#1236 = LINE('',#1237,#1238);
#1237 = CARTESIAN_POINT('',(7.225799560547E-02,0.516906738281));
#1238 = VECTOR('',#1239,1.);
#1239 = DIRECTION('',(0.,-1.));
#1240 = ( GEOMETRIC_REPRESENTATION_CONTEXT(2) 
PARAMETRIC_REPRESENTATION_CONTEXT() REPRESENTATION_CONTEXT('2D SPACE',''
  ) );
#1241 = ORIENTED_EDGE('',*,*,#1242,.T.);
#1242 = EDGE_CURVE('',#1215,#1243,#1245,.T.);
#1243 = VERTEX_POINT('',#1244);
#1244 = CARTESIAN_POINT('',(348.79998779296,15.931260108948,
    81.894515991211));
#1245 = SURFACE_CURVE('',#1246,(#1250,#1257),.PCURVE_S1.);
#1246 = LINE('',#1247,#1248);
#1247 = CARTESIAN_POINT('',(348.79998779296,13.35000038147,
    81.894515991211));
#1248 = VECTOR('',#1249,1.);
#1249 = DIRECTION('',(0.,1.,0.));
#1250 = PCURVE('',#1101,#1251);
#1251 = DEFINITIONAL_REPRESENTATION('',(#1252),#1256);
#1252 = LINE('',#1253,#1254);
#1253 = CARTESIAN_POINT('',(-0.937548068866,-4.307175258687));
#1254 = VECTOR('',#1255,1.);
#1255 = DIRECTION('',(-1.,-0.));
#1256 = ( GEOMETRIC_REPRESENTATION_CONTEXT(2) 
PARAMETRIC_REPRESENTATION_CONTEXT() REPRESENTATION_CONTEXT('2D SPACE',''
  ) );
#1257 = PCURVE('',#1258,#1263);
#1258 = PLANE('',#1259);
#1259 = AXIS2_PLACEMENT_3D('',#1260,#1261,#1262);
#1260 = CARTESIAN_POINT('',(348.79998779296,14.6683847617,
    84.395275707889));
#1261 = DIRECTION('',(1.,0.,0.));
#1262 = DIRECTION('',(0.,0.,1.));
#1263 = DEFINITIONAL_REPRESENTATION('',(#1264),#1268);
#1264 = LINE('',#1265,#1266);
#1265 = CARTESIAN_POINT('',(-2.500759716678,1.31838438023));
#1266 = VECTOR('',#1267,1.);
#1267 = DIRECTION('',(0.,-1.));
#1268 = ( GEOMETRIC_REPRESENTATION_CONTEXT(2) 
PARAMETRIC_REPRESENTATION_CONTEXT() REPRESENTATION_CONTEXT('2D SPACE',''
  ) );
#1269 = ORIENTED_EDGE('',*,*,#1270,.T.);
#1270 = EDGE_CURVE('',#1243,#1271,#1273,.T.);
#1271 = VERTEX_POINT('',#1272);
#1272 = CARTESIAN_POINT('',(349.7661743164,15.931257247925,
    81.894515991211));
#1273 = SURFACE_CURVE('',#1274,(#1278,#1285),.PCURVE_S1.);
#1274 = LINE('',#1275,#1276);
#1275 = CARTESIAN_POINT('',(348.79998779296,15.931260108948,
    81.894515991211));
#1276 = VECTOR('',#1277,1.);
#1277 = DIRECTION('',(0.999999999996,-2.961149715717E-06,0.));
#1278 = PCURVE('',#1101,#1279);
#1279 = DEFINITIONAL_REPRESENTATION('',(#1280),#1284);
#1280 = LINE('',#1281,#1282);
#1281 = CARTESIAN_POINT('',(-3.518807796344,-4.307175258687));
#1282 = VECTOR('',#1283,1.);
#1283 = DIRECTION('',(2.961149715717E-06,-0.999999999996));
#1284 = ( GEOMETRIC_REPRESENTATION_CONTEXT(2) 
PARAMETRIC_REPRESENTATION_CONTEXT() REPRESENTATION_CONTEXT('2D SPACE',''
  ) );
#1285 = PCURVE('',#1286,#1291);
#1286 = PLANE('',#1287);
#1287 = AXIS2_PLACEMENT_3D('',#1288,#1289,#1290);
#1288 = CARTESIAN_POINT('',(349.38101903696,15.931259250941,
    83.756827539815));
#1289 = DIRECTION('',(5.175278307355E-06,0.999999999987,
    -4.052544620163E-07));
#1290 = DIRECTION('',(0.999999999987,-5.175278307355E-06,0.));
#1291 = DEFINITIONAL_REPRESENTATION('',(#1292),#1296);
#1292 = LINE('',#1293,#1294);
#1293 = CARTESIAN_POINT('',(-0.581031243988,1.862311548605));
#1294 = VECTOR('',#1295,1.);
#1295 = DIRECTION('',(1.,-8.972854912486E-13));
#1296 = ( GEOMETRIC_REPRESENTATION_CONTEXT(2) 
PARAMETRIC_REPRESENTATION_CONTEXT() REPRESENTATION_CONTEXT('2D SPACE',''
  ) );
#1297 = ORIENTED_EDGE('',*,*,#1298,.T.);
#1298 = EDGE_CURVE('',#1271,#1299,#1301,.T.);
#1299 = VERTEX_POINT('',#1300);
#1300 = CARTESIAN_POINT('',(349.7661743164,10.431250572205,
    81.894515991211));
#1301 = SURFACE_CURVE('',#1302,(#1306,#1313),.PCURVE_S1.);
#1302 = LINE('',#1303,#1304);
#1303 = CARTESIAN_POINT('',(349.7661743164,15.931257247925,
    81.894515991211));
#1304 = VECTOR('',#1305,1.);
#1305 = DIRECTION('',(0.,-1.,0.));
#1306 = PCURVE('',#1101,#1307);
#1307 = DEFINITIONAL_REPRESENTATION('',(#1308),#1312);
#1308 = LINE('',#1309,#1310);
#1309 = CARTESIAN_POINT('',(-3.518804935321,-5.273361782125));
#1310 = VECTOR('',#1311,1.);
#1311 = DIRECTION('',(1.,0.));
#1312 = ( GEOMETRIC_REPRESENTATION_CONTEXT(2) 
PARAMETRIC_REPRESENTATION_CONTEXT() REPRESENTATION_CONTEXT('2D SPACE',''
  ) );
#1313 = PCURVE('',#1314,#1319);
#1314 = PLANE('',#1315);
#1315 = AXIS2_PLACEMENT_3D('',#1316,#1317,#1318);
#1316 = CARTESIAN_POINT('',(349.7661743164,17.852537459602,
    92.315082390995));
#1317 = DIRECTION('',(1.,0.,0.));
#1318 = DIRECTION('',(0.,0.,1.));
#1319 = DEFINITIONAL_REPRESENTATION('',(#1320),#1324);
#1320 = LINE('',#1321,#1322);
#1321 = CARTESIAN_POINT('',(-10.42056639978,1.921280211678));
#1322 = VECTOR('',#1323,1.);
#1323 = DIRECTION('',(0.,1.));
#1324 = ( GEOMETRIC_REPRESENTATION_CONTEXT(2) 
PARAMETRIC_REPRESENTATION_CONTEXT() REPRESENTATION_CONTEXT('2D SPACE',''
  ) );
#1325 = ORIENTED_EDGE('',*,*,#1326,.T.);
#1326 = EDGE_CURVE('',#1299,#1117,#1327,.T.);
#1327 = SURFACE_CURVE('',#1328,(#1332,#1339),.PCURVE_S1.);
#1328 = LINE('',#1329,#1330);
#1329 = CARTESIAN_POINT('',(349.7661743164,10.431250572205,
    81.894515991211));
#1330 = VECTOR('',#1331,1.);
#1331 = DIRECTION('',(-0.999999999997,2.288818359369E-06,0.));
#1332 = PCURVE('',#1101,#1333);
#1333 = DEFINITIONAL_REPRESENTATION('',(#1334),#1338);
#1334 = LINE('',#1335,#1336);
#1335 = CARTESIAN_POINT('',(1.981201740399,-5.273361782125));
#1336 = VECTOR('',#1337,1.);
#1337 = DIRECTION('',(-2.288818359369E-06,0.999999999997));
#1338 = ( GEOMETRIC_REPRESENTATION_CONTEXT(2) 
PARAMETRIC_REPRESENTATION_CONTEXT() REPRESENTATION_CONTEXT('2D SPACE',''
  ) );
#1339 = PCURVE('',#1340,#1345);
#1340 = PLANE('',#1341);
#1341 = AXIS2_PLACEMENT_3D('',#1342,#1343,#1344);
#1342 = CARTESIAN_POINT('',(344.73042791251,10.431262582116,
    86.919813755143));
#1343 = DIRECTION('',(-2.288627931972E-06,-0.999999999997,
    1.640290930555E-10));
#1344 = DIRECTION('',(-0.999999999997,2.288627931972E-06,0.));
#1345 = DEFINITIONAL_REPRESENTATION('',(#1346),#1350);
#1346 = LINE('',#1347,#1348);
#1347 = CARTESIAN_POINT('',(-5.03574640391,5.025297763932));
#1348 = VECTOR('',#1349,1.);
#1349 = DIRECTION('',(1.,-3.12356331554E-20));
#1350 = ( GEOMETRIC_REPRESENTATION_CONTEXT(2) 
PARAMETRIC_REPRESENTATION_CONTEXT() REPRESENTATION_CONTEXT('2D SPACE',''
  ) );
#1351 = ADVANCED_FACE('',(#1352,#1427),#1340,.T.);
#1352 = FACE_BOUND('',#1353,.T.);
#1353 = EDGE_LOOP('',(#1354,#1377,#1378,#1401));
#1354 = ORIENTED_EDGE('',*,*,#1355,.F.);
#1355 = EDGE_CURVE('',#1117,#1356,#1358,.T.);
#1356 = VERTEX_POINT('',#1357);
#1357 = CARTESIAN_POINT('',(339.7661743164,10.431273460388,
    91.894515991211));
#1358 = SURFACE_CURVE('',#1359,(#1363,#1370),.PCURVE_S1.);
#1359 = LINE('',#1360,#1361);
#1360 = CARTESIAN_POINT('',(339.7661743164,10.431273460388,
    81.894515991211));
#1361 = VECTOR('',#1362,1.);
#1362 = DIRECTION('',(0.,0.,1.));
#1363 = PCURVE('',#1340,#1364);
#1364 = DEFINITIONAL_REPRESENTATION('',(#1365),#1369);
#1365 = LINE('',#1366,#1367);
#1366 = CARTESIAN_POINT('',(4.964253596116,5.025297763932));
#1367 = VECTOR('',#1368,1.);
#1368 = DIRECTION('',(0.,-1.));
#1369 = ( GEOMETRIC_REPRESENTATION_CONTEXT(2) 
PARAMETRIC_REPRESENTATION_CONTEXT() REPRESENTATION_CONTEXT('2D SPACE',''
  ) );
#1370 = PCURVE('',#207,#1371);
#1371 = DEFINITIONAL_REPRESENTATION('',(#1372),#1376);
#1372 = LINE('',#1373,#1374);
#1373 = CARTESIAN_POINT('',(9.993066878145,7.054025039182));
#1374 = VECTOR('',#1375,1.);
#1375 = DIRECTION('',(-1.,-0.));
#1376 = ( GEOMETRIC_REPRESENTATION_CONTEXT(2) 
PARAMETRIC_REPRESENTATION_CONTEXT() REPRESENTATION_CONTEXT('2D SPACE',''
  ) );
#1377 = ORIENTED_EDGE('',*,*,#1326,.F.);
#1378 = ORIENTED_EDGE('',*,*,#1379,.T.);
#1379 = EDGE_CURVE('',#1299,#1380,#1382,.T.);
#1380 = VERTEX_POINT('',#1381);
#1381 = CARTESIAN_POINT('',(349.7661743164,10.431250572205,
    91.894515991211));
#1382 = SURFACE_CURVE('',#1383,(#1387,#1394),.PCURVE_S1.);
#1383 = LINE('',#1384,#1385);
#1384 = CARTESIAN_POINT('',(349.7661743164,10.431250572205,
    81.894515991211));
#1385 = VECTOR('',#1386,1.);
#1386 = DIRECTION('',(0.,0.,1.));
#1387 = PCURVE('',#1340,#1388);
#1388 = DEFINITIONAL_REPRESENTATION('',(#1389),#1393);
#1389 = LINE('',#1390,#1391);
#1390 = CARTESIAN_POINT('',(-5.03574640391,5.025297763932));
#1391 = VECTOR('',#1392,1.);
#1392 = DIRECTION('',(0.,-1.));
#1393 = ( GEOMETRIC_REPRESENTATION_CONTEXT(2) 
PARAMETRIC_REPRESENTATION_CONTEXT() REPRESENTATION_CONTEXT('2D SPACE',''
  ) );
#1394 = PCURVE('',#1314,#1395);
#1395 = DEFINITIONAL_REPRESENTATION('',(#1396),#1400);
#1396 = LINE('',#1397,#1398);
#1397 = CARTESIAN_POINT('',(-10.42056639978,7.421286887398));
#1398 = VECTOR('',#1399,1.);
#1399 = DIRECTION('',(1.,0.));
#1400 = ( GEOMETRIC_REPRESENTATION_CONTEXT(2) 
PARAMETRIC_REPRESENTATION_CONTEXT() REPRESENTATION_CONTEXT('2D SPACE',''
  ) );
#1401 = ORIENTED_EDGE('',*,*,#1402,.T.);
#1402 = EDGE_CURVE('',#1380,#1356,#1403,.T.);
#1403 = SURFACE_CURVE('',#1404,(#1408,#1415),.PCURVE_S1.);
#1404 = LINE('',#1405,#1406);
#1405 = CARTESIAN_POINT('',(349.7661743164,10.431250572205,
    91.894515991211));
#1406 = VECTOR('',#1407,1.);
#1407 = DIRECTION('',(-0.999999999997,2.288818359369E-06,0.));
#1408 = PCURVE('',#1340,#1409);
#1409 = DEFINITIONAL_REPRESENTATION('',(#1410),#1414);
#1410 = LINE('',#1411,#1412);
#1411 = CARTESIAN_POINT('',(-5.03574640391,-4.974702236068));
#1412 = VECTOR('',#1413,1.);
#1413 = DIRECTION('',(1.,-3.12356331554E-20));
#1414 = ( GEOMETRIC_REPRESENTATION_CONTEXT(2) 
PARAMETRIC_REPRESENTATION_CONTEXT() REPRESENTATION_CONTEXT('2D SPACE',''
  ) );
#1415 = PCURVE('',#1416,#1421);
#1416 = PLANE('',#1417);
#1417 = AXIS2_PLACEMENT_3D('',#1418,#1419,#1420);
#1418 = CARTESIAN_POINT('',(344.76618448893,11.681262016289,
    91.894515991211));
#1419 = DIRECTION('',(0.,0.,1.));
#1420 = DIRECTION('',(0.,1.,0.));
#1421 = DEFINITIONAL_REPRESENTATION('',(#1422),#1426);
#1422 = LINE('',#1423,#1424);
#1423 = CARTESIAN_POINT('',(-1.250011444084,-4.999989827474));
#1424 = VECTOR('',#1425,1.);
#1425 = DIRECTION('',(2.288818359369E-06,0.999999999997));
#1426 = ( GEOMETRIC_REPRESENTATION_CONTEXT(2) 
PARAMETRIC_REPRESENTATION_CONTEXT() REPRESENTATION_CONTEXT('2D SPACE',''
  ) );
#1427 = FACE_BOUND('',#1428,.T.);
#1428 = EDGE_LOOP('',(#1429,#1459,#1487,#1515,#1773));
#1429 = ORIENTED_EDGE('',*,*,#1430,.T.);
#1430 = EDGE_CURVE('',#1431,#1433,#1435,.T.);
#1431 = VERTEX_POINT('',#1432);
#1432 = CARTESIAN_POINT('',(347.31295776367,10.431263923645,
    83.558776855469));
#1433 = VERTEX_POINT('',#1434);
#1434 = CARTESIAN_POINT('',(347.2788696289,10.431261062622,
    86.278861999512));
#1435 = SURFACE_CURVE('',#1436,(#1440,#1447),.PCURVE_S1.);
#1436 = LINE('',#1437,#1438);
#1437 = CARTESIAN_POINT('',(347.31295776367,10.431263923645,
    83.558776855469));
#1438 = VECTOR('',#1439,1.);
#1439 = DIRECTION('',(-1.253102623016E-02,-1.051731163006E-06,
    0.999921483608));
#1440 = PCURVE('',#1340,#1441);
#1441 = DEFINITIONAL_REPRESENTATION('',(#1442),#1446);
#1442 = LINE('',#1443,#1444);
#1443 = CARTESIAN_POINT('',(-2.582529851151,3.361036899674));
#1444 = VECTOR('',#1445,1.);
#1445 = DIRECTION('',(1.253102622773E-02,-0.999921483608));
#1446 = ( GEOMETRIC_REPRESENTATION_CONTEXT(2) 
PARAMETRIC_REPRESENTATION_CONTEXT() REPRESENTATION_CONTEXT('2D SPACE',''
  ) );
#1447 = PCURVE('',#1448,#1453);
#1448 = PLANE('',#1449);
#1449 = AXIS2_PLACEMENT_3D('',#1450,#1451,#1452);
#1450 = CARTESIAN_POINT('',(347.33306884765,10.430841763814,
    84.500190734863));
#1451 = DIRECTION('',(-1.319798086107E-02,-0.999912889004,
    -1.664489528722E-04));
#1452 = DIRECTION('',(-0.999912902855,1.31979810439E-02,
    4.235164736272E-22));
#1453 = DEFINITIONAL_REPRESENTATION('',(#1454),#1458);
#1454 = LINE('',#1455,#1456);
#1455 = CARTESIAN_POINT('',(2.011490402383E-02,0.941413892436));
#1456 = VECTOR('',#1457,1.);
#1457 = DIRECTION('',(1.252992093283E-02,-0.999921497459));
#1458 = ( GEOMETRIC_REPRESENTATION_CONTEXT(2) 
PARAMETRIC_REPRESENTATION_CONTEXT() REPRESENTATION_CONTEXT('2D SPACE',''
  ) );
#1459 = ORIENTED_EDGE('',*,*,#1460,.T.);
#1460 = EDGE_CURVE('',#1433,#1461,#1463,.T.);
#1461 = VERTEX_POINT('',#1462);
#1462 = CARTESIAN_POINT('',(347.34448242187,10.431265830994,
    86.206466674805));
#1463 = SURFACE_CURVE('',#1464,(#1468,#1475),.PCURVE_S1.);
#1464 = LINE('',#1465,#1466);
#1465 = CARTESIAN_POINT('',(347.2788696289,10.431261062622,
    86.278861999512));
#1466 = VECTOR('',#1467,1.);
#1467 = DIRECTION('',(0.671544880198,4.88041337353E-05,-0.740963880023)
  );
#1468 = PCURVE('',#1340,#1469);
#1469 = DEFINITIONAL_REPRESENTATION('',(#1470),#1474);
#1470 = LINE('',#1471,#1472);
#1471 = CARTESIAN_POINT('',(-2.548441716392,0.640951755631));
#1472 = VECTOR('',#1473,1.);
#1473 = DIRECTION('',(-0.671544880935,0.740963880962));
#1474 = ( GEOMETRIC_REPRESENTATION_CONTEXT(2) 
PARAMETRIC_REPRESENTATION_CONTEXT() REPRESENTATION_CONTEXT('2D SPACE',''
  ) );
#1475 = PCURVE('',#1476,#1481);
#1476 = PLANE('',#1477);
#1477 = AXIS2_PLACEMENT_3D('',#1478,#1479,#1480);
#1478 = CARTESIAN_POINT('',(347.34357706705,10.430842399597,
    85.382754007975));
#1479 = DIRECTION('',(6.390901277853E-04,-0.999999664018,
    5.133497005946E-04));
#1480 = DIRECTION('',(-0.999999795782,-6.390902119943E-04,
    5.293955920339E-23));
#1481 = DEFINITIONAL_REPRESENTATION('',(#1482),#1486);
#1482 = LINE('',#1483,#1484);
#1483 = CARTESIAN_POINT('',(6.470715737318E-02,-0.896108109611));
#1484 = VECTOR('',#1485,1.);
#1485 = DIRECTION('',(-0.671544774246,0.740963977655));
#1486 = ( GEOMETRIC_REPRESENTATION_CONTEXT(2) 
PARAMETRIC_REPRESENTATION_CONTEXT() REPRESENTATION_CONTEXT('2D SPACE',''
  ) );
#1487 = ORIENTED_EDGE('',*,*,#1488,.T.);
#1488 = EDGE_CURVE('',#1461,#1489,#1491,.T.);
#1489 = VERTEX_POINT('',#1490);
#1490 = CARTESIAN_POINT('',(347.37222290039,10.431267738342,
    86.185508728027));
#1491 = SURFACE_CURVE('',#1492,(#1496,#1503),.PCURVE_S1.);
#1492 = LINE('',#1493,#1494);
#1493 = CARTESIAN_POINT('',(347.34448242187,10.431265830994,
    86.206466674805));
#1494 = VECTOR('',#1495,1.);
#1495 = DIRECTION('',(0.79788843164,5.486031570684E-05,-0.602805148987)
  );
#1496 = PCURVE('',#1340,#1497);
#1497 = DEFINITIONAL_REPRESENTATION('',(#1498),#1502);
#1498 = LINE('',#1499,#1500);
#1499 = CARTESIAN_POINT('',(-2.61405450935,0.713347080338));
#1500 = VECTOR('',#1501,1.);
#1501 = DIRECTION('',(-0.797888432795,0.602805149955));
#1502 = ( GEOMETRIC_REPRESENTATION_CONTEXT(2) 
PARAMETRIC_REPRESENTATION_CONTEXT() REPRESENTATION_CONTEXT('2D SPACE',''
  ) );
#1503 = PCURVE('',#1504,#1509);
#1504 = PLANE('',#1505);
#1505 = AXIS2_PLACEMENT_3D('',#1506,#1507,#1508);
#1506 = CARTESIAN_POINT('',(347.35835265959,11.865633487701,
    86.195987702577));
#1507 = DIRECTION('',(-0.602805149894,0.,-0.797888432841));
#1508 = DIRECTION('',(0.797888432841,0.,-0.602805149894));
#1509 = DEFINITIONAL_REPRESENTATION('',(#1510),#1514);
#1510 = LINE('',#1511,#1512);
#1511 = CARTESIAN_POINT('',(-1.738368066245E-02,1.434367656708));
#1512 = VECTOR('',#1513,1.);
#1513 = DIRECTION('',(0.999999998495,-5.486031570684E-05));
#1514 = ( GEOMETRIC_REPRESENTATION_CONTEXT(2) 
PARAMETRIC_REPRESENTATION_CONTEXT() REPRESENTATION_CONTEXT('2D SPACE',''
  ) );
#1515 = ORIENTED_EDGE('',*,*,#1516,.T.);
#1516 = EDGE_CURVE('',#1489,#1517,#1519,.T.);
#1517 = VERTEX_POINT('',#1518);
#1518 = CARTESIAN_POINT('',(347.76388549804,10.431260108948,
    84.090255737305));
#1519 = SURFACE_CURVE('',#1520,(#1525,#1538),.PCURVE_S1.);
#1520 = CIRCLE('',#1521,1.700174832329);
#1521 = AXIS2_PLACEMENT_3D('',#1522,#1523,#1524);
#1522 = CARTESIAN_POINT('',(346.26594845458,10.43129454598,
    84.894481497358));
#1523 = DIRECTION('',(2.338121380285E-05,0.999999999726,
    7.293402810937E-07));
#1524 = DIRECTION('',(0.65068275613,-1.576757695905E-05,0.759349689291)
  );
#1525 = PCURVE('',#1340,#1526);
#1526 = DEFINITIONAL_REPRESENTATION('',(#1527),#1537);
#1527 = B_SPLINE_CURVE_WITH_KNOTS('',8,(#1528,#1529,#1530,#1531,#1532,
    #1533,#1534,#1535,#1536),.UNSPECIFIED.,.F.,.F.,(9,9),(0.,
    1.355034510212),.PIECEWISE_BEZIER_KNOTS.);
#1528 = CARTESIAN_POINT('',(-2.641794987861,0.734305027115));
#1529 = CARTESIAN_POINT('',(-2.860468294213,0.921685033649));
#1530 = CARTESIAN_POINT('',(-3.042869267453,1.151395050292));
#1531 = CARTESIAN_POINT('',(-3.179438082202,1.415243115305));
#1532 = CARTESIAN_POINT('',(-3.262835273221,1.702447824587));
#1533 = CARTESIAN_POINT('',(-3.288817799119,2.000384973187));
#1534 = CARTESIAN_POINT('',(-3.256781889875,2.29575007451));
#1535 = CARTESIAN_POINT('',(-3.169676792859,2.57583846927));
#1536 = CARTESIAN_POINT('',(-3.033457585534,2.829558017838));
#1537 = ( GEOMETRIC_REPRESENTATION_CONTEXT(2) 
PARAMETRIC_REPRESENTATION_CONTEXT() REPRESENTATION_CONTEXT('2D SPACE',''
  ) );
#1538 = PCURVE('',#1539,#1544);
#1539 = CYLINDRICAL_SURFACE('',#1540,1.698711487725);
#1540 = AXIS2_PLACEMENT_3D('',#1541,#1542,#1543);
#1541 = CARTESIAN_POINT('',(346.26747889913,6.407832014153E-05,
    84.894267128649));
#1542 = DIRECTION('',(5.60532088153E-08,-1.,5.261711815375E-07));
#1543 = DIRECTION('',(-0.982931833224,-1.518962675487E-07,
    -0.183970136804));
#1544 = DEFINITIONAL_REPRESENTATION('',(#1545),#1772);
#1545 = B_SPLINE_CURVE_WITH_KNOTS('',8,(#1546,#1547,#1548,#1549,#1550,
    #1551,#1552,#1553,#1554,#1555,#1556,#1557,#1558,#1559,#1560,#1561,
    #1562,#1563,#1564,#1565,#1566,#1567,#1568,#1569,#1570,#1571,#1572,
    #1573,#1574,#1575,#1576,#1577,#1578,#1579,#1580,#1581,#1582,#1583,
    #1584,#1585,#1586,#1587,#1588,#1589,#1590,#1591,#1592,#1593,#1594,
    #1595,#1596,#1597,#1598,#1599,#1600,#1601,#1602,#1603,#1604,#1605,
    #1606,#1607,#1608,#1609,#1610,#1611,#1612,#1613,#1614,#1615,#1616,
    #1617,#1618,#1619,#1620,#1621,#1622,#1623,#1624,#1625,#1626,#1627,
    #1628,#1629,#1630,#1631,#1632,#1633,#1634,#1635,#1636,#1637,#1638,
    #1639,#1640,#1641,#1642,#1643,#1644,#1645,#1646,#1647,#1648,#1649,
    #1650,#1651,#1652,#1653,#1654,#1655,#1656,#1657,#1658,#1659,#1660,
    #1661,#1662,#1663,#1664,#1665,#1666,#1667,#1668,#1669,#1670,#1671,
    #1672,#1673,#1674,#1675,#1676,#1677,#1678,#1679,#1680,#1681,#1682,
    #1683,#1684,#1685,#1686,#1687,#1688,#1689,#1690,#1691,#1692,#1693,
    #1694,#1695,#1696,#1697,#1698,#1699,#1700,#1701,#1702,#1703,#1704,
    #1705,#1706,#1707,#1708,#1709,#1710,#1711,#1712,#1713,#1714,#1715,
    #1716,#1717,#1718,#1719,#1720,#1721,#1722,#1723,#1724,#1725,#1726,
    #1727,#1728,#1729,#1730,#1731,#1732,#1733,#1734,#1735,#1736,#1737,
    #1738,#1739,#1740,#1741,#1742,#1743,#1744,#1745,#1746,#1747,#1748,
    #1749,#1750,#1751,#1752,#1753,#1754,#1755,#1756,#1757,#1758,#1759,
    #1760,#1761,#1762,#1763,#1764,#1765,#1766,#1767,#1768,#1769,#1770,
    #1771),.UNSPECIFIED.,.F.,.F.,(9,7,7,7,7,7,7,7,7,7,7,7,7,7,7,7,7,7,7,
    7,7,7,7,7,7,7,7,7,7,7,7,7,9),(0.,1.058620711101E-02,
    2.108970947896E-02,3.151115323466E-02,4.185117946102E-02,
    5.211042423248E-02,6.228951865415E-02,7.238908890066E-02,
    8.240975625462E-02,0.102294518035,0.121868580413,0.141136798066,
    0.160103949818,0.178774739824,0.197153798737,0.215245684853,
    0.233054885249,0.250585816889,0.267842827723,0.284830197762,
    0.318274082526,0.350672845891,0.382059147901,0.412464627973,
    0.471375245613,0.52660394965,0.630157769721,0.811376954843,
    0.947291343685,1.049227135317,1.125678979041,1.240356744626,
    1.355034510212),.UNSPECIFIED.);
#1546 = CARTESIAN_POINT('',(-2.463535764832,-10.43120291868));
#1547 = CARTESIAN_POINT('',(-2.464860180258,-10.43120288048));
#1548 = CARTESIAN_POINT('',(-2.466181733406,-10.43120284233));
#1549 = CARTESIAN_POINT('',(-2.467509797604,-10.43120280424));
#1550 = CARTESIAN_POINT('',(-2.468831465933,-10.4312027662));
#1551 = CARTESIAN_POINT('',(-2.47015311503,-10.43120272822));
#1552 = CARTESIAN_POINT('',(-2.471481160717,-10.4312026903));
#1553 = CARTESIAN_POINT('',(-2.47280275449,-10.43120265243));
#1554 = CARTESIAN_POINT('',(-2.475441238358,-10.43120257709));
#1555 = CARTESIAN_POINT('',(-2.476753992574,-10.43120253963));
#1556 = CARTESIAN_POINT('',(-2.478067391281,-10.43120250222));
#1557 = CARTESIAN_POINT('',(-2.479381541022,-10.43120246487));
#1558 = CARTESIAN_POINT('',(-2.480695671415,-10.43120242757));
#1559 = CARTESIAN_POINT('',(-2.482009051306,-10.43120239033));
#1560 = CARTESIAN_POINT('',(-2.483321845809,-10.43120235314));
#1561 = CARTESIAN_POINT('',(-2.485939716531,-10.43120227916));
#1562 = CARTESIAN_POINT('',(-2.48724224328,-10.43120224238));
#1563 = CARTESIAN_POINT('',(-2.48854539569,-10.43120220564));
#1564 = CARTESIAN_POINT('',(-2.489849276943,-10.43120216896));
#1565 = CARTESIAN_POINT('',(-2.491153139282,-10.43120213234));
#1566 = CARTESIAN_POINT('',(-2.492456273295,-10.43120209577));
#1567 = CARTESIAN_POINT('',(-2.49375883943,-10.43120205926));
#1568 = CARTESIAN_POINT('',(-2.496356258048,-10.43120198663));
#1569 = CARTESIAN_POINT('',(-2.497648636596,-10.43120195051));
#1570 = CARTESIAN_POINT('',(-2.498941622428,-10.43120191445));
#1571 = CARTESIAN_POINT('',(-2.500235315453,-10.43120187844));
#1572 = CARTESIAN_POINT('',(-2.50152898999,-10.43120184248));
#1573 = CARTESIAN_POINT('',(-2.502821957839,-10.43120180658));
#1574 = CARTESIAN_POINT('',(-2.504114374888,-10.43120177073));
#1575 = CARTESIAN_POINT('',(-2.506691501184,-10.43120169943));
#1576 = CARTESIAN_POINT('',(-2.507973810191,-10.43120166397));
#1577 = CARTESIAN_POINT('',(-2.509256708548,-10.43120162857));
#1578 = CARTESIAN_POINT('',(-2.510540292978,-10.43120159322));
#1579 = CARTESIAN_POINT('',(-2.511823859336,-10.43120155793));
#1580 = CARTESIAN_POINT('',(-2.513106740118,-10.43120152269));
#1581 = CARTESIAN_POINT('',(-2.514389086756,-10.4312014875));
#1582 = CARTESIAN_POINT('',(-2.516946079263,-10.43120141751));
#1583 = CARTESIAN_POINT('',(-2.518218396213,-10.43120138271));
#1584 = CARTESIAN_POINT('',(-2.519491270421,-10.43120134796));
#1585 = CARTESIAN_POINT('',(-2.520764826183,-10.43120131326));
#1586 = CARTESIAN_POINT('',(-2.522038387209,-10.43120127862));
#1587 = CARTESIAN_POINT('',(-2.523311274573,-10.43120124403));
#1588 = CARTESIAN_POINT('',(-2.524583604682,-10.4312012095));
#1589 = CARTESIAN_POINT('',(-2.527120620694,-10.43120114081));
#1590 = CARTESIAN_POINT('',(-2.528383023721,-10.43120110665));
#1591 = CARTESIAN_POINT('',(-2.529645967176,-10.43120107255));
#1592 = CARTESIAN_POINT('',(-2.53090957163,-10.4312010385));
#1593 = CARTESIAN_POINT('',(-2.532173181228,-10.4312010045));
#1594 = CARTESIAN_POINT('',(-2.533436137539,-10.43120097056));
#1595 = CARTESIAN_POINT('',(-2.534698553425,-10.43120093667));
#1596 = CARTESIAN_POINT('',(-2.53721574901,-10.43120086927));
#1597 = CARTESIAN_POINT('',(-2.538468314973,-10.43120083575));
#1598 = CARTESIAN_POINT('',(-2.539721404949,-10.43120080228));
#1599 = CARTESIAN_POINT('',(-2.540975135878,-10.43120076887));
#1600 = CARTESIAN_POINT('',(-2.542228871833,-10.43120073551));
#1601 = CARTESIAN_POINT('',(-2.543481974372,-10.43120070221));
#1602 = CARTESIAN_POINT('',(-2.5447345529,-10.43120066896));
#1603 = CARTESIAN_POINT('',(-2.548475950789,-10.43120056988));
#1604 = CARTESIAN_POINT('',(-2.550959207526,-10.43120050421));
#1605 = CARTESIAN_POINT('',(-2.553452764572,-10.4312004388));
#1606 = CARTESIAN_POINT('',(-2.55593574659,-10.43120037343));
#1607 = CARTESIAN_POINT('',(-2.558419907296,-10.43120030849));
#1608 = CARTESIAN_POINT('',(-2.560912768924,-10.43120024366));
#1609 = CARTESIAN_POINT('',(-2.563396292638,-10.43120017907));
#1610 = CARTESIAN_POINT('',(-2.568332893344,-10.43120005129));
#1611 = CARTESIAN_POINT('',(-2.570777558234,-10.43119998812));
#1612 = CARTESIAN_POINT('',(-2.573231748894,-10.43119992515));
#1613 = CARTESIAN_POINT('',(-2.575676632633,-10.43119986239));
#1614 = CARTESIAN_POINT('',(-2.578121455485,-10.43119979984));
#1615 = CARTESIAN_POINT('',(-2.580575587537,-10.4311997375));
#1616 = CARTESIAN_POINT('',(-2.583020381049,-10.43119967537));
#1617 = CARTESIAN_POINT('',(-2.587879847408,-10.4311995525));
#1618 = CARTESIAN_POINT('',(-2.590286507406,-10.43119949176));
#1619 = CARTESIAN_POINT('',(-2.592702105849,-10.43119943122));
#1620 = CARTESIAN_POINT('',(-2.595108972641,-10.43119937088));
#1621 = CARTESIAN_POINT('',(-2.597515781364,-10.43119931076));
#1622 = CARTESIAN_POINT('',(-2.599931323915,-10.43119925083));
#1623 = CARTESIAN_POINT('',(-2.602338106581,-10.43119919112));
#1624 = CARTESIAN_POINT('',(-2.607121643815,-10.43119907303));
#1625 = CARTESIAN_POINT('',(-2.609490883803,-10.43119901466));
#1626 = CARTESIAN_POINT('',(-2.611868504429,-10.43119895648));
#1627 = CARTESIAN_POINT('',(-2.614237939711,-10.43119889851));
#1628 = CARTESIAN_POINT('',(-2.616607319634,-10.43119884074));
#1629 = CARTESIAN_POINT('',(-2.618984886977,-10.43119878318));
#1630 = CARTESIAN_POINT('',(-2.621354243909,-10.43119872581));
#1631 = CARTESIAN_POINT('',(-2.62606303841,-10.43119861239));
#1632 = CARTESIAN_POINT('',(-2.628395434475,-10.43119855632));
#1633 = CARTESIAN_POINT('',(-2.630735681646,-10.43119850045));
#1634 = CARTESIAN_POINT('',(-2.633068262042,-10.43119844479));
#1635 = CARTESIAN_POINT('',(-2.635400789682,-10.43119838932));
#1636 = CARTESIAN_POINT('',(-2.637740986072,-10.43119833405));
#1637 = CARTESIAN_POINT('',(-2.640073493584,-10.43119827898));
#1638 = CARTESIAN_POINT('',(-2.644708713206,-10.43119817009));
#1639 = CARTESIAN_POINT('',(-2.647004832776,-10.43119811628));
#1640 = CARTESIAN_POINT('',(-2.649308300971,-10.43119806265));
#1641 = CARTESIAN_POINT('',(-2.651604594424,-10.43119800923));
#1642 = CARTESIAN_POINT('',(-2.653900837619,-10.431197956));
#1643 = CARTESIAN_POINT('',(-2.656204257439,-10.43119790296));
#1644 = CARTESIAN_POINT('',(-2.658500483176,-10.43119785012));
#1645 = CARTESIAN_POINT('',(-2.663063277527,-10.43119774566));
#1646 = CARTESIAN_POINT('',(-2.665323679492,-10.43119769403));
#1647 = CARTESIAN_POINT('',(-2.667590953481,-10.4311976426));
#1648 = CARTESIAN_POINT('',(-2.669851519377,-10.43119759135));
#1649 = CARTESIAN_POINT('',(-2.672112037414,-10.4311975403));
#1650 = CARTESIAN_POINT('',(-2.674379265336,-10.43119748944));
#1651 = CARTESIAN_POINT('',(-2.676639768404,-10.43119743877));
#1652 = CARTESIAN_POINT('',(-2.681131269127,-10.43119733861));
#1653 = CARTESIAN_POINT('',(-2.683357981405,-10.43119728911));
#1654 = CARTESIAN_POINT('',(-2.685585386021,-10.4311972398));
#1655 = CARTESIAN_POINT('',(-2.68781354911,-10.43119719068));
#1656 = CARTESIAN_POINT('',(-2.690041665324,-10.43119714175));
#1657 = CARTESIAN_POINT('',(-2.692269024351,-10.431197093));
#1658 = CARTESIAN_POINT('',(-2.694495834243,-10.43119704445));
#1659 = CARTESIAN_POINT('',(-2.698917155299,-10.43119694847));
#1660 = CARTESIAN_POINT('',(-2.70110914379,-10.43119690105));
#1661 = CARTESIAN_POINT('',(-2.703301779626,-10.4311968538));
#1662 = CARTESIAN_POINT('',(-2.705495123207,-10.43119680674));
#1663 = CARTESIAN_POINT('',(-2.707688422182,-10.43119675987));
#1664 = CARTESIAN_POINT('',(-2.709881014637,-10.43119671318));
#1665 = CARTESIAN_POINT('',(-2.712073096016,-10.43119666668));
#1666 = CARTESIAN_POINT('',(-2.716425333963,-10.43119657477));
#1667 = CARTESIAN_POINT('',(-2.718583154017,-10.43119652936));
#1668 = CARTESIAN_POINT('',(-2.720741526219,-10.43119648412));
#1669 = CARTESIAN_POINT('',(-2.722900579286,-10.43119643907));
#1670 = CARTESIAN_POINT('',(-2.725059644996,-10.4311963942));
#1671 = CARTESIAN_POINT('',(-2.727218048807,-10.43119634951));
#1672 = CARTESIAN_POINT('',(-2.729375900475,-10.431196305));
#1673 = CARTESIAN_POINT('',(-2.733660134734,-10.43119621704));
#1674 = CARTESIAN_POINT('',(-2.735784300654,-10.43119617358));
#1675 = CARTESIAN_POINT('',(-2.737908980641,-10.4311961303));
#1676 = CARTESIAN_POINT('',(-2.74003429472,-10.4311960872));
#1677 = CARTESIAN_POINT('',(-2.742159620823,-10.43119604427));
#1678 = CARTESIAN_POINT('',(-2.744284330867,-10.43119600152));
#1679 = CARTESIAN_POINT('',(-2.74640852685,-10.43119595895));
#1680 = CARTESIAN_POINT('',(-2.752717863026,-10.43119583309));
#1681 = CARTESIAN_POINT('',(-2.756897620479,-10.43119575032));
#1682 = CARTESIAN_POINT('',(-2.761087574958,-10.43119566818));
#1683 = CARTESIAN_POINT('',(-2.765266445414,-10.43119558687));
#1684 = CARTESIAN_POINT('',(-2.769448043129,-10.43119550614));
#1685 = CARTESIAN_POINT('',(-2.773636388538,-10.43119542617));
#1686 = CARTESIAN_POINT('',(-2.77781676373,-10.43119534688));
#1687 = CARTESIAN_POINT('',(-2.786054183344,-10.43119519216));
#1688 = CARTESIAN_POINT('',(-2.790103875968,-10.43119511669));
#1689 = CARTESIAN_POINT('',(-2.794161756658,-10.43119504188));
#1690 = CARTESIAN_POINT('',(-2.79821176169,-10.43119496774));
#1691 = CARTESIAN_POINT('',(-2.802261633589,-10.43119489425));
#1692 = CARTESIAN_POINT('',(-2.806319386138,-10.43119482144));
#1693 = CARTESIAN_POINT('',(-2.810369360013,-10.4311947493));
#1694 = CARTESIAN_POINT('',(-2.818349360368,-10.43119460858));
#1695 = CARTESIAN_POINT('',(-2.822272912541,-10.43119453998));
#1696 = CARTESIAN_POINT('',(-2.826203464303,-10.43119447199));
#1697 = CARTESIAN_POINT('',(-2.830127292854,-10.43119440465));
#1698 = CARTESIAN_POINT('',(-2.834051001543,-10.43119433794));
#1699 = CARTESIAN_POINT('',(-2.837981437937,-10.43119427186));
#1700 = CARTESIAN_POINT('',(-2.841905243327,-10.43119420642));
#1701 = CARTESIAN_POINT('',(-2.849635868767,-10.43119407885));
#1702 = CARTESIAN_POINT('',(-2.853438523987,-10.43119401668));
#1703 = CARTESIAN_POINT('',(-2.857241913262,-10.4311939551));
#1704 = CARTESIAN_POINT('',(-2.861045993398,-10.43119389413));
#1705 = CARTESIAN_POINT('',(-2.864849962661,-10.43119383376));
#1706 = CARTESIAN_POINT('',(-2.868653244109,-10.431193774));
#1707 = CARTESIAN_POINT('',(-2.87245613022,-10.43119371485));
#1708 = CARTESIAN_POINT('',(-2.883630258592,-10.43119354286));
#1709 = CARTESIAN_POINT('',(-2.890995735359,-10.4311934317));
#1710 = CARTESIAN_POINT('',(-2.898372884518,-10.43119332288));
#1711 = CARTESIAN_POINT('',(-2.905735824284,-10.4311932162));
#1712 = CARTESIAN_POINT('',(-2.913105748174,-10.43119311203));
#1713 = CARTESIAN_POINT('',(-2.920478776766,-10.43119301007));
#1714 = CARTESIAN_POINT('',(-2.927845835501,-10.43119291047));
#1715 = CARTESIAN_POINT('',(-2.942125539758,-10.43119272198));
#1716 = CARTESIAN_POINT('',(-2.949033510165,-10.43119263284));
#1717 = CARTESIAN_POINT('',(-2.955942545815,-10.43119254574));
#1718 = CARTESIAN_POINT('',(-2.962852306586,-10.43119246072));
#1719 = CARTESIAN_POINT('',(-2.969761756831,-10.43119237776));
#1720 = CARTESIAN_POINT('',(-2.976670490494,-10.43119229688));
#1721 = CARTESIAN_POINT('',(-2.983579107588,-10.43119221808));
#1722 = CARTESIAN_POINT('',(-3.003444019137,-10.43119199753));
#1723 = CARTESIAN_POINT('',(-3.016395866657,-10.43119186104));
#1724 = CARTESIAN_POINT('',(-3.029354999125,-10.43119173192));
#1725 = CARTESIAN_POINT('',(-3.042308341825,-10.43119161021));
#1726 = CARTESIAN_POINT('',(-3.05526077891,-10.43119149594));
#1727 = CARTESIAN_POINT('',(-3.068219039809,-10.43119138914));
#1728 = CARTESIAN_POINT('',(-3.081172800762,-10.43119128984));
#1729 = CARTESIAN_POINT('',(-3.116800088929,-10.43119103744));
#1730 = CARTESIAN_POINT('',(-3.139469191029,-10.43119089985));
#1731 = CARTESIAN_POINT('',(-3.1621500602,-10.43119078535));
#1732 = CARTESIAN_POINT('',(-3.184805748004,-10.43119069421));
#1733 = CARTESIAN_POINT('',(-3.207496126432,-10.43119062636));
#1734 = CARTESIAN_POINT('',(-3.230156529438,-10.43119058191));
#1735 = CARTESIAN_POINT('',(-3.252833489999,-10.43119056084));
#1736 = CARTESIAN_POINT('',(-3.292509335233,-10.43119056493));
#1737 = CARTESIAN_POINT('',(-3.309516110182,-10.43119057984));
#1738 = CARTESIAN_POINT('',(-3.326517854464,-10.4311906079));
#1739 = CARTESIAN_POINT('',(-3.343521114946,-10.43119064915));
#1740 = CARTESIAN_POINT('',(-3.360533104831,-10.43119070354));
#1741 = CARTESIAN_POINT('',(-3.377529699001,-10.43119077098));
#1742 = CARTESIAN_POINT('',(-3.394538451346,-10.43119085155));
#1743 = CARTESIAN_POINT('',(-3.424295335687,-10.43119101533));
#1744 = CARTESIAN_POINT('',(-3.437051772756,-10.43119109287));
#1745 = CARTESIAN_POINT('',(-3.44980027099,-10.43119117771));
#1746 = CARTESIAN_POINT('',(-3.462556634313,-10.43119126985));
#1747 = CARTESIAN_POINT('',(-3.47531298324,-10.43119136927));
#1748 = CARTESIAN_POINT('',(-3.488061467619,-10.43119147593));
#1749 = CARTESIAN_POINT('',(-3.500817935105,-10.43119158981));
#1750 = CARTESIAN_POINT('',(-3.523135598373,-10.4311918017));
#1751 = CARTESIAN_POINT('',(-3.532701582745,-10.43119189655));
#1752 = CARTESIAN_POINT('',(-3.542266862649,-10.43119199543));
#1753 = CARTESIAN_POINT('',(-3.55183146783,-10.43119209834));
#1754 = CARTESIAN_POINT('',(-3.561396174074,-10.43119220525));
#1755 = CARTESIAN_POINT('',(-3.57096155226,-10.43119231614));
#1756 = CARTESIAN_POINT('',(-3.580527326147,-10.43119243102));
#1757 = CARTESIAN_POINT('',(-3.604439108096,-10.43119272809));
#1758 = CARTESIAN_POINT('',(-3.618789401131,-10.43119291524));
#1759 = CARTESIAN_POINT('',(-3.633132791298,-10.43119311124));
#1760 = CARTESIAN_POINT('',(-3.647482275579,-10.43119331603));
#1761 = CARTESIAN_POINT('',(-3.661832235009,-10.43119352955));
#1762 = CARTESIAN_POINT('',(-3.676176082446,-10.43119375172));
#1763 = CARTESIAN_POINT('',(-3.690525371513,-10.43119398248));
#1764 = CARTESIAN_POINT('',(-3.719219509377,-10.43119446102));
#1765 = CARTESIAN_POINT('',(-3.733567212727,-10.4311947088));
#1766 = CARTESIAN_POINT('',(-3.747914767132,-10.43119496502));
#1767 = CARTESIAN_POINT('',(-3.76226195678,-10.4311952296));
#1768 = CARTESIAN_POINT('',(-3.776608908981,-10.43119550245));
#1769 = CARTESIAN_POINT('',(-3.790955869742,-10.43119578349));
#1770 = CARTESIAN_POINT('',(-3.805302979341,-10.43119607264));
#1771 = CARTESIAN_POINT('',(-3.819650047897,-10.43119636979));
#1772 = ( GEOMETRIC_REPRESENTATION_CONTEXT(2) 
PARAMETRIC_REPRESENTATION_CONTEXT() REPRESENTATION_CONTEXT('2D SPACE',''
  ) );
#1773 = ORIENTED_EDGE('',*,*,#1774,.T.);
#1774 = EDGE_CURVE('',#1517,#1431,#1775,.T.);
#1775 = SURFACE_CURVE('',#1776,(#1781,#1794),.PCURVE_S1.);
#1776 = CIRCLE('',#1777,1.617744373929);
#1777 = AXIS2_PLACEMENT_3D('',#1778,#1779,#1780);
#1778 = CARTESIAN_POINT('',(346.33381241478,10.43151158368,
    84.846554469732));
#1779 = DIRECTION('',(1.240031182027E-04,0.999999987507,
    -9.803164285402E-05));
#1780 = DIRECTION('',(0.883991999173,-1.554477555322E-04,-0.467502001315
    ));
#1781 = PCURVE('',#1340,#1782);
#1782 = DEFINITIONAL_REPRESENTATION('',(#1783),#1793);
#1783 = B_SPLINE_CURVE_WITH_KNOTS('',8,(#1784,#1785,#1786,#1787,#1788,
    #1789,#1790,#1791,#1792),.UNSPECIFIED.,.F.,.F.,(9,9),(0.,
    0.434249253667),.PIECEWISE_BEZIER_KNOTS.);
#1784 = CARTESIAN_POINT('',(-3.033457585534,2.829558017838));
#1785 = CARTESIAN_POINT('',(-2.992404814701,2.907184039698));
#1786 = CARTESIAN_POINT('',(-2.946536466005,2.982263328078));
#1787 = CARTESIAN_POINT('',(-2.896036861398,3.054447355825));
#1788 = CARTESIAN_POINT('',(-2.841120583637,3.12340360519));
#1789 = CARTESIAN_POINT('',(-2.782030763037,3.188818850438));
#1790 = CARTESIAN_POINT('',(-2.719036829241,3.250402196776));
#1791 = CARTESIAN_POINT('',(-2.652431910089,3.307887756548));
#1792 = CARTESIAN_POINT('',(-2.582529851151,3.361036899674));
#1793 = ( GEOMETRIC_REPRESENTATION_CONTEXT(2) 
PARAMETRIC_REPRESENTATION_CONTEXT() REPRESENTATION_CONTEXT('2D SPACE',''
  ) );
#1794 = PCURVE('',#1795,#1800);
#1795 = CYLINDRICAL_SURFACE('',#1796,1.634294512045);
#1796 = AXIS2_PLACEMENT_3D('',#1797,#1798,#1799);
#1797 = CARTESIAN_POINT('',(346.31939482957,1.530634444426E-12,
    84.855180630201));
#1798 = DIRECTION('',(-3.467625113768E-15,1.,-3.885780586188E-15));
#1799 = DIRECTION('',(-0.763588887518,-1.387808843263E-16,0.645702726383
    ));
#1800 = DEFINITIONAL_REPRESENTATION('',(#1801),#1951);
#1801 = B_SPLINE_CURVE_WITH_KNOTS('',8,(#1802,#1803,#1804,#1805,#1806,
    #1807,#1808,#1809,#1810,#1811,#1812,#1813,#1814,#1815,#1816,#1817,
    #1818,#1819,#1820,#1821,#1822,#1823,#1824,#1825,#1826,#1827,#1828,
    #1829,#1830,#1831,#1832,#1833,#1834,#1835,#1836,#1837,#1838,#1839,
    #1840,#1841,#1842,#1843,#1844,#1845,#1846,#1847,#1848,#1849,#1850,
    #1851,#1852,#1853,#1854,#1855,#1856,#1857,#1858,#1859,#1860,#1861,
    #1862,#1863,#1864,#1865,#1866,#1867,#1868,#1869,#1870,#1871,#1872,
    #1873,#1874,#1875,#1876,#1877,#1878,#1879,#1880,#1881,#1882,#1883,
    #1884,#1885,#1886,#1887,#1888,#1889,#1890,#1891,#1892,#1893,#1894,
    #1895,#1896,#1897,#1898,#1899,#1900,#1901,#1902,#1903,#1904,#1905,
    #1906,#1907,#1908,#1909,#1910,#1911,#1912,#1913,#1914,#1915,#1916,
    #1917,#1918,#1919,#1920,#1921,#1922,#1923,#1924,#1925,#1926,#1927,
    #1928,#1929,#1930,#1931,#1932,#1933,#1934,#1935,#1936,#1937,#1938,
    #1939,#1940,#1941,#1942,#1943,#1944,#1945,#1946,#1947,#1948,#1949,
    #1950),.UNSPECIFIED.,.F.,.F.,(9,7,7,7,7,7,7,7,7,7,7,7,7,7,7,7,7,7,7,
    7,7,9),(0.,2.714057835413E-02,5.258487056115E-02,7.643889450524E-02,
    9.880204195282E-02,0.140732943417,0.177422482198,0.241629175065,
    0.289784194716,0.307842327085,0.323643192907,0.337468950502,
    0.349566488398,0.360151834056,0.369414011508,0.377518416778,
    0.391701126,0.402338157917,0.410315931854,0.42228259276,
    0.428265923213,0.434249253667),.UNSPECIFIED.);
#1802 = CARTESIAN_POINT('',(-3.356531454031,10.431260108946));
#1803 = CARTESIAN_POINT('',(-3.353173238058,10.4312599515));
#1804 = CARTESIAN_POINT('',(-3.349817776745,10.431259797362));
#1805 = CARTESIAN_POINT('',(-3.346455981502,10.431259646535));
#1806 = CARTESIAN_POINT('',(-3.343100538404,10.431259499021));
#1807 = CARTESIAN_POINT('',(-3.339745030227,10.431259354822));
#1808 = CARTESIAN_POINT('',(-3.336383172228,10.431259213942));
#1809 = CARTESIAN_POINT('',(-3.333027847986,10.431259076383));
#1810 = CARTESIAN_POINT('',(-3.326521303808,10.431258816301));
#1811 = CARTESIAN_POINT('',(-3.32337425885,10.431258693376));
#1812 = CARTESIAN_POINT('',(-3.320226625872,10.431258573373));
#1813 = CARTESIAN_POINT('',(-3.317078238552,10.431258456295));
#1814 = CARTESIAN_POINT('',(-3.31392983191,10.431258342143));
#1815 = CARTESIAN_POINT('',(-3.310782180107,10.43125823092));
#1816 = CARTESIAN_POINT('',(-3.307635175269,10.431258122626));
#1817 = CARTESIAN_POINT('',(-3.301535289891,10.431257918487));
#1818 = CARTESIAN_POINT('',(-3.298584971924,10.431257822286));
#1819 = CARTESIAN_POINT('',(-3.295634050275,10.431257728663));
#1820 = CARTESIAN_POINT('',(-3.292682419864,10.431257637619));
#1821 = CARTESIAN_POINT('',(-3.28973080505,10.431257549156));
#1822 = CARTESIAN_POINT('',(-3.286779898596,10.431257463275));
#1823 = CARTESIAN_POINT('',(-3.283829548245,10.431257379975));
#1824 = CARTESIAN_POINT('',(-3.278110905873,10.431257223589));
#1825 = CARTESIAN_POINT('',(-3.27534495387,10.43125715019));
#1826 = CARTESIAN_POINT('',(-3.27257846556,10.431257079062));
#1827 = CARTESIAN_POINT('',(-3.269811315579,10.431257010206));
#1828 = CARTESIAN_POINT('',(-3.267044153562,10.431256943625));
#1829 = CARTESIAN_POINT('',(-3.264277635177,10.431256879317));
#1830 = CARTESIAN_POINT('',(-3.261511653165,10.431256817285));
#1831 = CARTESIAN_POINT('',(-3.253556284391,10.431256645484));
#1832 = CARTESIAN_POINT('',(-3.248372154445,10.43125654144));
#1833 = CARTESIAN_POINT('',(-3.243178802222,10.431256445403));
#1834 = CARTESIAN_POINT('',(-3.237994149727,10.431256357374));
#1835 = CARTESIAN_POINT('',(-3.232809763217,10.431256277358));
#1836 = CARTESIAN_POINT('',(-3.227616667483,10.431256205361));
#1837 = CARTESIAN_POINT('',(-3.222431977296,10.431256141382));
#1838 = CARTESIAN_POINT('',(-3.212703947707,10.431256036461));
#1839 = CARTESIAN_POINT('',(-3.208165716368,10.43125599364));
#1840 = CARTESIAN_POINT('',(-3.203626427534,10.431255956962));
#1841 = CARTESIAN_POINT('',(-3.19908645954,10.431255926429));
#1842 = CARTESIAN_POINT('',(-3.194546823559,10.431255902041));
#1843 = CARTESIAN_POINT('',(-3.190007858193,10.4312558838));
#1844 = CARTESIAN_POINT('',(-3.185468937458,10.431255871705));
#1845 = CARTESIAN_POINT('',(-3.172984637928,10.431255855348));
#1846 = CARTESIAN_POINT('',(-3.165042172813,10.431255863764));
#1847 = CARTESIAN_POINT('',(-3.157097199828,10.431255891006));
#1848 = CARTESIAN_POINT('',(-3.149151920257,10.431255937073));
#1849 = CARTESIAN_POINT('',(-3.141208136521,10.431256001959));
#1850 = CARTESIAN_POINT('',(-3.13326462083,10.431256085659));
#1851 = CARTESIAN_POINT('',(-3.125319049597,10.431256188164));
#1852 = CARTESIAN_POINT('',(-3.111416094213,10.431256400433));
#1853 = CARTESIAN_POINT('',(-3.105456122678,10.431256501976));
#1854 = CARTESIAN_POINT('',(-3.099500709201,10.431256614084));
#1855 = CARTESIAN_POINT('',(-3.093539109657,10.431256736754));
#1856 = CARTESIAN_POINT('',(-3.087578617481,10.431256869976));
#1857 = CARTESIAN_POINT('',(-3.08162427179,10.431257013742));
#1858 = CARTESIAN_POINT('',(-3.075661967677,10.431257168047));
#1859 = CARTESIAN_POINT('',(-3.0674691633,10.431257394693));
#1860 = CARTESIAN_POINT('',(-3.065233887878,10.431257457986));
#1861 = CARTESIAN_POINT('',(-3.062999066623,10.431257522759));
#1862 = CARTESIAN_POINT('',(-3.060764756116,10.431257589011));
#1863 = CARTESIAN_POINT('',(-3.058530390772,10.431257656743));
#1864 = CARTESIAN_POINT('',(-3.056295432497,10.431257725953));
#1865 = CARTESIAN_POINT('',(-3.054060020342,10.431257796641));
#1866 = CARTESIAN_POINT('',(-3.049870519995,10.431257931952));
#1867 = CARTESIAN_POINT('',(-3.047914417812,10.431257996228));
#1868 = CARTESIAN_POINT('',(-3.045958824965,10.431258061634));
#1869 = CARTESIAN_POINT('',(-3.044003817573,10.431258128172));
#1870 = CARTESIAN_POINT('',(-3.042048765366,10.431258195839));
#1871 = CARTESIAN_POINT('',(-3.040093060541,10.431258264635));
#1872 = CARTESIAN_POINT('',(-3.038136846615,10.431258334561));
#1873 = CARTESIAN_POINT('',(-3.034471035351,10.431258467789));
#1874 = CARTESIAN_POINT('',(-3.032759253468,10.431258530826));
#1875 = CARTESIAN_POINT('',(-3.031048008231,10.431258594727));
#1876 = CARTESIAN_POINT('',(-3.029337388193,10.431258659491));
#1877 = CARTESIAN_POINT('',(-3.027626731955,10.431258725119));
#1878 = CARTESIAN_POINT('',(-3.025915396266,10.43125879161));
#1879 = CARTESIAN_POINT('',(-3.024203524121,10.431258858964));
#1880 = CARTESIAN_POINT('',(-3.020995940502,10.431258986869));
#1881 = CARTESIAN_POINT('',(-3.019497976223,10.431259047219));
#1882 = CARTESIAN_POINT('',(-3.018000554683,10.431259108228));
#1883 = CARTESIAN_POINT('',(-3.016503771222,10.431259169898));
#1884 = CARTESIAN_POINT('',(-3.015006958785,10.431259232227));
#1885 = CARTESIAN_POINT('',(-3.013509464842,10.431259295215));
#1886 = CARTESIAN_POINT('',(-3.012011428312,10.431259358863));
#1887 = CARTESIAN_POINT('',(-3.009204793633,10.431259479438));
#1888 = CARTESIAN_POINT('',(-3.00789395093,10.431259536211));
#1889 = CARTESIAN_POINT('',(-3.006583641496,10.431259593488));
#1890 = CARTESIAN_POINT('',(-3.005273963128,10.431259651269));
#1891 = CARTESIAN_POINT('',(-3.003964261733,10.431259709555));
#1892 = CARTESIAN_POINT('',(-3.002653894762,10.431259768345));
#1893 = CARTESIAN_POINT('',(-3.001342994642,10.431259827638));
#1894 = CARTESIAN_POINT('',(-2.99888719008,10.431259939757));
#1895 = CARTESIAN_POINT('',(-2.997740104345,10.431259992465));
#1896 = CARTESIAN_POINT('',(-2.996593531481,10.431260045558));
#1897 = CARTESIAN_POINT('',(-2.995447568534,10.431260099037));
#1898 = CARTESIAN_POINT('',(-2.994301587395,10.431260152901));
#1899 = CARTESIAN_POINT('',(-2.993154969074,10.43126020715));
#1900 = CARTESIAN_POINT('',(-2.992007837977,10.431260261784));
#1901 = CARTESIAN_POINT('',(-2.989859009601,10.431260364945));
#1902 = CARTESIAN_POINT('',(-2.988855231955,10.431260413382));
#1903 = CARTESIAN_POINT('',(-2.987851939537,10.431260462113));
#1904 = CARTESIAN_POINT('',(-2.986849226361,10.431260511138));
#1905 = CARTESIAN_POINT('',(-2.98584649888,10.431260560458));
#1906 = CARTESIAN_POINT('',(-2.984843170721,10.431260610073));
#1907 = CARTESIAN_POINT('',(-2.983839357408,10.431260659982));
#1908 = CARTESIAN_POINT('',(-2.981081695033,10.43126079804));
#1909 = CARTESIAN_POINT('',(-2.979322879579,10.431260886795));
#1910 = CARTESIAN_POINT('',(-2.977573178521,10.431260976454));
#1911 = CARTESIAN_POINT('',(-2.975814255955,10.431261067012));
#1912 = CARTESIAN_POINT('',(-2.974055481605,10.431261158468));
#1913 = CARTESIAN_POINT('',(-2.972305923459,10.431261250825));
#1914 = CARTESIAN_POINT('',(-2.970546795778,10.431261344081));
#1915 = CARTESIAN_POINT('',(-2.9674757641,10.431261508851));
#1916 = CARTESIAN_POINT('',(-2.966156307385,10.431261579971));
#1917 = CARTESIAN_POINT('',(-2.964844453083,10.431261651601));
#1918 = CARTESIAN_POINT('',(-2.963524964033,10.431261723731));
#1919 = CARTESIAN_POINT('',(-2.962205561362,10.431261796364));
#1920 = CARTESIAN_POINT('',(-2.960893790347,10.431261869506));
#1921 = CARTESIAN_POINT('',(-2.959574151669,10.431261943151));
#1922 = CARTESIAN_POINT('',(-2.957270878735,10.431262072913));
#1923 = CARTESIAN_POINT('',(-2.956282534883,10.431262128808));
#1924 = CARTESIAN_POINT('',(-2.955294721213,10.431262184988));
#1925 = CARTESIAN_POINT('',(-2.954307649673,10.43126224145));
#1926 = CARTESIAN_POINT('',(-2.953320629423,10.431262298197));
#1927 = CARTESIAN_POINT('',(-2.952332865719,10.431262355226));
#1928 = CARTESIAN_POINT('',(-2.951344415353,10.431262412539));
#1929 = CARTESIAN_POINT('',(-2.9488766236,10.431262556528));
#1930 = CARTESIAN_POINT('',(-2.947391847819,10.431262643561));
#1931 = CARTESIAN_POINT('',(-2.94591601464,10.431262731181));
#1932 = CARTESIAN_POINT('',(-2.944432242315,10.431262819533));
#1933 = CARTESIAN_POINT('',(-2.942946344172,10.43126290846));
#1934 = CARTESIAN_POINT('',(-2.941471765573,10.431262998045));
#1935 = CARTESIAN_POINT('',(-2.939986508733,10.431263088257));
#1936 = CARTESIAN_POINT('',(-2.937765497093,10.431263224526));
#1937 = CARTESIAN_POINT('',(-2.937024060965,10.431263270109));
#1938 = CARTESIAN_POINT('',(-2.936283158672,10.431263315849));
#1939 = CARTESIAN_POINT('',(-2.935542898725,10.431263361749));
#1940 = CARTESIAN_POINT('',(-2.934802629771,10.431263407807));
#1941 = CARTESIAN_POINT('',(-2.934061704973,10.431263454024));
#1942 = CARTESIAN_POINT('',(-2.933320246386,10.431263500399));
#1943 = CARTESIAN_POINT('',(-2.931839572277,10.431263593468));
#1944 = CARTESIAN_POINT('',(-2.931098090915,10.43126364016));
#1945 = CARTESIAN_POINT('',(-2.930357165296,10.431263687011));
#1946 = CARTESIAN_POINT('',(-2.929616908559,10.431263734021));
#1947 = CARTESIAN_POINT('',(-2.928876642678,10.431263781189));
#1948 = CARTESIAN_POINT('',(-2.928135694208,10.431263828515));
#1949 = CARTESIAN_POINT('',(-2.927394190041,10.431263876));
#1950 = CARTESIAN_POINT('',(-2.926653853148,10.431263923643));
#1951 = ( GEOMETRIC_REPRESENTATION_CONTEXT(2) 
PARAMETRIC_REPRESENTATION_CONTEXT() REPRESENTATION_CONTEXT('2D SPACE',''
  ) );
#1952 = ADVANCED_FACE('',(#1953),#1795,.F.);
#1953 = FACE_BOUND('',#1954,.T.);
#1954 = EDGE_LOOP('',(#1955,#1956,#1982,#2015));
#1955 = ORIENTED_EDGE('',*,*,#1774,.F.);
#1956 = ORIENTED_EDGE('',*,*,#1957,.T.);
#1957 = EDGE_CURVE('',#1517,#1958,#1960,.T.);
#1958 = VERTEX_POINT('',#1959);
#1959 = CARTESIAN_POINT('',(347.76388549804,13.35000038147,
    84.090255737305));
#1960 = SURFACE_CURVE('',#1961,(#1965,#1972),.PCURVE_S1.);
#1961 = LINE('',#1962,#1963);
#1962 = CARTESIAN_POINT('',(347.76388549804,10.431260108948,
    84.090255737305));
#1963 = VECTOR('',#1964,1.);
#1964 = DIRECTION('',(0.,1.,0.));
#1965 = PCURVE('',#1795,#1966);
#1966 = DEFINITIONAL_REPRESENTATION('',(#1967),#1971);
#1967 = LINE('',#1968,#1969);
#1968 = CARTESIAN_POINT('',(-3.356531454031,10.431260108946));
#1969 = VECTOR('',#1970,1.);
#1970 = DIRECTION('',(-0.,1.));
#1971 = ( GEOMETRIC_REPRESENTATION_CONTEXT(2) 
PARAMETRIC_REPRESENTATION_CONTEXT() REPRESENTATION_CONTEXT('2D SPACE',''
  ) );
#1972 = PCURVE('',#1539,#1973);
#1973 = DEFINITIONAL_REPRESENTATION('',(#1974),#1981);
#1974 = B_SPLINE_CURVE_WITH_KNOTS('',5,(#1975,#1976,#1977,#1978,#1979,
    #1980),.UNSPECIFIED.,.F.,.F.,(6,6),(0.,2.918740272522),
  .PIECEWISE_BEZIER_KNOTS.);
#1975 = CARTESIAN_POINT('',(-3.819650047897,-10.43119636979));
#1976 = CARTESIAN_POINT('',(-3.819649879501,-11.0149444243));
#1977 = CARTESIAN_POINT('',(-3.81964971111,-11.5986924788));
#1978 = CARTESIAN_POINT('',(-3.819649542708,-12.1824405333));
#1979 = CARTESIAN_POINT('',(-3.819649374317,-12.76618858781));
#1980 = CARTESIAN_POINT('',(-3.819649205921,-13.34993664231));
#1981 = ( GEOMETRIC_REPRESENTATION_CONTEXT(2) 
PARAMETRIC_REPRESENTATION_CONTEXT() REPRESENTATION_CONTEXT('2D SPACE',''
  ) );
#1982 = ORIENTED_EDGE('',*,*,#1983,.T.);
#1983 = EDGE_CURVE('',#1958,#1984,#1986,.T.);
#1984 = VERTEX_POINT('',#1985);
#1985 = CARTESIAN_POINT('',(347.31295776367,13.35000038147,
    83.558776855469));
#1986 = SURFACE_CURVE('',#1987,(#1992,#1999),.PCURVE_S1.);
#1987 = CIRCLE('',#1988,1.617744393581);
#1988 = AXIS2_PLACEMENT_3D('',#1989,#1990,#1991);
#1989 = CARTESIAN_POINT('',(346.33381238352,13.35000038147,
    84.846554494465));
#1990 = DIRECTION('',(-1.071905728585E-13,1.,9.09447276597E-14));
#1991 = DIRECTION('',(0.883992007759,1.372724527779E-13,-0.467502010924)
  );
#1992 = PCURVE('',#1795,#1993);
#1993 = DEFINITIONAL_REPRESENTATION('',(#1994),#1998);
#1994 = LINE('',#1995,#1996);
#1995 = CARTESIAN_POINT('',(-3.357073018737,13.350000381468));
#1996 = VECTOR('',#1997,1.);
#1997 = DIRECTION('',(1.,-0.));
#1998 = ( GEOMETRIC_REPRESENTATION_CONTEXT(2) 
PARAMETRIC_REPRESENTATION_CONTEXT() REPRESENTATION_CONTEXT('2D SPACE',''
  ) );
#1999 = PCURVE('',#2000,#2005);
#2000 = PLANE('',#2001);
#2001 = AXIS2_PLACEMENT_3D('',#2002,#2003,#2004);
#2002 = CARTESIAN_POINT('',(347.79622988625,13.35000038147,
    84.843203841384));
#2003 = DIRECTION('',(0.,-1.,0.));
#2004 = DIRECTION('',(-0.,0.,1.));
#2005 = DEFINITIONAL_REPRESENTATION('',(#2006),#2014);
#2006 = ( BOUNDED_CURVE() B_SPLINE_CURVE(2,(#2007,#2008,#2009,#2010,
#2011,#2012,#2013),.UNSPECIFIED.,.T.,.F.) B_SPLINE_CURVE_WITH_KNOTS((1,2
    ,2,2,2,1),(-2.094395102393,0.,2.094395102393,4.188790204786,
6.28318530718,8.377580409573),.UNSPECIFIED.) CURVE() 
GEOMETRIC_REPRESENTATION_ITEM() RATIONAL_B_SPLINE_CURVE((1.,0.5,1.,0.5,
1.,0.5,1.)) REPRESENTATION_ITEM('') );
#2007 = CARTESIAN_POINT('',(-0.752948104079,3.234438821164E-02));
#2008 = CARTESIAN_POINT('',(-3.229907396971,1.342292261314));
#2009 = CARTESIAN_POINT('',(-0.856979614785,2.832427996547));
#2010 = CARTESIAN_POINT('',(1.515948167401,4.32256373178));
#2011 = CARTESIAN_POINT('',(1.619979678107,1.522480123445));
#2012 = CARTESIAN_POINT('',(1.724011188813,-1.277603484891));
#2013 = CARTESIAN_POINT('',(-0.752948104079,3.234438821164E-02));
#2014 = ( GEOMETRIC_REPRESENTATION_CONTEXT(2) 
PARAMETRIC_REPRESENTATION_CONTEXT() REPRESENTATION_CONTEXT('2D SPACE',''
  ) );
#2015 = ORIENTED_EDGE('',*,*,#2016,.T.);
#2016 = EDGE_CURVE('',#1984,#1431,#2017,.T.);
#2017 = SURFACE_CURVE('',#2018,(#2022,#2029),.PCURVE_S1.);
#2018 = LINE('',#2019,#2020);
#2019 = CARTESIAN_POINT('',(347.31295776367,13.35000038147,
    83.558776855469));
#2020 = VECTOR('',#2021,1.);
#2021 = DIRECTION('',(0.,-1.,0.));
#2022 = PCURVE('',#1795,#2023);
#2023 = DEFINITIONAL_REPRESENTATION('',(#2024),#2028);
#2024 = LINE('',#2025,#2026);
#2025 = CARTESIAN_POINT('',(-2.926653853148,13.350000381468));
#2026 = VECTOR('',#2027,1.);
#2027 = DIRECTION('',(-0.,-1.));
#2028 = ( GEOMETRIC_REPRESENTATION_CONTEXT(2) 
PARAMETRIC_REPRESENTATION_CONTEXT() REPRESENTATION_CONTEXT('2D SPACE',''
  ) );
#2029 = PCURVE('',#2030,#2035);
#2030 = CYLINDRICAL_SURFACE('',#2031,1.945636083029);
#2031 = AXIS2_PLACEMENT_3D('',#2032,#2033,#2034);
#2032 = CARTESIAN_POINT('',(345.90460327083,-5.957647752951E-05,
    84.899843253509));
#2033 = DIRECTION('',(-9.133443641611E-08,-1.,-3.296057385226E-07));
#2034 = DIRECTION('',(-0.999927912636,8.737025591343E-08,
    1.200706171465E-02));
#2035 = DEFINITIONAL_REPRESENTATION('',(#2036),#2043);
#2036 = B_SPLINE_CURVE_WITH_KNOTS('',5,(#2037,#2038,#2039,#2040,#2041,
    #2042),.UNSPECIFIED.,.F.,.F.,(6,6),(0.,2.918736457825),
  .PIECEWISE_BEZIER_KNOTS.);
#2037 = CARTESIAN_POINT('',(2.392668436895,-13.35005964455));
#2038 = CARTESIAN_POINT('',(2.392668527408,-12.76631235299));
#2039 = CARTESIAN_POINT('',(2.392668618128,-12.18256506142));
#2040 = CARTESIAN_POINT('',(2.392668708443,-11.59881776986));
#2041 = CARTESIAN_POINT('',(2.392668799162,-11.01507047829));
#2042 = CARTESIAN_POINT('',(2.392668889676,-10.43132318673));
#2043 = ( GEOMETRIC_REPRESENTATION_CONTEXT(2) 
PARAMETRIC_REPRESENTATION_CONTEXT() REPRESENTATION_CONTEXT('2D SPACE',''
  ) );
#2044 = ADVANCED_FACE('',(#2045),#2030,.T.);
#2045 = FACE_BOUND('',#2046,.T.);
#2046 = EDGE_LOOP('',(#2047,#2132,#2133,#2422,#2453,#2564,#2628,#2652,
    #2721));
#2047 = ORIENTED_EDGE('',*,*,#2048,.F.);
#2048 = EDGE_CURVE('',#1431,#2049,#2051,.T.);
#2049 = VERTEX_POINT('',#2050);
#2050 = CARTESIAN_POINT('',(347.40737915039,10.430000305176,
    83.662933349609));
#2051 = SURFACE_CURVE('',#2052,(#2056,#2125),.PCURVE_S1.);
#2052 = LINE('',#2053,#2054);
#2053 = CARTESIAN_POINT('',(347.31295776367,10.431263923645,
    83.558776855469));
#2054 = VECTOR('',#2055,1.);
#2055 = DIRECTION('',(0.671607751315,-8.987963300867E-03,0.740852377258)
  );
#2056 = PCURVE('',#2030,#2057);
#2057 = DEFINITIONAL_REPRESENTATION('',(#2058),#2124);
#2058 = B_SPLINE_CURVE_WITH_KNOTS('',8,(#2059,#2060,#2061,#2062,#2063,
    #2064,#2065,#2066,#2067,#2068,#2069,#2070,#2071,#2072,#2073,#2074,
    #2075,#2076,#2077,#2078,#2079,#2080,#2081,#2082,#2083,#2084,#2085,
    #2086,#2087,#2088,#2089,#2090,#2091,#2092,#2093,#2094,#2095,#2096,
    #2097,#2098,#2099,#2100,#2101,#2102,#2103,#2104,#2105,#2106,#2107,
    #2108,#2109,#2110,#2111,#2112,#2113,#2114,#2115,#2116,#2117,#2118,
    #2119,#2120,#2121,#2122,#2123),.UNSPECIFIED.,.F.,.F.,(9,7,7,7,7,7,7,
    7,7,9),(0.,1.757375985716E-02,3.295079973218E-02,4.640570962283E-02,
    5.817875577714E-02,6.848017116218E-02,7.74939096241E-02,
    9.326795193249E-02,0.116929015395,0.140590078858),.UNSPECIFIED.);
#2059 = CARTESIAN_POINT('',(2.392668889676,-10.43132318673));
#2060 = CARTESIAN_POINT('',(2.393797554529,-10.43130344336));
#2061 = CARTESIAN_POINT('',(2.394929559349,-10.43128369999));
#2062 = CARTESIAN_POINT('',(2.396053762435,-10.43126395662));
#2063 = CARTESIAN_POINT('',(2.397186297832,-10.43124421326));
#2064 = CARTESIAN_POINT('',(2.398318496296,-10.43122446989));
#2065 = CARTESIAN_POINT('',(2.399442434422,-10.43120472652));
#2066 = CARTESIAN_POINT('',(2.400575358177,-10.43118498315));
#2067 = CARTESIAN_POINT('',(2.402691987289,-10.43114796434));
#2068 = CARTESIAN_POINT('',(2.403683381136,-10.4311306889));
#2069 = CARTESIAN_POINT('',(2.404667087339,-10.43111341339));
#2070 = CARTESIAN_POINT('',(2.405657196474,-10.43109613806));
#2071 = CARTESIAN_POINT('',(2.40665030399,-10.43107886251));
#2072 = CARTESIAN_POINT('',(2.407632287332,-10.43106158711));
#2073 = CARTESIAN_POINT('',(2.408624421701,-10.43104431166));
#2074 = CARTESIAN_POINT('',(2.410476641038,-10.4310119202));
#2075 = CARTESIAN_POINT('',(2.41134477665,-10.43099680418));
#2076 = CARTESIAN_POINT('',(2.412204312574,-10.43098168817));
#2077 = CARTESIAN_POINT('',(2.413072415785,-10.43096657215));
#2078 = CARTESIAN_POINT('',(2.413940478332,-10.43095145614));
#2079 = CARTESIAN_POINT('',(2.414799982273,-10.43093634012));
#2080 = CARTESIAN_POINT('',(2.415668228781,-10.4309212241));
#2081 = CARTESIAN_POINT('',(2.417288966847,-10.43089288158));
#2082 = CARTESIAN_POINT('',(2.418048693619,-10.43087965506));
#2083 = CARTESIAN_POINT('',(2.418800730126,-10.43086642855));
#2084 = CARTESIAN_POINT('',(2.419560326625,-10.43085320203));
#2085 = CARTESIAN_POINT('',(2.420319941086,-10.43083997552));
#2086 = CARTESIAN_POINT('',(2.42107199172,-10.43082674901));
#2087 = CARTESIAN_POINT('',(2.42183166951,-10.43081352249));
#2088 = CARTESIAN_POINT('',(2.423249794935,-10.43078872278));
#2089 = CARTESIAN_POINT('',(2.423914468689,-10.43077714958));
#2090 = CARTESIAN_POINT('',(2.424572608668,-10.43076557638));
#2091 = CARTESIAN_POINT('',(2.425237113287,-10.43075400318));
#2092 = CARTESIAN_POINT('',(2.425901664543,-10.43074242998));
#2093 = CARTESIAN_POINT('',(2.426559841199,-10.43073085678));
#2094 = CARTESIAN_POINT('',(2.427224387772,-10.43071928358));
#2095 = CARTESIAN_POINT('',(2.428465194594,-10.43069758383));
#2096 = CARTESIAN_POINT('',(2.429045350566,-10.43068745728));
#2097 = CARTESIAN_POINT('',(2.429624977715,-10.43067733073));
#2098 = CARTESIAN_POINT('',(2.430203947638,-10.43066720418));
#2099 = CARTESIAN_POINT('',(2.430782893348,-10.43065707764));
#2100 = CARTESIAN_POINT('',(2.431362457467,-10.43064695109));
#2101 = CARTESIAN_POINT('',(2.431942540427,-10.43063682454));
#2102 = CARTESIAN_POINT('',(2.433534813096,-10.43060897652));
#2103 = CARTESIAN_POINT('',(2.434551755641,-10.43059125506));
#2104 = CARTESIAN_POINT('',(2.43556051224,-10.4305735336));
#2105 = CARTESIAN_POINT('',(2.436576872137,-10.43055581214));
#2106 = CARTESIAN_POINT('',(2.437593495223,-10.43053809068));
#2107 = CARTESIAN_POINT('',(2.438602458793,-10.43052036922));
#2108 = CARTESIAN_POINT('',(2.439618683534,-10.43050264775));
#2109 = CARTESIAN_POINT('',(2.442151446221,-10.4304583441));
#2110 = CARTESIAN_POINT('',(2.443674897272,-10.43043176191));
#2111 = CARTESIAN_POINT('',(2.44519038809,-10.43040517971));
#2112 = CARTESIAN_POINT('',(2.446712108306,-10.43037859752));
#2113 = CARTESIAN_POINT('',(2.448234729174,-10.43035201533));
#2114 = CARTESIAN_POINT('',(2.44975092815,-10.43032543314));
#2115 = CARTESIAN_POINT('',(2.451271922473,-10.43029885094));
#2116 = CARTESIAN_POINT('',(2.454310146456,-10.43024568656));
#2117 = CARTESIAN_POINT('',(2.455830183554,-10.43021910437));
#2118 = CARTESIAN_POINT('',(2.457348190229,-10.43019252217));
#2119 = CARTESIAN_POINT('',(2.458866353037,-10.43016593998));
#2120 = CARTESIAN_POINT('',(2.460385824607,-10.43013935779));
#2121 = CARTESIAN_POINT('',(2.461904881363,-10.4301127756));
#2122 = CARTESIAN_POINT('',(2.463421414971,-10.4300861934));
#2123 = CARTESIAN_POINT('',(2.464939757511,-10.43005961121));
#2124 = ( GEOMETRIC_REPRESENTATION_CONTEXT(2) 
PARAMETRIC_REPRESENTATION_CONTEXT() REPRESENTATION_CONTEXT('2D SPACE',''
  ) );
#2125 = PCURVE('',#1448,#2126);
#2126 = DEFINITIONAL_REPRESENTATION('',(#2127),#2131);
#2127 = LINE('',#2128,#2129);
#2128 = CARTESIAN_POINT('',(2.011490402383E-02,0.941413892436));
#2129 = VECTOR('',#2130,1.);
#2130 = DIRECTION('',(-0.671667879167,-0.740852387521));
#2131 = ( GEOMETRIC_REPRESENTATION_CONTEXT(2) 
PARAMETRIC_REPRESENTATION_CONTEXT() REPRESENTATION_CONTEXT('2D SPACE',''
  ) );
#2132 = ORIENTED_EDGE('',*,*,#2016,.F.);
#2133 = ORIENTED_EDGE('',*,*,#2134,.T.);
#2134 = EDGE_CURVE('',#1984,#2135,#2137,.T.);
#2135 = VERTEX_POINT('',#2136);
#2136 = CARTESIAN_POINT('',(347.50903320312,13.35000038147,86.));
#2137 = SURFACE_CURVE('',#2138,(#2143,#2415),.PCURVE_S1.);
#2138 = CIRCLE('',#2139,1.943074107392);
#2139 = AXIS2_PLACEMENT_3D('',#2140,#2141,#2142);
#2140 = CARTESIAN_POINT('',(345.90718556939,13.35000038147,
    84.900172220237));
#2141 = DIRECTION('',(1.225365413971E-14,-1.,-9.841954127511E-16));
#2142 = DIRECTION('',(0.723478424691,9.544690736186E-15,-0.690346991741)
  );
#2143 = PCURVE('',#2030,#2144);
#2144 = DEFINITIONAL_REPRESENTATION('',(#2145),#2414);
#2145 = B_SPLINE_CURVE_WITH_KNOTS('',8,(#2146,#2147,#2148,#2149,#2150,
    #2151,#2152,#2153,#2154,#2155,#2156,#2157,#2158,#2159,#2160,#2161,
    #2162,#2163,#2164,#2165,#2166,#2167,#2168,#2169,#2170,#2171,#2172,
    #2173,#2174,#2175,#2176,#2177,#2178,#2179,#2180,#2181,#2182,#2183,
    #2184,#2185,#2186,#2187,#2188,#2189,#2190,#2191,#2192,#2193,#2194,
    #2195,#2196,#2197,#2198,#2199,#2200,#2201,#2202,#2203,#2204,#2205,
    #2206,#2207,#2208,#2209,#2210,#2211,#2212,#2213,#2214,#2215,#2216,
    #2217,#2218,#2219,#2220,#2221,#2222,#2223,#2224,#2225,#2226,#2227,
    #2228,#2229,#2230,#2231,#2232,#2233,#2234,#2235,#2236,#2237,#2238,
    #2239,#2240,#2241,#2242,#2243,#2244,#2245,#2246,#2247,#2248,#2249,
    #2250,#2251,#2252,#2253,#2254,#2255,#2256,#2257,#2258,#2259,#2260,
    #2261,#2262,#2263,#2264,#2265,#2266,#2267,#2268,#2269,#2270,#2271,
    #2272,#2273,#2274,#2275,#2276,#2277,#2278,#2279,#2280,#2281,#2282,
    #2283,#2284,#2285,#2286,#2287,#2288,#2289,#2290,#2291,#2292,#2293,
    #2294,#2295,#2296,#2297,#2298,#2299,#2300,#2301,#2302,#2303,#2304,
    #2305,#2306,#2307,#2308,#2309,#2310,#2311,#2312,#2313,#2314,#2315,
    #2316,#2317,#2318,#2319,#2320,#2321,#2322,#2323,#2324,#2325,#2326,
    #2327,#2328,#2329,#2330,#2331,#2332,#2333,#2334,#2335,#2336,#2337,
    #2338,#2339,#2340,#2341,#2342,#2343,#2344,#2345,#2346,#2347,#2348,
    #2349,#2350,#2351,#2352,#2353,#2354,#2355,#2356,#2357,#2358,#2359,
    #2360,#2361,#2362,#2363,#2364,#2365,#2366,#2367,#2368,#2369,#2370,
    #2371,#2372,#2373,#2374,#2375,#2376,#2377,#2378,#2379,#2380,#2381,
    #2382,#2383,#2384,#2385,#2386,#2387,#2388,#2389,#2390,#2391,#2392,
    #2393,#2394,#2395,#2396,#2397,#2398,#2399,#2400,#2401,#2402,#2403,
    #2404,#2405,#2406,#2407,#2408,#2409,#2410,#2411,#2412,#2413),
  .UNSPECIFIED.,.F.,.F.,(9,7,7,7,7,7,7,7,7,7,7,7,7,7,7,7,7,7,7,7,7,7,7,7
    ,7,7,7,7,7,7,7,7,7,7,7,7,7,7,9),(0.,1.065347004618E-02,
    2.122370985762E-02,3.171136967053E-02,4.211709464115E-02,
    5.244152488544E-02,6.268529551844E-02,7.284903669339E-02,
    8.29333736404E-02,9.293892670502E-02,0.102866311386,0.112716138375,
    0.12248901359,0.132185538217,0.141806308746,0.151351917005,
    0.1608229502,0.179617031696,0.198117455668,0.216328810515,
    0.234255612944,0.251902309084,0.269273275597,0.286372820758,
    0.303205185526,0.319774544595,0.352395470261,0.383996992,
    0.414610966185,0.444268253677,0.501729248192,0.55559893055,
    0.656604584971,1.010124375445,1.186884270681,1.23107424449,
    1.297359205204,1.330501685561,1.363644165918),.UNSPECIFIED.);
#2146 = CARTESIAN_POINT('',(2.392668436895,-13.35005964455));
#2147 = CARTESIAN_POINT('',(2.3939983664,-13.35005964533));
#2148 = CARTESIAN_POINT('',(2.395331922366,-13.35005964611));
#2149 = CARTESIAN_POINT('',(2.396657230544,-13.35005964689));
#2150 = CARTESIAN_POINT('',(2.39799063777,-13.35005964767));
#2151 = CARTESIAN_POINT('',(2.399324071208,-13.35005964845));
#2152 = CARTESIAN_POINT('',(2.400649404622,-13.35005964924));
#2153 = CARTESIAN_POINT('',(2.401982905238,-13.35005965002));
#2154 = CARTESIAN_POINT('',(2.404632374199,-13.35005965159));
#2155 = CARTESIAN_POINT('',(2.405955427831,-13.35005965237));
#2156 = CARTESIAN_POINT('',(2.407270489171,-13.35005965315));
#2157 = CARTESIAN_POINT('',(2.408593398401,-13.35005965393));
#2158 = CARTESIAN_POINT('',(2.409916333207,-13.35005965471));
#2159 = CARTESIAN_POINT('',(2.411231419171,-13.35005965549));
#2160 = CARTESIAN_POINT('',(2.412554418795,-13.35005965627));
#2161 = CARTESIAN_POINT('',(2.415183188805,-13.35005965783));
#2162 = CARTESIAN_POINT('',(2.41649582419,-13.35005965861));
#2163 = CARTESIAN_POINT('',(2.417800716144,-13.35005965938));
#2164 = CARTESIAN_POINT('',(2.419113211357,-13.35005966016));
#2165 = CARTESIAN_POINT('',(2.420425731523,-13.35005966095));
#2166 = CARTESIAN_POINT('',(2.4217306475,-13.35005966172));
#2167 = CARTESIAN_POINT('',(2.423043230194,-13.3500596625));
#2168 = CARTESIAN_POINT('',(2.425651462962,-13.35005966406));
#2169 = CARTESIAN_POINT('',(2.42695376349,-13.35005966483));
#2170 = CARTESIAN_POINT('',(2.428248562955,-13.35005966561));
#2171 = CARTESIAN_POINT('',(2.429550727437,-13.35005966638));
#2172 = CARTESIAN_POINT('',(2.43085291626,-13.35005966716));
#2173 = CARTESIAN_POINT('',(2.43214773916,-13.35005966794));
#2174 = CARTESIAN_POINT('',(2.433449988287,-13.35005966872));
#2175 = CARTESIAN_POINT('',(2.436037844261,-13.35005967027));
#2176 = CARTESIAN_POINT('',(2.437329892632,-13.35005967104));
#2177 = CARTESIAN_POINT('',(2.438614675949,-13.35005967182));
#2178 = CARTESIAN_POINT('',(2.4399065923,-13.35005967259));
#2179 = CARTESIAN_POINT('',(2.441198532393,-13.35005967337));
#2180 = CARTESIAN_POINT('',(2.442483338569,-13.35005967414));
#2181 = CARTESIAN_POINT('',(2.443775336805,-13.35005967491));
#2182 = CARTESIAN_POINT('',(2.446342975177,-13.35005967646));
#2183 = CARTESIAN_POINT('',(2.447624853406,-13.35005967723));
#2184 = CARTESIAN_POINT('',(2.448899696378,-13.350059678));
#2185 = CARTESIAN_POINT('',(2.450181446509,-13.35005967877));
#2186 = CARTESIAN_POINT('',(2.451463219796,-13.35005967954));
#2187 = CARTESIAN_POINT('',(2.452738085061,-13.35005968032));
#2188 = CARTESIAN_POINT('',(2.454019914394,-13.35005968109));
#2189 = CARTESIAN_POINT('',(2.456567493115,-13.35005968264));
#2190 = CARTESIAN_POINT('',(2.457839282536,-13.3500596834));
#2191 = CARTESIAN_POINT('',(2.459104260418,-13.35005968417));
#2192 = CARTESIAN_POINT('',(2.460375925568,-13.35005968494));
#2193 = CARTESIAN_POINT('',(2.461647613297,-13.35005968571));
#2194 = CARTESIAN_POINT('',(2.462912612919,-13.35005968648));
#2195 = CARTESIAN_POINT('',(2.464184354659,-13.35005968725));
#2196 = CARTESIAN_POINT('',(2.466712030445,-13.35005968879));
#2197 = CARTESIAN_POINT('',(2.467973811721,-13.35005968956));
#2198 = CARTESIAN_POINT('',(2.469228999229,-13.35005969032));
#2199 = CARTESIAN_POINT('',(2.470490659962,-13.35005969109));
#2200 = CARTESIAN_POINT('',(2.471752342713,-13.35005969186));
#2201 = CARTESIAN_POINT('',(2.473007551419,-13.35005969262));
#2202 = CARTESIAN_POINT('',(2.474269286204,-13.35005969339));
#2203 = CARTESIAN_POINT('',(2.476777214545,-13.35005969492));
#2204 = CARTESIAN_POINT('',(2.478029067669,-13.35005969569));
#2205 = CARTESIAN_POINT('',(2.479274538985,-13.35005969645));
#2206 = CARTESIAN_POINT('',(2.480526275203,-13.35005969722));
#2207 = CARTESIAN_POINT('',(2.481778032886,-13.35005969798));
#2208 = CARTESIAN_POINT('',(2.483023524868,-13.35005969874));
#2209 = CARTESIAN_POINT('',(2.484275332667,-13.35005969951));
#2210 = CARTESIAN_POINT('',(2.48676366784,-13.35005970104));
#2211 = CARTESIAN_POINT('',(2.488004242459,-13.3500597018));
#2212 = CARTESIAN_POINT('',(2.489244183688,-13.35005970256));
#2213 = CARTESIAN_POINT('',(2.490483391473,-13.35005970332));
#2214 = CARTESIAN_POINT('',(2.491722620787,-13.35005970408));
#2215 = CARTESIAN_POINT('',(2.49296258296,-13.35005970484));
#2216 = CARTESIAN_POINT('',(2.494203112766,-13.35005970561));
#2217 = CARTESIAN_POINT('',(2.496672007842,-13.35005970713));
#2218 = CARTESIAN_POINT('',(2.497902858843,-13.35005970788));
#2219 = CARTESIAN_POINT('',(2.499133096825,-13.35005970864));
#2220 = CARTESIAN_POINT('',(2.500362625228,-13.3500597094));
#2221 = CARTESIAN_POINT('',(2.501592174616,-13.35005971016));
#2222 = CARTESIAN_POINT('',(2.502822433012,-13.35005971092));
#2223 = CARTESIAN_POINT('',(2.504053240333,-13.35005971168));
#2224 = CARTESIAN_POINT('',(2.506502847188,-13.35005971319));
#2225 = CARTESIAN_POINT('',(2.507724051335,-13.35005971395));
#2226 = CARTESIAN_POINT('',(2.508944662291,-13.3500597147));
#2227 = CARTESIAN_POINT('',(2.510164586884,-13.35005971546));
#2228 = CARTESIAN_POINT('',(2.511384531929,-13.35005971621));
#2229 = CARTESIAN_POINT('',(2.512605162779,-13.35005971697));
#2230 = CARTESIAN_POINT('',(2.513826324357,-13.35005971773));
#2231 = CARTESIAN_POINT('',(2.51625679368,-13.35005971923));
#2232 = CARTESIAN_POINT('',(2.517468427123,-13.35005971999));
#2233 = CARTESIAN_POINT('',(2.518679486665,-13.35005972074));
#2234 = CARTESIAN_POINT('',(2.519889882432,-13.35005972149));
#2235 = CARTESIAN_POINT('',(2.521100298128,-13.35005972224));
#2236 = CARTESIAN_POINT('',(2.522311377057,-13.350059723));
#2237 = CARTESIAN_POINT('',(2.523522969018,-13.35005972375));
#2238 = CARTESIAN_POINT('',(2.52593445032,-13.35005972525));
#2239 = CARTESIAN_POINT('',(2.527136587554,-13.350059726));
#2240 = CARTESIAN_POINT('',(2.528338187373,-13.35005972675));
#2241 = CARTESIAN_POINT('',(2.529539129371,-13.3500597275));
#2242 = CARTESIAN_POINT('',(2.530740065587,-13.35005972825));
#2243 = CARTESIAN_POINT('',(2.531941650949,-13.350059729));
#2244 = CARTESIAN_POINT('',(2.53314377373,-13.35005972975));
#2245 = CARTESIAN_POINT('',(2.535536415355,-13.35005973125));
#2246 = CARTESIAN_POINT('',(2.536729132291,-13.35005973199));
#2247 = CARTESIAN_POINT('',(2.537921329703,-13.35005973274));
#2248 = CARTESIAN_POINT('',(2.539112891164,-13.35005973348));
#2249 = CARTESIAN_POINT('',(2.540304446992,-13.35005973423));
#2250 = CARTESIAN_POINT('',(2.541496630321,-13.35005973498));
#2251 = CARTESIAN_POINT('',(2.542689333176,-13.35005973572));
#2252 = CARTESIAN_POINT('',(2.545063282308,-13.35005973721));
#2253 = CARTESIAN_POINT('',(2.546246653279,-13.35005973795));
#2254 = CARTESIAN_POINT('',(2.547429522126,-13.3500597387));
#2255 = CARTESIAN_POINT('',(2.548611776288,-13.35005973944));
#2256 = CARTESIAN_POINT('',(2.549794024962,-13.35005974018));
#2257 = CARTESIAN_POINT('',(2.55097688009,-13.35005974093));
#2258 = CARTESIAN_POINT('',(2.552160237345,-13.35005974167));
#2259 = CARTESIAN_POINT('',(2.555688722921,-13.35005974389));
#2260 = CARTESIAN_POINT('',(2.558039177746,-13.35005974536));
#2261 = CARTESIAN_POINT('',(2.560379745857,-13.35005974684));
#2262 = CARTESIAN_POINT('',(2.562730523667,-13.35005974828));
#2263 = CARTESIAN_POINT('',(2.565080019731,-13.35005974981));
#2264 = CARTESIAN_POINT('',(2.567421344088,-13.35005975128));
#2265 = CARTESIAN_POINT('',(2.569771508648,-13.35005975278));
#2266 = CARTESIAN_POINT('',(2.574427181488,-13.35005975573));
#2267 = CARTESIAN_POINT('',(2.576740675641,-13.35005975719));
#2268 = CARTESIAN_POINT('',(2.579045133749,-13.35005975866));
#2269 = CARTESIAN_POINT('',(2.581358407959,-13.35005976012));
#2270 = CARTESIAN_POINT('',(2.583671747969,-13.35005976159));
#2271 = CARTESIAN_POINT('',(2.58597626943,-13.35005976306));
#2272 = CARTESIAN_POINT('',(2.588289624643,-13.35005976453));
#2273 = CARTESIAN_POINT('',(2.592872552669,-13.35005976745));
#2274 = CARTESIAN_POINT('',(2.595149690217,-13.3500597689));
#2275 = CARTESIAN_POINT('',(2.59741840585,-13.35005977035));
#2276 = CARTESIAN_POINT('',(2.599695336828,-13.3500597718));
#2277 = CARTESIAN_POINT('',(2.601972330158,-13.35005977325));
#2278 = CARTESIAN_POINT('',(2.604241105822,-13.3500597747));
#2279 = CARTESIAN_POINT('',(2.606518111711,-13.35005977616));
#2280 = CARTESIAN_POINT('',(2.611029431559,-13.35005977905));
#2281 = CARTESIAN_POINT('',(2.613270791505,-13.35005978048));
#2282 = CARTESIAN_POINT('',(2.61550430922,-13.35005978192));
#2283 = CARTESIAN_POINT('',(2.617745475284,-13.35005978336));
#2284 = CARTESIAN_POINT('',(2.619986700403,-13.35005978479));
#2285 = CARTESIAN_POINT('',(2.622220274977,-13.35005978623));
#2286 = CARTESIAN_POINT('',(2.624461510224,-13.35005978767));
#2287 = CARTESIAN_POINT('',(2.628902340769,-13.35005979053));
#2288 = CARTESIAN_POINT('',(2.631108492584,-13.35005979195));
#2289 = CARTESIAN_POINT('',(2.633307349051,-13.35005979336));
#2290 = CARTESIAN_POINT('',(2.635513319015,-13.35005979479));
#2291 = CARTESIAN_POINT('',(2.637719344885,-13.35005979621));
#2292 = CARTESIAN_POINT('',(2.639918255179,-13.35005979763));
#2293 = CARTESIAN_POINT('',(2.642124288946,-13.35005979905));
#2294 = CARTESIAN_POINT('',(2.64649573158,-13.35005980188));
#2295 = CARTESIAN_POINT('',(2.648667235372,-13.35005980328));
#2296 = CARTESIAN_POINT('',(2.65083195947,-13.35005980468));
#2297 = CARTESIAN_POINT('',(2.653003292813,-13.35005980609));
#2298 = CARTESIAN_POINT('',(2.655174679055,-13.35005980749));
#2299 = CARTESIAN_POINT('',(2.657339454084,-13.3500598089));
#2300 = CARTESIAN_POINT('',(2.659510846178,-13.35005981031));
#2301 = CARTESIAN_POINT('',(2.663813985084,-13.3500598131));
#2302 = CARTESIAN_POINT('',(2.66595139176,-13.35005981448));
#2303 = CARTESIAN_POINT('',(2.668082504675,-13.35005981588));
#2304 = CARTESIAN_POINT('',(2.670219751702,-13.35005981726));
#2305 = CARTESIAN_POINT('',(2.672357048758,-13.35005981865));
#2306 = CARTESIAN_POINT('',(2.674488209842,-13.35005982004));
#2307 = CARTESIAN_POINT('',(2.67662551088,-13.35005982143));
#2308 = CARTESIAN_POINT('',(2.680861413302,-13.35005982419));
#2309 = CARTESIAN_POINT('',(2.682963923887,-13.35005982556));
#2310 = CARTESIAN_POINT('',(2.685065796773,-13.35005982693));
#2311 = CARTESIAN_POINT('',(2.687166981183,-13.3500598283));
#2312 = CARTESIAN_POINT('',(2.68926821425,-13.35005982967));
#2313 = CARTESIAN_POINT('',(2.691370134471,-13.35005983104));
#2314 = CARTESIAN_POINT('',(2.693472543779,-13.35005983242));
#2315 = CARTESIAN_POINT('',(2.697642260284,-13.35005983514));
#2316 = CARTESIAN_POINT('',(2.699711829015,-13.35005983649));
#2317 = CARTESIAN_POINT('',(2.701780864223,-13.35005983785));
#2318 = CARTESIAN_POINT('',(2.70384924043,-13.3500598392));
#2319 = CARTESIAN_POINT('',(2.705917602948,-13.35005984056));
#2320 = CARTESIAN_POINT('',(2.707986603935,-13.35005984191));
#2321 = CARTESIAN_POINT('',(2.710056138454,-13.35005984327));
#2322 = CARTESIAN_POINT('',(2.71619682586,-13.35005984729));
#2323 = CARTESIAN_POINT('',(2.720273557632,-13.35005984996));
#2324 = CARTESIAN_POINT('',(2.724339682474,-13.35005985263));
#2325 = CARTESIAN_POINT('',(2.728417430942,-13.35005985524));
#2326 = CARTESIAN_POINT('',(2.732492103882,-13.35005985802));
#2327 = CARTESIAN_POINT('',(2.73656004336,-13.35005986067));
#2328 = CARTESIAN_POINT('',(2.740636078631,-13.35005986336));
#2329 = CARTESIAN_POINT('',(2.748653311838,-13.35005986864));
#2330 = CARTESIAN_POINT('',(2.752602018727,-13.35005987124));
#2331 = CARTESIAN_POINT('',(2.756542371726,-13.35005987384));
#2332 = CARTESIAN_POINT('',(2.760490741095,-13.35005987645));
#2333 = CARTESIAN_POINT('',(2.764439258506,-13.35005987905));
#2334 = CARTESIAN_POINT('',(2.76837975404,-13.35005988166));
#2335 = CARTESIAN_POINT('',(2.772328148341,-13.35005988427));
#2336 = CARTESIAN_POINT('',(2.780094843198,-13.35005988941));
#2337 = CARTESIAN_POINT('',(2.783919695711,-13.35005989194));
#2338 = CARTESIAN_POINT('',(2.787737487983,-13.35005989447));
#2339 = CARTESIAN_POINT('',(2.791562045734,-13.350059897));
#2340 = CARTESIAN_POINT('',(2.795386734778,-13.35005989953));
#2341 = CARTESIAN_POINT('',(2.79920465346,-13.35005990207));
#2342 = CARTESIAN_POINT('',(2.803029228753,-13.3500599046));
#2343 = CARTESIAN_POINT('',(2.810553214566,-13.3500599096));
#2344 = CARTESIAN_POINT('',(2.814256799356,-13.35005991205));
#2345 = CARTESIAN_POINT('',(2.817959639816,-13.35005991451));
#2346 = CARTESIAN_POINT('',(2.821661792866,-13.35005991697));
#2347 = CARTESIAN_POINT('',(2.825364065426,-13.35005991943));
#2348 = CARTESIAN_POINT('',(2.829067022149,-13.35005992189));
#2349 = CARTESIAN_POINT('',(2.83277035819,-13.35005992435));
#2350 = CARTESIAN_POINT('',(2.8436458022,-13.35005993158));
#2351 = CARTESIAN_POINT('',(2.850823618028,-13.35005993635));
#2352 = CARTESIAN_POINT('',(2.857989802606,-13.35005994112));
#2353 = CARTESIAN_POINT('',(2.865170292489,-13.35005994582));
#2354 = CARTESIAN_POINT('',(2.872343451285,-13.35005995065));
#2355 = CARTESIAN_POINT('',(2.879513961375,-13.35005995544));
#2356 = CARTESIAN_POINT('',(2.886690116948,-13.35005996021));
#2357 = CARTESIAN_POINT('',(2.900588125044,-13.35005996946));
#2358 = CARTESIAN_POINT('',(2.907314482289,-13.35005997393));
#2359 = CARTESIAN_POINT('',(2.914039794691,-13.35005997841));
#2360 = CARTESIAN_POINT('',(2.920764411566,-13.35005998288));
#2361 = CARTESIAN_POINT('',(2.927489341414,-13.35005998735));
#2362 = CARTESIAN_POINT('',(2.934214958284,-13.35005999182));
#2363 = CARTESIAN_POINT('',(2.9409406641,-13.35005999629));
#2364 = CARTESIAN_POINT('',(2.960274587264,-13.35006000913));
#2365 = CARTESIAN_POINT('',(2.972887015873,-13.3500600175));
#2366 = CARTESIAN_POINT('',(2.985492510027,-13.35006002585));
#2367 = CARTESIAN_POINT('',(2.998103538214,-13.3500600342));
#2368 = CARTESIAN_POINT('',(3.010715411373,-13.35006004253));
#2369 = CARTESIAN_POINT('',(3.023321719027,-13.35006005084));
#2370 = CARTESIAN_POINT('',(3.035932363361,-13.35006005914));
#2371 = CARTESIAN_POINT('',(3.092673227546,-13.35006009639));
#2372 = CARTESIAN_POINT('',(3.136809275356,-13.35006012512));
#2373 = CARTESIAN_POINT('',(3.180928552536,-13.35006015344));
#2374 = CARTESIAN_POINT('',(3.22507828941,-13.3500601815));
#2375 = CARTESIAN_POINT('',(3.269191205121,-13.35006020891));
#2376 = CARTESIAN_POINT('',(3.3133322037,-13.35006023588));
#2377 = CARTESIAN_POINT('',(3.357459909927,-13.35006026212));
#2378 = CARTESIAN_POINT('',(3.423657587007,-13.35006030038));
#2379 = CARTESIAN_POINT('',(3.445721162411,-13.35006031294));
#2380 = CARTESIAN_POINT('',(3.467795289895,-13.35006032533));
#2381 = CARTESIAN_POINT('',(3.489844747757,-13.3500603375));
#2382 = CARTESIAN_POINT('',(3.511930343462,-13.35006034948));
#2383 = CARTESIAN_POINT('',(3.53398314969,-13.3500603612));
#2384 = CARTESIAN_POINT('',(3.556054909709,-13.35006037272));
#2385 = CARTESIAN_POINT('',(3.58363727338,-13.35006038681));
#2386 = CARTESIAN_POINT('',(3.58915441267,-13.35006038962));
#2387 = CARTESIAN_POINT('',(3.59467119633,-13.35006039241));
#2388 = CARTESIAN_POINT('',(3.600187590459,-13.35006039518));
#2389 = CARTESIAN_POINT('',(3.605704041154,-13.35006039794));
#2390 = CARTESIAN_POINT('',(3.611220966219,-13.35006040068));
#2391 = CARTESIAN_POINT('',(3.616738246877,-13.35006040341));
#2392 = CARTESIAN_POINT('',(3.630529428385,-13.35006041019));
#2393 = CARTESIAN_POINT('',(3.638807189501,-13.35006041423));
#2394 = CARTESIAN_POINT('',(3.647077558817,-13.35006041822));
#2395 = CARTESIAN_POINT('',(3.65535596198,-13.35006042219));
#2396 = CARTESIAN_POINT('',(3.663633881624,-13.35006042611));
#2397 = CARTESIAN_POINT('',(3.671903785411,-13.35006043));
#2398 = CARTESIAN_POINT('',(3.680182567486,-13.35006043385));
#2399 = CARTESIAN_POINT('',(3.69259463034,-13.35006043957));
#2400 = CARTESIAN_POINT('',(3.696732961887,-13.35006044147));
#2401 = CARTESIAN_POINT('',(3.700870972985,-13.35006044336));
#2402 = CARTESIAN_POINT('',(3.705008334197,-13.35006044523));
#2403 = CARTESIAN_POINT('',(3.709145555557,-13.3500604471));
#2404 = CARTESIAN_POINT('',(3.713283430603,-13.35006044896));
#2405 = CARTESIAN_POINT('',(3.717422053238,-13.35006045081));
#2406 = CARTESIAN_POINT('',(3.725696761622,-13.35006045449));
#2407 = CARTESIAN_POINT('',(3.729836811672,-13.35006045632));
#2408 = CARTESIAN_POINT('',(3.733970585324,-13.35006045815));
#2409 = CARTESIAN_POINT('',(3.738110776258,-13.35006045996));
#2410 = CARTESIAN_POINT('',(3.74225082143,-13.35006046176));
#2411 = CARTESIAN_POINT('',(3.746384454741,-13.35006046355));
#2412 = CARTESIAN_POINT('',(3.750524812562,-13.35006046533));
#2413 = CARTESIAN_POINT('',(3.754662166656,-13.3500604671));
#2414 = ( GEOMETRIC_REPRESENTATION_CONTEXT(2) 
PARAMETRIC_REPRESENTATION_CONTEXT() REPRESENTATION_CONTEXT('2D SPACE',''
  ) );
#2415 = PCURVE('',#2000,#2416);
#2416 = DEFINITIONAL_REPRESENTATION('',(#2417),#2421);
#2417 = CIRCLE('',#2418,1.943074107392);
#2418 = AXIS2_PLACEMENT_2D('',#2419,#2420);
#2419 = CARTESIAN_POINT('',(5.696837885306E-02,1.889044316861));
#2420 = DIRECTION('',(-0.690346991741,-0.723478424691));
#2421 = ( GEOMETRIC_REPRESENTATION_CONTEXT(2) 
PARAMETRIC_REPRESENTATION_CONTEXT() REPRESENTATION_CONTEXT('2D SPACE',''
  ) );
#2422 = ORIENTED_EDGE('',*,*,#2423,.T.);
#2423 = EDGE_CURVE('',#2135,#2424,#2426,.T.);
#2424 = VERTEX_POINT('',#2425);
#2425 = CARTESIAN_POINT('',(347.50903320312,13.300000190735,86.));
#2426 = SURFACE_CURVE('',#2427,(#2431,#2441),.PCURVE_S1.);
#2427 = LINE('',#2428,#2429);
#2428 = CARTESIAN_POINT('',(347.50903320312,13.35000038147,86.));
#2429 = VECTOR('',#2430,1.);
#2430 = DIRECTION('',(0.,-1.,0.));
#2431 = PCURVE('',#2030,#2432);
#2432 = DEFINITIONAL_REPRESENTATION('',(#2433),#2440);
#2433 = B_SPLINE_CURVE_WITH_KNOTS('',5,(#2434,#2435,#2436,#2437,#2438,
    #2439),.UNSPECIFIED.,.F.,.F.,(6,6),(0.,5.000019073486E-02),
  .PIECEWISE_BEZIER_KNOTS.);
#2434 = CARTESIAN_POINT('',(3.754662166656,-13.3500604671));
#2435 = CARTESIAN_POINT('',(3.754662167788,-13.34006042895));
#2436 = CARTESIAN_POINT('',(3.754662168921,-13.33006039081));
#2437 = CARTESIAN_POINT('',(3.754662170052,-13.32006035266));
#2438 = CARTESIAN_POINT('',(3.754662171184,-13.31006031451));
#2439 = CARTESIAN_POINT('',(3.754662172316,-13.30006027636));
#2440 = ( GEOMETRIC_REPRESENTATION_CONTEXT(2) 
PARAMETRIC_REPRESENTATION_CONTEXT() REPRESENTATION_CONTEXT('2D SPACE',''
  ) );
#2441 = PCURVE('',#2442,#2447);
#2442 = PLANE('',#2443);
#2443 = AXIS2_PLACEMENT_3D('',#2444,#2445,#2446);
#2444 = CARTESIAN_POINT('',(347.53176879882,13.325000286102,86.));
#2445 = DIRECTION('',(0.,0.,-1.));
#2446 = DIRECTION('',(0.,-1.,0.));
#2447 = DEFINITIONAL_REPRESENTATION('',(#2448),#2452);
#2448 = LINE('',#2449,#2450);
#2449 = CARTESIAN_POINT('',(-2.500009536743E-02,2.273559570312E-02));
#2450 = VECTOR('',#2451,1.);
#2451 = DIRECTION('',(1.,0.));
#2452 = ( GEOMETRIC_REPRESENTATION_CONTEXT(2) 
PARAMETRIC_REPRESENTATION_CONTEXT() REPRESENTATION_CONTEXT('2D SPACE',''
  ) );
#2453 = ORIENTED_EDGE('',*,*,#2454,.T.);
#2454 = EDGE_CURVE('',#2424,#2455,#2457,.T.);
#2455 = VERTEX_POINT('',#2456);
#2456 = CARTESIAN_POINT('',(347.40737915039,13.300000190735,
    86.137069702148));
#2457 = SURFACE_CURVE('',#2458,(#2462,#2552),.PCURVE_S1.);
#2458 = LINE('',#2459,#2460);
#2459 = CARTESIAN_POINT('',(347.50903320312,13.300000190735,86.));
#2460 = VECTOR('',#2461,1.);
#2461 = DIRECTION('',(-0.595685064288,0.,0.80321809254));
#2462 = PCURVE('',#2030,#2463);
#2463 = DEFINITIONAL_REPRESENTATION('',(#2464),#2551);
#2464 = B_SPLINE_CURVE_WITH_KNOTS('',8,(#2465,#2466,#2467,#2468,#2469,
    #2470,#2471,#2472,#2473,#2474,#2475,#2476,#2477,#2478,#2479,#2480,
    #2481,#2482,#2483,#2484,#2485,#2486,#2487,#2488,#2489,#2490,#2491,
    #2492,#2493,#2494,#2495,#2496,#2497,#2498,#2499,#2500,#2501,#2502,
    #2503,#2504,#2505,#2506,#2507,#2508,#2509,#2510,#2511,#2512,#2513,
    #2514,#2515,#2516,#2517,#2518,#2519,#2520,#2521,#2522,#2523,#2524,
    #2525,#2526,#2527,#2528,#2529,#2530,#2531,#2532,#2533,#2534,#2535,
    #2536,#2537,#2538,#2539,#2540,#2541,#2542,#2543,#2544,#2545,#2546,
    #2547,#2548,#2549,#2550),.UNSPECIFIED.,.F.,.F.,(9,7,7,7,7,7,7,7,7,7,
    7,7,9),(0.,2.13313332053E-02,3.066379148264E-02,3.941297111769E-02,
    4.76153270255E-02,5.530503568908E-02,6.972323943332E-02,
    8.233916770955E-02,9.337810495127E-02,0.103037175038,0.119940547689,
    0.145295606666,0.170650665643),.UNSPECIFIED.);
#2465 = CARTESIAN_POINT('',(3.754662172316,-13.30006027636));
#2466 = CARTESIAN_POINT('',(3.756031691611,-13.30006027693));
#2467 = CARTESIAN_POINT('',(3.757402802023,-13.30006027748));
#2468 = CARTESIAN_POINT('',(3.758769834082,-13.30006027805));
#2469 = CARTESIAN_POINT('',(3.760142355087,-13.30006027861));
#2470 = CARTESIAN_POINT('',(3.761514093266,-13.30006027917));
#2471 = CARTESIAN_POINT('',(3.76288050981,-13.30006027973));
#2472 = CARTESIAN_POINT('',(3.764253755555,-13.30006028029));
#2473 = CARTESIAN_POINT('',(3.766223121285,-13.3000602811));
#2474 = CARTESIAN_POINT('',(3.766823335338,-13.30006028134));
#2475 = CARTESIAN_POINT('',(3.767423138769,-13.30006028159));
#2476 = CARTESIAN_POINT('',(3.768022467967,-13.30006028183));
#2477 = CARTESIAN_POINT('',(3.768621844386,-13.30006028208));
#2478 = CARTESIAN_POINT('',(3.769221770741,-13.30006028232));
#2479 = CARTESIAN_POINT('',(3.76982212719,-13.30006028257));
#2480 = CARTESIAN_POINT('',(3.770983542842,-13.30006028304));
#2481 = CARTESIAN_POINT('',(3.7715464701,-13.30006028327));
#2482 = CARTESIAN_POINT('',(3.772108935796,-13.3000602835));
#2483 = CARTESIAN_POINT('',(3.772670857855,-13.30006028373));
#2484 = CARTESIAN_POINT('',(3.773232813289,-13.30006028396));
#2485 = CARTESIAN_POINT('',(3.773795365863,-13.30006028419));
#2486 = CARTESIAN_POINT('',(3.774358393759,-13.30006028442));
#2487 = CARTESIAN_POINT('',(3.775447314251,-13.30006028487));
#2488 = CARTESIAN_POINT('',(3.775975217514,-13.30006028509));
#2489 = CARTESIAN_POINT('',(3.776502634623,-13.3000602853));
#2490 = CARTESIAN_POINT('',(3.777029472406,-13.30006028552));
#2491 = CARTESIAN_POINT('',(3.777556332817,-13.30006028573));
#2492 = CARTESIAN_POINT('',(3.778083808828,-13.30006028595));
#2493 = CARTESIAN_POINT('',(3.77861178032,-13.30006028616));
#2494 = CARTESIAN_POINT('',(3.779632706542,-13.30006028658));
#2495 = CARTESIAN_POINT('',(3.780127722411,-13.30006028678));
#2496 = CARTESIAN_POINT('',(3.780622246999,-13.30006028699));
#2497 = CARTESIAN_POINT('',(3.781116181582,-13.30006028719));
#2498 = CARTESIAN_POINT('',(3.781610130522,-13.30006028739));
#2499 = CARTESIAN_POINT('',(3.782104692483,-13.30006028759));
#2500 = CARTESIAN_POINT('',(3.782599751644,-13.3000602878));
#2501 = CARTESIAN_POINT('',(3.784020051308,-13.30006028838));
#2502 = CARTESIAN_POINT('',(3.784950443047,-13.30006028875));
#2503 = CARTESIAN_POINT('',(3.785871757154,-13.30006028907));
#2504 = CARTESIAN_POINT('',(3.7868015567,-13.30006028952));
#2505 = CARTESIAN_POINT('',(3.787732480896,-13.30006028982));
#2506 = CARTESIAN_POINT('',(3.788653148788,-13.30006029027));
#2507 = CARTESIAN_POINT('',(3.78958381829,-13.30006029065));
#2508 = CARTESIAN_POINT('',(3.791320661098,-13.30006029136));
#2509 = CARTESIAN_POINT('',(3.792135012583,-13.30006029169));
#2510 = CARTESIAN_POINT('',(3.792940667151,-13.30006029203));
#2511 = CARTESIAN_POINT('',(3.793754876511,-13.30006029236));
#2512 = CARTESIAN_POINT('',(3.794569103572,-13.30006029269));
#2513 = CARTESIAN_POINT('',(3.795374772061,-13.30006029302));
#2514 = CARTESIAN_POINT('',(3.796189075274,-13.30006029335));
#2515 = CARTESIAN_POINT('',(3.797708792645,-13.30006029397));
#2516 = CARTESIAN_POINT('',(3.79842125846,-13.30006029427));
#2517 = CARTESIAN_POINT('',(3.799126324901,-13.30006029455));
#2518 = CARTESIAN_POINT('',(3.799838597197,-13.30006029485));
#2519 = CARTESIAN_POINT('',(3.800550923524,-13.30006029514));
#2520 = CARTESIAN_POINT('',(3.801256032458,-13.30006029543));
#2521 = CARTESIAN_POINT('',(3.801968350931,-13.30006029572));
#2522 = CARTESIAN_POINT('',(3.80329804232,-13.30006029626));
#2523 = CARTESIAN_POINT('',(3.803919860558,-13.30006029651));
#2524 = CARTESIAN_POINT('',(3.804540977875,-13.30006029677));
#2525 = CARTESIAN_POINT('',(3.805161381374,-13.30006029702));
#2526 = CARTESIAN_POINT('',(3.805781855487,-13.30006029728));
#2527 = CARTESIAN_POINT('',(3.806403029486,-13.30006029753));
#2528 = CARTESIAN_POINT('',(3.807024658775,-13.30006029778));
#2529 = CARTESIAN_POINT('',(3.8087309821,-13.30006029848));
#2530 = CARTESIAN_POINT('',(3.809821259008,-13.30006029894));
#2531 = CARTESIAN_POINT('',(3.810900494262,-13.30006029934));
#2532 = CARTESIAN_POINT('',(3.811993025218,-13.30006029988));
#2533 = CARTESIAN_POINT('',(3.813079187525,-13.3000603002));
#2534 = CARTESIAN_POINT('',(3.81416208216,-13.30006030072));
#2535 = CARTESIAN_POINT('',(3.815250786164,-13.30006030115));
#2536 = CARTESIAN_POINT('',(3.817964913128,-13.30006030226));
#2537 = CARTESIAN_POINT('',(3.819598696521,-13.30006030293));
#2538 = CARTESIAN_POINT('',(3.821216961293,-13.30006030354));
#2539 = CARTESIAN_POINT('',(3.822858938904,-13.30006030433));
#2540 = CARTESIAN_POINT('',(3.824478937968,-13.30006030487));
#2541 = CARTESIAN_POINT('',(3.826109831302,-13.3000603056));
#2542 = CARTESIAN_POINT('',(3.827738186168,-13.30006030626));
#2543 = CARTESIAN_POINT('',(3.830993817169,-13.30006030759));
#2544 = CARTESIAN_POINT('',(3.832623359511,-13.30006030823));
#2545 = CARTESIAN_POINT('',(3.834243959664,-13.30006030896));
#2546 = CARTESIAN_POINT('',(3.835885322802,-13.30006030945));
#2547 = CARTESIAN_POINT('',(3.83749557955,-13.3000603103));
#2548 = CARTESIAN_POINT('',(3.83913405251,-13.3000603109));
#2549 = CARTESIAN_POINT('',(3.840755911207,-13.30006031159));
#2550 = CARTESIAN_POINT('',(3.842382790734,-13.30006031226));
#2551 = ( GEOMETRIC_REPRESENTATION_CONTEXT(2) 
PARAMETRIC_REPRESENTATION_CONTEXT() REPRESENTATION_CONTEXT('2D SPACE',''
  ) );
#2552 = PCURVE('',#2553,#2558);
#2553 = PLANE('',#2554);
#2554 = AXIS2_PLACEMENT_3D('',#2555,#2556,#2557);
#2555 = CARTESIAN_POINT('',(347.47263118387,13.300000190735,
    86.070605651377));
#2556 = DIRECTION('',(0.,-1.,0.));
#2557 = DIRECTION('',(-0.,0.,1.));
#2558 = DEFINITIONAL_REPRESENTATION('',(#2559),#2563);
#2559 = LINE('',#2560,#2561);
#2560 = CARTESIAN_POINT('',(-7.060565137729E-02,-3.640201925231E-02));
#2561 = VECTOR('',#2562,1.);
#2562 = DIRECTION('',(0.80321809254,0.595685064288));
#2563 = ( GEOMETRIC_REPRESENTATION_CONTEXT(2) 
PARAMETRIC_REPRESENTATION_CONTEXT() REPRESENTATION_CONTEXT('2D SPACE',''
  ) );
#2564 = ORIENTED_EDGE('',*,*,#2565,.T.);
#2565 = EDGE_CURVE('',#2455,#2566,#2568,.T.);
#2566 = VERTEX_POINT('',#2567);
#2567 = CARTESIAN_POINT('',(347.34448242187,13.300000190735,
    86.206466674805));
#2568 = SURFACE_CURVE('',#2569,(#2573,#2621),.PCURVE_S1.);
#2569 = LINE('',#2570,#2571);
#2570 = CARTESIAN_POINT('',(347.40737915039,13.300000190735,
    86.137069702148));
#2571 = VECTOR('',#2572,1.);
#2572 = DIRECTION('',(-0.67155296881,0.,0.740956550739));
#2573 = PCURVE('',#2030,#2574);
#2574 = DEFINITIONAL_REPRESENTATION('',(#2575),#2620);
#2575 = B_SPLINE_CURVE_WITH_KNOTS('',8,(#2576,#2577,#2578,#2579,#2580,
    #2581,#2582,#2583,#2584,#2585,#2586,#2587,#2588,#2589,#2590,#2591,
    #2592,#2593,#2594,#2595,#2596,#2597,#2598,#2599,#2600,#2601,#2602,
    #2603,#2604,#2605,#2606,#2607,#2608,#2609,#2610,#2611,#2612,#2613,
    #2614,#2615,#2616,#2617,#2618,#2619),.UNSPECIFIED.,.F.,.F.,(9,7,7,7,
    7,7,9),(0.,2.341465656357E-02,4.097564898623E-02,5.414639330324E-02,
    7.390250977875E-02,8.378056801648E-02,9.365862625418E-02),
  .UNSPECIFIED.);
#2576 = CARTESIAN_POINT('',(3.842382790734,-13.30006031226));
#2577 = CARTESIAN_POINT('',(3.843885398604,-13.30006031279));
#2578 = CARTESIAN_POINT('',(3.845384815134,-13.30006031333));
#2579 = CARTESIAN_POINT('',(3.84689078129,-13.30006031387));
#2580 = CARTESIAN_POINT('',(3.84839259254,-13.3000603144));
#2581 = CARTESIAN_POINT('',(3.849893166502,-13.30006031493));
#2582 = CARTESIAN_POINT('',(3.851398160065,-13.30006031547));
#2583 = CARTESIAN_POINT('',(3.852900952464,-13.30006031601));
#2584 = CARTESIAN_POINT('',(3.855531829495,-13.30006031694));
#2585 = CARTESIAN_POINT('',(3.856659718586,-13.30006031734));
#2586 = CARTESIAN_POINT('',(3.85778740716,-13.30006031775));
#2587 = CARTESIAN_POINT('',(3.858914965941,-13.30006031815));
#2588 = CARTESIAN_POINT('',(3.860042743119,-13.30006031855));
#2589 = CARTESIAN_POINT('',(3.861171000213,-13.30006031895));
#2590 = CARTESIAN_POINT('',(3.862299547937,-13.30006031935));
#2591 = CARTESIAN_POINT('',(3.864273257656,-13.30006032005));
#2592 = CARTESIAN_POINT('',(3.865119971092,-13.30006032036));
#2593 = CARTESIAN_POINT('',(3.865966272319,-13.30006032066));
#2594 = CARTESIAN_POINT('',(3.866812120129,-13.30006032096));
#2595 = CARTESIAN_POINT('',(3.867658059557,-13.30006032126));
#2596 = CARTESIAN_POINT('',(3.868504599277,-13.30006032156));
#2597 = CARTESIAN_POINT('',(3.869351588998,-13.30006032186));
#2598 = CARTESIAN_POINT('',(3.871466608649,-13.30006032261));
#2599 = CARTESIAN_POINT('',(3.872738889077,-13.30006032303));
#2600 = CARTESIAN_POINT('',(3.874004878546,-13.30006032357));
#2601 = CARTESIAN_POINT('',(3.87527465084,-13.30006032385));
#2602 = CARTESIAN_POINT('',(3.876550699302,-13.30006032448));
#2603 = CARTESIAN_POINT('',(3.877813082539,-13.30006032485));
#2604 = CARTESIAN_POINT('',(3.879086913067,-13.30006032532));
#2605 = CARTESIAN_POINT('',(3.880990713615,-13.300060326));
#2606 = CARTESIAN_POINT('',(3.881626409476,-13.30006032623));
#2607 = CARTESIAN_POINT('',(3.882261578536,-13.30006032645));
#2608 = CARTESIAN_POINT('',(3.882896114522,-13.30006032668));
#2609 = CARTESIAN_POINT('',(3.883530666161,-13.3000603269));
#2610 = CARTESIAN_POINT('',(3.884165875965,-13.30006032713));
#2611 = CARTESIAN_POINT('',(3.884801619026,-13.30006032736));
#2612 = CARTESIAN_POINT('',(3.886070864569,-13.30006032781));
#2613 = CARTESIAN_POINT('',(3.886706631612,-13.30006032803));
#2614 = CARTESIAN_POINT('',(3.887341850441,-13.30006032826));
#2615 = CARTESIAN_POINT('',(3.887976403907,-13.30006032848));
#2616 = CARTESIAN_POINT('',(3.888610961676,-13.30006032871));
#2617 = CARTESIAN_POINT('',(3.889246191708,-13.30006032894));
#2618 = CARTESIAN_POINT('',(3.889881971728,-13.30006032916));
#2619 = CARTESIAN_POINT('',(3.890516600711,-13.30006032939));
#2620 = ( GEOMETRIC_REPRESENTATION_CONTEXT(2) 
PARAMETRIC_REPRESENTATION_CONTEXT() REPRESENTATION_CONTEXT('2D SPACE',''
  ) );
#2621 = PCURVE('',#2553,#2622);
#2622 = DEFINITIONAL_REPRESENTATION('',(#2623),#2627);
#2623 = LINE('',#2624,#2625);
#2624 = CARTESIAN_POINT('',(6.646405077115E-02,6.525203348207E-02));
#2625 = VECTOR('',#2626,1.);
#2626 = DIRECTION('',(0.740956550739,0.67155296881));
#2627 = ( GEOMETRIC_REPRESENTATION_CONTEXT(2) 
PARAMETRIC_REPRESENTATION_CONTEXT() REPRESENTATION_CONTEXT('2D SPACE',''
  ) );
#2628 = ORIENTED_EDGE('',*,*,#2629,.T.);
#2629 = EDGE_CURVE('',#2566,#1461,#2630,.T.);
#2630 = SURFACE_CURVE('',#2631,(#2635,#2645),.PCURVE_S1.);
#2631 = LINE('',#2632,#2633);
#2632 = CARTESIAN_POINT('',(347.34448242187,13.300000190735,
    86.206466674805));
#2633 = VECTOR('',#2634,1.);
#2634 = DIRECTION('',(0.,-1.,0.));
#2635 = PCURVE('',#2030,#2636);
#2636 = DEFINITIONAL_REPRESENTATION('',(#2637),#2644);
#2637 = B_SPLINE_CURVE_WITH_KNOTS('',5,(#2638,#2639,#2640,#2641,#2642,
    #2643),.UNSPECIFIED.,.F.,.F.,(6,6),(0.,2.868734359741),
  .PIECEWISE_BEZIER_KNOTS.);
#2638 = CARTESIAN_POINT('',(3.890516600711,-13.30006032939));
#2639 = CARTESIAN_POINT('',(3.89051665459,-12.72631345744));
#2640 = CARTESIAN_POINT('',(3.890516708641,-12.15256658549));
#2641 = CARTESIAN_POINT('',(3.890516762355,-11.57881971354));
#2642 = CARTESIAN_POINT('',(3.890516816406,-11.0050728416));
#2643 = CARTESIAN_POINT('',(3.890516870285,-10.43132596965));
#2644 = ( GEOMETRIC_REPRESENTATION_CONTEXT(2) 
PARAMETRIC_REPRESENTATION_CONTEXT() REPRESENTATION_CONTEXT('2D SPACE',''
  ) );
#2645 = PCURVE('',#1504,#2646);
#2646 = DEFINITIONAL_REPRESENTATION('',(#2647),#2651);
#2647 = LINE('',#2648,#2649);
#2648 = CARTESIAN_POINT('',(-1.738368066245E-02,-1.434366703034));
#2649 = VECTOR('',#2650,1.);
#2650 = DIRECTION('',(0.,1.));
#2651 = ( GEOMETRIC_REPRESENTATION_CONTEXT(2) 
PARAMETRIC_REPRESENTATION_CONTEXT() REPRESENTATION_CONTEXT('2D SPACE',''
  ) );
#2652 = ORIENTED_EDGE('',*,*,#2653,.F.);
#2653 = EDGE_CURVE('',#2654,#1461,#2656,.T.);
#2654 = VERTEX_POINT('',#2655);
#2655 = CARTESIAN_POINT('',(347.40737915039,10.430000305176,
    86.137069702148));
#2656 = SURFACE_CURVE('',#2657,(#2661,#2709),.PCURVE_S1.);
#2657 = LINE('',#2658,#2659);
#2658 = CARTESIAN_POINT('',(347.40737915039,10.430000305176,
    86.137069702148));
#2659 = VECTOR('',#2660,1.);
#2660 = DIRECTION('',(-0.671491672085,1.351087834876E-02,0.740888919128)
  );
#2661 = PCURVE('',#2030,#2662);
#2662 = DEFINITIONAL_REPRESENTATION('',(#2663),#2708);
#2663 = B_SPLINE_CURVE_WITH_KNOTS('',8,(#2664,#2665,#2666,#2667,#2668,
    #2669,#2670,#2671,#2672,#2673,#2674,#2675,#2676,#2677,#2678,#2679,
    #2680,#2681,#2682,#2683,#2684,#2685,#2686,#2687,#2688,#2689,#2690,
    #2691,#2692,#2693,#2694,#2695,#2696,#2697,#2698,#2699,#2700,#2701,
    #2702,#2703,#2704,#2705,#2706,#2707),.UNSPECIFIED.,.F.,.F.,(9,7,7,7,
    7,7,9),(0.,2.341679395678E-02,4.097938942436E-02,5.415133602506E-02,
    7.390925592608E-02,8.378821587657E-02,9.366717582705E-02),
  .UNSPECIFIED.);
#2664 = CARTESIAN_POINT('',(3.842383080322,-10.4300604267));
#2665 = CARTESIAN_POINT('',(3.843885688209,-10.43009997492));
#2666 = CARTESIAN_POINT('',(3.845385101151,-10.43013952313));
#2667 = CARTESIAN_POINT('',(3.846891071947,-10.43017907135));
#2668 = CARTESIAN_POINT('',(3.8483928797,-10.43021861957));
#2669 = CARTESIAN_POINT('',(3.849893450173,-10.43025816778));
#2670 = CARTESIAN_POINT('',(3.851398448383,-10.430297716));
#2671 = CARTESIAN_POINT('',(3.852901237168,-10.43033726422));
#2672 = CARTESIAN_POINT('',(3.855532114219,-10.4304064736));
#2673 = CARTESIAN_POINT('',(3.856660002023,-10.43043613476));
#2674 = CARTESIAN_POINT('',(3.857787689934,-10.43046579593));
#2675 = CARTESIAN_POINT('',(3.858915248808,-10.43049545709));
#2676 = CARTESIAN_POINT('',(3.860043026076,-10.43052511825));
#2677 = CARTESIAN_POINT('',(3.861171282501,-10.43055477941));
#2678 = CARTESIAN_POINT('',(3.862299828932,-10.43058444058));
#2679 = CARTESIAN_POINT('',(3.864273538661,-10.43063634761));
#2680 = CARTESIAN_POINT('',(3.865120251125,-10.43065859348));
#2681 = CARTESIAN_POINT('',(3.865966551848,-10.43068083936));
#2682 = CARTESIAN_POINT('',(3.866812399726,-10.43070308523));
#2683 = CARTESIAN_POINT('',(3.867658339221,-10.4307253311));
#2684 = CARTESIAN_POINT('',(3.868504878435,-10.43074757697));
#2685 = CARTESIAN_POINT('',(3.869351867179,-10.43076982284));
#2686 = CARTESIAN_POINT('',(3.871466886836,-10.43082543752));
#2687 = CARTESIAN_POINT('',(3.872739164212,-10.43085880634));
#2688 = CARTESIAN_POINT('',(3.874005157504,-10.43089217509));
#2689 = CARTESIAN_POINT('',(3.875274926948,-10.43092554398));
#2690 = CARTESIAN_POINT('',(3.876550972391,-10.43095891272));
#2691 = CARTESIAN_POINT('',(3.877813359534,-10.43099228157));
#2692 = CARTESIAN_POINT('',(3.879087186974,-10.43102565037));
#2693 = CARTESIAN_POINT('',(3.880990987523,-10.43107570359));
#2694 = CARTESIAN_POINT('',(3.881626682643,-10.43109238799));
#2695 = CARTESIAN_POINT('',(3.882261851317,-10.43110907239));
#2696 = CARTESIAN_POINT('',(3.882896387352,-10.4311257568));
#2697 = CARTESIAN_POINT('',(3.883530939039,-10.4311424412));
#2698 = CARTESIAN_POINT('',(3.884166148457,-10.43115912561));
#2699 = CARTESIAN_POINT('',(3.884801890774,-10.43117581001));
#2700 = CARTESIAN_POINT('',(3.886071136316,-10.43120917882));
#2701 = CARTESIAN_POINT('',(3.886706902615,-10.43122586322));
#2702 = CARTESIAN_POINT('',(3.887342121057,-10.43124254763));
#2703 = CARTESIAN_POINT('',(3.88797667457,-10.43125923203));
#2704 = CARTESIAN_POINT('',(3.888611232387,-10.43127591643));
#2705 = CARTESIAN_POINT('',(3.88924646203,-10.43129260084));
#2706 = CARTESIAN_POINT('',(3.889882241304,-10.43130928524));
#2707 = CARTESIAN_POINT('',(3.890516870285,-10.43132596965));
#2708 = ( GEOMETRIC_REPRESENTATION_CONTEXT(2) 
PARAMETRIC_REPRESENTATION_CONTEXT() REPRESENTATION_CONTEXT('2D SPACE',''
  ) );
#2709 = PCURVE('',#2710,#2715);
#2710 = PLANE('',#2711);
#2711 = AXIS2_PLACEMENT_3D('',#2712,#2713,#2714);
#2712 = CARTESIAN_POINT('',(347.38641357421,10.430422147115,
    85.335489908854));
#2713 = DIRECTION('',(-2.011662221998E-02,-0.999797640281,0.));
#2714 = DIRECTION('',(-0.999797640281,2.011662221998E-02,0.));
#2715 = DEFINITIONAL_REPRESENTATION('',(#2716),#2720);
#2716 = LINE('',#2717,#2718);
#2717 = CARTESIAN_POINT('',(-2.096981961869E-02,-0.801579793294));
#2718 = VECTOR('',#2719,1.);
#2719 = DIRECTION('',(0.671627582455,-0.740888919128));
#2720 = ( GEOMETRIC_REPRESENTATION_CONTEXT(2) 
PARAMETRIC_REPRESENTATION_CONTEXT() REPRESENTATION_CONTEXT('2D SPACE',''
  ) );
#2721 = ORIENTED_EDGE('',*,*,#2722,.F.);
#2722 = EDGE_CURVE('',#2049,#2654,#2723,.T.);
#2723 = SURFACE_CURVE('',#2724,(#2729,#3099),.PCURVE_S1.);
#2724 = CIRCLE('',#2725,1.949206253172);
#2725 = AXIS2_PLACEMENT_3D('',#2726,#2727,#2728);
#2726 = CARTESIAN_POINT('',(345.9010367774,10.430000305176,
    84.900001525879));
#2727 = DIRECTION('',(0.,-1.,0.));
#2728 = DIRECTION('',(0.772797835293,0.,-0.634652271537));
#2729 = PCURVE('',#2030,#2730);
#2730 = DEFINITIONAL_REPRESENTATION('',(#2731),#3098);
#2731 = B_SPLINE_CURVE_WITH_KNOTS('',8,(#2732,#2733,#2734,#2735,#2736,
    #2737,#2738,#2739,#2740,#2741,#2742,#2743,#2744,#2745,#2746,#2747,
    #2748,#2749,#2750,#2751,#2752,#2753,#2754,#2755,#2756,#2757,#2758,
    #2759,#2760,#2761,#2762,#2763,#2764,#2765,#2766,#2767,#2768,#2769,
    #2770,#2771,#2772,#2773,#2774,#2775,#2776,#2777,#2778,#2779,#2780,
    #2781,#2782,#2783,#2784,#2785,#2786,#2787,#2788,#2789,#2790,#2791,
    #2792,#2793,#2794,#2795,#2796,#2797,#2798,#2799,#2800,#2801,#2802,
    #2803,#2804,#2805,#2806,#2807,#2808,#2809,#2810,#2811,#2812,#2813,
    #2814,#2815,#2816,#2817,#2818,#2819,#2820,#2821,#2822,#2823,#2824,
    #2825,#2826,#2827,#2828,#2829,#2830,#2831,#2832,#2833,#2834,#2835,
    #2836,#2837,#2838,#2839,#2840,#2841,#2842,#2843,#2844,#2845,#2846,
    #2847,#2848,#2849,#2850,#2851,#2852,#2853,#2854,#2855,#2856,#2857,
    #2858,#2859,#2860,#2861,#2862,#2863,#2864,#2865,#2866,#2867,#2868,
    #2869,#2870,#2871,#2872,#2873,#2874,#2875,#2876,#2877,#2878,#2879,
    #2880,#2881,#2882,#2883,#2884,#2885,#2886,#2887,#2888,#2889,#2890,
    #2891,#2892,#2893,#2894,#2895,#2896,#2897,#2898,#2899,#2900,#2901,
    #2902,#2903,#2904,#2905,#2906,#2907,#2908,#2909,#2910,#2911,#2912,
    #2913,#2914,#2915,#2916,#2917,#2918,#2919,#2920,#2921,#2922,#2923,
    #2924,#2925,#2926,#2927,#2928,#2929,#2930,#2931,#2932,#2933,#2934,
    #2935,#2936,#2937,#2938,#2939,#2940,#2941,#2942,#2943,#2944,#2945,
    #2946,#2947,#2948,#2949,#2950,#2951,#2952,#2953,#2954,#2955,#2956,
    #2957,#2958,#2959,#2960,#2961,#2962,#2963,#2964,#2965,#2966,#2967,
    #2968,#2969,#2970,#2971,#2972,#2973,#2974,#2975,#2976,#2977,#2978,
    #2979,#2980,#2981,#2982,#2983,#2984,#2985,#2986,#2987,#2988,#2989,
    #2990,#2991,#2992,#2993,#2994,#2995,#2996,#2997,#2998,#2999,#3000,
    #3001,#3002,#3003,#3004,#3005,#3006,#3007,#3008,#3009,#3010,#3011,
    #3012,#3013,#3014,#3015,#3016,#3017,#3018,#3019,#3020,#3021,#3022,
    #3023,#3024,#3025,#3026,#3027,#3028,#3029,#3030,#3031,#3032,#3033,
    #3034,#3035,#3036,#3037,#3038,#3039,#3040,#3041,#3042,#3043,#3044,
    #3045,#3046,#3047,#3048,#3049,#3050,#3051,#3052,#3053,#3054,#3055,
    #3056,#3057,#3058,#3059,#3060,#3061,#3062,#3063,#3064,#3065,#3066,
    #3067,#3068,#3069,#3070,#3071,#3072,#3073,#3074,#3075,#3076,#3077,
    #3078,#3079,#3080,#3081,#3082,#3083,#3084,#3085,#3086,#3087,#3088,
    #3089,#3090,#3091,#3092,#3093,#3094,#3095,#3096,#3097),
  .UNSPECIFIED.,.F.,.F.,(9,7,7,7,7,7,7,7,7,7,7,7,7,7,7,7,7,7,7,7,7,7,7,7
    ,7,7,7,7,7,7,7,7,7,7,7,7,7,7,7,7,7,7,7,7,7,7,7,7,7,7,7,7,9),(0.,
    1.074310119377E-02,2.140227190946E-02,3.197816785393E-02,
    4.247143961134E-02,5.288273268315E-02,6.321268752785E-02,
    7.346193960032E-02,9.380029918163E-02,0.113820871894,0.133528623159,
    0.152928440809,0.172025136309,0.190823445942,0.209328031987,
    0.245758935762,0.281051373795,0.315240923139,0.381483174993,
    0.443585286106,0.560026744443,0.763799296533,0.840214003567,
    0.907076872221,0.965581882294,0.991177824201,1.015174019738,
    1.037670453055,1.058760859289,1.078533115134,1.097069604988,
    1.114447564226,1.130739401012,1.146012997999,1.160331995175,
    1.173756055026,1.186341111137,1.198139601241,1.209200685714,
    1.219570452407,1.229292108682,1.247520214197,1.263469806523,
    1.277425699808,1.289637106432,1.300322087229,1.309671445425,
    1.317852133848,1.332168338587,1.342905492141,1.350958357306,
    1.363037655055,1.375116952803),.UNSPECIFIED.);
#2732 = CARTESIAN_POINT('',(2.464939757511,-10.43005961121));
#2733 = CARTESIAN_POINT('',(2.466285108493,-10.43005961203));
#2734 = CARTESIAN_POINT('',(2.46762760313,-10.43005961285));
#2735 = CARTESIAN_POINT('',(2.468976587366,-10.43005961367));
#2736 = CARTESIAN_POINT('',(2.470319210952,-10.43005961449));
#2737 = CARTESIAN_POINT('',(2.471661806172,-10.43005961531));
#2738 = CARTESIAN_POINT('',(2.473010763108,-10.43005961613));
#2739 = CARTESIAN_POINT('',(2.474353317683,-10.43005961695));
#2740 = CARTESIAN_POINT('',(2.477033509138,-10.43005961859));
#2741 = CARTESIAN_POINT('',(2.478367046794,-10.43005961941));
#2742 = CARTESIAN_POINT('',(2.479701232794,-10.43005962022));
#2743 = CARTESIAN_POINT('',(2.481036157916,-10.43005962104));
#2744 = CARTESIAN_POINT('',(2.482371054721,-10.43005962186));
#2745 = CARTESIAN_POINT('',(2.483705213184,-10.43005962268));
#2746 = CARTESIAN_POINT('',(2.485038809821,-10.4300596235));
#2747 = CARTESIAN_POINT('',(2.487698062326,-10.43005962513));
#2748 = CARTESIAN_POINT('',(2.489021223407,-10.43005962594));
#2749 = CARTESIAN_POINT('',(2.490345007319,-10.43005962676));
#2750 = CARTESIAN_POINT('',(2.491669500777,-10.43005962757));
#2751 = CARTESIAN_POINT('',(2.492993966766,-10.43005962839));
#2752 = CARTESIAN_POINT('',(2.494317723968,-10.4300596292));
#2753 = CARTESIAN_POINT('',(2.495640942261,-10.43005963002));
#2754 = CARTESIAN_POINT('',(2.4982794194,-10.43005963165));
#2755 = CARTESIAN_POINT('',(2.499592283724,-10.43005963246));
#2756 = CARTESIAN_POINT('',(2.500905746173,-10.43005963327));
#2757 = CARTESIAN_POINT('',(2.502219889538,-10.43005963408));
#2758 = CARTESIAN_POINT('',(2.503534006265,-10.43005963489));
#2759 = CARTESIAN_POINT('',(2.50484744281,-10.43005963571));
#2760 = CARTESIAN_POINT('',(2.506160362619,-10.43005963652));
#2761 = CARTESIAN_POINT('',(2.508778226699,-10.43005963814));
#2762 = CARTESIAN_POINT('',(2.510080873491,-10.43005963895));
#2763 = CARTESIAN_POINT('',(2.511384094486,-10.43005963976));
#2764 = CARTESIAN_POINT('',(2.512687968692,-10.43005964056));
#2765 = CARTESIAN_POINT('',(2.513991817069,-10.43005964137));
#2766 = CARTESIAN_POINT('',(2.515295012948,-10.43005964218));
#2767 = CARTESIAN_POINT('',(2.516597713539,-10.43005964299));
#2768 = CARTESIAN_POINT('',(2.519195125598,-10.43005964461));
#2769 = CARTESIAN_POINT('',(2.520487638583,-10.43005964541));
#2770 = CARTESIAN_POINT('',(2.521780676021,-10.43005964622));
#2771 = CARTESIAN_POINT('',(2.523074356769,-10.43005964702));
#2772 = CARTESIAN_POINT('',(2.524368044978,-10.43005964783));
#2773 = CARTESIAN_POINT('',(2.525661101075,-10.43005964864));
#2774 = CARTESIAN_POINT('',(2.526953632724,-10.43005964944));
#2775 = CARTESIAN_POINT('',(2.529530752542,-10.43005965105));
#2776 = CARTESIAN_POINT('',(2.530813204643,-10.43005965185));
#2777 = CARTESIAN_POINT('',(2.532096159484,-10.43005965266));
#2778 = CARTESIAN_POINT('',(2.533379731059,-10.43005965346));
#2779 = CARTESIAN_POINT('',(2.534663309866,-10.43005965426));
#2780 = CARTESIAN_POINT('',(2.53594628279,-10.43005965507));
#2781 = CARTESIAN_POINT('',(2.537228752979,-10.43005965587));
#2782 = CARTESIAN_POINT('',(2.541059218446,-10.43005965827));
#2783 = CARTESIAN_POINT('',(2.543601890462,-10.43005965986));
#2784 = CARTESIAN_POINT('',(2.546154504046,-10.43005966148));
#2785 = CARTESIAN_POINT('',(2.54869669921,-10.43005966304));
#2786 = CARTESIAN_POINT('',(2.551240569182,-10.43005966469));
#2787 = CARTESIAN_POINT('',(2.55379219466,-10.43005966626));
#2788 = CARTESIAN_POINT('',(2.556335246062,-10.43005966788));
#2789 = CARTESIAN_POINT('',(2.561389367415,-10.43005967107));
#2790 = CARTESIAN_POINT('',(2.563892634297,-10.43005967265));
#2791 = CARTESIAN_POINT('',(2.566404712056,-10.43005967424));
#2792 = CARTESIAN_POINT('',(2.568908225559,-10.43005967582));
#2793 = CARTESIAN_POINT('',(2.571411654036,-10.43005967741));
#2794 = CARTESIAN_POINT('',(2.57392364997,-10.430059679));
#2795 = CARTESIAN_POINT('',(2.576427096512,-10.43005968059));
#2796 = CARTESIAN_POINT('',(2.581402247367,-10.43005968375));
#2797 = CARTESIAN_POINT('',(2.583866669468,-10.43005968532));
#2798 = CARTESIAN_POINT('',(2.586339155512,-10.43005968689));
#2799 = CARTESIAN_POINT('',(2.588803806147,-10.43005968846));
#2800 = CARTESIAN_POINT('',(2.591268377133,-10.43005969003));
#2801 = CARTESIAN_POINT('',(2.593740786525,-10.43005969161));
#2802 = CARTESIAN_POINT('',(2.596205376928,-10.43005969318));
#2803 = CARTESIAN_POINT('',(2.601102791191,-10.43005969631));
#2804 = CARTESIAN_POINT('',(2.603528958426,-10.43005969786));
#2805 = CARTESIAN_POINT('',(2.605962493026,-10.43005969942));
#2806 = CARTESIAN_POINT('',(2.608388871775,-10.43005970097));
#2807 = CARTESIAN_POINT('',(2.610815175987,-10.43005970253));
#2808 = CARTESIAN_POINT('',(2.613248638856,-10.43005970409));
#2809 = CARTESIAN_POINT('',(2.61567496359,-10.43005970565));
#2810 = CARTESIAN_POINT('',(2.620495855887,-10.43005970874));
#2811 = CARTESIAN_POINT('',(2.622884349787,-10.43005971028));
#2812 = CARTESIAN_POINT('',(2.625279562148,-10.43005971182));
#2813 = CARTESIAN_POINT('',(2.627668251557,-10.43005971336));
#2814 = CARTESIAN_POINT('',(2.630056871289,-10.4300597149));
#2815 = CARTESIAN_POINT('',(2.632452016596,-10.43005971644));
#2816 = CARTESIAN_POINT('',(2.634840657726,-10.43005971799));
#2817 = CARTESIAN_POINT('',(2.639586223706,-10.43005972105));
#2818 = CARTESIAN_POINT('',(2.641939016559,-10.43005972257));
#2819 = CARTESIAN_POINT('',(2.644292499652,-10.43005972409));
#2820 = CARTESIAN_POINT('',(2.646646701478,-10.43005972561));
#2821 = CARTESIAN_POINT('',(2.649000836363,-10.43005972714));
#2822 = CARTESIAN_POINT('',(2.651354254365,-10.43005972866));
#2823 = CARTESIAN_POINT('',(2.65370718665,-10.43005973019));
#2824 = CARTESIAN_POINT('',(2.65837860328,-10.43005973322));
#2825 = CARTESIAN_POINT('',(2.660694732121,-10.43005973472));
#2826 = CARTESIAN_POINT('',(2.66301149012,-10.43005973623));
#2827 = CARTESIAN_POINT('',(2.665328900621,-10.43005973773));
#2828 = CARTESIAN_POINT('',(2.667646248692,-10.43005973924));
#2829 = CARTESIAN_POINT('',(2.669962945983,-10.43005974074));
#2830 = CARTESIAN_POINT('',(2.672279204866,-10.43005974225));
#2831 = CARTESIAN_POINT('',(2.679158739612,-10.43005974673));
#2832 = CARTESIAN_POINT('',(2.683716389268,-10.4300597497));
#2833 = CARTESIAN_POINT('',(2.688284986492,-10.43005975266));
#2834 = CARTESIAN_POINT('',(2.692841225513,-10.43005975563));
#2835 = CARTESIAN_POINT('',(2.697401556346,-10.43005975865));
#2836 = CARTESIAN_POINT('',(2.701967739484,-10.43005976163));
#2837 = CARTESIAN_POINT('',(2.706526316041,-10.43005976462));
#2838 = CARTESIAN_POINT('',(2.7155081827,-10.43005977051));
#2839 = CARTESIAN_POINT('',(2.71992425546,-10.43005977341));
#2840 = CARTESIAN_POINT('',(2.724348319254,-10.43005977631));
#2841 = CARTESIAN_POINT('',(2.72876479112,-10.43005977922));
#2842 = CARTESIAN_POINT('',(2.73318107205,-10.43005978213));
#2843 = CARTESIAN_POINT('',(2.7376049521,-10.43005978504));
#2844 = CARTESIAN_POINT('',(2.742021428327,-10.43005978795));
#2845 = CARTESIAN_POINT('',(2.75072261201,-10.43005979368));
#2846 = CARTESIAN_POINT('',(2.755001269431,-10.43005979651));
#2847 = CARTESIAN_POINT('',(2.759286348551,-10.43005979933));
#2848 = CARTESIAN_POINT('',(2.763565342305,-10.43005980216));
#2849 = CARTESIAN_POINT('',(2.767844172516,-10.430059805));
#2850 = CARTESIAN_POINT('',(2.77212909425,-10.43005980782));
#2851 = CARTESIAN_POINT('',(2.77640809726,-10.43005981066));
#2852 = CARTESIAN_POINT('',(2.78898510628,-10.43005981898));
#2853 = CARTESIAN_POINT('',(2.797275658895,-10.43005982448));
#2854 = CARTESIAN_POINT('',(2.80557883029,-10.43005982997));
#2855 = CARTESIAN_POINT('',(2.813865777494,-10.43005983554));
#2856 = CARTESIAN_POINT('',(2.822162471104,-10.43005984097));
#2857 = CARTESIAN_POINT('',(2.830459892379,-10.43005984651));
#2858 = CARTESIAN_POINT('',(2.838752652844,-10.43005985203));
#2859 = CARTESIAN_POINT('',(2.854825134784,-10.43005986271));
#2860 = CARTESIAN_POINT('',(2.862600703803,-10.43005986789));
#2861 = CARTESIAN_POINT('',(2.870377348924,-10.43005987306));
#2862 = CARTESIAN_POINT('',(2.87815461024,-10.43005987824));
#2863 = CARTESIAN_POINT('',(2.885931495747,-10.43005988341));
#2864 = CARTESIAN_POINT('',(2.893707775453,-10.43005988859));
#2865 = CARTESIAN_POINT('',(2.901484127328,-10.43005989376));
#2866 = CARTESIAN_POINT('',(2.923843024619,-10.43005990864));
#2867 = CARTESIAN_POINT('',(2.938423242081,-10.43005991833));
#2868 = CARTESIAN_POINT('',(2.953005126749,-10.43005992802));
#2869 = CARTESIAN_POINT('',(2.967587523232,-10.4300599377));
#2870 = CARTESIAN_POINT('',(2.982169103428,-10.43005994736));
#2871 = CARTESIAN_POINT('',(2.996750194456,-10.43005995701));
#2872 = CARTESIAN_POINT('',(3.011332112542,-10.43005996664));
#2873 = CARTESIAN_POINT('',(3.051432310974,-10.43005999305));
#2874 = CARTESIAN_POINT('',(3.076950207685,-10.43006000979));
#2875 = CARTESIAN_POINT('',(3.10246851786,-10.43006002644));
#2876 = CARTESIAN_POINT('',(3.127987194552,-10.43006004299));
#2877 = CARTESIAN_POINT('',(3.153505778175,-10.43006005942));
#2878 = CARTESIAN_POINT('',(3.179023855654,-10.43006007571));
#2879 = CARTESIAN_POINT('',(3.20454151958,-10.43006009185));
#2880 = CARTESIAN_POINT('',(3.239629192785,-10.43006011381));
#2881 = CARTESIAN_POINT('',(3.249198082543,-10.43006011978));
#2882 = CARTESIAN_POINT('',(3.258767279001,-10.43006012572));
#2883 = CARTESIAN_POINT('',(3.268336757895,-10.43006013163));
#2884 = CARTESIAN_POINT('',(3.277906120668,-10.43006013752));
#2885 = CARTESIAN_POINT('',(3.287475026792,-10.43006014339));
#2886 = CARTESIAN_POINT('',(3.297043626108,-10.43006014922));
#2887 = CARTESIAN_POINT('',(3.314986185553,-10.43006016011));
#2888 = CARTESIAN_POINT('',(3.323358720347,-10.43006016517));
#2889 = CARTESIAN_POINT('',(3.331731128218,-10.43006017021));
#2890 = CARTESIAN_POINT('',(3.340104177847,-10.43006017522));
#2891 = CARTESIAN_POINT('',(3.348477659061,-10.43006018021));
#2892 = CARTESIAN_POINT('',(3.356850486578,-10.43006018518));
#2893 = CARTESIAN_POINT('',(3.365222122322,-10.43006019012));
#2894 = CARTESIAN_POINT('',(3.380921861054,-10.43006019934));
#2895 = CARTESIAN_POINT('',(3.388245508729,-10.43006020362));
#2896 = CARTESIAN_POINT('',(3.395576126949,-10.43006020789));
#2897 = CARTESIAN_POINT('',(3.402899244683,-10.43006021213));
#2898 = CARTESIAN_POINT('',(3.410222769056,-10.43006021635));
#2899 = CARTESIAN_POINT('',(3.417553778589,-10.43006022056));
#2900 = CARTESIAN_POINT('',(3.424876566954,-10.43006022474));
#2901 = CARTESIAN_POINT('',(3.435408474449,-10.43006023072));
#2902 = CARTESIAN_POINT('',(3.438612976416,-10.43006023253));
#2903 = CARTESIAN_POINT('',(3.44181790905,-10.43006023435));
#2904 = CARTESIAN_POINT('',(3.445023344863,-10.43006023615));
#2905 = CARTESIAN_POINT('',(3.448228753487,-10.43006023796));
#2906 = CARTESIAN_POINT('',(3.451433618147,-10.43006023976));
#2907 = CARTESIAN_POINT('',(3.454638052115,-10.43006024155));
#2908 = CARTESIAN_POINT('',(3.460848443053,-10.43006024502));
#2909 = CARTESIAN_POINT('',(3.463852535811,-10.4300602467));
#2910 = CARTESIAN_POINT('',(3.46685709377,-10.43006024837));
#2911 = CARTESIAN_POINT('',(3.46986219812,-10.43006025004));
#2912 = CARTESIAN_POINT('',(3.472867276876,-10.4300602517));
#2913 = CARTESIAN_POINT('',(3.475871770848,-10.43006025336));
#2914 = CARTESIAN_POINT('',(3.478875799595,-10.43006025502));
#2915 = CARTESIAN_POINT('',(3.484698040945,-10.43006025822));
#2916 = CARTESIAN_POINT('',(3.487514257836,-10.43006025977));
#2917 = CARTESIAN_POINT('',(3.49033096845,-10.43006026131));
#2918 = CARTESIAN_POINT('',(3.493148261436,-10.43006026285));
#2919 = CARTESIAN_POINT('',(3.495965530541,-10.43006026439));
#2920 = CARTESIAN_POINT('',(3.49878218145,-10.43006026592));
#2921 = CARTESIAN_POINT('',(3.501598338616,-10.43006026745));
#2922 = CARTESIAN_POINT('',(3.507056689738,-10.4300602704));
#2923 = CARTESIAN_POINT('',(3.509696781248,-10.43006027183));
#2924 = CARTESIAN_POINT('',(3.51233738917,-10.43006027325));
#2925 = CARTESIAN_POINT('',(3.514978608389,-10.43006027467));
#2926 = CARTESIAN_POINT('',(3.517619805488,-10.43006027609));
#2927 = CARTESIAN_POINT('',(3.520260358106,-10.43006027751));
#2928 = CARTESIAN_POINT('',(3.522900394291,-10.43006027892));
#2929 = CARTESIAN_POINT('',(3.528017598337,-10.43006028165));
#2930 = CARTESIAN_POINT('',(3.530492580702,-10.43006028296));
#2931 = CARTESIAN_POINT('',(3.532968096656,-10.43006028428));
#2932 = CARTESIAN_POINT('',(3.535444246123,-10.43006028559));
#2933 = CARTESIAN_POINT('',(3.537920375224,-10.4300602869));
#2934 = CARTESIAN_POINT('',(3.540395840261,-10.4300602882));
#2935 = CARTESIAN_POINT('',(3.542870771691,-10.43006028951));
#2936 = CARTESIAN_POINT('',(3.547668150364,-10.43006029203));
#2937 = CARTESIAN_POINT('',(3.549988405205,-10.43006029324));
#2938 = CARTESIAN_POINT('',(3.552309097983,-10.43006029446));
#2939 = CARTESIAN_POINT('',(3.554630441246,-10.43006029567));
#2940 = CARTESIAN_POINT('',(3.55695184709,-10.43006029688));
#2941 = CARTESIAN_POINT('',(3.559272600723,-10.43006029809));
#2942 = CARTESIAN_POINT('',(3.561592725208,-10.43006029929));
#2943 = CARTESIAN_POINT('',(3.566090267605,-10.43006030162));
#2944 = CARTESIAN_POINT('',(3.568265419361,-10.43006030274));
#2945 = CARTESIAN_POINT('',(3.570441024714,-10.43006030386));
#2946 = CARTESIAN_POINT('',(3.572617289475,-10.43006030498));
#2947 = CARTESIAN_POINT('',(3.574793611308,-10.4300603061));
#2948 = CARTESIAN_POINT('',(3.576969272156,-10.43006030721));
#2949 = CARTESIAN_POINT('',(3.579144305035,-10.43006030833));
#2950 = CARTESIAN_POINT('',(3.583360750935,-10.43006031048));
#2951 = CARTESIAN_POINT('',(3.585399876165,-10.43006031152));
#2952 = CARTESIAN_POINT('',(3.587439466116,-10.43006031255));
#2953 = CARTESIAN_POINT('',(3.589479719396,-10.43006031359));
#2954 = CARTESIAN_POINT('',(3.591520024525,-10.43006031462));
#2955 = CARTESIAN_POINT('',(3.593559664894,-10.43006031565));
#2956 = CARTESIAN_POINT('',(3.595598682126,-10.43006031668));
#2957 = CARTESIAN_POINT('',(3.599551600068,-10.43006031867));
#2958 = CARTESIAN_POINT('',(3.601463207664,-10.43006031963));
#2959 = CARTESIAN_POINT('',(3.60337528698,-10.43006032059));
#2960 = CARTESIAN_POINT('',(3.605288029106,-10.43006032154));
#2961 = CARTESIAN_POINT('',(3.60720081818,-10.4300603225));
#2962 = CARTESIAN_POINT('',(3.60911294315,-10.43006032345));
#2963 = CARTESIAN_POINT('',(3.611024452954,-10.4300603244));
#2964 = CARTESIAN_POINT('',(3.614730313445,-10.43006032624));
#2965 = CARTESIAN_POINT('',(3.616522380054,-10.43006032713));
#2966 = CARTESIAN_POINT('',(3.618314921685,-10.43006032802));
#2967 = CARTESIAN_POINT('',(3.620108121719,-10.4300603289));
#2968 = CARTESIAN_POINT('',(3.621901364144,-10.43006032979));
#2969 = CARTESIAN_POINT('',(3.623693946996,-10.43006033067));
#2970 = CARTESIAN_POINT('',(3.625485925308,-10.43006033155));
#2971 = CARTESIAN_POINT('',(3.628960169447,-10.43006033325));
#2972 = CARTESIAN_POINT('',(3.630640172715,-10.43006033408));
#2973 = CARTESIAN_POINT('',(3.632320651028,-10.4300603349));
#2974 = CARTESIAN_POINT('',(3.63400177998,-10.43006033572));
#2975 = CARTESIAN_POINT('',(3.635682947111,-10.43006033653));
#2976 = CARTESIAN_POINT('',(3.63736346255,-10.43006033735));
#2977 = CARTESIAN_POINT('',(3.639043386294,-10.43006033817));
#2978 = CARTESIAN_POINT('',(3.642300490111,-10.43006033974));
#2979 = CARTESIAN_POINT('',(3.643875404989,-10.4300603405));
#2980 = CARTESIAN_POINT('',(3.645450856402,-10.43006034126));
#2981 = CARTESIAN_POINT('',(3.64702695255,-10.43006034202));
#2982 = CARTESIAN_POINT('',(3.648603038472,-10.43006034278));
#2983 = CARTESIAN_POINT('',(3.650178464318,-10.43006034354));
#2984 = CARTESIAN_POINT('',(3.651753353621,-10.43006034429));
#2985 = CARTESIAN_POINT('',(3.654806888392,-10.43006034575));
#2986 = CARTESIAN_POINT('',(3.656283323587,-10.43006034646));
#2987 = CARTESIAN_POINT('',(3.657760284357,-10.43006034716));
#2988 = CARTESIAN_POINT('',(3.659237877326,-10.43006034786));
#2989 = CARTESIAN_POINT('',(3.660715461125,-10.43006034856));
#2990 = CARTESIAN_POINT('',(3.662192398965,-10.43006034927));
#2991 = CARTESIAN_POINT('',(3.663668811223,-10.43006034996));
#2992 = CARTESIAN_POINT('',(3.66653150002,-10.43006035132));
#2993 = CARTESIAN_POINT('',(3.667915615431,-10.43006035197));
#2994 = CARTESIAN_POINT('',(3.669300243795,-10.43006035262));
#2995 = CARTESIAN_POINT('',(3.670685489734,-10.43006035328));
#2996 = CARTESIAN_POINT('',(3.672070727463,-10.43006035393));
#2997 = CARTESIAN_POINT('',(3.673455335298,-10.43006035458));
#2998 = CARTESIAN_POINT('',(3.674839430174,-10.43006035522));
#2999 = CARTESIAN_POINT('',(3.677523200877,-10.43006035648));
#3000 = CARTESIAN_POINT('',(3.678820770964,-10.43006035709));
#3001 = CARTESIAN_POINT('',(3.68011884004,-10.43006035769));
#3002 = CARTESIAN_POINT('',(3.681417510366,-10.43006035829));
#3003 = CARTESIAN_POINT('',(3.682716173353,-10.4300603589));
#3004 = CARTESIAN_POINT('',(3.68401422408,-10.4300603595));
#3005 = CARTESIAN_POINT('',(3.685311775812,-10.4300603601));
#3006 = CARTESIAN_POINT('',(3.687827810806,-10.43006036127));
#3007 = CARTESIAN_POINT('',(3.689044248709,-10.43006036183));
#3008 = CARTESIAN_POINT('',(3.690261170578,-10.43006036239));
#3009 = CARTESIAN_POINT('',(3.691478676021,-10.43006036295));
#3010 = CARTESIAN_POINT('',(3.692696174914,-10.43006036351));
#3011 = CARTESIAN_POINT('',(3.693913080404,-10.43006036407));
#3012 = CARTESIAN_POINT('',(3.695129501923,-10.43006036463));
#3013 = CARTESIAN_POINT('',(3.698629631197,-10.43006036623));
#3014 = CARTESIAN_POINT('',(3.700908371732,-10.43006036726));
#3015 = CARTESIAN_POINT('',(3.703195827447,-10.43006036832));
#3016 = CARTESIAN_POINT('',(3.705475287312,-10.4300603693));
#3017 = CARTESIAN_POINT('',(3.707753330613,-10.43006037038));
#3018 = CARTESIAN_POINT('',(3.710041622069,-10.43006037141));
#3019 = CARTESIAN_POINT('',(3.712320041732,-10.43006037244));
#3020 = CARTESIAN_POINT('',(3.716600090994,-10.43006037436));
#3021 = CARTESIAN_POINT('',(3.718593656981,-10.43006037526));
#3022 = CARTESIAN_POINT('',(3.720595919881,-10.43006037614));
#3023 = CARTESIAN_POINT('',(3.722589507839,-10.43006037704));
#3024 = CARTESIAN_POINT('',(3.724583155988,-10.43006037793));
#3025 = CARTESIAN_POINT('',(3.726585476814,-10.43006037881));
#3026 = CARTESIAN_POINT('',(3.728578915619,-10.43006037969));
#3027 = CARTESIAN_POINT('',(3.73232395863,-10.43006038135));
#3028 = CARTESIAN_POINT('',(3.734068161459,-10.43006038212));
#3029 = CARTESIAN_POINT('',(3.735820350866,-10.43006038289));
#3030 = CARTESIAN_POINT('',(3.737564586481,-10.43006038365));
#3031 = CARTESIAN_POINT('',(3.739308869154,-10.43006038441));
#3032 = CARTESIAN_POINT('',(3.74106110385,-10.43006038518));
#3033 = CARTESIAN_POINT('',(3.742805207245,-10.43006038594));
#3034 = CARTESIAN_POINT('',(3.746082119806,-10.43006038736));
#3035 = CARTESIAN_POINT('',(3.747608166462,-10.43006038802));
#3036 = CARTESIAN_POINT('',(3.749141495706,-10.43006038868));
#3037 = CARTESIAN_POINT('',(3.750667581826,-10.43006038934));
#3038 = CARTESIAN_POINT('',(3.752193704622,-10.43006039));
#3039 = CARTESIAN_POINT('',(3.753727069163,-10.43006039066));
#3040 = CARTESIAN_POINT('',(3.755253038323,-10.43006039131));
#3041 = CARTESIAN_POINT('',(3.758120336757,-10.43006039254));
#3042 = CARTESIAN_POINT('',(3.759455525667,-10.43006039311));
#3043 = CARTESIAN_POINT('',(3.760797316075,-10.43006039368));
#3044 = CARTESIAN_POINT('',(3.762132548028,-10.43006039425));
#3045 = CARTESIAN_POINT('',(3.763467808491,-10.43006039482));
#3046 = CARTESIAN_POINT('',(3.764809626338,-10.43006039539));
#3047 = CARTESIAN_POINT('',(3.766144755007,-10.43006039595));
#3048 = CARTESIAN_POINT('',(3.768653641094,-10.43006039701));
#3049 = CARTESIAN_POINT('',(3.769823246458,-10.43006039751));
#3050 = CARTESIAN_POINT('',(3.77099340243,-10.430060398));
#3051 = CARTESIAN_POINT('',(3.772164272746,-10.43006039849));
#3052 = CARTESIAN_POINT('',(3.773335165815,-10.43006039898));
#3053 = CARTESIAN_POINT('',(3.774505343912,-10.43006039947));
#3054 = CARTESIAN_POINT('',(3.775674901886,-10.43006039996));
#3055 = CARTESIAN_POINT('',(3.777870177179,-10.43006040088));
#3056 = CARTESIAN_POINT('',(3.778893528054,-10.43006040131));
#3057 = CARTESIAN_POINT('',(3.77991741622,-10.43006040173));
#3058 = CARTESIAN_POINT('',(3.780941953777,-10.43006040216));
#3059 = CARTESIAN_POINT('',(3.781966486084,-10.43006040258));
#3060 = CARTESIAN_POINT('',(3.782990361123,-10.43006040301));
#3061 = CARTESIAN_POINT('',(3.784013698869,-10.43006040343));
#3062 = CARTESIAN_POINT('',(3.786830968789,-10.4300604046));
#3063 = CARTESIAN_POINT('',(3.788619686844,-10.43006040533));
#3064 = CARTESIAN_POINT('',(3.790417497123,-10.43006040607));
#3065 = CARTESIAN_POINT('',(3.792206770049,-10.4300604068));
#3066 = CARTESIAN_POINT('',(3.793995061029,-10.43006040754));
#3067 = CARTESIAN_POINT('',(3.795793450637,-10.43006040827));
#3068 = CARTESIAN_POINT('',(3.797581946246,-10.430060409));
#3069 = CARTESIAN_POINT('',(3.800719360402,-10.43006041028));
#3070 = CARTESIAN_POINT('',(3.802060690905,-10.43006041082));
#3071 = CARTESIAN_POINT('',(3.803409518235,-10.43006041137));
#3072 = CARTESIAN_POINT('',(3.804750900704,-10.43006041191));
#3073 = CARTESIAN_POINT('',(3.80609231354,-10.43006041245));
#3074 = CARTESIAN_POINT('',(3.807441170095,-10.43006041299));
#3075 = CARTESIAN_POINT('',(3.808782436435,-10.43006041353));
#3076 = CARTESIAN_POINT('',(3.81113549701,-10.43006041447));
#3077 = CARTESIAN_POINT('',(3.812142775837,-10.43006041487));
#3078 = CARTESIAN_POINT('',(3.813150594997,-10.43006041527));
#3079 = CARTESIAN_POINT('',(3.81415910674,-10.43006041568));
#3080 = CARTESIAN_POINT('',(3.815167636256,-10.43006041608));
#3081 = CARTESIAN_POINT('',(3.816175472699,-10.43006041648));
#3082 = CARTESIAN_POINT('',(3.817182714509,-10.43006041688));
#3083 = CARTESIAN_POINT('',(3.819703850806,-10.43006041788));
#3084 = CARTESIAN_POINT('',(3.82121265019,-10.43006041847));
#3085 = CARTESIAN_POINT('',(3.82273033817,-10.43006041907));
#3086 = CARTESIAN_POINT('',(3.824239194073,-10.43006041966));
#3087 = CARTESIAN_POINT('',(3.825748089301,-10.43006042026));
#3088 = CARTESIAN_POINT('',(3.827265815126,-10.43006042085));
#3089 = CARTESIAN_POINT('',(3.828774531422,-10.43006042144));
#3090 = CARTESIAN_POINT('',(3.831799894918,-10.43006042262));
#3091 = CARTESIAN_POINT('',(3.833308662433,-10.43006042321));
#3092 = CARTESIAN_POINT('',(3.834826162189,-10.43006042374));
#3093 = CARTESIAN_POINT('',(3.836335381144,-10.4300604244));
#3094 = CARTESIAN_POINT('',(3.837843863648,-10.4300604249));
#3095 = CARTESIAN_POINT('',(3.839361797895,-10.43006042555));
#3096 = CARTESIAN_POINT('',(3.840870398605,-10.43006042612));
#3097 = CARTESIAN_POINT('',(3.842383080322,-10.4300604267));
#3098 = ( GEOMETRIC_REPRESENTATION_CONTEXT(2) 
PARAMETRIC_REPRESENTATION_CONTEXT() REPRESENTATION_CONTEXT('2D SPACE',''
  ) );
#3099 = PCURVE('',#3100,#3105);
#3100 = PLANE('',#3101);
#3101 = AXIS2_PLACEMENT_3D('',#3102,#3103,#3104);
#3102 = CARTESIAN_POINT('',(347.58563172379,10.430000305176,
    84.899999491757));
#3103 = DIRECTION('',(0.,-1.,0.));
#3104 = DIRECTION('',(-0.,0.,1.));
#3105 = DEFINITIONAL_REPRESENTATION('',(#3106),#3110);
#3106 = CIRCLE('',#3107,1.949206253172);
#3107 = AXIS2_PLACEMENT_2D('',#3108,#3109);
#3108 = CARTESIAN_POINT('',(2.034121521888E-06,1.684594946399));
#3109 = DIRECTION('',(-0.634652271537,-0.772797835293));
#3110 = ( GEOMETRIC_REPRESENTATION_CONTEXT(2) 
PARAMETRIC_REPRESENTATION_CONTEXT() REPRESENTATION_CONTEXT('2D SPACE',''
  ) );
#3111 = ADVANCED_FACE('',(#3112),#3100,.T.);
#3112 = FACE_BOUND('',#3113,.T.);
#3113 = EDGE_LOOP('',(#3114,#3115));
#3114 = ORIENTED_EDGE('',*,*,#2722,.T.);
#3115 = ORIENTED_EDGE('',*,*,#3116,.T.);
#3116 = EDGE_CURVE('',#2654,#2049,#3117,.T.);
#3117 = SURFACE_CURVE('',#3118,(#3122,#3129),.PCURVE_S1.);
#3118 = LINE('',#3119,#3120);
#3119 = CARTESIAN_POINT('',(347.40737915039,10.430000305176,
    86.137069702148));
#3120 = VECTOR('',#3121,1.);
#3121 = DIRECTION('',(0.,0.,-1.));
#3122 = PCURVE('',#3100,#3123);
#3123 = DEFINITIONAL_REPRESENTATION('',(#3124),#3128);
#3124 = LINE('',#3125,#3126);
#3125 = CARTESIAN_POINT('',(1.237070210391,0.178252573409));
#3126 = VECTOR('',#3127,1.);
#3127 = DIRECTION('',(-1.,-0.));
#3128 = ( GEOMETRIC_REPRESENTATION_CONTEXT(2) 
PARAMETRIC_REPRESENTATION_CONTEXT() REPRESENTATION_CONTEXT('2D SPACE',''
  ) );
#3129 = PCURVE('',#2710,#3130);
#3130 = DEFINITIONAL_REPRESENTATION('',(#3131),#3135);
#3131 = LINE('',#3132,#3133);
#3132 = CARTESIAN_POINT('',(-2.096981961869E-02,-0.801579793294));
#3133 = VECTOR('',#3134,1.);
#3134 = DIRECTION('',(0.,1.));
#3135 = ( GEOMETRIC_REPRESENTATION_CONTEXT(2) 
PARAMETRIC_REPRESENTATION_CONTEXT() REPRESENTATION_CONTEXT('2D SPACE',''
  ) );
#3136 = ADVANCED_FACE('',(#3137),#2710,.T.);
#3137 = FACE_BOUND('',#3138,.T.);
#3138 = EDGE_LOOP('',(#3139,#3140,#3141));
#3139 = ORIENTED_EDGE('',*,*,#3116,.F.);
#3140 = ORIENTED_EDGE('',*,*,#2653,.T.);
#3141 = ORIENTED_EDGE('',*,*,#3142,.T.);
#3142 = EDGE_CURVE('',#1461,#2049,#3143,.T.);
#3143 = SURFACE_CURVE('',#3144,(#3148,#3155),.PCURVE_S1.);
#3144 = LINE('',#3145,#3146);
#3145 = CARTESIAN_POINT('',(347.34448242187,10.431265830994,
    86.206466674805));
#3146 = VECTOR('',#3147,1.);
#3147 = DIRECTION('',(2.472053301924E-02,-4.973942763909E-04,
    -0.99969427719));
#3148 = PCURVE('',#2710,#3149);
#3149 = DEFINITIONAL_REPRESENTATION('',(#3150),#3154);
#3150 = LINE('',#3151,#3152);
#3151 = CARTESIAN_POINT('',(4.193963923738E-02,-0.870976765951));
#3152 = VECTOR('',#3153,1.);
#3153 = DIRECTION('',(-2.472553647187E-02,0.99969427719));
#3154 = ( GEOMETRIC_REPRESENTATION_CONTEXT(2) 
PARAMETRIC_REPRESENTATION_CONTEXT() REPRESENTATION_CONTEXT('2D SPACE',''
  ) );
#3155 = PCURVE('',#1476,#3156);
#3156 = DEFINITIONAL_REPRESENTATION('',(#3157),#3161);
#3157 = LINE('',#3158,#3159);
#3158 = CARTESIAN_POINT('',(-9.056252436604E-04,-0.823712775365));
#3159 = VECTOR('',#3160,1.);
#3160 = DIRECTION('',(-2.472021009105E-02,0.999694408914));
#3161 = ( GEOMETRIC_REPRESENTATION_CONTEXT(2) 
PARAMETRIC_REPRESENTATION_CONTEXT() REPRESENTATION_CONTEXT('2D SPACE',''
  ) );
#3162 = ADVANCED_FACE('',(#3163),#2553,.T.);
#3163 = FACE_BOUND('',#3164,.T.);
#3164 = EDGE_LOOP('',(#3165,#3188,#3189,#3190,#3213));
#3165 = ORIENTED_EDGE('',*,*,#3166,.F.);
#3166 = EDGE_CURVE('',#2566,#3167,#3169,.T.);
#3167 = VERTEX_POINT('',#3168);
#3168 = CARTESIAN_POINT('',(347.37222290039,13.300000190735,
    86.185508728027));
#3169 = SURFACE_CURVE('',#3170,(#3174,#3181),.PCURVE_S1.);
#3170 = LINE('',#3171,#3172);
#3171 = CARTESIAN_POINT('',(347.34448242187,13.300000190735,
    86.206466674805));
#3172 = VECTOR('',#3173,1.);
#3173 = DIRECTION('',(0.797888432841,0.,-0.602805149894));
#3174 = PCURVE('',#2553,#3175);
#3175 = DEFINITIONAL_REPRESENTATION('',(#3176),#3180);
#3176 = LINE('',#3177,#3178);
#3177 = CARTESIAN_POINT('',(0.135861023427,0.128148761998));
#3178 = VECTOR('',#3179,1.);
#3179 = DIRECTION('',(-0.602805149894,-0.797888432841));
#3180 = ( GEOMETRIC_REPRESENTATION_CONTEXT(2) 
PARAMETRIC_REPRESENTATION_CONTEXT() REPRESENTATION_CONTEXT('2D SPACE',''
  ) );
#3181 = PCURVE('',#1504,#3182);
#3182 = DEFINITIONAL_REPRESENTATION('',(#3183),#3187);
#3183 = LINE('',#3184,#3185);
#3184 = CARTESIAN_POINT('',(-1.738368066245E-02,-1.434366703034));
#3185 = VECTOR('',#3186,1.);
#3186 = DIRECTION('',(1.,0.));
#3187 = ( GEOMETRIC_REPRESENTATION_CONTEXT(2) 
PARAMETRIC_REPRESENTATION_CONTEXT() REPRESENTATION_CONTEXT('2D SPACE',''
  ) );
#3188 = ORIENTED_EDGE('',*,*,#2565,.F.);
#3189 = ORIENTED_EDGE('',*,*,#2454,.F.);
#3190 = ORIENTED_EDGE('',*,*,#3191,.T.);
#3191 = EDGE_CURVE('',#2424,#3192,#3194,.T.);
#3192 = VERTEX_POINT('',#3193);
#3193 = CARTESIAN_POINT('',(347.55450439453,13.300000190735,86.));
#3194 = SURFACE_CURVE('',#3195,(#3199,#3206),.PCURVE_S1.);
#3195 = LINE('',#3196,#3197);
#3196 = CARTESIAN_POINT('',(347.50903320312,13.300000190735,86.));
#3197 = VECTOR('',#3198,1.);
#3198 = DIRECTION('',(1.,0.,0.));
#3199 = PCURVE('',#2553,#3200);
#3200 = DEFINITIONAL_REPRESENTATION('',(#3201),#3205);
#3201 = LINE('',#3202,#3203);
#3202 = CARTESIAN_POINT('',(-7.060565137729E-02,-3.640201925231E-02));
#3203 = VECTOR('',#3204,1.);
#3204 = DIRECTION('',(0.,-1.));
#3205 = ( GEOMETRIC_REPRESENTATION_CONTEXT(2) 
PARAMETRIC_REPRESENTATION_CONTEXT() REPRESENTATION_CONTEXT('2D SPACE',''
  ) );
#3206 = PCURVE('',#2442,#3207);
#3207 = DEFINITIONAL_REPRESENTATION('',(#3208),#3212);
#3208 = LINE('',#3209,#3210);
#3209 = CARTESIAN_POINT('',(2.500009536743E-02,2.273559570312E-02));
#3210 = VECTOR('',#3211,1.);
#3211 = DIRECTION('',(0.,-1.));
#3212 = ( GEOMETRIC_REPRESENTATION_CONTEXT(2) 
PARAMETRIC_REPRESENTATION_CONTEXT() REPRESENTATION_CONTEXT('2D SPACE',''
  ) );
#3213 = ORIENTED_EDGE('',*,*,#3214,.F.);
#3214 = EDGE_CURVE('',#3167,#3192,#3215,.T.);
#3215 = SURFACE_CURVE('',#3216,(#3221,#3232),.PCURVE_S1.);
#3216 = CIRCLE('',#3217,1.427886232705);
#3217 = AXIS2_PLACEMENT_3D('',#3218,#3219,#3220);
#3218 = CARTESIAN_POINT('',(346.4491077176,13.300000190735,
    85.096143108569));
#3219 = DIRECTION('',(0.,1.,0.));
#3220 = DIRECTION('',(0.646490708883,-0.,0.762921859254));
#3221 = PCURVE('',#2553,#3222);
#3222 = DEFINITIONAL_REPRESENTATION('',(#3223),#3231);
#3223 = ( BOUNDED_CURVE() B_SPLINE_CURVE(2,(#3224,#3225,#3226,#3227,
#3228,#3229,#3230),.UNSPECIFIED.,.T.,.F.) B_SPLINE_CURVE_WITH_KNOTS((1,2
    ,2,2,2,1),(-2.094395102393,0.,2.094395102393,4.188790204786,
6.28318530718,8.377580409573),.UNSPECIFIED.) CURVE() 
GEOMETRIC_REPRESENTATION_ITEM() RATIONAL_B_SPLINE_CURVE((1.,0.5,1.,0.5,
1.,0.5,1.)) REPRESENTATION_ITEM('') );
#3224 = CARTESIAN_POINT('',(0.11490307665,0.100408283482));
#3225 = CARTESIAN_POINT('',(-1.483979321174,-1.786428317439));
#3226 = CARTESIAN_POINT('',(-2.31858655145,0.541662757201));
#3227 = CARTESIAN_POINT('',(-3.153193781725,2.869753831842));
#3228 = CARTESIAN_POINT('',(-0.719704153625,2.428499358122));
#3229 = CARTESIAN_POINT('',(1.713785474474,1.987244884403));
#3230 = CARTESIAN_POINT('',(0.11490307665,0.100408283482));
#3231 = ( GEOMETRIC_REPRESENTATION_CONTEXT(2) 
PARAMETRIC_REPRESENTATION_CONTEXT() REPRESENTATION_CONTEXT('2D SPACE',''
  ) );
#3232 = PCURVE('',#1539,#3233);
#3233 = DEFINITIONAL_REPRESENTATION('',(#3234),#3349);
#3234 = B_SPLINE_CURVE_WITH_KNOTS('',8,(#3235,#3236,#3237,#3238,#3239,
    #3240,#3241,#3242,#3243,#3244,#3245,#3246,#3247,#3248,#3249,#3250,
    #3251,#3252,#3253,#3254,#3255,#3256,#3257,#3258,#3259,#3260,#3261,
    #3262,#3263,#3264,#3265,#3266,#3267,#3268,#3269,#3270,#3271,#3272,
    #3273,#3274,#3275,#3276,#3277,#3278,#3279,#3280,#3281,#3282,#3283,
    #3284,#3285,#3286,#3287,#3288,#3289,#3290,#3291,#3292,#3293,#3294,
    #3295,#3296,#3297,#3298,#3299,#3300,#3301,#3302,#3303,#3304,#3305,
    #3306,#3307,#3308,#3309,#3310,#3311,#3312,#3313,#3314,#3315,#3316,
    #3317,#3318,#3319,#3320,#3321,#3322,#3323,#3324,#3325,#3326,#3327,
    #3328,#3329,#3330,#3331,#3332,#3333,#3334,#3335,#3336,#3337,#3338,
    #3339,#3340,#3341,#3342,#3343,#3344,#3345,#3346,#3347,#3348),
  .UNSPECIFIED.,.F.,.F.,(9,7,7,7,7,7,7,7,7,7,7,7,7,7,7,7,9),(0.,
    1.139962262103E-02,2.208676882823E-02,3.210596839747E-02,
    4.149896799364E-02,5.911084223645E-02,7.45212321989E-02,
    0.101489414633,0.121715551459,0.136885154078,0.148262356043,
    0.156795257516,0.163194933621,0.1679946907,0.175194326318,
    0.178794144127,0.182393961936),.UNSPECIFIED.);
#3235 = CARTESIAN_POINT('',(-2.463535259282,-13.29993537107));
#3236 = CARTESIAN_POINT('',(-2.464733018696,-13.29993537167));
#3237 = CARTESIAN_POINT('',(-2.465929581259,-13.29993537228));
#3238 = CARTESIAN_POINT('',(-2.467126629307,-13.29993537289));
#3239 = CARTESIAN_POINT('',(-2.468324420293,-13.2999353735));
#3240 = CARTESIAN_POINT('',(-2.469522293454,-13.29993537411));
#3241 = CARTESIAN_POINT('',(-2.470719423848,-13.29993537472));
#3242 = CARTESIAN_POINT('',(-2.47191582377,-13.29993537534));
#3243 = CARTESIAN_POINT('',(-2.474236498815,-13.29993537653));
#3244 = CARTESIAN_POINT('',(-2.475358160196,-13.29993537711));
#3245 = CARTESIAN_POINT('',(-2.476480373688,-13.29993537769));
#3246 = CARTESIAN_POINT('',(-2.477603332625,-13.29993537827));
#3247 = CARTESIAN_POINT('',(-2.478726330499,-13.29993537885));
#3248 = CARTESIAN_POINT('',(-2.47984858301,-13.29993537943));
#3249 = CARTESIAN_POINT('',(-2.480970167326,-13.29993538002));
#3250 = CARTESIAN_POINT('',(-2.48314580785,-13.29993538115));
#3251 = CARTESIAN_POINT('',(-2.484197306818,-13.2999353817));
#3252 = CARTESIAN_POINT('',(-2.485249382715,-13.29993538225));
#3253 = CARTESIAN_POINT('',(-2.486302175743,-13.2999353828));
#3254 = CARTESIAN_POINT('',(-2.487354975565,-13.29993538336));
#3255 = CARTESIAN_POINT('',(-2.488407058271,-13.29993538391));
#3256 = CARTESIAN_POINT('',(-2.489458543791,-13.29993538447));
#3257 = CARTESIAN_POINT('',(-2.49149820812,-13.29993538555));
#3258 = CARTESIAN_POINT('',(-2.492483971195,-13.29993538607));
#3259 = CARTESIAN_POINT('',(-2.49347029335,-13.29993538659));
#3260 = CARTESIAN_POINT('',(-2.494457299368,-13.29993538712));
#3261 = CARTESIAN_POINT('',(-2.495444310026,-13.29993538764));
#3262 = CARTESIAN_POINT('',(-2.496430643659,-13.29993538817));
#3263 = CARTESIAN_POINT('',(-2.49741641773,-13.2999353887));
#3264 = CARTESIAN_POINT('',(-2.500253849135,-13.29993539022));
#3265 = CARTESIAN_POINT('',(-2.502099766992,-13.29993539121));
#3266 = CARTESIAN_POINT('',(-2.503956469988,-13.29993539221));
#3267 = CARTESIAN_POINT('',(-2.505801398927,-13.29993539315));
#3268 = CARTESIAN_POINT('',(-2.507649314544,-13.29993539422));
#3269 = CARTESIAN_POINT('',(-2.50950424658,-13.29993539522));
#3270 = CARTESIAN_POINT('',(-2.511350829185,-13.29993539623));
#3271 = CARTESIAN_POINT('',(-2.514820482122,-13.29993539814));
#3272 = CARTESIAN_POINT('',(-2.51643624525,-13.29993539903));
#3273 = CARTESIAN_POINT('',(-2.518059567129,-13.29993539992));
#3274 = CARTESIAN_POINT('',(-2.519675762543,-13.29993540081));
#3275 = CARTESIAN_POINT('',(-2.521291731543,-13.29993540171));
#3276 = CARTESIAN_POINT('',(-2.522914828582,-13.29993540261));
#3277 = CARTESIAN_POINT('',(-2.524531045885,-13.29993540352));
#3278 = CARTESIAN_POINT('',(-2.52898370209,-13.29993540601));
#3279 = CARTESIAN_POINT('',(-2.531811804426,-13.2999354076));
#3280 = CARTESIAN_POINT('',(-2.53465504066,-13.29993540921));
#3281 = CARTESIAN_POINT('',(-2.537475563697,-13.29993541078));
#3282 = CARTESIAN_POINT('',(-2.540315879609,-13.29993541242));
#3283 = CARTESIAN_POINT('',(-2.543147379627,-13.29993541404));
#3284 = CARTESIAN_POINT('',(-2.545979887331,-13.29993541567));
#3285 = CARTESIAN_POINT('',(-2.550938328246,-13.29993541854));
#3286 = CARTESIAN_POINT('',(-2.553063169352,-13.29993541977));
#3287 = CARTESIAN_POINT('',(-2.555187926193,-13.29993542101));
#3288 = CARTESIAN_POINT('',(-2.55731278136,-13.29993542225));
#3289 = CARTESIAN_POINT('',(-2.559437883434,-13.29993542349));
#3290 = CARTESIAN_POINT('',(-2.561563251139,-13.29993542474));
#3291 = CARTESIAN_POINT('',(-2.563688677479,-13.299935426));
#3292 = CARTESIAN_POINT('',(-2.56740735119,-13.2999354282));
#3293 = CARTESIAN_POINT('',(-2.569001462058,-13.29993542914));
#3294 = CARTESIAN_POINT('',(-2.570595985574,-13.29993543009));
#3295 = CARTESIAN_POINT('',(-2.572189912303,-13.29993543104));
#3296 = CARTESIAN_POINT('',(-2.573783233918,-13.29993543199));
#3297 = CARTESIAN_POINT('',(-2.57537715112,-13.29993543295));
#3298 = CARTESIAN_POINT('',(-2.576972459865,-13.2999354339));
#3299 = CARTESIAN_POINT('',(-2.57976135791,-13.29993543558));
#3300 = CARTESIAN_POINT('',(-2.580959144834,-13.2999354363));
#3301 = CARTESIAN_POINT('',(-2.582150784092,-13.29993543702));
#3302 = CARTESIAN_POINT('',(-2.583349045344,-13.29993543775));
#3303 = CARTESIAN_POINT('',(-2.584546931545,-13.29993543848));
#3304 = CARTESIAN_POINT('',(-2.585738198411,-13.2999354392));
#3305 = CARTESIAN_POINT('',(-2.586936737843,-13.29993543993));
#3306 = CARTESIAN_POINT('',(-2.589028343093,-13.2999354412));
#3307 = CARTESIAN_POINT('',(-2.589927523559,-13.29993544175));
#3308 = CARTESIAN_POINT('',(-2.590820158264,-13.2999354423));
#3309 = CARTESIAN_POINT('',(-2.591719592702,-13.29993544285));
#3310 = CARTESIAN_POINT('',(-2.592618797573,-13.2999354434));
#3311 = CARTESIAN_POINT('',(-2.593511204345,-13.29993544394));
#3312 = CARTESIAN_POINT('',(-2.594410845441,-13.2999354445));
#3313 = CARTESIAN_POINT('',(-2.595979507621,-13.29993544546));
#3314 = CARTESIAN_POINT('',(-2.596654405338,-13.29993544588));
#3315 = CARTESIAN_POINT('',(-2.597323216814,-13.29993544629));
#3316 = CARTESIAN_POINT('',(-2.597998237488,-13.29993544671));
#3317 = CARTESIAN_POINT('',(-2.598673121182,-13.29993544712));
#3318 = CARTESIAN_POINT('',(-2.599341796657,-13.29993544753));
#3319 = CARTESIAN_POINT('',(-2.600016969236,-13.29993544795));
#3320 = CARTESIAN_POINT('',(-2.601193440973,-13.29993544868));
#3321 = CARTESIAN_POINT('',(-2.601698731105,-13.29993544899));
#3322 = CARTESIAN_POINT('',(-2.602203481697,-13.29993544931));
#3323 = CARTESIAN_POINT('',(-2.602707594723,-13.29993544962));
#3324 = CARTESIAN_POINT('',(-2.603211730822,-13.29993544993));
#3325 = CARTESIAN_POINT('',(-2.603716538504,-13.29993545024));
#3326 = CARTESIAN_POINT('',(-2.604221883341,-13.29993545056));
#3327 = CARTESIAN_POINT('',(-2.605482367919,-13.29993545134));
#3328 = CARTESIAN_POINT('',(-2.606242493851,-13.29993545182));
#3329 = CARTESIAN_POINT('',(-2.606993701055,-13.29993545229));
#3330 = CARTESIAN_POINT('',(-2.607753989484,-13.29993545276));
#3331 = CARTESIAN_POINT('',(-2.608514089117,-13.29993545323));
#3332 = CARTESIAN_POINT('',(-2.609265108881,-13.2999354537));
#3333 = CARTESIAN_POINT('',(-2.610025613673,-13.29993545418));
#3334 = CARTESIAN_POINT('',(-2.611160020416,-13.29993545489));
#3335 = CARTESIAN_POINT('',(-2.611539201797,-13.29993545513));
#3336 = CARTESIAN_POINT('',(-2.611917870351,-13.29993545536));
#3337 = CARTESIAN_POINT('',(-2.61229592659,-13.2999354556));
#3338 = CARTESIAN_POINT('',(-2.612673996898,-13.29993545584));
#3339 = CARTESIAN_POINT('',(-2.613052700262,-13.29993545608));
#3340 = CARTESIAN_POINT('',(-2.613431915002,-13.29993545632));
#3341 = CARTESIAN_POINT('',(-2.614188176004,-13.29993545679));
#3342 = CARTESIAN_POINT('',(-2.614567426837,-13.29993545703));
#3343 = CARTESIAN_POINT('',(-2.614946128766,-13.29993545727));
#3344 = CARTESIAN_POINT('',(-2.615324174784,-13.29993545751));
#3345 = CARTESIAN_POINT('',(-2.615702235216,-13.29993545775));
#3346 = CARTESIAN_POINT('',(-2.616080972806,-13.29993545798));
#3347 = CARTESIAN_POINT('',(-2.616460257815,-13.29993545822));
#3348 = CARTESIAN_POINT('',(-2.616838383114,-13.29993545846));
#3349 = ( GEOMETRIC_REPRESENTATION_CONTEXT(2) 
PARAMETRIC_REPRESENTATION_CONTEXT() REPRESENTATION_CONTEXT('2D SPACE',''
  ) );
#3350 = ADVANCED_FACE('',(#3351),#2442,.T.);
#3351 = FACE_BOUND('',#3352,.T.);
#3352 = EDGE_LOOP('',(#3353,#3379,#3380,#3381));
#3353 = ORIENTED_EDGE('',*,*,#3354,.F.);
#3354 = EDGE_CURVE('',#3192,#3355,#3357,.T.);
#3355 = VERTEX_POINT('',#3356);
#3356 = CARTESIAN_POINT('',(347.55450439453,13.35000038147,86.));
#3357 = SURFACE_CURVE('',#3358,(#3362,#3369),.PCURVE_S1.);
#3358 = LINE('',#3359,#3360);
#3359 = CARTESIAN_POINT('',(347.55450439453,13.300000190735,86.));
#3360 = VECTOR('',#3361,1.);
#3361 = DIRECTION('',(0.,1.,0.));
#3362 = PCURVE('',#2442,#3363);
#3363 = DEFINITIONAL_REPRESENTATION('',(#3364),#3368);
#3364 = LINE('',#3365,#3366);
#3365 = CARTESIAN_POINT('',(2.500009536743E-02,-2.273559570312E-02));
#3366 = VECTOR('',#3367,1.);
#3367 = DIRECTION('',(-1.,-0.));
#3368 = ( GEOMETRIC_REPRESENTATION_CONTEXT(2) 
PARAMETRIC_REPRESENTATION_CONTEXT() REPRESENTATION_CONTEXT('2D SPACE',''
  ) );
#3369 = PCURVE('',#1539,#3370);
#3370 = DEFINITIONAL_REPRESENTATION('',(#3371),#3378);
#3371 = B_SPLINE_CURVE_WITH_KNOTS('',5,(#3372,#3373,#3374,#3375,#3376,
    #3377),.UNSPECIFIED.,.F.,.F.,(6,6),(0.,5.000019073486E-02),
  .PIECEWISE_BEZIER_KNOTS.);
#3372 = CARTESIAN_POINT('',(-2.616838383114,-13.29993545846));
#3373 = CARTESIAN_POINT('',(-2.61683838098,-13.30993549661));
#3374 = CARTESIAN_POINT('',(-2.616838378834,-13.31993553476));
#3375 = CARTESIAN_POINT('',(-2.616838376711,-13.3299355729));
#3376 = CARTESIAN_POINT('',(-2.616838374565,-13.33993561105));
#3377 = CARTESIAN_POINT('',(-2.61683837243,-13.3499356492));
#3378 = ( GEOMETRIC_REPRESENTATION_CONTEXT(2) 
PARAMETRIC_REPRESENTATION_CONTEXT() REPRESENTATION_CONTEXT('2D SPACE',''
  ) );
#3379 = ORIENTED_EDGE('',*,*,#3191,.F.);
#3380 = ORIENTED_EDGE('',*,*,#2423,.F.);
#3381 = ORIENTED_EDGE('',*,*,#3382,.F.);
#3382 = EDGE_CURVE('',#3355,#2135,#3383,.T.);
#3383 = SURFACE_CURVE('',#3384,(#3388,#3395),.PCURVE_S1.);
#3384 = LINE('',#3385,#3386);
#3385 = CARTESIAN_POINT('',(347.55450439453,13.35000038147,86.));
#3386 = VECTOR('',#3387,1.);
#3387 = DIRECTION('',(-1.,0.,0.));
#3388 = PCURVE('',#2442,#3389);
#3389 = DEFINITIONAL_REPRESENTATION('',(#3390),#3394);
#3390 = LINE('',#3391,#3392);
#3391 = CARTESIAN_POINT('',(-2.500009536743E-02,-2.273559570312E-02));
#3392 = VECTOR('',#3393,1.);
#3393 = DIRECTION('',(0.,1.));
#3394 = ( GEOMETRIC_REPRESENTATION_CONTEXT(2) 
PARAMETRIC_REPRESENTATION_CONTEXT() REPRESENTATION_CONTEXT('2D SPACE',''
  ) );
#3395 = PCURVE('',#2000,#3396);
#3396 = DEFINITIONAL_REPRESENTATION('',(#3397),#3401);
#3397 = LINE('',#3398,#3399);
#3398 = CARTESIAN_POINT('',(1.156796158616,0.241725491727));
#3399 = VECTOR('',#3400,1.);
#3400 = DIRECTION('',(0.,1.));
#3401 = ( GEOMETRIC_REPRESENTATION_CONTEXT(2) 
PARAMETRIC_REPRESENTATION_CONTEXT() REPRESENTATION_CONTEXT('2D SPACE',''
  ) );
#3402 = ADVANCED_FACE('',(#3403),#2000,.T.);
#3403 = FACE_BOUND('',#3404,.T.);
#3404 = EDGE_LOOP('',(#3405,#3406,#4019,#4020));
#3405 = ORIENTED_EDGE('',*,*,#1983,.F.);
#3406 = ORIENTED_EDGE('',*,*,#3407,.F.);
#3407 = EDGE_CURVE('',#3355,#1958,#3408,.T.);
#3408 = SURFACE_CURVE('',#3409,(#3414,#3425),.PCURVE_S1.);
#3409 = CIRCLE('',#3410,1.693097682466);
#3410 = AXIS2_PLACEMENT_3D('',#3411,#3412,#3413);
#3411 = CARTESIAN_POINT('',(346.27328355775,13.35000038147,
    84.893178907959));
#3412 = DIRECTION('',(0.,1.,0.));
#3413 = DIRECTION('',(0.756731788156,-0.,0.65372547816));
#3414 = PCURVE('',#2000,#3415);
#3415 = DEFINITIONAL_REPRESENTATION('',(#3416),#3424);
#3416 = ( BOUNDED_CURVE() B_SPLINE_CURVE(2,(#3417,#3418,#3419,#3420,
#3421,#3422,#3423),.UNSPECIFIED.,.T.,.F.) B_SPLINE_CURVE_WITH_KNOTS((1,2
    ,2,2,2,1),(-2.094395102393,0.,2.094395102393,4.188790204786,
6.28318530718,8.377580409573),.UNSPECIFIED.) CURVE() 
GEOMETRIC_REPRESENTATION_ITEM() RATIONAL_B_SPLINE_CURVE((1.,0.5,1.,0.5,
1.,0.5,1.)) REPRESENTATION_ITEM('') );
#3417 = CARTESIAN_POINT('',(1.156796158616,0.241725491727));
#3418 = CARTESIAN_POINT('',(-1.062343426393,-1.675344874576));
#3419 = CARTESIAN_POINT('',(-1.613005271949,1.205021563737));
#3420 = CARTESIAN_POINT('',(-2.163667117506,4.08538800205));
#3421 = CARTESIAN_POINT('',(0.60613431306,3.12209193004));
#3422 = CARTESIAN_POINT('',(3.375935743625,2.15879585803));
#3423 = CARTESIAN_POINT('',(1.156796158616,0.241725491727));
#3424 = ( GEOMETRIC_REPRESENTATION_CONTEXT(2) 
PARAMETRIC_REPRESENTATION_CONTEXT() REPRESENTATION_CONTEXT('2D SPACE',''
  ) );
#3425 = PCURVE('',#1539,#3426);
#3426 = DEFINITIONAL_REPRESENTATION('',(#3427),#4018);
#3427 = B_SPLINE_CURVE_WITH_KNOTS('',8,(#3428,#3429,#3430,#3431,#3432,
    #3433,#3434,#3435,#3436,#3437,#3438,#3439,#3440,#3441,#3442,#3443,
    #3444,#3445,#3446,#3447,#3448,#3449,#3450,#3451,#3452,#3453,#3454,
    #3455,#3456,#3457,#3458,#3459,#3460,#3461,#3462,#3463,#3464,#3465,
    #3466,#3467,#3468,#3469,#3470,#3471,#3472,#3473,#3474,#3475,#3476,
    #3477,#3478,#3479,#3480,#3481,#3482,#3483,#3484,#3485,#3486,#3487,
    #3488,#3489,#3490,#3491,#3492,#3493,#3494,#3495,#3496,#3497,#3498,
    #3499,#3500,#3501,#3502,#3503,#3504,#3505,#3506,#3507,#3508,#3509,
    #3510,#3511,#3512,#3513,#3514,#3515,#3516,#3517,#3518,#3519,#3520,
    #3521,#3522,#3523,#3524,#3525,#3526,#3527,#3528,#3529,#3530,#3531,
    #3532,#3533,#3534,#3535,#3536,#3537,#3538,#3539,#3540,#3541,#3542,
    #3543,#3544,#3545,#3546,#3547,#3548,#3549,#3550,#3551,#3552,#3553,
    #3554,#3555,#3556,#3557,#3558,#3559,#3560,#3561,#3562,#3563,#3564,
    #3565,#3566,#3567,#3568,#3569,#3570,#3571,#3572,#3573,#3574,#3575,
    #3576,#3577,#3578,#3579,#3580,#3581,#3582,#3583,#3584,#3585,#3586,
    #3587,#3588,#3589,#3590,#3591,#3592,#3593,#3594,#3595,#3596,#3597,
    #3598,#3599,#3600,#3601,#3602,#3603,#3604,#3605,#3606,#3607,#3608,
    #3609,#3610,#3611,#3612,#3613,#3614,#3615,#3616,#3617,#3618,#3619,
    #3620,#3621,#3622,#3623,#3624,#3625,#3626,#3627,#3628,#3629,#3630,
    #3631,#3632,#3633,#3634,#3635,#3636,#3637,#3638,#3639,#3640,#3641,
    #3642,#3643,#3644,#3645,#3646,#3647,#3648,#3649,#3650,#3651,#3652,
    #3653,#3654,#3655,#3656,#3657,#3658,#3659,#3660,#3661,#3662,#3663,
    #3664,#3665,#3666,#3667,#3668,#3669,#3670,#3671,#3672,#3673,#3674,
    #3675,#3676,#3677,#3678,#3679,#3680,#3681,#3682,#3683,#3684,#3685,
    #3686,#3687,#3688,#3689,#3690,#3691,#3692,#3693,#3694,#3695,#3696,
    #3697,#3698,#3699,#3700,#3701,#3702,#3703,#3704,#3705,#3706,#3707,
    #3708,#3709,#3710,#3711,#3712,#3713,#3714,#3715,#3716,#3717,#3718,
    #3719,#3720,#3721,#3722,#3723,#3724,#3725,#3726,#3727,#3728,#3729,
    #3730,#3731,#3732,#3733,#3734,#3735,#3736,#3737,#3738,#3739,#3740,
    #3741,#3742,#3743,#3744,#3745,#3746,#3747,#3748,#3749,#3750,#3751,
    #3752,#3753,#3754,#3755,#3756,#3757,#3758,#3759,#3760,#3761,#3762,
    #3763,#3764,#3765,#3766,#3767,#3768,#3769,#3770,#3771,#3772,#3773,
    #3774,#3775,#3776,#3777,#3778,#3779,#3780,#3781,#3782,#3783,#3784,
    #3785,#3786,#3787,#3788,#3789,#3790,#3791,#3792,#3793,#3794,#3795,
    #3796,#3797,#3798,#3799,#3800,#3801,#3802,#3803,#3804,#3805,#3806,
    #3807,#3808,#3809,#3810,#3811,#3812,#3813,#3814,#3815,#3816,#3817,
    #3818,#3819,#3820,#3821,#3822,#3823,#3824,#3825,#3826,#3827,#3828,
    #3829,#3830,#3831,#3832,#3833,#3834,#3835,#3836,#3837,#3838,#3839,
    #3840,#3841,#3842,#3843,#3844,#3845,#3846,#3847,#3848,#3849,#3850,
    #3851,#3852,#3853,#3854,#3855,#3856,#3857,#3858,#3859,#3860,#3861,
    #3862,#3863,#3864,#3865,#3866,#3867,#3868,#3869,#3870,#3871,#3872,
    #3873,#3874,#3875,#3876,#3877,#3878,#3879,#3880,#3881,#3882,#3883,
    #3884,#3885,#3886,#3887,#3888,#3889,#3890,#3891,#3892,#3893,#3894,
    #3895,#3896,#3897,#3898,#3899,#3900,#3901,#3902,#3903,#3904,#3905,
    #3906,#3907,#3908,#3909,#3910,#3911,#3912,#3913,#3914,#3915,#3916,
    #3917,#3918,#3919,#3920,#3921,#3922,#3923,#3924,#3925,#3926,#3927,
    #3928,#3929,#3930,#3931,#3932,#3933,#3934,#3935,#3936,#3937,#3938,
    #3939,#3940,#3941,#3942,#3943,#3944,#3945,#3946,#3947,#3948,#3949,
    #3950,#3951,#3952,#3953,#3954,#3955,#3956,#3957,#3958,#3959,#3960,
    #3961,#3962,#3963,#3964,#3965,#3966,#3967,#3968,#3969,#3970,#3971,
    #3972,#3973,#3974,#3975,#3976,#3977,#3978,#3979,#3980,#3981,#3982,
    #3983,#3984,#3985,#3986,#3987,#3988,#3989,#3990,#3991,#3992,#3993,
    #3994,#3995,#3996,#3997,#3998,#3999,#4000,#4001,#4002,#4003,#4004,
    #4005,#4006,#4007,#4008,#4009,#4010,#4011,#4012,#4013,#4014,#4015,
    #4016,#4017),.UNSPECIFIED.,.F.,.F.,(9,7,7,7,7,7,7,7,7,7,7,7,7,7,7,7,
    7,7,7,7,7,7,7,7,7,7,7,7,7,7,7,7,7,7,7,7,7,7,7,7,7,7,7,7,7,7,7,7,7,7,
    7,7,7,7,7,7,7,7,7,7,7,7,7,7,7,7,7,7,7,7,7,7,7,7,7,7,7,7,7,7,7,7,7,7,
    9),(0.,4.713242313453E-03,9.408073524121E-03,1.408456555037E-02,
    1.874279002964E-02,2.338281831954E-02,2.800472149892E-02,
    3.260857036901E-02,3.719443545446E-02,4.176238700441E-02,
    4.631249499363E-02,5.084482912352E-02,5.535945882321E-02,
    5.985645325064E-02,6.43358812936E-02,6.879781157076E-02,
    7.324231243277E-02,7.766945196328E-02,8.207929798E-02,
    8.647191803573E-02,9.084737941937E-02,9.520574915698E-02,
    9.954709401279E-02,0.10387148049,0.108178974833,0.112469643026,
    0.116743550796,0.121000763615,0.125241346695,0.129465364998,
    0.13367288323,0.137863965843,0.14203867704,0.146197080771,
    0.150339240738,0.158591200046,0.166778690923,0.174902217027,
    0.182962278083,0.190959369912,0.198893984462,0.206766609835,
    0.214577730322,0.222327826431,0.230017374914,0.237646848799,
    0.245216717419,0.252727446441,0.260179497893,0.267573330192,
    0.274909398177,0.282188153131,0.289410042811,0.296575511478,
    0.310794488365,0.324791293738,0.338569399027,0.352132221421,
    0.365483124714,0.378625420144,0.391562367208,0.404297174474,
    0.429368826279,0.453656988965,0.477186146567,0.522773889421,
    0.608250907271,0.683043297891,0.715764968787,0.746441535252,
    0.775200816313,0.802162642308,0.827439354178,0.851136271556,
    0.873352131598,0.894179500387,0.913705158627,0.950315767827,
    0.982350050877,1.010380048546,1.034906296506,1.077827230436,
    1.110017930884,1.158303981555,1.206590032227),.UNSPECIFIED.);
#3428 = CARTESIAN_POINT('',(-2.61683837243,-13.3499356492));
#3429 = CARTESIAN_POINT('',(-2.617425578542,-13.34993564956));
#3430 = CARTESIAN_POINT('',(-2.618016634876,-13.34993564992));
#3431 = CARTESIAN_POINT('',(-2.61859892201,-13.34993565028));
#3432 = CARTESIAN_POINT('',(-2.619189842356,-13.34993565064));
#3433 = CARTESIAN_POINT('',(-2.619780776152,-13.349935651));
#3434 = CARTESIAN_POINT('',(-2.620363076238,-13.34993565136));
#3435 = CARTESIAN_POINT('',(-2.620954104181,-13.34993565173));
#3436 = CARTESIAN_POINT('',(-2.622126222663,-13.34993565245));
#3437 = CARTESIAN_POINT('',(-2.622714926895,-13.34993565281));
#3438 = CARTESIAN_POINT('',(-2.623294994855,-13.34993565318));
#3439 = CARTESIAN_POINT('',(-2.623883565085,-13.34993565354));
#3440 = CARTESIAN_POINT('',(-2.624472148611,-13.34993565389));
#3441 = CARTESIAN_POINT('',(-2.625052229372,-13.34993565426));
#3442 = CARTESIAN_POINT('',(-2.625640905541,-13.34993565462));
#3443 = CARTESIAN_POINT('',(-2.626808445469,-13.34993565535));
#3444 = CARTESIAN_POINT('',(-2.62739480729,-13.3499356557));
#3445 = CARTESIAN_POINT('',(-2.627972664097,-13.34993565607));
#3446 = CARTESIAN_POINT('',(-2.628558893881,-13.34993565643));
#3447 = CARTESIAN_POINT('',(-2.629145136805,-13.34993565679));
#3448 = CARTESIAN_POINT('',(-2.629723006266,-13.34993565716));
#3449 = CARTESIAN_POINT('',(-2.63030934035,-13.34993565752));
#3450 = CARTESIAN_POINT('',(-2.631472319607,-13.34993565824));
#3451 = CARTESIAN_POINT('',(-2.632056348663,-13.34993565861));
#3452 = CARTESIAN_POINT('',(-2.632632002322,-13.34993565897));
#3453 = CARTESIAN_POINT('',(-2.633215901281,-13.34993565933));
#3454 = CARTESIAN_POINT('',(-2.633799813227,-13.34993565969));
#3455 = CARTESIAN_POINT('',(-2.634375479392,-13.34993566006));
#3456 = CARTESIAN_POINT('',(-2.634959481034,-13.34993566042));
#3457 = CARTESIAN_POINT('',(-2.636117917435,-13.34993566115));
#3458 = CARTESIAN_POINT('',(-2.636699623332,-13.34993566151));
#3459 = CARTESIAN_POINT('',(-2.637273081818,-13.34993566187));
#3460 = CARTESIAN_POINT('',(-2.637854659532,-13.34993566224));
#3461 = CARTESIAN_POINT('',(-2.638436250083,-13.3499356626));
#3462 = CARTESIAN_POINT('',(-2.63900972093,-13.34993566296));
#3463 = CARTESIAN_POINT('',(-2.639591399732,-13.34993566332));
#3464 = CARTESIAN_POINT('',(-2.640745311023,-13.34993566405));
#3465 = CARTESIAN_POINT('',(-2.641324703322,-13.34993566441));
#3466 = CARTESIAN_POINT('',(-2.641895974587,-13.34993566478));
#3467 = CARTESIAN_POINT('',(-2.642475240596,-13.34993566514));
#3468 = CARTESIAN_POINT('',(-2.643054519292,-13.3499356655));
#3469 = CARTESIAN_POINT('',(-2.643625802773,-13.34993566587));
#3470 = CARTESIAN_POINT('',(-2.644205168293,-13.34993566623));
#3471 = CARTESIAN_POINT('',(-2.64535457215,-13.34993566696));
#3472 = CARTESIAN_POINT('',(-2.645931660371,-13.34993566732));
#3473 = CARTESIAN_POINT('',(-2.646500752342,-13.34993566768));
#3474 = CARTESIAN_POINT('',(-2.647077716143,-13.34993566805));
#3475 = CARTESIAN_POINT('',(-2.647654692481,-13.34993566841));
#3476 = CARTESIAN_POINT('',(-2.648223796525,-13.34993566877));
#3477 = CARTESIAN_POINT('',(-2.648800858281,-13.34993566914));
#3478 = CARTESIAN_POINT('',(-2.649945772311,-13.34993566986));
#3479 = CARTESIAN_POINT('',(-2.650520565932,-13.34993567023));
#3480 = CARTESIAN_POINT('',(-2.65108748651,-13.34993567059));
#3481 = CARTESIAN_POINT('',(-2.651662157557,-13.34993567096));
#3482 = CARTESIAN_POINT('',(-2.652236840994,-13.34993567132));
#3483 = CARTESIAN_POINT('',(-2.652803773504,-13.34993567168));
#3484 = CARTESIAN_POINT('',(-2.65337854097,-13.34993567205));
#3485 = CARTESIAN_POINT('',(-2.654518982711,-13.34993567277));
#3486 = CARTESIAN_POINT('',(-2.65509149117,-13.34993567314));
#3487 = CARTESIAN_POINT('',(-2.65565624823,-13.3499356735));
#3488 = CARTESIAN_POINT('',(-2.656228635938,-13.34993567386));
#3489 = CARTESIAN_POINT('',(-2.656801035891,-13.34993567423));
#3490 = CARTESIAN_POINT('',(-2.657365804742,-13.34993567459));
#3491 = CARTESIAN_POINT('',(-2.657938287354,-13.34993567496));
#3492 = CARTESIAN_POINT('',(-2.659074274275,-13.34993567569));
#3493 = CARTESIAN_POINT('',(-2.659644506965,-13.34993567605));
#3494 = CARTESIAN_POINT('',(-2.66020710836,-13.34993567641));
#3495 = CARTESIAN_POINT('',(-2.660777222101,-13.34993567678));
#3496 = CARTESIAN_POINT('',(-2.661347347942,-13.34993567714));
#3497 = CARTESIAN_POINT('',(-2.661909960991,-13.3499356775));
#3498 = CARTESIAN_POINT('',(-2.662480168138,-13.34993567787));
#3499 = CARTESIAN_POINT('',(-2.663611717641,-13.3499356786));
#3500 = CARTESIAN_POINT('',(-2.664179683917,-13.34993567896));
#3501 = CARTESIAN_POINT('',(-2.664740137474,-13.34993567933));
#3502 = CARTESIAN_POINT('',(-2.665307986578,-13.34993567969));
#3503 = CARTESIAN_POINT('',(-2.665875847641,-13.34993568005));
#3504 = CARTESIAN_POINT('',(-2.666436312714,-13.34993568042));
#3505 = CARTESIAN_POINT('',(-2.667004253747,-13.34993568079));
#3506 = CARTESIAN_POINT('',(-2.668131383166,-13.34993568151));
#3507 = CARTESIAN_POINT('',(-2.668697092339,-13.34993568188));
#3508 = CARTESIAN_POINT('',(-2.669255405861,-13.34993568225));
#3509 = CARTESIAN_POINT('',(-2.669820999619,-13.34993568261));
#3510 = CARTESIAN_POINT('',(-2.670386605194,-13.34993568297));
#3511 = CARTESIAN_POINT('',(-2.670944930097,-13.34993568334));
#3512 = CARTESIAN_POINT('',(-2.671510614326,-13.3499356837));
#3513 = CARTESIAN_POINT('',(-2.672633340926,-13.34993568443));
#3514 = CARTESIAN_POINT('',(-2.673196802267,-13.34993568479));
#3515 = CARTESIAN_POINT('',(-2.673752983534,-13.34993568516));
#3516 = CARTESIAN_POINT('',(-2.674316331195,-13.34993568552));
#3517 = CARTESIAN_POINT('',(-2.674879690533,-13.34993568589));
#3518 = CARTESIAN_POINT('',(-2.675435883044,-13.34993568625));
#3519 = CARTESIAN_POINT('',(-2.675999319736,-13.34993568662));
#3520 = CARTESIAN_POINT('',(-2.677117660716,-13.34993568735));
#3521 = CARTESIAN_POINT('',(-2.677678883456,-13.34993568771));
#3522 = CARTESIAN_POINT('',(-2.678232940221,-13.34993568808));
#3523 = CARTESIAN_POINT('',(-2.678794050992,-13.34993568844));
#3524 = CARTESIAN_POINT('',(-2.679355173303,-13.34993568881));
#3525 = CARTESIAN_POINT('',(-2.67990924118,-13.34993568917));
#3526 = CARTESIAN_POINT('',(-2.680470439562,-13.34993568954));
#3527 = CARTESIAN_POINT('',(-2.681584412053,-13.34993569027));
#3528 = CARTESIAN_POINT('',(-2.68214340538,-13.34993569063));
#3529 = CARTESIAN_POINT('',(-2.682695345372,-13.34993569099));
#3530 = CARTESIAN_POINT('',(-2.683254228424,-13.34993569136));
#3531 = CARTESIAN_POINT('',(-2.683813122877,-13.34993569173));
#3532 = CARTESIAN_POINT('',(-2.68436507385,-13.34993569209));
#3533 = CARTESIAN_POINT('',(-2.684924043109,-13.34993569246));
#3534 = CARTESIAN_POINT('',(-2.686033664175,-13.34993569319));
#3535 = CARTESIAN_POINT('',(-2.686590437241,-13.34993569355));
#3536 = CARTESIAN_POINT('',(-2.687140268162,-13.34993569392));
#3537 = CARTESIAN_POINT('',(-2.687696932622,-13.34993569428));
#3538 = CARTESIAN_POINT('',(-2.68825360835,-13.34993569464));
#3539 = CARTESIAN_POINT('',(-2.688803450122,-13.34993569501));
#3540 = CARTESIAN_POINT('',(-2.689360199405,-13.34993569538));
#3541 = CARTESIAN_POINT('',(-2.690465486043,-13.34993569611));
#3542 = CARTESIAN_POINT('',(-2.691020047955,-13.34993569647));
#3543 = CARTESIAN_POINT('',(-2.69156777749,-13.34993569684));
#3544 = CARTESIAN_POINT('',(-2.692122232446,-13.3499356972));
#3545 = CARTESIAN_POINT('',(-2.692676698535,-13.34993569757));
#3546 = CARTESIAN_POINT('',(-2.693224438791,-13.34993569793));
#3547 = CARTESIAN_POINT('',(-2.693778977204,-13.3499356983));
#3548 = CARTESIAN_POINT('',(-2.694879946346,-13.34993569903));
#3549 = CARTESIAN_POINT('',(-2.695432306175,-13.34993569939));
#3550 = CARTESIAN_POINT('',(-2.695977941976,-13.34993569976));
#3551 = CARTESIAN_POINT('',(-2.696530196478,-13.34993570012));
#3552 = CARTESIAN_POINT('',(-2.697082461979,-13.34993570049));
#3553 = CARTESIAN_POINT('',(-2.697628108374,-13.34993570085));
#3554 = CARTESIAN_POINT('',(-2.698180444983,-13.34993570122));
#3555 = CARTESIAN_POINT('',(-2.699277113493,-13.34993570195));
#3556 = CARTESIAN_POINT('',(-2.699827280267,-13.34993570231));
#3557 = CARTESIAN_POINT('',(-2.700370829968,-13.34993570268));
#3558 = CARTESIAN_POINT('',(-2.700920893023,-13.34993570304));
#3559 = CARTESIAN_POINT('',(-2.701470966948,-13.34993570341));
#3560 = CARTESIAN_POINT('',(-2.702014527116,-13.34993570377));
#3561 = CARTESIAN_POINT('',(-2.702564670947,-13.34993570414));
#3562 = CARTESIAN_POINT('',(-2.703657055625,-13.34993570487));
#3563 = CARTESIAN_POINT('',(-2.704205038333,-13.34993570523));
#3564 = CARTESIAN_POINT('',(-2.704746509542,-13.3499357056));
#3565 = CARTESIAN_POINT('',(-2.70529439012,-13.34993570596));
#3566 = CARTESIAN_POINT('',(-2.705842281436,-13.34993570632));
#3567 = CARTESIAN_POINT('',(-2.706383762988,-13.3499357067));
#3568 = CARTESIAN_POINT('',(-2.706931723028,-13.34993570706));
#3569 = CARTESIAN_POINT('',(-2.708019840607,-13.34993570779));
#3570 = CARTESIAN_POINT('',(-2.708564160719,-13.34993570815));
#3571 = CARTESIAN_POINT('',(-2.70910783945,-13.34993570852));
#3572 = CARTESIAN_POINT('',(-2.709650755334,-13.34993570888));
#3573 = CARTESIAN_POINT('',(-2.710193682135,-13.34993570925));
#3574 = CARTESIAN_POINT('',(-2.710737371489,-13.34993570962));
#3575 = CARTESIAN_POINT('',(-2.711281668886,-13.34993570998));
#3576 = CARTESIAN_POINT('',(-2.712365536034,-13.34993571071));
#3577 = CARTESIAN_POINT('',(-2.712907713836,-13.34993571108));
#3578 = CARTESIAN_POINT('',(-2.713449260492,-13.34993571144));
#3579 = CARTESIAN_POINT('',(-2.713990056554,-13.34993571181));
#3580 = CARTESIAN_POINT('',(-2.714530863402,-13.34993571217));
#3581 = CARTESIAN_POINT('',(-2.715072420553,-13.34993571254));
#3582 = CARTESIAN_POINT('',(-2.715614575912,-13.3499357129));
#3583 = CARTESIAN_POINT('',(-2.716694209233,-13.34993571363));
#3584 = CARTESIAN_POINT('',(-2.717234253285,-13.349935714));
#3585 = CARTESIAN_POINT('',(-2.717773676294,-13.34993571436));
#3586 = CARTESIAN_POINT('',(-2.718312360803,-13.34993571473));
#3587 = CARTESIAN_POINT('',(-2.718851055969,-13.34993571509));
#3588 = CARTESIAN_POINT('',(-2.719390489347,-13.34993571546));
#3589 = CARTESIAN_POINT('',(-2.719930511227,-13.34993571582));
#3590 = CARTESIAN_POINT('',(-2.721005927258,-13.34993571655));
#3591 = CARTESIAN_POINT('',(-2.721543846087,-13.34993571692));
#3592 = CARTESIAN_POINT('',(-2.722081153844,-13.34993571728));
#3593 = CARTESIAN_POINT('',(-2.722617735038,-13.34993571765));
#3594 = CARTESIAN_POINT('',(-2.723154326759,-13.34993571801));
#3595 = CARTESIAN_POINT('',(-2.72369164476,-13.34993571838));
#3596 = CARTESIAN_POINT('',(-2.724229541684,-13.34993571874));
#3597 = CARTESIAN_POINT('',(-2.725300756899,-13.34993571947));
#3598 = CARTESIAN_POINT('',(-2.725836558995,-13.34993571984));
#3599 = CARTESIAN_POINT('',(-2.726371759861,-13.3499357202));
#3600 = CARTESIAN_POINT('',(-2.726906245944,-13.34993572057));
#3601 = CARTESIAN_POINT('',(-2.727440742428,-13.34993572093));
#3602 = CARTESIAN_POINT('',(-2.727975953414,-13.3499357213));
#3603 = CARTESIAN_POINT('',(-2.728511733869,-13.34993572166));
#3604 = CARTESIAN_POINT('',(-2.729578764678,-13.34993572239));
#3605 = CARTESIAN_POINT('',(-2.730112458496,-13.34993572276));
#3606 = CARTESIAN_POINT('',(-2.730645560797,-13.34993572312));
#3607 = CARTESIAN_POINT('',(-2.731177959943,-13.34993572348));
#3608 = CARTESIAN_POINT('',(-2.731710369364,-13.34993572385));
#3609 = CARTESIAN_POINT('',(-2.732243481664,-13.34993572422));
#3610 = CARTESIAN_POINT('',(-2.732777154102,-13.34993572458));
#3611 = CARTESIAN_POINT('',(-2.73384001685,-13.34993572531));
#3612 = CARTESIAN_POINT('',(-2.73437161081,-13.34993572567));
#3613 = CARTESIAN_POINT('',(-2.734902622841,-13.34993572604));
#3614 = CARTESIAN_POINT('',(-2.735432943191,-13.3499357264));
#3615 = CARTESIAN_POINT('',(-2.735963273692,-13.34993572677));
#3616 = CARTESIAN_POINT('',(-2.736494295601,-13.34993572713));
#3617 = CARTESIAN_POINT('',(-2.73702586844,-13.3499357275));
#3618 = CARTESIAN_POINT('',(-2.738084579407,-13.34993572823));
#3619 = CARTESIAN_POINT('',(-2.738614081895,-13.34993572859));
#3620 = CARTESIAN_POINT('',(-2.739143011916,-13.34993572896));
#3621 = CARTESIAN_POINT('',(-2.73967126158,-13.34993572932));
#3622 = CARTESIAN_POINT('',(-2.740199521272,-13.34993572969));
#3623 = CARTESIAN_POINT('',(-2.74072846105,-13.34993573005));
#3624 = CARTESIAN_POINT('',(-2.741257942673,-13.34993573042));
#3625 = CARTESIAN_POINT('',(-2.742312518078,-13.34993573114));
#3626 = CARTESIAN_POINT('',(-2.742839943275,-13.34993573151));
#3627 = CARTESIAN_POINT('',(-2.743366808017,-13.34993573187));
#3628 = CARTESIAN_POINT('',(-2.743892989048,-13.34993573224));
#3629 = CARTESIAN_POINT('',(-2.74441916713,-13.3499357326));
#3630 = CARTESIAN_POINT('',(-2.744946024502,-13.34993573297));
#3631 = CARTESIAN_POINT('',(-2.745473442332,-13.34993573333));
#3632 = CARTESIAN_POINT('',(-2.746523898328,-13.34993573406));
#3633 = CARTESIAN_POINT('',(-2.747049248595,-13.34993573442));
#3634 = CARTESIAN_POINT('',(-2.747574047644,-13.34993573479));
#3635 = CARTESIAN_POINT('',(-2.748098174241,-13.34993573515));
#3636 = CARTESIAN_POINT('',(-2.748622297924,-13.34993573552));
#3637 = CARTESIAN_POINT('',(-2.749147089693,-13.34993573588));
#3638 = CARTESIAN_POINT('',(-2.749672432683,-13.34993573625));
#3639 = CARTESIAN_POINT('',(-2.750718785362,-13.34993573697));
#3640 = CARTESIAN_POINT('',(-2.751242068983,-13.34993573734));
#3641 = CARTESIAN_POINT('',(-2.751764810501,-13.3499357377));
#3642 = CARTESIAN_POINT('',(-2.752286890677,-13.34993573807));
#3643 = CARTESIAN_POINT('',(-2.752808967975,-13.34993573843));
#3644 = CARTESIAN_POINT('',(-2.753331702301,-13.34993573879));
#3645 = CARTESIAN_POINT('',(-2.753854978734,-13.34993573916));
#3646 = CARTESIAN_POINT('',(-2.754897244124,-13.34993573989));
#3647 = CARTESIAN_POINT('',(-2.755418469348,-13.34993574025));
#3648 = CARTESIAN_POINT('',(-2.755939161464,-13.34993574061));
#3649 = CARTESIAN_POINT('',(-2.756459203201,-13.34993574098));
#3650 = CARTESIAN_POINT('',(-2.756979242096,-13.34993574134));
#3651 = CARTESIAN_POINT('',(-2.757499927108,-13.34993574171));
#3652 = CARTESIAN_POINT('',(-2.758021145232,-13.34993574207));
#3653 = CARTESIAN_POINT('',(-2.759059339299,-13.3499357428));
#3654 = CARTESIAN_POINT('',(-2.759578514342,-13.34993574316));
#3655 = CARTESIAN_POINT('',(-2.760097165152,-13.34993574352));
#3656 = CARTESIAN_POINT('',(-2.760615176402,-13.34993574389));
#3657 = CARTESIAN_POINT('',(-2.761133184845,-13.34993574425));
#3658 = CARTESIAN_POINT('',(-2.761651828637,-13.34993574462));
#3659 = CARTESIAN_POINT('',(-2.762170996666,-13.34993574498));
#3660 = CARTESIAN_POINT('',(-2.763205135314,-13.34993574571));
#3661 = CARTESIAN_POINT('',(-2.763722268357,-13.34993574607));
#3662 = CARTESIAN_POINT('',(-2.764238885925,-13.34993574643));
#3663 = CARTESIAN_POINT('',(-2.764754874608,-13.3499357468));
#3664 = CARTESIAN_POINT('',(-2.765270860518,-13.34993574716));
#3665 = CARTESIAN_POINT('',(-2.765787471155,-13.34993574752));
#3666 = CARTESIAN_POINT('',(-2.766304597269,-13.34993574789));
#3667 = CARTESIAN_POINT('',(-2.767848737949,-13.34993574898));
#3668 = CARTESIAN_POINT('',(-2.768881253608,-13.34993574969));
#3669 = CARTESIAN_POINT('',(-2.76990365351,-13.34993575044));
#3670 = CARTESIAN_POINT('',(-2.770936242461,-13.34993575116));
#3671 = CARTESIAN_POINT('',(-2.771968172348,-13.34993575188));
#3672 = CARTESIAN_POINT('',(-2.772990961144,-13.34993575261));
#3673 = CARTESIAN_POINT('',(-2.774023327559,-13.34993575334));
#3674 = CARTESIAN_POINT('',(-2.776071462202,-13.3499357548));
#3675 = CARTESIAN_POINT('',(-2.777095798003,-13.34993575549));
#3676 = CARTESIAN_POINT('',(-2.778110354931,-13.34993575632));
#3677 = CARTESIAN_POINT('',(-2.779134763901,-13.34993575688));
#3678 = CARTESIAN_POINT('',(-2.780158529884,-13.34993575772));
#3679 = CARTESIAN_POINT('',(-2.781173466209,-13.3499357584));
#3680 = CARTESIAN_POINT('',(-2.782197656417,-13.34993575916));
#3681 = CARTESIAN_POINT('',(-2.784229790107,-13.34993576061));
#3682 = CARTESIAN_POINT('',(-2.785246033038,-13.34993576133));
#3683 = CARTESIAN_POINT('',(-2.786252816628,-13.34993576206));
#3684 = CARTESIAN_POINT('',(-2.787268882987,-13.34993576279));
#3685 = CARTESIAN_POINT('',(-2.788284983315,-13.34993576351));
#3686 = CARTESIAN_POINT('',(-2.789291799617,-13.34993576424));
#3687 = CARTESIAN_POINT('',(-2.790307970853,-13.34993576496));
#3688 = CARTESIAN_POINT('',(-2.792324228598,-13.34993576641));
#3689 = CARTESIAN_POINT('',(-2.793332423423,-13.34993576713));
#3690 = CARTESIAN_POINT('',(-2.794331480345,-13.34993576786));
#3691 = CARTESIAN_POINT('',(-2.795339504111,-13.34993576859));
#3692 = CARTESIAN_POINT('',(-2.796347561008,-13.34993576931));
#3693 = CARTESIAN_POINT('',(-2.797346649838,-13.34993577003));
#3694 = CARTESIAN_POINT('',(-2.798354774733,-13.34993577076));
#3695 = CARTESIAN_POINT('',(-2.800355280561,-13.3499357722));
#3696 = CARTESIAN_POINT('',(-2.801355492836,-13.34993577293));
#3697 = CARTESIAN_POINT('',(-2.802346880031,-13.34993577365));
#3698 = CARTESIAN_POINT('',(-2.803346926617,-13.34993577437));
#3699 = CARTESIAN_POINT('',(-2.804347005517,-13.34993577509));
#3700 = CARTESIAN_POINT('',(-2.805338423832,-13.34993577582));
#3701 = CARTESIAN_POINT('',(-2.806338567905,-13.34993577654));
#3702 = CARTESIAN_POINT('',(-2.808323444876,-13.34993577798));
#3703 = CARTESIAN_POINT('',(-2.809315739584,-13.3499357787));
#3704 = CARTESIAN_POINT('',(-2.810299513624,-13.34993577943));
#3705 = CARTESIAN_POINT('',(-2.811291647877,-13.34993578015));
#3706 = CARTESIAN_POINT('',(-2.812283813643,-13.34993578087));
#3707 = CARTESIAN_POINT('',(-2.813267618033,-13.34993578159));
#3708 = CARTESIAN_POINT('',(-2.814259846229,-13.34993578231));
#3709 = CARTESIAN_POINT('',(-2.816229216443,-13.34993578375));
#3710 = CARTESIAN_POINT('',(-2.817213658005,-13.34993578447));
#3711 = CARTESIAN_POINT('',(-2.818189875092,-13.34993578519));
#3712 = CARTESIAN_POINT('',(-2.819174161297,-13.34993578591));
#3713 = CARTESIAN_POINT('',(-2.820158478232,-13.34993578663));
#3714 = CARTESIAN_POINT('',(-2.821134724913,-13.34993578735));
#3715 = CARTESIAN_POINT('',(-2.822119101617,-13.34993578807));
#3716 = CARTESIAN_POINT('',(-2.824073086218,-13.34993578951));
#3717 = CARTESIAN_POINT('',(-2.825049738494,-13.34993579022));
#3718 = CARTESIAN_POINT('',(-2.826018454463,-13.34993579095));
#3719 = CARTESIAN_POINT('',(-2.826994956348,-13.34993579166));
#3720 = CARTESIAN_POINT('',(-2.827971488198,-13.34993579238));
#3721 = CARTESIAN_POINT('',(-2.828940233024,-13.3499357931));
#3722 = CARTESIAN_POINT('',(-2.829916822058,-13.34993579382));
#3723 = CARTESIAN_POINT('',(-2.831855541244,-13.34993579525));
#3724 = CARTESIAN_POINT('',(-2.832824467541,-13.34993579597));
#3725 = CARTESIAN_POINT('',(-2.833785737861,-13.34993579668));
#3726 = CARTESIAN_POINT('',(-2.834754518604,-13.3499357974));
#3727 = CARTESIAN_POINT('',(-2.835723328562,-13.34993579811));
#3728 = CARTESIAN_POINT('',(-2.836684627019,-13.34993579883));
#3729 = CARTESIAN_POINT('',(-2.837653491655,-13.34993579955));
#3730 = CARTESIAN_POINT('',(-2.839577064685,-13.34993580098));
#3731 = CARTESIAN_POINT('',(-2.84053832776,-13.3499358017));
#3732 = CARTESIAN_POINT('',(-2.841492207537,-13.3499358024));
#3733 = CARTESIAN_POINT('',(-2.842453329769,-13.34993580312));
#3734 = CARTESIAN_POINT('',(-2.843414480484,-13.34993580384));
#3735 = CARTESIAN_POINT('',(-2.844368387691,-13.34993580455));
#3736 = CARTESIAN_POINT('',(-2.845329590652,-13.34993580527));
#3737 = CARTESIAN_POINT('',(-2.847238135855,-13.34993580669));
#3738 = CARTESIAN_POINT('',(-2.848191797923,-13.3499358074));
#3739 = CARTESIAN_POINT('',(-2.849138341897,-13.34993580812));
#3740 = CARTESIAN_POINT('',(-2.850091867711,-13.34993580883));
#3741 = CARTESIAN_POINT('',(-2.851045421291,-13.34993580954));
#3742 = CARTESIAN_POINT('',(-2.851991992005,-13.34993581025));
#3743 = CARTESIAN_POINT('',(-2.852945595471,-13.34993581097));
#3744 = CARTESIAN_POINT('',(-2.85483923025,-13.34993581239));
#3745 = CARTESIAN_POINT('',(-2.855785352987,-13.3499358131));
#3746 = CARTESIAN_POINT('',(-2.85672461554,-13.34993581381));
#3747 = CARTESIAN_POINT('',(-2.857670606491,-13.34993581452));
#3748 = CARTESIAN_POINT('',(-2.858616624507,-13.34993581523));
#3749 = CARTESIAN_POINT('',(-2.859555913126,-13.34993581594));
#3750 = CARTESIAN_POINT('',(-2.86050197874,-13.34993581665));
#3751 = CARTESIAN_POINT('',(-2.86238081958,-13.34993581807));
#3752 = CARTESIAN_POINT('',(-2.863319464129,-13.34993581878));
#3753 = CARTESIAN_POINT('',(-2.864251499283,-13.34993581949));
#3754 = CARTESIAN_POINT('',(-2.865190016396,-13.3499358202));
#3755 = CARTESIAN_POINT('',(-2.86612855989,-13.3499358209));
#3756 = CARTESIAN_POINT('',(-2.867060620451,-13.34993582161));
#3757 = CARTESIAN_POINT('',(-2.867999209322,-13.34993582232));
#3758 = CARTESIAN_POINT('',(-2.8698633718,-13.34993582374));
#3759 = CARTESIAN_POINT('',(-2.870793126641,-13.34993582444));
#3760 = CARTESIAN_POINT('',(-2.871722222723,-13.34993582515));
#3761 = CARTESIAN_POINT('',(-2.872650563496,-13.34993582585));
#3762 = CARTESIAN_POINT('',(-2.873578930724,-13.34993582656));
#3763 = CARTESIAN_POINT('',(-2.874508052548,-13.34993582726));
#3764 = CARTESIAN_POINT('',(-2.875437752352,-13.34993582797));
#3765 = CARTESIAN_POINT('',(-2.877287351139,-13.34993582938));
#3766 = CARTESIAN_POINT('',(-2.878209803437,-13.34993583008));
#3767 = CARTESIAN_POINT('',(-2.879131621075,-13.34993583079));
#3768 = CARTESIAN_POINT('',(-2.880052711584,-13.34993583149));
#3769 = CARTESIAN_POINT('',(-2.880973827874,-13.3499358322));
#3770 = CARTESIAN_POINT('',(-2.8818956706,-13.3499358329));
#3771 = CARTESIAN_POINT('',(-2.882818069259,-13.3499358336));
#3772 = CARTESIAN_POINT('',(-2.884653218135,-13.34993583501));
#3773 = CARTESIAN_POINT('',(-2.885568425927,-13.34993583571));
#3774 = CARTESIAN_POINT('',(-2.886483022493,-13.34993583641));
#3775 = CARTESIAN_POINT('',(-2.887396919319,-13.34993583711));
#3776 = CARTESIAN_POINT('',(-2.88831084127,-13.34993583781));
#3777 = CARTESIAN_POINT('',(-2.889225462283,-13.34993583852));
#3778 = CARTESIAN_POINT('',(-2.890140617806,-13.34993583922));
#3779 = CARTESIAN_POINT('',(-2.891961429658,-13.34993584062));
#3780 = CARTESIAN_POINT('',(-2.892869446664,-13.34993584132));
#3781 = CARTESIAN_POINT('',(-2.893776900084,-13.34993584202));
#3782 = CARTESIAN_POINT('',(-2.894683662732,-13.34993584272));
#3783 = CARTESIAN_POINT('',(-2.895590418095,-13.34993584341));
#3784 = CARTESIAN_POINT('',(-2.896497853304,-13.34993584411));
#3785 = CARTESIAN_POINT('',(-2.89740585211,-13.34993584481));
#3786 = CARTESIAN_POINT('',(-2.899212438944,-13.34993584621));
#3787 = CARTESIAN_POINT('',(-2.900113326039,-13.34993584691));
#3788 = CARTESIAN_POINT('',(-2.901013671213,-13.3499358476));
#3789 = CARTESIAN_POINT('',(-2.901913352099,-13.3499358483));
#3790 = CARTESIAN_POINT('',(-2.902813025887,-13.349935849));
#3791 = CARTESIAN_POINT('',(-2.903713353318,-13.34993584969));
#3792 = CARTESIAN_POINT('',(-2.904614222679,-13.34993585039));
#3793 = CARTESIAN_POINT('',(-2.906406695628,-13.34993585178));
#3794 = CARTESIAN_POINT('',(-2.907300509439,-13.34993585247));
#3795 = CARTESIAN_POINT('',(-2.908193802382,-13.34993585317));
#3796 = CARTESIAN_POINT('',(-2.909086456773,-13.34993585386));
#3797 = CARTESIAN_POINT('',(-2.909979104249,-13.34993585456));
#3798 = CARTESIAN_POINT('',(-2.910872379904,-13.34993585525));
#3799 = CARTESIAN_POINT('',(-2.911766176439,-13.34993585595));
#3800 = CARTESIAN_POINT('',(-2.914430393233,-13.34993585802));
#3801 = CARTESIAN_POINT('',(-2.916206332332,-13.34993585941));
#3802 = CARTESIAN_POINT('',(-2.917971983168,-13.34993586079));
#3803 = CARTESIAN_POINT('',(-2.919748369843,-13.3499358622));
#3804 = CARTESIAN_POINT('',(-2.921523140054,-13.34993586356));
#3805 = CARTESIAN_POINT('',(-2.923289744688,-13.34993586495));
#3806 = CARTESIAN_POINT('',(-2.925065317778,-13.34993586634));
#3807 = CARTESIAN_POINT('',(-2.928580628323,-13.3499358691));
#3808 = CARTESIAN_POINT('',(-2.930328509349,-13.34993587047));
#3809 = CARTESIAN_POINT('',(-2.932067190531,-13.34993587184));
#3810 = CARTESIAN_POINT('',(-2.933814823016,-13.34993587322));
#3811 = CARTESIAN_POINT('',(-2.935562538542,-13.3499358746));
#3812 = CARTESIAN_POINT('',(-2.937301299701,-13.34993587597));
#3813 = CARTESIAN_POINT('',(-2.939049005472,-13.34993587735));
#3814 = CARTESIAN_POINT('',(-2.942509389558,-13.34993588009));
#3815 = CARTESIAN_POINT('',(-2.944229697216,-13.34993588145));
#3816 = CARTESIAN_POINT('',(-2.945941545653,-13.34993588281));
#3817 = CARTESIAN_POINT('',(-2.947661621113,-13.34993588417));
#3818 = CARTESIAN_POINT('',(-2.949381775315,-13.34993588553));
#3819 = CARTESIAN_POINT('',(-2.951093699588,-13.3499358869));
#3820 = CARTESIAN_POINT('',(-2.952813841065,-13.34993588827));
#3821 = CARTESIAN_POINT('',(-2.956220156906,-13.34993589098));
#3822 = CARTESIAN_POINT('',(-2.957913335644,-13.34993589233));
#3823 = CARTESIAN_POINT('',(-2.959598753264,-13.34993589368));
#3824 = CARTESIAN_POINT('',(-2.961291715282,-13.34993589503));
#3825 = CARTESIAN_POINT('',(-2.962984751942,-13.34993589638));
#3826 = CARTESIAN_POINT('',(-2.96467024145,-13.34993589774));
#3827 = CARTESIAN_POINT('',(-2.96636326266,-13.3499358991));
#3828 = CARTESIAN_POINT('',(-2.969716355062,-13.34993590179));
#3829 = CARTESIAN_POINT('',(-2.971382841754,-13.34993590312));
#3830 = CARTESIAN_POINT('',(-2.973042225008,-13.34993590447));
#3831 = CARTESIAN_POINT('',(-2.974708509633,-13.3499359058));
#3832 = CARTESIAN_POINT('',(-2.976374864991,-13.34993590714));
#3833 = CARTESIAN_POINT('',(-2.978034316369,-13.34993590849));
#3834 = CARTESIAN_POINT('',(-2.979700653782,-13.34993590983));
#3835 = CARTESIAN_POINT('',(-2.983001354351,-13.34993591249));
#3836 = CARTESIAN_POINT('',(-2.984641578438,-13.34993591382));
#3837 = CARTESIAN_POINT('',(-2.986275318354,-13.34993591515));
#3838 = CARTESIAN_POINT('',(-2.987915354241,-13.34993591647));
#3839 = CARTESIAN_POINT('',(-2.989555457136,-13.3499359178));
#3840 = CARTESIAN_POINT('',(-2.991189261589,-13.34993591913));
#3841 = CARTESIAN_POINT('',(-2.992829344261,-13.34993592046));
#3842 = CARTESIAN_POINT('',(-2.996078471607,-13.3499359231));
#3843 = CARTESIAN_POINT('',(-2.997691505226,-13.34993592441));
#3844 = CARTESIAN_POINT('',(-2.999303871805,-13.34993592573));
#3845 = CARTESIAN_POINT('',(-3.000915544858,-13.34993592704));
#3846 = CARTESIAN_POINT('',(-3.002527283201,-13.34993592836));
#3847 = CARTESIAN_POINT('',(-3.004139713316,-13.34993592967));
#3848 = CARTESIAN_POINT('',(-3.005752611107,-13.34993593099));
#3849 = CARTESIAN_POINT('',(-3.008950971052,-13.34993593361));
#3850 = CARTESIAN_POINT('',(-3.010538675907,-13.3499359349));
#3851 = CARTESIAN_POINT('',(-3.012125854805,-13.34993593621));
#3852 = CARTESIAN_POINT('',(-3.013712380369,-13.34993593751));
#3853 = CARTESIAN_POINT('',(-3.015298887538,-13.34993593881));
#3854 = CARTESIAN_POINT('',(-3.016886020459,-13.34993594011));
#3855 = CARTESIAN_POINT('',(-3.018473679366,-13.34993594142));
#3856 = CARTESIAN_POINT('',(-3.023183862808,-13.34993594529));
#3857 = CARTESIAN_POINT('',(-3.026311681517,-13.34993594787));
#3858 = CARTESIAN_POINT('',(-3.029430062893,-13.34993595044));
#3859 = CARTESIAN_POINT('',(-3.03255741214,-13.34993595303));
#3860 = CARTESIAN_POINT('',(-3.035684986087,-13.34993595561));
#3861 = CARTESIAN_POINT('',(-3.038803583878,-13.3499359582));
#3862 = CARTESIAN_POINT('',(-3.041930928382,-13.3499359608));
#3863 = CARTESIAN_POINT('',(-3.048080507462,-13.34993596591));
#3864 = CARTESIAN_POINT('',(-3.051109887249,-13.34993596843));
#3865 = CARTESIAN_POINT('',(-3.054131694911,-13.34993597096));
#3866 = CARTESIAN_POINT('',(-3.057160666507,-13.34993597348));
#3867 = CARTESIAN_POINT('',(-3.060189838893,-13.34993597601));
#3868 = CARTESIAN_POINT('',(-3.063211839942,-13.34993597855));
#3869 = CARTESIAN_POINT('',(-3.06624079599,-13.34993598108));
#3870 = CARTESIAN_POINT('',(-3.072198201415,-13.34993598609));
#3871 = CARTESIAN_POINT('',(-3.075130978395,-13.34993598855));
#3872 = CARTESIAN_POINT('',(-3.07806292071,-13.34993599102));
#3873 = CARTESIAN_POINT('',(-3.080994185285,-13.34993599349));
#3874 = CARTESIAN_POINT('',(-3.083925634194,-13.34993599596));
#3875 = CARTESIAN_POINT('',(-3.086857755891,-13.34993599844));
#3876 = CARTESIAN_POINT('',(-3.0897901494,-13.34993600092));
#3877 = CARTESIAN_POINT('',(-3.098401201624,-13.34993600821));
#3878 = CARTESIAN_POINT('',(-3.104084724241,-13.34993601303));
#3879 = CARTESIAN_POINT('',(-3.109759903561,-13.34993601787));
#3880 = CARTESIAN_POINT('',(-3.115442359785,-13.34993602271));
#3881 = CARTESIAN_POINT('',(-3.121125437515,-13.34993602756));
#3882 = CARTESIAN_POINT('',(-3.126801215429,-13.34993603243));
#3883 = CARTESIAN_POINT('',(-3.132483426451,-13.3499360373));
#3884 = CARTESIAN_POINT('',(-3.148812366456,-13.34993605134));
#3885 = CARTESIAN_POINT('',(-3.159466697125,-13.34993606053));
#3886 = CARTESIAN_POINT('',(-3.170104458701,-13.34993606977));
#3887 = CARTESIAN_POINT('',(-3.180771846193,-13.349936079));
#3888 = CARTESIAN_POINT('',(-3.19140530056,-13.34993608828));
#3889 = CARTESIAN_POINT('',(-3.202063084393,-13.34993609761));
#3890 = CARTESIAN_POINT('',(-3.212709731686,-13.34993610694));
#3891 = CARTESIAN_POINT('',(-3.232677191832,-13.34993612449));
#3892 = CARTESIAN_POINT('',(-3.241994339256,-13.3499361327));
#3893 = CARTESIAN_POINT('',(-3.251310688724,-13.34993614087));
#3894 = CARTESIAN_POINT('',(-3.260635633837,-13.34993614917));
#3895 = CARTESIAN_POINT('',(-3.269940735236,-13.34993615737));
#3896 = CARTESIAN_POINT('',(-3.279268793566,-13.3499361657));
#3897 = CARTESIAN_POINT('',(-3.288581447892,-13.34993617399));
#3898 = CARTESIAN_POINT('',(-3.301976288651,-13.34993618592));
#3899 = CARTESIAN_POINT('',(-3.306051998772,-13.34993618956));
#3900 = CARTESIAN_POINT('',(-3.310128001282,-13.34993619319));
#3901 = CARTESIAN_POINT('',(-3.314204670317,-13.34993619683));
#3902 = CARTESIAN_POINT('',(-3.318281506357,-13.34993620047));
#3903 = CARTESIAN_POINT('',(-3.322357671394,-13.34993620411));
#3904 = CARTESIAN_POINT('',(-3.326433034111,-13.34993620775));
#3905 = CARTESIAN_POINT('',(-3.334331622876,-13.34993621482));
#3906 = CARTESIAN_POINT('',(-3.338152360434,-13.34993621823));
#3907 = CARTESIAN_POINT('',(-3.341973520954,-13.34993622165));
#3908 = CARTESIAN_POINT('',(-3.34579542667,-13.34993622508));
#3909 = CARTESIAN_POINT('',(-3.349617455807,-13.3499362285));
#3910 = CARTESIAN_POINT('',(-3.353438736438,-13.34993623192));
#3911 = CARTESIAN_POINT('',(-3.357259217259,-13.34993623535));
#3912 = CARTESIAN_POINT('',(-3.364664144671,-13.34993624199));
#3913 = CARTESIAN_POINT('',(-3.368244369111,-13.3499362452));
#3914 = CARTESIAN_POINT('',(-3.371831063986,-13.34993624842));
#3915 = CARTESIAN_POINT('',(-3.375411239847,-13.34993625163));
#3916 = CARTESIAN_POINT('',(-3.378991502337,-13.34993625484));
#3917 = CARTESIAN_POINT('',(-3.38257828065,-13.34993625806));
#3918 = CARTESIAN_POINT('',(-3.38615832229,-13.34993626128));
#3919 = CARTESIAN_POINT('',(-3.393100442062,-13.34993626751));
#3920 = CARTESIAN_POINT('',(-3.39645665148,-13.34993627053));
#3921 = CARTESIAN_POINT('',(-3.399819481966,-13.34993627355));
#3922 = CARTESIAN_POINT('',(-3.403175684883,-13.34993627657));
#3923 = CARTESIAN_POINT('',(-3.406531948385,-13.34993627958));
#3924 = CARTESIAN_POINT('',(-3.409894837227,-13.34993628261));
#3925 = CARTESIAN_POINT('',(-3.413250918799,-13.34993628562));
#3926 = CARTESIAN_POINT('',(-3.419759156313,-13.34993629147));
#3927 = CARTESIAN_POINT('',(-3.422905428225,-13.3499362943));
#3928 = CARTESIAN_POINT('',(-3.426058291318,-13.34993629713));
#3929 = CARTESIAN_POINT('',(-3.429204587426,-13.34993629997));
#3930 = CARTESIAN_POINT('',(-3.432350923931,-13.3499363028));
#3931 = CARTESIAN_POINT('',(-3.435503825933,-13.34993630562));
#3932 = CARTESIAN_POINT('',(-3.438650012601,-13.34993630845));
#3933 = CARTESIAN_POINT('',(-3.444751485422,-13.34993631394));
#3934 = CARTESIAN_POINT('',(-3.4477010002,-13.34993631659));
#3935 = CARTESIAN_POINT('',(-3.450656945818,-13.34993631925));
#3936 = CARTESIAN_POINT('',(-3.453606506564,-13.3499363219));
#3937 = CARTESIAN_POINT('',(-3.456556092203,-13.34993632455));
#3938 = CARTESIAN_POINT('',(-3.459512061798,-13.34993632721));
#3939 = CARTESIAN_POINT('',(-3.462461524046,-13.34993632986));
#3940 = CARTESIAN_POINT('',(-3.46818165491,-13.349936335));
#3941 = CARTESIAN_POINT('',(-3.470948198605,-13.34993633748));
#3942 = CARTESIAN_POINT('',(-3.473715327463,-13.34993633997));
#3943 = CARTESIAN_POINT('',(-3.476483195884,-13.34993634245));
#3944 = CARTESIAN_POINT('',(-3.47925107781,-13.34993634494));
#3945 = CARTESIAN_POINT('',(-3.482018219809,-13.34993634743));
#3946 = CARTESIAN_POINT('',(-3.484784735415,-13.34993634991));
#3947 = CARTESIAN_POINT('',(-3.490147358149,-13.34993635472));
#3948 = CARTESIAN_POINT('',(-3.492740971754,-13.34993635705));
#3949 = CARTESIAN_POINT('',(-3.495335152516,-13.34993635938));
#3950 = CARTESIAN_POINT('',(-3.497930034061,-13.34993636171));
#3951 = CARTESIAN_POINT('',(-3.500524920047,-13.34993636403));
#3952 = CARTESIAN_POINT('',(-3.50311910513,-13.34993636636));
#3953 = CARTESIAN_POINT('',(-3.505712709498,-13.34993636869));
#3954 = CARTESIAN_POINT('',(-3.510740168328,-13.34993637319));
#3955 = CARTESIAN_POINT('',(-3.513171662281,-13.34993637537));
#3956 = CARTESIAN_POINT('',(-3.515603707248,-13.34993637755));
#3957 = CARTESIAN_POINT('',(-3.518036422838,-13.34993637973));
#3958 = CARTESIAN_POINT('',(-3.520469139089,-13.34993638191));
#3959 = CARTESIAN_POINT('',(-3.522901185706,-13.34993638409));
#3960 = CARTESIAN_POINT('',(-3.525332681309,-13.34993638627));
#3961 = CARTESIAN_POINT('',(-3.532326525233,-13.34993639252));
#3962 = CARTESIAN_POINT('',(-3.536883242817,-13.3499363966));
#3963 = CARTESIAN_POINT('',(-3.541450193152,-13.34993640071));
#3964 = CARTESIAN_POINT('',(-3.54600683098,-13.34993640476));
#3965 = CARTESIAN_POINT('',(-3.550564145922,-13.34993640883));
#3966 = CARTESIAN_POINT('',(-3.55513069672,-13.3499364129));
#3967 = CARTESIAN_POINT('',(-3.55968756763,-13.34993641697));
#3968 = CARTESIAN_POINT('',(-3.568239822295,-13.34993642459));
#3969 = CARTESIAN_POINT('',(-3.572227047982,-13.34993642814));
#3970 = CARTESIAN_POINT('',(-3.576222949294,-13.34993643169));
#3971 = CARTESIAN_POINT('',(-3.580210372948,-13.34993643524));
#3972 = CARTESIAN_POINT('',(-3.584197741314,-13.34993643879));
#3973 = CARTESIAN_POINT('',(-3.588193589373,-13.34993644234));
#3974 = CARTESIAN_POINT('',(-3.592180931727,-13.34993644588));
#3975 = CARTESIAN_POINT('',(-3.599664154357,-13.34993645251));
#3976 = CARTESIAN_POINT('',(-3.603153140331,-13.34993645561));
#3977 = CARTESIAN_POINT('',(-3.606649334413,-13.3499364587));
#3978 = CARTESIAN_POINT('',(-3.610138507413,-13.34993646179));
#3979 = CARTESIAN_POINT('',(-3.613627619894,-13.34993646488));
#3980 = CARTESIAN_POINT('',(-3.617123755686,-13.34993646797));
#3981 = CARTESIAN_POINT('',(-3.620612869364,-13.34993647105));
#3982 = CARTESIAN_POINT('',(-3.627160688946,-13.34993647683));
#3983 = CARTESIAN_POINT('',(-3.630215078847,-13.34993647952));
#3984 = CARTESIAN_POINT('',(-3.633270128712,-13.34993648221));
#3985 = CARTESIAN_POINT('',(-3.63632587318,-13.34993648491));
#3986 = CARTESIAN_POINT('',(-3.639381557473,-13.34993648759));
#3987 = CARTESIAN_POINT('',(-3.642436548776,-13.34993649028));
#3988 = CARTESIAN_POINT('',(-3.645491063852,-13.34993649297));
#3989 = CARTESIAN_POINT('',(-3.653894098671,-13.34993650034));
#3990 = CARTESIAN_POINT('',(-3.65923731315,-13.34993650503));
#3991 = CARTESIAN_POINT('',(-3.66458983615,-13.34993650972));
#3992 = CARTESIAN_POINT('',(-3.669933518614,-13.34993651439));
#3993 = CARTESIAN_POINT('',(-3.675276974395,-13.34993651906));
#3994 = CARTESIAN_POINT('',(-3.680629279062,-13.34993652372));
#3995 = CARTESIAN_POINT('',(-3.685972971887,-13.34993652837));
#3996 = CARTESIAN_POINT('',(-3.695330896265,-13.3499365365));
#3997 = CARTESIAN_POINT('',(-3.699340131704,-13.34993653998));
#3998 = CARTESIAN_POINT('',(-3.703350152306,-13.34993654346));
#3999 = CARTESIAN_POINT('',(-3.707360832782,-13.34993654693));
#4000 = CARTESIAN_POINT('',(-3.711371351569,-13.3499365504));
#4001 = CARTESIAN_POINT('',(-3.715381214819,-13.34993655386));
#4002 = CARTESIAN_POINT('',(-3.719390786601,-13.34993655732));
#4003 = CARTESIAN_POINT('',(-3.7294171334,-13.34993656595));
#4004 = CARTESIAN_POINT('',(-3.735429931495,-13.34993657112));
#4005 = CARTESIAN_POINT('',(-3.741449214269,-13.34993657628));
#4006 = CARTESIAN_POINT('',(-3.747462745847,-13.34993658142));
#4007 = CARTESIAN_POINT('',(-3.753475852953,-13.34993658656));
#4008 = CARTESIAN_POINT('',(-3.759494726893,-13.34993659168));
#4009 = CARTESIAN_POINT('',(-3.76550842073,-13.34993659679));
#4010 = CARTESIAN_POINT('',(-3.777540035284,-13.34993660699));
#4011 = CARTESIAN_POINT('',(-3.783555147108,-13.34993661207));
#4012 = CARTESIAN_POINT('',(-3.789570495611,-13.34993661715));
#4013 = CARTESIAN_POINT('',(-3.79558625043,-13.34993662221));
#4014 = CARTESIAN_POINT('',(-3.801602160986,-13.34993662725));
#4015 = CARTESIAN_POINT('',(-3.807617898764,-13.34993663229));
#4016 = CARTESIAN_POINT('',(-3.813633399593,-13.34993663731));
#4017 = CARTESIAN_POINT('',(-3.819649205921,-13.34993664231));
#4018 = ( GEOMETRIC_REPRESENTATION_CONTEXT(2) 
PARAMETRIC_REPRESENTATION_CONTEXT() REPRESENTATION_CONTEXT('2D SPACE',''
  ) );
#4019 = ORIENTED_EDGE('',*,*,#3382,.T.);
#4020 = ORIENTED_EDGE('',*,*,#2134,.F.);
#4021 = ADVANCED_FACE('',(#4022),#1539,.F.);
#4022 = FACE_BOUND('',#4023,.T.);
#4023 = EDGE_LOOP('',(#4024,#4025,#4049,#4050,#4051,#4052));
#4024 = ORIENTED_EDGE('',*,*,#1516,.F.);
#4025 = ORIENTED_EDGE('',*,*,#4026,.T.);
#4026 = EDGE_CURVE('',#1489,#3167,#4027,.T.);
#4027 = SURFACE_CURVE('',#4028,(#4032,#4042),.PCURVE_S1.);
#4028 = LINE('',#4029,#4030);
#4029 = CARTESIAN_POINT('',(347.37222290039,10.431267738342,
    86.185508728027));
#4030 = VECTOR('',#4031,1.);
#4031 = DIRECTION('',(0.,1.,0.));
#4032 = PCURVE('',#1539,#4033);
#4033 = DEFINITIONAL_REPRESENTATION('',(#4034),#4041);
#4034 = B_SPLINE_CURVE_WITH_KNOTS('',5,(#4035,#4036,#4037,#4038,#4039,
    #4040),.UNSPECIFIED.,.F.,.F.,(6,6),(0.,2.868732452393),
  .PIECEWISE_BEZIER_KNOTS.);
#4035 = CARTESIAN_POINT('',(-2.463535764832,-10.43120291868));
#4036 = CARTESIAN_POINT('',(-2.463535663684,-11.00494940916));
#4037 = CARTESIAN_POINT('',(-2.463535562718,-11.57869589963));
#4038 = CARTESIAN_POINT('',(-2.463535461395,-12.15244239011));
#4039 = CARTESIAN_POINT('',(-2.46353536043,-12.72618888059));
#4040 = CARTESIAN_POINT('',(-2.463535259282,-13.29993537107));
#4041 = ( GEOMETRIC_REPRESENTATION_CONTEXT(2) 
PARAMETRIC_REPRESENTATION_CONTEXT() REPRESENTATION_CONTEXT('2D SPACE',''
  ) );
#4042 = PCURVE('',#1504,#4043);
#4043 = DEFINITIONAL_REPRESENTATION('',(#4044),#4048);
#4044 = LINE('',#4045,#4046);
#4045 = CARTESIAN_POINT('',(1.738368451522E-02,1.434365749359));
#4046 = VECTOR('',#4047,1.);
#4047 = DIRECTION('',(0.,-1.));
#4048 = ( GEOMETRIC_REPRESENTATION_CONTEXT(2) 
PARAMETRIC_REPRESENTATION_CONTEXT() REPRESENTATION_CONTEXT('2D SPACE',''
  ) );
#4049 = ORIENTED_EDGE('',*,*,#3214,.T.);
#4050 = ORIENTED_EDGE('',*,*,#3354,.T.);
#4051 = ORIENTED_EDGE('',*,*,#3407,.T.);
#4052 = ORIENTED_EDGE('',*,*,#1957,.F.);
#4053 = ADVANCED_FACE('',(#4054),#1504,.T.);
#4054 = FACE_BOUND('',#4055,.T.);
#4055 = EDGE_LOOP('',(#4056,#4057,#4058,#4059));
#4056 = ORIENTED_EDGE('',*,*,#1488,.F.);
#4057 = ORIENTED_EDGE('',*,*,#2629,.F.);
#4058 = ORIENTED_EDGE('',*,*,#3166,.T.);
#4059 = ORIENTED_EDGE('',*,*,#4026,.F.);
#4060 = ADVANCED_FACE('',(#4061),#1476,.T.);
#4061 = FACE_BOUND('',#4062,.T.);
#4062 = EDGE_LOOP('',(#4063,#4084,#4085));
#4063 = ORIENTED_EDGE('',*,*,#4064,.F.);
#4064 = EDGE_CURVE('',#2049,#1433,#4065,.T.);
#4065 = SURFACE_CURVE('',#4066,(#4070,#4077),.PCURVE_S1.);
#4066 = LINE('',#4067,#4068);
#4067 = CARTESIAN_POINT('',(347.40737915039,10.430000305176,
    83.662933349609));
#4068 = VECTOR('',#4069,1.);
#4069 = DIRECTION('',(-4.906659745246E-02,4.813734997043E-04,
    0.998795393108));
#4070 = PCURVE('',#1476,#4071);
#4071 = DEFINITIONAL_REPRESENTATION('',(#4072),#4076);
#4072 = LINE('',#4073,#4074);
#4073 = CARTESIAN_POINT('',(-6.380153212947E-02,1.719820884976));
#4074 = VECTOR('',#4075,1.);
#4075 = DIRECTION('',(4.906627979108E-02,-0.998795524713));
#4076 = ( GEOMETRIC_REPRESENTATION_CONTEXT(2) 
PARAMETRIC_REPRESENTATION_CONTEXT() REPRESENTATION_CONTEXT('2D SPACE',''
  ) );
#4077 = PCURVE('',#1448,#4078);
#4078 = DEFINITIONAL_REPRESENTATION('',(#4079),#4083);
#4079 = LINE('',#4080,#4081);
#4080 = CARTESIAN_POINT('',(-7.431493607434E-02,0.837257396852));
#4081 = VECTOR('',#4082,1.);
#4082 = DIRECTION('',(4.906867705024E-02,-0.998795406944));
#4083 = ( GEOMETRIC_REPRESENTATION_CONTEXT(2) 
PARAMETRIC_REPRESENTATION_CONTEXT() REPRESENTATION_CONTEXT('2D SPACE',''
  ) );
#4084 = ORIENTED_EDGE('',*,*,#3142,.F.);
#4085 = ORIENTED_EDGE('',*,*,#1460,.F.);
#4086 = ADVANCED_FACE('',(#4087),#1448,.T.);
#4087 = FACE_BOUND('',#4088,.T.);
#4088 = EDGE_LOOP('',(#4089,#4090,#4091));
#4089 = ORIENTED_EDGE('',*,*,#4064,.T.);
#4090 = ORIENTED_EDGE('',*,*,#1430,.F.);
#4091 = ORIENTED_EDGE('',*,*,#2048,.T.);
#4092 = ADVANCED_FACE('',(#4093),#1416,.T.);
#4093 = FACE_BOUND('',#4094,.T.);
#4094 = EDGE_LOOP('',(#4095,#4125,#4146,#4147));
#4095 = ORIENTED_EDGE('',*,*,#4096,.F.);
#4096 = EDGE_CURVE('',#4097,#4099,#4101,.T.);
#4097 = VERTEX_POINT('',#4098);
#4098 = CARTESIAN_POINT('',(339.7661743164,12.931258201599,
    91.894515991211));
#4099 = VERTEX_POINT('',#4100);
#4100 = CARTESIAN_POINT('',(349.7661743164,12.931265830994,
    91.894515991211));
#4101 = SURFACE_CURVE('',#4102,(#4106,#4113),.PCURVE_S1.);
#4102 = LINE('',#4103,#4104);
#4103 = CARTESIAN_POINT('',(339.7661743164,12.931258201599,
    91.894515991211));
#4104 = VECTOR('',#4105,1.);
#4105 = DIRECTION('',(1.,7.629394531248E-07,0.));
#4106 = PCURVE('',#1416,#4107);
#4107 = DEFINITIONAL_REPRESENTATION('',(#4108),#4112);
#4108 = LINE('',#4109,#4110);
#4109 = CARTESIAN_POINT('',(1.24999618531,5.000010172526));
#4110 = VECTOR('',#4111,1.);
#4111 = DIRECTION('',(7.629394531248E-07,-1.));
#4112 = ( GEOMETRIC_REPRESENTATION_CONTEXT(2) 
PARAMETRIC_REPRESENTATION_CONTEXT() REPRESENTATION_CONTEXT('2D SPACE',''
  ) );
#4113 = PCURVE('',#4114,#4119);
#4114 = PLANE('',#4115);
#4115 = AXIS2_PLACEMENT_3D('',#4116,#4117,#4118);
#4116 = CARTESIAN_POINT('',(344.80326486358,16.497893262351,
    94.951621605237));
#4117 = DIRECTION('',(5.390766087278E-08,-0.650791235528,0.759256720589)
  );
#4118 = DIRECTION('',(3.308722450212E-24,0.759256720589,0.650791235528)
  );
#4119 = DEFINITIONAL_REPRESENTATION('',(#4120),#4124);
#4120 = LINE('',#4121,#4122);
#4121 = CARTESIAN_POINT('',(-4.697529179457,5.037090547179));
#4122 = VECTOR('',#4123,1.);
#4123 = DIRECTION('',(5.792669071877E-07,-1.));
#4124 = ( GEOMETRIC_REPRESENTATION_CONTEXT(2) 
PARAMETRIC_REPRESENTATION_CONTEXT() REPRESENTATION_CONTEXT('2D SPACE',''
  ) );
#4125 = ORIENTED_EDGE('',*,*,#4126,.F.);
#4126 = EDGE_CURVE('',#1356,#4097,#4127,.T.);
#4127 = SURFACE_CURVE('',#4128,(#4132,#4139),.PCURVE_S1.);
#4128 = LINE('',#4129,#4130);
#4129 = CARTESIAN_POINT('',(339.7661743164,10.431273460388,
    91.894515991211));
#4130 = VECTOR('',#4131,1.);
#4131 = DIRECTION('',(0.,1.,0.));
#4132 = PCURVE('',#1416,#4133);
#4133 = DEFINITIONAL_REPRESENTATION('',(#4134),#4138);
#4134 = LINE('',#4135,#4136);
#4135 = CARTESIAN_POINT('',(-1.2499885559,5.000010172526));
#4136 = VECTOR('',#4137,1.);
#4137 = DIRECTION('',(1.,0.));
#4138 = ( GEOMETRIC_REPRESENTATION_CONTEXT(2) 
PARAMETRIC_REPRESENTATION_CONTEXT() REPRESENTATION_CONTEXT('2D SPACE',''
  ) );
#4139 = PCURVE('',#207,#4140);
#4140 = DEFINITIONAL_REPRESENTATION('',(#4141),#4145);
#4141 = LINE('',#4142,#4143);
#4142 = CARTESIAN_POINT('',(-6.933121855013E-03,7.054025039182));
#4143 = VECTOR('',#4144,1.);
#4144 = DIRECTION('',(0.,-1.));
#4145 = ( GEOMETRIC_REPRESENTATION_CONTEXT(2) 
PARAMETRIC_REPRESENTATION_CONTEXT() REPRESENTATION_CONTEXT('2D SPACE',''
  ) );
#4146 = ORIENTED_EDGE('',*,*,#1402,.F.);
#4147 = ORIENTED_EDGE('',*,*,#4148,.T.);
#4148 = EDGE_CURVE('',#1380,#4099,#4149,.T.);
#4149 = SURFACE_CURVE('',#4150,(#4154,#4161),.PCURVE_S1.);
#4150 = LINE('',#4151,#4152);
#4151 = CARTESIAN_POINT('',(349.7661743164,10.431250572205,
    91.894515991211));
#4152 = VECTOR('',#4153,1.);
#4153 = DIRECTION('',(0.,1.,0.));
#4154 = PCURVE('',#1416,#4155);
#4155 = DEFINITIONAL_REPRESENTATION('',(#4156),#4160);
#4156 = LINE('',#4157,#4158);
#4157 = CARTESIAN_POINT('',(-1.250011444084,-4.999989827474));
#4158 = VECTOR('',#4159,1.);
#4159 = DIRECTION('',(1.,0.));
#4160 = ( GEOMETRIC_REPRESENTATION_CONTEXT(2) 
PARAMETRIC_REPRESENTATION_CONTEXT() REPRESENTATION_CONTEXT('2D SPACE',''
  ) );
#4161 = PCURVE('',#1314,#4162);
#4162 = DEFINITIONAL_REPRESENTATION('',(#4163),#4167);
#4163 = LINE('',#4164,#4165);
#4164 = CARTESIAN_POINT('',(-0.420566399784,7.421286887398));
#4165 = VECTOR('',#4166,1.);
#4166 = DIRECTION('',(0.,-1.));
#4167 = ( GEOMETRIC_REPRESENTATION_CONTEXT(2) 
PARAMETRIC_REPRESENTATION_CONTEXT() REPRESENTATION_CONTEXT('2D SPACE',''
  ) );
#4168 = ADVANCED_FACE('',(#4169,#4244),#4114,.T.);
#4169 = FACE_BOUND('',#4170,.T.);
#4170 = EDGE_LOOP('',(#4171,#4194,#4195,#4218));
#4171 = ORIENTED_EDGE('',*,*,#4172,.F.);
#4172 = EDGE_CURVE('',#4097,#4173,#4175,.T.);
#4173 = VERTEX_POINT('',#4174);
#4174 = CARTESIAN_POINT('',(339.7661743164,19.931266784668,
    97.894515991211));
#4175 = SURFACE_CURVE('',#4176,(#4180,#4187),.PCURVE_S1.);
#4176 = LINE('',#4177,#4178);
#4177 = CARTESIAN_POINT('',(339.7661743164,12.931258201599,
    91.894515991211));
#4178 = VECTOR('',#4179,1.);
#4179 = DIRECTION('',(0.,0.759256996656,0.65079091345));
#4180 = PCURVE('',#4114,#4181);
#4181 = DEFINITIONAL_REPRESENTATION('',(#4182),#4186);
#4182 = LINE('',#4183,#4184);
#4183 = CARTESIAN_POINT('',(-4.697529179457,5.037090547179));
#4184 = VECTOR('',#4185,1.);
#4185 = DIRECTION('',(1.,-2.286771266149E-14));
#4186 = ( GEOMETRIC_REPRESENTATION_CONTEXT(2) 
PARAMETRIC_REPRESENTATION_CONTEXT() REPRESENTATION_CONTEXT('2D SPACE',''
  ) );
#4187 = PCURVE('',#207,#4188);
#4188 = DEFINITIONAL_REPRESENTATION('',(#4189),#4193);
#4189 = LINE('',#4190,#4191);
#4190 = CARTESIAN_POINT('',(-6.933121855013E-03,4.554040297971));
#4191 = VECTOR('',#4192,1.);
#4192 = DIRECTION('',(-0.65079091345,-0.759256996656));
#4193 = ( GEOMETRIC_REPRESENTATION_CONTEXT(2) 
PARAMETRIC_REPRESENTATION_CONTEXT() REPRESENTATION_CONTEXT('2D SPACE',''
  ) );
#4194 = ORIENTED_EDGE('',*,*,#4096,.T.);
#4195 = ORIENTED_EDGE('',*,*,#4196,.T.);
#4196 = EDGE_CURVE('',#4099,#4197,#4199,.T.);
#4197 = VERTEX_POINT('',#4198);
#4198 = CARTESIAN_POINT('',(349.7661743164,19.931261062622,
    97.894515991211));
#4199 = SURFACE_CURVE('',#4200,(#4204,#4211),.PCURVE_S1.);
#4200 = LINE('',#4201,#4202);
#4201 = CARTESIAN_POINT('',(349.7661743164,12.931265830994,
    91.894515991211));
#4202 = VECTOR('',#4203,1.);
#4203 = DIRECTION('',(0.,0.759256383315,0.650791629015));
#4204 = PCURVE('',#4114,#4205);
#4205 = DEFINITIONAL_REPRESENTATION('',(#4206),#4210);
#4206 = LINE('',#4207,#4208);
#4207 = CARTESIAN_POINT('',(-4.697523386788,-4.962909452821));
#4208 = VECTOR('',#4209,1.);
#4209 = DIRECTION('',(1.,2.793779534196E-14));
#4210 = ( GEOMETRIC_REPRESENTATION_CONTEXT(2) 
PARAMETRIC_REPRESENTATION_CONTEXT() REPRESENTATION_CONTEXT('2D SPACE',''
  ) );
#4211 = PCURVE('',#1314,#4212);
#4212 = DEFINITIONAL_REPRESENTATION('',(#4213),#4217);
#4213 = LINE('',#4214,#4215);
#4214 = CARTESIAN_POINT('',(-0.420566399784,4.921271628609));
#4215 = VECTOR('',#4216,1.);
#4216 = DIRECTION('',(0.650791629015,-0.759256383315));
#4217 = ( GEOMETRIC_REPRESENTATION_CONTEXT(2) 
PARAMETRIC_REPRESENTATION_CONTEXT() REPRESENTATION_CONTEXT('2D SPACE',''
  ) );
#4218 = ORIENTED_EDGE('',*,*,#4219,.T.);
#4219 = EDGE_CURVE('',#4197,#4173,#4220,.T.);
#4220 = SURFACE_CURVE('',#4221,(#4225,#4232),.PCURVE_S1.);
#4221 = LINE('',#4222,#4223);
#4222 = CARTESIAN_POINT('',(349.7661743164,19.931261062622,
    97.894515991211));
#4223 = VECTOR('',#4224,1.);
#4224 = DIRECTION('',(-1.,5.722045898437E-07,0.));
#4225 = PCURVE('',#4114,#4226);
#4226 = DEFINITIONAL_REPRESENTATION('',(#4227),#4231);
#4227 = LINE('',#4228,#4229);
#4228 = CARTESIAN_POINT('',(4.522017450087,-4.962909452821));
#4229 = VECTOR('',#4230,1.);
#4230 = DIRECTION('',(4.344501803908E-07,1.));
#4231 = ( GEOMETRIC_REPRESENTATION_CONTEXT(2) 
PARAMETRIC_REPRESENTATION_CONTEXT() REPRESENTATION_CONTEXT('2D SPACE',''
  ) );
#4232 = PCURVE('',#4233,#4238);
#4233 = PLANE('',#4234);
#4234 = AXIS2_PLACEMENT_3D('',#4235,#4236,#4237);
#4235 = CARTESIAN_POINT('',(344.7661743164,19.764597892761,
    98.894512176514));
#4236 = DIRECTION('',(-5.644191306106E-07,-0.986393923832,
    -0.164398987305));
#4237 = DIRECTION('',(0.,-0.164398987305,0.986393923832));
#4238 = DEFINITIONAL_REPRESENTATION('',(#4239),#4243);
#4239 = LINE('',#4240,#4241);
#4240 = CARTESIAN_POINT('',(-1.013789417384,-5.000000000001));
#4241 = VECTOR('',#4242,1.);
#4242 = DIRECTION('',(-9.406985510177E-08,1.));
#4243 = ( GEOMETRIC_REPRESENTATION_CONTEXT(2) 
PARAMETRIC_REPRESENTATION_CONTEXT() REPRESENTATION_CONTEXT('2D SPACE',''
  ) );
#4244 = FACE_BOUND('',#4245,.T.);
#4245 = EDGE_LOOP('',(#4246,#4276,#4304));
#4246 = ORIENTED_EDGE('',*,*,#4247,.T.);
#4247 = EDGE_CURVE('',#4248,#4250,#4252,.T.);
#4248 = VERTEX_POINT('',#4249);
#4249 = CARTESIAN_POINT('',(344.84976196289,13.38127040863,
    92.280220031738));
#4250 = VERTEX_POINT('',#4251);
#4251 = CARTESIAN_POINT('',(341.68258666992,13.381268501282,
    92.280220031738));
#4252 = SURFACE_CURVE('',#4253,(#4257,#4264),.PCURVE_S1.);
#4253 = LINE('',#4254,#4255);
#4254 = CARTESIAN_POINT('',(344.84976196289,13.38127040863,
    92.280220031738));
#4255 = VECTOR('',#4256,1.);
#4256 = DIRECTION('',(-1.,-6.022238923897E-07,0.));
#4257 = PCURVE('',#4114,#4258);
#4258 = DEFINITIONAL_REPRESENTATION('',(#4259),#4263);
#4259 = LINE('',#4260,#4261);
#4260 = CARTESIAN_POINT('',(-4.104841577838,-4.649709930607E-02));
#4261 = VECTOR('',#4262,1.);
#4262 = DIRECTION('',(-4.572425375963E-07,1.));
#4263 = ( GEOMETRIC_REPRESENTATION_CONTEXT(2) 
PARAMETRIC_REPRESENTATION_CONTEXT() REPRESENTATION_CONTEXT('2D SPACE',''
  ) );
#4264 = PCURVE('',#4265,#4270);
#4265 = PLANE('',#4266);
#4266 = AXIS2_PLACEMENT_3D('',#4267,#4268,#4269);
#4267 = CARTESIAN_POINT('',(343.26617431657,13.381268322296,
    92.239546566794));
#4268 = DIRECTION('',(-2.884571005784E-07,0.999999999717,
    -2.377555871891E-05));
#4269 = DIRECTION('',(8.077935669463E-28,-2.377555871891E-05,
    -0.999999999717));
#4270 = DEFINITIONAL_REPRESENTATION('',(#4271),#4275);
#4271 = LINE('',#4272,#4273);
#4272 = CARTESIAN_POINT('',(-4.067346498201E-02,-1.583587646319));
#4273 = VECTOR('',#4274,1.);
#4274 = DIRECTION('',(1.431820951544E-11,1.));
#4275 = ( GEOMETRIC_REPRESENTATION_CONTEXT(2) 
PARAMETRIC_REPRESENTATION_CONTEXT() REPRESENTATION_CONTEXT('2D SPACE',''
  ) );
#4276 = ORIENTED_EDGE('',*,*,#4277,.F.);
#4277 = EDGE_CURVE('',#4278,#4250,#4280,.T.);
#4278 = VERTEX_POINT('',#4279);
#4279 = CARTESIAN_POINT('',(343.2661743164,14.447938919067,
    93.194511413574));
#4280 = SURFACE_CURVE('',#4281,(#4285,#4292),.PCURVE_S1.);
#4281 = LINE('',#4282,#4283);
#4282 = CARTESIAN_POINT('',(343.2661743164,14.447938919067,
    93.194511413574));
#4283 = VECTOR('',#4284,1.);
#4284 = DIRECTION('',(-0.748052592554,-0.503872061137,-0.431891496534));
#4285 = PCURVE('',#4114,#4286);
#4286 = DEFINITIONAL_REPRESENTATION('',(#4287),#4291);
#4287 = LINE('',#4288,#4289);
#4288 = CARTESIAN_POINT('',(-2.69995352463,1.537090547178));
#4289 = VECTOR('',#4290,1.);
#4290 = DIRECTION('',(-0.663639449379,0.748052592555));
#4291 = ( GEOMETRIC_REPRESENTATION_CONTEXT(2) 
PARAMETRIC_REPRESENTATION_CONTEXT() REPRESENTATION_CONTEXT('2D SPACE',''
  ) );
#4292 = PCURVE('',#4293,#4298);
#4293 = PLANE('',#4294);
#4294 = AXIS2_PLACEMENT_3D('',#4295,#4296,#4297);
#4295 = CARTESIAN_POINT('',(342.35831834661,15.611000609727,
    92.670362745611));
#4296 = DIRECTION('',(0.499998455701,1.982850345318E-06,-0.866026295382)
  );
#4297 = DIRECTION('',(0.866026295383,-1.058791184068E-22,0.499998455702)
  );
#4298 = DEFINITIONAL_REPRESENTATION('',(#4299),#4303);
#4299 = LINE('',#4300,#4301);
#4300 = CARTESIAN_POINT('',(1.048300666804,1.163061690657));
#4301 = VECTOR('',#4302,1.);
#4302 = DIRECTION('',(-0.863778296784,0.503872061147));
#4303 = ( GEOMETRIC_REPRESENTATION_CONTEXT(2) 
PARAMETRIC_REPRESENTATION_CONTEXT() REPRESENTATION_CONTEXT('2D SPACE',''
  ) );
#4304 = ORIENTED_EDGE('',*,*,#4305,.T.);
#4305 = EDGE_CURVE('',#4278,#4248,#4306,.T.);
#4306 = SURFACE_CURVE('',#4307,(#4311,#4318),.PCURVE_S1.);
#4307 = LINE('',#4308,#4309);
#4308 = CARTESIAN_POINT('',(343.2661743164,14.447938919067,
    93.194511413574));
#4309 = VECTOR('',#4310,1.);
#4310 = DIRECTION('',(0.748052932158,-0.503871388896,-0.431891692605));
#4311 = PCURVE('',#4114,#4312);
#4312 = DEFINITIONAL_REPRESENTATION('',(#4313),#4317);
#4313 = LINE('',#4314,#4315);
#4314 = CARTESIAN_POINT('',(-2.69995352463,1.537090547178));
#4315 = VECTOR('',#4316,1.);
#4316 = DIRECTION('',(-0.663639066578,-0.748052932159));
#4317 = ( GEOMETRIC_REPRESENTATION_CONTEXT(2) 
PARAMETRIC_REPRESENTATION_CONTEXT() REPRESENTATION_CONTEXT('2D SPACE',''
  ) );
#4318 = PCURVE('',#4319,#4324);
#4319 = PLANE('',#4320);
#4320 = AXIS2_PLACEMENT_3D('',#4321,#4322,#4323);
#4321 = CARTESIAN_POINT('',(344.17403029878,15.611001607815,
    92.670362738346));
#4322 = DIRECTION('',(-0.499998455704,1.982850345328E-06,-0.86602629538)
  );
#4323 = DIRECTION('',(0.866026295382,0.,-0.499998455705));
#4324 = DEFINITIONAL_REPRESENTATION('',(#4325),#4329);
#4325 = LINE('',#4326,#4327);
#4326 = CARTESIAN_POINT('',(-1.048300681334,1.163062688746));
#4327 = VECTOR('',#4328,1.);
#4328 = DIRECTION('',(0.863778688925,0.503871388906));
#4329 = ( GEOMETRIC_REPRESENTATION_CONTEXT(2) 
PARAMETRIC_REPRESENTATION_CONTEXT() REPRESENTATION_CONTEXT('2D SPACE',''
  ) );
#4330 = ADVANCED_FACE('',(#4331),#4319,.T.);
#4331 = FACE_BOUND('',#4332,.T.);
#4332 = EDGE_LOOP('',(#4333,#4334,#4357,#4385,#4413));
#4333 = ORIENTED_EDGE('',*,*,#4305,.F.);
#4334 = ORIENTED_EDGE('',*,*,#4335,.F.);
#4335 = EDGE_CURVE('',#4336,#4278,#4338,.T.);
#4336 = VERTEX_POINT('',#4337);
#4337 = CARTESIAN_POINT('',(343.2661743164,17.381258010864,
    93.194511413574));
#4338 = SURFACE_CURVE('',#4339,(#4343,#4350),.PCURVE_S1.);
#4339 = LINE('',#4340,#4341);
#4340 = CARTESIAN_POINT('',(343.2661743164,17.381258010864,
    93.194511413574));
#4341 = VECTOR('',#4342,1.);
#4342 = DIRECTION('',(0.,-1.,0.));
#4343 = PCURVE('',#4319,#4344);
#4344 = DEFINITIONAL_REPRESENTATION('',(#4345),#4349);
#4345 = LINE('',#4346,#4347);
#4346 = CARTESIAN_POINT('',(-1.048300681334,-1.770256403045));
#4347 = VECTOR('',#4348,1.);
#4348 = DIRECTION('',(0.,1.));
#4349 = ( GEOMETRIC_REPRESENTATION_CONTEXT(2) 
PARAMETRIC_REPRESENTATION_CONTEXT() REPRESENTATION_CONTEXT('2D SPACE',''
  ) );
#4350 = PCURVE('',#4293,#4351);
#4351 = DEFINITIONAL_REPRESENTATION('',(#4352),#4356);
#4352 = LINE('',#4353,#4354);
#4353 = CARTESIAN_POINT('',(1.048300666804,-1.770257401134));
#4354 = VECTOR('',#4355,1.);
#4355 = DIRECTION('',(0.,1.));
#4356 = ( GEOMETRIC_REPRESENTATION_CONTEXT(2) 
PARAMETRIC_REPRESENTATION_CONTEXT() REPRESENTATION_CONTEXT('2D SPACE',''
  ) );
#4357 = ORIENTED_EDGE('',*,*,#4358,.T.);
#4358 = EDGE_CURVE('',#4336,#4359,#4361,.T.);
#4359 = VERTEX_POINT('',#4360);
#4360 = CARTESIAN_POINT('',(344.98873901367,17.381258010864,
    92.199996948242));
#4361 = SURFACE_CURVE('',#4362,(#4366,#4373),.PCURVE_S1.);
#4362 = LINE('',#4363,#4364);
#4363 = CARTESIAN_POINT('',(343.2661743164,17.381258010864,
    93.194511413574));
#4364 = VECTOR('',#4365,1.);
#4365 = DIRECTION('',(0.866027303493,0.,-0.499996709594));
#4366 = PCURVE('',#4319,#4367);
#4367 = DEFINITIONAL_REPRESENTATION('',(#4368),#4372);
#4368 = LINE('',#4369,#4370);
#4369 = CARTESIAN_POINT('',(-1.048300681334,-1.770256403045));
#4370 = VECTOR('',#4371,1.);
#4371 = DIRECTION('',(1.,-3.997885081237E-12));
#4372 = ( GEOMETRIC_REPRESENTATION_CONTEXT(2) 
PARAMETRIC_REPRESENTATION_CONTEXT() REPRESENTATION_CONTEXT('2D SPACE',''
  ) );
#4373 = PCURVE('',#4374,#4379);
#4374 = PLANE('',#4375);
#4375 = AXIS2_PLACEMENT_3D('',#4376,#4377,#4378);
#4376 = CARTESIAN_POINT('',(343.2661743164,17.381257375081,
    92.53150177002));
#4377 = DIRECTION('',(5.536362831071E-07,-0.999999999999,
    9.589345853177E-07));
#4378 = DIRECTION('',(0.,9.589345853179E-07,1.));
#4379 = DEFINITIONAL_REPRESENTATION('',(#4380),#4384);
#4380 = LINE('',#4381,#4382);
#4381 = CARTESIAN_POINT('',(0.663009643555,-6.556370153182E-22));
#4382 = VECTOR('',#4383,1.);
#4383 = DIRECTION('',(-0.499996709594,-0.866027303493));
#4384 = ( GEOMETRIC_REPRESENTATION_CONTEXT(2) 
PARAMETRIC_REPRESENTATION_CONTEXT() REPRESENTATION_CONTEXT('2D SPACE',''
  ) );
#4385 = ORIENTED_EDGE('',*,*,#4386,.F.);
#4386 = EDGE_CURVE('',#4387,#4359,#4389,.T.);
#4387 = VERTEX_POINT('',#4388);
#4388 = CARTESIAN_POINT('',(344.98870849609,13.381267547607,
    92.199996948242));
#4389 = SURFACE_CURVE('',#4390,(#4394,#4401),.PCURVE_S1.);
#4390 = LINE('',#4391,#4392);
#4391 = CARTESIAN_POINT('',(344.98870849609,13.381267547607,
    92.199996948242));
#4392 = VECTOR('',#4393,1.);
#4393 = DIRECTION('',(7.629412720965E-06,0.999999999971,0.));
#4394 = PCURVE('',#4319,#4395);
#4395 = DEFINITIONAL_REPRESENTATION('',(#4396),#4400);
#4396 = LINE('',#4397,#4398);
#4397 = CARTESIAN_POINT('',(0.940714909812,2.229734060226));
#4398 = VECTOR('',#4399,1.);
#4399 = DIRECTION('',(6.607272034689E-06,-0.999999999978));
#4400 = ( GEOMETRIC_REPRESENTATION_CONTEXT(2) 
PARAMETRIC_REPRESENTATION_CONTEXT() REPRESENTATION_CONTEXT('2D SPACE',''
  ) );
#4401 = PCURVE('',#4402,#4407);
#4402 = PLANE('',#4403);
#4403 = AXIS2_PLACEMENT_3D('',#4404,#4405,#4406);
#4404 = CARTESIAN_POINT('',(343.26617445329,15.381269754818,
    92.199996948242));
#4405 = DIRECTION('',(0.,0.,1.));
#4406 = DIRECTION('',(0.,1.,0.));
#4407 = DEFINITIONAL_REPRESENTATION('',(#4408),#4412);
#4408 = LINE('',#4409,#4410);
#4409 = CARTESIAN_POINT('',(-2.000002207211,-1.722534042798));
#4410 = VECTOR('',#4411,1.);
#4411 = DIRECTION('',(0.999999999971,-7.629412720965E-06));
#4412 = ( GEOMETRIC_REPRESENTATION_CONTEXT(2) 
PARAMETRIC_REPRESENTATION_CONTEXT() REPRESENTATION_CONTEXT('2D SPACE',''
  ) );
#4413 = ORIENTED_EDGE('',*,*,#4414,.F.);
#4414 = EDGE_CURVE('',#4248,#4387,#4415,.T.);
#4415 = SURFACE_CURVE('',#4416,(#4420,#4427),.PCURVE_S1.);
#4416 = LINE('',#4417,#4418);
#4417 = CARTESIAN_POINT('',(344.84976196289,13.38127040863,
    92.280220031738));
#4418 = VECTOR('',#4419,1.);
#4419 = DIRECTION('',(0.866019290262,-1.783204666419E-05,-0.500010588464
    ));
#4420 = PCURVE('',#4319,#4421);
#4421 = DEFINITIONAL_REPRESENTATION('',(#4422),#4426);
#4422 = LINE('',#4423,#4424);
#4423 = CARTESIAN_POINT('',(0.780272140546,2.229731199198));
#4424 = VECTOR('',#4425,1.);
#4425 = DIRECTION('',(0.999999999841,1.783207444532E-05));
#4426 = ( GEOMETRIC_REPRESENTATION_CONTEXT(2) 
PARAMETRIC_REPRESENTATION_CONTEXT() REPRESENTATION_CONTEXT('2D SPACE',''
  ) );
#4427 = PCURVE('',#4265,#4428);
#4428 = DEFINITIONAL_REPRESENTATION('',(#4429),#4433);
#4429 = LINE('',#4430,#4431);
#4430 = CARTESIAN_POINT('',(-4.067346498201E-02,-1.583587646319));
#4431 = VECTOR('',#4432,1.);
#4432 = DIRECTION('',(0.500010588756,-0.866019290277));
#4433 = ( GEOMETRIC_REPRESENTATION_CONTEXT(2) 
PARAMETRIC_REPRESENTATION_CONTEXT() REPRESENTATION_CONTEXT('2D SPACE',''
  ) );
#4434 = ADVANCED_FACE('',(#4435),#4402,.T.);
#4435 = FACE_BOUND('',#4436,.T.);
#4436 = EDGE_LOOP('',(#4437,#4460,#4461,#4484));
#4437 = ORIENTED_EDGE('',*,*,#4438,.T.);
#4438 = EDGE_CURVE('',#4439,#4387,#4441,.T.);
#4439 = VERTEX_POINT('',#4440);
#4440 = CARTESIAN_POINT('',(341.54364013671,13.381267547607,
    92.199996948242));
#4441 = SURFACE_CURVE('',#4442,(#4446,#4453),.PCURVE_S1.);
#4442 = LINE('',#4443,#4444);
#4443 = CARTESIAN_POINT('',(341.54364013671,13.381267547607,
    92.199996948242));
#4444 = VECTOR('',#4445,1.);
#4445 = DIRECTION('',(1.,0.,0.));
#4446 = PCURVE('',#4402,#4447);
#4447 = DEFINITIONAL_REPRESENTATION('',(#4448),#4452);
#4448 = LINE('',#4449,#4450);
#4449 = CARTESIAN_POINT('',(-2.000002207211,1.722534316577));
#4450 = VECTOR('',#4451,1.);
#4451 = DIRECTION('',(0.,-1.));
#4452 = ( GEOMETRIC_REPRESENTATION_CONTEXT(2) 
PARAMETRIC_REPRESENTATION_CONTEXT() REPRESENTATION_CONTEXT('2D SPACE',''
  ) );
#4453 = PCURVE('',#4265,#4454);
#4454 = DEFINITIONAL_REPRESENTATION('',(#4455),#4459);
#4455 = LINE('',#4456,#4457);
#4456 = CARTESIAN_POINT('',(3.954961855943E-02,1.722534179853));
#4457 = VECTOR('',#4458,1.);
#4458 = DIRECTION('',(-1.615587133893E-27,-1.));
#4459 = ( GEOMETRIC_REPRESENTATION_CONTEXT(2) 
PARAMETRIC_REPRESENTATION_CONTEXT() REPRESENTATION_CONTEXT('2D SPACE',''
  ) );
#4460 = ORIENTED_EDGE('',*,*,#4386,.T.);
#4461 = ORIENTED_EDGE('',*,*,#4462,.T.);
#4462 = EDGE_CURVE('',#4359,#4463,#4465,.T.);
#4463 = VERTEX_POINT('',#4464);
#4464 = CARTESIAN_POINT('',(341.54360961914,17.381256103516,
    92.199996948242));
#4465 = SURFACE_CURVE('',#4466,(#4470,#4477),.PCURVE_S1.);
#4466 = LINE('',#4467,#4468);
#4467 = CARTESIAN_POINT('',(344.98873901367,17.381258010864,
    92.199996948242));
#4468 = VECTOR('',#4469,1.);
#4469 = DIRECTION('',(-1.,-5.536362831074E-07,0.));
#4470 = PCURVE('',#4402,#4471);
#4471 = DEFINITIONAL_REPRESENTATION('',(#4472),#4476);
#4472 = LINE('',#4473,#4474);
#4473 = CARTESIAN_POINT('',(1.999988256046,-1.722564560376));
#4474 = VECTOR('',#4475,1.);
#4475 = DIRECTION('',(-5.536362831074E-07,1.));
#4476 = ( GEOMETRIC_REPRESENTATION_CONTEXT(2) 
PARAMETRIC_REPRESENTATION_CONTEXT() REPRESENTATION_CONTEXT('2D SPACE',''
  ) );
#4477 = PCURVE('',#4374,#4478);
#4478 = DEFINITIONAL_REPRESENTATION('',(#4479),#4483);
#4479 = LINE('',#4480,#4481);
#4480 = CARTESIAN_POINT('',(-0.331504821777,-1.722564697266));
#4481 = VECTOR('',#4482,1.);
#4482 = DIRECTION('',(-5.309009795585E-13,1.));
#4483 = ( GEOMETRIC_REPRESENTATION_CONTEXT(2) 
PARAMETRIC_REPRESENTATION_CONTEXT() REPRESENTATION_CONTEXT('2D SPACE',''
  ) );
#4484 = ORIENTED_EDGE('',*,*,#4485,.F.);
#4485 = EDGE_CURVE('',#4439,#4463,#4486,.T.);
#4486 = SURFACE_CURVE('',#4487,(#4491,#4498),.PCURVE_S1.);
#4487 = LINE('',#4488,#4489);
#4488 = CARTESIAN_POINT('',(341.54364013671,13.381267547607,
    92.199996948242));
#4489 = VECTOR('',#4490,1.);
#4490 = DIRECTION('',(-7.629416358963E-06,0.999999999971,0.));
#4491 = PCURVE('',#4402,#4492);
#4492 = DEFINITIONAL_REPRESENTATION('',(#4493),#4497);
#4493 = LINE('',#4494,#4495);
#4494 = CARTESIAN_POINT('',(-2.000002207211,1.722534316577));
#4495 = VECTOR('',#4496,1.);
#4496 = DIRECTION('',(0.999999999971,7.629416358963E-06));
#4497 = ( GEOMETRIC_REPRESENTATION_CONTEXT(2) 
PARAMETRIC_REPRESENTATION_CONTEXT() REPRESENTATION_CONTEXT('2D SPACE',''
  ) );
#4498 = PCURVE('',#4293,#4499);
#4499 = DEFINITIONAL_REPRESENTATION('',(#4500),#4504);
#4500 = LINE('',#4501,#4502);
#4501 = CARTESIAN_POINT('',(-0.940714924341,2.229733062137));
#4502 = VECTOR('',#4503,1.);
#4503 = DIRECTION('',(-6.607275185302E-06,-0.999999999978));
#4504 = ( GEOMETRIC_REPRESENTATION_CONTEXT(2) 
PARAMETRIC_REPRESENTATION_CONTEXT() REPRESENTATION_CONTEXT('2D SPACE',''
  ) );
#4505 = ADVANCED_FACE('',(#4506),#4374,.T.);
#4506 = FACE_BOUND('',#4507,.T.);
#4507 = EDGE_LOOP('',(#4508,#4529,#4530));
#4508 = ORIENTED_EDGE('',*,*,#4509,.F.);
#4509 = EDGE_CURVE('',#4463,#4336,#4510,.T.);
#4510 = SURFACE_CURVE('',#4511,(#4515,#4522),.PCURVE_S1.);
#4511 = LINE('',#4512,#4513);
#4512 = CARTESIAN_POINT('',(341.54360961914,17.381256103516,
    92.199996948242));
#4513 = VECTOR('',#4514,1.);
#4514 = DIRECTION('',(0.866027303492,9.589282747501E-07,0.499996709594)
  );
#4515 = PCURVE('',#4374,#4516);
#4516 = DEFINITIONAL_REPRESENTATION('',(#4517),#4521);
#4517 = LINE('',#4518,#4519);
#4518 = CARTESIAN_POINT('',(-0.331504821778,1.722564697266));
#4519 = VECTOR('',#4520,1.);
#4520 = DIRECTION('',(0.499996709595,-0.866027303492));
#4521 = ( GEOMETRIC_REPRESENTATION_CONTEXT(2) 
PARAMETRIC_REPRESENTATION_CONTEXT() REPRESENTATION_CONTEXT('2D SPACE',''
  ) );
#4522 = PCURVE('',#4293,#4523);
#4523 = DEFINITIONAL_REPRESENTATION('',(#4524),#4528);
#4524 = LINE('',#4525,#4526);
#4525 = CARTESIAN_POINT('',(-0.940741353366,-1.770255493793));
#4526 = VECTOR('',#4527,1.);
#4527 = DIRECTION('',(1.,-9.589242768713E-07));
#4528 = ( GEOMETRIC_REPRESENTATION_CONTEXT(2) 
PARAMETRIC_REPRESENTATION_CONTEXT() REPRESENTATION_CONTEXT('2D SPACE',''
  ) );
#4529 = ORIENTED_EDGE('',*,*,#4462,.F.);
#4530 = ORIENTED_EDGE('',*,*,#4358,.F.);
#4531 = ADVANCED_FACE('',(#4532),#4293,.T.);
#4532 = FACE_BOUND('',#4533,.T.);
#4533 = EDGE_LOOP('',(#4534,#4555,#4556,#4557,#4558));
#4534 = ORIENTED_EDGE('',*,*,#4535,.T.);
#4535 = EDGE_CURVE('',#4250,#4439,#4536,.T.);
#4536 = SURFACE_CURVE('',#4537,(#4541,#4548),.PCURVE_S1.);
#4537 = LINE('',#4538,#4539);
#4538 = CARTESIAN_POINT('',(341.68258666992,13.381268501282,
    92.280220031738));
#4539 = VECTOR('',#4540,1.);
#4540 = DIRECTION('',(-0.866019290384,-5.944015555571E-06,
    -0.500010588535));
#4541 = PCURVE('',#4293,#4542);
#4542 = DEFINITIONAL_REPRESENTATION('',(#4543),#4547);
#4543 = LINE('',#4544,#4545);
#4544 = CARTESIAN_POINT('',(-0.780272155075,2.229732108459));
#4545 = VECTOR('',#4546,1.);
#4546 = DIRECTION('',(-0.999999999982,5.94404333556E-06));
#4547 = ( GEOMETRIC_REPRESENTATION_CONTEXT(2) 
PARAMETRIC_REPRESENTATION_CONTEXT() REPRESENTATION_CONTEXT('2D SPACE',''
  ) );
#4548 = PCURVE('',#4265,#4549);
#4549 = DEFINITIONAL_REPRESENTATION('',(#4550),#4554);
#4550 = LINE('',#4551,#4552);
#4551 = CARTESIAN_POINT('',(-4.067346493667E-02,1.58358764665));
#4552 = VECTOR('',#4553,1.);
#4553 = DIRECTION('',(0.500010588544,0.866019290399));
#4554 = ( GEOMETRIC_REPRESENTATION_CONTEXT(2) 
PARAMETRIC_REPRESENTATION_CONTEXT() REPRESENTATION_CONTEXT('2D SPACE',''
  ) );
#4555 = ORIENTED_EDGE('',*,*,#4485,.T.);
#4556 = ORIENTED_EDGE('',*,*,#4509,.T.);
#4557 = ORIENTED_EDGE('',*,*,#4335,.T.);
#4558 = ORIENTED_EDGE('',*,*,#4277,.T.);
#4559 = ADVANCED_FACE('',(#4560),#4265,.T.);
#4560 = FACE_BOUND('',#4561,.T.);
#4561 = EDGE_LOOP('',(#4562,#4563,#4564,#4565));
#4562 = ORIENTED_EDGE('',*,*,#4438,.F.);
#4563 = ORIENTED_EDGE('',*,*,#4535,.F.);
#4564 = ORIENTED_EDGE('',*,*,#4247,.F.);
#4565 = ORIENTED_EDGE('',*,*,#4414,.T.);
#4566 = ADVANCED_FACE('',(#4567),#4233,.T.);
#4567 = FACE_BOUND('',#4568,.T.);
#4568 = EDGE_LOOP('',(#4569,#4599,#4620,#4621));
#4569 = ORIENTED_EDGE('',*,*,#4570,.F.);
#4570 = EDGE_CURVE('',#4571,#4573,#4575,.T.);
#4571 = VERTEX_POINT('',#4572);
#4572 = CARTESIAN_POINT('',(339.7661743164,19.5979347229,99.894508361816
    ));
#4573 = VERTEX_POINT('',#4574);
#4574 = CARTESIAN_POINT('',(349.7661743164,19.597929000854,
    99.894508361816));
#4575 = SURFACE_CURVE('',#4576,(#4580,#4587),.PCURVE_S1.);
#4576 = LINE('',#4577,#4578);
#4577 = CARTESIAN_POINT('',(339.7661743164,19.5979347229,99.894508361816
    ));
#4578 = VECTOR('',#4579,1.);
#4579 = DIRECTION('',(1.,-5.722045898437E-07,0.));
#4580 = PCURVE('',#4233,#4581);
#4581 = DEFINITIONAL_REPRESENTATION('',(#4582),#4586);
#4582 = LINE('',#4583,#4584);
#4583 = CARTESIAN_POINT('',(1.013789417384,5.000000000001));
#4584 = VECTOR('',#4585,1.);
#4585 = DIRECTION('',(9.406985510177E-08,-1.));
#4586 = ( GEOMETRIC_REPRESENTATION_CONTEXT(2) 
PARAMETRIC_REPRESENTATION_CONTEXT() REPRESENTATION_CONTEXT('2D SPACE',''
  ) );
#4587 = PCURVE('',#4588,#4593);
#4588 = PLANE('',#4589);
#4589 = AXIS2_PLACEMENT_3D('',#4590,#4591,#4592);
#4590 = CARTESIAN_POINT('',(344.76615762725,19.264595508574,
    99.894508361816));
#4591 = DIRECTION('',(0.,0.,-1.));
#4592 = DIRECTION('',(0.,-1.,0.));
#4593 = DEFINITIONAL_REPRESENTATION('',(#4594),#4598);
#4594 = LINE('',#4595,#4596);
#4595 = CARTESIAN_POINT('',(-0.333339214327,4.999983310851));
#4596 = VECTOR('',#4597,1.);
#4597 = DIRECTION('',(5.722045898437E-07,-1.));
#4598 = ( GEOMETRIC_REPRESENTATION_CONTEXT(2) 
PARAMETRIC_REPRESENTATION_CONTEXT() REPRESENTATION_CONTEXT('2D SPACE',''
  ) );
#4599 = ORIENTED_EDGE('',*,*,#4600,.F.);
#4600 = EDGE_CURVE('',#4173,#4571,#4601,.T.);
#4601 = SURFACE_CURVE('',#4602,(#4606,#4613),.PCURVE_S1.);
#4602 = LINE('',#4603,#4604);
#4603 = CARTESIAN_POINT('',(339.7661743164,19.931266784668,
    97.894515991211));
#4604 = VECTOR('',#4605,1.);
#4605 = DIRECTION('',(0.,-0.164398987305,0.986393923832));
#4606 = PCURVE('',#4233,#4607);
#4607 = DEFINITIONAL_REPRESENTATION('',(#4608),#4612);
#4608 = LINE('',#4609,#4610);
#4609 = CARTESIAN_POINT('',(-1.013790358083,5.000000000001));
#4610 = VECTOR('',#4611,1.);
#4611 = DIRECTION('',(1.,-1.323488980085E-23));
#4612 = ( GEOMETRIC_REPRESENTATION_CONTEXT(2) 
PARAMETRIC_REPRESENTATION_CONTEXT() REPRESENTATION_CONTEXT('2D SPACE',''
  ) );
#4613 = PCURVE('',#207,#4614);
#4614 = DEFINITIONAL_REPRESENTATION('',(#4615),#4619);
#4615 = LINE('',#4616,#4617);
#4616 = CARTESIAN_POINT('',(-6.006933121855,-2.445968285098));
#4617 = VECTOR('',#4618,1.);
#4618 = DIRECTION('',(-0.986393923832,0.164398987305));
#4619 = ( GEOMETRIC_REPRESENTATION_CONTEXT(2) 
PARAMETRIC_REPRESENTATION_CONTEXT() REPRESENTATION_CONTEXT('2D SPACE',''
  ) );
#4620 = ORIENTED_EDGE('',*,*,#4219,.F.);
#4621 = ORIENTED_EDGE('',*,*,#4622,.T.);
#4622 = EDGE_CURVE('',#4197,#4573,#4623,.T.);
#4623 = SURFACE_CURVE('',#4624,(#4628,#4635),.PCURVE_S1.);
#4624 = LINE('',#4625,#4626);
#4625 = CARTESIAN_POINT('',(349.7661743164,19.931261062622,
    97.894515991211));
#4626 = VECTOR('',#4627,1.);
#4627 = DIRECTION('',(0.,-0.164398987305,0.986393923832));
#4628 = PCURVE('',#4233,#4629);
#4629 = DEFINITIONAL_REPRESENTATION('',(#4630),#4634);
#4630 = LINE('',#4631,#4632);
#4631 = CARTESIAN_POINT('',(-1.013789417384,-5.000000000001));
#4632 = VECTOR('',#4633,1.);
#4633 = DIRECTION('',(1.,-1.323488980085E-23));
#4634 = ( GEOMETRIC_REPRESENTATION_CONTEXT(2) 
PARAMETRIC_REPRESENTATION_CONTEXT() REPRESENTATION_CONTEXT('2D SPACE',''
  ) );
#4635 = PCURVE('',#1314,#4636);
#4636 = DEFINITIONAL_REPRESENTATION('',(#4637),#4641);
#4637 = LINE('',#4638,#4639);
#4638 = CARTESIAN_POINT('',(5.579433600216,-2.07872360302));
#4639 = VECTOR('',#4640,1.);
#4640 = DIRECTION('',(0.986393923832,0.164398987305));
#4641 = ( GEOMETRIC_REPRESENTATION_CONTEXT(2) 
PARAMETRIC_REPRESENTATION_CONTEXT() REPRESENTATION_CONTEXT('2D SPACE',''
  ) );
#4642 = ADVANCED_FACE('',(#4643),#4588,.T.);
#4643 = FACE_BOUND('',#4644,.T.);
#4644 = EDGE_LOOP('',(#4645,#4668,#4669,#4692));
#4645 = ORIENTED_EDGE('',*,*,#4646,.F.);
#4646 = EDGE_CURVE('',#4571,#4647,#4649,.T.);
#4647 = VERTEX_POINT('',#4648);
#4648 = CARTESIAN_POINT('',(339.7661743164,18.931255340576,
    99.894508361816));
#4649 = SURFACE_CURVE('',#4650,(#4654,#4661),.PCURVE_S1.);
#4650 = LINE('',#4651,#4652);
#4651 = CARTESIAN_POINT('',(339.7661743164,19.5979347229,99.894508361816
    ));
#4652 = VECTOR('',#4653,1.);
#4653 = DIRECTION('',(0.,-1.,0.));
#4654 = PCURVE('',#4588,#4655);
#4655 = DEFINITIONAL_REPRESENTATION('',(#4656),#4660);
#4656 = LINE('',#4657,#4658);
#4657 = CARTESIAN_POINT('',(-0.333339214327,4.999983310851));
#4658 = VECTOR('',#4659,1.);
#4659 = DIRECTION('',(1.,0.));
#4660 = ( GEOMETRIC_REPRESENTATION_CONTEXT(2) 
PARAMETRIC_REPRESENTATION_CONTEXT() REPRESENTATION_CONTEXT('2D SPACE',''
  ) );
#4661 = PCURVE('',#207,#4662);
#4662 = DEFINITIONAL_REPRESENTATION('',(#4663),#4667);
#4663 = LINE('',#4664,#4665);
#4664 = CARTESIAN_POINT('',(-8.00692549246,-2.112636223331));
#4665 = VECTOR('',#4666,1.);
#4666 = DIRECTION('',(0.,1.));
#4667 = ( GEOMETRIC_REPRESENTATION_CONTEXT(2) 
PARAMETRIC_REPRESENTATION_CONTEXT() REPRESENTATION_CONTEXT('2D SPACE',''
  ) );
#4668 = ORIENTED_EDGE('',*,*,#4570,.T.);
#4669 = ORIENTED_EDGE('',*,*,#4670,.T.);
#4670 = EDGE_CURVE('',#4573,#4671,#4673,.T.);
#4671 = VERTEX_POINT('',#4672);
#4672 = CARTESIAN_POINT('',(349.7661743164,18.931262969971,
    99.894508361816));
#4673 = SURFACE_CURVE('',#4674,(#4678,#4685),.PCURVE_S1.);
#4674 = LINE('',#4675,#4676);
#4675 = CARTESIAN_POINT('',(349.7661743164,19.597929000854,
    99.894508361816));
#4676 = VECTOR('',#4677,1.);
#4677 = DIRECTION('',(0.,-1.,0.));
#4678 = PCURVE('',#4588,#4679);
#4679 = DEFINITIONAL_REPRESENTATION('',(#4680),#4684);
#4680 = LINE('',#4681,#4682);
#4681 = CARTESIAN_POINT('',(-0.333333492281,-5.000016689149));
#4682 = VECTOR('',#4683,1.);
#4683 = DIRECTION('',(1.,0.));
#4684 = ( GEOMETRIC_REPRESENTATION_CONTEXT(2) 
PARAMETRIC_REPRESENTATION_CONTEXT() REPRESENTATION_CONTEXT('2D SPACE',''
  ) );
#4685 = PCURVE('',#1314,#4686);
#4686 = DEFINITIONAL_REPRESENTATION('',(#4687),#4691);
#4687 = LINE('',#4688,#4689);
#4688 = CARTESIAN_POINT('',(7.579425970821,-1.745391541252));
#4689 = VECTOR('',#4690,1.);
#4690 = DIRECTION('',(0.,1.));
#4691 = ( GEOMETRIC_REPRESENTATION_CONTEXT(2) 
PARAMETRIC_REPRESENTATION_CONTEXT() REPRESENTATION_CONTEXT('2D SPACE',''
  ) );
#4692 = ORIENTED_EDGE('',*,*,#4693,.F.);
#4693 = EDGE_CURVE('',#4647,#4671,#4694,.T.);
#4694 = SURFACE_CURVE('',#4695,(#4699,#4706),.PCURVE_S1.);
#4695 = LINE('',#4696,#4697);
#4696 = CARTESIAN_POINT('',(339.7661743164,18.931255340576,
    99.894508361816));
#4697 = VECTOR('',#4698,1.);
#4698 = DIRECTION('',(1.,7.629394531248E-07,0.));
#4699 = PCURVE('',#4588,#4700);
#4700 = DEFINITIONAL_REPRESENTATION('',(#4701),#4705);
#4701 = LINE('',#4702,#4703);
#4702 = CARTESIAN_POINT('',(0.333340167998,4.999983310851));
#4703 = VECTOR('',#4704,1.);
#4704 = DIRECTION('',(-7.629394531248E-07,-1.));
#4705 = ( GEOMETRIC_REPRESENTATION_CONTEXT(2) 
PARAMETRIC_REPRESENTATION_CONTEXT() REPRESENTATION_CONTEXT('2D SPACE',''
  ) );
#4706 = PCURVE('',#4707,#4712);
#4707 = PLANE('',#4708);
#4708 = AXIS2_PLACEMENT_3D('',#4709,#4710,#4711);
#4709 = CARTESIAN_POINT('',(344.74244678624,18.931259770796,
    109.66068006003));
#4710 = DIRECTION('',(3.020105345313E-07,-1.,7.692573297271E-08));
#4711 = DIRECTION('',(-1.,-3.020105345313E-07,0.));
#4712 = DEFINITIONAL_REPRESENTATION('',(#4713),#4717);
#4713 = LINE('',#4714,#4715);
#4714 = CARTESIAN_POINT('',(4.976272469837,9.766171698222));
#4715 = VECTOR('',#4716,1.);
#4716 = DIRECTION('',(-1.,-3.545729491113E-14));
#4717 = ( GEOMETRIC_REPRESENTATION_CONTEXT(2) 
PARAMETRIC_REPRESENTATION_CONTEXT() REPRESENTATION_CONTEXT('2D SPACE',''
  ) );
#4718 = ADVANCED_FACE('',(#4719,#4825),#4707,.T.);
#4719 = FACE_BOUND('',#4720,.T.);
#4720 = EDGE_LOOP('',(#4721,#4744,#4745,#4768,#4800));
#4721 = ORIENTED_EDGE('',*,*,#4722,.F.);
#4722 = EDGE_CURVE('',#4647,#4723,#4725,.T.);
#4723 = VERTEX_POINT('',#4724);
#4724 = CARTESIAN_POINT('',(339.7661743164,18.931255340576,
    101.23426055908));
#4725 = SURFACE_CURVE('',#4726,(#4730,#4737),.PCURVE_S1.);
#4726 = LINE('',#4727,#4728);
#4727 = CARTESIAN_POINT('',(339.7661743164,18.931255340576,
    99.894508361816));
#4728 = VECTOR('',#4729,1.);
#4729 = DIRECTION('',(0.,0.,1.));
#4730 = PCURVE('',#4707,#4731);
#4731 = DEFINITIONAL_REPRESENTATION('',(#4732),#4736);
#4732 = LINE('',#4733,#4734);
#4733 = CARTESIAN_POINT('',(4.976272469837,9.766171698222));
#4734 = VECTOR('',#4735,1.);
#4735 = DIRECTION('',(0.,-1.));
#4736 = ( GEOMETRIC_REPRESENTATION_CONTEXT(2) 
PARAMETRIC_REPRESENTATION_CONTEXT() REPRESENTATION_CONTEXT('2D SPACE',''
  ) );
#4737 = PCURVE('',#207,#4738);
#4738 = DEFINITIONAL_REPRESENTATION('',(#4739),#4743);
#4739 = LINE('',#4740,#4741);
#4740 = CARTESIAN_POINT('',(-8.00692549246,-1.445956841006));
#4741 = VECTOR('',#4742,1.);
#4742 = DIRECTION('',(-1.,-0.));
#4743 = ( GEOMETRIC_REPRESENTATION_CONTEXT(2) 
PARAMETRIC_REPRESENTATION_CONTEXT() REPRESENTATION_CONTEXT('2D SPACE',''
  ) );
#4744 = ORIENTED_EDGE('',*,*,#4693,.T.);
#4745 = ORIENTED_EDGE('',*,*,#4746,.T.);
#4746 = EDGE_CURVE('',#4671,#4747,#4749,.T.);
#4747 = VERTEX_POINT('',#4748);
#4748 = CARTESIAN_POINT('',(349.7661743164,18.931262969971,
    101.23426055908));
#4749 = SURFACE_CURVE('',#4750,(#4754,#4761),.PCURVE_S1.);
#4750 = LINE('',#4751,#4752);
#4751 = CARTESIAN_POINT('',(349.7661743164,18.931262969971,
    99.894508361816));
#4752 = VECTOR('',#4753,1.);
#4753 = DIRECTION('',(0.,0.,1.));
#4754 = PCURVE('',#4707,#4755);
#4755 = DEFINITIONAL_REPRESENTATION('',(#4756),#4760);
#4756 = LINE('',#4757,#4758);
#4757 = CARTESIAN_POINT('',(-5.023727530165,9.766171698222));
#4758 = VECTOR('',#4759,1.);
#4759 = DIRECTION('',(0.,-1.));
#4760 = ( GEOMETRIC_REPRESENTATION_CONTEXT(2) 
PARAMETRIC_REPRESENTATION_CONTEXT() REPRESENTATION_CONTEXT('2D SPACE',''
  ) );
#4761 = PCURVE('',#1314,#4762);
#4762 = DEFINITIONAL_REPRESENTATION('',(#4763),#4767);
#4763 = LINE('',#4764,#4765);
#4764 = CARTESIAN_POINT('',(7.579425970821,-1.078725510368));
#4765 = VECTOR('',#4766,1.);
#4766 = DIRECTION('',(1.,0.));
#4767 = ( GEOMETRIC_REPRESENTATION_CONTEXT(2) 
PARAMETRIC_REPRESENTATION_CONTEXT() REPRESENTATION_CONTEXT('2D SPACE',''
  ) );
#4768 = ORIENTED_EDGE('',*,*,#4769,.T.);
#4769 = EDGE_CURVE('',#4747,#4770,#4772,.T.);
#4770 = VERTEX_POINT('',#4771);
#4771 = CARTESIAN_POINT('',(349.54870605468,18.931268692017,
    118.67672729492));
#4772 = SURFACE_CURVE('',#4773,(#4778,#4785),.PCURVE_S1.);
#4773 = CIRCLE('',#4774,9.999992902455);
#4774 = AXIS2_PLACEMENT_3D('',#4775,#4776,#4777);
#4775 = CARTESIAN_POINT('',(344.76618221259,18.931268709068,
    109.89451096025));
#4776 = DIRECTION('',(-5.92409868221E-07,-1.,3.206665455567E-07));
#4777 = DIRECTION('',(0.499999565258,-5.739101316478E-07,-0.866025654782
    ));
#4778 = PCURVE('',#4707,#4779);
#4779 = DEFINITIONAL_REPRESENTATION('',(#4780),#4784);
#4780 = CIRCLE('',#4781,9.999992902453);
#4781 = AXIS2_PLACEMENT_2D('',#4782,#4783);
#4782 = CARTESIAN_POINT('',(-2.373542635542E-02,-0.233830900213));
#4783 = DIRECTION('',(-0.499999565258,0.866025654783));
#4784 = ( GEOMETRIC_REPRESENTATION_CONTEXT(2) 
PARAMETRIC_REPRESENTATION_CONTEXT() REPRESENTATION_CONTEXT('2D SPACE',''
  ) );
#4785 = PCURVE('',#4786,#4791);
#4786 = CYLINDRICAL_SURFACE('',#4787,10.000000810569);
#4787 = AXIS2_PLACEMENT_3D('',#4788,#4789,#4790);
#4788 = CARTESIAN_POINT('',(344.7661743164,-0.,109.89450995433));
#4789 = DIRECTION('',(0.,1.,0.));
#4790 = DIRECTION('',(0.872191399286,0.,-0.489164760599));
#4791 = DEFINITIONAL_REPRESENTATION('',(#4792),#4799);
#4792 = B_SPLINE_CURVE_WITH_KNOTS('',5,(#4793,#4794,#4795,#4796,#4797,
    #4798),.UNSPECIFIED.,.F.,.F.,(6,6),(0.,2.119330308408),
  .PIECEWISE_BEZIER_KNOTS.);
#4793 = CARTESIAN_POINT('',(6.819250763916,18.931262969971));
#4794 = CARTESIAN_POINT('',(6.395385037433,18.931261474958));
#4795 = CARTESIAN_POINT('',(5.971518553445,18.93126125257));
#4796 = CARTESIAN_POINT('',(5.54765387012,18.931262971092));
#4797 = CARTESIAN_POINT('',(5.12378756147,18.931265836742));
#4798 = CARTESIAN_POINT('',(4.699921834987,18.931268692017));
#4799 = ( GEOMETRIC_REPRESENTATION_CONTEXT(2) 
PARAMETRIC_REPRESENTATION_CONTEXT() REPRESENTATION_CONTEXT('2D SPACE',''
  ) );
#4800 = ORIENTED_EDGE('',*,*,#4801,.T.);
#4801 = EDGE_CURVE('',#4770,#4723,#4802,.T.);
#4802 = SURFACE_CURVE('',#4803,(#4808,#4815),.PCURVE_S1.);
#4803 = CIRCLE('',#4804,9.999996719828);
#4804 = AXIS2_PLACEMENT_3D('',#4805,#4806,#4807);
#4805 = CARTESIAN_POINT('',(344.76617113566,18.931262072828,
    109.8945126457));
#4806 = DIRECTION('',(7.220907952123E-07,-1.,3.604744903815E-07));
#4807 = DIRECTION('',(0.478253648778,6.619190964115E-07,0.878221752993)
  );
#4808 = PCURVE('',#4707,#4809);
#4809 = DEFINITIONAL_REPRESENTATION('',(#4810),#4814);
#4810 = CIRCLE('',#4811,9.999996719827);
#4811 = AXIS2_PLACEMENT_2D('',#4812,#4813);
#4812 = CARTESIAN_POINT('',(-2.372434942323E-02,-0.233832585671));
#4813 = DIRECTION('',(-0.478253648778,-0.878221752993));
#4814 = ( GEOMETRIC_REPRESENTATION_CONTEXT(2) 
PARAMETRIC_REPRESENTATION_CONTEXT() REPRESENTATION_CONTEXT('2D SPACE',''
  ) );
#4815 = PCURVE('',#4786,#4816);
#4816 = DEFINITIONAL_REPRESENTATION('',(#4817),#4824);
#4817 = B_SPLINE_CURVE_WITH_KNOTS('',5,(#4818,#4819,#4820,#4821,#4822,
    #4823),.UNSPECIFIED.,.F.,.F.,(6,6),(0.,3.11665918088),
  .PIECEWISE_BEZIER_KNOTS.);
#4818 = CARTESIAN_POINT('',(4.699921834987,18.931268692017));
#4819 = CARTESIAN_POINT('',(4.0765902538,18.931265813735));
#4820 = CARTESIAN_POINT('',(3.45325780169,18.931259639549));
#4821 = CARTESIAN_POINT('',(2.829927794859,18.931252921774));
#4822 = CARTESIAN_POINT('',(2.206595053379,18.931252566053));
#4823 = CARTESIAN_POINT('',(1.583263472192,18.931255340576));
#4824 = ( GEOMETRIC_REPRESENTATION_CONTEXT(2) 
PARAMETRIC_REPRESENTATION_CONTEXT() REPRESENTATION_CONTEXT('2D SPACE',''
  ) );
#4825 = FACE_BOUND('',#4826,.T.);
#4826 = EDGE_LOOP('',(#4827,#4857,#4885,#4913,#4941,#4969));
#4827 = ORIENTED_EDGE('',*,*,#4828,.T.);
#4828 = EDGE_CURVE('',#4829,#4831,#4833,.T.);
#4829 = VERTEX_POINT('',#4830);
#4830 = CARTESIAN_POINT('',(341.79885864257,18.931257247925,
    103.46392059326));
#4831 = VERTEX_POINT('',#4832);
#4832 = CARTESIAN_POINT('',(337.72561645507,18.931266784668,
    109.28103637695));
#4833 = SURFACE_CURVE('',#4834,(#4838,#4845),.PCURVE_S1.);
#4834 = LINE('',#4835,#4836);
#4835 = CARTESIAN_POINT('',(341.79885864257,18.931257247925,
    103.46392059326));
#4836 = VECTOR('',#4837,1.);
#4837 = DIRECTION('',(-0.573581526033,1.342935049188E-06,0.819148480431)
  );
#4838 = PCURVE('',#4707,#4839);
#4839 = DEFINITIONAL_REPRESENTATION('',(#4840),#4844);
#4840 = LINE('',#4841,#4842);
#4841 = CARTESIAN_POINT('',(2.943588143665,6.196759466777));
#4842 = VECTOR('',#4843,1.);
#4843 = DIRECTION('',(0.573581526033,-0.819148480432));
#4844 = ( GEOMETRIC_REPRESENTATION_CONTEXT(2) 
PARAMETRIC_REPRESENTATION_CONTEXT() REPRESENTATION_CONTEXT('2D SPACE',''
  ) );
#4845 = PCURVE('',#4846,#4851);
#4846 = PLANE('',#4847);
#4847 = AXIS2_PLACEMENT_3D('',#4848,#4849,#4850);
#4848 = CARTESIAN_POINT('',(339.76223841206,21.93126296997,
    106.3724772523));
#4849 = DIRECTION('',(0.819148480432,0.,0.573581526033));
#4850 = DIRECTION('',(-0.573581526033,0.,0.819148480432));
#4851 = DEFINITIONAL_REPRESENTATION('',(#4852),#4856);
#4852 = LINE('',#4853,#4854);
#4853 = CARTESIAN_POINT('',(-3.550707507271,3.000005722045));
#4854 = VECTOR('',#4855,1.);
#4855 = DIRECTION('',(0.999999999999,-1.342935049188E-06));
#4856 = ( GEOMETRIC_REPRESENTATION_CONTEXT(2) 
PARAMETRIC_REPRESENTATION_CONTEXT() REPRESENTATION_CONTEXT('2D SPACE',''
  ) );
#4857 = ORIENTED_EDGE('',*,*,#4858,.T.);
#4858 = EDGE_CURVE('',#4831,#4859,#4861,.T.);
#4859 = VERTEX_POINT('',#4860);
#4860 = CARTESIAN_POINT('',(340.72677612304,18.931264877319,
    115.71710968017));
#4861 = SURFACE_CURVE('',#4862,(#4866,#4873),.PCURVE_S1.);
#4862 = LINE('',#4863,#4864);
#4863 = CARTESIAN_POINT('',(337.72561645507,18.931266784668,
    109.28103637695));
#4864 = VECTOR('',#4865,1.);
#4865 = DIRECTION('',(0.422614722143,-2.685873801015E-07,0.90630943757)
  );
#4866 = PCURVE('',#4707,#4867);
#4867 = DEFINITIONAL_REPRESENTATION('',(#4868),#4872);
#4868 = LINE('',#4869,#4870);
#4869 = CARTESIAN_POINT('',(7.016830331162,0.379643683085));
#4870 = VECTOR('',#4871,1.);
#4871 = DIRECTION('',(-0.422614722143,-0.90630943757));
#4872 = ( GEOMETRIC_REPRESENTATION_CONTEXT(2) 
PARAMETRIC_REPRESENTATION_CONTEXT() REPRESENTATION_CONTEXT('2D SPACE',''
  ) );
#4873 = PCURVE('',#4874,#4879);
#4874 = PLANE('',#4875);
#4875 = AXIS2_PLACEMENT_3D('',#4876,#4877,#4878);
#4876 = CARTESIAN_POINT('',(339.22619636856,21.931263446808,
    112.49907319906));
#4877 = DIRECTION('',(0.90630943757,0.,-0.422614722143));
#4878 = DIRECTION('',(0.422614722143,-0.,0.90630943757));
#4879 = DEFINITIONAL_REPRESENTATION('',(#4880),#4884);
#4880 = LINE('',#4881,#4882);
#4881 = CARTESIAN_POINT('',(-3.550704305517,2.99999666214));
#4882 = VECTOR('',#4883,1.);
#4883 = DIRECTION('',(1.,2.685873801015E-07));
#4884 = ( GEOMETRIC_REPRESENTATION_CONTEXT(2) 
PARAMETRIC_REPRESENTATION_CONTEXT() REPRESENTATION_CONTEXT('2D SPACE',''
  ) );
#4885 = ORIENTED_EDGE('',*,*,#4886,.T.);
#4886 = EDGE_CURVE('',#4859,#4887,#4889,.T.);
#4887 = VERTEX_POINT('',#4888);
#4888 = CARTESIAN_POINT('',(347.80114746093,18.931253433228,
    116.3360748291));
#4889 = SURFACE_CURVE('',#4890,(#4894,#4901),.PCURVE_S1.);
#4890 = LINE('',#4891,#4892);
#4891 = CARTESIAN_POINT('',(340.72677612304,18.931264877319,
    115.71710968017));
#4892 = VECTOR('',#4893,1.);
#4893 = DIRECTION('',(0.996194235245,-1.611526697022E-06,
    8.716103293515E-02));
#4894 = PCURVE('',#4707,#4895);
#4895 = DEFINITIONAL_REPRESENTATION('',(#4896),#4900);
#4896 = LINE('',#4897,#4898);
#4897 = CARTESIAN_POINT('',(4.015670663194,-6.056429620138));
#4898 = VECTOR('',#4899,1.);
#4899 = DIRECTION('',(-0.996194235246,-8.716103293516E-02));
#4900 = ( GEOMETRIC_REPRESENTATION_CONTEXT(2) 
PARAMETRIC_REPRESENTATION_CONTEXT() REPRESENTATION_CONTEXT('2D SPACE',''
  ) );
#4901 = PCURVE('',#4902,#4907);
#4902 = PLANE('',#4903);
#4903 = AXIS2_PLACEMENT_3D('',#4904,#4905,#4906);
#4904 = CARTESIAN_POINT('',(344.26396235421,21.931258678436,
    116.02659230383));
#4905 = DIRECTION('',(8.716103293526E-02,0.,-0.996194235246));
#4906 = DIRECTION('',(0.996194235246,-0.,8.716103293526E-02));
#4907 = DEFINITIONAL_REPRESENTATION('',(#4908),#4912);
#4908 = LINE('',#4909,#4910);
#4909 = CARTESIAN_POINT('',(-3.550699357633,2.999993801116));
#4910 = VECTOR('',#4911,1.);
#4911 = DIRECTION('',(0.999999999999,1.611526697022E-06));
#4912 = ( GEOMETRIC_REPRESENTATION_CONTEXT(2) 
PARAMETRIC_REPRESENTATION_CONTEXT() REPRESENTATION_CONTEXT('2D SPACE',''
  ) );
#4913 = ORIENTED_EDGE('',*,*,#4914,.T.);
#4914 = EDGE_CURVE('',#4887,#4915,#4917,.T.);
#4915 = VERTEX_POINT('',#4916);
#4916 = CARTESIAN_POINT('',(351.87438964843,18.931262969971,
    110.5189666748));
#4917 = SURFACE_CURVE('',#4918,(#4922,#4929),.PCURVE_S1.);
#4918 = LINE('',#4919,#4920);
#4919 = CARTESIAN_POINT('',(347.80114746093,18.931253433228,
    116.3360748291));
#4920 = VECTOR('',#4921,1.);
#4921 = DIRECTION('',(0.573582030814,1.342936231039E-06,-0.819148126975)
  );
#4922 = PCURVE('',#4707,#4923);
#4923 = DEFINITIONAL_REPRESENTATION('',(#4924),#4928);
#4924 = LINE('',#4925,#4926);
#4925 = CARTESIAN_POINT('',(-3.058700674693,-6.675394769062));
#4926 = VECTOR('',#4927,1.);
#4927 = DIRECTION('',(-0.573582030814,0.819148126975));
#4928 = ( GEOMETRIC_REPRESENTATION_CONTEXT(2) 
PARAMETRIC_REPRESENTATION_CONTEXT() REPRESENTATION_CONTEXT('2D SPACE',''
  ) );
#4929 = PCURVE('',#4930,#4935);
#4930 = PLANE('',#4931);
#4931 = AXIS2_PLACEMENT_3D('',#4932,#4933,#4934);
#4932 = CARTESIAN_POINT('',(349.83776877049,21.931260108948,
    113.42752044375));
#4933 = DIRECTION('',(-0.819148126975,0.,-0.573582030814));
#4934 = DIRECTION('',(0.573582030814,0.,-0.819148126975));
#4935 = DEFINITIONAL_REPRESENTATION('',(#4936),#4940);
#4936 = LINE('',#4937,#4938);
#4937 = CARTESIAN_POINT('',(-3.550706263701,3.000006675721));
#4938 = VECTOR('',#4939,1.);
#4939 = DIRECTION('',(0.999999999999,-1.342936231039E-06));
#4940 = ( GEOMETRIC_REPRESENTATION_CONTEXT(2) 
PARAMETRIC_REPRESENTATION_CONTEXT() REPRESENTATION_CONTEXT('2D SPACE',''
  ) );
#4941 = ORIENTED_EDGE('',*,*,#4942,.T.);
#4942 = EDGE_CURVE('',#4915,#4943,#4945,.T.);
#4943 = VERTEX_POINT('',#4944);
#4944 = CARTESIAN_POINT('',(348.87322998046,18.931261062622,
    104.08288574218));
#4945 = SURFACE_CURVE('',#4946,(#4950,#4957),.PCURVE_S1.);
#4946 = LINE('',#4947,#4948);
#4947 = CARTESIAN_POINT('',(351.87438964843,18.931262969971,
    110.5189666748));
#4948 = VECTOR('',#4949,1.);
#4949 = DIRECTION('',(-0.422614310646,-2.6858711858E-07,-0.906309629452)
  );
#4950 = PCURVE('',#4707,#4951);
#4951 = DEFINITIONAL_REPRESENTATION('',(#4952),#4956);
#4952 = LINE('',#4953,#4954);
#4953 = CARTESIAN_POINT('',(-7.131942862196,-0.858286614766));
#4954 = VECTOR('',#4955,1.);
#4955 = DIRECTION('',(0.422614310646,0.906309629452));
#4956 = ( GEOMETRIC_REPRESENTATION_CONTEXT(2) 
PARAMETRIC_REPRESENTATION_CONTEXT() REPRESENTATION_CONTEXT('2D SPACE',''
  ) );
#4957 = PCURVE('',#4958,#4963);
#4958 = PLANE('',#4959);
#4959 = AXIS2_PLACEMENT_3D('',#4960,#4961,#4962);
#4960 = CARTESIAN_POINT('',(350.37380973495,21.931265354156,
    107.30092603799));
#4961 = DIRECTION('',(-0.906309629452,0.,0.422614310646));
#4962 = DIRECTION('',(-0.422614310646,0.,-0.906309629452));
#4963 = DEFINITIONAL_REPRESENTATION('',(#4964),#4968);
#4964 = LINE('',#4965,#4966);
#4965 = CARTESIAN_POINT('',(-3.550707762813,3.000002384186));
#4966 = VECTOR('',#4967,1.);
#4967 = DIRECTION('',(1.,2.6858711858E-07));
#4968 = ( GEOMETRIC_REPRESENTATION_CONTEXT(2) 
PARAMETRIC_REPRESENTATION_CONTEXT() REPRESENTATION_CONTEXT('2D SPACE',''
  ) );
#4969 = ORIENTED_EDGE('',*,*,#4970,.T.);
#4970 = EDGE_CURVE('',#4943,#4829,#4971,.T.);
#4971 = SURFACE_CURVE('',#4972,(#4976,#4983),.PCURVE_S1.);
#4972 = LINE('',#4973,#4974);
#4973 = CARTESIAN_POINT('',(348.87322998046,18.931261062622,
    104.08288574218));
#4974 = VECTOR('',#4975,1.);
#4975 = DIRECTION('',(-0.996194235246,-5.371755656747E-07,
    -8.716103293525E-02));
#4976 = PCURVE('',#4707,#4977);
#4977 = DEFINITIONAL_REPRESENTATION('',(#4978),#4982);
#4978 = LINE('',#4979,#4980);
#4979 = CARTESIAN_POINT('',(-4.130783194227,5.577794317851));
#4980 = VECTOR('',#4981,1.);
#4981 = DIRECTION('',(0.996194235246,8.716103293527E-02));
#4982 = ( GEOMETRIC_REPRESENTATION_CONTEXT(2) 
PARAMETRIC_REPRESENTATION_CONTEXT() REPRESENTATION_CONTEXT('2D SPACE',''
  ) );
#4983 = PCURVE('',#4984,#4989);
#4984 = PLANE('',#4985);
#4985 = AXIS2_PLACEMENT_3D('',#4986,#4987,#4988);
#4986 = CARTESIAN_POINT('',(345.33604412411,21.931263446808,
    103.77340315132));
#4987 = DIRECTION('',(-8.716103293526E-02,0.,0.996194235246));
#4988 = DIRECTION('',(-0.996194235246,0.,-8.716103293526E-02));
#4989 = DEFINITIONAL_REPRESENTATION('',(#4990),#4994);
#4990 = LINE('',#4991,#4992);
#4991 = CARTESIAN_POINT('',(-3.550698981387,3.000002384186));
#4992 = VECTOR('',#4993,1.);
#4993 = DIRECTION('',(1.,5.371755656747E-07));
#4994 = ( GEOMETRIC_REPRESENTATION_CONTEXT(2) 
PARAMETRIC_REPRESENTATION_CONTEXT() REPRESENTATION_CONTEXT('2D SPACE',''
  ) );
#4995 = ADVANCED_FACE('',(#4996),#4984,.T.);
#4996 = FACE_BOUND('',#4997,.T.);
#4997 = EDGE_LOOP('',(#4998,#5028,#5049,#5050));
#4998 = ORIENTED_EDGE('',*,*,#4999,.F.);
#4999 = EDGE_CURVE('',#5000,#5002,#5004,.T.);
#5000 = VERTEX_POINT('',#5001);
#5001 = CARTESIAN_POINT('',(341.79885864257,24.931266784668,
    103.46392059326));
#5002 = VERTEX_POINT('',#5003);
#5003 = CARTESIAN_POINT('',(348.87322998046,24.931268692017,
    104.08288574218));
#5004 = SURFACE_CURVE('',#5005,(#5009,#5016),.PCURVE_S1.);
#5005 = LINE('',#5006,#5007);
#5006 = CARTESIAN_POINT('',(341.79885864257,24.931266784668,
    103.46392059326));
#5007 = VECTOR('',#5008,1.);
#5008 = DIRECTION('',(0.996194235246,2.685877828374E-07,
    8.716103293526E-02));
#5009 = PCURVE('',#4984,#5010);
#5010 = DEFINITIONAL_REPRESENTATION('',(#5011),#5015);
#5011 = LINE('',#5012,#5013);
#5012 = CARTESIAN_POINT('',(3.550698605142,-3.00000333786));
#5013 = VECTOR('',#5014,1.);
#5014 = DIRECTION('',(-1.,-2.685877828374E-07));
#5015 = ( GEOMETRIC_REPRESENTATION_CONTEXT(2) 
PARAMETRIC_REPRESENTATION_CONTEXT() REPRESENTATION_CONTEXT('2D SPACE',''
  ) );
#5016 = PCURVE('',#5017,#5022);
#5017 = PLANE('',#5018);
#5018 = AXIS2_PLACEMENT_3D('',#5019,#5020,#5021);
#5019 = CARTESIAN_POINT('',(344.39242057463,24.931263025781,
    107.76600306937));
#5020 = DIRECTION('',(2.900693253125E-07,1.,-7.746443558576E-08));
#5021 = DIRECTION('',(1.,-2.900693253125E-07,3.155443620884E-30));
#5022 = DEFINITIONAL_REPRESENTATION('',(#5023),#5027);
#5023 = LINE('',#5024,#5025);
#5024 = CARTESIAN_POINT('',(-2.593561932057,4.302082476108));
#5025 = VECTOR('',#5026,1.);
#5026 = DIRECTION('',(0.996194235246,-8.716103293531E-02));
#5027 = ( GEOMETRIC_REPRESENTATION_CONTEXT(2) 
PARAMETRIC_REPRESENTATION_CONTEXT() REPRESENTATION_CONTEXT('2D SPACE',''
  ) );
#5028 = ORIENTED_EDGE('',*,*,#5029,.F.);
#5029 = EDGE_CURVE('',#4829,#5000,#5030,.T.);
#5030 = SURFACE_CURVE('',#5031,(#5035,#5042),.PCURVE_S1.);
#5031 = LINE('',#5032,#5033);
#5032 = CARTESIAN_POINT('',(341.79885864257,18.931257247925,
    103.46392059326));
#5033 = VECTOR('',#5034,1.);
#5034 = DIRECTION('',(0.,1.,0.));
#5035 = PCURVE('',#4984,#5036);
#5036 = DEFINITIONAL_REPRESENTATION('',(#5037),#5041);
#5037 = LINE('',#5038,#5039);
#5038 = CARTESIAN_POINT('',(3.550698605142,3.000006198883));
#5039 = VECTOR('',#5040,1.);
#5040 = DIRECTION('',(0.,-1.));
#5041 = ( GEOMETRIC_REPRESENTATION_CONTEXT(2) 
PARAMETRIC_REPRESENTATION_CONTEXT() REPRESENTATION_CONTEXT('2D SPACE',''
  ) );
#5042 = PCURVE('',#4846,#5043);
#5043 = DEFINITIONAL_REPRESENTATION('',(#5044),#5048);
#5044 = LINE('',#5045,#5046);
#5045 = CARTESIAN_POINT('',(-3.550707507271,3.000005722045));
#5046 = VECTOR('',#5047,1.);
#5047 = DIRECTION('',(0.,-1.));
#5048 = ( GEOMETRIC_REPRESENTATION_CONTEXT(2) 
PARAMETRIC_REPRESENTATION_CONTEXT() REPRESENTATION_CONTEXT('2D SPACE',''
  ) );
#5049 = ORIENTED_EDGE('',*,*,#4970,.F.);
#5050 = ORIENTED_EDGE('',*,*,#5051,.T.);
#5051 = EDGE_CURVE('',#4943,#5002,#5052,.T.);
#5052 = SURFACE_CURVE('',#5053,(#5057,#5064),.PCURVE_S1.);
#5053 = LINE('',#5054,#5055);
#5054 = CARTESIAN_POINT('',(348.87322998046,18.931261062622,
    104.08288574218));
#5055 = VECTOR('',#5056,1.);
#5056 = DIRECTION('',(0.,1.,0.));
#5057 = PCURVE('',#4984,#5058);
#5058 = DEFINITIONAL_REPRESENTATION('',(#5059),#5063);
#5059 = LINE('',#5060,#5061);
#5060 = CARTESIAN_POINT('',(-3.550698981387,3.000002384186));
#5061 = VECTOR('',#5062,1.);
#5062 = DIRECTION('',(0.,-1.));
#5063 = ( GEOMETRIC_REPRESENTATION_CONTEXT(2) 
PARAMETRIC_REPRESENTATION_CONTEXT() REPRESENTATION_CONTEXT('2D SPACE',''
  ) );
#5064 = PCURVE('',#4958,#5065);
#5065 = DEFINITIONAL_REPRESENTATION('',(#5066),#5070);
#5066 = LINE('',#5067,#5068);
#5067 = CARTESIAN_POINT('',(3.550707386567,3.000004291534));
#5068 = VECTOR('',#5069,1.);
#5069 = DIRECTION('',(0.,-1.));
#5070 = ( GEOMETRIC_REPRESENTATION_CONTEXT(2) 
PARAMETRIC_REPRESENTATION_CONTEXT() REPRESENTATION_CONTEXT('2D SPACE',''
  ) );
#5071 = ADVANCED_FACE('',(#5072,#5179),#5017,.T.);
#5072 = FACE_BOUND('',#5073,.T.);
#5073 = EDGE_LOOP('',(#5074,#5099,#5126,#5153));
#5074 = ORIENTED_EDGE('',*,*,#5075,.F.);
#5075 = EDGE_CURVE('',#5076,#5078,#5080,.T.);
#5076 = VERTEX_POINT('',#5077);
#5077 = CARTESIAN_POINT('',(339.7661743164,24.931268692017,
    101.23426055908));
#5078 = VERTEX_POINT('',#5079);
#5079 = CARTESIAN_POINT('',(339.7661743164,24.931268692017,
    91.894515991211));
#5080 = SURFACE_CURVE('',#5081,(#5085,#5092),.PCURVE_S1.);
#5081 = LINE('',#5082,#5083);
#5082 = CARTESIAN_POINT('',(339.7661743164,24.931268692017,
    101.23426055908));
#5083 = VECTOR('',#5084,1.);
#5084 = DIRECTION('',(0.,0.,-1.));
#5085 = PCURVE('',#5017,#5086);
#5086 = DEFINITIONAL_REPRESENTATION('',(#5087),#5091);
#5087 = LINE('',#5088,#5089);
#5088 = CARTESIAN_POINT('',(-4.626246258229,6.531742510287));
#5089 = VECTOR('',#5090,1.);
#5090 = DIRECTION('',(9.458764634193E-45,1.));
#5091 = ( GEOMETRIC_REPRESENTATION_CONTEXT(2) 
PARAMETRIC_REPRESENTATION_CONTEXT() REPRESENTATION_CONTEXT('2D SPACE',''
  ) );
#5092 = PCURVE('',#207,#5093);
#5093 = DEFINITIONAL_REPRESENTATION('',(#5094),#5098);
#5094 = LINE('',#5095,#5096);
#5095 = CARTESIAN_POINT('',(-9.346677689726,-7.445970192447));
#5096 = VECTOR('',#5097,1.);
#5097 = DIRECTION('',(1.,0.));
#5098 = ( GEOMETRIC_REPRESENTATION_CONTEXT(2) 
PARAMETRIC_REPRESENTATION_CONTEXT() REPRESENTATION_CONTEXT('2D SPACE',''
  ) );
#5099 = ORIENTED_EDGE('',*,*,#5100,.T.);
#5100 = EDGE_CURVE('',#5076,#5101,#5103,.T.);
#5101 = VERTEX_POINT('',#5102);
#5102 = CARTESIAN_POINT('',(349.54870605468,24.931251525879,
    118.67672729492));
#5103 = SURFACE_CURVE('',#5104,(#5109,#5116),.PCURVE_S1.);
#5104 = CIRCLE('',#5105,9.999996719829);
#5105 = AXIS2_PLACEMENT_3D('',#5106,#5107,#5108);
#5106 = CARTESIAN_POINT('',(344.76617113566,24.931260034692,
    109.8945126457));
#5107 = DIRECTION('',(9.394030615782E-07,0.999999999999,
    4.572975572306E-07));
#5108 = DIRECTION('',(-0.499999845934,8.657327283865E-07,-0.866025492734
    ));
#5109 = PCURVE('',#5017,#5110);
#5110 = DEFINITIONAL_REPRESENTATION('',(#5111),#5115);
#5111 = CIRCLE('',#5112,9.999996719826);
#5112 = AXIS2_PLACEMENT_2D('',#5113,#5114);
#5113 = CARTESIAN_POINT('',(0.373750561032,-2.128509576339));
#5114 = DIRECTION('',(-0.499999845935,0.866025492734));
#5115 = ( GEOMETRIC_REPRESENTATION_CONTEXT(2) 
PARAMETRIC_REPRESENTATION_CONTEXT() REPRESENTATION_CONTEXT('2D SPACE',''
  ) );
#5116 = PCURVE('',#4786,#5117);
#5117 = DEFINITIONAL_REPRESENTATION('',(#5118),#5125);
#5118 = B_SPLINE_CURVE_WITH_KNOTS('',5,(#5119,#5120,#5121,#5122,#5123,
    #5124),.UNSPECIFIED.,.F.,.F.,(6,6),(0.,3.11665918088),
  .PIECEWISE_BEZIER_KNOTS.);
#5119 = CARTESIAN_POINT('',(1.583263472192,24.931268692017));
#5120 = CARTESIAN_POINT('',(2.206595053379,24.931272337873));
#5121 = CARTESIAN_POINT('',(2.82992779486,24.931271961433));
#5122 = CARTESIAN_POINT('',(3.45325780169,24.931263324295));
#5123 = CARTESIAN_POINT('',(4.0765902538,24.931255305138));
#5124 = CARTESIAN_POINT('',(4.699921834987,24.931251525879));
#5125 = ( GEOMETRIC_REPRESENTATION_CONTEXT(2) 
PARAMETRIC_REPRESENTATION_CONTEXT() REPRESENTATION_CONTEXT('2D SPACE',''
  ) );
#5126 = ORIENTED_EDGE('',*,*,#5127,.T.);
#5127 = EDGE_CURVE('',#5101,#5128,#5130,.T.);
#5128 = VERTEX_POINT('',#5129);
#5129 = CARTESIAN_POINT('',(349.7661743164,24.931261062622,
    101.23426055908));
#5130 = SURFACE_CURVE('',#5131,(#5136,#5143),.PCURVE_S1.);
#5131 = CIRCLE('',#5132,9.999992902456);
#5132 = AXIS2_PLACEMENT_3D('',#5133,#5134,#5135);
#5133 = CARTESIAN_POINT('',(344.76618221259,24.931252562396,
    109.89451096025));
#5134 = DIRECTION('',(-7.696612729256E-07,1.,5.371583278225E-07));
#5135 = DIRECTION('',(0.478252723651,-1.03651798848E-07,0.878222256789)
  );
#5136 = PCURVE('',#5017,#5137);
#5137 = DEFINITIONAL_REPRESENTATION('',(#5138),#5142);
#5138 = CIRCLE('',#5139,9.999992902456);
#5139 = AXIS2_PLACEMENT_2D('',#5140,#5141);
#5140 = CARTESIAN_POINT('',(0.373761637964,-2.128507890879));
#5141 = DIRECTION('',(0.478252723651,-0.878222256789));
#5142 = ( GEOMETRIC_REPRESENTATION_CONTEXT(2) 
PARAMETRIC_REPRESENTATION_CONTEXT() REPRESENTATION_CONTEXT('2D SPACE',''
  ) );
#5143 = PCURVE('',#4786,#5144);
#5144 = DEFINITIONAL_REPRESENTATION('',(#5145),#5152);
#5145 = B_SPLINE_CURVE_WITH_KNOTS('',5,(#5146,#5147,#5148,#5149,#5150,
    #5151),.UNSPECIFIED.,.F.,.F.,(6,6),(0.,2.119330308408),
  .PIECEWISE_BEZIER_KNOTS.);
#5146 = CARTESIAN_POINT('',(4.699921834987,24.931251525879));
#5147 = CARTESIAN_POINT('',(5.12378756147,24.931255479831));
#5148 = CARTESIAN_POINT('',(5.54765387012,24.931259684601));
#5149 = CARTESIAN_POINT('',(5.971518553444,24.931262548804));
#5150 = CARTESIAN_POINT('',(6.395385037433,24.93126274947));
#5151 = CARTESIAN_POINT('',(6.819250763916,24.931261062622));
#5152 = ( GEOMETRIC_REPRESENTATION_CONTEXT(2) 
PARAMETRIC_REPRESENTATION_CONTEXT() REPRESENTATION_CONTEXT('2D SPACE',''
  ) );
#5153 = ORIENTED_EDGE('',*,*,#5154,.F.);
#5154 = EDGE_CURVE('',#5078,#5128,#5155,.T.);
#5155 = SURFACE_CURVE('',#5156,(#5160,#5167),.PCURVE_S1.);
#5156 = LINE('',#5157,#5158);
#5157 = CARTESIAN_POINT('',(339.7661743164,24.931268692017,
    91.894515991211));
#5158 = VECTOR('',#5159,1.);
#5159 = DIRECTION('',(0.73082150842,-5.575725619658E-07,0.682568621335)
  );
#5160 = PCURVE('',#5017,#5161);
#5161 = DEFINITIONAL_REPRESENTATION('',(#5162),#5166);
#5162 = LINE('',#5163,#5164);
#5163 = CARTESIAN_POINT('',(-4.626246258229,15.871487078159));
#5164 = VECTOR('',#5165,1.);
#5165 = DIRECTION('',(0.73082150842,-0.682568621335));
#5166 = ( GEOMETRIC_REPRESENTATION_CONTEXT(2) 
PARAMETRIC_REPRESENTATION_CONTEXT() REPRESENTATION_CONTEXT('2D SPACE',''
  ) );
#5167 = PCURVE('',#5168,#5173);
#5168 = PLANE('',#5169);
#5169 = AXIS2_PLACEMENT_3D('',#5170,#5171,#5172);
#5170 = CARTESIAN_POINT('',(343.10077921549,24.930843353271,
    95.007764180501));
#5171 = DIRECTION('',(0.298919965827,0.89900741602,-0.32005080842));
#5172 = DIRECTION('',(0.,-0.335385229915,-0.942081072708));
#5173 = DEFINITIONAL_REPRESENTATION('',(#5174),#5178);
#5174 = LINE('',#5175,#5176);
#5175 = CARTESIAN_POINT('',(2.93278954144,3.494374022293));
#5176 = VECTOR('',#5177,1.);
#5177 = DIRECTION('',(-0.643034791982,-0.765836964569));
#5178 = ( GEOMETRIC_REPRESENTATION_CONTEXT(2) 
PARAMETRIC_REPRESENTATION_CONTEXT() REPRESENTATION_CONTEXT('2D SPACE',''
  ) );
#5179 = FACE_BOUND('',#5180,.T.);
#5180 = EDGE_LOOP('',(#5181,#5204,#5205,#5228,#5251,#5274));
#5181 = ORIENTED_EDGE('',*,*,#5182,.T.);
#5182 = EDGE_CURVE('',#5183,#5000,#5185,.T.);
#5183 = VERTEX_POINT('',#5184);
#5184 = CARTESIAN_POINT('',(337.72561645507,24.931261062622,
    109.28103637695));
#5185 = SURFACE_CURVE('',#5186,(#5190,#5197),.PCURVE_S1.);
#5186 = LINE('',#5187,#5188);
#5187 = CARTESIAN_POINT('',(337.72561645507,24.931261062622,
    109.28103637695));
#5188 = VECTOR('',#5189,1.);
#5189 = DIRECTION('',(0.573581526033,8.057610295131E-07,-0.819148480431)
  );
#5190 = PCURVE('',#5017,#5191);
#5191 = DEFINITIONAL_REPRESENTATION('',(#5192),#5196);
#5192 = LINE('',#5193,#5194);
#5193 = CARTESIAN_POINT('',(-6.666804119555,-1.515033307583));
#5194 = VECTOR('',#5195,1.);
#5195 = DIRECTION('',(0.573581526033,0.819148480432));
#5196 = ( GEOMETRIC_REPRESENTATION_CONTEXT(2) 
PARAMETRIC_REPRESENTATION_CONTEXT() REPRESENTATION_CONTEXT('2D SPACE',''
  ) );
#5197 = PCURVE('',#4846,#5198);
#5198 = DEFINITIONAL_REPRESENTATION('',(#5199),#5203);
#5199 = LINE('',#5200,#5201);
#5200 = CARTESIAN_POINT('',(3.550710517244,-2.999998092652));
#5201 = VECTOR('',#5202,1.);
#5202 = DIRECTION('',(-1.,-8.057610295131E-07));
#5203 = ( GEOMETRIC_REPRESENTATION_CONTEXT(2) 
PARAMETRIC_REPRESENTATION_CONTEXT() REPRESENTATION_CONTEXT('2D SPACE',''
  ) );
#5204 = ORIENTED_EDGE('',*,*,#4999,.T.);
#5205 = ORIENTED_EDGE('',*,*,#5206,.T.);
#5206 = EDGE_CURVE('',#5002,#5207,#5209,.T.);
#5207 = VERTEX_POINT('',#5208);
#5208 = CARTESIAN_POINT('',(351.87438964843,24.931268692017,
    110.5189666748));
#5209 = SURFACE_CURVE('',#5210,(#5214,#5221),.PCURVE_S1.);
#5210 = LINE('',#5211,#5212);
#5211 = CARTESIAN_POINT('',(348.87322998046,24.931268692017,
    104.08288574218));
#5212 = VECTOR('',#5213,1.);
#5213 = DIRECTION('',(0.422614310646,0.,0.906309629452));
#5214 = PCURVE('',#5017,#5215);
#5215 = DEFINITIONAL_REPRESENTATION('',(#5216),#5220);
#5216 = LINE('',#5217,#5218);
#5217 = CARTESIAN_POINT('',(4.480809405833,3.683117327182));
#5218 = VECTOR('',#5219,1.);
#5219 = DIRECTION('',(0.422614310646,-0.906309629452));
#5220 = ( GEOMETRIC_REPRESENTATION_CONTEXT(2) 
PARAMETRIC_REPRESENTATION_CONTEXT() REPRESENTATION_CONTEXT('2D SPACE',''
  ) );
#5221 = PCURVE('',#4958,#5222);
#5222 = DEFINITIONAL_REPRESENTATION('',(#5223),#5227);
#5223 = LINE('',#5224,#5225);
#5224 = CARTESIAN_POINT('',(3.550707386567,-3.00000333786));
#5225 = VECTOR('',#5226,1.);
#5226 = DIRECTION('',(-1.,0.));
#5227 = ( GEOMETRIC_REPRESENTATION_CONTEXT(2) 
PARAMETRIC_REPRESENTATION_CONTEXT() REPRESENTATION_CONTEXT('2D SPACE',''
  ) );
#5228 = ORIENTED_EDGE('',*,*,#5229,.T.);
#5229 = EDGE_CURVE('',#5207,#5230,#5232,.T.);
#5230 = VERTEX_POINT('',#5231);
#5231 = CARTESIAN_POINT('',(347.80114746093,24.931255340576,
    116.3360748291));
#5232 = SURFACE_CURVE('',#5233,(#5237,#5244),.PCURVE_S1.);
#5233 = LINE('',#5234,#5235);
#5234 = CARTESIAN_POINT('',(351.87438964843,24.931268692017,
    110.5189666748));
#5235 = VECTOR('',#5236,1.);
#5236 = DIRECTION('',(-0.573582030813,-1.880110723453E-06,0.819148126974
    ));
#5237 = PCURVE('',#5017,#5238);
#5238 = DEFINITIONAL_REPRESENTATION('',(#5239),#5243);
#5239 = LINE('',#5240,#5241);
#5240 = CARTESIAN_POINT('',(7.481969073802,-2.752963605435));
#5241 = VECTOR('',#5242,1.);
#5242 = DIRECTION('',(-0.573582030814,-0.819148126975));
#5243 = ( GEOMETRIC_REPRESENTATION_CONTEXT(2) 
PARAMETRIC_REPRESENTATION_CONTEXT() REPRESENTATION_CONTEXT('2D SPACE',''
  ) );
#5244 = PCURVE('',#4930,#5245);
#5245 = DEFINITIONAL_REPRESENTATION('',(#5246),#5250);
#5246 = LINE('',#5247,#5248);
#5247 = CARTESIAN_POINT('',(3.550705511208,-3.000008583068));
#5248 = VECTOR('',#5249,1.);
#5249 = DIRECTION('',(-0.999999999998,1.880110723453E-06));
#5250 = ( GEOMETRIC_REPRESENTATION_CONTEXT(2) 
PARAMETRIC_REPRESENTATION_CONTEXT() REPRESENTATION_CONTEXT('2D SPACE',''
  ) );
#5251 = ORIENTED_EDGE('',*,*,#5252,.T.);
#5252 = EDGE_CURVE('',#5230,#5253,#5255,.T.);
#5253 = VERTEX_POINT('',#5254);
#5254 = CARTESIAN_POINT('',(340.72677612304,24.931261062622,
    115.71710968017));
#5255 = SURFACE_CURVE('',#5256,(#5260,#5267),.PCURVE_S1.);
#5256 = LINE('',#5257,#5258);
#5257 = CARTESIAN_POINT('',(347.80114746093,24.931255340576,
    116.3360748291));
#5258 = VECTOR('',#5259,1.);
#5259 = DIRECTION('',(-0.996194235246,8.057633485119E-07,
    -8.716103293523E-02));
#5260 = PCURVE('',#5017,#5261);
#5261 = DEFINITIONAL_REPRESENTATION('',(#5262),#5266);
#5262 = LINE('',#5263,#5264);
#5263 = CARTESIAN_POINT('',(3.408726886306,-8.570071759731));
#5264 = VECTOR('',#5265,1.);
#5265 = DIRECTION('',(-0.996194235246,8.71610329352E-02));
#5266 = ( GEOMETRIC_REPRESENTATION_CONTEXT(2) 
PARAMETRIC_REPRESENTATION_CONTEXT() REPRESENTATION_CONTEXT('2D SPACE',''
  ) );
#5267 = PCURVE('',#4902,#5268);
#5268 = DEFINITIONAL_REPRESENTATION('',(#5269),#5273);
#5269 = LINE('',#5270,#5271);
#5270 = CARTESIAN_POINT('',(3.550698228896,-2.999996662141));
#5271 = VECTOR('',#5272,1.);
#5272 = DIRECTION('',(-1.,-8.057633485119E-07));
#5273 = ( GEOMETRIC_REPRESENTATION_CONTEXT(2) 
PARAMETRIC_REPRESENTATION_CONTEXT() REPRESENTATION_CONTEXT('2D SPACE',''
  ) );
#5274 = ORIENTED_EDGE('',*,*,#5275,.T.);
#5275 = EDGE_CURVE('',#5253,#5183,#5276,.T.);
#5276 = SURFACE_CURVE('',#5277,(#5281,#5288),.PCURVE_S1.);
#5277 = LINE('',#5278,#5279);
#5278 = CARTESIAN_POINT('',(340.72677612304,24.931261062622,
    115.71710968017));
#5279 = VECTOR('',#5280,1.);
#5280 = DIRECTION('',(-0.422614722143,0.,-0.90630943757));
#5281 = PCURVE('',#5017,#5282);
#5282 = DEFINITIONAL_REPRESENTATION('',(#5283),#5287);
#5283 = LINE('',#5284,#5285);
#5284 = CARTESIAN_POINT('',(-3.665644451586,-7.951106610806));
#5285 = VECTOR('',#5286,1.);
#5286 = DIRECTION('',(-0.422614722143,0.90630943757));
#5287 = ( GEOMETRIC_REPRESENTATION_CONTEXT(2) 
PARAMETRIC_REPRESENTATION_CONTEXT() REPRESENTATION_CONTEXT('2D SPACE',''
  ) );
#5288 = PCURVE('',#4874,#5289);
#5289 = DEFINITIONAL_REPRESENTATION('',(#5290),#5294);
#5290 = LINE('',#5291,#5292);
#5291 = CARTESIAN_POINT('',(3.55070392927,-2.999997615814));
#5292 = VECTOR('',#5293,1.);
#5293 = DIRECTION('',(-1.,0.));
#5294 = ( GEOMETRIC_REPRESENTATION_CONTEXT(2) 
PARAMETRIC_REPRESENTATION_CONTEXT() REPRESENTATION_CONTEXT('2D SPACE',''
  ) );
#5295 = ADVANCED_FACE('',(#5296),#5168,.T.);
#5296 = FACE_BOUND('',#5297,.T.);
#5297 = EDGE_LOOP('',(#5298,#5299,#5327));
#5298 = ORIENTED_EDGE('',*,*,#5154,.T.);
#5299 = ORIENTED_EDGE('',*,*,#5300,.T.);
#5300 = EDGE_CURVE('',#5128,#5301,#5303,.T.);
#5301 = VERTEX_POINT('',#5302);
#5302 = CARTESIAN_POINT('',(339.76998901367,24.930000305176,
    91.894515991211));
#5303 = SURFACE_CURVE('',#5304,(#5308,#5315),.PCURVE_S1.);
#5304 = LINE('',#5305,#5306);
#5305 = CARTESIAN_POINT('',(349.7661743164,24.931261062622,
    101.23426055908));
#5306 = VECTOR('',#5307,1.);
#5307 = DIRECTION('',(-0.730691579107,-9.215764027977E-05,
    -0.682707702996));
#5308 = PCURVE('',#5168,#5309);
#5309 = DEFINITIONAL_REPRESENTATION('',(#5310),#5314);
#5310 = LINE('',#5311,#5312);
#5311 = CARTESIAN_POINT('',(-5.866004481092,-6.984750575791));
#5312 = VECTOR('',#5313,1.);
#5313 = DIRECTION('',(0.643196913496,0.765700810023));
#5314 = ( GEOMETRIC_REPRESENTATION_CONTEXT(2) 
PARAMETRIC_REPRESENTATION_CONTEXT() REPRESENTATION_CONTEXT('2D SPACE',''
  ) );
#5315 = PCURVE('',#5316,#5321);
#5316 = PLANE('',#5317);
#5317 = AXIS2_PLACEMENT_3D('',#5318,#5319,#5320);
#5318 = CARTESIAN_POINT('',(346.43411254882,24.930420557658,
    95.109591166178));
#5319 = DIRECTION('',(4.264701346336E-06,0.999999990253,
    -1.395528720778E-04));
#5320 = DIRECTION('',(-1.033975765691E-25,-1.395528720791E-04,
    -0.999999990262));
#5321 = DEFINITIONAL_REPRESENTATION('',(#5322),#5326);
#5322 = LINE('',#5323,#5324);
#5323 = CARTESIAN_POINT('',(-6.12466945056,-3.332061767608));
#5324 = VECTOR('',#5325,1.);
#5325 = DIRECTION('',(0.682707709209,0.730691579113));
#5326 = ( GEOMETRIC_REPRESENTATION_CONTEXT(2) 
PARAMETRIC_REPRESENTATION_CONTEXT() REPRESENTATION_CONTEXT('2D SPACE',''
  ) );
#5327 = ORIENTED_EDGE('',*,*,#5328,.F.);
#5328 = EDGE_CURVE('',#5078,#5301,#5329,.T.);
#5329 = SURFACE_CURVE('',#5330,(#5334,#5341),.PCURVE_S1.);
#5330 = LINE('',#5331,#5332);
#5331 = CARTESIAN_POINT('',(339.7661743164,24.931268692017,
    91.894515991211));
#5332 = VECTOR('',#5333,1.);
#5333 = DIRECTION('',(0.948920261165,-0.315515986837,0.));
#5334 = PCURVE('',#5168,#5335);
#5335 = DEFINITIONAL_REPRESENTATION('',(#5336),#5340);
#5336 = LINE('',#5337,#5338);
#5337 = CARTESIAN_POINT('',(2.93278954144,3.494374022293));
#5338 = VECTOR('',#5339,1.);
#5339 = DIRECTION('',(0.105819401787,-0.99438536504));
#5340 = ( GEOMETRIC_REPRESENTATION_CONTEXT(2) 
PARAMETRIC_REPRESENTATION_CONTEXT() REPRESENTATION_CONTEXT('2D SPACE',''
  ) );
#5341 = PCURVE('',#235,#5342);
#5342 = DEFINITIONAL_REPRESENTATION('',(#5343),#5347);
#5343 = LINE('',#5344,#5345);
#5344 = CARTESIAN_POINT('',(-4.500319473447,1.907303828659E-03));
#5345 = VECTOR('',#5346,1.);
#5346 = DIRECTION('',(0.315515986837,-0.948920261165));
#5347 = ( GEOMETRIC_REPRESENTATION_CONTEXT(2) 
PARAMETRIC_REPRESENTATION_CONTEXT() REPRESENTATION_CONTEXT('2D SPACE',''
  ) );
#5348 = ADVANCED_FACE('',(#5349),#5316,.T.);
#5349 = FACE_BOUND('',#5350,.T.);
#5350 = EDGE_LOOP('',(#5351,#5352,#5375));
#5351 = ORIENTED_EDGE('',*,*,#5300,.F.);
#5352 = ORIENTED_EDGE('',*,*,#5353,.F.);
#5353 = EDGE_CURVE('',#5354,#5128,#5356,.T.);
#5354 = VERTEX_POINT('',#5355);
#5355 = CARTESIAN_POINT('',(349.7661743164,24.930000305176,
    92.199996948242));
#5356 = SURFACE_CURVE('',#5357,(#5361,#5368),.PCURVE_S1.);
#5357 = LINE('',#5358,#5359);
#5358 = CARTESIAN_POINT('',(349.7661743164,24.930000305176,
    92.199996948242));
#5359 = VECTOR('',#5360,1.);
#5360 = DIRECTION('',(0.,1.395528720791E-04,0.999999990262));
#5361 = PCURVE('',#5316,#5362);
#5362 = DEFINITIONAL_REPRESENTATION('',(#5363),#5367);
#5363 = LINE('',#5364,#5365);
#5364 = CARTESIAN_POINT('',(2.909594248251,-3.332061767608));
#5365 = VECTOR('',#5366,1.);
#5366 = DIRECTION('',(-1.,1.033975765691E-25));
#5367 = ( GEOMETRIC_REPRESENTATION_CONTEXT(2) 
PARAMETRIC_REPRESENTATION_CONTEXT() REPRESENTATION_CONTEXT('2D SPACE',''
  ) );
#5368 = PCURVE('',#1314,#5369);
#5369 = DEFINITIONAL_REPRESENTATION('',(#5370),#5374);
#5370 = LINE('',#5371,#5372);
#5371 = CARTESIAN_POINT('',(-0.115085442753,-7.077462845573));
#5372 = VECTOR('',#5373,1.);
#5373 = DIRECTION('',(0.999999990262,-1.395528720791E-04));
#5374 = ( GEOMETRIC_REPRESENTATION_CONTEXT(2) 
PARAMETRIC_REPRESENTATION_CONTEXT() REPRESENTATION_CONTEXT('2D SPACE',''
  ) );
#5375 = ORIENTED_EDGE('',*,*,#5376,.T.);
#5376 = EDGE_CURVE('',#5354,#5301,#5377,.T.);
#5377 = SURFACE_CURVE('',#5378,(#5382,#5389),.PCURVE_S1.);
#5378 = LINE('',#5379,#5380);
#5379 = CARTESIAN_POINT('',(349.7661743164,24.930000305176,
    92.199996948242));
#5380 = VECTOR('',#5381,1.);
#5381 = DIRECTION('',(-0.999533377546,0.,-3.054549345679E-02));
#5382 = PCURVE('',#5316,#5383);
#5383 = DEFINITIONAL_REPRESENTATION('',(#5384),#5388);
#5384 = LINE('',#5385,#5386);
#5385 = CARTESIAN_POINT('',(2.909594248251,-3.332061767608));
#5386 = VECTOR('',#5387,1.);
#5387 = DIRECTION('',(3.054549315936E-02,0.999533377556));
#5388 = ( GEOMETRIC_REPRESENTATION_CONTEXT(2) 
PARAMETRIC_REPRESENTATION_CONTEXT() REPRESENTATION_CONTEXT('2D SPACE',''
  ) );
#5389 = PCURVE('',#5390,#5395);
#5390 = PLANE('',#5391);
#5391 = AXIS2_PLACEMENT_3D('',#5392,#5393,#5394);
#5392 = CARTESIAN_POINT('',(346.43538411457,24.930420557658,
    91.9963818208));
#5393 = DIRECTION('',(-1.260746699075E-04,0.99999147559,
    4.127087695835E-03));
#5394 = DIRECTION('',(-1.058791184068E-22,4.127087728634E-03,
    -0.999991483537));
#5395 = DEFINITIONAL_REPRESENTATION('',(#5396),#5400);
#5396 = LINE('',#5397,#5398);
#5397 = CARTESIAN_POINT('',(-0.20361512778,-3.330790228324));
#5398 = VECTOR('',#5399,1.);
#5399 = DIRECTION('',(3.054523331723E-02,0.999533385496));
#5400 = ( GEOMETRIC_REPRESENTATION_CONTEXT(2) 
PARAMETRIC_REPRESENTATION_CONTEXT() REPRESENTATION_CONTEXT('2D SPACE',''
  ) );
#5401 = ADVANCED_FACE('',(#5402),#5390,.T.);
#5402 = FACE_BOUND('',#5403,.T.);
#5403 = EDGE_LOOP('',(#5404,#5434,#5460,#5461));
#5404 = ORIENTED_EDGE('',*,*,#5405,.F.);
#5405 = EDGE_CURVE('',#5406,#5408,#5410,.T.);
#5406 = VERTEX_POINT('',#5407);
#5407 = CARTESIAN_POINT('',(349.7661743164,24.931261062622,
    91.894515991211));
#5408 = VERTEX_POINT('',#5409);
#5409 = CARTESIAN_POINT('',(349.76998901367,24.930000305176,
    92.199996948242));
#5410 = SURFACE_CURVE('',#5411,(#5415,#5422),.PCURVE_S1.);
#5411 = LINE('',#5412,#5413);
#5412 = CARTESIAN_POINT('',(349.7661743164,24.931261062622,
    91.894515991211));
#5413 = VECTOR('',#5414,1.);
#5414 = DIRECTION('',(1.248643263814E-02,-4.126765986906E-03,
    0.999913525662));
#5415 = PCURVE('',#5390,#5416);
#5416 = DEFINITIONAL_REPRESENTATION('',(#5417),#5421);
#5417 = LINE('',#5418,#5419);
#5418 = CARTESIAN_POINT('',(0.10186843089,-3.330790228324));
#5419 = VECTOR('',#5420,1.);
#5420 = DIRECTION('',(-0.999922041462,-1.248643253892E-02));
#5421 = ( GEOMETRIC_REPRESENTATION_CONTEXT(2) 
PARAMETRIC_REPRESENTATION_CONTEXT() REPRESENTATION_CONTEXT('2D SPACE',''
  ) );
#5422 = PCURVE('',#5423,#5428);
#5423 = PLANE('',#5424);
#5424 = AXIS2_PLACEMENT_3D('',#5425,#5426,#5427);
#5425 = CARTESIAN_POINT('',(349.76871744791,24.930420557658,
    90.031504313151));
#5426 = DIRECTION('',(0.313805543591,0.949487272591,0.));
#5427 = DIRECTION('',(0.949487272591,-0.313805543591,0.));
#5428 = DEFINITIONAL_REPRESENTATION('',(#5429),#5433);
#5429 = LINE('',#5430,#5431);
#5430 = CARTESIAN_POINT('',(-2.678426118864E-03,-1.86301167806));
#5431 = VECTOR('',#5432,1.);
#5432 = DIRECTION('',(1.315071091377E-02,-0.999913525662));
#5433 = ( GEOMETRIC_REPRESENTATION_CONTEXT(2) 
PARAMETRIC_REPRESENTATION_CONTEXT() REPRESENTATION_CONTEXT('2D SPACE',''
  ) );
#5434 = ORIENTED_EDGE('',*,*,#5435,.F.);
#5435 = EDGE_CURVE('',#5301,#5406,#5436,.T.);
#5436 = SURFACE_CURVE('',#5437,(#5441,#5448),.PCURVE_S1.);
#5437 = LINE('',#5438,#5439);
#5438 = CARTESIAN_POINT('',(339.76998901367,24.930000305176,
    91.894515991211));
#5439 = VECTOR('',#5440,1.);
#5440 = DIRECTION('',(0.999999992046,1.26123856059E-04,0.));
#5441 = PCURVE('',#5390,#5442);
#5442 = DEFINITIONAL_REPRESENTATION('',(#5443),#5447);
#5443 = LINE('',#5444,#5445);
#5444 = CARTESIAN_POINT('',(0.101863227634,6.665395153914));
#5445 = VECTOR('',#5446,1.);
#5446 = DIRECTION('',(5.205242186293E-07,-1.));
#5447 = ( GEOMETRIC_REPRESENTATION_CONTEXT(2) 
PARAMETRIC_REPRESENTATION_CONTEXT() REPRESENTATION_CONTEXT('2D SPACE',''
  ) );
#5448 = PCURVE('',#5449,#5454);
#5449 = PLANE('',#5450);
#5450 = AXIS2_PLACEMENT_3D('',#5451,#5452,#5453);
#5451 = CARTESIAN_POINT('',(346.43538411458,24.930420557658,
    89.929677327474));
#5452 = DIRECTION('',(-1.261238531719E-04,0.999999969155,
    -2.139681245415E-04));
#5453 = DIRECTION('',(0.,-2.139681262433E-04,-0.999999977109));
#5454 = DEFINITIONAL_REPRESENTATION('',(#5455),#5459);
#5455 = LINE('',#5456,#5457);
#5456 = CARTESIAN_POINT('',(-1.964838528839,6.665395153925));
#5457 = VECTOR('',#5458,1.);
#5458 = DIRECTION('',(-2.698648515553E-08,-1.));
#5459 = ( GEOMETRIC_REPRESENTATION_CONTEXT(2) 
PARAMETRIC_REPRESENTATION_CONTEXT() REPRESENTATION_CONTEXT('2D SPACE',''
  ) );
#5460 = ORIENTED_EDGE('',*,*,#5376,.F.);
#5461 = ORIENTED_EDGE('',*,*,#5462,.F.);
#5462 = EDGE_CURVE('',#5408,#5354,#5463,.T.);
#5463 = SURFACE_CURVE('',#5464,(#5468,#5475),.PCURVE_S1.);
#5464 = LINE('',#5465,#5466);
#5465 = CARTESIAN_POINT('',(349.76998901367,24.930000305176,
    92.199996948242));
#5466 = VECTOR('',#5467,1.);
#5467 = DIRECTION('',(-1.,0.,0.));
#5468 = PCURVE('',#5390,#5469);
#5469 = DEFINITIONAL_REPRESENTATION('',(#5470),#5474);
#5470 = LINE('',#5471,#5472);
#5471 = CARTESIAN_POINT('',(-0.20361512778,-3.33460492556));
#5472 = VECTOR('',#5473,1.);
#5473 = DIRECTION('',(0.,1.));
#5474 = ( GEOMETRIC_REPRESENTATION_CONTEXT(2) 
PARAMETRIC_REPRESENTATION_CONTEXT() REPRESENTATION_CONTEXT('2D SPACE',''
  ) );
#5475 = PCURVE('',#5476,#5481);
#5476 = PLANE('',#5477);
#5477 = AXIS2_PLACEMENT_3D('',#5478,#5479,#5480);
#5478 = CARTESIAN_POINT('',(349.76808166503,19.115000247955,
    92.199996948242));
#5479 = DIRECTION('',(0.,0.,1.));
#5480 = DIRECTION('',(0.,1.,0.));
#5481 = DEFINITIONAL_REPRESENTATION('',(#5482),#5486);
#5482 = LINE('',#5483,#5484);
#5483 = CARTESIAN_POINT('',(5.81500005722,-1.907348632812E-03));
#5484 = VECTOR('',#5485,1.);
#5485 = DIRECTION('',(0.,1.));
#5486 = ( GEOMETRIC_REPRESENTATION_CONTEXT(2) 
PARAMETRIC_REPRESENTATION_CONTEXT() REPRESENTATION_CONTEXT('2D SPACE',''
  ) );
#5487 = ADVANCED_FACE('',(#5488),#5476,.T.);
#5488 = FACE_BOUND('',#5489,.T.);
#5489 = EDGE_LOOP('',(#5490,#5513,#5541,#5567));
#5490 = ORIENTED_EDGE('',*,*,#5491,.F.);
#5491 = EDGE_CURVE('',#5492,#5354,#5494,.T.);
#5492 = VERTEX_POINT('',#5493);
#5493 = CARTESIAN_POINT('',(349.7661743164,13.300000190735,
    92.199996948242));
#5494 = SURFACE_CURVE('',#5495,(#5499,#5506),.PCURVE_S1.);
#5495 = LINE('',#5496,#5497);
#5496 = CARTESIAN_POINT('',(349.7661743164,13.300000190735,
    92.199996948242));
#5497 = VECTOR('',#5498,1.);
#5498 = DIRECTION('',(0.,1.,0.));
#5499 = PCURVE('',#5476,#5500);
#5500 = DEFINITIONAL_REPRESENTATION('',(#5501),#5505);
#5501 = LINE('',#5502,#5503);
#5502 = CARTESIAN_POINT('',(-5.81500005722,1.907348632812E-03));
#5503 = VECTOR('',#5504,1.);
#5504 = DIRECTION('',(1.,0.));
#5505 = ( GEOMETRIC_REPRESENTATION_CONTEXT(2) 
PARAMETRIC_REPRESENTATION_CONTEXT() REPRESENTATION_CONTEXT('2D SPACE',''
  ) );
#5506 = PCURVE('',#1314,#5507);
#5507 = DEFINITIONAL_REPRESENTATION('',(#5508),#5512);
#5508 = LINE('',#5509,#5510);
#5509 = CARTESIAN_POINT('',(-0.115085442753,4.552537268867));
#5510 = VECTOR('',#5511,1.);
#5511 = DIRECTION('',(0.,-1.));
#5512 = ( GEOMETRIC_REPRESENTATION_CONTEXT(2) 
PARAMETRIC_REPRESENTATION_CONTEXT() REPRESENTATION_CONTEXT('2D SPACE',''
  ) );
#5513 = ORIENTED_EDGE('',*,*,#5514,.F.);
#5514 = EDGE_CURVE('',#5515,#5492,#5517,.T.);
#5515 = VERTEX_POINT('',#5516);
#5516 = CARTESIAN_POINT('',(349.76998901367,13.300000190735,
    92.199996948242));
#5517 = SURFACE_CURVE('',#5518,(#5522,#5529),.PCURVE_S1.);
#5518 = LINE('',#5519,#5520);
#5519 = CARTESIAN_POINT('',(349.76998901367,13.300000190735,
    92.199996948242));
#5520 = VECTOR('',#5521,1.);
#5521 = DIRECTION('',(-1.,0.,0.));
#5522 = PCURVE('',#5476,#5523);
#5523 = DEFINITIONAL_REPRESENTATION('',(#5524),#5528);
#5524 = LINE('',#5525,#5526);
#5525 = CARTESIAN_POINT('',(-5.81500005722,-1.907348632812E-03));
#5526 = VECTOR('',#5527,1.);
#5527 = DIRECTION('',(0.,1.));
#5528 = ( GEOMETRIC_REPRESENTATION_CONTEXT(2) 
PARAMETRIC_REPRESENTATION_CONTEXT() REPRESENTATION_CONTEXT('2D SPACE',''
  ) );
#5529 = PCURVE('',#5530,#5535);
#5530 = PLANE('',#5531);
#5531 = AXIS2_PLACEMENT_3D('',#5532,#5533,#5534);
#5532 = CARTESIAN_POINT('',(349.76808166503,13.300000190735,
    89.099998474121));
#5533 = DIRECTION('',(0.,-1.,0.));
#5534 = DIRECTION('',(-0.,0.,1.));
#5535 = DEFINITIONAL_REPRESENTATION('',(#5536),#5540);
#5536 = LINE('',#5537,#5538);
#5537 = CARTESIAN_POINT('',(3.099998474121,-1.907348632812E-03));
#5538 = VECTOR('',#5539,1.);
#5539 = DIRECTION('',(0.,1.));
#5540 = ( GEOMETRIC_REPRESENTATION_CONTEXT(2) 
PARAMETRIC_REPRESENTATION_CONTEXT() REPRESENTATION_CONTEXT('2D SPACE',''
  ) );
#5541 = ORIENTED_EDGE('',*,*,#5542,.F.);
#5542 = EDGE_CURVE('',#5408,#5515,#5543,.T.);
#5543 = SURFACE_CURVE('',#5544,(#5548,#5555),.PCURVE_S1.);
#5544 = LINE('',#5545,#5546);
#5545 = CARTESIAN_POINT('',(349.76998901367,24.930000305176,
    92.199996948242));
#5546 = VECTOR('',#5547,1.);
#5547 = DIRECTION('',(0.,-1.,0.));
#5548 = PCURVE('',#5476,#5549);
#5549 = DEFINITIONAL_REPRESENTATION('',(#5550),#5554);
#5550 = LINE('',#5551,#5552);
#5551 = CARTESIAN_POINT('',(5.81500005722,-1.907348632812E-03));
#5552 = VECTOR('',#5553,1.);
#5553 = DIRECTION('',(-1.,0.));
#5554 = ( GEOMETRIC_REPRESENTATION_CONTEXT(2) 
PARAMETRIC_REPRESENTATION_CONTEXT() REPRESENTATION_CONTEXT('2D SPACE',''
  ) );
#5555 = PCURVE('',#5556,#5561);
#5556 = PLANE('',#5557);
#5557 = AXIS2_PLACEMENT_3D('',#5558,#5559,#5560);
#5558 = CARTESIAN_POINT('',(349.76998901367,19.115000247955,
    89.099998474121));
#5559 = DIRECTION('',(1.,0.,0.));
#5560 = DIRECTION('',(0.,0.,1.));
#5561 = DEFINITIONAL_REPRESENTATION('',(#5562),#5566);
#5562 = LINE('',#5563,#5564);
#5563 = CARTESIAN_POINT('',(3.099998474121,-5.81500005722));
#5564 = VECTOR('',#5565,1.);
#5565 = DIRECTION('',(0.,1.));
#5566 = ( GEOMETRIC_REPRESENTATION_CONTEXT(2) 
PARAMETRIC_REPRESENTATION_CONTEXT() REPRESENTATION_CONTEXT('2D SPACE',''
  ) );
#5567 = ORIENTED_EDGE('',*,*,#5462,.T.);
#5568 = ADVANCED_FACE('',(#5569),#5556,.T.);
#5569 = FACE_BOUND('',#5570,.T.);
#5570 = EDGE_LOOP('',(#5571,#5596,#5617,#5618));
#5571 = ORIENTED_EDGE('',*,*,#5572,.F.);
#5572 = EDGE_CURVE('',#5573,#5575,#5577,.T.);
#5573 = VERTEX_POINT('',#5574);
#5574 = CARTESIAN_POINT('',(349.76998901367,24.930000305176,86.));
#5575 = VERTEX_POINT('',#5576);
#5576 = CARTESIAN_POINT('',(349.76998901367,13.300000190735,86.));
#5577 = SURFACE_CURVE('',#5578,(#5582,#5589),.PCURVE_S1.);
#5578 = LINE('',#5579,#5580);
#5579 = CARTESIAN_POINT('',(349.76998901367,24.930000305176,86.));
#5580 = VECTOR('',#5581,1.);
#5581 = DIRECTION('',(0.,-1.,0.));
#5582 = PCURVE('',#5556,#5583);
#5583 = DEFINITIONAL_REPRESENTATION('',(#5584),#5588);
#5584 = LINE('',#5585,#5586);
#5585 = CARTESIAN_POINT('',(-3.099998474121,-5.81500005722));
#5586 = VECTOR('',#5587,1.);
#5587 = DIRECTION('',(0.,1.));
#5588 = ( GEOMETRIC_REPRESENTATION_CONTEXT(2) 
PARAMETRIC_REPRESENTATION_CONTEXT() REPRESENTATION_CONTEXT('2D SPACE',''
  ) );
#5589 = PCURVE('',#291,#5590);
#5590 = DEFINITIONAL_REPRESENTATION('',(#5591),#5595);
#5591 = LINE('',#5592,#5593);
#5592 = CARTESIAN_POINT('',(-4.626105875663,-4.978581674022));
#5593 = VECTOR('',#5594,1.);
#5594 = DIRECTION('',(1.,0.));
#5595 = ( GEOMETRIC_REPRESENTATION_CONTEXT(2) 
PARAMETRIC_REPRESENTATION_CONTEXT() REPRESENTATION_CONTEXT('2D SPACE',''
  ) );
#5596 = ORIENTED_EDGE('',*,*,#5597,.T.);
#5597 = EDGE_CURVE('',#5573,#5408,#5598,.T.);
#5598 = SURFACE_CURVE('',#5599,(#5603,#5610),.PCURVE_S1.);
#5599 = LINE('',#5600,#5601);
#5600 = CARTESIAN_POINT('',(349.76998901367,24.930000305176,86.));
#5601 = VECTOR('',#5602,1.);
#5602 = DIRECTION('',(0.,0.,1.));
#5603 = PCURVE('',#5556,#5604);
#5604 = DEFINITIONAL_REPRESENTATION('',(#5605),#5609);
#5605 = LINE('',#5606,#5607);
#5606 = CARTESIAN_POINT('',(-3.099998474121,-5.81500005722));
#5607 = VECTOR('',#5608,1.);
#5608 = DIRECTION('',(1.,0.));
#5609 = ( GEOMETRIC_REPRESENTATION_CONTEXT(2) 
PARAMETRIC_REPRESENTATION_CONTEXT() REPRESENTATION_CONTEXT('2D SPACE',''
  ) );
#5610 = PCURVE('',#5423,#5611);
#5611 = DEFINITIONAL_REPRESENTATION('',(#5612),#5616);
#5612 = LINE('',#5613,#5614);
#5613 = CARTESIAN_POINT('',(1.339213059402E-03,4.031504313151));
#5614 = VECTOR('',#5615,1.);
#5615 = DIRECTION('',(0.,-1.));
#5616 = ( GEOMETRIC_REPRESENTATION_CONTEXT(2) 
PARAMETRIC_REPRESENTATION_CONTEXT() REPRESENTATION_CONTEXT('2D SPACE',''
  ) );
#5617 = ORIENTED_EDGE('',*,*,#5542,.T.);
#5618 = ORIENTED_EDGE('',*,*,#5619,.F.);
#5619 = EDGE_CURVE('',#5575,#5515,#5620,.T.);
#5620 = SURFACE_CURVE('',#5621,(#5625,#5632),.PCURVE_S1.);
#5621 = LINE('',#5622,#5623);
#5622 = CARTESIAN_POINT('',(349.76998901367,13.300000190735,86.));
#5623 = VECTOR('',#5624,1.);
#5624 = DIRECTION('',(0.,0.,1.));
#5625 = PCURVE('',#5556,#5626);
#5626 = DEFINITIONAL_REPRESENTATION('',(#5627),#5631);
#5627 = LINE('',#5628,#5629);
#5628 = CARTESIAN_POINT('',(-3.099998474121,5.81500005722));
#5629 = VECTOR('',#5630,1.);
#5630 = DIRECTION('',(1.,0.));
#5631 = ( GEOMETRIC_REPRESENTATION_CONTEXT(2) 
PARAMETRIC_REPRESENTATION_CONTEXT() REPRESENTATION_CONTEXT('2D SPACE',''
  ) );
#5632 = PCURVE('',#5530,#5633);
#5633 = DEFINITIONAL_REPRESENTATION('',(#5634),#5638);
#5634 = LINE('',#5635,#5636);
#5635 = CARTESIAN_POINT('',(-3.099998474121,-1.907348632812E-03));
#5636 = VECTOR('',#5637,1.);
#5637 = DIRECTION('',(1.,0.));
#5638 = ( GEOMETRIC_REPRESENTATION_CONTEXT(2) 
PARAMETRIC_REPRESENTATION_CONTEXT() REPRESENTATION_CONTEXT('2D SPACE',''
  ) );
#5639 = ADVANCED_FACE('',(#5640),#5530,.T.);
#5640 = FACE_BOUND('',#5641,.T.);
#5641 = EDGE_LOOP('',(#5642,#5665,#5686,#5687));
#5642 = ORIENTED_EDGE('',*,*,#5643,.F.);
#5643 = EDGE_CURVE('',#5644,#5492,#5646,.T.);
#5644 = VERTEX_POINT('',#5645);
#5645 = CARTESIAN_POINT('',(349.7661743164,13.300000190735,86.));
#5646 = SURFACE_CURVE('',#5647,(#5651,#5658),.PCURVE_S1.);
#5647 = LINE('',#5648,#5649);
#5648 = CARTESIAN_POINT('',(349.7661743164,13.300000190735,86.));
#5649 = VECTOR('',#5650,1.);
#5650 = DIRECTION('',(0.,0.,1.));
#5651 = PCURVE('',#5530,#5652);
#5652 = DEFINITIONAL_REPRESENTATION('',(#5653),#5657);
#5653 = LINE('',#5654,#5655);
#5654 = CARTESIAN_POINT('',(-3.099998474121,1.907348632812E-03));
#5655 = VECTOR('',#5656,1.);
#5656 = DIRECTION('',(1.,0.));
#5657 = ( GEOMETRIC_REPRESENTATION_CONTEXT(2) 
PARAMETRIC_REPRESENTATION_CONTEXT() REPRESENTATION_CONTEXT('2D SPACE',''
  ) );
#5658 = PCURVE('',#1314,#5659);
#5659 = DEFINITIONAL_REPRESENTATION('',(#5660),#5664);
#5660 = LINE('',#5661,#5662);
#5661 = CARTESIAN_POINT('',(-6.315082390995,4.552537268867));
#5662 = VECTOR('',#5663,1.);
#5663 = DIRECTION('',(1.,0.));
#5664 = ( GEOMETRIC_REPRESENTATION_CONTEXT(2) 
PARAMETRIC_REPRESENTATION_CONTEXT() REPRESENTATION_CONTEXT('2D SPACE',''
  ) );
#5665 = ORIENTED_EDGE('',*,*,#5666,.F.);
#5666 = EDGE_CURVE('',#5575,#5644,#5667,.T.);
#5667 = SURFACE_CURVE('',#5668,(#5672,#5679),.PCURVE_S1.);
#5668 = LINE('',#5669,#5670);
#5669 = CARTESIAN_POINT('',(349.76998901367,13.300000190735,86.));
#5670 = VECTOR('',#5671,1.);
#5671 = DIRECTION('',(-1.,0.,0.));
#5672 = PCURVE('',#5530,#5673);
#5673 = DEFINITIONAL_REPRESENTATION('',(#5674),#5678);
#5674 = LINE('',#5675,#5676);
#5675 = CARTESIAN_POINT('',(-3.099998474121,-1.907348632812E-03));
#5676 = VECTOR('',#5677,1.);
#5677 = DIRECTION('',(0.,1.));
#5678 = ( GEOMETRIC_REPRESENTATION_CONTEXT(2) 
PARAMETRIC_REPRESENTATION_CONTEXT() REPRESENTATION_CONTEXT('2D SPACE',''
  ) );
#5679 = PCURVE('',#291,#5680);
#5680 = DEFINITIONAL_REPRESENTATION('',(#5681),#5685);
#5681 = LINE('',#5682,#5683);
#5682 = CARTESIAN_POINT('',(7.003894238778,-4.978581674022));
#5683 = VECTOR('',#5684,1.);
#5684 = DIRECTION('',(0.,1.));
#5685 = ( GEOMETRIC_REPRESENTATION_CONTEXT(2) 
PARAMETRIC_REPRESENTATION_CONTEXT() REPRESENTATION_CONTEXT('2D SPACE',''
  ) );
#5686 = ORIENTED_EDGE('',*,*,#5619,.T.);
#5687 = ORIENTED_EDGE('',*,*,#5514,.T.);
#5688 = ADVANCED_FACE('',(#5689),#5449,.T.);
#5689 = FACE_BOUND('',#5690,.T.);
#5690 = EDGE_LOOP('',(#5691,#5717,#5718));
#5691 = ORIENTED_EDGE('',*,*,#5692,.F.);
#5692 = EDGE_CURVE('',#5301,#5573,#5693,.T.);
#5693 = SURFACE_CURVE('',#5694,(#5698,#5705),.PCURVE_S1.);
#5694 = LINE('',#5695,#5696);
#5695 = CARTESIAN_POINT('',(339.76998901367,24.930000305176,
    91.894515991211));
#5696 = VECTOR('',#5697,1.);
#5697 = DIRECTION('',(0.861475948521,0.,-0.50779837546));
#5698 = PCURVE('',#5449,#5699);
#5699 = DEFINITIONAL_REPRESENTATION('',(#5700),#5704);
#5700 = LINE('',#5701,#5702);
#5701 = CARTESIAN_POINT('',(-1.964838528839,6.665395153925));
#5702 = VECTOR('',#5703,1.);
#5703 = DIRECTION('',(0.507798363836,-0.861475955373));
#5704 = ( GEOMETRIC_REPRESENTATION_CONTEXT(2) 
PARAMETRIC_REPRESENTATION_CONTEXT() REPRESENTATION_CONTEXT('2D SPACE',''
  ) );
#5705 = PCURVE('',#5706,#5711);
#5706 = PLANE('',#5707);
#5707 = AXIS2_PLACEMENT_3D('',#5708,#5709,#5710);
#5708 = CARTESIAN_POINT('',(343.103322347,24.930000305176,
    87.964838663737));
#5709 = DIRECTION('',(0.,1.,0.));
#5710 = DIRECTION('',(0.,0.,-1.));
#5711 = DEFINITIONAL_REPRESENTATION('',(#5712),#5716);
#5712 = LINE('',#5713,#5714);
#5713 = CARTESIAN_POINT('',(-3.929677327474,3.333333333333));
#5714 = VECTOR('',#5715,1.);
#5715 = DIRECTION('',(0.50779837546,-0.861475948521));
#5716 = ( GEOMETRIC_REPRESENTATION_CONTEXT(2) 
PARAMETRIC_REPRESENTATION_CONTEXT() REPRESENTATION_CONTEXT('2D SPACE',''
  ) );
#5717 = ORIENTED_EDGE('',*,*,#5435,.T.);
#5718 = ORIENTED_EDGE('',*,*,#5719,.T.);
#5719 = EDGE_CURVE('',#5406,#5573,#5720,.T.);
#5720 = SURFACE_CURVE('',#5721,(#5725,#5732),.PCURVE_S1.);
#5721 = LINE('',#5722,#5723);
#5722 = CARTESIAN_POINT('',(349.7661743164,24.931261062622,
    91.894515991211));
#5723 = VECTOR('',#5724,1.);
#5724 = DIRECTION('',(6.471602393187E-04,-2.138864590948E-04,
    -0.999999767718));
#5725 = PCURVE('',#5449,#5726);
#5726 = DEFINITIONAL_REPRESENTATION('',(#5727),#5731);
#5727 = LINE('',#5728,#5729);
#5728 = CARTESIAN_POINT('',(-1.964838798601,-3.330790228315));
#5729 = VECTOR('',#5730,1.);
#5730 = DIRECTION('',(0.999999790592,-6.471602444659E-04));
#5731 = ( GEOMETRIC_REPRESENTATION_CONTEXT(2) 
PARAMETRIC_REPRESENTATION_CONTEXT() REPRESENTATION_CONTEXT('2D SPACE',''
  ) );
#5732 = PCURVE('',#5423,#5733);
#5733 = DEFINITIONAL_REPRESENTATION('',(#5734),#5738);
#5734 = LINE('',#5735,#5736);
#5735 = CARTESIAN_POINT('',(-2.678426118864E-03,-1.86301167806));
#5736 = VECTOR('',#5737,1.);
#5737 = DIRECTION('',(6.815891671228E-04,0.999999767718));
#5738 = ( GEOMETRIC_REPRESENTATION_CONTEXT(2) 
PARAMETRIC_REPRESENTATION_CONTEXT() REPRESENTATION_CONTEXT('2D SPACE',''
  ) );
#5739 = ADVANCED_FACE('',(#5740),#5706,.T.);
#5740 = FACE_BOUND('',#5741,.T.);
#5741 = EDGE_LOOP('',(#5742,#5765,#5766));
#5742 = ORIENTED_EDGE('',*,*,#5743,.F.);
#5743 = EDGE_CURVE('',#5301,#5744,#5746,.T.);
#5744 = VERTEX_POINT('',#5745);
#5745 = CARTESIAN_POINT('',(339.76998901367,24.930000305176,86.));
#5746 = SURFACE_CURVE('',#5747,(#5751,#5758),.PCURVE_S1.);
#5747 = LINE('',#5748,#5749);
#5748 = CARTESIAN_POINT('',(339.76998901367,24.930000305176,
    91.894515991211));
#5749 = VECTOR('',#5750,1.);
#5750 = DIRECTION('',(0.,0.,-1.));
#5751 = PCURVE('',#5706,#5752);
#5752 = DEFINITIONAL_REPRESENTATION('',(#5753),#5757);
#5753 = LINE('',#5754,#5755);
#5754 = CARTESIAN_POINT('',(-3.929677327474,3.333333333333));
#5755 = VECTOR('',#5756,1.);
#5756 = DIRECTION('',(1.,0.));
#5757 = ( GEOMETRIC_REPRESENTATION_CONTEXT(2) 
PARAMETRIC_REPRESENTATION_CONTEXT() REPRESENTATION_CONTEXT('2D SPACE',''
  ) );
#5758 = PCURVE('',#263,#5759);
#5759 = DEFINITIONAL_REPRESENTATION('',(#5760),#5764);
#5760 = LINE('',#5761,#5762);
#5761 = CARTESIAN_POINT('',(-2.947257995605,-4.499368190765));
#5762 = VECTOR('',#5763,1.);
#5763 = DIRECTION('',(1.,0.));
#5764 = ( GEOMETRIC_REPRESENTATION_CONTEXT(2) 
PARAMETRIC_REPRESENTATION_CONTEXT() REPRESENTATION_CONTEXT('2D SPACE',''
  ) );
#5765 = ORIENTED_EDGE('',*,*,#5692,.T.);
#5766 = ORIENTED_EDGE('',*,*,#5767,.F.);
#5767 = EDGE_CURVE('',#5744,#5573,#5768,.T.);
#5768 = SURFACE_CURVE('',#5769,(#5773,#5780),.PCURVE_S1.);
#5769 = LINE('',#5770,#5771);
#5770 = CARTESIAN_POINT('',(339.76998901367,24.930000305176,86.));
#5771 = VECTOR('',#5772,1.);
#5772 = DIRECTION('',(1.,0.,0.));
#5773 = PCURVE('',#5706,#5774);
#5774 = DEFINITIONAL_REPRESENTATION('',(#5775),#5779);
#5775 = LINE('',#5776,#5777);
#5776 = CARTESIAN_POINT('',(1.964838663737,3.333333333333));
#5777 = VECTOR('',#5778,1.);
#5778 = DIRECTION('',(0.,-1.));
#5779 = ( GEOMETRIC_REPRESENTATION_CONTEXT(2) 
PARAMETRIC_REPRESENTATION_CONTEXT() REPRESENTATION_CONTEXT('2D SPACE',''
  ) );
#5780 = PCURVE('',#291,#5781);
#5781 = DEFINITIONAL_REPRESENTATION('',(#5782),#5786);
#5782 = LINE('',#5783,#5784);
#5783 = CARTESIAN_POINT('',(-4.626105875663,5.021418325978));
#5784 = VECTOR('',#5785,1.);
#5785 = DIRECTION('',(0.,-1.));
#5786 = ( GEOMETRIC_REPRESENTATION_CONTEXT(2) 
PARAMETRIC_REPRESENTATION_CONTEXT() REPRESENTATION_CONTEXT('2D SPACE',''
  ) );
#5787 = ADVANCED_FACE('',(#5788),#5423,.T.);
#5788 = FACE_BOUND('',#5789,.T.);
#5789 = EDGE_LOOP('',(#5790,#5791,#5792));
#5790 = ORIENTED_EDGE('',*,*,#5719,.F.);
#5791 = ORIENTED_EDGE('',*,*,#5405,.T.);
#5792 = ORIENTED_EDGE('',*,*,#5597,.F.);
#5793 = ADVANCED_FACE('',(#5794),#4958,.T.);
#5794 = FACE_BOUND('',#5795,.T.);
#5795 = EDGE_LOOP('',(#5796,#5797,#5818,#5819));
#5796 = ORIENTED_EDGE('',*,*,#4942,.F.);
#5797 = ORIENTED_EDGE('',*,*,#5798,.F.);
#5798 = EDGE_CURVE('',#5207,#4915,#5799,.T.);
#5799 = SURFACE_CURVE('',#5800,(#5804,#5811),.PCURVE_S1.);
#5800 = LINE('',#5801,#5802);
#5801 = CARTESIAN_POINT('',(351.87438964843,24.931268692017,
    110.5189666748));
#5802 = VECTOR('',#5803,1.);
#5803 = DIRECTION('',(0.,-1.,0.));
#5804 = PCURVE('',#4958,#5805);
#5805 = DEFINITIONAL_REPRESENTATION('',(#5806),#5810);
#5806 = LINE('',#5807,#5808);
#5807 = CARTESIAN_POINT('',(-3.550707762813,-3.00000333786));
#5808 = VECTOR('',#5809,1.);
#5809 = DIRECTION('',(-0.,1.));
#5810 = ( GEOMETRIC_REPRESENTATION_CONTEXT(2) 
PARAMETRIC_REPRESENTATION_CONTEXT() REPRESENTATION_CONTEXT('2D SPACE',''
  ) );
#5811 = PCURVE('',#4930,#5812);
#5812 = DEFINITIONAL_REPRESENTATION('',(#5813),#5817);
#5813 = LINE('',#5814,#5815);
#5814 = CARTESIAN_POINT('',(3.550705511208,-3.000008583068));
#5815 = VECTOR('',#5816,1.);
#5816 = DIRECTION('',(0.,1.));
#5817 = ( GEOMETRIC_REPRESENTATION_CONTEXT(2) 
PARAMETRIC_REPRESENTATION_CONTEXT() REPRESENTATION_CONTEXT('2D SPACE',''
  ) );
#5818 = ORIENTED_EDGE('',*,*,#5206,.F.);
#5819 = ORIENTED_EDGE('',*,*,#5051,.F.);
#5820 = ADVANCED_FACE('',(#5821),#4930,.T.);
#5821 = FACE_BOUND('',#5822,.T.);
#5822 = EDGE_LOOP('',(#5823,#5844,#5845,#5846));
#5823 = ORIENTED_EDGE('',*,*,#5824,.F.);
#5824 = EDGE_CURVE('',#5230,#4887,#5825,.T.);
#5825 = SURFACE_CURVE('',#5826,(#5830,#5837),.PCURVE_S1.);
#5826 = LINE('',#5827,#5828);
#5827 = CARTESIAN_POINT('',(347.80114746093,24.931255340576,
    116.3360748291));
#5828 = VECTOR('',#5829,1.);
#5829 = DIRECTION('',(0.,-1.,0.));
#5830 = PCURVE('',#4930,#5831);
#5831 = DEFINITIONAL_REPRESENTATION('',(#5832),#5836);
#5832 = LINE('',#5833,#5834);
#5833 = CARTESIAN_POINT('',(-3.550706263701,-2.999995231628));
#5834 = VECTOR('',#5835,1.);
#5835 = DIRECTION('',(0.,1.));
#5836 = ( GEOMETRIC_REPRESENTATION_CONTEXT(2) 
PARAMETRIC_REPRESENTATION_CONTEXT() REPRESENTATION_CONTEXT('2D SPACE',''
  ) );
#5837 = PCURVE('',#4902,#5838);
#5838 = DEFINITIONAL_REPRESENTATION('',(#5839),#5843);
#5839 = LINE('',#5840,#5841);
#5840 = CARTESIAN_POINT('',(3.550698228896,-2.999996662141));
#5841 = VECTOR('',#5842,1.);
#5842 = DIRECTION('',(0.,1.));
#5843 = ( GEOMETRIC_REPRESENTATION_CONTEXT(2) 
PARAMETRIC_REPRESENTATION_CONTEXT() REPRESENTATION_CONTEXT('2D SPACE',''
  ) );
#5844 = ORIENTED_EDGE('',*,*,#5229,.F.);
#5845 = ORIENTED_EDGE('',*,*,#5798,.T.);
#5846 = ORIENTED_EDGE('',*,*,#4914,.F.);
#5847 = ADVANCED_FACE('',(#5848),#4902,.T.);
#5848 = FACE_BOUND('',#5849,.T.);
#5849 = EDGE_LOOP('',(#5850,#5871,#5872,#5873));
#5850 = ORIENTED_EDGE('',*,*,#5851,.F.);
#5851 = EDGE_CURVE('',#5253,#4859,#5852,.T.);
#5852 = SURFACE_CURVE('',#5853,(#5857,#5864),.PCURVE_S1.);
#5853 = LINE('',#5854,#5855);
#5854 = CARTESIAN_POINT('',(340.72677612304,24.931261062622,
    115.71710968017));
#5855 = VECTOR('',#5856,1.);
#5856 = DIRECTION('',(0.,-1.,0.));
#5857 = PCURVE('',#4902,#5858);
#5858 = DEFINITIONAL_REPRESENTATION('',(#5859),#5863);
#5859 = LINE('',#5860,#5861);
#5860 = CARTESIAN_POINT('',(-3.550699357633,-3.000002384186));
#5861 = VECTOR('',#5862,1.);
#5862 = DIRECTION('',(0.,1.));
#5863 = ( GEOMETRIC_REPRESENTATION_CONTEXT(2) 
PARAMETRIC_REPRESENTATION_CONTEXT() REPRESENTATION_CONTEXT('2D SPACE',''
  ) );
#5864 = PCURVE('',#4874,#5865);
#5865 = DEFINITIONAL_REPRESENTATION('',(#5866),#5870);
#5866 = LINE('',#5867,#5868);
#5867 = CARTESIAN_POINT('',(3.55070392927,-2.999997615814));
#5868 = VECTOR('',#5869,1.);
#5869 = DIRECTION('',(0.,1.));
#5870 = ( GEOMETRIC_REPRESENTATION_CONTEXT(2) 
PARAMETRIC_REPRESENTATION_CONTEXT() REPRESENTATION_CONTEXT('2D SPACE',''
  ) );
#5871 = ORIENTED_EDGE('',*,*,#5252,.F.);
#5872 = ORIENTED_EDGE('',*,*,#5824,.T.);
#5873 = ORIENTED_EDGE('',*,*,#4886,.F.);
#5874 = ADVANCED_FACE('',(#5875),#4874,.T.);
#5875 = FACE_BOUND('',#5876,.T.);
#5876 = EDGE_LOOP('',(#5877,#5898,#5899,#5900));
#5877 = ORIENTED_EDGE('',*,*,#5878,.T.);
#5878 = EDGE_CURVE('',#4831,#5183,#5879,.T.);
#5879 = SURFACE_CURVE('',#5880,(#5884,#5891),.PCURVE_S1.);
#5880 = LINE('',#5881,#5882);
#5881 = CARTESIAN_POINT('',(337.72561645507,18.931266784668,
    109.28103637695));
#5882 = VECTOR('',#5883,1.);
#5883 = DIRECTION('',(0.,1.,0.));
#5884 = PCURVE('',#4874,#5885);
#5885 = DEFINITIONAL_REPRESENTATION('',(#5886),#5890);
#5886 = LINE('',#5887,#5888);
#5887 = CARTESIAN_POINT('',(-3.550704305517,2.99999666214));
#5888 = VECTOR('',#5889,1.);
#5889 = DIRECTION('',(0.,-1.));
#5890 = ( GEOMETRIC_REPRESENTATION_CONTEXT(2) 
PARAMETRIC_REPRESENTATION_CONTEXT() REPRESENTATION_CONTEXT('2D SPACE',''
  ) );
#5891 = PCURVE('',#4846,#5892);
#5892 = DEFINITIONAL_REPRESENTATION('',(#5893),#5897);
#5893 = LINE('',#5894,#5895);
#5894 = CARTESIAN_POINT('',(3.550710517244,2.999996185302));
#5895 = VECTOR('',#5896,1.);
#5896 = DIRECTION('',(0.,-1.));
#5897 = ( GEOMETRIC_REPRESENTATION_CONTEXT(2) 
PARAMETRIC_REPRESENTATION_CONTEXT() REPRESENTATION_CONTEXT('2D SPACE',''
  ) );
#5898 = ORIENTED_EDGE('',*,*,#5275,.F.);
#5899 = ORIENTED_EDGE('',*,*,#5851,.T.);
#5900 = ORIENTED_EDGE('',*,*,#4858,.F.);
#5901 = ADVANCED_FACE('',(#5902),#4846,.T.);
#5902 = FACE_BOUND('',#5903,.T.);
#5903 = EDGE_LOOP('',(#5904,#5905,#5906,#5907));
#5904 = ORIENTED_EDGE('',*,*,#5182,.F.);
#5905 = ORIENTED_EDGE('',*,*,#5878,.F.);
#5906 = ORIENTED_EDGE('',*,*,#4828,.F.);
#5907 = ORIENTED_EDGE('',*,*,#5029,.T.);
#5908 = ADVANCED_FACE('',(#5909),#4786,.T.);
#5909 = FACE_BOUND('',#5910,.T.);
#5910 = EDGE_LOOP('',(#5911,#5912,#5933,#5934,#5935,#5956));
#5911 = ORIENTED_EDGE('',*,*,#5100,.F.);
#5912 = ORIENTED_EDGE('',*,*,#5913,.F.);
#5913 = EDGE_CURVE('',#4723,#5076,#5914,.T.);
#5914 = SURFACE_CURVE('',#5915,(#5919,#5926),.PCURVE_S1.);
#5915 = LINE('',#5916,#5917);
#5916 = CARTESIAN_POINT('',(339.7661743164,18.931255340576,
    101.23426055908));
#5917 = VECTOR('',#5918,1.);
#5918 = DIRECTION('',(0.,1.,0.));
#5919 = PCURVE('',#4786,#5920);
#5920 = DEFINITIONAL_REPRESENTATION('',(#5921),#5925);
#5921 = LINE('',#5922,#5923);
#5922 = CARTESIAN_POINT('',(1.583263472192,18.931255340576));
#5923 = VECTOR('',#5924,1.);
#5924 = DIRECTION('',(0.,1.));
#5925 = ( GEOMETRIC_REPRESENTATION_CONTEXT(2) 
PARAMETRIC_REPRESENTATION_CONTEXT() REPRESENTATION_CONTEXT('2D SPACE',''
  ) );
#5926 = PCURVE('',#207,#5927);
#5927 = DEFINITIONAL_REPRESENTATION('',(#5928),#5932);
#5928 = LINE('',#5929,#5930);
#5929 = CARTESIAN_POINT('',(-9.346677689726,-1.445956841006));
#5930 = VECTOR('',#5931,1.);
#5931 = DIRECTION('',(0.,-1.));
#5932 = ( GEOMETRIC_REPRESENTATION_CONTEXT(2) 
PARAMETRIC_REPRESENTATION_CONTEXT() REPRESENTATION_CONTEXT('2D SPACE',''
  ) );
#5933 = ORIENTED_EDGE('',*,*,#4801,.F.);
#5934 = ORIENTED_EDGE('',*,*,#4769,.F.);
#5935 = ORIENTED_EDGE('',*,*,#5936,.F.);
#5936 = EDGE_CURVE('',#5128,#4747,#5937,.T.);
#5937 = SURFACE_CURVE('',#5938,(#5942,#5949),.PCURVE_S1.);
#5938 = LINE('',#5939,#5940);
#5939 = CARTESIAN_POINT('',(349.7661743164,24.931261062622,
    101.23426055908));
#5940 = VECTOR('',#5941,1.);
#5941 = DIRECTION('',(0.,-1.,0.));
#5942 = PCURVE('',#4786,#5943);
#5943 = DEFINITIONAL_REPRESENTATION('',(#5944),#5948);
#5944 = LINE('',#5945,#5946);
#5945 = CARTESIAN_POINT('',(6.819250763916,24.931261062622));
#5946 = VECTOR('',#5947,1.);
#5947 = DIRECTION('',(0.,-1.));
#5948 = ( GEOMETRIC_REPRESENTATION_CONTEXT(2) 
PARAMETRIC_REPRESENTATION_CONTEXT() REPRESENTATION_CONTEXT('2D SPACE',''
  ) );
#5949 = PCURVE('',#1314,#5950);
#5950 = DEFINITIONAL_REPRESENTATION('',(#5951),#5955);
#5951 = LINE('',#5952,#5953);
#5952 = CARTESIAN_POINT('',(8.919178168087,-7.07872360302));
#5953 = VECTOR('',#5954,1.);
#5954 = DIRECTION('',(0.,1.));
#5955 = ( GEOMETRIC_REPRESENTATION_CONTEXT(2) 
PARAMETRIC_REPRESENTATION_CONTEXT() REPRESENTATION_CONTEXT('2D SPACE',''
  ) );
#5956 = ORIENTED_EDGE('',*,*,#5127,.F.);
#5957 = ADVANCED_FACE('',(#5958),#1314,.T.);
#5958 = FACE_BOUND('',#5959,.T.);
#5959 = EDGE_LOOP('',(#5960,#5961,#5984,#6005,#6006,#6007,#6008,#6009,
    #6010,#6011,#6012,#6013,#6014));
#5960 = ORIENTED_EDGE('',*,*,#1298,.F.);
#5961 = ORIENTED_EDGE('',*,*,#5962,.F.);
#5962 = EDGE_CURVE('',#5963,#1271,#5965,.T.);
#5963 = VERTEX_POINT('',#5964);
#5964 = CARTESIAN_POINT('',(349.7661743164,15.931257247925,86.));
#5965 = SURFACE_CURVE('',#5966,(#5970,#5977),.PCURVE_S1.);
#5966 = LINE('',#5967,#5968);
#5967 = CARTESIAN_POINT('',(349.7661743164,15.931257247925,86.));
#5968 = VECTOR('',#5969,1.);
#5969 = DIRECTION('',(0.,0.,-1.));
#5970 = PCURVE('',#1314,#5971);
#5971 = DEFINITIONAL_REPRESENTATION('',(#5972),#5976);
#5972 = LINE('',#5973,#5974);
#5973 = CARTESIAN_POINT('',(-6.315082390995,1.921280211678));
#5974 = VECTOR('',#5975,1.);
#5975 = DIRECTION('',(-1.,0.));
#5976 = ( GEOMETRIC_REPRESENTATION_CONTEXT(2) 
PARAMETRIC_REPRESENTATION_CONTEXT() REPRESENTATION_CONTEXT('2D SPACE',''
  ) );
#5977 = PCURVE('',#1286,#5978);
#5978 = DEFINITIONAL_REPRESENTATION('',(#5979),#5983);
#5979 = LINE('',#5980,#5981);
#5980 = CARTESIAN_POINT('',(0.385155279452,-2.243172460185));
#5981 = VECTOR('',#5982,1.);
#5982 = DIRECTION('',(-4.038967834732E-28,1.));
#5983 = ( GEOMETRIC_REPRESENTATION_CONTEXT(2) 
PARAMETRIC_REPRESENTATION_CONTEXT() REPRESENTATION_CONTEXT('2D SPACE',''
  ) );
#5984 = ORIENTED_EDGE('',*,*,#5985,.F.);
#5985 = EDGE_CURVE('',#5644,#5963,#5986,.T.);
#5986 = SURFACE_CURVE('',#5987,(#5991,#5998),.PCURVE_S1.);
#5987 = LINE('',#5988,#5989);
#5988 = CARTESIAN_POINT('',(349.7661743164,13.300000190735,86.));
#5989 = VECTOR('',#5990,1.);
#5990 = DIRECTION('',(0.,1.,0.));
#5991 = PCURVE('',#1314,#5992);
#5992 = DEFINITIONAL_REPRESENTATION('',(#5993),#5997);
#5993 = LINE('',#5994,#5995);
#5994 = CARTESIAN_POINT('',(-6.315082390995,4.552537268867));
#5995 = VECTOR('',#5996,1.);
#5996 = DIRECTION('',(0.,-1.));
#5997 = ( GEOMETRIC_REPRESENTATION_CONTEXT(2) 
PARAMETRIC_REPRESENTATION_CONTEXT() REPRESENTATION_CONTEXT('2D SPACE',''
  ) );
#5998 = PCURVE('',#291,#5999);
#5999 = DEFINITIONAL_REPRESENTATION('',(#6000),#6004);
#6000 = LINE('',#6001,#6002);
#6001 = CARTESIAN_POINT('',(7.003894238778,-4.974766976757));
#6002 = VECTOR('',#6003,1.);
#6003 = DIRECTION('',(-1.,-0.));
#6004 = ( GEOMETRIC_REPRESENTATION_CONTEXT(2) 
PARAMETRIC_REPRESENTATION_CONTEXT() REPRESENTATION_CONTEXT('2D SPACE',''
  ) );
#6005 = ORIENTED_EDGE('',*,*,#5643,.T.);
#6006 = ORIENTED_EDGE('',*,*,#5491,.T.);
#6007 = ORIENTED_EDGE('',*,*,#5353,.T.);
#6008 = ORIENTED_EDGE('',*,*,#5936,.T.);
#6009 = ORIENTED_EDGE('',*,*,#4746,.F.);
#6010 = ORIENTED_EDGE('',*,*,#4670,.F.);
#6011 = ORIENTED_EDGE('',*,*,#4622,.F.);
#6012 = ORIENTED_EDGE('',*,*,#4196,.F.);
#6013 = ORIENTED_EDGE('',*,*,#4148,.F.);
#6014 = ORIENTED_EDGE('',*,*,#1379,.F.);
#6015 = ADVANCED_FACE('',(#6016),#1286,.T.);
#6016 = FACE_BOUND('',#6017,.T.);
#6017 = EDGE_LOOP('',(#6018,#6041,#6069,#6097,#6118,#6119));
#6018 = ORIENTED_EDGE('',*,*,#6019,.F.);
#6019 = EDGE_CURVE('',#6020,#1243,#6022,.T.);
#6020 = VERTEX_POINT('',#6021);
#6021 = CARTESIAN_POINT('',(348.79998779296,15.931262016296,
    83.057426452637));
#6022 = SURFACE_CURVE('',#6023,(#6027,#6034),.PCURVE_S1.);
#6023 = LINE('',#6024,#6025);
#6024 = CARTESIAN_POINT('',(348.79998779296,15.931262016296,
    83.057426452637));
#6025 = VECTOR('',#6026,1.);
#6026 = DIRECTION('',(0.,-1.64015089388E-06,-0.999999999999));
#6027 = PCURVE('',#1286,#6028);
#6028 = DEFINITIONAL_REPRESENTATION('',(#6029),#6033);
#6029 = LINE('',#6030,#6031);
#6030 = CARTESIAN_POINT('',(-0.581031243998,0.699401087178));
#6031 = VECTOR('',#6032,1.);
#6032 = DIRECTION('',(8.488237341893E-12,1.));
#6033 = ( GEOMETRIC_REPRESENTATION_CONTEXT(2) 
PARAMETRIC_REPRESENTATION_CONTEXT() REPRESENTATION_CONTEXT('2D SPACE',''
  ) );
#6034 = PCURVE('',#1258,#6035);
#6035 = DEFINITIONAL_REPRESENTATION('',(#6036),#6040);
#6036 = LINE('',#6037,#6038);
#6037 = CARTESIAN_POINT('',(-1.337849255252,-1.262877254596));
#6038 = VECTOR('',#6039,1.);
#6039 = DIRECTION('',(-0.999999999999,1.64015089388E-06));
#6040 = ( GEOMETRIC_REPRESENTATION_CONTEXT(2) 
PARAMETRIC_REPRESENTATION_CONTEXT() REPRESENTATION_CONTEXT('2D SPACE',''
  ) );
#6041 = ORIENTED_EDGE('',*,*,#6042,.F.);
#6042 = EDGE_CURVE('',#6043,#6020,#6045,.T.);
#6043 = VERTEX_POINT('',#6044);
#6044 = CARTESIAN_POINT('',(349.12405395507,15.931261062622,
    83.244522094727));
#6045 = SURFACE_CURVE('',#6046,(#6050,#6057),.PCURVE_S1.);
#6046 = LINE('',#6047,#6048);
#6047 = CARTESIAN_POINT('',(349.12405395507,15.931261062622,
    83.244522094727));
#6048 = VECTOR('',#6049,1.);
#6049 = DIRECTION('',(-0.866030083183,2.54858650527E-06,-0.49999189495)
  );
#6050 = PCURVE('',#1286,#6051);
#6051 = DEFINITIONAL_REPRESENTATION('',(#6052),#6056);
#6052 = LINE('',#6053,#6054);
#6053 = CARTESIAN_POINT('',(-0.256965081888,0.512305445088));
#6054 = VECTOR('',#6055,1.);
#6055 = DIRECTION('',(-0.866030083186,0.499991894951));
#6056 = ( GEOMETRIC_REPRESENTATION_CONTEXT(2) 
PARAMETRIC_REPRESENTATION_CONTEXT() REPRESENTATION_CONTEXT('2D SPACE',''
  ) );
#6057 = PCURVE('',#6058,#6063);
#6058 = PLANE('',#6059);
#6059 = AXIS2_PLACEMENT_3D('',#6060,#6061,#6062);
#6060 = CARTESIAN_POINT('',(348.96202087402,14.656261444092,
    83.150974273682));
#6061 = DIRECTION('',(-0.499991894952,0.,0.866030083186));
#6062 = DIRECTION('',(-0.866030083186,0.,-0.499991894952));
#6063 = DEFINITIONAL_REPRESENTATION('',(#6064),#6068);
#6064 = LINE('',#6065,#6066);
#6065 = CARTESIAN_POINT('',(-0.187098674977,-1.27499961853));
#6066 = VECTOR('',#6067,1.);
#6067 = DIRECTION('',(0.999999999997,-2.54858650527E-06));
#6068 = ( GEOMETRIC_REPRESENTATION_CONTEXT(2) 
PARAMETRIC_REPRESENTATION_CONTEXT() REPRESENTATION_CONTEXT('2D SPACE',''
  ) );
#6069 = ORIENTED_EDGE('',*,*,#6070,.F.);
#6070 = EDGE_CURVE('',#6071,#6043,#6073,.T.);
#6071 = VERTEX_POINT('',#6072);
#6072 = CARTESIAN_POINT('',(349.12405395507,15.931261062622,86.));
#6073 = SURFACE_CURVE('',#6074,(#6078,#6085),.PCURVE_S1.);
#6074 = LINE('',#6075,#6076);
#6075 = CARTESIAN_POINT('',(349.12405395507,15.931261062622,86.));
#6076 = VECTOR('',#6077,1.);
#6077 = DIRECTION('',(0.,0.,-1.));
#6078 = PCURVE('',#1286,#6079);
#6079 = DEFINITIONAL_REPRESENTATION('',(#6080),#6084);
#6080 = LINE('',#6081,#6082);
#6081 = CARTESIAN_POINT('',(-0.256965081888,-2.243172460185));
#6082 = VECTOR('',#6083,1.);
#6083 = DIRECTION('',(-4.038967834732E-28,1.));
#6084 = ( GEOMETRIC_REPRESENTATION_CONTEXT(2) 
PARAMETRIC_REPRESENTATION_CONTEXT() REPRESENTATION_CONTEXT('2D SPACE',''
  ) );
#6085 = PCURVE('',#6086,#6091);
#6086 = PLANE('',#6087);
#6087 = AXIS2_PLACEMENT_3D('',#6088,#6089,#6090);
#6088 = CARTESIAN_POINT('',(349.12405395507,14.656260967255,
    84.622261047363));
#6089 = DIRECTION('',(-1.,0.,0.));
#6090 = DIRECTION('',(0.,0.,-1.));
#6091 = DEFINITIONAL_REPRESENTATION('',(#6092),#6096);
#6092 = LINE('',#6093,#6094);
#6093 = CARTESIAN_POINT('',(-1.377738952637,-1.275000095367));
#6094 = VECTOR('',#6095,1.);
#6095 = DIRECTION('',(1.,0.));
#6096 = ( GEOMETRIC_REPRESENTATION_CONTEXT(2) 
PARAMETRIC_REPRESENTATION_CONTEXT() REPRESENTATION_CONTEXT('2D SPACE',''
  ) );
#6097 = ORIENTED_EDGE('',*,*,#6098,.F.);
#6098 = EDGE_CURVE('',#5963,#6071,#6099,.T.);
#6099 = SURFACE_CURVE('',#6100,(#6104,#6111),.PCURVE_S1.);
#6100 = LINE('',#6101,#6102);
#6101 = CARTESIAN_POINT('',(349.7661743164,15.931257247925,86.));
#6102 = VECTOR('',#6103,1.);
#6103 = DIRECTION('',(-0.999999999982,5.940782282106E-06,0.));
#6104 = PCURVE('',#1286,#6105);
#6105 = DEFINITIONAL_REPRESENTATION('',(#6106),#6110);
#6106 = LINE('',#6107,#6108);
#6107 = CARTESIAN_POINT('',(0.385155279452,-2.243172460185));
#6108 = VECTOR('',#6109,1.);
#6109 = DIRECTION('',(-1.,-3.102239014638E-13));
#6110 = ( GEOMETRIC_REPRESENTATION_CONTEXT(2) 
PARAMETRIC_REPRESENTATION_CONTEXT() REPRESENTATION_CONTEXT('2D SPACE',''
  ) );
#6111 = PCURVE('',#291,#6112);
#6112 = DEFINITIONAL_REPRESENTATION('',(#6113),#6117);
#6113 = LINE('',#6114,#6115);
#6114 = CARTESIAN_POINT('',(4.372637181588,-4.974766976757));
#6115 = VECTOR('',#6116,1.);
#6116 = DIRECTION('',(-5.940782282106E-06,0.999999999982));
#6117 = ( GEOMETRIC_REPRESENTATION_CONTEXT(2) 
PARAMETRIC_REPRESENTATION_CONTEXT() REPRESENTATION_CONTEXT('2D SPACE',''
  ) );
#6118 = ORIENTED_EDGE('',*,*,#5962,.T.);
#6119 = ORIENTED_EDGE('',*,*,#1270,.F.);
#6120 = ADVANCED_FACE('',(#6121),#6086,.T.);
#6121 = FACE_BOUND('',#6122,.T.);
#6122 = EDGE_LOOP('',(#6123,#6153,#6174,#6175));
#6123 = ORIENTED_EDGE('',*,*,#6124,.F.);
#6124 = EDGE_CURVE('',#6125,#6127,#6129,.T.);
#6125 = VERTEX_POINT('',#6126);
#6126 = CARTESIAN_POINT('',(349.12405395507,13.381260871887,86.));
#6127 = VERTEX_POINT('',#6128);
#6128 = CARTESIAN_POINT('',(349.12405395507,13.381260871887,
    83.244522094727));
#6129 = SURFACE_CURVE('',#6130,(#6134,#6141),.PCURVE_S1.);
#6130 = LINE('',#6131,#6132);
#6131 = CARTESIAN_POINT('',(349.12405395507,13.381260871887,86.));
#6132 = VECTOR('',#6133,1.);
#6133 = DIRECTION('',(0.,0.,-1.));
#6134 = PCURVE('',#6086,#6135);
#6135 = DEFINITIONAL_REPRESENTATION('',(#6136),#6140);
#6136 = LINE('',#6137,#6138);
#6137 = CARTESIAN_POINT('',(-1.377738952637,1.275000095367));
#6138 = VECTOR('',#6139,1.);
#6139 = DIRECTION('',(1.,0.));
#6140 = ( GEOMETRIC_REPRESENTATION_CONTEXT(2) 
PARAMETRIC_REPRESENTATION_CONTEXT() REPRESENTATION_CONTEXT('2D SPACE',''
  ) );
#6141 = PCURVE('',#6142,#6147);
#6142 = PLANE('',#6143);
#6143 = AXIS2_PLACEMENT_3D('',#6144,#6145,#6146);
#6144 = CARTESIAN_POINT('',(348.96024742078,13.381261353943,
    84.574975196055));
#6145 = DIRECTION('',(2.942838308679E-06,0.999999999996,0.));
#6146 = DIRECTION('',(0.999999999996,-2.942838308679E-06,0.));
#6147 = DEFINITIONAL_REPRESENTATION('',(#6148),#6152);
#6148 = LINE('',#6149,#6150);
#6149 = CARTESIAN_POINT('',(0.16380653429,-1.425024803945));
#6150 = VECTOR('',#6151,1.);
#6151 = DIRECTION('',(0.,1.));
#6152 = ( GEOMETRIC_REPRESENTATION_CONTEXT(2) 
PARAMETRIC_REPRESENTATION_CONTEXT() REPRESENTATION_CONTEXT('2D SPACE',''
  ) );
#6153 = ORIENTED_EDGE('',*,*,#6154,.F.);
#6154 = EDGE_CURVE('',#6071,#6125,#6155,.T.);
#6155 = SURFACE_CURVE('',#6156,(#6160,#6167),.PCURVE_S1.);
#6156 = LINE('',#6157,#6158);
#6157 = CARTESIAN_POINT('',(349.12405395507,15.931261062622,86.));
#6158 = VECTOR('',#6159,1.);
#6159 = DIRECTION('',(0.,-1.,0.));
#6160 = PCURVE('',#6086,#6161);
#6161 = DEFINITIONAL_REPRESENTATION('',(#6162),#6166);
#6162 = LINE('',#6163,#6164);
#6163 = CARTESIAN_POINT('',(-1.377738952637,-1.275000095367));
#6164 = VECTOR('',#6165,1.);
#6165 = DIRECTION('',(0.,1.));
#6166 = ( GEOMETRIC_REPRESENTATION_CONTEXT(2) 
PARAMETRIC_REPRESENTATION_CONTEXT() REPRESENTATION_CONTEXT('2D SPACE',''
  ) );
#6167 = PCURVE('',#291,#6168);
#6168 = DEFINITIONAL_REPRESENTATION('',(#6169),#6173);
#6169 = LINE('',#6170,#6171);
#6170 = CARTESIAN_POINT('',(4.372633366891,-4.332646615429));
#6171 = VECTOR('',#6172,1.);
#6172 = DIRECTION('',(1.,0.));
#6173 = ( GEOMETRIC_REPRESENTATION_CONTEXT(2) 
PARAMETRIC_REPRESENTATION_CONTEXT() REPRESENTATION_CONTEXT('2D SPACE',''
  ) );
#6174 = ORIENTED_EDGE('',*,*,#6070,.T.);
#6175 = ORIENTED_EDGE('',*,*,#6176,.F.);
#6176 = EDGE_CURVE('',#6127,#6043,#6177,.T.);
#6177 = SURFACE_CURVE('',#6178,(#6182,#6189),.PCURVE_S1.);
#6178 = LINE('',#6179,#6180);
#6179 = CARTESIAN_POINT('',(349.12405395507,13.381260871887,
    83.244522094727));
#6180 = VECTOR('',#6181,1.);
#6181 = DIRECTION('',(0.,1.,0.));
#6182 = PCURVE('',#6086,#6183);
#6183 = DEFINITIONAL_REPRESENTATION('',(#6184),#6188);
#6184 = LINE('',#6185,#6186);
#6185 = CARTESIAN_POINT('',(1.377738952637,1.275000095367));
#6186 = VECTOR('',#6187,1.);
#6187 = DIRECTION('',(0.,-1.));
#6188 = ( GEOMETRIC_REPRESENTATION_CONTEXT(2) 
PARAMETRIC_REPRESENTATION_CONTEXT() REPRESENTATION_CONTEXT('2D SPACE',''
  ) );
#6189 = PCURVE('',#6058,#6190);
#6190 = DEFINITIONAL_REPRESENTATION('',(#6191),#6195);
#6191 = LINE('',#6192,#6193);
#6192 = CARTESIAN_POINT('',(-0.187098674977,1.275000572205));
#6193 = VECTOR('',#6194,1.);
#6194 = DIRECTION('',(0.,-1.));
#6195 = ( GEOMETRIC_REPRESENTATION_CONTEXT(2) 
PARAMETRIC_REPRESENTATION_CONTEXT() REPRESENTATION_CONTEXT('2D SPACE',''
  ) );
#6196 = ADVANCED_FACE('',(#6197),#6142,.T.);
#6197 = FACE_BOUND('',#6198,.T.);
#6198 = EDGE_LOOP('',(#6199,#6224,#6245,#6246));
#6199 = ORIENTED_EDGE('',*,*,#6200,.T.);
#6200 = EDGE_CURVE('',#6201,#6203,#6205,.T.);
#6201 = VERTEX_POINT('',#6202);
#6202 = CARTESIAN_POINT('',(348.79998779296,13.381261825562,
    83.057426452637));
#6203 = VERTEX_POINT('',#6204);
#6204 = CARTESIAN_POINT('',(348.79998779296,13.381261825562,86.));
#6205 = SURFACE_CURVE('',#6206,(#6210,#6217),.PCURVE_S1.);
#6206 = LINE('',#6207,#6208);
#6207 = CARTESIAN_POINT('',(348.79998779296,13.381261825562,
    83.057426452637));
#6208 = VECTOR('',#6209,1.);
#6209 = DIRECTION('',(0.,0.,1.));
#6210 = PCURVE('',#6142,#6211);
#6211 = DEFINITIONAL_REPRESENTATION('',(#6212),#6216);
#6212 = LINE('',#6213,#6214);
#6213 = CARTESIAN_POINT('',(-0.160259627821,1.517548743418));
#6214 = VECTOR('',#6215,1.);
#6215 = DIRECTION('',(0.,-1.));
#6216 = ( GEOMETRIC_REPRESENTATION_CONTEXT(2) 
PARAMETRIC_REPRESENTATION_CONTEXT() REPRESENTATION_CONTEXT('2D SPACE',''
  ) );
#6217 = PCURVE('',#1258,#6218);
#6218 = DEFINITIONAL_REPRESENTATION('',(#6219),#6223);
#6219 = LINE('',#6220,#6221);
#6220 = CARTESIAN_POINT('',(-1.337849255252,1.287122936138));
#6221 = VECTOR('',#6222,1.);
#6222 = DIRECTION('',(1.,0.));
#6223 = ( GEOMETRIC_REPRESENTATION_CONTEXT(2) 
PARAMETRIC_REPRESENTATION_CONTEXT() REPRESENTATION_CONTEXT('2D SPACE',''
  ) );
#6224 = ORIENTED_EDGE('',*,*,#6225,.F.);
#6225 = EDGE_CURVE('',#6125,#6203,#6226,.T.);
#6226 = SURFACE_CURVE('',#6227,(#6231,#6238),.PCURVE_S1.);
#6227 = LINE('',#6228,#6229);
#6228 = CARTESIAN_POINT('',(349.12405395507,13.381260871887,86.));
#6229 = VECTOR('',#6230,1.);
#6230 = DIRECTION('',(-0.999999999996,2.942838308679E-06,0.));
#6231 = PCURVE('',#6142,#6232);
#6232 = DEFINITIONAL_REPRESENTATION('',(#6233),#6237);
#6233 = LINE('',#6234,#6235);
#6234 = CARTESIAN_POINT('',(0.16380653429,-1.425024803945));
#6235 = VECTOR('',#6236,1.);
#6236 = DIRECTION('',(-1.,0.));
#6237 = ( GEOMETRIC_REPRESENTATION_CONTEXT(2) 
PARAMETRIC_REPRESENTATION_CONTEXT() REPRESENTATION_CONTEXT('2D SPACE',''
  ) );
#6238 = PCURVE('',#291,#6239);
#6239 = DEFINITIONAL_REPRESENTATION('',(#6240),#6244);
#6240 = LINE('',#6241,#6242);
#6241 = CARTESIAN_POINT('',(6.922633557626,-4.332646615429));
#6242 = VECTOR('',#6243,1.);
#6243 = DIRECTION('',(-2.942838308679E-06,0.999999999996));
#6244 = ( GEOMETRIC_REPRESENTATION_CONTEXT(2) 
PARAMETRIC_REPRESENTATION_CONTEXT() REPRESENTATION_CONTEXT('2D SPACE',''
  ) );
#6245 = ORIENTED_EDGE('',*,*,#6124,.T.);
#6246 = ORIENTED_EDGE('',*,*,#6247,.T.);
#6247 = EDGE_CURVE('',#6127,#6201,#6248,.T.);
#6248 = SURFACE_CURVE('',#6249,(#6253,#6260),.PCURVE_S1.);
#6249 = LINE('',#6250,#6251);
#6250 = CARTESIAN_POINT('',(349.12405395507,13.381260871887,
    83.244522094727));
#6251 = VECTOR('',#6252,1.);
#6252 = DIRECTION('',(-0.866030083183,2.54858650527E-06,-0.49999189495)
  );
#6253 = PCURVE('',#6142,#6254);
#6254 = DEFINITIONAL_REPRESENTATION('',(#6255),#6259);
#6255 = LINE('',#6256,#6257);
#6256 = CARTESIAN_POINT('',(0.16380653429,1.330453101328));
#6257 = VECTOR('',#6258,1.);
#6258 = DIRECTION('',(-0.866030083187,0.49999189495));
#6259 = ( GEOMETRIC_REPRESENTATION_CONTEXT(2) 
PARAMETRIC_REPRESENTATION_CONTEXT() REPRESENTATION_CONTEXT('2D SPACE',''
  ) );
#6260 = PCURVE('',#6058,#6261);
#6261 = DEFINITIONAL_REPRESENTATION('',(#6262),#6266);
#6262 = LINE('',#6263,#6264);
#6263 = CARTESIAN_POINT('',(-0.187098674977,1.275000572205));
#6264 = VECTOR('',#6265,1.);
#6265 = DIRECTION('',(0.999999999997,-2.54858650527E-06));
#6266 = ( GEOMETRIC_REPRESENTATION_CONTEXT(2) 
PARAMETRIC_REPRESENTATION_CONTEXT() REPRESENTATION_CONTEXT('2D SPACE',''
  ) );
#6267 = ADVANCED_FACE('',(#6268),#6058,.T.);
#6268 = FACE_BOUND('',#6269,.T.);
#6269 = EDGE_LOOP('',(#6270,#6271,#6272,#6273));
#6270 = ORIENTED_EDGE('',*,*,#6247,.F.);
#6271 = ORIENTED_EDGE('',*,*,#6176,.T.);
#6272 = ORIENTED_EDGE('',*,*,#6042,.T.);
#6273 = ORIENTED_EDGE('',*,*,#6274,.F.);
#6274 = EDGE_CURVE('',#6201,#6020,#6275,.T.);
#6275 = SURFACE_CURVE('',#6276,(#6280,#6287),.PCURVE_S1.);
#6276 = LINE('',#6277,#6278);
#6277 = CARTESIAN_POINT('',(348.79998779296,13.381261825562,
    83.057426452637));
#6278 = VECTOR('',#6279,1.);
#6279 = DIRECTION('',(0.,1.,0.));
#6280 = PCURVE('',#6058,#6281);
#6281 = DEFINITIONAL_REPRESENTATION('',(#6282),#6286);
#6282 = LINE('',#6283,#6284);
#6283 = CARTESIAN_POINT('',(0.187098674977,1.27499961853));
#6284 = VECTOR('',#6285,1.);
#6285 = DIRECTION('',(0.,-1.));
#6286 = ( GEOMETRIC_REPRESENTATION_CONTEXT(2) 
PARAMETRIC_REPRESENTATION_CONTEXT() REPRESENTATION_CONTEXT('2D SPACE',''
  ) );
#6287 = PCURVE('',#1258,#6288);
#6288 = DEFINITIONAL_REPRESENTATION('',(#6289),#6293);
#6289 = LINE('',#6290,#6291);
#6290 = CARTESIAN_POINT('',(-1.337849255252,1.287122936138));
#6291 = VECTOR('',#6292,1.);
#6292 = DIRECTION('',(0.,-1.));
#6293 = ( GEOMETRIC_REPRESENTATION_CONTEXT(2) 
PARAMETRIC_REPRESENTATION_CONTEXT() REPRESENTATION_CONTEXT('2D SPACE',''
  ) );
#6294 = ADVANCED_FACE('',(#6295),#1258,.T.);
#6295 = FACE_BOUND('',#6296,.T.);
#6296 = EDGE_LOOP('',(#6297,#6298,#6321,#6344,#6372,#6393,#6394,#6395));
#6297 = ORIENTED_EDGE('',*,*,#1242,.F.);
#6298 = ORIENTED_EDGE('',*,*,#6299,.F.);
#6299 = EDGE_CURVE('',#6300,#1215,#6302,.T.);
#6300 = VERTEX_POINT('',#6301);
#6301 = CARTESIAN_POINT('',(348.79998779296,13.35000038147,81.75));
#6302 = SURFACE_CURVE('',#6303,(#6307,#6314),.PCURVE_S1.);
#6303 = LINE('',#6304,#6305);
#6304 = CARTESIAN_POINT('',(348.79998779296,13.35000038147,81.75));
#6305 = VECTOR('',#6306,1.);
#6306 = DIRECTION('',(0.,0.,1.));
#6307 = PCURVE('',#1258,#6308);
#6308 = DEFINITIONAL_REPRESENTATION('',(#6309),#6313);
#6309 = LINE('',#6310,#6311);
#6310 = CARTESIAN_POINT('',(-2.645275707889,1.31838438023));
#6311 = VECTOR('',#6312,1.);
#6312 = DIRECTION('',(1.,0.));
#6313 = ( GEOMETRIC_REPRESENTATION_CONTEXT(2) 
PARAMETRIC_REPRESENTATION_CONTEXT() REPRESENTATION_CONTEXT('2D SPACE',''
  ) );
#6314 = PCURVE('',#1230,#6315);
#6315 = DEFINITIONAL_REPRESENTATION('',(#6316),#6320);
#6316 = LINE('',#6317,#6318);
#6317 = CARTESIAN_POINT('',(-7.225799560547E-02,-0.516906738281));
#6318 = VECTOR('',#6319,1.);
#6319 = DIRECTION('',(1.,0.));
#6320 = ( GEOMETRIC_REPRESENTATION_CONTEXT(2) 
PARAMETRIC_REPRESENTATION_CONTEXT() REPRESENTATION_CONTEXT('2D SPACE',''
  ) );
#6321 = ORIENTED_EDGE('',*,*,#6322,.F.);
#6322 = EDGE_CURVE('',#6323,#6300,#6325,.T.);
#6323 = VERTEX_POINT('',#6324);
#6324 = CARTESIAN_POINT('',(348.79998779296,15.949999809265,81.75));
#6325 = SURFACE_CURVE('',#6326,(#6330,#6337),.PCURVE_S1.);
#6326 = LINE('',#6327,#6328);
#6327 = CARTESIAN_POINT('',(348.79998779296,15.949999809265,81.75));
#6328 = VECTOR('',#6329,1.);
#6329 = DIRECTION('',(0.,-1.,0.));
#6330 = PCURVE('',#1258,#6331);
#6331 = DEFINITIONAL_REPRESENTATION('',(#6332),#6336);
#6332 = LINE('',#6333,#6334);
#6333 = CARTESIAN_POINT('',(-2.645275707889,-1.281615047565));
#6334 = VECTOR('',#6335,1.);
#6335 = DIRECTION('',(0.,1.));
#6336 = ( GEOMETRIC_REPRESENTATION_CONTEXT(2) 
PARAMETRIC_REPRESENTATION_CONTEXT() REPRESENTATION_CONTEXT('2D SPACE',''
  ) );
#6337 = PCURVE('',#44,#6338);
#6338 = DEFINITIONAL_REPRESENTATION('',(#6339),#6343);
#6339 = LINE('',#6340,#6341);
#6340 = CARTESIAN_POINT('',(-1.282657916269,-1.212303572778));
#6341 = VECTOR('',#6342,1.);
#6342 = DIRECTION('',(1.,0.));
#6343 = ( GEOMETRIC_REPRESENTATION_CONTEXT(2) 
PARAMETRIC_REPRESENTATION_CONTEXT() REPRESENTATION_CONTEXT('2D SPACE',''
  ) );
#6344 = ORIENTED_EDGE('',*,*,#6345,.F.);
#6345 = EDGE_CURVE('',#6346,#6323,#6348,.T.);
#6346 = VERTEX_POINT('',#6347);
#6347 = CARTESIAN_POINT('',(348.79998779296,15.949999809265,86.));
#6348 = SURFACE_CURVE('',#6349,(#6353,#6360),.PCURVE_S1.);
#6349 = LINE('',#6350,#6351);
#6350 = CARTESIAN_POINT('',(348.79998779296,15.949999809265,86.));
#6351 = VECTOR('',#6352,1.);
#6352 = DIRECTION('',(0.,0.,-1.));
#6353 = PCURVE('',#1258,#6354);
#6354 = DEFINITIONAL_REPRESENTATION('',(#6355),#6359);
#6355 = LINE('',#6356,#6357);
#6356 = CARTESIAN_POINT('',(1.604724292111,-1.281615047565));
#6357 = VECTOR('',#6358,1.);
#6358 = DIRECTION('',(-1.,0.));
#6359 = ( GEOMETRIC_REPRESENTATION_CONTEXT(2) 
PARAMETRIC_REPRESENTATION_CONTEXT() REPRESENTATION_CONTEXT('2D SPACE',''
  ) );
#6360 = PCURVE('',#6361,#6366);
#6361 = PLANE('',#6362);
#6362 = AXIS2_PLACEMENT_3D('',#6363,#6364,#6365);
#6363 = CARTESIAN_POINT('',(346.35169306035,15.949999809265,
    83.87726487558));
#6364 = DIRECTION('',(0.,1.,0.));
#6365 = DIRECTION('',(0.,0.,-1.));
#6366 = DEFINITIONAL_REPRESENTATION('',(#6367),#6371);
#6367 = LINE('',#6368,#6369);
#6368 = CARTESIAN_POINT('',(-2.12273512442,-2.448294732619));
#6369 = VECTOR('',#6370,1.);
#6370 = DIRECTION('',(1.,0.));
#6371 = ( GEOMETRIC_REPRESENTATION_CONTEXT(2) 
PARAMETRIC_REPRESENTATION_CONTEXT() REPRESENTATION_CONTEXT('2D SPACE',''
  ) );
#6372 = ORIENTED_EDGE('',*,*,#6373,.F.);
#6373 = EDGE_CURVE('',#6203,#6346,#6374,.T.);
#6374 = SURFACE_CURVE('',#6375,(#6379,#6386),.PCURVE_S1.);
#6375 = LINE('',#6376,#6377);
#6376 = CARTESIAN_POINT('',(348.79998779296,13.381261825562,86.));
#6377 = VECTOR('',#6378,1.);
#6378 = DIRECTION('',(0.,1.,0.));
#6379 = PCURVE('',#1258,#6380);
#6380 = DEFINITIONAL_REPRESENTATION('',(#6381),#6385);
#6381 = LINE('',#6382,#6383);
#6382 = CARTESIAN_POINT('',(1.604724292111,1.287122936138));
#6383 = VECTOR('',#6384,1.);
#6384 = DIRECTION('',(0.,-1.));
#6385 = ( GEOMETRIC_REPRESENTATION_CONTEXT(2) 
PARAMETRIC_REPRESENTATION_CONTEXT() REPRESENTATION_CONTEXT('2D SPACE',''
  ) );
#6386 = PCURVE('',#291,#6387);
#6387 = DEFINITIONAL_REPRESENTATION('',(#6388),#6392);
#6388 = LINE('',#6389,#6390);
#6389 = CARTESIAN_POINT('',(6.922632603951,-4.008580453319));
#6390 = VECTOR('',#6391,1.);
#6391 = DIRECTION('',(-1.,-0.));
#6392 = ( GEOMETRIC_REPRESENTATION_CONTEXT(2) 
PARAMETRIC_REPRESENTATION_CONTEXT() REPRESENTATION_CONTEXT('2D SPACE',''
  ) );
#6393 = ORIENTED_EDGE('',*,*,#6200,.F.);
#6394 = ORIENTED_EDGE('',*,*,#6274,.T.);
#6395 = ORIENTED_EDGE('',*,*,#6019,.T.);
#6396 = ADVANCED_FACE('',(#6397),#6361,.T.);
#6397 = FACE_BOUND('',#6398,.T.);
#6398 = EDGE_LOOP('',(#6399,#6424,#6445,#6446,#6469,#6586));
#6399 = ORIENTED_EDGE('',*,*,#6400,.F.);
#6400 = EDGE_CURVE('',#6401,#6403,#6405,.T.);
#6401 = VERTEX_POINT('',#6402);
#6402 = CARTESIAN_POINT('',(343.89999389648,15.949999809265,86.));
#6403 = VERTEX_POINT('',#6404);
#6404 = CARTESIAN_POINT('',(343.89999389648,15.949999809265,81.75));
#6405 = SURFACE_CURVE('',#6406,(#6410,#6417),.PCURVE_S1.);
#6406 = LINE('',#6407,#6408);
#6407 = CARTESIAN_POINT('',(343.89999389648,15.949999809265,86.));
#6408 = VECTOR('',#6409,1.);
#6409 = DIRECTION('',(0.,0.,-1.));
#6410 = PCURVE('',#6361,#6411);
#6411 = DEFINITIONAL_REPRESENTATION('',(#6412),#6416);
#6412 = LINE('',#6413,#6414);
#6413 = CARTESIAN_POINT('',(-2.12273512442,2.451699163866));
#6414 = VECTOR('',#6415,1.);
#6415 = DIRECTION('',(1.,0.));
#6416 = ( GEOMETRIC_REPRESENTATION_CONTEXT(2) 
PARAMETRIC_REPRESENTATION_CONTEXT() REPRESENTATION_CONTEXT('2D SPACE',''
  ) );
#6417 = PCURVE('',#375,#6418);
#6418 = DEFINITIONAL_REPRESENTATION('',(#6419),#6423);
#6419 = LINE('',#6420,#6421);
#6420 = CARTESIAN_POINT('',(-1.525841504227,-1.280670118202));
#6421 = VECTOR('',#6422,1.);
#6422 = DIRECTION('',(1.,0.));
#6423 = ( GEOMETRIC_REPRESENTATION_CONTEXT(2) 
PARAMETRIC_REPRESENTATION_CONTEXT() REPRESENTATION_CONTEXT('2D SPACE',''
  ) );
#6424 = ORIENTED_EDGE('',*,*,#6425,.F.);
#6425 = EDGE_CURVE('',#6346,#6401,#6426,.T.);
#6426 = SURFACE_CURVE('',#6427,(#6431,#6438),.PCURVE_S1.);
#6427 = LINE('',#6428,#6429);
#6428 = CARTESIAN_POINT('',(348.79998779296,15.949999809265,86.));
#6429 = VECTOR('',#6430,1.);
#6430 = DIRECTION('',(-1.,0.,0.));
#6431 = PCURVE('',#6361,#6432);
#6432 = DEFINITIONAL_REPRESENTATION('',(#6433),#6437);
#6433 = LINE('',#6434,#6435);
#6434 = CARTESIAN_POINT('',(-2.12273512442,-2.448294732619));
#6435 = VECTOR('',#6436,1.);
#6436 = DIRECTION('',(0.,1.));
#6437 = ( GEOMETRIC_REPRESENTATION_CONTEXT(2) 
PARAMETRIC_REPRESENTATION_CONTEXT() REPRESENTATION_CONTEXT('2D SPACE',''
  ) );
#6438 = PCURVE('',#291,#6439);
#6439 = DEFINITIONAL_REPRESENTATION('',(#6440),#6444);
#6440 = LINE('',#6441,#6442);
#6441 = CARTESIAN_POINT('',(4.353894620248,-4.008580453319));
#6442 = VECTOR('',#6443,1.);
#6443 = DIRECTION('',(0.,1.));
#6444 = ( GEOMETRIC_REPRESENTATION_CONTEXT(2) 
PARAMETRIC_REPRESENTATION_CONTEXT() REPRESENTATION_CONTEXT('2D SPACE',''
  ) );
#6445 = ORIENTED_EDGE('',*,*,#6345,.T.);
#6446 = ORIENTED_EDGE('',*,*,#6447,.T.);
#6447 = EDGE_CURVE('',#6323,#6448,#6450,.T.);
#6448 = VERTEX_POINT('',#6449);
#6449 = CARTESIAN_POINT('',(345.17453002929,15.949999809265,81.75));
#6450 = SURFACE_CURVE('',#6451,(#6455,#6462),.PCURVE_S1.);
#6451 = LINE('',#6452,#6453);
#6452 = CARTESIAN_POINT('',(348.79998779296,15.949999809265,81.75));
#6453 = VECTOR('',#6454,1.);
#6454 = DIRECTION('',(-1.,0.,0.));
#6455 = PCURVE('',#6361,#6456);
#6456 = DEFINITIONAL_REPRESENTATION('',(#6457),#6461);
#6457 = LINE('',#6458,#6459);
#6458 = CARTESIAN_POINT('',(2.12726487558,-2.448294732619));
#6459 = VECTOR('',#6460,1.);
#6460 = DIRECTION('',(0.,1.));
#6461 = ( GEOMETRIC_REPRESENTATION_CONTEXT(2) 
PARAMETRIC_REPRESENTATION_CONTEXT() REPRESENTATION_CONTEXT('2D SPACE',''
  ) );
#6462 = PCURVE('',#44,#6463);
#6463 = DEFINITIONAL_REPRESENTATION('',(#6464),#6468);
#6464 = LINE('',#6465,#6466);
#6465 = CARTESIAN_POINT('',(-1.282657916269,-1.212303572778));
#6466 = VECTOR('',#6467,1.);
#6467 = DIRECTION('',(0.,1.));
#6468 = ( GEOMETRIC_REPRESENTATION_CONTEXT(2) 
PARAMETRIC_REPRESENTATION_CONTEXT() REPRESENTATION_CONTEXT('2D SPACE',''
  ) );
#6469 = ORIENTED_EDGE('',*,*,#6470,.F.);
#6470 = EDGE_CURVE('',#6471,#6448,#6473,.T.);
#6471 = VERTEX_POINT('',#6472);
#6472 = CARTESIAN_POINT('',(344.37414550781,15.949999809265,81.75));
#6473 = SURFACE_CURVE('',#6474,(#6494,#6517),.PCURVE_S1.);
#6474 = B_SPLINE_CURVE_WITH_KNOTS('',3,(#6475,#6476,#6477,#6478,#6479,
    #6480,#6481,#6482,#6483,#6484,#6485,#6486,#6487,#6488,#6489,#6490,
    #6491,#6492,#6493),.UNSPECIFIED.,.F.,.F.,(4,1,1,1,1,1,1,1,1,1,1,1,1,
    1,1,1,4),(0.,2.597713350228E-02,5.174526170448E-02,
    7.748929732882E-02,0.103201936498,0.16166295391,0.220231740971,
    0.278800571652,0.337261666551,0.395722262622,0.454290643466,
    0.512859032361,0.57131964275,0.630259429817,0.689311547942,
    0.748365465714,0.8073085727),.UNSPECIFIED.);
#6475 = CARTESIAN_POINT('',(344.37414550781,15.949999809265,81.75));
#6476 = CARTESIAN_POINT('',(344.38207663889,15.949999809265,
    81.753774485789));
#6477 = CARTESIAN_POINT('',(344.39847782916,15.949999809265,
    81.759054069444));
#6478 = CARTESIAN_POINT('',(344.42404935242,15.949999809265,
    81.763170871313));
#6479 = CARTESIAN_POINT('',(344.44936326805,15.949999809265,
    81.767741162556));
#6480 = CARTESIAN_POINT('',(344.4854725653,15.949999809265,
    81.774006685298));
#6481 = CARTESIAN_POINT('',(344.53267632268,15.949999809265,
    81.780073299222));
#6482 = CARTESIAN_POINT('',(344.59085364691,15.949999809265,
    81.786569711704));
#6483 = CARTESIAN_POINT('',(344.64923336302,15.949999809265,
    81.790912625847));
#6484 = CARTESIAN_POINT('',(344.70765810838,15.949999809265,
    81.794056111956));
#6485 = CARTESIAN_POINT('',(344.76616582231,15.949999809265,
    81.794518959745));
#6486 = CARTESIAN_POINT('',(344.82470062837,15.949999809265,
    81.793765211706));
#6487 = CARTESIAN_POINT('',(344.88317113566,15.949999809265,
    81.790916365605));
#6488 = CARTESIAN_POINT('',(344.94169785809,15.949999809265,
    81.786837439003));
#6489 = CARTESIAN_POINT('',(345.00013887556,15.949999809265,
    81.780073778028));
#6490 = CARTESIAN_POINT('',(345.05860749586,15.949999809265,
    81.77201870273));
#6491 = CARTESIAN_POINT('',(345.11677536153,15.949999809265,
    81.761981415932));
#6492 = CARTESIAN_POINT('',(345.1553310657,15.949999809265,
    81.754175489689));
#6493 = CARTESIAN_POINT('',(345.17453002929,15.949999809265,81.75));
#6494 = PCURVE('',#6361,#6495);
#6495 = DEFINITIONAL_REPRESENTATION('',(#6496),#6516);
#6496 = B_SPLINE_CURVE_WITH_KNOTS('',3,(#6497,#6498,#6499,#6500,#6501,
    #6502,#6503,#6504,#6505,#6506,#6507,#6508,#6509,#6510,#6511,#6512,
    #6513,#6514,#6515),.UNSPECIFIED.,.F.,.F.,(4,1,1,1,1,1,1,1,1,1,1,1,1,
    1,1,1,4),(0.,2.597713350228E-02,5.174526170448E-02,
    7.748929732882E-02,0.103201936498,0.16166295391,0.220231740971,
    0.278800571652,0.337261666551,0.395722262622,0.454290643466,
    0.512859032361,0.57131964275,0.630259429817,0.689311547942,
    0.748365465714,0.8073085727),.UNSPECIFIED.);
#6497 = CARTESIAN_POINT('',(2.12726487558,1.977547552538));
#6498 = CARTESIAN_POINT('',(2.123490389791,1.969616421453));
#6499 = CARTESIAN_POINT('',(2.118210806137,1.953215231187));
#6500 = CARTESIAN_POINT('',(2.114094004268,1.927643707924));
#6501 = CARTESIAN_POINT('',(2.109523713024,1.902329792292));
#6502 = CARTESIAN_POINT('',(2.103258190282,1.866220495047));
#6503 = CARTESIAN_POINT('',(2.097191576358,1.819016737665));
#6504 = CARTESIAN_POINT('',(2.090695163876,1.760839413433));
#6505 = CARTESIAN_POINT('',(2.086352249733,1.702459697329));
#6506 = CARTESIAN_POINT('',(2.083208763624,1.644034951963));
#6507 = CARTESIAN_POINT('',(2.082745915835,1.585527238037));
#6508 = CARTESIAN_POINT('',(2.083499663874,1.526992431974));
#6509 = CARTESIAN_POINT('',(2.086348509976,1.468521924689));
#6510 = CARTESIAN_POINT('',(2.090427436577,1.409995202253));
#6511 = CARTESIAN_POINT('',(2.097191097552,1.35155418479));
#6512 = CARTESIAN_POINT('',(2.10524617285,1.293085564482));
#6513 = CARTESIAN_POINT('',(2.115283459648,1.234917698818));
#6514 = CARTESIAN_POINT('',(2.123089385891,1.19636199465));
#6515 = CARTESIAN_POINT('',(2.12726487558,1.177163031053));
#6516 = ( GEOMETRIC_REPRESENTATION_CONTEXT(2) 
PARAMETRIC_REPRESENTATION_CONTEXT() REPRESENTATION_CONTEXT('2D SPACE',''
  ) );
#6517 = PCURVE('',#455,#6518);
#6518 = DEFINITIONAL_REPRESENTATION('',(#6519),#6585);
#6519 = B_SPLINE_CURVE_WITH_KNOTS('',10,(#6520,#6521,#6522,#6523,#6524,
    #6525,#6526,#6527,#6528,#6529,#6530,#6531,#6532,#6533,#6534,#6535,
    #6536,#6537,#6538,#6539,#6540,#6541,#6542,#6543,#6544,#6545,#6546,
    #6547,#6548,#6549,#6550,#6551,#6552,#6553,#6554,#6555,#6556,#6557,
    #6558,#6559,#6560,#6561,#6562,#6563,#6564,#6565,#6566,#6567,#6568,
    #6569,#6570,#6571,#6572,#6573,#6574,#6575,#6576,#6577,#6578,#6579,
    #6580,#6581,#6582,#6583,#6584),.UNSPECIFIED.,.F.,.F.,(11,9,9,9,9,9,9
    ,11),(0.,6.307098224204E-03,1.88227462629E-02,0.117383474568,
    0.289864749101,0.419225705,0.61326713885,0.8073085727),
  .UNSPECIFIED.);
#6520 = CARTESIAN_POINT('',(4.996966771635,15.950110387185));
#6521 = CARTESIAN_POINT('',(4.997294174777,15.950110387483));
#6522 = CARTESIAN_POINT('',(4.997624112081,15.950110387779));
#6523 = CARTESIAN_POINT('',(4.997950799056,15.950110388071));
#6524 = CARTESIAN_POINT('',(4.99827794484,15.95011038836));
#6525 = CARTESIAN_POINT('',(4.998607272317,15.950110388645));
#6526 = CARTESIAN_POINT('',(4.998936879694,15.950110388926));
#6527 = CARTESIAN_POINT('',(4.999264626123,15.950110389204));
#6528 = CARTESIAN_POINT('',(4.999591723976,15.950110389479));
#6529 = CARTESIAN_POINT('',(4.999921720361,15.950110389751));
#6530 = CARTESIAN_POINT('',(5.000901580535,15.950110390554));
#6531 = CARTESIAN_POINT('',(5.001556995045,15.950110391077));
#6532 = CARTESIAN_POINT('',(5.00220610904,15.950110391548));
#6533 = CARTESIAN_POINT('',(5.002859716536,15.950110392053));
#6534 = CARTESIAN_POINT('',(5.003515864736,15.950110392554));
#6535 = CARTESIAN_POINT('',(5.004169130472,15.950110393012));
#6536 = CARTESIAN_POINT('',(5.004821351802,15.950110393473));
#6537 = CARTESIAN_POINT('',(5.005477103838,15.950110393973));
#6538 = CARTESIAN_POINT('',(5.006132044023,15.950110394412));
#6539 = CARTESIAN_POINT('',(5.011945561393,15.950110398284));
#6540 = CARTESIAN_POINT('',(5.017137176208,15.950110401711));
#6541 = CARTESIAN_POINT('',(5.022287208889,15.950110400678));
#6542 = CARTESIAN_POINT('',(5.027634771392,15.950110406615));
#6543 = CARTESIAN_POINT('',(5.032612548294,15.950110408943));
#6544 = CARTESIAN_POINT('',(5.037949928545,15.950110418722));
#6545 = CARTESIAN_POINT('',(5.043063381873,15.950110410457));
#6546 = CARTESIAN_POINT('',(5.048277292859,15.950110417529));
#6547 = CARTESIAN_POINT('',(5.053458365378,15.950110419089));
#6548 = CARTESIAN_POINT('',(5.067724178135,15.950110425687));
#6549 = CARTESIAN_POINT('',(5.076793902821,15.950110429854));
#6550 = CARTESIAN_POINT('',(5.085899437294,15.950110430596));
#6551 = CARTESIAN_POINT('',(5.094934372985,15.950110436883));
#6552 = CARTESIAN_POINT('',(5.104068004785,15.950110435486));
#6553 = CARTESIAN_POINT('',(5.113101125721,15.950110445498));
#6554 = CARTESIAN_POINT('',(5.122197488218,15.950110445498));
#6555 = CARTESIAN_POINT('',(5.131273071981,15.950110451377));
#6556 = CARTESIAN_POINT('',(5.140352722644,15.950110454279));
#6557 = CARTESIAN_POINT('',(5.156241459799,15.950110459562));
#6558 = CARTESIAN_POINT('',(5.163050311988,15.950110461763));
#6559 = CARTESIAN_POINT('',(5.169857985207,15.95011046388));
#6560 = CARTESIAN_POINT('',(5.176665047045,15.950110465883));
#6561 = CARTESIAN_POINT('',(5.18347238097,15.950110467755));
#6562 = CARTESIAN_POINT('',(5.190280629997,15.950110469508));
#6563 = CARTESIAN_POINT('',(5.197089908111,15.950110471174));
#6564 = CARTESIAN_POINT('',(5.20389977944,15.950110472791));
#6565 = CARTESIAN_POINT('',(5.210709505184,15.950110474376));
#6566 = CARTESIAN_POINT('',(5.227732137975,15.95011047814));
#6567 = CARTESIAN_POINT('',(5.237945501825,15.950110480276));
#6568 = CARTESIAN_POINT('',(5.248155994466,15.9501104821));
#6569 = CARTESIAN_POINT('',(5.258369117893,15.95011048373));
#6570 = CARTESIAN_POINT('',(5.268585860415,15.950110485285));
#6571 = CARTESIAN_POINT('',(5.278802054561,15.950110486769));
#6572 = CARTESIAN_POINT('',(5.289013735655,15.950110488076));
#6573 = CARTESIAN_POINT('',(5.299222472772,15.95011048908));
#6574 = CARTESIAN_POINT('',(5.30943464377,15.95011048976));
#6575 = CARTESIAN_POINT('',(5.329862608443,15.950110490851));
#6576 = CARTESIAN_POINT('',(5.340076592552,15.950110491224));
#6577 = CARTESIAN_POINT('',(5.350290714253,15.950110491535));
#6578 = CARTESIAN_POINT('',(5.360503393902,15.950110491662));
#6579 = CARTESIAN_POINT('',(5.370715258766,15.950110491534));
#6580 = CARTESIAN_POINT('',(5.380928351089,15.950110491187));
#6581 = CARTESIAN_POINT('',(5.391143455925,15.950110490693));
#6582 = CARTESIAN_POINT('',(5.401358382831,15.950110490062));
#6583 = CARTESIAN_POINT('',(5.411570035507,15.950110489233));
#6584 = CARTESIAN_POINT('',(5.421783103481,15.950110488243));
#6585 = ( GEOMETRIC_REPRESENTATION_CONTEXT(2) 
PARAMETRIC_REPRESENTATION_CONTEXT() REPRESENTATION_CONTEXT('2D SPACE',''
  ) );
#6586 = ORIENTED_EDGE('',*,*,#6587,.F.);
#6587 = EDGE_CURVE('',#6403,#6471,#6588,.T.);
#6588 = SURFACE_CURVE('',#6589,(#6593,#6600),.PCURVE_S1.);
#6589 = LINE('',#6590,#6591);
#6590 = CARTESIAN_POINT('',(343.89999389648,15.949999809265,81.75));
#6591 = VECTOR('',#6592,1.);
#6592 = DIRECTION('',(1.,0.,0.));
#6593 = PCURVE('',#6361,#6594);
#6594 = DEFINITIONAL_REPRESENTATION('',(#6595),#6599);
#6595 = LINE('',#6596,#6597);
#6596 = CARTESIAN_POINT('',(2.12726487558,2.451699163866));
#6597 = VECTOR('',#6598,1.);
#6598 = DIRECTION('',(0.,-1.));
#6599 = ( GEOMETRIC_REPRESENTATION_CONTEXT(2) 
PARAMETRIC_REPRESENTATION_CONTEXT() REPRESENTATION_CONTEXT('2D SPACE',''
  ) );
#6600 = PCURVE('',#403,#6601);
#6601 = DEFINITIONAL_REPRESENTATION('',(#6602),#6606);
#6602 = LINE('',#6603,#6604);
#6603 = CARTESIAN_POINT('',(-9.372949763964E-03,0.237093897069));
#6604 = VECTOR('',#6605,1.);
#6605 = DIRECTION('',(0.,-1.));
#6606 = ( GEOMETRIC_REPRESENTATION_CONTEXT(2) 
PARAMETRIC_REPRESENTATION_CONTEXT() REPRESENTATION_CONTEXT('2D SPACE',''
  ) );
#6607 = ADVANCED_FACE('',(#6608),#1230,.T.);
#6608 = FACE_BOUND('',#6609,.T.);
#6609 = EDGE_LOOP('',(#6610,#6611,#6634,#6655));
#6610 = ORIENTED_EDGE('',*,*,#1214,.F.);
#6611 = ORIENTED_EDGE('',*,*,#6612,.F.);
#6612 = EDGE_CURVE('',#6613,#1192,#6615,.T.);
#6613 = VERTEX_POINT('',#6614);
#6614 = CARTESIAN_POINT('',(347.7661743164,13.35000038147,81.75));
#6615 = SURFACE_CURVE('',#6616,(#6620,#6627),.PCURVE_S1.);
#6616 = LINE('',#6617,#6618);
#6617 = CARTESIAN_POINT('',(347.7661743164,13.35000038147,81.75));
#6618 = VECTOR('',#6619,1.);
#6619 = DIRECTION('',(0.,0.,1.));
#6620 = PCURVE('',#1230,#6621);
#6621 = DEFINITIONAL_REPRESENTATION('',(#6622),#6626);
#6622 = LINE('',#6623,#6624);
#6623 = CARTESIAN_POINT('',(-7.225799560547E-02,0.516906738281));
#6624 = VECTOR('',#6625,1.);
#6625 = DIRECTION('',(1.,0.));
#6626 = ( GEOMETRIC_REPRESENTATION_CONTEXT(2) 
PARAMETRIC_REPRESENTATION_CONTEXT() REPRESENTATION_CONTEXT('2D SPACE',''
  ) );
#6627 = PCURVE('',#1015,#6628);
#6628 = DEFINITIONAL_REPRESENTATION('',(#6629),#6633);
#6629 = LINE('',#6630,#6631);
#6630 = CARTESIAN_POINT('',(0.916983756153,1.067380614592));
#6631 = VECTOR('',#6632,1.);
#6632 = DIRECTION('',(1.,0.));
#6633 = ( GEOMETRIC_REPRESENTATION_CONTEXT(2) 
PARAMETRIC_REPRESENTATION_CONTEXT() REPRESENTATION_CONTEXT('2D SPACE',''
  ) );
#6634 = ORIENTED_EDGE('',*,*,#6635,.T.);
#6635 = EDGE_CURVE('',#6613,#6300,#6636,.T.);
#6636 = SURFACE_CURVE('',#6637,(#6641,#6648),.PCURVE_S1.);
#6637 = LINE('',#6638,#6639);
#6638 = CARTESIAN_POINT('',(347.7661743164,13.35000038147,81.75));
#6639 = VECTOR('',#6640,1.);
#6640 = DIRECTION('',(1.,0.,0.));
#6641 = PCURVE('',#1230,#6642);
#6642 = DEFINITIONAL_REPRESENTATION('',(#6643),#6647);
#6643 = LINE('',#6644,#6645);
#6644 = CARTESIAN_POINT('',(-7.225799560547E-02,0.516906738281));
#6645 = VECTOR('',#6646,1.);
#6646 = DIRECTION('',(0.,-1.));
#6647 = ( GEOMETRIC_REPRESENTATION_CONTEXT(2) 
PARAMETRIC_REPRESENTATION_CONTEXT() REPRESENTATION_CONTEXT('2D SPACE',''
  ) );
#6648 = PCURVE('',#44,#6649);
#6649 = DEFINITIONAL_REPRESENTATION('',(#6650),#6654);
#6650 = LINE('',#6651,#6652);
#6651 = CARTESIAN_POINT('',(1.317341511527,-0.178490096216));
#6652 = VECTOR('',#6653,1.);
#6653 = DIRECTION('',(0.,-1.));
#6654 = ( GEOMETRIC_REPRESENTATION_CONTEXT(2) 
PARAMETRIC_REPRESENTATION_CONTEXT() REPRESENTATION_CONTEXT('2D SPACE',''
  ) );
#6655 = ORIENTED_EDGE('',*,*,#6299,.T.);
#6656 = ADVANCED_FACE('',(#6657),#1179,.T.);
#6657 = FACE_BOUND('',#6658,.T.);
#6658 = EDGE_LOOP('',(#6659,#6682,#6683,#6706));
#6659 = ORIENTED_EDGE('',*,*,#6660,.T.);
#6660 = EDGE_CURVE('',#6661,#1164,#6663,.T.);
#6661 = VERTEX_POINT('',#6662);
#6662 = CARTESIAN_POINT('',(347.7661743164,12.931258201599,
    79.894523620605));
#6663 = SURFACE_CURVE('',#6664,(#6668,#6675),.PCURVE_S1.);
#6664 = LINE('',#6665,#6666);
#6665 = CARTESIAN_POINT('',(347.7661743164,12.931258201599,
    79.894523620605));
#6666 = VECTOR('',#6667,1.);
#6667 = DIRECTION('',(0.,0.,1.));
#6668 = PCURVE('',#1179,#6669);
#6669 = DEFINITIONAL_REPRESENTATION('',(#6670),#6674);
#6670 = LINE('',#6671,#6672);
#6671 = CARTESIAN_POINT('',(-2.999999999939,-0.227356815856));
#6672 = VECTOR('',#6673,1.);
#6673 = DIRECTION('',(-1.262177448354E-29,-1.));
#6674 = ( GEOMETRIC_REPRESENTATION_CONTEXT(2) 
PARAMETRIC_REPRESENTATION_CONTEXT() REPRESENTATION_CONTEXT('2D SPACE',''
  ) );
#6675 = PCURVE('',#1015,#6676);
#6676 = DEFINITIONAL_REPRESENTATION('',(#6677),#6681);
#6677 = LINE('',#6678,#6679);
#6678 = CARTESIAN_POINT('',(-0.938492623241,1.486122794462));
#6679 = VECTOR('',#6680,1.);
#6680 = DIRECTION('',(1.,0.));
#6681 = ( GEOMETRIC_REPRESENTATION_CONTEXT(2) 
PARAMETRIC_REPRESENTATION_CONTEXT() REPRESENTATION_CONTEXT('2D SPACE',''
  ) );
#6682 = ORIENTED_EDGE('',*,*,#1163,.F.);
#6683 = ORIENTED_EDGE('',*,*,#6684,.T.);
#6684 = EDGE_CURVE('',#1141,#6685,#6687,.T.);
#6685 = VERTEX_POINT('',#6686);
#6686 = CARTESIAN_POINT('',(341.7661743164,12.931265830994,
    79.894523620605));
#6687 = SURFACE_CURVE('',#6688,(#6692,#6699),.PCURVE_S1.);
#6688 = LINE('',#6689,#6690);
#6689 = CARTESIAN_POINT('',(341.7661743164,12.931265830994,
    81.894515991211));
#6690 = VECTOR('',#6691,1.);
#6691 = DIRECTION('',(0.,0.,-1.));
#6692 = PCURVE('',#1179,#6693);
#6693 = DEFINITIONAL_REPRESENTATION('',(#6694),#6698);
#6694 = LINE('',#6695,#6696);
#6695 = CARTESIAN_POINT('',(3.000000000064,-2.227349186462));
#6696 = VECTOR('',#6697,1.);
#6697 = DIRECTION('',(1.262177448354E-29,1.));
#6698 = ( GEOMETRIC_REPRESENTATION_CONTEXT(2) 
PARAMETRIC_REPRESENTATION_CONTEXT() REPRESENTATION_CONTEXT('2D SPACE',''
  ) );
#6699 = PCURVE('',#1075,#6700);
#6700 = DEFINITIONAL_REPRESENTATION('',(#6701),#6705);
#6701 = LINE('',#6702,#6703);
#6702 = CARTESIAN_POINT('',(-0.999996185303,1.50000333786));
#6703 = VECTOR('',#6704,1.);
#6704 = DIRECTION('',(1.,0.));
#6705 = ( GEOMETRIC_REPRESENTATION_CONTEXT(2) 
PARAMETRIC_REPRESENTATION_CONTEXT() REPRESENTATION_CONTEXT('2D SPACE',''
  ) );
#6706 = ORIENTED_EDGE('',*,*,#6707,.T.);
#6707 = EDGE_CURVE('',#6685,#6661,#6708,.T.);
#6708 = SURFACE_CURVE('',#6709,(#6714,#6721),.PCURVE_S1.);
#6709 = CIRCLE('',#6710,3.000000000012);
#6710 = AXIS2_PLACEMENT_3D('',#6711,#6712,#6713);
#6711 = CARTESIAN_POINT('',(344.7661743164,12.931262016296,
    79.894515991223));
#6712 = DIRECTION('',(-1.271565755207E-06,-0.999999999999,0.));
#6713 = DIRECTION('',(-0.999999999996,1.271565755203E-06,
    2.543127469787E-06));
#6714 = PCURVE('',#1179,#6715);
#6715 = DEFINITIONAL_REPRESENTATION('',(#6716),#6720);
#6716 = CIRCLE('',#6717,3.000000000011);
#6717 = AXIS2_PLACEMENT_2D('',#6718,#6719);
#6718 = CARTESIAN_POINT('',(6.278007164118E-11,-0.227349186474));
#6719 = DIRECTION('',(0.999999999997,-2.543127714969E-06));
#6720 = ( GEOMETRIC_REPRESENTATION_CONTEXT(2) 
PARAMETRIC_REPRESENTATION_CONTEXT() REPRESENTATION_CONTEXT('2D SPACE',''
  ) );
#6721 = PCURVE('',#1044,#6722);
#6722 = DEFINITIONAL_REPRESENTATION('',(#6723),#6730);
#6723 = B_SPLINE_CURVE_WITH_KNOTS('',5,(#6724,#6725,#6726,#6727,#6728,
    #6729),.UNSPECIFIED.,.F.,.F.,(6,6),(0.,3.141597739845),
  .PIECEWISE_BEZIER_KNOTS.);
#6724 = CARTESIAN_POINT('',(1.57079141059,-12.93126583099));
#6725 = CARTESIAN_POINT('',(2.199111252761,-12.931265831));
#6726 = CARTESIAN_POINT('',(2.827430838419,-12.93126396611));
#6727 = CARTESIAN_POINT('',(3.455754468761,-12.93126006647));
#6728 = CARTESIAN_POINT('',(4.084074054419,-12.93125820159));
#6729 = CARTESIAN_POINT('',(4.71239389659,-12.93125820159));
#6730 = ( GEOMETRIC_REPRESENTATION_CONTEXT(2) 
PARAMETRIC_REPRESENTATION_CONTEXT() REPRESENTATION_CONTEXT('2D SPACE',''
  ) );
#6731 = ADVANCED_FACE('',(#6732),#1075,.T.);
#6732 = FACE_BOUND('',#6733,.T.);
#6733 = EDGE_LOOP('',(#6734,#6735,#6736,#6737));
#6734 = ORIENTED_EDGE('',*,*,#6684,.F.);
#6735 = ORIENTED_EDGE('',*,*,#1140,.F.);
#6736 = ORIENTED_EDGE('',*,*,#1059,.F.);
#6737 = ORIENTED_EDGE('',*,*,#6738,.F.);
#6738 = EDGE_CURVE('',#6685,#1028,#6739,.T.);
#6739 = SURFACE_CURVE('',#6740,(#6744,#6751),.PCURVE_S1.);
#6740 = LINE('',#6741,#6742);
#6741 = CARTESIAN_POINT('',(341.7661743164,12.931265830994,
    79.894523620605));
#6742 = VECTOR('',#6743,1.);
#6743 = DIRECTION('',(0.,1.,0.));
#6744 = PCURVE('',#1075,#6745);
#6745 = DEFINITIONAL_REPRESENTATION('',(#6746),#6750);
#6746 = LINE('',#6747,#6748);
#6747 = CARTESIAN_POINT('',(0.999996185303,1.50000333786));
#6748 = VECTOR('',#6749,1.);
#6749 = DIRECTION('',(0.,-1.));
#6750 = ( GEOMETRIC_REPRESENTATION_CONTEXT(2) 
PARAMETRIC_REPRESENTATION_CONTEXT() REPRESENTATION_CONTEXT('2D SPACE',''
  ) );
#6751 = PCURVE('',#1044,#6752);
#6752 = DEFINITIONAL_REPRESENTATION('',(#6753),#6757);
#6753 = LINE('',#6754,#6755);
#6754 = CARTESIAN_POINT('',(1.57079141059,-12.93126583099));
#6755 = VECTOR('',#6756,1.);
#6756 = DIRECTION('',(0.,-1.));
#6757 = ( GEOMETRIC_REPRESENTATION_CONTEXT(2) 
PARAMETRIC_REPRESENTATION_CONTEXT() REPRESENTATION_CONTEXT('2D SPACE',''
  ) );
#6758 = ADVANCED_FACE('',(#6759),#1044,.T.);
#6759 = FACE_BOUND('',#6760,.T.);
#6760 = EDGE_LOOP('',(#6761,#6762,#6763,#6784));
#6761 = ORIENTED_EDGE('',*,*,#6738,.T.);
#6762 = ORIENTED_EDGE('',*,*,#1027,.F.);
#6763 = ORIENTED_EDGE('',*,*,#6764,.T.);
#6764 = EDGE_CURVE('',#1000,#6661,#6765,.T.);
#6765 = SURFACE_CURVE('',#6766,(#6770,#6777),.PCURVE_S1.);
#6766 = LINE('',#6767,#6768);
#6767 = CARTESIAN_POINT('',(347.7661743164,15.931263923645,
    79.894523620605));
#6768 = VECTOR('',#6769,1.);
#6769 = DIRECTION('',(0.,-1.,0.));
#6770 = PCURVE('',#1044,#6771);
#6771 = DEFINITIONAL_REPRESENTATION('',(#6772),#6776);
#6772 = LINE('',#6773,#6774);
#6773 = CARTESIAN_POINT('',(4.71239389659,-15.93126392364));
#6774 = VECTOR('',#6775,1.);
#6775 = DIRECTION('',(0.,1.));
#6776 = ( GEOMETRIC_REPRESENTATION_CONTEXT(2) 
PARAMETRIC_REPRESENTATION_CONTEXT() REPRESENTATION_CONTEXT('2D SPACE',''
  ) );
#6777 = PCURVE('',#1015,#6778);
#6778 = DEFINITIONAL_REPRESENTATION('',(#6779),#6783);
#6779 = LINE('',#6780,#6781);
#6780 = CARTESIAN_POINT('',(-0.938492623241,-1.513882927583));
#6781 = VECTOR('',#6782,1.);
#6782 = DIRECTION('',(0.,1.));
#6783 = ( GEOMETRIC_REPRESENTATION_CONTEXT(2) 
PARAMETRIC_REPRESENTATION_CONTEXT() REPRESENTATION_CONTEXT('2D SPACE',''
  ) );
#6784 = ORIENTED_EDGE('',*,*,#6707,.F.);
#6785 = ADVANCED_FACE('',(#6786),#1015,.T.);
#6786 = FACE_BOUND('',#6787,.T.);
#6787 = EDGE_LOOP('',(#6788,#6789,#6790,#6791,#6792,#6793));
#6788 = ORIENTED_EDGE('',*,*,#6612,.T.);
#6789 = ORIENTED_EDGE('',*,*,#1191,.F.);
#6790 = ORIENTED_EDGE('',*,*,#6660,.F.);
#6791 = ORIENTED_EDGE('',*,*,#6764,.F.);
#6792 = ORIENTED_EDGE('',*,*,#999,.F.);
#6793 = ORIENTED_EDGE('',*,*,#6794,.T.);
#6794 = EDGE_CURVE('',#977,#6613,#6795,.T.);
#6795 = SURFACE_CURVE('',#6796,(#6800,#6807),.PCURVE_S1.);
#6796 = LINE('',#6797,#6798);
#6797 = CARTESIAN_POINT('',(347.7661743164,15.931263923645,81.75));
#6798 = VECTOR('',#6799,1.);
#6799 = DIRECTION('',(0.,-1.,0.));
#6800 = PCURVE('',#1015,#6801);
#6801 = DEFINITIONAL_REPRESENTATION('',(#6802),#6806);
#6802 = LINE('',#6803,#6804);
#6803 = CARTESIAN_POINT('',(0.916983756153,-1.513882927583));
#6804 = VECTOR('',#6805,1.);
#6805 = DIRECTION('',(0.,1.));
#6806 = ( GEOMETRIC_REPRESENTATION_CONTEXT(2) 
PARAMETRIC_REPRESENTATION_CONTEXT() REPRESENTATION_CONTEXT('2D SPACE',''
  ) );
#6807 = PCURVE('',#44,#6808);
#6808 = DEFINITIONAL_REPRESENTATION('',(#6809),#6813);
#6809 = LINE('',#6810,#6811);
#6810 = CARTESIAN_POINT('',(-1.263922030648,-0.178490096216));
#6811 = VECTOR('',#6812,1.);
#6812 = DIRECTION('',(1.,0.));
#6813 = ( GEOMETRIC_REPRESENTATION_CONTEXT(2) 
PARAMETRIC_REPRESENTATION_CONTEXT() REPRESENTATION_CONTEXT('2D SPACE',''
  ) );
#6814 = ADVANCED_FACE('',(#6815),#455,.T.);
#6815 = FACE_BOUND('',#6816,.T.);
#6816 = EDGE_LOOP('',(#6817,#7089,#7116,#7117,#7118,#7173,#7174,#7198,
    #7199,#7200));
#6817 = ORIENTED_EDGE('',*,*,#6818,.T.);
#6818 = EDGE_CURVE('',#6819,#6821,#6823,.T.);
#6819 = VERTEX_POINT('',#6820);
#6820 = CARTESIAN_POINT('',(343.81616210937,21.431253433228,
    81.539970397949));
#6821 = VERTEX_POINT('',#6822);
#6822 = CARTESIAN_POINT('',(345.61306762695,21.431253433228,
    78.193702697754));
#6823 = SURFACE_CURVE('',#6824,(#6829,#7073),.PCURVE_S1.);
#6824 = CIRCLE('',#6825,1.900006035242);
#6825 = AXIS2_PLACEMENT_3D('',#6826,#6827,#6828);
#6826 = CARTESIAN_POINT('',(344.76620259561,21.431253281523,
    79.894538537174));
#6827 = DIRECTION('',(-2.282533810489E-06,-0.999999999997,
    -1.225693209748E-06));
#6828 = DIRECTION('',(-0.500019720264,7.984441602476E-08,0.866014017985)
  );
#6829 = PCURVE('',#455,#6830);
#6830 = DEFINITIONAL_REPRESENTATION('',(#6831),#7072);
#6831 = B_SPLINE_CURVE_WITH_KNOTS('',8,(#6832,#6833,#6834,#6835,#6836,
    #6837,#6838,#6839,#6840,#6841,#6842,#6843,#6844,#6845,#6846,#6847,
    #6848,#6849,#6850,#6851,#6852,#6853,#6854,#6855,#6856,#6857,#6858,
    #6859,#6860,#6861,#6862,#6863,#6864,#6865,#6866,#6867,#6868,#6869,
    #6870,#6871,#6872,#6873,#6874,#6875,#6876,#6877,#6878,#6879,#6880,
    #6881,#6882,#6883,#6884,#6885,#6886,#6887,#6888,#6889,#6890,#6891,
    #6892,#6893,#6894,#6895,#6896,#6897,#6898,#6899,#6900,#6901,#6902,
    #6903,#6904,#6905,#6906,#6907,#6908,#6909,#6910,#6911,#6912,#6913,
    #6914,#6915,#6916,#6917,#6918,#6919,#6920,#6921,#6922,#6923,#6924,
    #6925,#6926,#6927,#6928,#6929,#6930,#6931,#6932,#6933,#6934,#6935,
    #6936,#6937,#6938,#6939,#6940,#6941,#6942,#6943,#6944,#6945,#6946,
    #6947,#6948,#6949,#6950,#6951,#6952,#6953,#6954,#6955,#6956,#6957,
    #6958,#6959,#6960,#6961,#6962,#6963,#6964,#6965,#6966,#6967,#6968,
    #6969,#6970,#6971,#6972,#6973,#6974,#6975,#6976,#6977,#6978,#6979,
    #6980,#6981,#6982,#6983,#6984,#6985,#6986,#6987,#6988,#6989,#6990,
    #6991,#6992,#6993,#6994,#6995,#6996,#6997,#6998,#6999,#7000,#7001,
    #7002,#7003,#7004,#7005,#7006,#7007,#7008,#7009,#7010,#7011,#7012,
    #7013,#7014,#7015,#7016,#7017,#7018,#7019,#7020,#7021,#7022,#7023,
    #7024,#7025,#7026,#7027,#7028,#7029,#7030,#7031,#7032,#7033,#7034,
    #7035,#7036,#7037,#7038,#7039,#7040,#7041,#7042,#7043,#7044,#7045,
    #7046,#7047,#7048,#7049,#7050,#7051,#7052,#7053,#7054,#7055,#7056,
    #7057,#7058,#7059,#7060,#7061,#7062,#7063,#7064,#7065,#7066,#7067,
    #7068,#7069,#7070,#7071),.UNSPECIFIED.,.F.,.F.,(9,7,7,7,7,7,7,7,7,7,
    7,7,7,7,7,7,7,7,7,7,7,7,7,7,7,7,7,7,7,7,7,7,7,7,9),(0.,
    4.812415928246E-02,9.549637857613E-02,0.142128406943,0.188031809867,
    0.233217972121,0.277698100589,0.321483227049,0.364584210909,
    0.407011741896,0.448776342711,0.489888371639,0.530358025115,
    0.610032655395,0.687217453478,0.761990226622,0.834426350605,
    0.904598845713,0.97257845035,1.104288934333,1.227767513067,
    1.459289848193,1.661871891428,1.839131179259,1.994233056111,
    2.129947198357,2.248697072822,2.352603212979,2.443521085616,
    2.523074224173,2.662292216649,2.766705711006,2.845015831774,
    2.962481012925,3.079946194076),.UNSPECIFIED.);
#6832 = CARTESIAN_POINT('',(4.681603676936,21.431363768311));
#6833 = CARTESIAN_POINT('',(4.675587928424,21.431363791968));
#6834 = CARTESIAN_POINT('',(4.66957590026,21.431363815572));
#6835 = CARTESIAN_POINT('',(4.663555406464,21.431363839111));
#6836 = CARTESIAN_POINT('',(4.657543233724,21.431363862595));
#6837 = CARTESIAN_POINT('',(4.651531082663,21.431363886016));
#6838 = CARTESIAN_POINT('',(4.645510609736,21.431363909368));
#6839 = CARTESIAN_POINT('',(4.63949853578,21.431363932666));
#6840 = CARTESIAN_POINT('',(4.627561034829,21.431363978763));
#6841 = CARTESIAN_POINT('',(4.621642874801,21.431364001567));
#6842 = CARTESIAN_POINT('',(4.615716541711,21.4313640243));
#6843 = CARTESIAN_POINT('',(4.609798239517,21.431364046977));
#6844 = CARTESIAN_POINT('',(4.603879959935,21.43136406959));
#6845 = CARTESIAN_POINT('',(4.597953648614,21.431364092127));
#6846 = CARTESIAN_POINT('',(4.59203544082,21.431364114601));
#6847 = CARTESIAN_POINT('',(4.580284463324,21.431364159053));
#6848 = CARTESIAN_POINT('',(4.574458701842,21.431364181035));
#6849 = CARTESIAN_POINT('',(4.568625061792,21.43136420295));
#6850 = CARTESIAN_POINT('',(4.562799160811,21.431364224793));
#6851 = CARTESIAN_POINT('',(4.556973283227,21.431364246565));
#6852 = CARTESIAN_POINT('',(4.551139665698,21.431364268266));
#6853 = CARTESIAN_POINT('',(4.545313854799,21.431364289892));
#6854 = CARTESIAN_POINT('',(4.533746486327,21.431364332657));
#6855 = CARTESIAN_POINT('',(4.528011677244,21.431364353796));
#6856 = CARTESIAN_POINT('',(4.522269284895,21.431364374877));
#6857 = CARTESIAN_POINT('',(4.516534339206,21.431364395865));
#6858 = CARTESIAN_POINT('',(4.510799417555,21.431364416774));
#6859 = CARTESIAN_POINT('',(4.505057048345,21.431364437626));
#6860 = CARTESIAN_POINT('',(4.499322188491,21.431364458387));
#6861 = CARTESIAN_POINT('',(4.487935560153,21.431364499434));
#6862 = CARTESIAN_POINT('',(4.482290280363,21.431364519719));
#6863 = CARTESIAN_POINT('',(4.476637712391,21.431364539933));
#6864 = CARTESIAN_POINT('',(4.470992299091,21.431364560061));
#6865 = CARTESIAN_POINT('',(4.465346910338,21.431364580107));
#6866 = CARTESIAN_POINT('',(4.459694365994,21.431364600081));
#6867 = CARTESIAN_POINT('',(4.454049034357,21.431364619969));
#6868 = CARTESIAN_POINT('',(4.442840322089,21.431364659275));
#6869 = CARTESIAN_POINT('',(4.43728317114,21.431364678691));
#6870 = CARTESIAN_POINT('',(4.431719025933,21.431364698036));
#6871 = CARTESIAN_POINT('',(4.426161744741,21.431364717289));
#6872 = CARTESIAN_POINT('',(4.420604488483,21.431364736458));
#6873 = CARTESIAN_POINT('',(4.415040367278,21.431364755552));
#6874 = CARTESIAN_POINT('',(4.409483163664,21.431364774557));
#6875 = CARTESIAN_POINT('',(4.398449587526,21.431364812104));
#6876 = CARTESIAN_POINT('',(4.392979187228,21.431364830648));
#6877 = CARTESIAN_POINT('',(4.387502084598,21.431364849109));
#6878 = CARTESIAN_POINT('',(4.38203155747,21.431364867482));
#6879 = CARTESIAN_POINT('',(4.376561055551,21.431364885771));
#6880 = CARTESIAN_POINT('',(4.371083977187,21.431364903978));
#6881 = CARTESIAN_POINT('',(4.365613523642,21.431364922098));
#6882 = CARTESIAN_POINT('',(4.354752347133,21.431364957879));
#6883 = CARTESIAN_POINT('',(4.349367341187,21.431364975542));
#6884 = CARTESIAN_POINT('',(4.343975922057,21.431364993122));
#6885 = CARTESIAN_POINT('',(4.338590792817,21.431365010617));
#6886 = CARTESIAN_POINT('',(4.333205688957,21.431365028023));
#6887 = CARTESIAN_POINT('',(4.327814294258,21.431365045338));
#6888 = CARTESIAN_POINT('',(4.322429234703,21.431365062568));
#6889 = CARTESIAN_POINT('',(4.311737764078,21.431365096581));
#6890 = CARTESIAN_POINT('',(4.30643540088,21.431365113366));
#6891 = CARTESIAN_POINT('',(4.301132402565,21.431365130064));
#6892 = CARTESIAN_POINT('',(4.295828677315,21.431365146675));
#6893 = CARTESIAN_POINT('',(4.290524978259,21.431365163196));
#6894 = CARTESIAN_POINT('',(4.285222005422,21.431365179628));
#6895 = CARTESIAN_POINT('',(4.279919587686,21.43136519597));
#6896 = CARTESIAN_POINT('',(4.269395171291,21.431365228219));
#6897 = CARTESIAN_POINT('',(4.264175619579,21.431365244128));
#6898 = CARTESIAN_POINT('',(4.258955460285,21.431365259948));
#6899 = CARTESIAN_POINT('',(4.25373460766,21.431365275678));
#6900 = CARTESIAN_POINT('',(4.24851378122,21.43136529132));
#6901 = CARTESIAN_POINT('',(4.243293647395,21.431365306871));
#6902 = CARTESIAN_POINT('',(4.238074041164,21.43136532233));
#6903 = CARTESIAN_POINT('',(4.227714068777,21.431365352824));
#6904 = CARTESIAN_POINT('',(4.22257603461,21.431365367862));
#6905 = CARTESIAN_POINT('',(4.217437420056,21.43136538281));
#6906 = CARTESIAN_POINT('',(4.212298145208,21.431365397668));
#6907 = CARTESIAN_POINT('',(4.207158896454,21.431365412435));
#6908 = CARTESIAN_POINT('',(4.202020307282,21.431365427111));
#6909 = CARTESIAN_POINT('',(4.196882218784,21.431365441695));
#6910 = CARTESIAN_POINT('',(4.186684120966,21.43136547045));
#6911 = CARTESIAN_POINT('',(4.181626325082,21.431365484624));
#6912 = CARTESIAN_POINT('',(4.176568003533,21.431365498709));
#6913 = CARTESIAN_POINT('',(4.171509036984,21.431365512702));
#6914 = CARTESIAN_POINT('',(4.166450062711,21.431365526604));
#6915 = CARTESIAN_POINT('',(4.161391721849,21.431365540414));
#6916 = CARTESIAN_POINT('',(4.156333906652,21.431365554132));
#6917 = CARTESIAN_POINT('',(4.141315300493,21.431365594579));
#6918 = CARTESIAN_POINT('',(4.131360042376,21.431365621047));
#6919 = CARTESIAN_POINT('',(4.121394447639,21.431365647062));
#6920 = CARTESIAN_POINT('',(4.111439734181,21.431365672805));
#6921 = CARTESIAN_POINT('',(4.101483156233,21.431365698183));
#6922 = CARTESIAN_POINT('',(4.091518661552,21.431365723183));
#6923 = CARTESIAN_POINT('',(4.081562981136,21.431365747804));
#6924 = CARTESIAN_POINT('',(4.061954807507,21.431365795479));
#6925 = CARTESIAN_POINT('',(4.052310289022,21.431365818576));
#6926 = CARTESIAN_POINT('',(4.042656852822,21.431365841319));
#6927 = CARTESIAN_POINT('',(4.033012066259,21.431365863686));
#6928 = CARTESIAN_POINT('',(4.023367377951,21.431365885679));
#6929 = CARTESIAN_POINT('',(4.01371403633,21.431365907308));
#6930 = CARTESIAN_POINT('',(4.004069310304,21.431365928556));
#6931 = CARTESIAN_POINT('',(3.985073892104,21.431365969644));
#6932 = CARTESIAN_POINT('',(3.97573045684,21.431365989505));
#6933 = CARTESIAN_POINT('',(3.966379084567,21.431366009014));
#6934 = CARTESIAN_POINT('',(3.957035399302,21.431366028153));
#6935 = CARTESIAN_POINT('',(3.947691808902,21.431366046929));
#6936 = CARTESIAN_POINT('',(3.938340527944,21.431366065347));
#6937 = CARTESIAN_POINT('',(3.928996892303,21.431366083391));
#6938 = CARTESIAN_POINT('',(3.910595080925,21.431366118186));
#6939 = CARTESIAN_POINT('',(3.901543331024,21.431366134958));
#6940 = CARTESIAN_POINT('',(3.892484568569,21.431366151377));
#6941 = CARTESIAN_POINT('',(3.883432586809,21.431366167454));
#6942 = CARTESIAN_POINT('',(3.874380696001,21.431366183174));
#6943 = CARTESIAN_POINT('',(3.865322021094,21.431366198527));
#6944 = CARTESIAN_POINT('',(3.856270079084,21.431366213531));
#6945 = CARTESIAN_POINT('',(3.838443324312,21.431366242358));
#6946 = CARTESIAN_POINT('',(3.829672758848,21.431366256204));
#6947 = CARTESIAN_POINT('',(3.820901469472,21.431366269711));
#6948 = CARTESIAN_POINT('',(3.812129461318,21.431366282877));
#6949 = CARTESIAN_POINT('',(3.803357542331,21.431366295701));
#6950 = CARTESIAN_POINT('',(3.79458633968,21.43136630818));
#6951 = CARTESIAN_POINT('',(3.785815588556,21.431366320314));
#6952 = CARTESIAN_POINT('',(3.768545919873,21.431366343519));
#6953 = CARTESIAN_POINT('',(3.760049261565,21.431366354611));
#6954 = CARTESIAN_POINT('',(3.751552082244,21.431366365377));
#6955 = CARTESIAN_POINT('',(3.74305425049,21.431366375815));
#6956 = CARTESIAN_POINT('',(3.734556393561,21.431366385923));
#6957 = CARTESIAN_POINT('',(3.726059151304,21.431366395701));
#6958 = CARTESIAN_POINT('',(3.717562430061,21.431366405148));
#6959 = CARTESIAN_POINT('',(3.692600220467,21.431366431921));
#6960 = CARTESIAN_POINT('',(3.676139780287,21.43136644833));
#6961 = CARTESIAN_POINT('',(3.659670496887,21.431366463485));
#6962 = CARTESIAN_POINT('',(3.643209464514,21.43136647738));
#6963 = CARTESIAN_POINT('',(3.626748741956,21.431366490009));
#6964 = CARTESIAN_POINT('',(3.610279756749,21.431366501364));
#6965 = CARTESIAN_POINT('',(3.593818662071,21.431366511438));
#6966 = CARTESIAN_POINT('',(3.561918817098,21.431366528481));
#6967 = CARTESIAN_POINT('',(3.546484885351,21.431366535602));
#6968 = CARTESIAN_POINT('',(3.531049964313,21.431366541593));
#6969 = CARTESIAN_POINT('',(3.515614350346,21.431366546454));
#6970 = CARTESIAN_POINT('',(3.50017901448,21.431366550183));
#6971 = CARTESIAN_POINT('',(3.484744363903,21.431366552777));
#6972 = CARTESIAN_POINT('',(3.469309853035,21.431366554237));
#6973 = CARTESIAN_POINT('',(3.424933052565,21.431366555169));
#6974 = CARTESIAN_POINT('',(3.395995071559,21.431366551787));
#6975 = CARTESIAN_POINT('',(3.367050100869,21.431366544411));
#6976 = CARTESIAN_POINT('',(3.33811062247,21.431366533055));
#6977 = CARTESIAN_POINT('',(3.309172057103,21.431366517729));
#6978 = CARTESIAN_POINT('',(3.280227964919,21.43136649845));
#6979 = CARTESIAN_POINT('',(3.251288054266,21.43136647525));
#6980 = CARTESIAN_POINT('',(3.197022944972,21.431366424457));
#6981 = CARTESIAN_POINT('',(3.171699382397,21.431366397777));
#6982 = CARTESIAN_POINT('',(3.146375859243,21.431366368143));
#6983 = CARTESIAN_POINT('',(3.121052238977,21.431366335583));
#6984 = CARTESIAN_POINT('',(3.095728423451,21.431366300127));
#6985 = CARTESIAN_POINT('',(3.070404412145,21.431366261811));
#6986 = CARTESIAN_POINT('',(3.045080361414,21.431366220675));
#6987 = CARTESIAN_POINT('',(2.997598390756,21.431366138335));
#6988 = CARTESIAN_POINT('',(2.97543946853,21.431366097783));
#6989 = CARTESIAN_POINT('',(2.953280943725,21.431366055132));
#6990 = CARTESIAN_POINT('',(2.931122805311,21.431366010415));
#6991 = CARTESIAN_POINT('',(2.908964536106,21.431365963663));
#6992 = CARTESIAN_POINT('',(2.88680568432,21.431365914913));
#6993 = CARTESIAN_POINT('',(2.86464643511,21.431365864201));
#6994 = CARTESIAN_POINT('',(2.823099710761,21.431365765513));
#6995 = CARTESIAN_POINT('',(2.803710321452,21.431365717987));
#6996 = CARTESIAN_POINT('',(2.784321072817,21.431365669016));
#6997 = CARTESIAN_POINT('',(2.764932522474,21.431365618627));
#6998 = CARTESIAN_POINT('',(2.745544256038,21.431365566849));
#6999 = CARTESIAN_POINT('',(2.726155283489,21.431365513713));
#7000 = CARTESIAN_POINT('',(2.7067653029,21.431365459248));
#7001 = CARTESIAN_POINT('',(2.670411919078,21.431365354696));
#7002 = CARTESIAN_POINT('',(2.653444257519,21.431365304914));
#7003 = CARTESIAN_POINT('',(2.63648301156,21.43136525416));
#7004 = CARTESIAN_POINT('',(2.619515167814,21.431365202454));
#7005 = CARTESIAN_POINT('',(2.602547496626,21.431365149824));
#7006 = CARTESIAN_POINT('',(2.585586416749,21.431365096293));
#7007 = CARTESIAN_POINT('',(2.568618390641,21.431365041879));
#7008 = CARTESIAN_POINT('',(2.536809179784,21.431364938252));
#7009 = CARTESIAN_POINT('',(2.521962013841,21.431364889237));
#7010 = CARTESIAN_POINT('',(2.507121474987,21.431364839582));
#7011 = CARTESIAN_POINT('',(2.4922742356,21.43136478931));
#7012 = CARTESIAN_POINT('',(2.477427100072,21.431364738431));
#7013 = CARTESIAN_POINT('',(2.462586661181,21.431364686959));
#7014 = CARTESIAN_POINT('',(2.447739275837,21.431364634921));
#7015 = CARTESIAN_POINT('',(2.41990621633,21.431364536311));
#7016 = CARTESIAN_POINT('',(2.406914669758,21.431364489871));
#7017 = CARTESIAN_POINT('',(2.393929525408,21.431364443015));
#7018 = CARTESIAN_POINT('',(2.380937970881,21.431364395764));
#7019 = CARTESIAN_POINT('',(2.367946475864,21.431364348124));
#7020 = CARTESIAN_POINT('',(2.354961388794,21.431364300105));
#7021 = CARTESIAN_POINT('',(2.341969716512,21.43136425173));
#7022 = CARTESIAN_POINT('',(2.317615789438,21.431364160364));
#7023 = CARTESIAN_POINT('',(2.306249424383,21.431364117458));
#7024 = CARTESIAN_POINT('',(2.294883594859,21.431364074292));
#7025 = CARTESIAN_POINT('',(2.283518479754,21.431364030875));
#7026 = CARTESIAN_POINT('',(2.27215339725,21.431363987216));
#7027 = CARTESIAN_POINT('',(2.260787599432,21.431363943322));
#7028 = CARTESIAN_POINT('',(2.249421166493,21.431363899203));
#7029 = CARTESIAN_POINT('',(2.228111480301,21.431363816072));
#7030 = CARTESIAN_POINT('',(2.218165842678,21.431363777112));
#7031 = CARTESIAN_POINT('',(2.20822074461,21.431363737992));
#7032 = CARTESIAN_POINT('',(2.198276299402,21.431363698718));
#7033 = CARTESIAN_POINT('',(2.188331849666,21.431363659295));
#7034 = CARTESIAN_POINT('',(2.17838674028,21.431363619729));
#7035 = CARTESIAN_POINT('',(2.168441091339,21.431363580027));
#7036 = CARTESIAN_POINT('',(2.141093660724,21.431363470489));
#7037 = CARTESIAN_POINT('',(2.123686623307,21.431363400403));
#7038 = CARTESIAN_POINT('',(2.106288884501,21.43136332975));
#7039 = CARTESIAN_POINT('',(2.088882071004,21.43136325918));
#7040 = CARTESIAN_POINT('',(2.07147511973,21.431363187876));
#7041 = CARTESIAN_POINT('',(2.054077462215,21.43136311663));
#7042 = CARTESIAN_POINT('',(2.03667039359,21.431363044997));
#7043 = CARTESIAN_POINT('',(2.006215300404,21.431362919314));
#7044 = CARTESIAN_POINT('',(1.993159970851,21.431362865334));
#7045 = CARTESIAN_POINT('',(1.98011179851,21.431362811262));
#7046 = CARTESIAN_POINT('',(1.967056592244,21.431362757094));
#7047 = CARTESIAN_POINT('',(1.954001366478,21.431362702851));
#7048 = CARTESIAN_POINT('',(1.940953175368,21.43136264856));
#7049 = CARTESIAN_POINT('',(1.927897887007,21.431362594218));
#7050 = CARTESIAN_POINT('',(1.905056567119,21.431362499072));
#7051 = CARTESIAN_POINT('',(1.895266337404,21.431362458278));
#7052 = CARTESIAN_POINT('',(1.885476628786,21.431362417473));
#7053 = CARTESIAN_POINT('',(1.875687558769,21.431362376663));
#7054 = CARTESIAN_POINT('',(1.865898495152,21.431362335854));
#7055 = CARTESIAN_POINT('',(1.856108802532,21.431362295052));
#7056 = CARTESIAN_POINT('',(1.846318588815,21.431362254264));
#7057 = CARTESIAN_POINT('',(1.82184574608,21.431362152339));
#7058 = CARTESIAN_POINT('',(1.807158699768,21.43136209123));
#7059 = CARTESIAN_POINT('',(1.792479207691,21.431362030175));
#7060 = CARTESIAN_POINT('',(1.777792367743,21.431361969211));
#7061 = CARTESIAN_POINT('',(1.763105457416,21.431361908348));
#7062 = CARTESIAN_POINT('',(1.7484258976,21.4313618476));
#7063 = CARTESIAN_POINT('',(1.733738999963,21.431361787004));
#7064 = CARTESIAN_POINT('',(1.704371588688,21.431361666131));
#7065 = CARTESIAN_POINT('',(1.689684785568,21.431361605859));
#7066 = CARTESIAN_POINT('',(1.675004958492,21.431361545762));
#7067 = CARTESIAN_POINT('',(1.660318395963,21.431361485877));
#7068 = CARTESIAN_POINT('',(1.645631735851,21.431361426213));
#7069 = CARTESIAN_POINT('',(1.630951814852,21.43136136678));
#7070 = CARTESIAN_POINT('',(1.616265217874,21.431361307616));
#7071 = CARTESIAN_POINT('',(1.60158151224,21.431361248731));
#7072 = ( GEOMETRIC_REPRESENTATION_CONTEXT(2) 
PARAMETRIC_REPRESENTATION_CONTEXT() REPRESENTATION_CONTEXT('2D SPACE',''
  ) );
#7073 = PCURVE('',#7074,#7079);
#7074 = PLANE('',#7075);
#7075 = AXIS2_PLACEMENT_3D('',#7076,#7077,#7078);
#7076 = CARTESIAN_POINT('',(344.76617466056,21.431258728195,
    79.894514009652));
#7077 = DIRECTION('',(-3.131146616209E-07,1.,-5.802887636478E-22));
#7078 = DIRECTION('',(1.,3.131146616209E-07,0.));
#7079 = DEFINITIONAL_REPRESENTATION('',(#7080),#7088);
#7080 = ( BOUNDED_CURVE() B_SPLINE_CURVE(2,(#7081,#7082,#7083,#7084,
#7085,#7086,#7087),.UNSPECIFIED.,.T.,.F.) B_SPLINE_CURVE_WITH_KNOTS((1,2
    ,2,2,2,1),(-2.094395102393,0.,2.094395102393,4.188790204786,
6.28318530718,8.377580409573),.UNSPECIFIED.) CURVE() 
GEOMETRIC_REPRESENTATION_ITEM() RATIONAL_B_SPLINE_CURVE((1.,0.5,1.,0.5,
1.,0.5,1.)) REPRESENTATION_ITEM('') );
#7081 = CARTESIAN_POINT('',(-0.950012551189,-1.645456388298));
#7082 = CARTESIAN_POINT('',(-3.799984134445,6.200312134075E-05));
#7083 = CARTESIAN_POINT('',(-0.949937613453,1.645450598575));
#7084 = CARTESIAN_POINT('',(1.900108907538,3.290839194029));
#7085 = CARTESIAN_POINT('',(1.900033969802,-6.77928436924E-05));
#7086 = CARTESIAN_POINT('',(1.899959032067,-3.290974779716));
#7087 = CARTESIAN_POINT('',(-0.950012551189,-1.645456388298));
#7088 = ( GEOMETRIC_REPRESENTATION_CONTEXT(2) 
PARAMETRIC_REPRESENTATION_CONTEXT() REPRESENTATION_CONTEXT('2D SPACE',''
  ) );
#7089 = ORIENTED_EDGE('',*,*,#7090,.F.);
#7090 = EDGE_CURVE('',#530,#6821,#7091,.T.);
#7091 = SEAM_CURVE('',#7092,(#7096,#7106),.PCURVE_S1.);
#7092 = LINE('',#7093,#7094);
#7093 = CARTESIAN_POINT('',(345.61306762695,15.931262016296,
    78.193702697754));
#7094 = VECTOR('',#7095,1.);
#7095 = DIRECTION('',(0.,1.,0.));
#7096 = PCURVE('',#455,#7097);
#7097 = DEFINITIONAL_REPRESENTATION('',(#7098),#7105);
#7098 = B_SPLINE_CURVE_WITH_KNOTS('',5,(#7099,#7100,#7101,#7102,#7103,
    #7104),.UNSPECIFIED.,.F.,.F.,(6,6),(0.,5.499991416931),
  .PIECEWISE_BEZIER_KNOTS.);
#7099 = CARTESIAN_POINT('',(1.60158012593,15.931369831802));
#7100 = CARTESIAN_POINT('',(1.601580403183,17.031368115188));
#7101 = CARTESIAN_POINT('',(1.601580680482,18.131366398574));
#7102 = CARTESIAN_POINT('',(1.60158095769,19.23136468196));
#7103 = CARTESIAN_POINT('',(1.601581234988,20.331362965345));
#7104 = CARTESIAN_POINT('',(1.60158151224,21.431361248731));
#7105 = ( GEOMETRIC_REPRESENTATION_CONTEXT(2) 
PARAMETRIC_REPRESENTATION_CONTEXT() REPRESENTATION_CONTEXT('2D SPACE',''
  ) );
#7106 = PCURVE('',#455,#7107);
#7107 = DEFINITIONAL_REPRESENTATION('',(#7108),#7115);
#7108 = B_SPLINE_CURVE_WITH_KNOTS('',5,(#7109,#7110,#7111,#7112,#7113,
    #7114),.UNSPECIFIED.,.F.,.F.,(6,6),(0.,5.499991416931),
  .PIECEWISE_BEZIER_KNOTS.);
#7109 = CARTESIAN_POINT('',(7.884765433109,15.931369831802));
#7110 = CARTESIAN_POINT('',(7.884765710362,17.031368115188));
#7111 = CARTESIAN_POINT('',(7.884765987661,18.131366398574));
#7112 = CARTESIAN_POINT('',(7.88476626487,19.23136468196));
#7113 = CARTESIAN_POINT('',(7.884766542167,20.331362965345));
#7114 = CARTESIAN_POINT('',(7.88476681942,21.431361248731));
#7115 = ( GEOMETRIC_REPRESENTATION_CONTEXT(2) 
PARAMETRIC_REPRESENTATION_CONTEXT() REPRESENTATION_CONTEXT('2D SPACE',''
  ) );
#7116 = ORIENTED_EDGE('',*,*,#529,.F.);
#7117 = ORIENTED_EDGE('',*,*,#415,.F.);
#7118 = ORIENTED_EDGE('',*,*,#7119,.F.);
#7119 = EDGE_CURVE('',#6471,#388,#7120,.T.);
#7120 = SURFACE_CURVE('',#7121,(#7126,#7162),.PCURVE_S1.);
#7121 = CIRCLE('',#7122,1.071557255208E-02);
#7122 = AXIS2_PLACEMENT_3D('',#7123,#7124,#7125);
#7123 = CARTESIAN_POINT('',(344.36895599126,15.940624713898,81.75));
#7124 = DIRECTION('',(0.,0.,1.));
#7125 = DIRECTION('',(0.484296711139,0.87490382076,-0.));
#7126 = PCURVE('',#455,#7127);
#7127 = DEFINITIONAL_REPRESENTATION('',(#7128),#7161);
#7128 = B_SPLINE_CURVE_WITH_KNOTS('',7,(#7129,#7130,#7131,#7132,#7133,
    #7134,#7135,#7136,#7137,#7138,#7139,#7140,#7141,#7142,#7143,#7144,
    #7145,#7146,#7147,#7148,#7149,#7150,#7151,#7152,#7153,#7154,#7155,
    #7156,#7157,#7158,#7159,#7160),.UNSPECIFIED.,.F.,.F.,(8,6,6,6,6,8),(
    0.,0.519088867103,1.427494384534,2.790102660679,3.471406798749,
    4.152710936819),.UNSPECIFIED.);
#7129 = CARTESIAN_POINT('',(4.996966771635,15.950110387185));
#7130 = CARTESIAN_POINT('',(4.996608759496,15.950495218563));
#7131 = CARTESIAN_POINT('',(4.99622950368,15.950819903507));
#7132 = CARTESIAN_POINT('',(4.995848076861,15.951080985567));
#7133 = CARTESIAN_POINT('',(4.995437599816,15.951275818537));
#7134 = CARTESIAN_POINT('',(4.995038276827,15.951402644414));
#7135 = CARTESIAN_POINT('',(4.994625367923,15.951460633702));
#7136 = CARTESIAN_POINT('',(4.993500824507,15.951431069134));
#7137 = CARTESIAN_POINT('',(4.992781954196,15.95120173878));
#7138 = CARTESIAN_POINT('',(4.992097026932,15.950762410786));
#7139 = CARTESIAN_POINT('',(4.991435866287,15.950122283068));
#7140 = CARTESIAN_POINT('',(4.990847814251,15.949299224592));
#7141 = CARTESIAN_POINT('',(4.990327910655,15.948318468136));
#7142 = CARTESIAN_POINT('',(4.989247738871,15.9455485208));
#7143 = CARTESIAN_POINT('',(4.988793209935,15.943600345242));
#7144 = CARTESIAN_POINT('',(4.988574251849,15.941468508221));
#7145 = CARTESIAN_POINT('',(4.988610650006,15.939283363993));
#7146 = CARTESIAN_POINT('',(4.988900186357,15.937183616204));
#7147 = CARTESIAN_POINT('',(4.989418847295,15.935296858716));
#7148 = CARTESIAN_POINT('',(4.990472123668,15.932931745307));
#7149 = CARTESIAN_POINT('',(4.99086930918,15.932220904745));
#7150 = CARTESIAN_POINT('',(4.991308206291,15.931599790982));
#7151 = CARTESIAN_POINT('',(4.991779876829,15.93107880747));
#7152 = CARTESIAN_POINT('',(4.992277952758,15.930666074702));
#7153 = CARTESIAN_POINT('',(4.992797545746,15.930367123977));
#7154 = CARTESIAN_POINT('',(4.993854333876,15.93000242622));
#7155 = CARTESIAN_POINT('',(4.994397384542,15.929936679487));
#7156 = CARTESIAN_POINT('',(4.99493088355,15.929990356128));
#7157 = CARTESIAN_POINT('',(4.995480077919,15.93016357198));
#7158 = CARTESIAN_POINT('',(4.995992204067,15.930453625248));
#7159 = CARTESIAN_POINT('',(4.996496883757,15.930855105035));
#7160 = CARTESIAN_POINT('',(4.996966774533,15.93136019645));
#7161 = ( GEOMETRIC_REPRESENTATION_CONTEXT(2) 
PARAMETRIC_REPRESENTATION_CONTEXT() REPRESENTATION_CONTEXT('2D SPACE',''
  ) );
#7162 = PCURVE('',#403,#7163);
#7163 = DEFINITIONAL_REPRESENTATION('',(#7164),#7172);
#7164 = ( BOUNDED_CURVE() B_SPLINE_CURVE(2,(#7165,#7166,#7167,#7168,
#7169,#7170,#7171),.UNSPECIFIED.,.T.,.F.) B_SPLINE_CURVE_WITH_KNOTS((1,2
    ,2,2,2,1),(-2.094395102393,0.,2.094395102393,4.188790204786,
6.28318530718,8.377580409573),.UNSPECIFIED.) CURVE() 
GEOMETRIC_REPRESENTATION_ITEM() RATIONAL_B_SPLINE_CURVE((1.,0.5,1.,0.5,
1.,0.5,1.)) REPRESENTATION_ITEM('') );
#7165 = CARTESIAN_POINT('',(-9.372949763971E-03,-0.237057714259));
#7166 = CARTESIAN_POINT('',(-1.836145608652E-02,-0.220819572757));
#7167 = CARTESIAN_POINT('',(1.954401259135E-04,-0.22115436869));
#7168 = CARTESIAN_POINT('',(1.875233633834E-02,-0.221489164624));
#7169 = CARTESIAN_POINT('',(9.18394644846E-03,-0.237392510192));
#7170 = CARTESIAN_POINT('',(-3.844434414249E-04,-0.253295855761));
#7171 = CARTESIAN_POINT('',(-9.372949763971E-03,-0.237057714259));
#7172 = ( GEOMETRIC_REPRESENTATION_CONTEXT(2) 
PARAMETRIC_REPRESENTATION_CONTEXT() REPRESENTATION_CONTEXT('2D SPACE',''
  ) );
#7173 = ORIENTED_EDGE('',*,*,#6470,.T.);
#7174 = ORIENTED_EDGE('',*,*,#7175,.T.);
#7175 = EDGE_CURVE('',#6448,#795,#7176,.T.);
#7176 = SURFACE_CURVE('',#7177,(#7181,#7191),.PCURVE_S1.);
#7177 = LINE('',#7178,#7179);
#7178 = CARTESIAN_POINT('',(345.17453002929,15.949999809265,81.75));
#7179 = VECTOR('',#7180,1.);
#7180 = DIRECTION('',(0.,-1.,0.));
#7181 = PCURVE('',#455,#7182);
#7182 = DEFINITIONAL_REPRESENTATION('',(#7183),#7190);
#7183 = B_SPLINE_CURVE_WITH_KNOTS('',5,(#7184,#7185,#7186,#7187,#7188,
    #7189),.UNSPECIFIED.,.F.,.F.,(6,6),(0.,1.873874664307E-02),
  .PIECEWISE_BEZIER_KNOTS.);
#7184 = CARTESIAN_POINT('',(5.421783103481,15.950110488243));
#7185 = CARTESIAN_POINT('',(5.421783103376,15.946362738914));
#7186 = CARTESIAN_POINT('',(5.421783103272,15.942614989586));
#7187 = CARTESIAN_POINT('',(5.421783103167,15.938867240257));
#7188 = CARTESIAN_POINT('',(5.421783103062,15.935119490928));
#7189 = CARTESIAN_POINT('',(5.421783102958,15.9313717416));
#7190 = ( GEOMETRIC_REPRESENTATION_CONTEXT(2) 
PARAMETRIC_REPRESENTATION_CONTEXT() REPRESENTATION_CONTEXT('2D SPACE',''
  ) );
#7191 = PCURVE('',#44,#7192);
#7192 = DEFINITIONAL_REPRESENTATION('',(#7193),#7197);
#7193 = LINE('',#7194,#7195);
#7194 = CARTESIAN_POINT('',(-1.282657916269,2.413154190893));
#7195 = VECTOR('',#7196,1.);
#7196 = DIRECTION('',(1.,0.));
#7197 = ( GEOMETRIC_REPRESENTATION_CONTEXT(2) 
PARAMETRIC_REPRESENTATION_CONTEXT() REPRESENTATION_CONTEXT('2D SPACE',''
  ) );
#7198 = ORIENTED_EDGE('',*,*,#794,.F.);
#7199 = ORIENTED_EDGE('',*,*,#7090,.T.);
#7200 = ORIENTED_EDGE('',*,*,#7201,.T.);
#7201 = EDGE_CURVE('',#6821,#6819,#7202,.T.);
#7202 = SURFACE_CURVE('',#7203,(#7208,#7508),.PCURVE_S1.);
#7203 = CIRCLE('',#7204,1.900004623495);
#7204 = AXIS2_PLACEMENT_3D('',#7205,#7206,#7207);
#7205 = CARTESIAN_POINT('',(344.76616222185,21.431253319266,
    79.894516856951));
#7206 = DIRECTION('',(-1.715992854519E-06,-0.999999999998,
    -9.214675288021E-07));
#7207 = DIRECTION('',(0.445738602223,5.997953648323E-08,-0.895163168639)
  );
#7208 = PCURVE('',#455,#7209);
#7209 = DEFINITIONAL_REPRESENTATION('',(#7210),#7507);
#7210 = B_SPLINE_CURVE_WITH_KNOTS('',8,(#7211,#7212,#7213,#7214,#7215,
    #7216,#7217,#7218,#7219,#7220,#7221,#7222,#7223,#7224,#7225,#7226,
    #7227,#7228,#7229,#7230,#7231,#7232,#7233,#7234,#7235,#7236,#7237,
    #7238,#7239,#7240,#7241,#7242,#7243,#7244,#7245,#7246,#7247,#7248,
    #7249,#7250,#7251,#7252,#7253,#7254,#7255,#7256,#7257,#7258,#7259,
    #7260,#7261,#7262,#7263,#7264,#7265,#7266,#7267,#7268,#7269,#7270,
    #7271,#7272,#7273,#7274,#7275,#7276,#7277,#7278,#7279,#7280,#7281,
    #7282,#7283,#7284,#7285,#7286,#7287,#7288,#7289,#7290,#7291,#7292,
    #7293,#7294,#7295,#7296,#7297,#7298,#7299,#7300,#7301,#7302,#7303,
    #7304,#7305,#7306,#7307,#7308,#7309,#7310,#7311,#7312,#7313,#7314,
    #7315,#7316,#7317,#7318,#7319,#7320,#7321,#7322,#7323,#7324,#7325,
    #7326,#7327,#7328,#7329,#7330,#7331,#7332,#7333,#7334,#7335,#7336,
    #7337,#7338,#7339,#7340,#7341,#7342,#7343,#7344,#7345,#7346,#7347,
    #7348,#7349,#7350,#7351,#7352,#7353,#7354,#7355,#7356,#7357,#7358,
    #7359,#7360,#7361,#7362,#7363,#7364,#7365,#7366,#7367,#7368,#7369,
    #7370,#7371,#7372,#7373,#7374,#7375,#7376,#7377,#7378,#7379,#7380,
    #7381,#7382,#7383,#7384,#7385,#7386,#7387,#7388,#7389,#7390,#7391,
    #7392,#7393,#7394,#7395,#7396,#7397,#7398,#7399,#7400,#7401,#7402,
    #7403,#7404,#7405,#7406,#7407,#7408,#7409,#7410,#7411,#7412,#7413,
    #7414,#7415,#7416,#7417,#7418,#7419,#7420,#7421,#7422,#7423,#7424,
    #7425,#7426,#7427,#7428,#7429,#7430,#7431,#7432,#7433,#7434,#7435,
    #7436,#7437,#7438,#7439,#7440,#7441,#7442,#7443,#7444,#7445,#7446,
    #7447,#7448,#7449,#7450,#7451,#7452,#7453,#7454,#7455,#7456,#7457,
    #7458,#7459,#7460,#7461,#7462,#7463,#7464,#7465,#7466,#7467,#7468,
    #7469,#7470,#7471,#7472,#7473,#7474,#7475,#7476,#7477,#7478,#7479,
    #7480,#7481,#7482,#7483,#7484,#7485,#7486,#7487,#7488,#7489,#7490,
    #7491,#7492,#7493,#7494,#7495,#7496,#7497,#7498,#7499,#7500,#7501,
    #7502,#7503,#7504,#7505,#7506),.UNSPECIFIED.,.F.,.F.,(9,7,7,7,7,7,7,
    7,7,7,7,7,7,7,7,7,7,7,7,7,7,7,7,7,7,7,7,7,7,7,7,7,7,7,7,7,7,7,7,7,7,
    7,9),(0.,0.100099715552,0.294042914434,0.475864663386,0.816780442671
    ,1.115081749545,1.245588571303,1.3679387167,1.482641978011,
    1.590176285489,1.69098969875,1.785502273682,1.874107812681,
    1.915641659087,1.955877572793,1.994856114195,2.032616576178,
    2.105777471271,2.174365810421,2.238667378373,2.298950098329,
    2.355465148287,2.408448007623,2.458119438251,2.504686404464,
    2.548342935289,2.589270932938,2.627640930733,2.663612803666,
    2.697336434541,2.728952338486,2.758592248435,2.814167079588,
    2.862795056848,2.90534453695,2.942575332039,2.975152277742,
    3.003657105232,3.05354055334,3.090953139421,3.119012578982,
    3.161101738323,3.203190897664),.UNSPECIFIED.);
#7211 = CARTESIAN_POINT('',(7.88476681942,21.431361248731));
#7212 = CARTESIAN_POINT('',(7.872253888766,21.431361213832));
#7213 = CARTESIAN_POINT('',(7.859739824852,21.431361179144));
#7214 = CARTESIAN_POINT('',(7.847226298789,21.431361144674));
#7215 = CARTESIAN_POINT('',(7.8347134349,21.43136111043));
#7216 = CARTESIAN_POINT('',(7.822200581492,21.431361076422));
#7217 = CARTESIAN_POINT('',(7.809687081632,21.431361042657));
#7218 = CARTESIAN_POINT('',(7.79717304392,21.431361009143));
#7219 = CARTESIAN_POINT('',(7.76041631013,21.431360911457));
#7220 = CARTESIAN_POINT('',(7.736167990319,21.431360847977));
#7221 = CARTESIAN_POINT('',(7.711930462518,21.431360785609));
#7222 = CARTESIAN_POINT('',(7.687680786869,21.431360724091));
#7223 = CARTESIAN_POINT('',(7.663435043973,21.431360664064));
#7224 = CARTESIAN_POINT('',(7.639195195962,21.43136060498));
#7225 = CARTESIAN_POINT('',(7.61494776698,21.431360547266));
#7226 = CARTESIAN_POINT('',(7.567975398416,21.431360437877));
#7227 = CARTESIAN_POINT('',(7.545243443484,21.431360386089));
#7228 = CARTESIAN_POINT('',(7.522518968267,21.431360335481));
#7229 = CARTESIAN_POINT('',(7.499787532865,21.431360286104));
#7230 = CARTESIAN_POINT('',(7.47705582121,21.431360237986));
#7231 = CARTESIAN_POINT('',(7.454331080141,21.431360191158));
#7232 = CARTESIAN_POINT('',(7.431599708926,21.431360145675));
#7233 = CARTESIAN_POINT('',(7.366255083329,21.431360018849));
#7234 = CARTESIAN_POINT('',(7.323633443548,21.43135994096));
#7235 = CARTESIAN_POINT('',(7.281028138445,21.43135986806));
#7236 = CARTESIAN_POINT('',(7.238397000533,21.431359800568));
#7237 = CARTESIAN_POINT('',(7.195790675027,21.431359738301));
#7238 = CARTESIAN_POINT('',(7.153170733065,21.431359681868));
#7239 = CARTESIAN_POINT('',(7.110554714978,21.431359631116));
#7240 = CARTESIAN_POINT('',(7.030649602223,21.431359546995));
#7241 = CARTESIAN_POINT('',(6.993360726781,21.431359512247));
#7242 = CARTESIAN_POINT('',(6.956070304984,21.431359482092));
#7243 = CARTESIAN_POINT('',(6.918783376008,21.431359456599));
#7244 = CARTESIAN_POINT('',(6.881495162679,21.431359435823));
#7245 = CARTESIAN_POINT('',(6.844203505471,21.431359419804));
#7246 = CARTESIAN_POINT('',(6.80691734557,21.431359408575));
#7247 = CARTESIAN_POINT('',(6.753314332461,21.431359399336));
#7248 = CARTESIAN_POINT('',(6.73700122517,21.431359397443));
#7249 = CARTESIAN_POINT('',(6.720687658322,21.43135939647));
#7250 = CARTESIAN_POINT('',(6.704373593924,21.431359396418));
#7251 = CARTESIAN_POINT('',(6.688059611004,21.431359397287));
#7252 = CARTESIAN_POINT('',(6.671746247853,21.431359399076));
#7253 = CARTESIAN_POINT('',(6.65543334426,21.431359401785));
#7254 = CARTESIAN_POINT('',(6.623825045774,21.431359408812));
#7255 = CARTESIAN_POINT('',(6.608533133872,21.431359413021));
#7256 = CARTESIAN_POINT('',(6.593235480856,21.431359418024));
#7257 = CARTESIAN_POINT('',(6.577943859628,21.431359423844));
#7258 = CARTESIAN_POINT('',(6.562651999928,21.431359430468));
#7259 = CARTESIAN_POINT('',(6.547354117381,21.431359437882));
#7260 = CARTESIAN_POINT('',(6.532062709248,21.4313594461));
#7261 = CARTESIAN_POINT('',(6.502429929419,21.431359463554));
#7262 = CARTESIAN_POINT('',(6.488094478622,21.431359472701));
#7263 = CARTESIAN_POINT('',(6.473752022884,21.431359482534));
#7264 = CARTESIAN_POINT('',(6.459416803467,21.431359493067));
#7265 = CARTESIAN_POINT('',(6.445081373442,21.431359504288));
#7266 = CARTESIAN_POINT('',(6.430738714991,21.431359516184));
#7267 = CARTESIAN_POINT('',(6.416403709091,21.431359528771));
#7268 = CARTESIAN_POINT('',(6.388622978001,21.431359554466));
#7269 = CARTESIAN_POINT('',(6.375184124364,21.431359567491));
#7270 = CARTESIAN_POINT('',(6.361737275754,21.431359581119));
#7271 = CARTESIAN_POINT('',(6.348298599041,21.431359595321));
#7272 = CARTESIAN_POINT('',(6.334859738747,21.431359610106));
#7273 = CARTESIAN_POINT('',(6.321412713434,21.431359625485));
#7274 = CARTESIAN_POINT('',(6.307974247592,21.431359641431));
#7275 = CARTESIAN_POINT('',(6.281929812193,21.431359673435));
#7276 = CARTESIAN_POINT('',(6.269331436352,21.431359689421));
#7277 = CARTESIAN_POINT('',(6.256724324356,21.431359705917));
#7278 = CARTESIAN_POINT('',(6.244126076882,21.431359722897));
#7279 = CARTESIAN_POINT('',(6.231527671123,21.431359740362));
#7280 = CARTESIAN_POINT('',(6.218920406771,21.431359758321));
#7281 = CARTESIAN_POINT('',(6.206322365285,21.431359776756));
#7282 = CARTESIAN_POINT('',(6.181905707096,21.431359813404));
#7283 = CARTESIAN_POINT('',(6.170095006925,21.431359831518));
#7284 = CARTESIAN_POINT('',(6.158276074677,21.431359850241));
#7285 = CARTESIAN_POINT('',(6.14646423818,21.431359868831));
#7286 = CARTESIAN_POINT('',(6.134654899083,21.431359888593));
#7287 = CARTESIAN_POINT('',(6.122834493372,21.431359908245));
#7288 = CARTESIAN_POINT('',(6.111024358859,21.431359928469));
#7289 = CARTESIAN_POINT('',(6.088133741803,21.431359968351));
#7290 = CARTESIAN_POINT('',(6.077061621294,21.431359988002));
#7291 = CARTESIAN_POINT('',(6.065980820581,21.431360007889));
#7292 = CARTESIAN_POINT('',(6.054907705599,21.431360028437));
#7293 = CARTESIAN_POINT('',(6.043836707281,21.431360048824));
#7294 = CARTESIAN_POINT('',(6.032754657754,21.431360069986));
#7295 = CARTESIAN_POINT('',(6.021683016659,21.431360091292));
#7296 = CARTESIAN_POINT('',(6.005414987398,21.431360123086));
#7297 = CARTESIAN_POINT('',(6.000224065524,21.431360133305));
#7298 = CARTESIAN_POINT('',(5.99503265725,21.431360143594));
#7299 = CARTESIAN_POINT('',(5.989840663124,21.431360153953));
#7300 = CARTESIAN_POINT('',(5.984648676475,21.431360164383));
#7301 = CARTESIAN_POINT('',(5.979457286895,21.431360174881));
#7302 = CARTESIAN_POINT('',(5.974266383716,21.431360185449));
#7303 = CARTESIAN_POINT('',(5.964044782883,21.43136020639));
#7304 = CARTESIAN_POINT('',(5.959016113115,21.431360216759));
#7305 = CARTESIAN_POINT('',(5.953986955168,21.431360227191));
#7306 = CARTESIAN_POINT('',(5.948957208739,21.431360237687));
#7307 = CARTESIAN_POINT('',(5.943927469169,21.431360248247));
#7308 = CARTESIAN_POINT('',(5.93889832837,21.431360258869));
#7309 = CARTESIAN_POINT('',(5.93386967575,21.431360269553));
#7310 = CARTESIAN_POINT('',(5.923967499942,21.43136029071));
#7311 = CARTESIAN_POINT('',(5.91909600893,21.431360301179));
#7312 = CARTESIAN_POINT('',(5.914224029428,21.431360311706));
#7313 = CARTESIAN_POINT('',(5.909351460637,21.43136032229));
#7314 = CARTESIAN_POINT('',(5.90447889813,21.431360332931));
#7315 = CARTESIAN_POINT('',(5.899606934335,21.431360343629));
#7316 = CARTESIAN_POINT('',(5.894735459031,21.431360354382));
#7317 = CARTESIAN_POINT('',(5.885142726216,21.431360375664));
#7318 = CARTESIAN_POINT('',(5.880423499355,21.431360386189));
#7319 = CARTESIAN_POINT('',(5.875703785022,21.431360396765));
#7320 = CARTESIAN_POINT('',(5.870983482236,21.431360407393));
#7321 = CARTESIAN_POINT('',(5.866263185197,21.431360418073));
#7322 = CARTESIAN_POINT('',(5.861543485233,21.431360428803));
#7323 = CARTESIAN_POINT('',(5.85682427274,21.431360439584));
#7324 = CARTESIAN_POINT('',(5.842958586518,21.431360471401));
#7325 = CARTESIAN_POINT('',(5.8338172456,21.431360492565));
#7326 = CARTESIAN_POINT('',(5.824666804625,21.431360513874));
#7327 = CARTESIAN_POINT('',(5.815524804112,21.43136053544));
#7328 = CARTESIAN_POINT('',(5.80638405123,21.431360557166));
#7329 = CARTESIAN_POINT('',(5.797232874146,21.431360579092));
#7330 = CARTESIAN_POINT('',(5.788091815822,21.431360601181));
#7331 = CARTESIAN_POINT('',(5.770372501377,21.431360644288));
#7332 = CARTESIAN_POINT('',(5.761802700179,21.431360665298));
#7333 = CARTESIAN_POINT('',(5.753223881608,21.431360686402));
#7334 = CARTESIAN_POINT('',(5.744653506838,21.431360707691));
#7335 = CARTESIAN_POINT('',(5.736084165332,21.431360729228));
#7336 = CARTESIAN_POINT('',(5.727504737143,21.431360750787));
#7337 = CARTESIAN_POINT('',(5.718935169968,21.43136077253));
#7338 = CARTESIAN_POINT('',(5.702323312674,21.431360814897));
#7339 = CARTESIAN_POINT('',(5.694289294672,21.431360835513));
#7340 = CARTESIAN_POINT('',(5.686246419519,21.431360856193));
#7341 = CARTESIAN_POINT('',(5.678211902441,21.431360877177));
#7342 = CARTESIAN_POINT('',(5.670178237133,21.431360898059));
#7343 = CARTESIAN_POINT('',(5.662134859446,21.431360919163));
#7344 = CARTESIAN_POINT('',(5.654101034361,21.431360940353));
#7345 = CARTESIAN_POINT('',(5.638527418144,21.431360981621));
#7346 = CARTESIAN_POINT('',(5.630995760023,21.431361001688));
#7347 = CARTESIAN_POINT('',(5.623455031963,21.431361021833));
#7348 = CARTESIAN_POINT('',(5.615923312796,21.431361042088));
#7349 = CARTESIAN_POINT('',(5.608391555773,21.431361062432));
#7350 = CARTESIAN_POINT('',(5.600850791272,21.431361082847));
#7351 = CARTESIAN_POINT('',(5.593319213107,21.431361103362));
#7352 = CARTESIAN_POINT('',(5.578718947902,21.431361143266));
#7353 = CARTESIAN_POINT('',(5.571658130734,21.431361162648));
#7354 = CARTESIAN_POINT('',(5.564588558269,21.431361182103));
#7355 = CARTESIAN_POINT('',(5.557527673568,21.43136120163));
#7356 = CARTESIAN_POINT('',(5.55046675792,21.431361221226));
#7357 = CARTESIAN_POINT('',(5.543397155664,21.431361240889));
#7358 = CARTESIAN_POINT('',(5.536336403861,21.431361260622));
#7359 = CARTESIAN_POINT('',(5.522648655229,21.431361298977));
#7360 = CARTESIAN_POINT('',(5.516029230899,21.431361317592));
#7361 = CARTESIAN_POINT('',(5.509401392494,21.431361336268));
#7362 = CARTESIAN_POINT('',(5.50278189628,21.431361354992));
#7363 = CARTESIAN_POINT('',(5.496162374866,21.43136137377));
#7364 = CARTESIAN_POINT('',(5.489534512202,21.431361392608));
#7365 = CARTESIAN_POINT('',(5.482915141099,21.431361411491));
#7366 = CARTESIAN_POINT('',(5.470082876755,21.431361448176));
#7367 = CARTESIAN_POINT('',(5.463877241125,21.431361465969));
#7368 = CARTESIAN_POINT('',(5.457663549736,21.43136148381));
#7369 = CARTESIAN_POINT('',(5.451457839613,21.431361501685));
#7370 = CARTESIAN_POINT('',(5.44525210905,21.431361519602));
#7371 = CARTESIAN_POINT('',(5.439038397984,21.431361537566));
#7372 = CARTESIAN_POINT('',(5.432832805528,21.431361555562));
#7373 = CARTESIAN_POINT('',(5.420802557705,21.431361590505));
#7374 = CARTESIAN_POINT('',(5.414984834839,21.431361607447));
#7375 = CARTESIAN_POINT('',(5.409159423925,21.431361624418));
#7376 = CARTESIAN_POINT('',(5.403341625363,21.431361641424));
#7377 = CARTESIAN_POINT('',(5.397523810285,21.431361658458));
#7378 = CARTESIAN_POINT('',(5.391698383473,21.431361675517));
#7379 = CARTESIAN_POINT('',(5.38588069549,21.431361692613));
#7380 = CARTESIAN_POINT('',(5.374602338154,21.431361725782));
#7381 = CARTESIAN_POINT('',(5.369148271849,21.431361741858));
#7382 = CARTESIAN_POINT('',(5.363686888411,21.431361757953));
#7383 = CARTESIAN_POINT('',(5.358232746325,21.431361774075));
#7384 = CARTESIAN_POINT('',(5.35277859095,21.431361790219));
#7385 = CARTESIAN_POINT('',(5.347317194719,21.431361806379));
#7386 = CARTESIAN_POINT('',(5.341863156484,21.431361822566));
#7387 = CARTESIAN_POINT('',(5.33128969648,21.431361853963));
#7388 = CARTESIAN_POINT('',(5.326176548628,21.431361869171));
#7389 = CARTESIAN_POINT('',(5.321056452878,21.4313618844));
#7390 = CARTESIAN_POINT('',(5.315943230038,21.431361899642));
#7391 = CARTESIAN_POINT('',(5.310829996548,21.4313619149));
#7392 = CARTESIAN_POINT('',(5.305709890548,21.431361930175));
#7393 = CARTESIAN_POINT('',(5.300596765187,21.43136194546));
#7394 = CARTESIAN_POINT('',(5.290684146433,21.431361975107));
#7395 = CARTESIAN_POINT('',(5.285890601796,21.431361989467));
#7396 = CARTESIAN_POINT('',(5.281090473007,21.431362003832));
#7397 = CARTESIAN_POINT('',(5.276296854852,21.431362018217));
#7398 = CARTESIAN_POINT('',(5.271503228202,21.431362032609));
#7399 = CARTESIAN_POINT('',(5.266703091236,21.431362047002));
#7400 = CARTESIAN_POINT('',(5.26190956454,21.431362061416));
#7401 = CARTESIAN_POINT('',(5.252616484458,21.431362089354));
#7402 = CARTESIAN_POINT('',(5.24812110904,21.431362102881));
#7403 = CARTESIAN_POINT('',(5.243625134363,21.431362116415));
#7404 = CARTESIAN_POINT('',(5.239128415207,21.431362129956));
#7405 = CARTESIAN_POINT('',(5.234631689114,21.431362143505));
#7406 = CARTESIAN_POINT('',(5.23013570769,21.43136215706));
#7407 = CARTESIAN_POINT('',(5.225640346715,21.43136217062));
#7408 = CARTESIAN_POINT('',(5.216928084138,21.431362196905));
#7409 = CARTESIAN_POINT('',(5.212713679591,21.431362209628));
#7410 = CARTESIAN_POINT('',(5.208498707466,21.431362222355));
#7411 = CARTESIAN_POINT('',(5.204283032248,21.431362235087));
#7412 = CARTESIAN_POINT('',(5.200067351554,21.431362247823));
#7413 = CARTESIAN_POINT('',(5.195852374104,21.431362260562));
#7414 = CARTESIAN_POINT('',(5.191637980957,21.431362273304));
#7415 = CARTESIAN_POINT('',(5.18347023479,21.431362297998));
#7416 = CARTESIAN_POINT('',(5.179519238356,21.431362309948));
#7417 = CARTESIAN_POINT('',(5.175567705229,21.431362321901));
#7418 = CARTESIAN_POINT('',(5.171615508903,21.431362333857));
#7419 = CARTESIAN_POINT('',(5.167663308281,21.431362345813));
#7420 = CARTESIAN_POINT('',(5.163711770976,21.431362357771));
#7421 = CARTESIAN_POINT('',(5.159760783485,21.43136236973));
#7422 = CARTESIAN_POINT('',(5.152103521454,21.431362392902));
#7423 = CARTESIAN_POINT('',(5.148399482313,21.431362404115));
#7424 = CARTESIAN_POINT('',(5.144694919655,21.431362415329));
#7425 = CARTESIAN_POINT('',(5.14098972115,21.431362426542));
#7426 = CARTESIAN_POINT('',(5.137284523641,21.431362437756));
#7427 = CARTESIAN_POINT('',(5.133579963474,21.431362448969));
#7428 = CARTESIAN_POINT('',(5.129875926825,21.431362460182));
#7429 = CARTESIAN_POINT('',(5.119223687305,21.431362492416));
#7430 = CARTESIAN_POINT('',(5.112280827333,21.431362513415));
#7431 = CARTESIAN_POINT('',(5.105328384714,21.431362534466));
#7432 = CARTESIAN_POINT('',(5.098385279882,21.431362555391));
#7433 = CARTESIAN_POINT('',(5.091442348103,21.431362576492));
#7434 = CARTESIAN_POINT('',(5.084489803388,21.431362597436));
#7435 = CARTESIAN_POINT('',(5.077546982613,21.431362618441));
#7436 = CARTESIAN_POINT('',(5.064521146242,21.431362657763));
#7437 = CARTESIAN_POINT('',(5.058446228063,21.4313626761));
#7438 = CARTESIAN_POINT('',(5.052362626711,21.431362694442));
#7439 = CARTESIAN_POINT('',(5.046287602429,21.431362712757));
#7440 = CARTESIAN_POINT('',(5.040212572919,21.431362731057));
#7441 = CARTESIAN_POINT('',(5.034128966534,21.431362749358));
#7442 = CARTESIAN_POINT('',(5.028054059398,21.431362767636));
#7443 = CARTESIAN_POINT('',(5.016656452573,21.431362801883));
#7444 = CARTESIAN_POINT('',(5.0113409129,21.431362817854));
#7445 = CARTESIAN_POINT('',(5.006017745728,21.431362833807));
#7446 = CARTESIAN_POINT('',(5.000702109915,21.431362849758));
#7447 = CARTESIAN_POINT('',(4.995386471411,21.431362865692));
#7448 = CARTESIAN_POINT('',(4.99006330165,21.4313628816));
#7449 = CARTESIAN_POINT('',(4.984747767658,21.431362897503));
#7450 = CARTESIAN_POINT('',(4.974774861686,21.431362927288));
#7451 = CARTESIAN_POINT('',(4.97012377142,21.431362941177));
#7452 = CARTESIAN_POINT('',(4.965465992244,21.431362955046));
#7453 = CARTESIAN_POINT('',(4.96081481584,21.43136296891));
#7454 = CARTESIAN_POINT('',(4.956163638261,21.431362982761));
#7455 = CARTESIAN_POINT('',(4.951505857952,21.431362996592));
#7456 = CARTESIAN_POINT('',(4.94685477017,21.431363010415));
#7457 = CARTESIAN_POINT('',(4.938128477444,21.431363036299));
#7458 = CARTESIAN_POINT('',(4.934057412488,21.431363048368));
#7459 = CARTESIAN_POINT('',(4.929985775289,21.431363060424));
#7460 = CARTESIAN_POINT('',(4.925913438849,21.431363072468));
#7461 = CARTESIAN_POINT('',(4.921841102092,21.4313630845));
#7462 = CARTESIAN_POINT('',(4.917769464585,21.43136309652));
#7463 = CARTESIAN_POINT('',(4.913698400288,21.431363108527));
#7464 = CARTESIAN_POINT('',(4.906062894153,21.431363131014));
#7465 = CARTESIAN_POINT('',(4.902500724133,21.431363141499));
#7466 = CARTESIAN_POINT('',(4.898938041546,21.431363151972));
#7467 = CARTESIAN_POINT('',(4.895374735645,21.431363162436));
#7468 = CARTESIAN_POINT('',(4.891811429694,21.431363172888));
#7469 = CARTESIAN_POINT('',(4.888248746983,21.43136318333));
#7470 = CARTESIAN_POINT('',(4.884686576839,21.431363193761));
#7471 = CARTESIAN_POINT('',(4.874887677299,21.431363222414));
#7472 = CARTESIAN_POINT('',(4.868655946776,21.431363240612));
#7473 = CARTESIAN_POINT('',(4.862415248987,21.431363258775));
#7474 = CARTESIAN_POINT('',(4.856183397442,21.431363276903));
#7475 = CARTESIAN_POINT('',(4.849951547953,21.431363294992));
#7476 = CARTESIAN_POINT('',(4.843710852142,21.431363313042));
#7477 = CARTESIAN_POINT('',(4.837479117276,21.43136333105));
#7478 = CARTESIAN_POINT('',(4.826566706425,21.431363362495));
#7479 = CARTESIAN_POINT('',(4.821892903181,21.431363375943));
#7480 = CARTESIAN_POINT('',(4.817212387129,21.43136338938));
#7481 = CARTESIAN_POINT('',(4.812538492353,21.431363402784));
#7482 = CARTESIAN_POINT('',(4.80786459971,21.431363416163));
#7483 = CARTESIAN_POINT('',(4.80318408571,21.431363429524));
#7484 = CARTESIAN_POINT('',(4.798510277963,21.431363442851));
#7485 = CARTESIAN_POINT('',(4.790325969825,21.431363466135));
#7486 = CARTESIAN_POINT('',(4.786819453677,21.431363476099));
#7487 = CARTESIAN_POINT('',(4.783312435659,21.431363486049));
#7488 = CARTESIAN_POINT('',(4.779804807,21.431363495983));
#7489 = CARTESIAN_POINT('',(4.776297177847,21.431363505903));
#7490 = CARTESIAN_POINT('',(4.772790158595,21.431363515807));
#7491 = CARTESIAN_POINT('',(4.769283641214,21.431363525696));
#7492 = CARTESIAN_POINT('',(4.760514739638,21.431363550379));
#7493 = CARTESIAN_POINT('',(4.755256694174,21.431363565154));
#7494 = CARTESIAN_POINT('',(4.7499911371,21.43136357989));
#7495 = CARTESIAN_POINT('',(4.744732985811,21.431363594598));
#7496 = CARTESIAN_POINT('',(4.739474839129,21.431363609267));
#7497 = CARTESIAN_POINT('',(4.73420928649,21.431363623889));
#7498 = CARTESIAN_POINT('',(4.728951231296,21.431363638478));
#7499 = CARTESIAN_POINT('',(4.718428549405,21.431363667579));
#7500 = CARTESIAN_POINT('',(4.713170488368,21.431363682092));
#7501 = CARTESIAN_POINT('',(4.70790495226,21.431363696567));
#7502 = CARTESIAN_POINT('',(4.702646784076,21.431363710997));
#7503 = CARTESIAN_POINT('',(4.697388621671,21.431363725386));
#7504 = CARTESIAN_POINT('',(4.692123091127,21.431363739739));
#7505 = CARTESIAN_POINT('',(4.686865017881,21.431363754045));
#7506 = CARTESIAN_POINT('',(4.681603676936,21.431363768311));
#7507 = ( GEOMETRIC_REPRESENTATION_CONTEXT(2) 
PARAMETRIC_REPRESENTATION_CONTEXT() REPRESENTATION_CONTEXT('2D SPACE',''
  ) );
#7508 = PCURVE('',#7074,#7509);
#7509 = DEFINITIONAL_REPRESENTATION('',(#7510),#7518);
#7510 = ( BOUNDED_CURVE() B_SPLINE_CURVE(2,(#7511,#7512,#7513,#7514,
#7515,#7516,#7517),.UNSPECIFIED.,.T.,.F.) B_SPLINE_CURVE_WITH_KNOTS((1,2
    ,2,2,2,1),(-2.094395102393,0.,2.094395102393,4.188790204786,
6.28318530718,8.377580409573),.UNSPECIFIED.) CURVE() 
GEOMETRIC_REPRESENTATION_ITEM() RATIONAL_B_SPLINE_CURVE((1.,0.5,1.,0.5,
1.,0.5,1.)) REPRESENTATION_ITEM('') );
#7511 = CARTESIAN_POINT('',(0.846892966389,1.700811311898));
#7512 = CARTESIAN_POINT('',(3.792789504351,0.233928121071));
#7513 = CARTESIAN_POINT('',(1.04948312773,-1.583851522312));
#7514 = CARTESIAN_POINT('',(-1.693823248892,-3.401631165694));
#7515 = CARTESIAN_POINT('',(-1.896413410233,-0.116968331485));
#7516 = CARTESIAN_POINT('',(-2.099003571573,3.167694502725));
#7517 = CARTESIAN_POINT('',(0.846892966389,1.700811311898));
#7518 = ( GEOMETRIC_REPRESENTATION_CONTEXT(2) 
PARAMETRIC_REPRESENTATION_CONTEXT() REPRESENTATION_CONTEXT('2D SPACE',''
  ) );
#7519 = ADVANCED_FACE('',(#7520),#7074,.T.);
#7520 = FACE_BOUND('',#7521,.T.);
#7521 = EDGE_LOOP('',(#7522,#7523));
#7522 = ORIENTED_EDGE('',*,*,#7201,.F.);
#7523 = ORIENTED_EDGE('',*,*,#6818,.F.);
#7524 = ADVANCED_FACE('',(#7525),#403,.T.);
#7525 = FACE_BOUND('',#7526,.T.);
#7526 = EDGE_LOOP('',(#7527,#7528,#7529,#7530));
#7527 = ORIENTED_EDGE('',*,*,#6587,.T.);
#7528 = ORIENTED_EDGE('',*,*,#7119,.T.);
#7529 = ORIENTED_EDGE('',*,*,#387,.F.);
#7530 = ORIENTED_EDGE('',*,*,#7531,.F.);
#7531 = EDGE_CURVE('',#6403,#360,#7532,.T.);
#7532 = SURFACE_CURVE('',#7533,(#7537,#7544),.PCURVE_S1.);
#7533 = LINE('',#7534,#7535);
#7534 = CARTESIAN_POINT('',(343.89999389648,15.949999809265,81.75));
#7535 = VECTOR('',#7536,1.);
#7536 = DIRECTION('',(0.,-1.,0.));
#7537 = PCURVE('',#403,#7538);
#7538 = DEFINITIONAL_REPRESENTATION('',(#7539),#7543);
#7539 = LINE('',#7540,#7541);
#7540 = CARTESIAN_POINT('',(-9.372949763964E-03,0.237093897069));
#7541 = VECTOR('',#7542,1.);
#7542 = DIRECTION('',(1.,0.));
#7543 = ( GEOMETRIC_REPRESENTATION_CONTEXT(2) 
PARAMETRIC_REPRESENTATION_CONTEXT() REPRESENTATION_CONTEXT('2D SPACE',''
  ) );
#7544 = PCURVE('',#375,#7545);
#7545 = DEFINITIONAL_REPRESENTATION('',(#7546),#7550);
#7546 = LINE('',#7547,#7548);
#7547 = CARTESIAN_POINT('',(2.724158495773,-1.280670118202));
#7548 = VECTOR('',#7549,1.);
#7549 = DIRECTION('',(0.,1.));
#7550 = ( GEOMETRIC_REPRESENTATION_CONTEXT(2) 
PARAMETRIC_REPRESENTATION_CONTEXT() REPRESENTATION_CONTEXT('2D SPACE',''
  ) );
#7551 = ADVANCED_FACE('',(#7552),#375,.T.);
#7552 = FACE_BOUND('',#7553,.T.);
#7553 = EDGE_LOOP('',(#7554,#7584,#7605,#7606,#7607,#7608));
#7554 = ORIENTED_EDGE('',*,*,#7555,.F.);
#7555 = EDGE_CURVE('',#7556,#7558,#7560,.T.);
#7556 = VERTEX_POINT('',#7557);
#7557 = CARTESIAN_POINT('',(343.89999389648,13.38127040863,86.));
#7558 = VERTEX_POINT('',#7559);
#7559 = CARTESIAN_POINT('',(343.89999389648,13.38127040863,
    82.960632324219));
#7560 = SURFACE_CURVE('',#7561,(#7565,#7572),.PCURVE_S1.);
#7561 = LINE('',#7562,#7563);
#7562 = CARTESIAN_POINT('',(343.89999389648,13.38127040863,86.));
#7563 = VECTOR('',#7564,1.);
#7564 = DIRECTION('',(0.,0.,-1.));
#7565 = PCURVE('',#375,#7566);
#7566 = DEFINITIONAL_REPRESENTATION('',(#7567),#7571);
#7567 = LINE('',#7568,#7569);
#7568 = CARTESIAN_POINT('',(-1.525841504227,1.288059282433));
#7569 = VECTOR('',#7570,1.);
#7570 = DIRECTION('',(1.,0.));
#7571 = ( GEOMETRIC_REPRESENTATION_CONTEXT(2) 
PARAMETRIC_REPRESENTATION_CONTEXT() REPRESENTATION_CONTEXT('2D SPACE',''
  ) );
#7572 = PCURVE('',#7573,#7578);
#7573 = PLANE('',#7574);
#7574 = AXIS2_PLACEMENT_3D('',#7575,#7576,#7577);
#7575 = CARTESIAN_POINT('',(343.65815901526,13.381270877681,
    84.550129623583));
#7576 = DIRECTION('',(1.939548162856E-06,0.999999999998,0.));
#7577 = DIRECTION('',(0.999999999998,-1.939548162856E-06,0.));
#7578 = DEFINITIONAL_REPRESENTATION('',(#7579),#7583);
#7579 = LINE('',#7580,#7581);
#7580 = CARTESIAN_POINT('',(0.241834881217,-1.449870376417));
#7581 = VECTOR('',#7582,1.);
#7582 = DIRECTION('',(0.,1.));
#7583 = ( GEOMETRIC_REPRESENTATION_CONTEXT(2) 
PARAMETRIC_REPRESENTATION_CONTEXT() REPRESENTATION_CONTEXT('2D SPACE',''
  ) );
#7584 = ORIENTED_EDGE('',*,*,#7585,.F.);
#7585 = EDGE_CURVE('',#6401,#7556,#7586,.T.);
#7586 = SURFACE_CURVE('',#7587,(#7591,#7598),.PCURVE_S1.);
#7587 = LINE('',#7588,#7589);
#7588 = CARTESIAN_POINT('',(343.89999389648,15.949999809265,86.));
#7589 = VECTOR('',#7590,1.);
#7590 = DIRECTION('',(0.,-1.,0.));
#7591 = PCURVE('',#375,#7592);
#7592 = DEFINITIONAL_REPRESENTATION('',(#7593),#7597);
#7593 = LINE('',#7594,#7595);
#7594 = CARTESIAN_POINT('',(-1.525841504227,-1.280670118202));
#7595 = VECTOR('',#7596,1.);
#7596 = DIRECTION('',(0.,1.));
#7597 = ( GEOMETRIC_REPRESENTATION_CONTEXT(2) 
PARAMETRIC_REPRESENTATION_CONTEXT() REPRESENTATION_CONTEXT('2D SPACE',''
  ) );
#7598 = PCURVE('',#291,#7599);
#7599 = DEFINITIONAL_REPRESENTATION('',(#7600),#7604);
#7600 = LINE('',#7601,#7602);
#7601 = CARTESIAN_POINT('',(4.353894620248,0.891413443165));
#7602 = VECTOR('',#7603,1.);
#7603 = DIRECTION('',(1.,0.));
#7604 = ( GEOMETRIC_REPRESENTATION_CONTEXT(2) 
PARAMETRIC_REPRESENTATION_CONTEXT() REPRESENTATION_CONTEXT('2D SPACE',''
  ) );
#7605 = ORIENTED_EDGE('',*,*,#6400,.T.);
#7606 = ORIENTED_EDGE('',*,*,#7531,.T.);
#7607 = ORIENTED_EDGE('',*,*,#359,.F.);
#7608 = ORIENTED_EDGE('',*,*,#7609,.F.);
#7609 = EDGE_CURVE('',#7558,#332,#7610,.T.);
#7610 = SURFACE_CURVE('',#7611,(#7615,#7622),.PCURVE_S1.);
#7611 = LINE('',#7612,#7613);
#7612 = CARTESIAN_POINT('',(343.89999389648,13.38127040863,
    82.960632324219));
#7613 = VECTOR('',#7614,1.);
#7614 = DIRECTION('',(0.,1.,0.));
#7615 = PCURVE('',#375,#7616);
#7616 = DEFINITIONAL_REPRESENTATION('',(#7617),#7621);
#7617 = LINE('',#7618,#7619);
#7618 = CARTESIAN_POINT('',(1.513526171554,1.288059282433));
#7619 = VECTOR('',#7620,1.);
#7620 = DIRECTION('',(0.,-1.));
#7621 = ( GEOMETRIC_REPRESENTATION_CONTEXT(2) 
PARAMETRIC_REPRESENTATION_CONTEXT() REPRESENTATION_CONTEXT('2D SPACE',''
  ) );
#7622 = PCURVE('',#347,#7623);
#7623 = DEFINITIONAL_REPRESENTATION('',(#7624),#7628);
#7624 = LINE('',#7625,#7626);
#7625 = CARTESIAN_POINT('',(-0.283884396788,1.274993658066));
#7626 = VECTOR('',#7627,1.);
#7627 = DIRECTION('',(0.,-1.));
#7628 = ( GEOMETRIC_REPRESENTATION_CONTEXT(2) 
PARAMETRIC_REPRESENTATION_CONTEXT() REPRESENTATION_CONTEXT('2D SPACE',''
  ) );
#7629 = ADVANCED_FACE('',(#7630),#7573,.T.);
#7630 = FACE_BOUND('',#7631,.T.);
#7631 = EDGE_LOOP('',(#7632,#7633,#7656,#7679));
#7632 = ORIENTED_EDGE('',*,*,#7555,.T.);
#7633 = ORIENTED_EDGE('',*,*,#7634,.T.);
#7634 = EDGE_CURVE('',#7558,#7635,#7637,.T.);
#7635 = VERTEX_POINT('',#7636);
#7636 = CARTESIAN_POINT('',(343.40829467773,13.381271362305,
    83.244522094727));
#7637 = SURFACE_CURVE('',#7638,(#7642,#7649),.PCURVE_S1.);
#7638 = LINE('',#7639,#7640);
#7639 = CARTESIAN_POINT('',(343.89999389648,13.38127040863,
    82.960632324219));
#7640 = VECTOR('',#7641,1.);
#7641 = DIRECTION('',(-0.866019993292,1.67968748699E-06,0.500009371127)
  );
#7642 = PCURVE('',#7573,#7643);
#7643 = DEFINITIONAL_REPRESENTATION('',(#7644),#7648);
#7644 = LINE('',#7645,#7646);
#7645 = CARTESIAN_POINT('',(0.241834881217,1.589497299364));
#7646 = VECTOR('',#7647,1.);
#7647 = DIRECTION('',(-0.866019993294,-0.500009371127));
#7648 = ( GEOMETRIC_REPRESENTATION_CONTEXT(2) 
PARAMETRIC_REPRESENTATION_CONTEXT() REPRESENTATION_CONTEXT('2D SPACE',''
  ) );
#7649 = PCURVE('',#347,#7650);
#7650 = DEFINITIONAL_REPRESENTATION('',(#7651),#7655);
#7651 = LINE('',#7652,#7653);
#7652 = CARTESIAN_POINT('',(-0.283884396788,1.274993658066));
#7653 = VECTOR('',#7654,1.);
#7654 = DIRECTION('',(0.999999999999,-1.67968748699E-06));
#7655 = ( GEOMETRIC_REPRESENTATION_CONTEXT(2) 
PARAMETRIC_REPRESENTATION_CONTEXT() REPRESENTATION_CONTEXT('2D SPACE',''
  ) );
#7656 = ORIENTED_EDGE('',*,*,#7657,.T.);
#7657 = EDGE_CURVE('',#7635,#7658,#7660,.T.);
#7658 = VERTEX_POINT('',#7659);
#7659 = CARTESIAN_POINT('',(343.40829467773,13.381271362305,86.));
#7660 = SURFACE_CURVE('',#7661,(#7665,#7672),.PCURVE_S1.);
#7661 = LINE('',#7662,#7663);
#7662 = CARTESIAN_POINT('',(343.40829467773,13.381271362305,
    83.244522094727));
#7663 = VECTOR('',#7664,1.);
#7664 = DIRECTION('',(0.,0.,1.));
#7665 = PCURVE('',#7573,#7666);
#7666 = DEFINITIONAL_REPRESENTATION('',(#7667),#7671);
#7667 = LINE('',#7668,#7669);
#7668 = CARTESIAN_POINT('',(-0.249864337534,1.305607528856));
#7669 = VECTOR('',#7670,1.);
#7670 = DIRECTION('',(0.,-1.));
#7671 = ( GEOMETRIC_REPRESENTATION_CONTEXT(2) 
PARAMETRIC_REPRESENTATION_CONTEXT() REPRESENTATION_CONTEXT('2D SPACE',''
  ) );
#7672 = PCURVE('',#319,#7673);
#7673 = DEFINITIONAL_REPRESENTATION('',(#7674),#7678);
#7674 = LINE('',#7675,#7676);
#7675 = CARTESIAN_POINT('',(-1.377738952637,1.274992465973));
#7676 = VECTOR('',#7677,1.);
#7677 = DIRECTION('',(1.,0.));
#7678 = ( GEOMETRIC_REPRESENTATION_CONTEXT(2) 
PARAMETRIC_REPRESENTATION_CONTEXT() REPRESENTATION_CONTEXT('2D SPACE',''
  ) );
#7679 = ORIENTED_EDGE('',*,*,#7680,.T.);
#7680 = EDGE_CURVE('',#7658,#7556,#7681,.T.);
#7681 = SURFACE_CURVE('',#7682,(#7686,#7693),.PCURVE_S1.);
#7682 = LINE('',#7683,#7684);
#7683 = CARTESIAN_POINT('',(343.40829467773,13.381271362305,86.));
#7684 = VECTOR('',#7685,1.);
#7685 = DIRECTION('',(0.999999999998,-1.939548162856E-06,0.));
#7686 = PCURVE('',#7573,#7687);
#7687 = DEFINITIONAL_REPRESENTATION('',(#7688),#7692);
#7688 = LINE('',#7689,#7690);
#7689 = CARTESIAN_POINT('',(-0.249864337534,-1.449870376417));
#7690 = VECTOR('',#7691,1.);
#7691 = DIRECTION('',(1.,0.));
#7692 = ( GEOMETRIC_REPRESENTATION_CONTEXT(2) 
PARAMETRIC_REPRESENTATION_CONTEXT() REPRESENTATION_CONTEXT('2D SPACE',''
  ) );
#7693 = PCURVE('',#291,#7694);
#7694 = DEFINITIONAL_REPRESENTATION('',(#7695),#7699);
#7695 = LINE('',#7696,#7697);
#7696 = CARTESIAN_POINT('',(6.922623067208,1.383112661915));
#7697 = VECTOR('',#7698,1.);
#7698 = DIRECTION('',(1.939548162856E-06,-0.999999999998));
#7699 = ( GEOMETRIC_REPRESENTATION_CONTEXT(2) 
PARAMETRIC_REPRESENTATION_CONTEXT() REPRESENTATION_CONTEXT('2D SPACE',''
  ) );
#7700 = ADVANCED_FACE('',(#7701),#347,.T.);
#7701 = FACE_BOUND('',#7702,.T.);
#7702 = EDGE_LOOP('',(#7703,#7704,#7705,#7706));
#7703 = ORIENTED_EDGE('',*,*,#7634,.F.);
#7704 = ORIENTED_EDGE('',*,*,#7609,.T.);
#7705 = ORIENTED_EDGE('',*,*,#331,.F.);
#7706 = ORIENTED_EDGE('',*,*,#7707,.F.);
#7707 = EDGE_CURVE('',#7635,#304,#7708,.T.);
#7708 = SURFACE_CURVE('',#7709,(#7713,#7720),.PCURVE_S1.);
#7709 = LINE('',#7710,#7711);
#7710 = CARTESIAN_POINT('',(343.40829467773,13.381271362305,
    83.244522094727));
#7711 = VECTOR('',#7712,1.);
#7712 = DIRECTION('',(0.,1.,0.));
#7713 = PCURVE('',#347,#7714);
#7714 = DEFINITIONAL_REPRESENTATION('',(#7715),#7719);
#7715 = LINE('',#7716,#7717);
#7716 = CARTESIAN_POINT('',(0.283884502958,1.274992704392));
#7717 = VECTOR('',#7718,1.);
#7718 = DIRECTION('',(0.,-1.));
#7719 = ( GEOMETRIC_REPRESENTATION_CONTEXT(2) 
PARAMETRIC_REPRESENTATION_CONTEXT() REPRESENTATION_CONTEXT('2D SPACE',''
  ) );
#7720 = PCURVE('',#319,#7721);
#7721 = DEFINITIONAL_REPRESENTATION('',(#7722),#7726);
#7722 = LINE('',#7723,#7724);
#7723 = CARTESIAN_POINT('',(-1.377738952637,1.274992465973));
#7724 = VECTOR('',#7725,1.);
#7725 = DIRECTION('',(0.,-1.));
#7726 = ( GEOMETRIC_REPRESENTATION_CONTEXT(2) 
PARAMETRIC_REPRESENTATION_CONTEXT() REPRESENTATION_CONTEXT('2D SPACE',''
  ) );
#7727 = ADVANCED_FACE('',(#7728),#319,.T.);
#7728 = FACE_BOUND('',#7729,.T.);
#7729 = EDGE_LOOP('',(#7730,#7731,#7732,#7753));
#7730 = ORIENTED_EDGE('',*,*,#7707,.T.);
#7731 = ORIENTED_EDGE('',*,*,#303,.F.);
#7732 = ORIENTED_EDGE('',*,*,#7733,.T.);
#7733 = EDGE_CURVE('',#276,#7658,#7734,.T.);
#7734 = SURFACE_CURVE('',#7735,(#7739,#7746),.PCURVE_S1.);
#7735 = LINE('',#7736,#7737);
#7736 = CARTESIAN_POINT('',(343.40829467773,15.93125629425,86.));
#7737 = VECTOR('',#7738,1.);
#7738 = DIRECTION('',(0.,-1.,0.));
#7739 = PCURVE('',#319,#7740);
#7740 = DEFINITIONAL_REPRESENTATION('',(#7741),#7745);
#7741 = LINE('',#7742,#7743);
#7742 = CARTESIAN_POINT('',(1.377738952637,-1.274992465973));
#7743 = VECTOR('',#7744,1.);
#7744 = DIRECTION('',(0.,1.));
#7745 = ( GEOMETRIC_REPRESENTATION_CONTEXT(2) 
PARAMETRIC_REPRESENTATION_CONTEXT() REPRESENTATION_CONTEXT('2D SPACE',''
  ) );
#7746 = PCURVE('',#291,#7747);
#7747 = DEFINITIONAL_REPRESENTATION('',(#7748),#7752);
#7748 = LINE('',#7749,#7750);
#7749 = CARTESIAN_POINT('',(4.372638135262,1.383112661915));
#7750 = VECTOR('',#7751,1.);
#7751 = DIRECTION('',(1.,0.));
#7752 = ( GEOMETRIC_REPRESENTATION_CONTEXT(2) 
PARAMETRIC_REPRESENTATION_CONTEXT() REPRESENTATION_CONTEXT('2D SPACE',''
  ) );
#7753 = ORIENTED_EDGE('',*,*,#7657,.F.);
#7754 = ADVANCED_FACE('',(#7755),#291,.T.);
#7755 = FACE_BOUND('',#7756,.T.);
#7756 = EDGE_LOOP('',(#7757,#7758,#7759,#7760,#7781,#7782,#7783,#7784,
    #7785,#7786,#7787,#7788,#7789,#7790));
#7757 = ORIENTED_EDGE('',*,*,#7680,.F.);
#7758 = ORIENTED_EDGE('',*,*,#7733,.F.);
#7759 = ORIENTED_EDGE('',*,*,#275,.F.);
#7760 = ORIENTED_EDGE('',*,*,#7761,.T.);
#7761 = EDGE_CURVE('',#248,#5744,#7762,.T.);
#7762 = SURFACE_CURVE('',#7763,(#7767,#7774),.PCURVE_S1.);
#7763 = LINE('',#7764,#7765);
#7764 = CARTESIAN_POINT('',(339.76998901367,15.931263923645,86.));
#7765 = VECTOR('',#7766,1.);
#7766 = DIRECTION('',(0.,1.,0.));
#7767 = PCURVE('',#291,#7768);
#7768 = DEFINITIONAL_REPRESENTATION('',(#7769),#7773);
#7769 = LINE('',#7770,#7771);
#7770 = CARTESIAN_POINT('',(4.372630505868,5.021418325978));
#7771 = VECTOR('',#7772,1.);
#7772 = DIRECTION('',(-1.,-0.));
#7773 = ( GEOMETRIC_REPRESENTATION_CONTEXT(2) 
PARAMETRIC_REPRESENTATION_CONTEXT() REPRESENTATION_CONTEXT('2D SPACE',''
  ) );
#7774 = PCURVE('',#263,#7775);
#7775 = DEFINITIONAL_REPRESENTATION('',(#7776),#7780);
#7776 = LINE('',#7777,#7778);
#7777 = CARTESIAN_POINT('',(2.947257995605,4.499368190765));
#7778 = VECTOR('',#7779,1.);
#7779 = DIRECTION('',(0.,-1.));
#7780 = ( GEOMETRIC_REPRESENTATION_CONTEXT(2) 
PARAMETRIC_REPRESENTATION_CONTEXT() REPRESENTATION_CONTEXT('2D SPACE',''
  ) );
#7781 = ORIENTED_EDGE('',*,*,#5767,.T.);
#7782 = ORIENTED_EDGE('',*,*,#5572,.T.);
#7783 = ORIENTED_EDGE('',*,*,#5666,.T.);
#7784 = ORIENTED_EDGE('',*,*,#5985,.T.);
#7785 = ORIENTED_EDGE('',*,*,#6098,.T.);
#7786 = ORIENTED_EDGE('',*,*,#6154,.T.);
#7787 = ORIENTED_EDGE('',*,*,#6225,.T.);
#7788 = ORIENTED_EDGE('',*,*,#6373,.T.);
#7789 = ORIENTED_EDGE('',*,*,#6425,.T.);
#7790 = ORIENTED_EDGE('',*,*,#7585,.T.);
#7791 = ADVANCED_FACE('',(#7792),#263,.T.);
#7792 = FACE_BOUND('',#7793,.T.);
#7793 = EDGE_LOOP('',(#7794,#7795,#7796,#7817));
#7794 = ORIENTED_EDGE('',*,*,#7761,.F.);
#7795 = ORIENTED_EDGE('',*,*,#247,.F.);
#7796 = ORIENTED_EDGE('',*,*,#7797,.T.);
#7797 = EDGE_CURVE('',#220,#5301,#7798,.T.);
#7798 = SURFACE_CURVE('',#7799,(#7803,#7810),.PCURVE_S1.);
#7799 = LINE('',#7800,#7801);
#7800 = CARTESIAN_POINT('',(339.76998901367,15.931263923645,
    91.894515991211));
#7801 = VECTOR('',#7802,1.);
#7802 = DIRECTION('',(0.,1.,0.));
#7803 = PCURVE('',#263,#7804);
#7804 = DEFINITIONAL_REPRESENTATION('',(#7805),#7809);
#7805 = LINE('',#7806,#7807);
#7806 = CARTESIAN_POINT('',(-2.947257995605,4.499368190765));
#7807 = VECTOR('',#7808,1.);
#7808 = DIRECTION('',(0.,-1.));
#7809 = ( GEOMETRIC_REPRESENTATION_CONTEXT(2) 
PARAMETRIC_REPRESENTATION_CONTEXT() REPRESENTATION_CONTEXT('2D SPACE',''
  ) );
#7810 = PCURVE('',#235,#7811);
#7811 = DEFINITIONAL_REPRESENTATION('',(#7812),#7816);
#7812 = LINE('',#7813,#7814);
#7813 = CARTESIAN_POINT('',(4.499685294924,-1.907393436966E-03));
#7814 = VECTOR('',#7815,1.);
#7815 = DIRECTION('',(-1.,-0.));
#7816 = ( GEOMETRIC_REPRESENTATION_CONTEXT(2) 
PARAMETRIC_REPRESENTATION_CONTEXT() REPRESENTATION_CONTEXT('2D SPACE',''
  ) );
#7817 = ORIENTED_EDGE('',*,*,#5743,.T.);
#7818 = ADVANCED_FACE('',(#7819),#235,.T.);
#7819 = FACE_BOUND('',#7820,.T.);
#7820 = EDGE_LOOP('',(#7821,#7842,#7843,#7844));
#7821 = ORIENTED_EDGE('',*,*,#7822,.F.);
#7822 = EDGE_CURVE('',#5078,#190,#7823,.T.);
#7823 = SURFACE_CURVE('',#7824,(#7828,#7835),.PCURVE_S1.);
#7824 = LINE('',#7825,#7826);
#7825 = CARTESIAN_POINT('',(339.7661743164,24.931268692017,
    91.894515991211));
#7826 = VECTOR('',#7827,1.);
#7827 = DIRECTION('',(0.,-1.,0.));
#7828 = PCURVE('',#235,#7829);
#7829 = DEFINITIONAL_REPRESENTATION('',(#7830),#7834);
#7830 = LINE('',#7831,#7832);
#7831 = CARTESIAN_POINT('',(-4.500319473447,1.907303828659E-03));
#7832 = VECTOR('',#7833,1.);
#7833 = DIRECTION('',(1.,0.));
#7834 = ( GEOMETRIC_REPRESENTATION_CONTEXT(2) 
PARAMETRIC_REPRESENTATION_CONTEXT() REPRESENTATION_CONTEXT('2D SPACE',''
  ) );
#7835 = PCURVE('',#207,#7836);
#7836 = DEFINITIONAL_REPRESENTATION('',(#7837),#7841);
#7837 = LINE('',#7838,#7839);
#7838 = CARTESIAN_POINT('',(-6.933121855013E-03,-7.445970192447));
#7839 = VECTOR('',#7840,1.);
#7840 = DIRECTION('',(0.,1.));
#7841 = ( GEOMETRIC_REPRESENTATION_CONTEXT(2) 
PARAMETRIC_REPRESENTATION_CONTEXT() REPRESENTATION_CONTEXT('2D SPACE',''
  ) );
#7842 = ORIENTED_EDGE('',*,*,#5328,.T.);
#7843 = ORIENTED_EDGE('',*,*,#7797,.F.);
#7844 = ORIENTED_EDGE('',*,*,#219,.F.);
#7845 = ADVANCED_FACE('',(#7846),#207,.T.);
#7846 = FACE_BOUND('',#7847,.T.);
#7847 = EDGE_LOOP('',(#7848,#7849,#7850,#7851,#7852,#7853,#7854,#7855,
    #7856,#7857,#7858));
#7848 = ORIENTED_EDGE('',*,*,#1116,.T.);
#7849 = ORIENTED_EDGE('',*,*,#1355,.T.);
#7850 = ORIENTED_EDGE('',*,*,#4126,.T.);
#7851 = ORIENTED_EDGE('',*,*,#4172,.T.);
#7852 = ORIENTED_EDGE('',*,*,#4600,.T.);
#7853 = ORIENTED_EDGE('',*,*,#4646,.T.);
#7854 = ORIENTED_EDGE('',*,*,#4722,.T.);
#7855 = ORIENTED_EDGE('',*,*,#5913,.T.);
#7856 = ORIENTED_EDGE('',*,*,#5075,.T.);
#7857 = ORIENTED_EDGE('',*,*,#7822,.T.);
#7858 = ORIENTED_EDGE('',*,*,#189,.T.);
#7859 = ADVANCED_FACE('',(#7860),#72,.T.);
#7860 = FACE_BOUND('',#7861,.T.);
#7861 = EDGE_LOOP('',(#7862,#7863,#7884,#7885));
#7862 = ORIENTED_EDGE('',*,*,#56,.F.);
#7863 = ORIENTED_EDGE('',*,*,#7864,.F.);
#7864 = EDGE_CURVE('',#954,#24,#7865,.T.);
#7865 = SURFACE_CURVE('',#7866,(#7870,#7877),.PCURVE_S1.);
#7866 = LINE('',#7867,#7868);
#7867 = CARTESIAN_POINT('',(346.53546142578,15.931265830994,81.75));
#7868 = VECTOR('',#7869,1.);
#7869 = DIRECTION('',(0.,-1.,0.));
#7870 = PCURVE('',#72,#7871);
#7871 = DEFINITIONAL_REPRESENTATION('',(#7872),#7876);
#7872 = LINE('',#7873,#7874);
#7873 = CARTESIAN_POINT('',(-0.155474606319,-1.274999856949));
#7874 = VECTOR('',#7875,1.);
#7875 = DIRECTION('',(-0.,1.));
#7876 = ( GEOMETRIC_REPRESENTATION_CONTEXT(2) 
PARAMETRIC_REPRESENTATION_CONTEXT() REPRESENTATION_CONTEXT('2D SPACE',''
  ) );
#7877 = PCURVE('',#44,#7878);
#7878 = DEFINITIONAL_REPRESENTATION('',(#7879),#7883);
#7879 = LINE('',#7880,#7881);
#7880 = CARTESIAN_POINT('',(-1.263923937997,1.052222794409));
#7881 = VECTOR('',#7882,1.);
#7882 = DIRECTION('',(1.,0.));
#7883 = ( GEOMETRIC_REPRESENTATION_CONTEXT(2) 
PARAMETRIC_REPRESENTATION_CONTEXT() REPRESENTATION_CONTEXT('2D SPACE',''
  ) );
#7884 = ORIENTED_EDGE('',*,*,#953,.F.);
#7885 = ORIENTED_EDGE('',*,*,#114,.F.);
#7886 = ADVANCED_FACE('',(#7887),#44,.T.);
#7887 = FACE_BOUND('',#7888,.T.);
#7888 = EDGE_LOOP('',(#7889,#7890,#7891,#7892,#7893,#7894,#7895,#7896,
    #7897,#7898));
#7889 = ORIENTED_EDGE('',*,*,#7864,.T.);
#7890 = ORIENTED_EDGE('',*,*,#21,.F.);
#7891 = ORIENTED_EDGE('',*,*,#165,.F.);
#7892 = ORIENTED_EDGE('',*,*,#931,.F.);
#7893 = ORIENTED_EDGE('',*,*,#7175,.F.);
#7894 = ORIENTED_EDGE('',*,*,#6447,.F.);
#7895 = ORIENTED_EDGE('',*,*,#6322,.T.);
#7896 = ORIENTED_EDGE('',*,*,#6635,.F.);
#7897 = ORIENTED_EDGE('',*,*,#6794,.F.);
#7898 = ORIENTED_EDGE('',*,*,#976,.F.);
#7899 = ( GEOMETRIC_REPRESENTATION_CONTEXT(3) 
GLOBAL_UNCERTAINTY_ASSIGNED_CONTEXT((#7903)) 
GLOBAL_UNIT_ASSIGNED_CONTEXT((#7900,#7901,#7902)) REPRESENTATION_CONTEXT
('Context #1','3D Context with UNIT and UNCERTAINTY') );
#7900 = ( LENGTH_UNIT() NAMED_UNIT(*) SI_UNIT(.MILLI.,.METRE.) );
#7901 = ( NAMED_UNIT(*) PLANE_ANGLE_UNIT() SI_UNIT($,.RADIAN.) );
#7902 = ( NAMED_UNIT(*) SI_UNIT($,.STERADIAN.) SOLID_ANGLE_UNIT() );
#7903 = UNCERTAINTY_MEASURE_WITH_UNIT(LENGTH_MEASURE(2.E-04),#7900,
  'distance_accuracy_value','confusion accuracy');
#7904 = PRODUCT_RELATED_PRODUCT_CATEGORY('part',$,(#7));
ENDSEC;
END-ISO-10303-21;
