ISO-10303-21;
HEADER;
FILE_DESCRIPTION(('Open CASCADE Model'),'2;1');
FILE_NAME('Open CASCADE Shape Model','2026-09-24T16:24:43',('Author'),(
    'Open CASCADE'),'Open CASCADE STEP processor 7.9','Open CASCADE 7.9'
  ,'Unknown');
FILE_SCHEMA(('AUTOMOTIVE_DESIGN { 1 0 10303 214 1 1 1 1 }'));
ENDSEC;
DATA;
#1 = APPLICATION_PROTOCOL_DEFINITION('international standard',
  'automotive_design',2000,#2);
#2 = APPLICATION_CONTEXT(
  'core data for automotive mechanical design processes');
#3 = SHAPE_DEFINITION_REPRESENTATION(#4,#10);
#4 = PRODUCT_DEFINITION_SHAPE('','',#5);
#5 = PRODUCT_DEFINITION('design','',#6,#9);
#6 = PRODUCT_DEFINITION_FORMATION('','',#7);
#7 = PRODUCT('Open CASCADE STEP translator 7.9 10',
  'Open CASCADE STEP translator 7.9 10','',(#8));
#8 = PRODUCT_CONTEXT('',#2,'mechanical');
#9 = PRODUCT_DEFINITION_CONTEXT('part definition',#2,'design');
#10 = ADVANCED_BREP_SHAPE_REPRESENTATION('',(#11,#15),#2311);
#11 = AXIS2_PLACEMENT_3D('',#12,#13,#14);
#12 = CARTESIAN_POINT('',(0.,0.,0.));
#13 = DIRECTION('',(0.,0.,1.));
#14 = DIRECTION('',(1.,0.,-0.));
#15 = MANIFOLD_SOLID_BREP('',#16);
#16 = CLOSED_SHELL('',(#17,#337,#392,#451,#527,#581,#630,#662,#733,#787,
    #841,#868,#923,#1063,#1146,#1507,#1562,#1616,#1670,#1724,#2075,#2129
    ,#2184,#2211,#2238,#2254,#2284));
#17 = ADVANCED_FACE('',(#18,#54,#89,#213),#31,.F.);
#18 = FACE_BOUND('',#19,.T.);
#19 = EDGE_LOOP('',(#20));
#20 = ORIENTED_EDGE('',*,*,#21,.F.);
#21 = EDGE_CURVE('',#22,#22,#24,.T.);
#22 = VERTEX_POINT('',#23);
#23 = CARTESIAN_POINT('',(57.5,0.,0.));
#24 = SURFACE_CURVE('',#25,(#30,#42),.PCURVE_S1.);
#25 = CIRCLE('',#26,57.5);
#26 = AXIS2_PLACEMENT_3D('',#27,#28,#29);
#27 = CARTESIAN_POINT('',(0.,0.,0.));
#28 = DIRECTION('',(0.,0.,1.));
#29 = DIRECTION('',(1.,0.,-0.));
#30 = PCURVE('',#31,#36);
#31 = PLANE('',#32);
#32 = AXIS2_PLACEMENT_3D('',#33,#34,#35);
#33 = CARTESIAN_POINT('',(0.,0.,0.));
#34 = DIRECTION('',(0.,0.,1.));
#35 = DIRECTION('',(1.,0.,-0.));
#36 = DEFINITIONAL_REPRESENTATION('',(#37),#41);
#37 = CIRCLE('',#38,57.5);
#38 = AXIS2_PLACEMENT_2D('',#39,#40);
#39 = CARTESIAN_POINT('',(0.,0.));
#40 = DIRECTION('',(1.,-0.));
#41 = ( GEOMETRIC_REPRESENTATION_CONTEXT(2) 
PARAMETRIC_REPRESENTATION_CONTEXT() REPRESENTATION_CONTEXT('2D SPACE',''
  ) );
#42 = PCURVE('',#43,#48);
#43 = CYLINDRICAL_SURFACE('',#44,57.5);
#44 = AXIS2_PLACEMENT_3D('',#45,#46,#47);
#45 = CARTESIAN_POINT('',(0.,0.,0.));
#46 = DIRECTION('',(0.,0.,1.));
#47 = DIRECTION('',(1.,0.,-0.));
#48 = DEFINITIONAL_REPRESENTATION('',(#49),#53);
#49 = LINE('',#50,#51);
#50 = CARTESIAN_POINT('',(0.,0.));
#51 = VECTOR('',#52,1.);
#52 = DIRECTION('',(1.,0.));
#53 = ( GEOMETRIC_REPRESENTATION_CONTEXT(2) 
PARAMETRIC_REPRESENTATION_CONTEXT() REPRESENTATION_CONTEXT('2D SPACE',''
  ) );
#54 = FACE_BOUND('',#55,.T.);
#55 = EDGE_LOOP('',(#56));
#56 = ORIENTED_EDGE('',*,*,#57,.F.);
#57 = EDGE_CURVE('',#58,#58,#60,.T.);
#58 = VERTEX_POINT('',#59);
#59 = CARTESIAN_POINT('',(2.3,0.,0.));
#60 = SURFACE_CURVE('',#61,(#66,#77),.PCURVE_S1.);
#61 = CIRCLE('',#62,2.3);
#62 = AXIS2_PLACEMENT_3D('',#63,#64,#65);
#63 = CARTESIAN_POINT('',(0.,0.,0.));
#64 = DIRECTION('',(0.,0.,-1.));
#65 = DIRECTION('',(1.,0.,0.));
#66 = PCURVE('',#31,#67);
#67 = DEFINITIONAL_REPRESENTATION('',(#68),#76);
#68 = ( BOUNDED_CURVE() B_SPLINE_CURVE(2,(#69,#70,#71,#72,#73,#74,#75),
.UNSPECIFIED.,.T.,.F.) B_SPLINE_CURVE_WITH_KNOTS((1,2,2,2,2,1),(
    -2.094395102393,0.,2.094395102393,4.188790204786,6.28318530718,
8.377580409573),.UNSPECIFIED.) CURVE() GEOMETRIC_REPRESENTATION_ITEM() 
RATIONAL_B_SPLINE_CURVE((1.,0.5,1.,0.5,1.,0.5,1.)) REPRESENTATION_ITEM(
  '') );
#69 = CARTESIAN_POINT('',(2.3,0.));
#70 = CARTESIAN_POINT('',(2.3,-3.983716857408));
#71 = CARTESIAN_POINT('',(-1.15,-1.991858428704));
#72 = CARTESIAN_POINT('',(-4.6,-5.633375276078E-16));
#73 = CARTESIAN_POINT('',(-1.15,1.991858428704));
#74 = CARTESIAN_POINT('',(2.3,3.983716857408));
#75 = CARTESIAN_POINT('',(2.3,0.));
#76 = ( GEOMETRIC_REPRESENTATION_CONTEXT(2) 
PARAMETRIC_REPRESENTATION_CONTEXT() REPRESENTATION_CONTEXT('2D SPACE',''
  ) );
#77 = PCURVE('',#78,#83);
#78 = CYLINDRICAL_SURFACE('',#79,2.3);
#79 = AXIS2_PLACEMENT_3D('',#80,#81,#82);
#80 = CARTESIAN_POINT('',(0.,0.,-1.));
#81 = DIRECTION('',(-0.,-0.,-1.));
#82 = DIRECTION('',(1.,0.,0.));
#83 = DEFINITIONAL_REPRESENTATION('',(#84),#88);
#84 = LINE('',#85,#86);
#85 = CARTESIAN_POINT('',(-6.28318530718,-1.));
#86 = VECTOR('',#87,1.);
#87 = DIRECTION('',(1.,-0.));
#88 = ( GEOMETRIC_REPRESENTATION_CONTEXT(2) 
PARAMETRIC_REPRESENTATION_CONTEXT() REPRESENTATION_CONTEXT('2D SPACE',''
  ) );
#89 = FACE_BOUND('',#90,.T.);
#90 = EDGE_LOOP('',(#91,#121,#154,#182));
#91 = ORIENTED_EDGE('',*,*,#92,.F.);
#92 = EDGE_CURVE('',#93,#95,#97,.T.);
#93 = VERTEX_POINT('',#94);
#94 = CARTESIAN_POINT('',(8.663126844434,28.772212867231,0.));
#95 = VERTEX_POINT('',#96);
#96 = CARTESIAN_POINT('',(12.767368564342,40.048524316662,0.));
#97 = SURFACE_CURVE('',#98,(#102,#109),.PCURVE_S1.);
#98 = LINE('',#99,#100);
#99 = CARTESIAN_POINT('',(3.532824694549,14.676823555442,
    1.7763568394E-15));
#100 = VECTOR('',#101,1.);
#101 = DIRECTION('',(0.342020143326,0.939692620786,-0.));
#102 = PCURVE('',#31,#103);
#103 = DEFINITIONAL_REPRESENTATION('',(#104),#108);
#104 = LINE('',#105,#106);
#105 = CARTESIAN_POINT('',(3.532824694549,14.676823555442));
#106 = VECTOR('',#107,1.);
#107 = DIRECTION('',(0.342020143326,0.939692620786));
#108 = ( GEOMETRIC_REPRESENTATION_CONTEXT(2) 
PARAMETRIC_REPRESENTATION_CONTEXT() REPRESENTATION_CONTEXT('2D SPACE',''
  ) );
#109 = PCURVE('',#110,#115);
#110 = PLANE('',#111);
#111 = AXIS2_PLACEMENT_3D('',#112,#113,#114);
#112 = CARTESIAN_POINT('',(8.663126844434,28.772212867231,-13.));
#113 = DIRECTION('',(-0.939692620786,0.342020143326,0.));
#114 = DIRECTION('',(0.342020143326,0.939692620786,0.));
#115 = DEFINITIONAL_REPRESENTATION('',(#116),#120);
#116 = LINE('',#117,#118);
#117 = CARTESIAN_POINT('',(-15.,-13.));
#118 = VECTOR('',#119,1.);
#119 = DIRECTION('',(1.,0.));
#120 = ( GEOMETRIC_REPRESENTATION_CONTEXT(2) 
PARAMETRIC_REPRESENTATION_CONTEXT() REPRESENTATION_CONTEXT('2D SPACE',''
  ) );
#121 = ORIENTED_EDGE('',*,*,#122,.F.);
#122 = EDGE_CURVE('',#123,#93,#125,.T.);
#123 = VERTEX_POINT('',#124);
#124 = CARTESIAN_POINT('',(11.858081755106,27.609344379924,0.));
#125 = SURFACE_CURVE('',#126,(#131,#142),.PCURVE_S1.);
#126 = CIRCLE('',#127,1.7);
#127 = AXIS2_PLACEMENT_3D('',#128,#129,#130);
#128 = CARTESIAN_POINT('',(10.26060429977,28.190778623577,0.));
#129 = DIRECTION('',(0.,0.,-1.));
#130 = DIRECTION('',(0.939692620786,-0.342020143326,0.));
#131 = PCURVE('',#31,#132);
#132 = DEFINITIONAL_REPRESENTATION('',(#133),#141);
#133 = ( BOUNDED_CURVE() B_SPLINE_CURVE(2,(#134,#135,#136,#137,#138,#139
,#140),.UNSPECIFIED.,.T.,.F.) B_SPLINE_CURVE_WITH_KNOTS((1,2,2,2,2,1),(
    -2.094395102393,0.,2.094395102393,4.188790204786,6.28318530718,
8.377580409573),.UNSPECIFIED.) CURVE() GEOMETRIC_REPRESENTATION_ITEM() 
RATIONAL_B_SPLINE_CURVE((1.,0.5,1.,0.5,1.,0.5,1.)) REPRESENTATION_ITEM(
  '') );
#134 = CARTESIAN_POINT('',(11.858081755106,27.609344379924));
#135 = CARTESIAN_POINT('',(10.851008103838,24.842432263336));
#136 = CARTESIAN_POINT('',(8.958328746468,27.09803968711));
#137 = CARTESIAN_POINT('',(7.065649389098,29.353647110885));
#138 = CARTESIAN_POINT('',(9.965402397736,29.864951803698));
#139 = CARTESIAN_POINT('',(12.865155406375,30.376256496511));
#140 = CARTESIAN_POINT('',(11.858081755106,27.609344379924));
#141 = ( GEOMETRIC_REPRESENTATION_CONTEXT(2) 
PARAMETRIC_REPRESENTATION_CONTEXT() REPRESENTATION_CONTEXT('2D SPACE',''
  ) );
#142 = PCURVE('',#143,#148);
#143 = CYLINDRICAL_SURFACE('',#144,1.7);
#144 = AXIS2_PLACEMENT_3D('',#145,#146,#147);
#145 = CARTESIAN_POINT('',(10.26060429977,28.190778623577,-13.));
#146 = DIRECTION('',(0.,0.,-1.));
#147 = DIRECTION('',(0.939692620786,-0.342020143326,0.));
#148 = DEFINITIONAL_REPRESENTATION('',(#149),#153);
#149 = LINE('',#150,#151);
#150 = CARTESIAN_POINT('',(0.,-13.));
#151 = VECTOR('',#152,1.);
#152 = DIRECTION('',(1.,0.));
#153 = ( GEOMETRIC_REPRESENTATION_CONTEXT(2) 
PARAMETRIC_REPRESENTATION_CONTEXT() REPRESENTATION_CONTEXT('2D SPACE',''
  ) );
#154 = ORIENTED_EDGE('',*,*,#155,.F.);
#155 = EDGE_CURVE('',#156,#123,#158,.T.);
#156 = VERTEX_POINT('',#157);
#157 = CARTESIAN_POINT('',(15.962323475014,38.885655829355,0.));
#158 = SURFACE_CURVE('',#159,(#163,#170),.PCURVE_S1.);
#159 = LINE('',#160,#161);
#160 = CARTESIAN_POINT('',(8.779900465175,19.15211079285,
    1.7763568394E-15));
#161 = VECTOR('',#162,1.);
#162 = DIRECTION('',(-0.342020143326,-0.939692620786,0.));
#163 = PCURVE('',#31,#164);
#164 = DEFINITIONAL_REPRESENTATION('',(#165),#169);
#165 = LINE('',#166,#167);
#166 = CARTESIAN_POINT('',(8.779900465175,19.15211079285));
#167 = VECTOR('',#168,1.);
#168 = DIRECTION('',(-0.342020143326,-0.939692620786));
#169 = ( GEOMETRIC_REPRESENTATION_CONTEXT(2) 
PARAMETRIC_REPRESENTATION_CONTEXT() REPRESENTATION_CONTEXT('2D SPACE',''
  ) );
#170 = PCURVE('',#171,#176);
#171 = PLANE('',#172);
#172 = AXIS2_PLACEMENT_3D('',#173,#174,#175);
#173 = CARTESIAN_POINT('',(15.962323475014,38.885655829355,-13.));
#174 = DIRECTION('',(0.939692620786,-0.342020143326,0.));
#175 = DIRECTION('',(-0.342020143326,-0.939692620786,0.));
#176 = DEFINITIONAL_REPRESENTATION('',(#177),#181);
#177 = LINE('',#178,#179);
#178 = CARTESIAN_POINT('',(21.,-13.));
#179 = VECTOR('',#180,1.);
#180 = DIRECTION('',(1.,0.));
#181 = ( GEOMETRIC_REPRESENTATION_CONTEXT(2) 
PARAMETRIC_REPRESENTATION_CONTEXT() REPRESENTATION_CONTEXT('2D SPACE',''
  ) );
#182 = ORIENTED_EDGE('',*,*,#183,.F.);
#183 = EDGE_CURVE('',#95,#156,#184,.T.);
#184 = SURFACE_CURVE('',#185,(#190,#201),.PCURVE_S1.);
#185 = CIRCLE('',#186,1.7);
#186 = AXIS2_PLACEMENT_3D('',#187,#188,#189);
#187 = CARTESIAN_POINT('',(14.364846019678,39.467090073008,0.));
#188 = DIRECTION('',(0.,0.,-1.));
#189 = DIRECTION('',(-0.939692620786,0.342020143326,0.));
#190 = PCURVE('',#31,#191);
#191 = DEFINITIONAL_REPRESENTATION('',(#192),#200);
#192 = ( BOUNDED_CURVE() B_SPLINE_CURVE(2,(#193,#194,#195,#196,#197,#198
,#199),.UNSPECIFIED.,.T.,.F.) B_SPLINE_CURVE_WITH_KNOTS((1,2,2,2,2,1),(
    -2.094395102393,0.,2.094395102393,4.188790204786,6.28318530718,
8.377580409573),.UNSPECIFIED.) CURVE() GEOMETRIC_REPRESENTATION_ITEM() 
RATIONAL_B_SPLINE_CURVE((1.,0.5,1.,0.5,1.,0.5,1.)) REPRESENTATION_ITEM(
  '') );
#193 = CARTESIAN_POINT('',(12.767368564342,40.048524316662));
#194 = CARTESIAN_POINT('',(13.774442215611,42.81543643325));
#195 = CARTESIAN_POINT('',(15.66712157298,40.559829009475));
#196 = CARTESIAN_POINT('',(17.55980093035,38.304221585701));
#197 = CARTESIAN_POINT('',(14.660047921712,37.792916892887));
#198 = CARTESIAN_POINT('',(11.760294913074,37.281612200074));
#199 = CARTESIAN_POINT('',(12.767368564342,40.048524316662));
#200 = ( GEOMETRIC_REPRESENTATION_CONTEXT(2) 
PARAMETRIC_REPRESENTATION_CONTEXT() REPRESENTATION_CONTEXT('2D SPACE',''
  ) );
#201 = PCURVE('',#202,#207);
#202 = CYLINDRICAL_SURFACE('',#203,1.7);
#203 = AXIS2_PLACEMENT_3D('',#204,#205,#206);
#204 = CARTESIAN_POINT('',(14.364846019678,39.467090073008,-13.));
#205 = DIRECTION('',(0.,0.,-1.));
#206 = DIRECTION('',(-0.939692620786,0.342020143326,0.));
#207 = DEFINITIONAL_REPRESENTATION('',(#208),#212);
#208 = LINE('',#209,#210);
#209 = CARTESIAN_POINT('',(0.,-13.));
#210 = VECTOR('',#211,1.);
#211 = DIRECTION('',(1.,0.));
#212 = ( GEOMETRIC_REPRESENTATION_CONTEXT(2) 
PARAMETRIC_REPRESENTATION_CONTEXT() REPRESENTATION_CONTEXT('2D SPACE',''
  ) );
#213 = FACE_BOUND('',#214,.T.);
#214 = EDGE_LOOP('',(#215,#245,#278,#306));
#215 = ORIENTED_EDGE('',*,*,#216,.F.);
#216 = EDGE_CURVE('',#217,#219,#221,.T.);
#217 = VERTEX_POINT('',#218);
#218 = CARTESIAN_POINT('',(-11.8580817551,27.609344379924,0.));
#219 = VERTEX_POINT('',#220);
#220 = CARTESIAN_POINT('',(-15.96232347501,38.885655829355,0.));
#221 = SURFACE_CURVE('',#222,(#226,#233),.PCURVE_S1.);
#222 = LINE('',#223,#224);
#223 = CARTESIAN_POINT('',(-6.727779605221,13.513955068135,0.));
#224 = VECTOR('',#225,1.);
#225 = DIRECTION('',(-0.342020143326,0.939692620786,0.));
#226 = PCURVE('',#31,#227);
#227 = DEFINITIONAL_REPRESENTATION('',(#228),#232);
#228 = LINE('',#229,#230);
#229 = CARTESIAN_POINT('',(-6.727779605221,13.513955068135));
#230 = VECTOR('',#231,1.);
#231 = DIRECTION('',(-0.342020143326,0.939692620786));
#232 = ( GEOMETRIC_REPRESENTATION_CONTEXT(2) 
PARAMETRIC_REPRESENTATION_CONTEXT() REPRESENTATION_CONTEXT('2D SPACE',''
  ) );
#233 = PCURVE('',#234,#239);
#234 = PLANE('',#235);
#235 = AXIS2_PLACEMENT_3D('',#236,#237,#238);
#236 = CARTESIAN_POINT('',(-11.8580817551,27.609344379924,-13.));
#237 = DIRECTION('',(-0.939692620786,-0.342020143326,0.));
#238 = DIRECTION('',(-0.342020143326,0.939692620786,0.));
#239 = DEFINITIONAL_REPRESENTATION('',(#240),#244);
#240 = LINE('',#241,#242);
#241 = CARTESIAN_POINT('',(-15.,-13.));
#242 = VECTOR('',#243,1.);
#243 = DIRECTION('',(1.,0.));
#244 = ( GEOMETRIC_REPRESENTATION_CONTEXT(2) 
PARAMETRIC_REPRESENTATION_CONTEXT() REPRESENTATION_CONTEXT('2D SPACE',''
  ) );
#245 = ORIENTED_EDGE('',*,*,#246,.F.);
#246 = EDGE_CURVE('',#247,#217,#249,.T.);
#247 = VERTEX_POINT('',#248);
#248 = CARTESIAN_POINT('',(-8.663126844434,28.772212867231,0.));
#249 = SURFACE_CURVE('',#250,(#255,#266),.PCURVE_S1.);
#250 = CIRCLE('',#251,1.7);
#251 = AXIS2_PLACEMENT_3D('',#252,#253,#254);
#252 = CARTESIAN_POINT('',(-10.26060429977,28.190778623577,0.));
#253 = DIRECTION('',(0.,0.,-1.));
#254 = DIRECTION('',(0.939692620786,0.342020143326,0.));
#255 = PCURVE('',#31,#256);
#256 = DEFINITIONAL_REPRESENTATION('',(#257),#265);
#257 = ( BOUNDED_CURVE() B_SPLINE_CURVE(2,(#258,#259,#260,#261,#262,#263
,#264),.UNSPECIFIED.,.T.,.F.) B_SPLINE_CURVE_WITH_KNOTS((1,2,2,2,2,1),(
    -2.094395102393,0.,2.094395102393,4.188790204786,6.28318530718,
8.377580409573),.UNSPECIFIED.) CURVE() GEOMETRIC_REPRESENTATION_ITEM() 
RATIONAL_B_SPLINE_CURVE((1.,0.5,1.,0.5,1.,0.5,1.)) REPRESENTATION_ITEM(
  '') );
#258 = CARTESIAN_POINT('',(-8.663126844434,28.772212867231));
#259 = CARTESIAN_POINT('',(-7.656053193166,26.005300750643));
#260 = CARTESIAN_POINT('',(-10.5558062018,26.516605443456));
#261 = CARTESIAN_POINT('',(-13.45555921044,27.02791013627));
#262 = CARTESIAN_POINT('',(-11.56287985307,29.283517560044));
#263 = CARTESIAN_POINT('',(-9.670200495702,31.539124983819));
#264 = CARTESIAN_POINT('',(-8.663126844434,28.772212867231));
#265 = ( GEOMETRIC_REPRESENTATION_CONTEXT(2) 
PARAMETRIC_REPRESENTATION_CONTEXT() REPRESENTATION_CONTEXT('2D SPACE',''
  ) );
#266 = PCURVE('',#267,#272);
#267 = CYLINDRICAL_SURFACE('',#268,1.7);
#268 = AXIS2_PLACEMENT_3D('',#269,#270,#271);
#269 = CARTESIAN_POINT('',(-10.26060429977,28.190778623577,-13.));
#270 = DIRECTION('',(0.,0.,-1.));
#271 = DIRECTION('',(0.939692620786,0.342020143326,0.));
#272 = DEFINITIONAL_REPRESENTATION('',(#273),#277);
#273 = LINE('',#274,#275);
#274 = CARTESIAN_POINT('',(0.,-13.));
#275 = VECTOR('',#276,1.);
#276 = DIRECTION('',(1.,0.));
#277 = ( GEOMETRIC_REPRESENTATION_CONTEXT(2) 
PARAMETRIC_REPRESENTATION_CONTEXT() REPRESENTATION_CONTEXT('2D SPACE',''
  ) );
#278 = ORIENTED_EDGE('',*,*,#279,.F.);
#279 = EDGE_CURVE('',#280,#247,#282,.T.);
#280 = VERTEX_POINT('',#281);
#281 = CARTESIAN_POINT('',(-12.76736856434,40.048524316662,0.));
#282 = SURFACE_CURVE('',#283,(#287,#294),.PCURVE_S1.);
#283 = LINE('',#284,#285);
#284 = CARTESIAN_POINT('',(-5.584945554503,20.314979280158,0.));
#285 = VECTOR('',#286,1.);
#286 = DIRECTION('',(0.342020143326,-0.939692620786,0.));
#287 = PCURVE('',#31,#288);
#288 = DEFINITIONAL_REPRESENTATION('',(#289),#293);
#289 = LINE('',#290,#291);
#290 = CARTESIAN_POINT('',(-5.584945554503,20.314979280158));
#291 = VECTOR('',#292,1.);
#292 = DIRECTION('',(0.342020143326,-0.939692620786));
#293 = ( GEOMETRIC_REPRESENTATION_CONTEXT(2) 
PARAMETRIC_REPRESENTATION_CONTEXT() REPRESENTATION_CONTEXT('2D SPACE',''
  ) );
#294 = PCURVE('',#295,#300);
#295 = PLANE('',#296);
#296 = AXIS2_PLACEMENT_3D('',#297,#298,#299);
#297 = CARTESIAN_POINT('',(-12.76736856434,40.048524316662,-13.));
#298 = DIRECTION('',(0.939692620786,0.342020143326,0.));
#299 = DIRECTION('',(0.342020143326,-0.939692620786,0.));
#300 = DEFINITIONAL_REPRESENTATION('',(#301),#305);
#301 = LINE('',#302,#303);
#302 = CARTESIAN_POINT('',(21.,-13.));
#303 = VECTOR('',#304,1.);
#304 = DIRECTION('',(1.,0.));
#305 = ( GEOMETRIC_REPRESENTATION_CONTEXT(2) 
PARAMETRIC_REPRESENTATION_CONTEXT() REPRESENTATION_CONTEXT('2D SPACE',''
  ) );
#306 = ORIENTED_EDGE('',*,*,#307,.F.);
#307 = EDGE_CURVE('',#219,#280,#308,.T.);
#308 = SURFACE_CURVE('',#309,(#314,#325),.PCURVE_S1.);
#309 = CIRCLE('',#310,1.7);
#310 = AXIS2_PLACEMENT_3D('',#311,#312,#313);
#311 = CARTESIAN_POINT('',(-14.36484601967,39.467090073008,0.));
#312 = DIRECTION('',(-0.,0.,-1.));
#313 = DIRECTION('',(-0.939692620786,-0.342020143326,0.));
#314 = PCURVE('',#31,#315);
#315 = DEFINITIONAL_REPRESENTATION('',(#316),#324);
#316 = ( BOUNDED_CURVE() B_SPLINE_CURVE(2,(#317,#318,#319,#320,#321,#322
,#323),.UNSPECIFIED.,.T.,.F.) B_SPLINE_CURVE_WITH_KNOTS((1,2,2,2,2,1),(
    -2.094395102393,0.,2.094395102393,4.188790204786,6.28318530718,
8.377580409573),.UNSPECIFIED.) CURVE() GEOMETRIC_REPRESENTATION_ITEM() 
RATIONAL_B_SPLINE_CURVE((1.,0.5,1.,0.5,1.,0.5,1.)) REPRESENTATION_ITEM(
  '') );
#317 = CARTESIAN_POINT('',(-15.96232347501,38.885655829355));
#318 = CARTESIAN_POINT('',(-16.96939712628,41.652567945942));
#319 = CARTESIAN_POINT('',(-14.06964411764,41.141263253129));
#320 = CARTESIAN_POINT('',(-11.169891109,40.629958560315));
#321 = CARTESIAN_POINT('',(-13.06257046637,38.374351136541));
#322 = CARTESIAN_POINT('',(-14.95524982374,36.118743712767));
#323 = CARTESIAN_POINT('',(-15.96232347501,38.885655829355));
#324 = ( GEOMETRIC_REPRESENTATION_CONTEXT(2) 
PARAMETRIC_REPRESENTATION_CONTEXT() REPRESENTATION_CONTEXT('2D SPACE',''
  ) );
#325 = PCURVE('',#326,#331);
#326 = CYLINDRICAL_SURFACE('',#327,1.7);
#327 = AXIS2_PLACEMENT_3D('',#328,#329,#330);
#328 = CARTESIAN_POINT('',(-14.36484601967,39.467090073008,-13.));
#329 = DIRECTION('',(-0.,0.,-1.));
#330 = DIRECTION('',(-0.939692620786,-0.342020143326,0.));
#331 = DEFINITIONAL_REPRESENTATION('',(#332),#336);
#332 = LINE('',#333,#334);
#333 = CARTESIAN_POINT('',(0.,-13.));
#334 = VECTOR('',#335,1.);
#335 = DIRECTION('',(1.,0.));
#336 = ( GEOMETRIC_REPRESENTATION_CONTEXT(2) 
PARAMETRIC_REPRESENTATION_CONTEXT() REPRESENTATION_CONTEXT('2D SPACE',''
  ) );
#337 = ADVANCED_FACE('',(#338),#43,.T.);
#338 = FACE_BOUND('',#339,.T.);
#339 = EDGE_LOOP('',(#340,#341,#364,#391));
#340 = ORIENTED_EDGE('',*,*,#21,.T.);
#341 = ORIENTED_EDGE('',*,*,#342,.T.);
#342 = EDGE_CURVE('',#22,#343,#345,.T.);
#343 = VERTEX_POINT('',#344);
#344 = CARTESIAN_POINT('',(57.5,0.,1.5));
#345 = SEAM_CURVE('',#346,(#350,#357),.PCURVE_S1.);
#346 = LINE('',#347,#348);
#347 = CARTESIAN_POINT('',(57.5,0.,0.));
#348 = VECTOR('',#349,1.);
#349 = DIRECTION('',(0.,0.,1.));
#350 = PCURVE('',#43,#351);
#351 = DEFINITIONAL_REPRESENTATION('',(#352),#356);
#352 = LINE('',#353,#354);
#353 = CARTESIAN_POINT('',(0.,0.));
#354 = VECTOR('',#355,1.);
#355 = DIRECTION('',(0.,1.));
#356 = ( GEOMETRIC_REPRESENTATION_CONTEXT(2) 
PARAMETRIC_REPRESENTATION_CONTEXT() REPRESENTATION_CONTEXT('2D SPACE',''
  ) );
#357 = PCURVE('',#43,#358);
#358 = DEFINITIONAL_REPRESENTATION('',(#359),#363);
#359 = LINE('',#360,#361);
#360 = CARTESIAN_POINT('',(6.28318530718,0.));
#361 = VECTOR('',#362,1.);
#362 = DIRECTION('',(0.,1.));
#363 = ( GEOMETRIC_REPRESENTATION_CONTEXT(2) 
PARAMETRIC_REPRESENTATION_CONTEXT() REPRESENTATION_CONTEXT('2D SPACE',''
  ) );
#364 = ORIENTED_EDGE('',*,*,#365,.F.);
#365 = EDGE_CURVE('',#343,#343,#366,.T.);
#366 = SURFACE_CURVE('',#367,(#372,#379),.PCURVE_S1.);
#367 = CIRCLE('',#368,57.5);
#368 = AXIS2_PLACEMENT_3D('',#369,#370,#371);
#369 = CARTESIAN_POINT('',(0.,0.,1.5));
#370 = DIRECTION('',(0.,0.,1.));
#371 = DIRECTION('',(1.,0.,-0.));
#372 = PCURVE('',#43,#373);
#373 = DEFINITIONAL_REPRESENTATION('',(#374),#378);
#374 = LINE('',#375,#376);
#375 = CARTESIAN_POINT('',(0.,1.5));
#376 = VECTOR('',#377,1.);
#377 = DIRECTION('',(1.,0.));
#378 = ( GEOMETRIC_REPRESENTATION_CONTEXT(2) 
PARAMETRIC_REPRESENTATION_CONTEXT() REPRESENTATION_CONTEXT('2D SPACE',''
  ) );
#379 = PCURVE('',#380,#385);
#380 = CONICAL_SURFACE('',#381,57.5,0.785398163397);
#381 = AXIS2_PLACEMENT_3D('',#382,#383,#384);
#382 = CARTESIAN_POINT('',(0.,0.,1.5));
#383 = DIRECTION('',(-0.,-0.,-1.));
#384 = DIRECTION('',(1.,0.,-0.));
#385 = DEFINITIONAL_REPRESENTATION('',(#386),#390);
#386 = LINE('',#387,#388);
#387 = CARTESIAN_POINT('',(-0.,-0.));
#388 = VECTOR('',#389,1.);
#389 = DIRECTION('',(-1.,-0.));
#390 = ( GEOMETRIC_REPRESENTATION_CONTEXT(2) 
PARAMETRIC_REPRESENTATION_CONTEXT() REPRESENTATION_CONTEXT('2D SPACE',''
  ) );
#391 = ORIENTED_EDGE('',*,*,#342,.F.);
#392 = ADVANCED_FACE('',(#393),#78,.F.);
#393 = FACE_BOUND('',#394,.T.);
#394 = EDGE_LOOP('',(#395,#396,#419,#450));
#395 = ORIENTED_EDGE('',*,*,#57,.T.);
#396 = ORIENTED_EDGE('',*,*,#397,.T.);
#397 = EDGE_CURVE('',#58,#398,#400,.T.);
#398 = VERTEX_POINT('',#399);
#399 = CARTESIAN_POINT('',(2.3,0.,145.));
#400 = SEAM_CURVE('',#401,(#405,#412),.PCURVE_S1.);
#401 = LINE('',#402,#403);
#402 = CARTESIAN_POINT('',(2.3,0.,-1.));
#403 = VECTOR('',#404,1.);
#404 = DIRECTION('',(0.,0.,1.));
#405 = PCURVE('',#78,#406);
#406 = DEFINITIONAL_REPRESENTATION('',(#407),#411);
#407 = LINE('',#408,#409);
#408 = CARTESIAN_POINT('',(-6.28318530718,0.));
#409 = VECTOR('',#410,1.);
#410 = DIRECTION('',(-0.,-1.));
#411 = ( GEOMETRIC_REPRESENTATION_CONTEXT(2) 
PARAMETRIC_REPRESENTATION_CONTEXT() REPRESENTATION_CONTEXT('2D SPACE',''
  ) );
#412 = PCURVE('',#78,#413);
#413 = DEFINITIONAL_REPRESENTATION('',(#414),#418);
#414 = LINE('',#415,#416);
#415 = CARTESIAN_POINT('',(-0.,0.));
#416 = VECTOR('',#417,1.);
#417 = DIRECTION('',(-0.,-1.));
#418 = ( GEOMETRIC_REPRESENTATION_CONTEXT(2) 
PARAMETRIC_REPRESENTATION_CONTEXT() REPRESENTATION_CONTEXT('2D SPACE',''
  ) );
#419 = ORIENTED_EDGE('',*,*,#420,.F.);
#420 = EDGE_CURVE('',#398,#398,#421,.T.);
#421 = SURFACE_CURVE('',#422,(#427,#434),.PCURVE_S1.);
#422 = CIRCLE('',#423,2.3);
#423 = AXIS2_PLACEMENT_3D('',#424,#425,#426);
#424 = CARTESIAN_POINT('',(0.,0.,145.));
#425 = DIRECTION('',(0.,0.,-1.));
#426 = DIRECTION('',(1.,0.,0.));
#427 = PCURVE('',#78,#428);
#428 = DEFINITIONAL_REPRESENTATION('',(#429),#433);
#429 = LINE('',#430,#431);
#430 = CARTESIAN_POINT('',(-6.28318530718,-146.));
#431 = VECTOR('',#432,1.);
#432 = DIRECTION('',(1.,-0.));
#433 = ( GEOMETRIC_REPRESENTATION_CONTEXT(2) 
PARAMETRIC_REPRESENTATION_CONTEXT() REPRESENTATION_CONTEXT('2D SPACE',''
  ) );
#434 = PCURVE('',#435,#440);
#435 = PLANE('',#436);
#436 = AXIS2_PLACEMENT_3D('',#437,#438,#439);
#437 = CARTESIAN_POINT('',(-1.491752871861E-15,-8.980743193747E-16,145.)
  );
#438 = DIRECTION('',(0.,0.,1.));
#439 = DIRECTION('',(1.,0.,-0.));
#440 = DEFINITIONAL_REPRESENTATION('',(#441),#449);
#441 = ( BOUNDED_CURVE() B_SPLINE_CURVE(2,(#442,#443,#444,#445,#446,#447
,#448),.UNSPECIFIED.,.T.,.F.) B_SPLINE_CURVE_WITH_KNOTS((1,2,2,2,2,1),(
    -2.094395102393,0.,2.094395102393,4.188790204786,6.28318530718,
8.377580409573),.UNSPECIFIED.) CURVE() GEOMETRIC_REPRESENTATION_ITEM() 
RATIONAL_B_SPLINE_CURVE((1.,0.5,1.,0.5,1.,0.5,1.)) REPRESENTATION_ITEM(
  '') );
#442 = CARTESIAN_POINT('',(2.3,8.980743193747E-16));
#443 = CARTESIAN_POINT('',(2.3,-3.983716857408));
#444 = CARTESIAN_POINT('',(-1.15,-1.991858428704));
#445 = CARTESIAN_POINT('',(-4.6,3.347367917669E-16));
#446 = CARTESIAN_POINT('',(-1.15,1.991858428704));
#447 = CARTESIAN_POINT('',(2.3,3.983716857408));
#448 = CARTESIAN_POINT('',(2.3,8.980743193747E-16));
#449 = ( GEOMETRIC_REPRESENTATION_CONTEXT(2) 
PARAMETRIC_REPRESENTATION_CONTEXT() REPRESENTATION_CONTEXT('2D SPACE',''
  ) );
#450 = ORIENTED_EDGE('',*,*,#397,.F.);
#451 = ADVANCED_FACE('',(#452),#110,.F.);
#452 = FACE_BOUND('',#453,.F.);
#453 = EDGE_LOOP('',(#454,#455,#478,#506));
#454 = ORIENTED_EDGE('',*,*,#92,.F.);
#455 = ORIENTED_EDGE('',*,*,#456,.T.);
#456 = EDGE_CURVE('',#93,#457,#459,.T.);
#457 = VERTEX_POINT('',#458);
#458 = CARTESIAN_POINT('',(8.663126844434,28.772212867231,5.));
#459 = SURFACE_CURVE('',#460,(#464,#471),.PCURVE_S1.);
#460 = LINE('',#461,#462);
#461 = CARTESIAN_POINT('',(8.663126844434,28.772212867231,-13.));
#462 = VECTOR('',#463,1.);
#463 = DIRECTION('',(0.,0.,1.));
#464 = PCURVE('',#110,#465);
#465 = DEFINITIONAL_REPRESENTATION('',(#466),#470);
#466 = LINE('',#467,#468);
#467 = CARTESIAN_POINT('',(0.,0.));
#468 = VECTOR('',#469,1.);
#469 = DIRECTION('',(0.,-1.));
#470 = ( GEOMETRIC_REPRESENTATION_CONTEXT(2) 
PARAMETRIC_REPRESENTATION_CONTEXT() REPRESENTATION_CONTEXT('2D SPACE',''
  ) );
#471 = PCURVE('',#143,#472);
#472 = DEFINITIONAL_REPRESENTATION('',(#473),#477);
#473 = LINE('',#474,#475);
#474 = CARTESIAN_POINT('',(3.14159265359,0.));
#475 = VECTOR('',#476,1.);
#476 = DIRECTION('',(0.,-1.));
#477 = ( GEOMETRIC_REPRESENTATION_CONTEXT(2) 
PARAMETRIC_REPRESENTATION_CONTEXT() REPRESENTATION_CONTEXT('2D SPACE',''
  ) );
#478 = ORIENTED_EDGE('',*,*,#479,.F.);
#479 = EDGE_CURVE('',#480,#457,#482,.T.);
#480 = VERTEX_POINT('',#481);
#481 = CARTESIAN_POINT('',(12.767368564342,40.048524316662,5.));
#482 = SURFACE_CURVE('',#483,(#487,#494),.PCURVE_S1.);
#483 = LINE('',#484,#485);
#484 = CARTESIAN_POINT('',(3.532824694549,14.676823555442,5.));
#485 = VECTOR('',#486,1.);
#486 = DIRECTION('',(-0.342020143326,-0.939692620786,0.));
#487 = PCURVE('',#110,#488);
#488 = DEFINITIONAL_REPRESENTATION('',(#489),#493);
#489 = LINE('',#490,#491);
#490 = CARTESIAN_POINT('',(-15.,-18.));
#491 = VECTOR('',#492,1.);
#492 = DIRECTION('',(-1.,-0.));
#493 = ( GEOMETRIC_REPRESENTATION_CONTEXT(2) 
PARAMETRIC_REPRESENTATION_CONTEXT() REPRESENTATION_CONTEXT('2D SPACE',''
  ) );
#494 = PCURVE('',#495,#500);
#495 = PLANE('',#496);
#496 = AXIS2_PLACEMENT_3D('',#497,#498,#499);
#497 = CARTESIAN_POINT('',(-1.768003403687E-15,-2.526638149058E-16,5.));
#498 = DIRECTION('',(0.,0.,1.));
#499 = DIRECTION('',(1.,0.,-0.));
#500 = DEFINITIONAL_REPRESENTATION('',(#501),#505);
#501 = LINE('',#502,#503);
#502 = CARTESIAN_POINT('',(3.532824694549,14.676823555442));
#503 = VECTOR('',#504,1.);
#504 = DIRECTION('',(-0.342020143326,-0.939692620786));
#505 = ( GEOMETRIC_REPRESENTATION_CONTEXT(2) 
PARAMETRIC_REPRESENTATION_CONTEXT() REPRESENTATION_CONTEXT('2D SPACE',''
  ) );
#506 = ORIENTED_EDGE('',*,*,#507,.F.);
#507 = EDGE_CURVE('',#95,#480,#508,.T.);
#508 = SURFACE_CURVE('',#509,(#513,#520),.PCURVE_S1.);
#509 = LINE('',#510,#511);
#510 = CARTESIAN_POINT('',(12.767368564342,40.048524316662,-13.));
#511 = VECTOR('',#512,1.);
#512 = DIRECTION('',(0.,0.,1.));
#513 = PCURVE('',#110,#514);
#514 = DEFINITIONAL_REPRESENTATION('',(#515),#519);
#515 = LINE('',#516,#517);
#516 = CARTESIAN_POINT('',(12.,0.));
#517 = VECTOR('',#518,1.);
#518 = DIRECTION('',(0.,-1.));
#519 = ( GEOMETRIC_REPRESENTATION_CONTEXT(2) 
PARAMETRIC_REPRESENTATION_CONTEXT() REPRESENTATION_CONTEXT('2D SPACE',''
  ) );
#520 = PCURVE('',#202,#521);
#521 = DEFINITIONAL_REPRESENTATION('',(#522),#526);
#522 = LINE('',#523,#524);
#523 = CARTESIAN_POINT('',(0.,0.));
#524 = VECTOR('',#525,1.);
#525 = DIRECTION('',(0.,-1.));
#526 = ( GEOMETRIC_REPRESENTATION_CONTEXT(2) 
PARAMETRIC_REPRESENTATION_CONTEXT() REPRESENTATION_CONTEXT('2D SPACE',''
  ) );
#527 = ADVANCED_FACE('',(#528),#202,.F.);
#528 = FACE_BOUND('',#529,.F.);
#529 = EDGE_LOOP('',(#530,#531,#532,#560));
#530 = ORIENTED_EDGE('',*,*,#183,.F.);
#531 = ORIENTED_EDGE('',*,*,#507,.T.);
#532 = ORIENTED_EDGE('',*,*,#533,.T.);
#533 = EDGE_CURVE('',#480,#534,#536,.T.);
#534 = VERTEX_POINT('',#535);
#535 = CARTESIAN_POINT('',(15.962323475014,38.885655829355,5.));
#536 = SURFACE_CURVE('',#537,(#542,#549),.PCURVE_S1.);
#537 = CIRCLE('',#538,1.7);
#538 = AXIS2_PLACEMENT_3D('',#539,#540,#541);
#539 = CARTESIAN_POINT('',(14.364846019678,39.467090073008,5.));
#540 = DIRECTION('',(0.,0.,-1.));
#541 = DIRECTION('',(-0.939692620786,0.342020143326,0.));
#542 = PCURVE('',#202,#543);
#543 = DEFINITIONAL_REPRESENTATION('',(#544),#548);
#544 = LINE('',#545,#546);
#545 = CARTESIAN_POINT('',(0.,-18.));
#546 = VECTOR('',#547,1.);
#547 = DIRECTION('',(1.,0.));
#548 = ( GEOMETRIC_REPRESENTATION_CONTEXT(2) 
PARAMETRIC_REPRESENTATION_CONTEXT() REPRESENTATION_CONTEXT('2D SPACE',''
  ) );
#549 = PCURVE('',#495,#550);
#550 = DEFINITIONAL_REPRESENTATION('',(#551),#559);
#551 = ( BOUNDED_CURVE() B_SPLINE_CURVE(2,(#552,#553,#554,#555,#556,#557
,#558),.UNSPECIFIED.,.T.,.F.) B_SPLINE_CURVE_WITH_KNOTS((1,2,2,2,2,1),(
    -2.094395102393,0.,2.094395102393,4.188790204786,6.28318530718,
8.377580409573),.UNSPECIFIED.) CURVE() GEOMETRIC_REPRESENTATION_ITEM() 
RATIONAL_B_SPLINE_CURVE((1.,0.5,1.,0.5,1.,0.5,1.)) REPRESENTATION_ITEM(
  '') );
#552 = CARTESIAN_POINT('',(12.767368564342,40.048524316662));
#553 = CARTESIAN_POINT('',(13.774442215611,42.81543643325));
#554 = CARTESIAN_POINT('',(15.66712157298,40.559829009475));
#555 = CARTESIAN_POINT('',(17.55980093035,38.304221585701));
#556 = CARTESIAN_POINT('',(14.660047921712,37.792916892887));
#557 = CARTESIAN_POINT('',(11.760294913074,37.281612200074));
#558 = CARTESIAN_POINT('',(12.767368564342,40.048524316662));
#559 = ( GEOMETRIC_REPRESENTATION_CONTEXT(2) 
PARAMETRIC_REPRESENTATION_CONTEXT() REPRESENTATION_CONTEXT('2D SPACE',''
  ) );
#560 = ORIENTED_EDGE('',*,*,#561,.F.);
#561 = EDGE_CURVE('',#156,#534,#562,.T.);
#562 = SURFACE_CURVE('',#563,(#567,#574),.PCURVE_S1.);
#563 = LINE('',#564,#565);
#564 = CARTESIAN_POINT('',(15.962323475014,38.885655829355,-13.));
#565 = VECTOR('',#566,1.);
#566 = DIRECTION('',(0.,0.,1.));
#567 = PCURVE('',#202,#568);
#568 = DEFINITIONAL_REPRESENTATION('',(#569),#573);
#569 = LINE('',#570,#571);
#570 = CARTESIAN_POINT('',(3.14159265359,0.));
#571 = VECTOR('',#572,1.);
#572 = DIRECTION('',(0.,-1.));
#573 = ( GEOMETRIC_REPRESENTATION_CONTEXT(2) 
PARAMETRIC_REPRESENTATION_CONTEXT() REPRESENTATION_CONTEXT('2D SPACE',''
  ) );
#574 = PCURVE('',#171,#575);
#575 = DEFINITIONAL_REPRESENTATION('',(#576),#580);
#576 = LINE('',#577,#578);
#577 = CARTESIAN_POINT('',(0.,0.));
#578 = VECTOR('',#579,1.);
#579 = DIRECTION('',(0.,-1.));
#580 = ( GEOMETRIC_REPRESENTATION_CONTEXT(2) 
PARAMETRIC_REPRESENTATION_CONTEXT() REPRESENTATION_CONTEXT('2D SPACE',''
  ) );
#581 = ADVANCED_FACE('',(#582),#171,.F.);
#582 = FACE_BOUND('',#583,.F.);
#583 = EDGE_LOOP('',(#584,#585,#586,#609));
#584 = ORIENTED_EDGE('',*,*,#155,.F.);
#585 = ORIENTED_EDGE('',*,*,#561,.T.);
#586 = ORIENTED_EDGE('',*,*,#587,.F.);
#587 = EDGE_CURVE('',#588,#534,#590,.T.);
#588 = VERTEX_POINT('',#589);
#589 = CARTESIAN_POINT('',(11.858081755106,27.609344379924,5.));
#590 = SURFACE_CURVE('',#591,(#595,#602),.PCURVE_S1.);
#591 = LINE('',#592,#593);
#592 = CARTESIAN_POINT('',(8.779900465175,19.15211079285,5.));
#593 = VECTOR('',#594,1.);
#594 = DIRECTION('',(0.342020143326,0.939692620786,-0.));
#595 = PCURVE('',#171,#596);
#596 = DEFINITIONAL_REPRESENTATION('',(#597),#601);
#597 = LINE('',#598,#599);
#598 = CARTESIAN_POINT('',(21.,-18.));
#599 = VECTOR('',#600,1.);
#600 = DIRECTION('',(-1.,0.));
#601 = ( GEOMETRIC_REPRESENTATION_CONTEXT(2) 
PARAMETRIC_REPRESENTATION_CONTEXT() REPRESENTATION_CONTEXT('2D SPACE',''
  ) );
#602 = PCURVE('',#495,#603);
#603 = DEFINITIONAL_REPRESENTATION('',(#604),#608);
#604 = LINE('',#605,#606);
#605 = CARTESIAN_POINT('',(8.779900465175,19.15211079285));
#606 = VECTOR('',#607,1.);
#607 = DIRECTION('',(0.342020143326,0.939692620786));
#608 = ( GEOMETRIC_REPRESENTATION_CONTEXT(2) 
PARAMETRIC_REPRESENTATION_CONTEXT() REPRESENTATION_CONTEXT('2D SPACE',''
  ) );
#609 = ORIENTED_EDGE('',*,*,#610,.F.);
#610 = EDGE_CURVE('',#123,#588,#611,.T.);
#611 = SURFACE_CURVE('',#612,(#616,#623),.PCURVE_S1.);
#612 = LINE('',#613,#614);
#613 = CARTESIAN_POINT('',(11.858081755106,27.609344379924,-13.));
#614 = VECTOR('',#615,1.);
#615 = DIRECTION('',(0.,0.,1.));
#616 = PCURVE('',#171,#617);
#617 = DEFINITIONAL_REPRESENTATION('',(#618),#622);
#618 = LINE('',#619,#620);
#619 = CARTESIAN_POINT('',(12.,0.));
#620 = VECTOR('',#621,1.);
#621 = DIRECTION('',(0.,-1.));
#622 = ( GEOMETRIC_REPRESENTATION_CONTEXT(2) 
PARAMETRIC_REPRESENTATION_CONTEXT() REPRESENTATION_CONTEXT('2D SPACE',''
  ) );
#623 = PCURVE('',#143,#624);
#624 = DEFINITIONAL_REPRESENTATION('',(#625),#629);
#625 = LINE('',#626,#627);
#626 = CARTESIAN_POINT('',(0.,0.));
#627 = VECTOR('',#628,1.);
#628 = DIRECTION('',(0.,-1.));
#629 = ( GEOMETRIC_REPRESENTATION_CONTEXT(2) 
PARAMETRIC_REPRESENTATION_CONTEXT() REPRESENTATION_CONTEXT('2D SPACE',''
  ) );
#630 = ADVANCED_FACE('',(#631),#143,.F.);
#631 = FACE_BOUND('',#632,.F.);
#632 = EDGE_LOOP('',(#633,#634,#635,#661));
#633 = ORIENTED_EDGE('',*,*,#122,.F.);
#634 = ORIENTED_EDGE('',*,*,#610,.T.);
#635 = ORIENTED_EDGE('',*,*,#636,.T.);
#636 = EDGE_CURVE('',#588,#457,#637,.T.);
#637 = SURFACE_CURVE('',#638,(#643,#650),.PCURVE_S1.);
#638 = CIRCLE('',#639,1.7);
#639 = AXIS2_PLACEMENT_3D('',#640,#641,#642);
#640 = CARTESIAN_POINT('',(10.26060429977,28.190778623577,5.));
#641 = DIRECTION('',(0.,0.,-1.));
#642 = DIRECTION('',(0.939692620786,-0.342020143326,0.));
#643 = PCURVE('',#143,#644);
#644 = DEFINITIONAL_REPRESENTATION('',(#645),#649);
#645 = LINE('',#646,#647);
#646 = CARTESIAN_POINT('',(0.,-18.));
#647 = VECTOR('',#648,1.);
#648 = DIRECTION('',(1.,0.));
#649 = ( GEOMETRIC_REPRESENTATION_CONTEXT(2) 
PARAMETRIC_REPRESENTATION_CONTEXT() REPRESENTATION_CONTEXT('2D SPACE',''
  ) );
#650 = PCURVE('',#495,#651);
#651 = DEFINITIONAL_REPRESENTATION('',(#652),#660);
#652 = ( BOUNDED_CURVE() B_SPLINE_CURVE(2,(#653,#654,#655,#656,#657,#658
,#659),.UNSPECIFIED.,.T.,.F.) B_SPLINE_CURVE_WITH_KNOTS((1,2,2,2,2,1),(
    -2.094395102393,0.,2.094395102393,4.188790204786,6.28318530718,
8.377580409573),.UNSPECIFIED.) CURVE() GEOMETRIC_REPRESENTATION_ITEM() 
RATIONAL_B_SPLINE_CURVE((1.,0.5,1.,0.5,1.,0.5,1.)) REPRESENTATION_ITEM(
  '') );
#653 = CARTESIAN_POINT('',(11.858081755106,27.609344379924));
#654 = CARTESIAN_POINT('',(10.851008103838,24.842432263336));
#655 = CARTESIAN_POINT('',(8.958328746468,27.09803968711));
#656 = CARTESIAN_POINT('',(7.065649389098,29.353647110885));
#657 = CARTESIAN_POINT('',(9.965402397736,29.864951803698));
#658 = CARTESIAN_POINT('',(12.865155406375,30.376256496511));
#659 = CARTESIAN_POINT('',(11.858081755106,27.609344379924));
#660 = ( GEOMETRIC_REPRESENTATION_CONTEXT(2) 
PARAMETRIC_REPRESENTATION_CONTEXT() REPRESENTATION_CONTEXT('2D SPACE',''
  ) );
#661 = ORIENTED_EDGE('',*,*,#456,.F.);
#662 = ADVANCED_FACE('',(#663),#234,.F.);
#663 = FACE_BOUND('',#664,.F.);
#664 = EDGE_LOOP('',(#665,#666,#689,#712));
#665 = ORIENTED_EDGE('',*,*,#216,.F.);
#666 = ORIENTED_EDGE('',*,*,#667,.T.);
#667 = EDGE_CURVE('',#217,#668,#670,.T.);
#668 = VERTEX_POINT('',#669);
#669 = CARTESIAN_POINT('',(-11.8580817551,27.609344379924,5.));
#670 = SURFACE_CURVE('',#671,(#675,#682),.PCURVE_S1.);
#671 = LINE('',#672,#673);
#672 = CARTESIAN_POINT('',(-11.8580817551,27.609344379924,-13.));
#673 = VECTOR('',#674,1.);
#674 = DIRECTION('',(0.,0.,1.));
#675 = PCURVE('',#234,#676);
#676 = DEFINITIONAL_REPRESENTATION('',(#677),#681);
#677 = LINE('',#678,#679);
#678 = CARTESIAN_POINT('',(0.,0.));
#679 = VECTOR('',#680,1.);
#680 = DIRECTION('',(0.,-1.));
#681 = ( GEOMETRIC_REPRESENTATION_CONTEXT(2) 
PARAMETRIC_REPRESENTATION_CONTEXT() REPRESENTATION_CONTEXT('2D SPACE',''
  ) );
#682 = PCURVE('',#267,#683);
#683 = DEFINITIONAL_REPRESENTATION('',(#684),#688);
#684 = LINE('',#685,#686);
#685 = CARTESIAN_POINT('',(3.14159265359,0.));
#686 = VECTOR('',#687,1.);
#687 = DIRECTION('',(0.,-1.));
#688 = ( GEOMETRIC_REPRESENTATION_CONTEXT(2) 
PARAMETRIC_REPRESENTATION_CONTEXT() REPRESENTATION_CONTEXT('2D SPACE',''
  ) );
#689 = ORIENTED_EDGE('',*,*,#690,.F.);
#690 = EDGE_CURVE('',#691,#668,#693,.T.);
#691 = VERTEX_POINT('',#692);
#692 = CARTESIAN_POINT('',(-15.96232347501,38.885655829355,5.));
#693 = SURFACE_CURVE('',#694,(#698,#705),.PCURVE_S1.);
#694 = LINE('',#695,#696);
#695 = CARTESIAN_POINT('',(-6.727779605221,13.513955068135,5.));
#696 = VECTOR('',#697,1.);
#697 = DIRECTION('',(0.342020143326,-0.939692620786,0.));
#698 = PCURVE('',#234,#699);
#699 = DEFINITIONAL_REPRESENTATION('',(#700),#704);
#700 = LINE('',#701,#702);
#701 = CARTESIAN_POINT('',(-15.,-18.));
#702 = VECTOR('',#703,1.);
#703 = DIRECTION('',(-1.,-0.));
#704 = ( GEOMETRIC_REPRESENTATION_CONTEXT(2) 
PARAMETRIC_REPRESENTATION_CONTEXT() REPRESENTATION_CONTEXT('2D SPACE',''
  ) );
#705 = PCURVE('',#495,#706);
#706 = DEFINITIONAL_REPRESENTATION('',(#707),#711);
#707 = LINE('',#708,#709);
#708 = CARTESIAN_POINT('',(-6.727779605221,13.513955068135));
#709 = VECTOR('',#710,1.);
#710 = DIRECTION('',(0.342020143326,-0.939692620786));
#711 = ( GEOMETRIC_REPRESENTATION_CONTEXT(2) 
PARAMETRIC_REPRESENTATION_CONTEXT() REPRESENTATION_CONTEXT('2D SPACE',''
  ) );
#712 = ORIENTED_EDGE('',*,*,#713,.F.);
#713 = EDGE_CURVE('',#219,#691,#714,.T.);
#714 = SURFACE_CURVE('',#715,(#719,#726),.PCURVE_S1.);
#715 = LINE('',#716,#717);
#716 = CARTESIAN_POINT('',(-15.96232347501,38.885655829355,-13.));
#717 = VECTOR('',#718,1.);
#718 = DIRECTION('',(0.,0.,1.));
#719 = PCURVE('',#234,#720);
#720 = DEFINITIONAL_REPRESENTATION('',(#721),#725);
#721 = LINE('',#722,#723);
#722 = CARTESIAN_POINT('',(12.,0.));
#723 = VECTOR('',#724,1.);
#724 = DIRECTION('',(0.,-1.));
#725 = ( GEOMETRIC_REPRESENTATION_CONTEXT(2) 
PARAMETRIC_REPRESENTATION_CONTEXT() REPRESENTATION_CONTEXT('2D SPACE',''
  ) );
#726 = PCURVE('',#326,#727);
#727 = DEFINITIONAL_REPRESENTATION('',(#728),#732);
#728 = LINE('',#729,#730);
#729 = CARTESIAN_POINT('',(0.,0.));
#730 = VECTOR('',#731,1.);
#731 = DIRECTION('',(0.,-1.));
#732 = ( GEOMETRIC_REPRESENTATION_CONTEXT(2) 
PARAMETRIC_REPRESENTATION_CONTEXT() REPRESENTATION_CONTEXT('2D SPACE',''
  ) );
#733 = ADVANCED_FACE('',(#734),#267,.F.);
#734 = FACE_BOUND('',#735,.F.);
#735 = EDGE_LOOP('',(#736,#737,#760,#786));
#736 = ORIENTED_EDGE('',*,*,#246,.F.);
#737 = ORIENTED_EDGE('',*,*,#738,.T.);
#738 = EDGE_CURVE('',#247,#739,#741,.T.);
#739 = VERTEX_POINT('',#740);
#740 = CARTESIAN_POINT('',(-8.663126844434,28.772212867231,5.));
#741 = SURFACE_CURVE('',#742,(#746,#753),.PCURVE_S1.);
#742 = LINE('',#743,#744);
#743 = CARTESIAN_POINT('',(-8.663126844434,28.772212867231,-13.));
#744 = VECTOR('',#745,1.);
#745 = DIRECTION('',(0.,0.,1.));
#746 = PCURVE('',#267,#747);
#747 = DEFINITIONAL_REPRESENTATION('',(#748),#752);
#748 = LINE('',#749,#750);
#749 = CARTESIAN_POINT('',(0.,0.));
#750 = VECTOR('',#751,1.);
#751 = DIRECTION('',(0.,-1.));
#752 = ( GEOMETRIC_REPRESENTATION_CONTEXT(2) 
PARAMETRIC_REPRESENTATION_CONTEXT() REPRESENTATION_CONTEXT('2D SPACE',''
  ) );
#753 = PCURVE('',#295,#754);
#754 = DEFINITIONAL_REPRESENTATION('',(#755),#759);
#755 = LINE('',#756,#757);
#756 = CARTESIAN_POINT('',(12.,0.));
#757 = VECTOR('',#758,1.);
#758 = DIRECTION('',(0.,-1.));
#759 = ( GEOMETRIC_REPRESENTATION_CONTEXT(2) 
PARAMETRIC_REPRESENTATION_CONTEXT() REPRESENTATION_CONTEXT('2D SPACE',''
  ) );
#760 = ORIENTED_EDGE('',*,*,#761,.T.);
#761 = EDGE_CURVE('',#739,#668,#762,.T.);
#762 = SURFACE_CURVE('',#763,(#768,#775),.PCURVE_S1.);
#763 = CIRCLE('',#764,1.7);
#764 = AXIS2_PLACEMENT_3D('',#765,#766,#767);
#765 = CARTESIAN_POINT('',(-10.26060429977,28.190778623577,5.));
#766 = DIRECTION('',(0.,0.,-1.));
#767 = DIRECTION('',(0.939692620786,0.342020143326,0.));
#768 = PCURVE('',#267,#769);
#769 = DEFINITIONAL_REPRESENTATION('',(#770),#774);
#770 = LINE('',#771,#772);
#771 = CARTESIAN_POINT('',(0.,-18.));
#772 = VECTOR('',#773,1.);
#773 = DIRECTION('',(1.,0.));
#774 = ( GEOMETRIC_REPRESENTATION_CONTEXT(2) 
PARAMETRIC_REPRESENTATION_CONTEXT() REPRESENTATION_CONTEXT('2D SPACE',''
  ) );
#775 = PCURVE('',#495,#776);
#776 = DEFINITIONAL_REPRESENTATION('',(#777),#785);
#777 = ( BOUNDED_CURVE() B_SPLINE_CURVE(2,(#778,#779,#780,#781,#782,#783
,#784),.UNSPECIFIED.,.T.,.F.) B_SPLINE_CURVE_WITH_KNOTS((1,2,2,2,2,1),(
    -2.094395102393,0.,2.094395102393,4.188790204786,6.28318530718,
8.377580409573),.UNSPECIFIED.) CURVE() GEOMETRIC_REPRESENTATION_ITEM() 
RATIONAL_B_SPLINE_CURVE((1.,0.5,1.,0.5,1.,0.5,1.)) REPRESENTATION_ITEM(
  '') );
#778 = CARTESIAN_POINT('',(-8.663126844434,28.772212867231));
#779 = CARTESIAN_POINT('',(-7.656053193166,26.005300750643));
#780 = CARTESIAN_POINT('',(-10.5558062018,26.516605443456));
#781 = CARTESIAN_POINT('',(-13.45555921044,27.02791013627));
#782 = CARTESIAN_POINT('',(-11.56287985307,29.283517560044));
#783 = CARTESIAN_POINT('',(-9.670200495702,31.539124983819));
#784 = CARTESIAN_POINT('',(-8.663126844434,28.772212867231));
#785 = ( GEOMETRIC_REPRESENTATION_CONTEXT(2) 
PARAMETRIC_REPRESENTATION_CONTEXT() REPRESENTATION_CONTEXT('2D SPACE',''
  ) );
#786 = ORIENTED_EDGE('',*,*,#667,.F.);
#787 = ADVANCED_FACE('',(#788),#326,.F.);
#788 = FACE_BOUND('',#789,.F.);
#789 = EDGE_LOOP('',(#790,#791,#792,#820));
#790 = ORIENTED_EDGE('',*,*,#307,.F.);
#791 = ORIENTED_EDGE('',*,*,#713,.T.);
#792 = ORIENTED_EDGE('',*,*,#793,.T.);
#793 = EDGE_CURVE('',#691,#794,#796,.T.);
#794 = VERTEX_POINT('',#795);
#795 = CARTESIAN_POINT('',(-12.76736856434,40.048524316662,5.));
#796 = SURFACE_CURVE('',#797,(#802,#809),.PCURVE_S1.);
#797 = CIRCLE('',#798,1.7);
#798 = AXIS2_PLACEMENT_3D('',#799,#800,#801);
#799 = CARTESIAN_POINT('',(-14.36484601967,39.467090073008,5.));
#800 = DIRECTION('',(-0.,0.,-1.));
#801 = DIRECTION('',(-0.939692620786,-0.342020143326,0.));
#802 = PCURVE('',#326,#803);
#803 = DEFINITIONAL_REPRESENTATION('',(#804),#808);
#804 = LINE('',#805,#806);
#805 = CARTESIAN_POINT('',(0.,-18.));
#806 = VECTOR('',#807,1.);
#807 = DIRECTION('',(1.,0.));
#808 = ( GEOMETRIC_REPRESENTATION_CONTEXT(2) 
PARAMETRIC_REPRESENTATION_CONTEXT() REPRESENTATION_CONTEXT('2D SPACE',''
  ) );
#809 = PCURVE('',#495,#810);
#810 = DEFINITIONAL_REPRESENTATION('',(#811),#819);
#811 = ( BOUNDED_CURVE() B_SPLINE_CURVE(2,(#812,#813,#814,#815,#816,#817
,#818),.UNSPECIFIED.,.T.,.F.) B_SPLINE_CURVE_WITH_KNOTS((1,2,2,2,2,1),(
    -2.094395102393,0.,2.094395102393,4.188790204786,6.28318530718,
8.377580409573),.UNSPECIFIED.) CURVE() GEOMETRIC_REPRESENTATION_ITEM() 
RATIONAL_B_SPLINE_CURVE((1.,0.5,1.,0.5,1.,0.5,1.)) REPRESENTATION_ITEM(
  '') );
#812 = CARTESIAN_POINT('',(-15.96232347501,38.885655829355));
#813 = CARTESIAN_POINT('',(-16.96939712628,41.652567945942));
#814 = CARTESIAN_POINT('',(-14.06964411764,41.141263253129));
#815 = CARTESIAN_POINT('',(-11.169891109,40.629958560315));
#816 = CARTESIAN_POINT('',(-13.06257046637,38.374351136541));
#817 = CARTESIAN_POINT('',(-14.95524982374,36.118743712767));
#818 = CARTESIAN_POINT('',(-15.96232347501,38.885655829355));
#819 = ( GEOMETRIC_REPRESENTATION_CONTEXT(2) 
PARAMETRIC_REPRESENTATION_CONTEXT() REPRESENTATION_CONTEXT('2D SPACE',''
  ) );
#820 = ORIENTED_EDGE('',*,*,#821,.F.);
#821 = EDGE_CURVE('',#280,#794,#822,.T.);
#822 = SURFACE_CURVE('',#823,(#827,#834),.PCURVE_S1.);
#823 = LINE('',#824,#825);
#824 = CARTESIAN_POINT('',(-12.76736856434,40.048524316662,-13.));
#825 = VECTOR('',#826,1.);
#826 = DIRECTION('',(0.,0.,1.));
#827 = PCURVE('',#326,#828);
#828 = DEFINITIONAL_REPRESENTATION('',(#829),#833);
#829 = LINE('',#830,#831);
#830 = CARTESIAN_POINT('',(3.14159265359,0.));
#831 = VECTOR('',#832,1.);
#832 = DIRECTION('',(0.,-1.));
#833 = ( GEOMETRIC_REPRESENTATION_CONTEXT(2) 
PARAMETRIC_REPRESENTATION_CONTEXT() REPRESENTATION_CONTEXT('2D SPACE',''
  ) );
#834 = PCURVE('',#295,#835);
#835 = DEFINITIONAL_REPRESENTATION('',(#836),#840);
#836 = LINE('',#837,#838);
#837 = CARTESIAN_POINT('',(0.,0.));
#838 = VECTOR('',#839,1.);
#839 = DIRECTION('',(0.,-1.));
#840 = ( GEOMETRIC_REPRESENTATION_CONTEXT(2) 
PARAMETRIC_REPRESENTATION_CONTEXT() REPRESENTATION_CONTEXT('2D SPACE',''
  ) );
#841 = ADVANCED_FACE('',(#842),#295,.F.);
#842 = FACE_BOUND('',#843,.F.);
#843 = EDGE_LOOP('',(#844,#845,#846,#867));
#844 = ORIENTED_EDGE('',*,*,#279,.F.);
#845 = ORIENTED_EDGE('',*,*,#821,.T.);
#846 = ORIENTED_EDGE('',*,*,#847,.F.);
#847 = EDGE_CURVE('',#739,#794,#848,.T.);
#848 = SURFACE_CURVE('',#849,(#853,#860),.PCURVE_S1.);
#849 = LINE('',#850,#851);
#850 = CARTESIAN_POINT('',(-5.584945554503,20.314979280158,5.));
#851 = VECTOR('',#852,1.);
#852 = DIRECTION('',(-0.342020143326,0.939692620786,0.));
#853 = PCURVE('',#295,#854);
#854 = DEFINITIONAL_REPRESENTATION('',(#855),#859);
#855 = LINE('',#856,#857);
#856 = CARTESIAN_POINT('',(21.,-18.));
#857 = VECTOR('',#858,1.);
#858 = DIRECTION('',(-1.,0.));
#859 = ( GEOMETRIC_REPRESENTATION_CONTEXT(2) 
PARAMETRIC_REPRESENTATION_CONTEXT() REPRESENTATION_CONTEXT('2D SPACE',''
  ) );
#860 = PCURVE('',#495,#861);
#861 = DEFINITIONAL_REPRESENTATION('',(#862),#866);
#862 = LINE('',#863,#864);
#863 = CARTESIAN_POINT('',(-5.584945554503,20.314979280158));
#864 = VECTOR('',#865,1.);
#865 = DIRECTION('',(-0.342020143326,0.939692620786));
#866 = ( GEOMETRIC_REPRESENTATION_CONTEXT(2) 
PARAMETRIC_REPRESENTATION_CONTEXT() REPRESENTATION_CONTEXT('2D SPACE',''
  ) );
#867 = ORIENTED_EDGE('',*,*,#738,.F.);
#868 = ADVANCED_FACE('',(#869),#380,.T.);
#869 = FACE_BOUND('',#870,.T.);
#870 = EDGE_LOOP('',(#871,#872,#895,#922));
#871 = ORIENTED_EDGE('',*,*,#365,.T.);
#872 = ORIENTED_EDGE('',*,*,#873,.T.);
#873 = EDGE_CURVE('',#343,#874,#876,.T.);
#874 = VERTEX_POINT('',#875);
#875 = CARTESIAN_POINT('',(54.2,0.,4.8));
#876 = SEAM_CURVE('',#877,(#881,#888),.PCURVE_S1.);
#877 = LINE('',#878,#879);
#878 = CARTESIAN_POINT('',(57.5,0.,1.5));
#879 = VECTOR('',#880,1.);
#880 = DIRECTION('',(-0.707106781187,0.,0.707106781187));
#881 = PCURVE('',#380,#882);
#882 = DEFINITIONAL_REPRESENTATION('',(#883),#887);
#883 = LINE('',#884,#885);
#884 = CARTESIAN_POINT('',(-0.,-0.));
#885 = VECTOR('',#886,1.);
#886 = DIRECTION('',(-0.,-1.));
#887 = ( GEOMETRIC_REPRESENTATION_CONTEXT(2) 
PARAMETRIC_REPRESENTATION_CONTEXT() REPRESENTATION_CONTEXT('2D SPACE',''
  ) );
#888 = PCURVE('',#380,#889);
#889 = DEFINITIONAL_REPRESENTATION('',(#890),#894);
#890 = LINE('',#891,#892);
#891 = CARTESIAN_POINT('',(-6.28318530718,-0.));
#892 = VECTOR('',#893,1.);
#893 = DIRECTION('',(-0.,-1.));
#894 = ( GEOMETRIC_REPRESENTATION_CONTEXT(2) 
PARAMETRIC_REPRESENTATION_CONTEXT() REPRESENTATION_CONTEXT('2D SPACE',''
  ) );
#895 = ORIENTED_EDGE('',*,*,#896,.F.);
#896 = EDGE_CURVE('',#874,#874,#897,.T.);
#897 = SURFACE_CURVE('',#898,(#903,#910),.PCURVE_S1.);
#898 = CIRCLE('',#899,54.2);
#899 = AXIS2_PLACEMENT_3D('',#900,#901,#902);
#900 = CARTESIAN_POINT('',(0.,0.,4.8));
#901 = DIRECTION('',(0.,0.,1.));
#902 = DIRECTION('',(1.,0.,-0.));
#903 = PCURVE('',#380,#904);
#904 = DEFINITIONAL_REPRESENTATION('',(#905),#909);
#905 = LINE('',#906,#907);
#906 = CARTESIAN_POINT('',(-0.,-3.3));
#907 = VECTOR('',#908,1.);
#908 = DIRECTION('',(-1.,-0.));
#909 = ( GEOMETRIC_REPRESENTATION_CONTEXT(2) 
PARAMETRIC_REPRESENTATION_CONTEXT() REPRESENTATION_CONTEXT('2D SPACE',''
  ) );
#910 = PCURVE('',#911,#916);
#911 = CYLINDRICAL_SURFACE('',#912,54.2);
#912 = AXIS2_PLACEMENT_3D('',#913,#914,#915);
#913 = CARTESIAN_POINT('',(0.,0.,4.8));
#914 = DIRECTION('',(0.,0.,1.));
#915 = DIRECTION('',(1.,0.,-0.));
#916 = DEFINITIONAL_REPRESENTATION('',(#917),#921);
#917 = LINE('',#918,#919);
#918 = CARTESIAN_POINT('',(0.,0.));
#919 = VECTOR('',#920,1.);
#920 = DIRECTION('',(1.,0.));
#921 = ( GEOMETRIC_REPRESENTATION_CONTEXT(2) 
PARAMETRIC_REPRESENTATION_CONTEXT() REPRESENTATION_CONTEXT('2D SPACE',''
  ) );
#922 = ORIENTED_EDGE('',*,*,#873,.F.);
#923 = ADVANCED_FACE('',(#924,#955,#990,#1025,#1028),#435,.T.);
#924 = FACE_BOUND('',#925,.T.);
#925 = EDGE_LOOP('',(#926));
#926 = ORIENTED_EDGE('',*,*,#927,.T.);
#927 = EDGE_CURVE('',#928,#928,#930,.T.);
#928 = VERTEX_POINT('',#929);
#929 = CARTESIAN_POINT('',(22.,0.,145.));
#930 = SURFACE_CURVE('',#931,(#936,#943),.PCURVE_S1.);
#931 = CIRCLE('',#932,22.);
#932 = AXIS2_PLACEMENT_3D('',#933,#934,#935);
#933 = CARTESIAN_POINT('',(0.,0.,145.));
#934 = DIRECTION('',(0.,0.,1.));
#935 = DIRECTION('',(1.,0.,0.));
#936 = PCURVE('',#435,#937);
#937 = DEFINITIONAL_REPRESENTATION('',(#938),#942);
#938 = CIRCLE('',#939,22.);
#939 = AXIS2_PLACEMENT_2D('',#940,#941);
#940 = CARTESIAN_POINT('',(1.491752871861E-15,8.980743193747E-16));
#941 = DIRECTION('',(1.,0.));
#942 = ( GEOMETRIC_REPRESENTATION_CONTEXT(2) 
PARAMETRIC_REPRESENTATION_CONTEXT() REPRESENTATION_CONTEXT('2D SPACE',''
  ) );
#943 = PCURVE('',#944,#949);
#944 = CYLINDRICAL_SURFACE('',#945,22.);
#945 = AXIS2_PLACEMENT_3D('',#946,#947,#948);
#946 = CARTESIAN_POINT('',(0.,0.,140.));
#947 = DIRECTION('',(-0.,-0.,-1.));
#948 = DIRECTION('',(1.,0.,0.));
#949 = DEFINITIONAL_REPRESENTATION('',(#950),#954);
#950 = LINE('',#951,#952);
#951 = CARTESIAN_POINT('',(-0.,-5.));
#952 = VECTOR('',#953,1.);
#953 = DIRECTION('',(-1.,0.));
#954 = ( GEOMETRIC_REPRESENTATION_CONTEXT(2) 
PARAMETRIC_REPRESENTATION_CONTEXT() REPRESENTATION_CONTEXT('2D SPACE',''
  ) );
#955 = FACE_BOUND('',#956,.T.);
#956 = EDGE_LOOP('',(#957));
#957 = ORIENTED_EDGE('',*,*,#958,.T.);
#958 = EDGE_CURVE('',#959,#959,#961,.T.);
#959 = VERTEX_POINT('',#960);
#960 = CARTESIAN_POINT('',(-12.15640646055,-8.,145.));
#961 = SURFACE_CURVE('',#962,(#967,#978),.PCURVE_S1.);
#962 = CIRCLE('',#963,1.7);
#963 = AXIS2_PLACEMENT_3D('',#964,#965,#966);
#964 = CARTESIAN_POINT('',(-13.85640646055,-8.,145.));
#965 = DIRECTION('',(0.,0.,-1.));
#966 = DIRECTION('',(1.,0.,0.));
#967 = PCURVE('',#435,#968);
#968 = DEFINITIONAL_REPRESENTATION('',(#969),#977);
#969 = ( BOUNDED_CURVE() B_SPLINE_CURVE(2,(#970,#971,#972,#973,#974,#975
,#976),.UNSPECIFIED.,.T.,.F.) B_SPLINE_CURVE_WITH_KNOTS((1,2,2,2,2,1),(
    -2.094395102393,0.,2.094395102393,4.188790204786,6.28318530718,
8.377580409573),.UNSPECIFIED.) CURVE() GEOMETRIC_REPRESENTATION_ITEM() 
RATIONAL_B_SPLINE_CURVE((1.,0.5,1.,0.5,1.,0.5,1.)) REPRESENTATION_ITEM(
  '') );
#970 = CARTESIAN_POINT('',(-12.15640646055,-8.));
#971 = CARTESIAN_POINT('',(-12.15640646055,-10.94448637286));
#972 = CARTESIAN_POINT('',(-14.70640646055,-9.472243186434));
#973 = CARTESIAN_POINT('',(-17.25640646055,-8.));
#974 = CARTESIAN_POINT('',(-14.70640646055,-6.527756813566));
#975 = CARTESIAN_POINT('',(-12.15640646055,-5.055513627133));
#976 = CARTESIAN_POINT('',(-12.15640646055,-8.));
#977 = ( GEOMETRIC_REPRESENTATION_CONTEXT(2) 
PARAMETRIC_REPRESENTATION_CONTEXT() REPRESENTATION_CONTEXT('2D SPACE',''
  ) );
#978 = PCURVE('',#979,#984);
#979 = CYLINDRICAL_SURFACE('',#980,1.7);
#980 = AXIS2_PLACEMENT_3D('',#981,#982,#983);
#981 = CARTESIAN_POINT('',(-13.85640646055,-8.,125.));
#982 = DIRECTION('',(-0.,-0.,-1.));
#983 = DIRECTION('',(1.,0.,0.));
#984 = DEFINITIONAL_REPRESENTATION('',(#985),#989);
#985 = LINE('',#986,#987);
#986 = CARTESIAN_POINT('',(-6.28318530718,-20.));
#987 = VECTOR('',#988,1.);
#988 = DIRECTION('',(1.,-0.));
#989 = ( GEOMETRIC_REPRESENTATION_CONTEXT(2) 
PARAMETRIC_REPRESENTATION_CONTEXT() REPRESENTATION_CONTEXT('2D SPACE',''
  ) );
#990 = FACE_BOUND('',#991,.T.);
#991 = EDGE_LOOP('',(#992));
#992 = ORIENTED_EDGE('',*,*,#993,.T.);
#993 = EDGE_CURVE('',#994,#994,#996,.T.);
#994 = VERTEX_POINT('',#995);
#995 = CARTESIAN_POINT('',(15.556406460551,-8.,145.));
#996 = SURFACE_CURVE('',#997,(#1002,#1013),.PCURVE_S1.);
#997 = CIRCLE('',#998,1.7);
#998 = AXIS2_PLACEMENT_3D('',#999,#1000,#1001);
#999 = CARTESIAN_POINT('',(13.856406460551,-8.,145.));
#1000 = DIRECTION('',(0.,0.,-1.));
#1001 = DIRECTION('',(1.,0.,0.));
#1002 = PCURVE('',#435,#1003);
#1003 = DEFINITIONAL_REPRESENTATION('',(#1004),#1012);
#1004 = ( BOUNDED_CURVE() B_SPLINE_CURVE(2,(#1005,#1006,#1007,#1008,
#1009,#1010,#1011),.UNSPECIFIED.,.T.,.F.) B_SPLINE_CURVE_WITH_KNOTS((1,2
    ,2,2,2,1),(-2.094395102393,0.,2.094395102393,4.188790204786,
6.28318530718,8.377580409573),.UNSPECIFIED.) CURVE() 
GEOMETRIC_REPRESENTATION_ITEM() RATIONAL_B_SPLINE_CURVE((1.,0.5,1.,0.5,
1.,0.5,1.)) REPRESENTATION_ITEM('') );
#1005 = CARTESIAN_POINT('',(15.556406460551,-8.));
#1006 = CARTESIAN_POINT('',(15.556406460551,-10.94448637286));
#1007 = CARTESIAN_POINT('',(13.006406460551,-9.472243186434));
#1008 = CARTESIAN_POINT('',(10.456406460551,-8.));
#1009 = CARTESIAN_POINT('',(13.006406460551,-6.527756813566));
#1010 = CARTESIAN_POINT('',(15.556406460551,-5.055513627133));
#1011 = CARTESIAN_POINT('',(15.556406460551,-8.));
#1012 = ( GEOMETRIC_REPRESENTATION_CONTEXT(2) 
PARAMETRIC_REPRESENTATION_CONTEXT() REPRESENTATION_CONTEXT('2D SPACE',''
  ) );
#1013 = PCURVE('',#1014,#1019);
#1014 = CYLINDRICAL_SURFACE('',#1015,1.7);
#1015 = AXIS2_PLACEMENT_3D('',#1016,#1017,#1018);
#1016 = CARTESIAN_POINT('',(13.856406460551,-8.,125.));
#1017 = DIRECTION('',(-0.,-0.,-1.));
#1018 = DIRECTION('',(1.,0.,0.));
#1019 = DEFINITIONAL_REPRESENTATION('',(#1020),#1024);
#1020 = LINE('',#1021,#1022);
#1021 = CARTESIAN_POINT('',(-6.28318530718,-20.));
#1022 = VECTOR('',#1023,1.);
#1023 = DIRECTION('',(1.,-0.));
#1024 = ( GEOMETRIC_REPRESENTATION_CONTEXT(2) 
PARAMETRIC_REPRESENTATION_CONTEXT() REPRESENTATION_CONTEXT('2D SPACE',''
  ) );
#1025 = FACE_BOUND('',#1026,.T.);
#1026 = EDGE_LOOP('',(#1027));
#1027 = ORIENTED_EDGE('',*,*,#420,.T.);
#1028 = FACE_BOUND('',#1029,.T.);
#1029 = EDGE_LOOP('',(#1030));
#1030 = ORIENTED_EDGE('',*,*,#1031,.T.);
#1031 = EDGE_CURVE('',#1032,#1032,#1034,.T.);
#1032 = VERTEX_POINT('',#1033);
#1033 = CARTESIAN_POINT('',(1.7,16.,145.));
#1034 = SURFACE_CURVE('',#1035,(#1040,#1051),.PCURVE_S1.);
#1035 = CIRCLE('',#1036,1.7);
#1036 = AXIS2_PLACEMENT_3D('',#1037,#1038,#1039);
#1037 = CARTESIAN_POINT('',(9.797174393179E-16,16.,145.));
#1038 = DIRECTION('',(0.,0.,-1.));
#1039 = DIRECTION('',(1.,0.,0.));
#1040 = PCURVE('',#435,#1041);
#1041 = DEFINITIONAL_REPRESENTATION('',(#1042),#1050);
#1042 = ( BOUNDED_CURVE() B_SPLINE_CURVE(2,(#1043,#1044,#1045,#1046,
#1047,#1048,#1049),.UNSPECIFIED.,.T.,.F.) B_SPLINE_CURVE_WITH_KNOTS((1,2
    ,2,2,2,1),(-2.094395102393,0.,2.094395102393,4.188790204786,
6.28318530718,8.377580409573),.UNSPECIFIED.) CURVE() 
GEOMETRIC_REPRESENTATION_ITEM() RATIONAL_B_SPLINE_CURVE((1.,0.5,1.,0.5,
1.,0.5,1.)) REPRESENTATION_ITEM('') );
#1043 = CARTESIAN_POINT('',(1.7,16.));
#1044 = CARTESIAN_POINT('',(1.7,13.055513627133));
#1045 = CARTESIAN_POINT('',(-0.85,14.527756813566));
#1046 = CARTESIAN_POINT('',(-3.4,16.));
#1047 = CARTESIAN_POINT('',(-0.85,17.472243186434));
#1048 = CARTESIAN_POINT('',(1.7,18.944486372867));
#1049 = CARTESIAN_POINT('',(1.7,16.));
#1050 = ( GEOMETRIC_REPRESENTATION_CONTEXT(2) 
PARAMETRIC_REPRESENTATION_CONTEXT() REPRESENTATION_CONTEXT('2D SPACE',''
  ) );
#1051 = PCURVE('',#1052,#1057);
#1052 = CYLINDRICAL_SURFACE('',#1053,1.7);
#1053 = AXIS2_PLACEMENT_3D('',#1054,#1055,#1056);
#1054 = CARTESIAN_POINT('',(9.797174393179E-16,16.,125.));
#1055 = DIRECTION('',(-0.,-0.,-1.));
#1056 = DIRECTION('',(1.,0.,0.));
#1057 = DEFINITIONAL_REPRESENTATION('',(#1058),#1062);
#1058 = LINE('',#1059,#1060);
#1059 = CARTESIAN_POINT('',(-6.28318530718,-20.));
#1060 = VECTOR('',#1061,1.);
#1061 = DIRECTION('',(1.,-0.));
#1062 = ( GEOMETRIC_REPRESENTATION_CONTEXT(2) 
PARAMETRIC_REPRESENTATION_CONTEXT() REPRESENTATION_CONTEXT('2D SPACE',''
  ) );
#1063 = ADVANCED_FACE('',(#1064,#1099,#1134,#1140),#495,.T.);
#1064 = FACE_BOUND('',#1065,.T.);
#1065 = EDGE_LOOP('',(#1066));
#1066 = ORIENTED_EDGE('',*,*,#1067,.F.);
#1067 = EDGE_CURVE('',#1068,#1068,#1070,.T.);
#1068 = VERTEX_POINT('',#1069);
#1069 = CARTESIAN_POINT('',(49.,0.,5.));
#1070 = SURFACE_CURVE('',#1071,(#1076,#1087),.PCURVE_S1.);
#1071 = CIRCLE('',#1072,49.);
#1072 = AXIS2_PLACEMENT_3D('',#1073,#1074,#1075);
#1073 = CARTESIAN_POINT('',(0.,0.,5.));
#1074 = DIRECTION('',(0.,0.,-1.));
#1075 = DIRECTION('',(1.,0.,0.));
#1076 = PCURVE('',#495,#1077);
#1077 = DEFINITIONAL_REPRESENTATION('',(#1078),#1086);
#1078 = ( BOUNDED_CURVE() B_SPLINE_CURVE(2,(#1079,#1080,#1081,#1082,
#1083,#1084,#1085),.UNSPECIFIED.,.T.,.F.) B_SPLINE_CURVE_WITH_KNOTS((1,2
    ,2,2,2,1),(-2.094395102393,0.,2.094395102393,4.188790204786,
6.28318530718,8.377580409573),.UNSPECIFIED.) CURVE() 
GEOMETRIC_REPRESENTATION_ITEM() RATIONAL_B_SPLINE_CURVE((1.,0.5,1.,0.5,
1.,0.5,1.)) REPRESENTATION_ITEM('') );
#1079 = CARTESIAN_POINT('',(49.,2.526638149058E-16));
#1080 = CARTESIAN_POINT('',(49.,-84.87048957087));
#1081 = CARTESIAN_POINT('',(-24.5,-42.43524478543));
#1082 = CARTESIAN_POINT('',(-98.,-1.174887481674E-14));
#1083 = CARTESIAN_POINT('',(-24.5,42.435244785437));
#1084 = CARTESIAN_POINT('',(49.,84.870489570875));
#1085 = CARTESIAN_POINT('',(49.,2.526638149058E-16));
#1086 = ( GEOMETRIC_REPRESENTATION_CONTEXT(2) 
PARAMETRIC_REPRESENTATION_CONTEXT() REPRESENTATION_CONTEXT('2D SPACE',''
  ) );
#1087 = PCURVE('',#1088,#1093);
#1088 = CYLINDRICAL_SURFACE('',#1089,49.);
#1089 = AXIS2_PLACEMENT_3D('',#1090,#1091,#1092);
#1090 = CARTESIAN_POINT('',(0.,0.,14.));
#1091 = DIRECTION('',(-0.,-0.,-1.));
#1092 = DIRECTION('',(1.,0.,0.));
#1093 = DEFINITIONAL_REPRESENTATION('',(#1094),#1098);
#1094 = LINE('',#1095,#1096);
#1095 = CARTESIAN_POINT('',(-6.28318530718,9.));
#1096 = VECTOR('',#1097,1.);
#1097 = DIRECTION('',(1.,-0.));
#1098 = ( GEOMETRIC_REPRESENTATION_CONTEXT(2) 
PARAMETRIC_REPRESENTATION_CONTEXT() REPRESENTATION_CONTEXT('2D SPACE',''
  ) );
#1099 = FACE_BOUND('',#1100,.T.);
#1100 = EDGE_LOOP('',(#1101));
#1101 = ORIENTED_EDGE('',*,*,#1102,.T.);
#1102 = EDGE_CURVE('',#1103,#1103,#1105,.T.);
#1103 = VERTEX_POINT('',#1104);
#1104 = CARTESIAN_POINT('',(12.,0.,5.));
#1105 = SURFACE_CURVE('',#1106,(#1111,#1122),.PCURVE_S1.);
#1106 = CIRCLE('',#1107,12.);
#1107 = AXIS2_PLACEMENT_3D('',#1108,#1109,#1110);
#1108 = CARTESIAN_POINT('',(0.,0.,5.));
#1109 = DIRECTION('',(0.,0.,-1.));
#1110 = DIRECTION('',(1.,0.,0.));
#1111 = PCURVE('',#495,#1112);
#1112 = DEFINITIONAL_REPRESENTATION('',(#1113),#1121);
#1113 = ( BOUNDED_CURVE() B_SPLINE_CURVE(2,(#1114,#1115,#1116,#1117,
#1118,#1119,#1120),.UNSPECIFIED.,.T.,.F.) B_SPLINE_CURVE_WITH_KNOTS((1,2
    ,2,2,2,1),(-2.094395102393,0.,2.094395102393,4.188790204786,
6.28318530718,8.377580409573),.UNSPECIFIED.) CURVE() 
GEOMETRIC_REPRESENTATION_ITEM() RATIONAL_B_SPLINE_CURVE((1.,0.5,1.,0.5,
1.,0.5,1.)) REPRESENTATION_ITEM('') );
#1114 = CARTESIAN_POINT('',(12.,2.526638149058E-16));
#1115 = CARTESIAN_POINT('',(12.,-20.78460969082));
#1116 = CARTESIAN_POINT('',(-6.,-10.39230484541));
#1117 = CARTESIAN_POINT('',(-24.,-2.686488503048E-15));
#1118 = CARTESIAN_POINT('',(-6.,10.392304845413));
#1119 = CARTESIAN_POINT('',(12.,20.784609690827));
#1120 = CARTESIAN_POINT('',(12.,2.526638149058E-16));
#1121 = ( GEOMETRIC_REPRESENTATION_CONTEXT(2) 
PARAMETRIC_REPRESENTATION_CONTEXT() REPRESENTATION_CONTEXT('2D SPACE',''
  ) );
#1122 = PCURVE('',#1123,#1128);
#1123 = CYLINDRICAL_SURFACE('',#1124,12.);
#1124 = AXIS2_PLACEMENT_3D('',#1125,#1126,#1127);
#1125 = CARTESIAN_POINT('',(0.,0.,0.));
#1126 = DIRECTION('',(-0.,-0.,-1.));
#1127 = DIRECTION('',(1.,0.,0.));
#1128 = DEFINITIONAL_REPRESENTATION('',(#1129),#1133);
#1129 = LINE('',#1130,#1131);
#1130 = CARTESIAN_POINT('',(-6.28318530718,-5.));
#1131 = VECTOR('',#1132,1.);
#1132 = DIRECTION('',(1.,-0.));
#1133 = ( GEOMETRIC_REPRESENTATION_CONTEXT(2) 
PARAMETRIC_REPRESENTATION_CONTEXT() REPRESENTATION_CONTEXT('2D SPACE',''
  ) );
#1134 = FACE_BOUND('',#1135,.T.);
#1135 = EDGE_LOOP('',(#1136,#1137,#1138,#1139));
#1136 = ORIENTED_EDGE('',*,*,#690,.F.);
#1137 = ORIENTED_EDGE('',*,*,#793,.T.);
#1138 = ORIENTED_EDGE('',*,*,#847,.F.);
#1139 = ORIENTED_EDGE('',*,*,#761,.T.);
#1140 = FACE_BOUND('',#1141,.T.);
#1141 = EDGE_LOOP('',(#1142,#1143,#1144,#1145));
#1142 = ORIENTED_EDGE('',*,*,#479,.F.);
#1143 = ORIENTED_EDGE('',*,*,#533,.T.);
#1144 = ORIENTED_EDGE('',*,*,#587,.F.);
#1145 = ORIENTED_EDGE('',*,*,#636,.T.);
#1146 = ADVANCED_FACE('',(#1147,#1201,#1354),#911,.T.);
#1147 = FACE_BOUND('',#1148,.T.);
#1148 = EDGE_LOOP('',(#1149,#1150,#1173,#1200));
#1149 = ORIENTED_EDGE('',*,*,#896,.T.);
#1150 = ORIENTED_EDGE('',*,*,#1151,.T.);
#1151 = EDGE_CURVE('',#874,#1152,#1154,.T.);
#1152 = VERTEX_POINT('',#1153);
#1153 = CARTESIAN_POINT('',(54.2,0.,9.2));
#1154 = SEAM_CURVE('',#1155,(#1159,#1166),.PCURVE_S1.);
#1155 = LINE('',#1156,#1157);
#1156 = CARTESIAN_POINT('',(54.2,0.,4.8));
#1157 = VECTOR('',#1158,1.);
#1158 = DIRECTION('',(0.,0.,1.));
#1159 = PCURVE('',#911,#1160);
#1160 = DEFINITIONAL_REPRESENTATION('',(#1161),#1165);
#1161 = LINE('',#1162,#1163);
#1162 = CARTESIAN_POINT('',(0.,0.));
#1163 = VECTOR('',#1164,1.);
#1164 = DIRECTION('',(0.,1.));
#1165 = ( GEOMETRIC_REPRESENTATION_CONTEXT(2) 
PARAMETRIC_REPRESENTATION_CONTEXT() REPRESENTATION_CONTEXT('2D SPACE',''
  ) );
#1166 = PCURVE('',#911,#1167);
#1167 = DEFINITIONAL_REPRESENTATION('',(#1168),#1172);
#1168 = LINE('',#1169,#1170);
#1169 = CARTESIAN_POINT('',(6.28318530718,0.));
#1170 = VECTOR('',#1171,1.);
#1171 = DIRECTION('',(0.,1.));
#1172 = ( GEOMETRIC_REPRESENTATION_CONTEXT(2) 
PARAMETRIC_REPRESENTATION_CONTEXT() REPRESENTATION_CONTEXT('2D SPACE',''
  ) );
#1173 = ORIENTED_EDGE('',*,*,#1174,.F.);
#1174 = EDGE_CURVE('',#1152,#1152,#1175,.T.);
#1175 = SURFACE_CURVE('',#1176,(#1181,#1188),.PCURVE_S1.);
#1176 = CIRCLE('',#1177,54.2);
#1177 = AXIS2_PLACEMENT_3D('',#1178,#1179,#1180);
#1178 = CARTESIAN_POINT('',(0.,0.,9.2));
#1179 = DIRECTION('',(0.,0.,1.));
#1180 = DIRECTION('',(1.,0.,-0.));
#1181 = PCURVE('',#911,#1182);
#1182 = DEFINITIONAL_REPRESENTATION('',(#1183),#1187);
#1183 = LINE('',#1184,#1185);
#1184 = CARTESIAN_POINT('',(0.,4.4));
#1185 = VECTOR('',#1186,1.);
#1186 = DIRECTION('',(1.,0.));
#1187 = ( GEOMETRIC_REPRESENTATION_CONTEXT(2) 
PARAMETRIC_REPRESENTATION_CONTEXT() REPRESENTATION_CONTEXT('2D SPACE',''
  ) );
#1188 = PCURVE('',#1189,#1194);
#1189 = CONICAL_SURFACE('',#1190,54.2,0.785398163397);
#1190 = AXIS2_PLACEMENT_3D('',#1191,#1192,#1193);
#1191 = CARTESIAN_POINT('',(0.,0.,9.2));
#1192 = DIRECTION('',(0.,0.,1.));
#1193 = DIRECTION('',(1.,0.,-0.));
#1194 = DEFINITIONAL_REPRESENTATION('',(#1195),#1199);
#1195 = LINE('',#1196,#1197);
#1196 = CARTESIAN_POINT('',(0.,0.));
#1197 = VECTOR('',#1198,1.);
#1198 = DIRECTION('',(1.,0.));
#1199 = ( GEOMETRIC_REPRESENTATION_CONTEXT(2) 
PARAMETRIC_REPRESENTATION_CONTEXT() REPRESENTATION_CONTEXT('2D SPACE',''
  ) );
#1200 = ORIENTED_EDGE('',*,*,#1151,.F.);
#1201 = FACE_BOUND('',#1202,.T.);
#1202 = EDGE_LOOP('',(#1203));
#1203 = ORIENTED_EDGE('',*,*,#1204,.F.);
#1204 = EDGE_CURVE('',#1205,#1205,#1207,.T.);
#1205 = VERTEX_POINT('',#1206);
#1206 = CARTESIAN_POINT('',(6.353011368964,53.826380581884,7.));
#1207 = SURFACE_CURVE('',#1208,(#1253,#1301),.PCURVE_S1.);
#1208 = B_SPLINE_CURVE_WITH_KNOTS('',7,(#1209,#1210,#1211,#1212,#1213,
    #1214,#1215,#1216,#1217,#1218,#1219,#1220,#1221,#1222,#1223,#1224,
    #1225,#1226,#1227,#1228,#1229,#1230,#1231,#1232,#1233,#1234,#1235,
    #1236,#1237,#1238,#1239,#1240,#1241,#1242,#1243,#1244,#1245,#1246,
    #1247,#1248,#1249,#1250,#1251,#1252),.UNSPECIFIED.,.T.,.F.,(8,6,6,6,
    6,6,6,8),(0.,0.15097145187,0.287151583847,0.424558243738,
    0.587469820884,0.713958348034,0.840018894352,1.),.UNSPECIFIED.);
#1209 = CARTESIAN_POINT('',(6.353011368964,53.826380581884,7.));
#1210 = CARTESIAN_POINT('',(6.353011368964,53.826380581884,
    7.144289941344));
#1211 = CARTESIAN_POINT('',(6.373117615965,53.824007466521,
    7.288678046807));
#1212 = CARTESIAN_POINT('',(6.413382330338,53.819255204957,
    7.431061574002));
#1213 = CARTESIAN_POINT('',(6.47421642808,53.812026866002,7.569125875887
    ));
#1214 = CARTESIAN_POINT('',(6.556166595847,53.802162320407,
    7.700046102667));
#1215 = CARTESIAN_POINT('',(6.659745651879,53.789438718487,
    7.820213565641));
#1216 = CARTESIAN_POINT('',(6.897918172773,53.759386958631,
    8.018789473919));
#1217 = CARTESIAN_POINT('',(7.031233926986,53.742284320486,
    8.102433690503));
#1218 = CARTESIAN_POINT('',(7.182154612147,53.722497099657,
    8.167128727818));
#1219 = CARTESIAN_POINT('',(7.345297924634,53.700509789102,
    8.207075291687));
#1220 = CARTESIAN_POINT('',(7.513814886793,53.677095883748,
    8.219212285099));
#1221 = CARTESIAN_POINT('',(7.680412706831,53.653302001193,
    8.203344049284));
#1222 = CARTESIAN_POINT('',(7.998194582981,53.606854979509,
    8.120885865836));
#1223 = CARTESIAN_POINT('',(8.144843707456,53.584854745128,
    8.054977456663));
#1224 = CARTESIAN_POINT('',(8.275607591184,53.564774708864,
    7.969257421966));
#1225 = CARTESIAN_POINT('',(8.388760615924,53.54707418054,7.868009116285
    ));
#1226 = CARTESIAN_POINT('',(8.483365200903,53.532073005836,7.75530879279
    ));
#1227 = CARTESIAN_POINT('',(8.559219789974,53.519932447118,
    7.635052886344));
#1228 = CARTESIAN_POINT('',(8.685273256141,53.499633881459,
    7.363779137096));
#1229 = CARTESIAN_POINT('',(8.730035329513,53.492321197414,
    7.207022558516));
#1230 = CARTESIAN_POINT('',(8.750143802463,53.489003870037,
    7.044923797374));
#1231 = CARTESIAN_POINT('',(8.74529359016,53.489803463835,6.881576404392
    ));
#1232 = CARTESIAN_POINT('',(8.715628173206,53.494683340276,
    6.720807119401));
#1233 = CARTESIAN_POINT('',(8.661473112748,53.503506281654,
    6.566256996652));
#1234 = CARTESIAN_POINT('',(8.522242900531,53.525836512426,
    6.309809870171));
#1235 = CARTESIAN_POINT('',(8.44569857272,53.538030150577,6.201860661769
    ));
#1236 = CARTESIAN_POINT('',(8.35313666025,53.552633161009,6.101204966482
    ));
#1237 = CARTESIAN_POINT('',(8.24488059625,53.569484521863,6.011092725103
    ));
#1238 = CARTESIAN_POINT('',(8.121857879648,53.588300016912,
    5.934842507837));
#1239 = CARTESIAN_POINT('',(7.985622036245,53.608692583837,5.87585180411
    ));
#1240 = CARTESIAN_POINT('',(7.692058079366,53.651599912712,
    5.799677697193));
#1241 = CARTESIAN_POINT('',(7.537869803621,53.673658906748,
    5.783149157671));
#1242 = CARTESIAN_POINT('',(7.381370243293,53.695490350766,
    5.790657541774));
#1243 = CARTESIAN_POINT('',(7.228580034103,53.716220289148,
    5.822322910485));
#1244 = CARTESIAN_POINT('',(7.085263993953,53.735168868718,
    5.875946638986));
#1245 = CARTESIAN_POINT('',(6.956149151441,53.751881411955,
    5.947095798029));
#1246 = CARTESIAN_POINT('',(6.701821855374,53.784255548241,6.13335064883
    ));
#1247 = CARTESIAN_POINT('',(6.58392716173,53.798816546094,6.257389035161
    ));
#1248 = CARTESIAN_POINT('',(6.490676304286,53.810070249427,
    6.394808325187));
#1249 = CARTESIAN_POINT('',(6.421524814113,53.81829423291,6.541024395699
    ));
#1250 = CARTESIAN_POINT('',(6.375816468818,53.823688910521,
    6.692485385914));
#1251 = CARTESIAN_POINT('',(6.353011368964,53.826380581884,
    6.846330380117));
#1252 = CARTESIAN_POINT('',(6.353011368964,53.826380581884,7.));
#1253 = PCURVE('',#911,#1254);
#1254 = DEFINITIONAL_REPRESENTATION('',(#1255),#1300);
#1255 = B_SPLINE_CURVE_WITH_KNOTS('',7,(#1256,#1257,#1258,#1259,#1260,
    #1261,#1262,#1263,#1264,#1265,#1266,#1267,#1268,#1269,#1270,#1271,
    #1272,#1273,#1274,#1275,#1276,#1277,#1278,#1279,#1280,#1281,#1282,
    #1283,#1284,#1285,#1286,#1287,#1288,#1289,#1290,#1291,#1292,#1293,
    #1294,#1295,#1296,#1297,#1298,#1299),.UNSPECIFIED.,.F.,.F.,(8,6,6,6,
    6,6,6,8),(0.,0.15097145187,0.287151583847,0.424558243738,
    0.587469820884,0.713958348034,0.840018894352,1.),.UNSPECIFIED.);
#1256 = CARTESIAN_POINT('',(1.453312017254,2.2));
#1257 = CARTESIAN_POINT('',(1.453312017254,2.344289941344));
#1258 = CARTESIAN_POINT('',(1.452938478303,2.488678046807));
#1259 = CARTESIAN_POINT('',(1.452190430596,2.631061574002));
#1260 = CARTESIAN_POINT('',(1.451060135076,2.769125875887));
#1261 = CARTESIAN_POINT('',(1.449537228878,2.900046102667));
#1262 = CARTESIAN_POINT('',(1.447611822117,3.020213565641));
#1263 = CARTESIAN_POINT('',(1.443182653364,3.218789473919));
#1264 = CARTESIAN_POINT('',(1.440702800991,3.302433690503));
#1265 = CARTESIAN_POINT('',(1.437894472746,3.367128727818));
#1266 = CARTESIAN_POINT('',(1.434857276282,3.407075291687));
#1267 = CARTESIAN_POINT('',(1.431718277675,3.419212285099));
#1268 = CARTESIAN_POINT('',(1.42861334223,3.403344049284));
#1269 = CARTESIAN_POINT('',(1.422687912542,3.320885865836));
#1270 = CARTESIAN_POINT('',(1.419951950987,3.254977456663));
#1271 = CARTESIAN_POINT('',(1.417511074303,3.169257421966));
#1272 = CARTESIAN_POINT('',(1.415398000139,3.068009116285));
#1273 = CARTESIAN_POINT('',(1.413630723861,2.95530879279));
#1274 = CARTESIAN_POINT('',(1.412213381375,2.835052886344));
#1275 = CARTESIAN_POINT('',(1.409857710537,2.563779137096));
#1276 = CARTESIAN_POINT('',(1.409020895957,2.407022558516));
#1277 = CARTESIAN_POINT('',(1.408644875484,2.244923797374));
#1278 = CARTESIAN_POINT('',(1.4087355708,2.081576404392));
#1279 = CARTESIAN_POINT('',(1.409290259752,1.920807119401));
#1280 = CARTESIAN_POINT('',(1.410302601114,1.766256996652));
#1281 = CARTESIAN_POINT('',(1.412904253198,1.509809870171));
#1282 = CARTESIAN_POINT('',(1.414334316554,1.401860661769));
#1283 = CARTESIAN_POINT('',(1.416063220134,1.301204966482));
#1284 = CARTESIAN_POINT('',(1.418084609665,1.211092725103));
#1285 = CARTESIAN_POINT('',(1.42038077827,1.134842507837));
#1286 = CARTESIAN_POINT('',(1.422922342972,1.07585180411));
#1287 = CARTESIAN_POINT('',(1.428396200091,0.999677697193));
#1288 = CARTESIAN_POINT('',(1.431269954913,0.983149157671));
#1289 = CARTESIAN_POINT('',(1.434185330572,0.990657541774));
#1290 = CARTESIAN_POINT('',(1.437030132255,1.022322910485));
#1291 = CARTESIAN_POINT('',(1.439697335168,1.075946638986));
#1292 = CARTESIAN_POINT('',(1.442099395768,1.147095798029));
#1293 = CARTESIAN_POINT('',(1.446829645212,1.33335064883));
#1294 = CARTESIAN_POINT('',(1.449021336497,1.457389035161));
#1295 = CARTESIAN_POINT('',(1.450754309209,1.594808325187));
#1296 = CARTESIAN_POINT('',(1.452039157693,1.741024395699));
#1297 = CARTESIAN_POINT('',(1.452888338289,1.892485385915));
#1298 = CARTESIAN_POINT('',(1.453312017254,2.046330380117));
#1299 = CARTESIAN_POINT('',(1.453312017254,2.2));
#1300 = ( GEOMETRIC_REPRESENTATION_CONTEXT(2) 
PARAMETRIC_REPRESENTATION_CONTEXT() REPRESENTATION_CONTEXT('2D SPACE',''
  ) );
#1301 = PCURVE('',#1302,#1307);
#1302 = CYLINDRICAL_SURFACE('',#1303,1.2);
#1303 = AXIS2_PLACEMENT_3D('',#1304,#1305,#1306);
#1304 = CARTESIAN_POINT('',(5.566924038403,39.610722749663,7.));
#1305 = DIRECTION('',(-0.13917310096,-0.990268068742,-0.));
#1306 = DIRECTION('',(-0.990268068742,0.13917310096,0.));
#1307 = DEFINITIONAL_REPRESENTATION('',(#1308),#1353);
#1308 = B_SPLINE_CURVE_WITH_KNOTS('',7,(#1309,#1310,#1311,#1312,#1313,
    #1314,#1315,#1316,#1317,#1318,#1319,#1320,#1321,#1322,#1323,#1324,
    #1325,#1326,#1327,#1328,#1329,#1330,#1331,#1332,#1333,#1334,#1335,
    #1336,#1337,#1338,#1339,#1340,#1341,#1342,#1343,#1344,#1345,#1346,
    #1347,#1348,#1349,#1350,#1351,#1352),.UNSPECIFIED.,.F.,.F.,(8,6,6,6,
    6,6,6,8),(0.,0.15097145187,0.287151583847,0.424558243738,
    0.587469820884,0.713958348034,0.840018894352,1.),.UNSPECIFIED.);
#1309 = CARTESIAN_POINT('',(0.,-14.18671423882));
#1310 = CARTESIAN_POINT('',(-0.120241617787,-14.18671423882));
#1311 = CARTESIAN_POINT('',(-0.240564587905,-14.1871624672));
#1312 = CARTESIAN_POINT('',(-0.36205907878,-14.18806021947));
#1313 = CARTESIAN_POINT('',(-0.485644506084,-14.18936869624));
#1314 = CARTESIAN_POINT('',(-0.612326944783,-14.1910054107));
#1315 = CARTESIAN_POINT('',(-0.74315604072,-14.19282105242));
#1316 = CARTESIAN_POINT('',(-1.002763344848,-14.19620896252));
#1317 = CARTESIAN_POINT('',(-1.133491219983,-14.197826733));
#1318 = CARTESIAN_POINT('',(-1.268630967381,-14.19923617979));
#1319 = CARTESIAN_POINT('',(-1.40640424089,-14.20016800893));
#1320 = CARTESIAN_POINT('',(-1.545466851722,-14.20043499429));
#1321 = CARTESIAN_POINT('',(-1.684588807533,-14.20005860739));
#1322 = CARTESIAN_POINT('',(-1.960897400763,-14.19829029406));
#1323 = CARTESIAN_POINT('',(-2.09424452337,-14.19691377785));
#1324 = CARTESIAN_POINT('',(-2.22314624857,-14.19522797431));
#1325 = CARTESIAN_POINT('',(-2.348129868608,-14.19344756365));
#1326 = CARTESIAN_POINT('',(-2.469531717794,-14.1917587928));
#1327 = CARTESIAN_POINT('',(-2.587458945275,-14.19029330355));
#1328 = CARTESIAN_POINT('',(-2.837298356123,-14.18773553391));
#1329 = CARTESIAN_POINT('',(-2.971584725704,-14.18672369296));
#1330 = CARTESIAN_POINT('',(-3.105108392695,-14.18623720812));
#1331 = CARTESIAN_POINT('',(-3.238389268959,-14.18635400124));
#1332 = CARTESIAN_POINT('',(-3.372081354357,-14.18705775899));
#1333 = CARTESIAN_POINT('',(-3.506965435186,-14.18825790841));
#1334 = CARTESIAN_POINT('',(-3.750836609058,-14.19099372253));
#1335 = CARTESIAN_POINT('',(-3.860778711781,-14.19241578158));
#1336 = CARTESIAN_POINT('',(-3.97387651196,-14.19399454812));
#1337 = CARTESIAN_POINT('',(-4.09015160108,-14.19561558057));
#1338 = CARTESIAN_POINT('',(-4.209810294349,-14.19712651155));
#1339 = CARTESIAN_POINT('',(-4.33321962708,-14.19836025463));
#1340 = CARTESIAN_POINT('',(-4.588470948933,-14.19999380612));
#1341 = CARTESIAN_POINT('',(-4.717616225249,-14.20037926308));
#1342 = CARTESIAN_POINT('',(-4.846982330425,-14.20021771587));
#1343 = CARTESIAN_POINT('',(-4.975418193746,-14.19948162471));
#1344 = CARTESIAN_POINT('',(-5.101714642911,-14.19830006028));
#1345 = CARTESIAN_POINT('',(-5.2243330807,-14.19688064519));
#1346 = CARTESIAN_POINT('',(-5.488396146356,-14.19354420015));
#1347 = CARTESIAN_POINT('',(-5.629228621485,-14.19155572127));
#1348 = CARTESIAN_POINT('',(-5.765107786332,-14.18972189334));
#1349 = CARTESIAN_POINT('',(-5.897272824674,-14.18824181426));
#1350 = CARTESIAN_POINT('',(-6.026923911733,-14.18722261908));
#1351 = CARTESIAN_POINT('',(-6.155127290611,-14.18671423882));
#1352 = CARTESIAN_POINT('',(-6.28318530718,-14.18671423882));
#1353 = ( GEOMETRIC_REPRESENTATION_CONTEXT(2) 
PARAMETRIC_REPRESENTATION_CONTEXT() REPRESENTATION_CONTEXT('2D SPACE',''
  ) );
#1354 = FACE_BOUND('',#1355,.T.);
#1355 = EDGE_LOOP('',(#1356));
#1356 = ORIENTED_EDGE('',*,*,#1357,.F.);
#1357 = EDGE_CURVE('',#1358,#1358,#1360,.T.);
#1358 = VERTEX_POINT('',#1359);
#1359 = CARTESIAN_POINT('',(-8.729654733944,53.49236513958,7.));
#1360 = SURFACE_CURVE('',#1361,(#1406,#1454),.PCURVE_S1.);
#1361 = B_SPLINE_CURVE_WITH_KNOTS('',7,(#1362,#1363,#1364,#1365,#1366,
    #1367,#1368,#1369,#1370,#1371,#1372,#1373,#1374,#1375,#1376,#1377,
    #1378,#1379,#1380,#1381,#1382,#1383,#1384,#1385,#1386,#1387,#1388,
    #1389,#1390,#1391,#1392,#1393,#1394,#1395,#1396,#1397,#1398,#1399,
    #1400,#1401,#1402,#1403,#1404,#1405),.UNSPECIFIED.,.T.,.F.,(8,6,6,6,
    6,6,6,8),(0.,0.150971454111,0.287151588038,0.424558250011,
    0.587469829701,0.713958356097,0.840018898861,1.),.UNSPECIFIED.);
#1362 = CARTESIAN_POINT('',(-8.729654733944,53.49236513958,7.));
#1363 = CARTESIAN_POINT('',(-8.729654733944,53.49236513958,
    7.144289941344));
#1364 = CARTESIAN_POINT('',(-8.709673249609,53.49562598744,
    7.288678046807));
#1365 = CARTESIAN_POINT('',(-8.669658421173,53.502156279832,
    7.431061574002));
#1366 = CARTESIAN_POINT('',(-8.60918853297,53.511976104315,
    7.569125875887));
#1367 = CARTESIAN_POINT('',(-8.527693938456,53.525082222038,
    7.700046102666));
#1368 = CARTESIAN_POINT('',(-8.424620259402,53.541401768001,
    7.820213565641));
#1369 = CARTESIAN_POINT('',(-8.187390750475,53.578163406234,
    8.01878947387));
#1370 = CARTESIAN_POINT('',(-8.054525296416,53.598470097283,
    8.102433690577));
#1371 = CARTESIAN_POINT('',(-7.903996925403,53.621048778428,
    8.167128727803));
#1372 = CARTESIAN_POINT('',(-7.741112984152,53.644881610248,
    8.207075291645));
#1373 = CARTESIAN_POINT('',(-7.572670336357,53.668824289741,
    8.219212285142));
#1374 = CARTESIAN_POINT('',(-7.405967750312,53.691872724461,
    8.203344049265));
#1375 = CARTESIAN_POINT('',(-7.087693670878,53.734817537693,
    8.120885865821));
#1376 = CARTESIAN_POINT('',(-6.940661398398,53.754091531976,
    8.054977456641));
#1377 = CARTESIAN_POINT('',(-6.809428277709,53.770832773404,
    7.969257421986));
#1378 = CARTESIAN_POINT('',(-6.695779682409,53.785007134072,
    7.868009116331));
#1379 = CARTESIAN_POINT('',(-6.600705034433,53.796663637092,
    7.755308792799));
#1380 = CARTESIAN_POINT('',(-6.524442531982,53.805901741389,
    7.635052886286));
#1381 = CARTESIAN_POINT('',(-6.397677120378,53.821134551841,
    7.363779137096));
#1382 = CARTESIAN_POINT('',(-6.35263340492,53.82644324832,7.207022558516
    ));
#1383 = CARTESIAN_POINT('',(-6.332389520762,53.828797074893,
    7.044923797374));
#1384 = CARTESIAN_POINT('',(-6.337272241987,53.828228794088,
    6.881576404392));
#1385 = CARTESIAN_POINT('',(-6.367133547238,53.824742735304,
    6.720807119401));
#1386 = CARTESIAN_POINT('',(-6.421622664729,53.818296733227,
    6.566256996652));
#1387 = CARTESIAN_POINT('',(-6.561614379095,53.801384881344,
    6.30980987259));
#1388 = CARTESIAN_POINT('',(-6.63855453554,53.792007682059,
    6.201860655387));
#1389 = CARTESIAN_POINT('',(-6.731555889865,53.780531475957,
    6.101204972882));
#1390 = CARTESIAN_POINT('',(-6.840263154223,53.766890629595,
    6.011092723384));
#1391 = CARTESIAN_POINT('',(-6.96370644786,53.751067585888,
    5.934842506479));
#1392 = CARTESIAN_POINT('',(-7.100285687659,53.733118493241,
    5.875851804958));
#1393 = CARTESIAN_POINT('',(-7.394304340664,53.693446471685,
    5.799677697193));
#1394 = CARTESIAN_POINT('',(-7.548599906889,53.672150889078,
    5.783149157671));
#1395 = CARTESIAN_POINT('',(-7.705054501166,53.649999494984,
    5.790657541774));
#1396 = CARTESIAN_POINT('',(-7.857639822177,53.627811701454,
    5.822322910485));
#1397 = CARTESIAN_POINT('',(-8.000626978355,53.606522990835,
    5.875946638986));
#1398 = CARTESIAN_POINT('',(-8.129346732066,53.586999244703,
    5.947095798029));
#1399 = CARTESIAN_POINT('',(-8.38274534133,53.548017158454,6.13335064883
    ));
#1400 = CARTESIAN_POINT('',(-8.50008654943,53.529517906324,
    6.257389035161));
#1401 = CARTESIAN_POINT('',(-8.592826967834,53.514632240501,
    6.394808325188));
#1402 = CARTESIAN_POINT('',(-8.661566483616,53.50347690691,
    6.541024395699));
#1403 = CARTESIAN_POINT('',(-8.706991139805,53.496063676424,
    6.692485385915));
#1404 = CARTESIAN_POINT('',(-8.729654733944,53.49236513958,
    6.846330380117));
#1405 = CARTESIAN_POINT('',(-8.729654733944,53.49236513958,7.));
#1406 = PCURVE('',#911,#1407);
#1407 = DEFINITIONAL_REPRESENTATION('',(#1408),#1453);
#1408 = B_SPLINE_CURVE_WITH_KNOTS('',7,(#1409,#1410,#1411,#1412,#1413,
    #1414,#1415,#1416,#1417,#1418,#1419,#1420,#1421,#1422,#1423,#1424,
    #1425,#1426,#1427,#1428,#1429,#1430,#1431,#1432,#1433,#1434,#1435,
    #1436,#1437,#1438,#1439,#1440,#1441,#1442,#1443,#1444,#1445,#1446,
    #1447,#1448,#1449,#1450,#1451,#1452),.UNSPECIFIED.,.F.,.F.,(8,6,6,6,
    6,6,6,8),(0.,0.150971454111,0.287151588038,0.424558250011,
    0.587469829701,0.713958356097,0.840018898861,1.),.UNSPECIFIED.);
#1409 = CARTESIAN_POINT('',(1.732564697573,2.2));
#1410 = CARTESIAN_POINT('',(1.732564697573,2.344289941344));
#1411 = CARTESIAN_POINT('',(1.732191158622,2.488678046807));
#1412 = CARTESIAN_POINT('',(1.731443110915,2.631061574002));
#1413 = CARTESIAN_POINT('',(1.730312815395,2.769125875887));
#1414 = CARTESIAN_POINT('',(1.728789909197,2.900046102666));
#1415 = CARTESIAN_POINT('',(1.726864502436,3.020213565641));
#1416 = CARTESIAN_POINT('',(1.722435333684,3.21878947387));
#1417 = CARTESIAN_POINT('',(1.719955481309,3.302433690577));
#1418 = CARTESIAN_POINT('',(1.717147153064,3.367128727803));
#1419 = CARTESIAN_POINT('',(1.714109956602,3.407075291645));
#1420 = CARTESIAN_POINT('',(1.710970957996,3.419212285142));
#1421 = CARTESIAN_POINT('',(1.707866022548,3.403344049265));
#1422 = CARTESIAN_POINT('',(1.70194059286,3.320885865821));
#1423 = CARTESIAN_POINT('',(1.699204631306,3.254977456641));
#1424 = CARTESIAN_POINT('',(1.696763754623,3.169257421986));
#1425 = CARTESIAN_POINT('',(1.694650680459,3.068009116331));
#1426 = CARTESIAN_POINT('',(1.692883404179,2.955308792799));
#1427 = CARTESIAN_POINT('',(1.691466061693,2.835052886286));
#1428 = CARTESIAN_POINT('',(1.689110390857,2.563779137096));
#1429 = CARTESIAN_POINT('',(1.688273576276,2.407022558516));
#1430 = CARTESIAN_POINT('',(1.687897555803,2.244923797374));
#1431 = CARTESIAN_POINT('',(1.687988251119,2.081576404392));
#1432 = CARTESIAN_POINT('',(1.688542940071,1.920807119401));
#1433 = CARTESIAN_POINT('',(1.689555281433,1.766256996652));
#1434 = CARTESIAN_POINT('',(1.692156933492,1.50980987259));
#1435 = CARTESIAN_POINT('',(1.693586996921,1.401860655387));
#1436 = CARTESIAN_POINT('',(1.695315900468,1.301204972882));
#1437 = CARTESIAN_POINT('',(1.697337289851,1.211092723384));
#1438 = CARTESIAN_POINT('',(1.699633458739,1.134842506479));
#1439 = CARTESIAN_POINT('',(1.70217502323,1.075851804958));
#1440 = CARTESIAN_POINT('',(1.707648880411,0.999677697193));
#1441 = CARTESIAN_POINT('',(1.710522635232,0.983149157671));
#1442 = CARTESIAN_POINT('',(1.713438010892,0.990657541774));
#1443 = CARTESIAN_POINT('',(1.716282812574,1.022322910485));
#1444 = CARTESIAN_POINT('',(1.718950015487,1.075946638986));
#1445 = CARTESIAN_POINT('',(1.721352076087,1.147095798029));
#1446 = CARTESIAN_POINT('',(1.726082325531,1.33335064883));
#1447 = CARTESIAN_POINT('',(1.728274016816,1.457389035161));
#1448 = CARTESIAN_POINT('',(1.730006989528,1.594808325188));
#1449 = CARTESIAN_POINT('',(1.731291838012,1.741024395699));
#1450 = CARTESIAN_POINT('',(1.732141018608,1.892485385915));
#1451 = CARTESIAN_POINT('',(1.732564697573,2.046330380117));
#1452 = CARTESIAN_POINT('',(1.732564697573,2.2));
#1453 = ( GEOMETRIC_REPRESENTATION_CONTEXT(2) 
PARAMETRIC_REPRESENTATION_CONTEXT() REPRESENTATION_CONTEXT('2D SPACE',''
  ) );
#1454 = PCURVE('',#1455,#1460);
#1455 = CYLINDRICAL_SURFACE('',#1456,1.2);
#1456 = AXIS2_PLACEMENT_3D('',#1457,#1458,#1459);
#1457 = CARTESIAN_POINT('',(-5.566924038403,39.610722749663,7.));
#1458 = DIRECTION('',(0.13917310096,-0.990268068742,-0.));
#1459 = DIRECTION('',(-0.990268068742,-0.13917310096,0.));
#1460 = DEFINITIONAL_REPRESENTATION('',(#1461),#1506);
#1461 = B_SPLINE_CURVE_WITH_KNOTS('',7,(#1462,#1463,#1464,#1465,#1466,
    #1467,#1468,#1469,#1470,#1471,#1472,#1473,#1474,#1475,#1476,#1477,
    #1478,#1479,#1480,#1481,#1482,#1483,#1484,#1485,#1486,#1487,#1488,
    #1489,#1490,#1491,#1492,#1493,#1494,#1495,#1496,#1497,#1498,#1499,
    #1500,#1501,#1502,#1503,#1504,#1505),.UNSPECIFIED.,.F.,.F.,(8,6,6,6,
    6,6,6,8),(0.,0.150971454111,0.287151588038,0.424558250011,
    0.587469829701,0.713958356097,0.840018898861,1.),.UNSPECIFIED.);
#1462 = CARTESIAN_POINT('',(0.,-14.18671423882));
#1463 = CARTESIAN_POINT('',(-0.120241617787,-14.18671423882));
#1464 = CARTESIAN_POINT('',(-0.240564587905,-14.1871624672));
#1465 = CARTESIAN_POINT('',(-0.36205907878,-14.18806021947));
#1466 = CARTESIAN_POINT('',(-0.485644506084,-14.18936869624));
#1467 = CARTESIAN_POINT('',(-0.612326944783,-14.1910054107));
#1468 = CARTESIAN_POINT('',(-0.74315604072,-14.19282105242));
#1469 = CARTESIAN_POINT('',(-1.002763344783,-14.19620896252));
#1470 = CARTESIAN_POINT('',(-1.133491220058,-14.197826733));
#1471 = CARTESIAN_POINT('',(-1.268630967413,-14.19923617979));
#1472 = CARTESIAN_POINT('',(-1.406404240852,-14.20016800893));
#1473 = CARTESIAN_POINT('',(-1.545466851655,-14.20043499429));
#1474 = CARTESIAN_POINT('',(-1.684588807596,-14.20005860739));
#1475 = CARTESIAN_POINT('',(-1.960897400814,-14.19829029406));
#1476 = CARTESIAN_POINT('',(-2.094244523379,-14.19691377785));
#1477 = CARTESIAN_POINT('',(-2.223146248533,-14.19522797431));
#1478 = CARTESIAN_POINT('',(-2.348129868565,-14.19344756365));
#1479 = CARTESIAN_POINT('',(-2.469531717793,-14.1917587928));
#1480 = CARTESIAN_POINT('',(-2.587458945329,-14.19029330355));
#1481 = CARTESIAN_POINT('',(-2.837298356122,-14.18773553391));
#1482 = CARTESIAN_POINT('',(-2.971584725703,-14.18672369296));
#1483 = CARTESIAN_POINT('',(-3.105108392695,-14.18623720812));
#1484 = CARTESIAN_POINT('',(-3.23838926896,-14.18635400124));
#1485 = CARTESIAN_POINT('',(-3.372081354357,-14.18705775899));
#1486 = CARTESIAN_POINT('',(-3.506965435186,-14.18825790841));
#1487 = CARTESIAN_POINT('',(-3.750836606758,-14.19099372251));
#1488 = CARTESIAN_POINT('',(-3.860778717098,-14.19241578164));
#1489 = CARTESIAN_POINT('',(-3.97387650909,-14.19399454807));
#1490 = CARTESIAN_POINT('',(-4.090151596892,-14.19561558056));
#1491 = CARTESIAN_POINT('',(-4.209810300865,-14.19712651159));
#1492 = CARTESIAN_POINT('',(-4.333219624238,-14.19836025461));
#1493 = CARTESIAN_POINT('',(-4.588470948933,-14.19999380612));
#1494 = CARTESIAN_POINT('',(-4.717616225249,-14.20037926308));
#1495 = CARTESIAN_POINT('',(-4.846982330425,-14.20021771587));
#1496 = CARTESIAN_POINT('',(-4.975418193746,-14.19948162471));
#1497 = CARTESIAN_POINT('',(-5.10171464291,-14.19830006028));
#1498 = CARTESIAN_POINT('',(-5.2243330807,-14.19688064519));
#1499 = CARTESIAN_POINT('',(-5.488396146356,-14.19354420015));
#1500 = CARTESIAN_POINT('',(-5.629228621485,-14.19155572127));
#1501 = CARTESIAN_POINT('',(-5.765107786333,-14.18972189334));
#1502 = CARTESIAN_POINT('',(-5.897272824673,-14.18824181426));
#1503 = CARTESIAN_POINT('',(-6.026923911733,-14.18722261908));
#1504 = CARTESIAN_POINT('',(-6.155127290611,-14.18671423882));
#1505 = CARTESIAN_POINT('',(-6.28318530718,-14.18671423882));
#1506 = ( GEOMETRIC_REPRESENTATION_CONTEXT(2) 
PARAMETRIC_REPRESENTATION_CONTEXT() REPRESENTATION_CONTEXT('2D SPACE',''
  ) );
#1507 = ADVANCED_FACE('',(#1508),#944,.T.);
#1508 = FACE_BOUND('',#1509,.F.);
#1509 = EDGE_LOOP('',(#1510,#1533,#1534,#1535));
#1510 = ORIENTED_EDGE('',*,*,#1511,.T.);
#1511 = EDGE_CURVE('',#1512,#928,#1514,.T.);
#1512 = VERTEX_POINT('',#1513);
#1513 = CARTESIAN_POINT('',(22.,0.,140.));
#1514 = SEAM_CURVE('',#1515,(#1519,#1526),.PCURVE_S1.);
#1515 = LINE('',#1516,#1517);
#1516 = CARTESIAN_POINT('',(22.,0.,140.));
#1517 = VECTOR('',#1518,1.);
#1518 = DIRECTION('',(0.,0.,1.));
#1519 = PCURVE('',#944,#1520);
#1520 = DEFINITIONAL_REPRESENTATION('',(#1521),#1525);
#1521 = LINE('',#1522,#1523);
#1522 = CARTESIAN_POINT('',(-0.,0.));
#1523 = VECTOR('',#1524,1.);
#1524 = DIRECTION('',(-0.,-1.));
#1525 = ( GEOMETRIC_REPRESENTATION_CONTEXT(2) 
PARAMETRIC_REPRESENTATION_CONTEXT() REPRESENTATION_CONTEXT('2D SPACE',''
  ) );
#1526 = PCURVE('',#944,#1527);
#1527 = DEFINITIONAL_REPRESENTATION('',(#1528),#1532);
#1528 = LINE('',#1529,#1530);
#1529 = CARTESIAN_POINT('',(-6.28318530718,0.));
#1530 = VECTOR('',#1531,1.);
#1531 = DIRECTION('',(-0.,-1.));
#1532 = ( GEOMETRIC_REPRESENTATION_CONTEXT(2) 
PARAMETRIC_REPRESENTATION_CONTEXT() REPRESENTATION_CONTEXT('2D SPACE',''
  ) );
#1533 = ORIENTED_EDGE('',*,*,#927,.T.);
#1534 = ORIENTED_EDGE('',*,*,#1511,.F.);
#1535 = ORIENTED_EDGE('',*,*,#1536,.F.);
#1536 = EDGE_CURVE('',#1512,#1512,#1537,.T.);
#1537 = SURFACE_CURVE('',#1538,(#1543,#1550),.PCURVE_S1.);
#1538 = CIRCLE('',#1539,22.);
#1539 = AXIS2_PLACEMENT_3D('',#1540,#1541,#1542);
#1540 = CARTESIAN_POINT('',(0.,0.,140.));
#1541 = DIRECTION('',(0.,0.,1.));
#1542 = DIRECTION('',(1.,0.,0.));
#1543 = PCURVE('',#944,#1544);
#1544 = DEFINITIONAL_REPRESENTATION('',(#1545),#1549);
#1545 = LINE('',#1546,#1547);
#1546 = CARTESIAN_POINT('',(-0.,0.));
#1547 = VECTOR('',#1548,1.);
#1548 = DIRECTION('',(-1.,0.));
#1549 = ( GEOMETRIC_REPRESENTATION_CONTEXT(2) 
PARAMETRIC_REPRESENTATION_CONTEXT() REPRESENTATION_CONTEXT('2D SPACE',''
  ) );
#1550 = PCURVE('',#1551,#1556);
#1551 = PLANE('',#1552);
#1552 = AXIS2_PLACEMENT_3D('',#1553,#1554,#1555);
#1553 = CARTESIAN_POINT('',(-1.491752871861E-15,-8.980743193747E-16,140.
    ));
#1554 = DIRECTION('',(0.,0.,1.));
#1555 = DIRECTION('',(1.,0.,-0.));
#1556 = DEFINITIONAL_REPRESENTATION('',(#1557),#1561);
#1557 = CIRCLE('',#1558,22.);
#1558 = AXIS2_PLACEMENT_2D('',#1559,#1560);
#1559 = CARTESIAN_POINT('',(1.491752871861E-15,8.980743193747E-16));
#1560 = DIRECTION('',(1.,0.));
#1561 = ( GEOMETRIC_REPRESENTATION_CONTEXT(2) 
PARAMETRIC_REPRESENTATION_CONTEXT() REPRESENTATION_CONTEXT('2D SPACE',''
  ) );
#1562 = ADVANCED_FACE('',(#1563),#979,.F.);
#1563 = FACE_BOUND('',#1564,.T.);
#1564 = EDGE_LOOP('',(#1565,#1593,#1614,#1615));
#1565 = ORIENTED_EDGE('',*,*,#1566,.T.);
#1566 = EDGE_CURVE('',#1567,#1567,#1569,.T.);
#1567 = VERTEX_POINT('',#1568);
#1568 = CARTESIAN_POINT('',(-12.15640646055,-8.,140.));
#1569 = SURFACE_CURVE('',#1570,(#1575,#1582),.PCURVE_S1.);
#1570 = CIRCLE('',#1571,1.7);
#1571 = AXIS2_PLACEMENT_3D('',#1572,#1573,#1574);
#1572 = CARTESIAN_POINT('',(-13.85640646055,-8.,140.));
#1573 = DIRECTION('',(0.,0.,-1.));
#1574 = DIRECTION('',(1.,0.,0.));
#1575 = PCURVE('',#979,#1576);
#1576 = DEFINITIONAL_REPRESENTATION('',(#1577),#1581);
#1577 = LINE('',#1578,#1579);
#1578 = CARTESIAN_POINT('',(-6.28318530718,-15.));
#1579 = VECTOR('',#1580,1.);
#1580 = DIRECTION('',(1.,-0.));
#1581 = ( GEOMETRIC_REPRESENTATION_CONTEXT(2) 
PARAMETRIC_REPRESENTATION_CONTEXT() REPRESENTATION_CONTEXT('2D SPACE',''
  ) );
#1582 = PCURVE('',#1551,#1583);
#1583 = DEFINITIONAL_REPRESENTATION('',(#1584),#1592);
#1584 = ( BOUNDED_CURVE() B_SPLINE_CURVE(2,(#1585,#1586,#1587,#1588,
#1589,#1590,#1591),.UNSPECIFIED.,.T.,.F.) B_SPLINE_CURVE_WITH_KNOTS((1,2
    ,2,2,2,1),(-2.094395102393,0.,2.094395102393,4.188790204786,
6.28318530718,8.377580409573),.UNSPECIFIED.) CURVE() 
GEOMETRIC_REPRESENTATION_ITEM() RATIONAL_B_SPLINE_CURVE((1.,0.5,1.,0.5,
1.,0.5,1.)) REPRESENTATION_ITEM('') );
#1585 = CARTESIAN_POINT('',(-12.15640646055,-8.));
#1586 = CARTESIAN_POINT('',(-12.15640646055,-10.94448637286));
#1587 = CARTESIAN_POINT('',(-14.70640646055,-9.472243186434));
#1588 = CARTESIAN_POINT('',(-17.25640646055,-8.));
#1589 = CARTESIAN_POINT('',(-14.70640646055,-6.527756813566));
#1590 = CARTESIAN_POINT('',(-12.15640646055,-5.055513627133));
#1591 = CARTESIAN_POINT('',(-12.15640646055,-8.));
#1592 = ( GEOMETRIC_REPRESENTATION_CONTEXT(2) 
PARAMETRIC_REPRESENTATION_CONTEXT() REPRESENTATION_CONTEXT('2D SPACE',''
  ) );
#1593 = ORIENTED_EDGE('',*,*,#1594,.T.);
#1594 = EDGE_CURVE('',#1567,#959,#1595,.T.);
#1595 = SEAM_CURVE('',#1596,(#1600,#1607),.PCURVE_S1.);
#1596 = LINE('',#1597,#1598);
#1597 = CARTESIAN_POINT('',(-12.15640646055,-8.,125.));
#1598 = VECTOR('',#1599,1.);
#1599 = DIRECTION('',(0.,0.,1.));
#1600 = PCURVE('',#979,#1601);
#1601 = DEFINITIONAL_REPRESENTATION('',(#1602),#1606);
#1602 = LINE('',#1603,#1604);
#1603 = CARTESIAN_POINT('',(-6.28318530718,0.));
#1604 = VECTOR('',#1605,1.);
#1605 = DIRECTION('',(-0.,-1.));
#1606 = ( GEOMETRIC_REPRESENTATION_CONTEXT(2) 
PARAMETRIC_REPRESENTATION_CONTEXT() REPRESENTATION_CONTEXT('2D SPACE',''
  ) );
#1607 = PCURVE('',#979,#1608);
#1608 = DEFINITIONAL_REPRESENTATION('',(#1609),#1613);
#1609 = LINE('',#1610,#1611);
#1610 = CARTESIAN_POINT('',(-0.,0.));
#1611 = VECTOR('',#1612,1.);
#1612 = DIRECTION('',(-0.,-1.));
#1613 = ( GEOMETRIC_REPRESENTATION_CONTEXT(2) 
PARAMETRIC_REPRESENTATION_CONTEXT() REPRESENTATION_CONTEXT('2D SPACE',''
  ) );
#1614 = ORIENTED_EDGE('',*,*,#958,.F.);
#1615 = ORIENTED_EDGE('',*,*,#1594,.F.);
#1616 = ADVANCED_FACE('',(#1617),#1014,.F.);
#1617 = FACE_BOUND('',#1618,.T.);
#1618 = EDGE_LOOP('',(#1619,#1647,#1668,#1669));
#1619 = ORIENTED_EDGE('',*,*,#1620,.T.);
#1620 = EDGE_CURVE('',#1621,#1621,#1623,.T.);
#1621 = VERTEX_POINT('',#1622);
#1622 = CARTESIAN_POINT('',(15.556406460551,-8.,140.));
#1623 = SURFACE_CURVE('',#1624,(#1629,#1636),.PCURVE_S1.);
#1624 = CIRCLE('',#1625,1.7);
#1625 = AXIS2_PLACEMENT_3D('',#1626,#1627,#1628);
#1626 = CARTESIAN_POINT('',(13.856406460551,-8.,140.));
#1627 = DIRECTION('',(0.,0.,-1.));
#1628 = DIRECTION('',(1.,0.,0.));
#1629 = PCURVE('',#1014,#1630);
#1630 = DEFINITIONAL_REPRESENTATION('',(#1631),#1635);
#1631 = LINE('',#1632,#1633);
#1632 = CARTESIAN_POINT('',(-6.28318530718,-15.));
#1633 = VECTOR('',#1634,1.);
#1634 = DIRECTION('',(1.,-0.));
#1635 = ( GEOMETRIC_REPRESENTATION_CONTEXT(2) 
PARAMETRIC_REPRESENTATION_CONTEXT() REPRESENTATION_CONTEXT('2D SPACE',''
  ) );
#1636 = PCURVE('',#1551,#1637);
#1637 = DEFINITIONAL_REPRESENTATION('',(#1638),#1646);
#1638 = ( BOUNDED_CURVE() B_SPLINE_CURVE(2,(#1639,#1640,#1641,#1642,
#1643,#1644,#1645),.UNSPECIFIED.,.T.,.F.) B_SPLINE_CURVE_WITH_KNOTS((1,2
    ,2,2,2,1),(-2.094395102393,0.,2.094395102393,4.188790204786,
6.28318530718,8.377580409573),.UNSPECIFIED.) CURVE() 
GEOMETRIC_REPRESENTATION_ITEM() RATIONAL_B_SPLINE_CURVE((1.,0.5,1.,0.5,
1.,0.5,1.)) REPRESENTATION_ITEM('') );
#1639 = CARTESIAN_POINT('',(15.556406460551,-8.));
#1640 = CARTESIAN_POINT('',(15.556406460551,-10.94448637286));
#1641 = CARTESIAN_POINT('',(13.006406460551,-9.472243186434));
#1642 = CARTESIAN_POINT('',(10.456406460551,-8.));
#1643 = CARTESIAN_POINT('',(13.006406460551,-6.527756813566));
#1644 = CARTESIAN_POINT('',(15.556406460551,-5.055513627133));
#1645 = CARTESIAN_POINT('',(15.556406460551,-8.));
#1646 = ( GEOMETRIC_REPRESENTATION_CONTEXT(2) 
PARAMETRIC_REPRESENTATION_CONTEXT() REPRESENTATION_CONTEXT('2D SPACE',''
  ) );
#1647 = ORIENTED_EDGE('',*,*,#1648,.T.);
#1648 = EDGE_CURVE('',#1621,#994,#1649,.T.);
#1649 = SEAM_CURVE('',#1650,(#1654,#1661),.PCURVE_S1.);
#1650 = LINE('',#1651,#1652);
#1651 = CARTESIAN_POINT('',(15.556406460551,-8.,125.));
#1652 = VECTOR('',#1653,1.);
#1653 = DIRECTION('',(0.,0.,1.));
#1654 = PCURVE('',#1014,#1655);
#1655 = DEFINITIONAL_REPRESENTATION('',(#1656),#1660);
#1656 = LINE('',#1657,#1658);
#1657 = CARTESIAN_POINT('',(-6.28318530718,0.));
#1658 = VECTOR('',#1659,1.);
#1659 = DIRECTION('',(-0.,-1.));
#1660 = ( GEOMETRIC_REPRESENTATION_CONTEXT(2) 
PARAMETRIC_REPRESENTATION_CONTEXT() REPRESENTATION_CONTEXT('2D SPACE',''
  ) );
#1661 = PCURVE('',#1014,#1662);
#1662 = DEFINITIONAL_REPRESENTATION('',(#1663),#1667);
#1663 = LINE('',#1664,#1665);
#1664 = CARTESIAN_POINT('',(-0.,0.));
#1665 = VECTOR('',#1666,1.);
#1666 = DIRECTION('',(-0.,-1.));
#1667 = ( GEOMETRIC_REPRESENTATION_CONTEXT(2) 
PARAMETRIC_REPRESENTATION_CONTEXT() REPRESENTATION_CONTEXT('2D SPACE',''
  ) );
#1668 = ORIENTED_EDGE('',*,*,#993,.F.);
#1669 = ORIENTED_EDGE('',*,*,#1648,.F.);
#1670 = ADVANCED_FACE('',(#1671),#1052,.F.);
#1671 = FACE_BOUND('',#1672,.T.);
#1672 = EDGE_LOOP('',(#1673,#1701,#1722,#1723));
#1673 = ORIENTED_EDGE('',*,*,#1674,.T.);
#1674 = EDGE_CURVE('',#1675,#1675,#1677,.T.);
#1675 = VERTEX_POINT('',#1676);
#1676 = CARTESIAN_POINT('',(1.7,16.,140.));
#1677 = SURFACE_CURVE('',#1678,(#1683,#1690),.PCURVE_S1.);
#1678 = CIRCLE('',#1679,1.7);
#1679 = AXIS2_PLACEMENT_3D('',#1680,#1681,#1682);
#1680 = CARTESIAN_POINT('',(9.797174393179E-16,16.,140.));
#1681 = DIRECTION('',(0.,0.,-1.));
#1682 = DIRECTION('',(1.,0.,0.));
#1683 = PCURVE('',#1052,#1684);
#1684 = DEFINITIONAL_REPRESENTATION('',(#1685),#1689);
#1685 = LINE('',#1686,#1687);
#1686 = CARTESIAN_POINT('',(-6.28318530718,-15.));
#1687 = VECTOR('',#1688,1.);
#1688 = DIRECTION('',(1.,-0.));
#1689 = ( GEOMETRIC_REPRESENTATION_CONTEXT(2) 
PARAMETRIC_REPRESENTATION_CONTEXT() REPRESENTATION_CONTEXT('2D SPACE',''
  ) );
#1690 = PCURVE('',#1551,#1691);
#1691 = DEFINITIONAL_REPRESENTATION('',(#1692),#1700);
#1692 = ( BOUNDED_CURVE() B_SPLINE_CURVE(2,(#1693,#1694,#1695,#1696,
#1697,#1698,#1699),.UNSPECIFIED.,.T.,.F.) B_SPLINE_CURVE_WITH_KNOTS((1,2
    ,2,2,2,1),(-2.094395102393,0.,2.094395102393,4.188790204786,
6.28318530718,8.377580409573),.UNSPECIFIED.) CURVE() 
GEOMETRIC_REPRESENTATION_ITEM() RATIONAL_B_SPLINE_CURVE((1.,0.5,1.,0.5,
1.,0.5,1.)) REPRESENTATION_ITEM('') );
#1693 = CARTESIAN_POINT('',(1.7,16.));
#1694 = CARTESIAN_POINT('',(1.7,13.055513627133));
#1695 = CARTESIAN_POINT('',(-0.85,14.527756813566));
#1696 = CARTESIAN_POINT('',(-3.4,16.));
#1697 = CARTESIAN_POINT('',(-0.85,17.472243186434));
#1698 = CARTESIAN_POINT('',(1.7,18.944486372867));
#1699 = CARTESIAN_POINT('',(1.7,16.));
#1700 = ( GEOMETRIC_REPRESENTATION_CONTEXT(2) 
PARAMETRIC_REPRESENTATION_CONTEXT() REPRESENTATION_CONTEXT('2D SPACE',''
  ) );
#1701 = ORIENTED_EDGE('',*,*,#1702,.T.);
#1702 = EDGE_CURVE('',#1675,#1032,#1703,.T.);
#1703 = SEAM_CURVE('',#1704,(#1708,#1715),.PCURVE_S1.);
#1704 = LINE('',#1705,#1706);
#1705 = CARTESIAN_POINT('',(1.7,16.,125.));
#1706 = VECTOR('',#1707,1.);
#1707 = DIRECTION('',(0.,0.,1.));
#1708 = PCURVE('',#1052,#1709);
#1709 = DEFINITIONAL_REPRESENTATION('',(#1710),#1714);
#1710 = LINE('',#1711,#1712);
#1711 = CARTESIAN_POINT('',(-6.28318530718,0.));
#1712 = VECTOR('',#1713,1.);
#1713 = DIRECTION('',(-0.,-1.));
#1714 = ( GEOMETRIC_REPRESENTATION_CONTEXT(2) 
PARAMETRIC_REPRESENTATION_CONTEXT() REPRESENTATION_CONTEXT('2D SPACE',''
  ) );
#1715 = PCURVE('',#1052,#1716);
#1716 = DEFINITIONAL_REPRESENTATION('',(#1717),#1721);
#1717 = LINE('',#1718,#1719);
#1718 = CARTESIAN_POINT('',(-0.,0.));
#1719 = VECTOR('',#1720,1.);
#1720 = DIRECTION('',(-0.,-1.));
#1721 = ( GEOMETRIC_REPRESENTATION_CONTEXT(2) 
PARAMETRIC_REPRESENTATION_CONTEXT() REPRESENTATION_CONTEXT('2D SPACE',''
  ) );
#1722 = ORIENTED_EDGE('',*,*,#1031,.F.);
#1723 = ORIENTED_EDGE('',*,*,#1702,.F.);
#1724 = ADVANCED_FACE('',(#1725,#1779,#1927),#1088,.F.);
#1725 = FACE_BOUND('',#1726,.T.);
#1726 = EDGE_LOOP('',(#1727,#1750,#1777,#1778));
#1727 = ORIENTED_EDGE('',*,*,#1728,.F.);
#1728 = EDGE_CURVE('',#1729,#1068,#1731,.T.);
#1729 = VERTEX_POINT('',#1730);
#1730 = CARTESIAN_POINT('',(49.,0.,14.));
#1731 = SEAM_CURVE('',#1732,(#1736,#1743),.PCURVE_S1.);
#1732 = LINE('',#1733,#1734);
#1733 = CARTESIAN_POINT('',(49.,0.,14.));
#1734 = VECTOR('',#1735,1.);
#1735 = DIRECTION('',(0.,0.,-1.));
#1736 = PCURVE('',#1088,#1737);
#1737 = DEFINITIONAL_REPRESENTATION('',(#1738),#1742);
#1738 = LINE('',#1739,#1740);
#1739 = CARTESIAN_POINT('',(-0.,0.));
#1740 = VECTOR('',#1741,1.);
#1741 = DIRECTION('',(-0.,1.));
#1742 = ( GEOMETRIC_REPRESENTATION_CONTEXT(2) 
PARAMETRIC_REPRESENTATION_CONTEXT() REPRESENTATION_CONTEXT('2D SPACE',''
  ) );
#1743 = PCURVE('',#1088,#1744);
#1744 = DEFINITIONAL_REPRESENTATION('',(#1745),#1749);
#1745 = LINE('',#1746,#1747);
#1746 = CARTESIAN_POINT('',(-6.28318530718,0.));
#1747 = VECTOR('',#1748,1.);
#1748 = DIRECTION('',(-0.,1.));
#1749 = ( GEOMETRIC_REPRESENTATION_CONTEXT(2) 
PARAMETRIC_REPRESENTATION_CONTEXT() REPRESENTATION_CONTEXT('2D SPACE',''
  ) );
#1750 = ORIENTED_EDGE('',*,*,#1751,.T.);
#1751 = EDGE_CURVE('',#1729,#1729,#1752,.T.);
#1752 = SURFACE_CURVE('',#1753,(#1758,#1765),.PCURVE_S1.);
#1753 = CIRCLE('',#1754,49.);
#1754 = AXIS2_PLACEMENT_3D('',#1755,#1756,#1757);
#1755 = CARTESIAN_POINT('',(0.,0.,14.));
#1756 = DIRECTION('',(0.,0.,1.));
#1757 = DIRECTION('',(1.,0.,-0.));
#1758 = PCURVE('',#1088,#1759);
#1759 = DEFINITIONAL_REPRESENTATION('',(#1760),#1764);
#1760 = LINE('',#1761,#1762);
#1761 = CARTESIAN_POINT('',(-0.,0.));
#1762 = VECTOR('',#1763,1.);
#1763 = DIRECTION('',(-1.,0.));
#1764 = ( GEOMETRIC_REPRESENTATION_CONTEXT(2) 
PARAMETRIC_REPRESENTATION_CONTEXT() REPRESENTATION_CONTEXT('2D SPACE',''
  ) );
#1765 = PCURVE('',#1766,#1771);
#1766 = PLANE('',#1767);
#1767 = AXIS2_PLACEMENT_3D('',#1768,#1769,#1770);
#1768 = CARTESIAN_POINT('',(0.,0.,14.));
#1769 = DIRECTION('',(0.,0.,1.));
#1770 = DIRECTION('',(1.,0.,-0.));
#1771 = DEFINITIONAL_REPRESENTATION('',(#1772),#1776);
#1772 = CIRCLE('',#1773,49.);
#1773 = AXIS2_PLACEMENT_2D('',#1774,#1775);
#1774 = CARTESIAN_POINT('',(0.,0.));
#1775 = DIRECTION('',(1.,0.));
#1776 = ( GEOMETRIC_REPRESENTATION_CONTEXT(2) 
PARAMETRIC_REPRESENTATION_CONTEXT() REPRESENTATION_CONTEXT('2D SPACE',''
  ) );
#1777 = ORIENTED_EDGE('',*,*,#1728,.T.);
#1778 = ORIENTED_EDGE('',*,*,#1067,.T.);
#1779 = FACE_BOUND('',#1780,.T.);
#1780 = EDGE_LOOP('',(#1781));
#1781 = ORIENTED_EDGE('',*,*,#1782,.T.);
#1782 = EDGE_CURVE('',#1783,#1783,#1785,.T.);
#1783 = VERTEX_POINT('',#1784);
#1784 = CARTESIAN_POINT('',(5.629114965336,48.675590029367,7.));
#1785 = SURFACE_CURVE('',#1786,(#1831,#1879),.PCURVE_S1.);
#1786 = B_SPLINE_CURVE_WITH_KNOTS('',7,(#1787,#1788,#1789,#1790,#1791,
    #1792,#1793,#1794,#1795,#1796,#1797,#1798,#1799,#1800,#1801,#1802,
    #1803,#1804,#1805,#1806,#1807,#1808,#1809,#1810,#1811,#1812,#1813,
    #1814,#1815,#1816,#1817,#1818,#1819,#1820,#1821,#1822,#1823,#1824,
    #1825,#1826,#1827,#1828,#1829,#1830),.UNSPECIFIED.,.T.,.F.,(8,6,6,6,
    6,6,6,8),(0.,0.15097093655,0.287152223825,0.424559173581,
    0.587468824818,0.713957841857,0.840019447865,1.),.UNSPECIFIED.);
#1787 = CARTESIAN_POINT('',(5.629114965336,48.675590029367,7.));
#1788 = CARTESIAN_POINT('',(5.629114965336,48.675590029367,
    7.144291438484));
#1789 = CARTESIAN_POINT('',(5.649228253852,48.673263996809,
    7.288680928271));
#1790 = CARTESIAN_POINT('',(5.689507012293,48.668606043634,
    7.431065312056));
#1791 = CARTESIAN_POINT('',(5.750361256206,48.661515189289,
    7.569129658854));
#1792 = CARTESIAN_POINT('',(5.832335978339,48.651822669329,
    7.700049075686));
#1793 = CARTESIAN_POINT('',(5.935941322269,48.639289989242,
    7.820215098927));
#1794 = CARTESIAN_POINT('',(6.174161737581,48.609594614943,
    8.018789211223));
#1795 = CARTESIAN_POINT('',(6.307501395161,48.592662014607,
    8.102433587208));
#1796 = CARTESIAN_POINT('',(6.458442964443,48.573022911339,8.16712865158
    ));
#1797 = CARTESIAN_POINT('',(6.621599924401,48.551133532234,8.20707517554
    ));
#1798 = CARTESIAN_POINT('',(6.790120695449,48.527747707945,
    8.219212280192));
#1799 = CARTESIAN_POINT('',(6.95671306548,48.503914260601,8.203344148466
    ));
#1800 = CARTESIAN_POINT('',(7.274468574405,48.457281437486,
    8.120886029736));
#1801 = CARTESIAN_POINT('',(7.421096662912,48.435136644486,8.05497802392
    ));
#1802 = CARTESIAN_POINT('',(7.551835157191,48.414879506959,
    7.969258619981));
#1803 = CARTESIAN_POINT('',(7.664961808402,48.396991848565,
    7.868010936943));
#1804 = CARTESIAN_POINT('',(7.759541834875,48.381813080789,
    7.755310892986));
#1805 = CARTESIAN_POINT('',(7.835375512111,48.369518330637,
    7.635054525418));
#1806 = CARTESIAN_POINT('',(7.961391895709,48.348950727916,
    7.363779243885));
#1807 = CARTESIAN_POINT('',(8.00613909424,48.341531637442,7.20702258436)
  );
#1808 = CARTESIAN_POINT('',(8.026240426655,48.338163142468,
    7.044923596123));
#1809 = CARTESIAN_POINT('',(8.021391903,48.338975024256,6.881575880115)
  );
#1810 = CARTESIAN_POINT('',(7.991736690557,48.343928939743,
    6.720806346824));
#1811 = CARTESIAN_POINT('',(7.937599173977,48.352878101946,
    6.566256356918));
#1812 = CARTESIAN_POINT('',(7.798409047794,48.375496019568,
    6.309808607701));
#1813 = CARTESIAN_POINT('',(7.721885146299,48.387839252407,
    6.201859065904));
#1814 = CARTESIAN_POINT('',(7.629346303302,48.402608264441,
    6.101203629701));
#1815 = CARTESIAN_POINT('',(7.521114319261,48.419629990297,
    6.011091871618));
#1816 = CARTESIAN_POINT('',(7.398114340991,48.438604218452,
    5.934842123755));
#1817 = CARTESIAN_POINT('',(7.261897284005,48.459126361477,
    5.875851698086));
#1818 = CARTESIAN_POINT('',(6.968357606084,48.502205343565,
    5.799677630496));
#1819 = CARTESIAN_POINT('',(6.81417489176,48.524304860583,5.783149139303
    ));
#1820 = CARTESIAN_POINT('',(6.657672960236,48.546119321688,
    5.790657609757));
#1821 = CARTESIAN_POINT('',(6.504871899894,48.566771907676,
    5.822322993104));
#1822 = CARTESIAN_POINT('',(6.36153834327,48.585596320939,5.87594678672)
  );
#1823 = CARTESIAN_POINT('',(6.232402573581,48.602159673205,
    5.947096075897));
#1824 = CARTESIAN_POINT('',(5.978028539819,48.634182793463,
    6.133349060107));
#1825 = CARTESIAN_POINT('',(5.860105141512,48.648534693592,
    6.257385805188));
#1826 = CARTESIAN_POINT('',(5.766826782095,48.659595659109,
    6.394804095842));
#1827 = CARTESIAN_POINT('',(5.697652460251,48.667664133695,
    6.541020124953));
#1828 = CARTESIAN_POINT('',(5.651928104057,48.672951753241,
    6.692482033395));
#1829 = CARTESIAN_POINT('',(5.629114965336,48.675590029367,
    6.846328609797));
#1830 = CARTESIAN_POINT('',(5.629114965336,48.675590029367,7.));
#1831 = PCURVE('',#1088,#1832);
#1832 = DEFINITIONAL_REPRESENTATION('',(#1833),#1878);
#1833 = B_SPLINE_CURVE_WITH_KNOTS('',7,(#1834,#1835,#1836,#1837,#1838,
    #1839,#1840,#1841,#1842,#1843,#1844,#1845,#1846,#1847,#1848,#1849,
    #1850,#1851,#1852,#1853,#1854,#1855,#1856,#1857,#1858,#1859,#1860,
    #1861,#1862,#1863,#1864,#1865,#1866,#1867,#1868,#1869,#1870,#1871,
    #1872,#1873,#1874,#1875,#1876,#1877),.UNSPECIFIED.,.T.,.F.,(8,6,6,6,
    6,6,6,8),(0.,0.15097093655,0.287152223825,0.424559173581,
    0.587468824818,0.713957841857,0.840019447865,1.),.UNSPECIFIED.);
#1834 = CARTESIAN_POINT('',(-1.455662231174,7.));
#1835 = CARTESIAN_POINT('',(-1.455662231174,6.855708561516));
#1836 = CARTESIAN_POINT('',(-1.455249020127,6.711319071729));
#1837 = CARTESIAN_POINT('',(-1.454421526446,6.568934687944));
#1838 = CARTESIAN_POINT('',(-1.453171200828,6.430870341145));
#1839 = CARTESIAN_POINT('',(-1.451486599448,6.299950924314));
#1840 = CARTESIAN_POINT('',(-1.449356805319,6.179784901073));
#1841 = CARTESIAN_POINT('',(-1.444457537572,5.981210788777));
#1842 = CARTESIAN_POINT('',(-1.441714474018,5.897566412792));
#1843 = CARTESIAN_POINT('',(-1.438608092164,5.832871348419));
#1844 = CARTESIAN_POINT('',(-1.435248581523,5.79292482446));
#1845 = CARTESIAN_POINT('',(-1.431776475815,5.780787719808));
#1846 = CARTESIAN_POINT('',(-1.428342036923,5.796655851534));
#1847 = CARTESIAN_POINT('',(-1.421787769064,5.879113970264));
#1848 = CARTESIAN_POINT('',(-1.418761450796,5.94502197608));
#1849 = CARTESIAN_POINT('',(-1.41606150853,6.030741380019));
#1850 = CARTESIAN_POINT('',(-1.413724130335,6.131989063057));
#1851 = CARTESIAN_POINT('',(-1.411769231137,6.244689107014));
#1852 = CARTESIAN_POINT('',(-1.410201397833,6.364945474582));
#1853 = CARTESIAN_POINT('',(-1.407595605802,6.636220756115));
#1854 = CARTESIAN_POINT('',(-1.40666993383,6.79297741564));
#1855 = CARTESIAN_POINT('',(-1.40625398143,6.955076403877));
#1856 = CARTESIAN_POINT('',(-1.40635430869,7.118424119885));
#1857 = CARTESIAN_POINT('',(-1.406967904436,7.279193653176));
#1858 = CARTESIAN_POINT('',(-1.408087741024,7.433743643082));
#1859 = CARTESIAN_POINT('',(-1.410965614897,7.690191392299));
#1860 = CARTESIAN_POINT('',(-1.412547511495,7.798140934096));
#1861 = CARTESIAN_POINT('',(-1.414459955689,7.898796370299));
#1862 = CARTESIAN_POINT('',(-1.416695909875,7.988908128383));
#1863 = CARTESIAN_POINT('',(-1.419235782505,8.065157876245));
#1864 = CARTESIAN_POINT('',(-1.422047074103,8.124148301914));
#1865 = CARTESIAN_POINT('',(-1.428101847733,8.200322369504));
#1866 = CARTESIAN_POINT('',(-1.431280574092,8.216850860697));
#1867 = CARTESIAN_POINT('',(-1.43450532937,8.209342390243));
#1868 = CARTESIAN_POINT('',(-1.437652027677,8.177677006895));
#1869 = CARTESIAN_POINT('',(-1.440602300124,8.12405321328));
#1870 = CARTESIAN_POINT('',(-1.443259306414,8.052903924103));
#1871 = CARTESIAN_POINT('',(-1.448491588123,7.866650939893));
#1872 = CARTESIAN_POINT('',(-1.45091592543,7.742614194812));
#1873 = CARTESIAN_POINT('',(-1.452832893952,7.605195904158));
#1874 = CARTESIAN_POINT('',(-1.454254185163,7.458979875047));
#1875 = CARTESIAN_POINT('',(-1.455193553862,7.307517966605));
#1876 = CARTESIAN_POINT('',(-1.455662231174,7.153671390203));
#1877 = CARTESIAN_POINT('',(-1.455662231174,7.));
#1878 = ( GEOMETRIC_REPRESENTATION_CONTEXT(2) 
PARAMETRIC_REPRESENTATION_CONTEXT() REPRESENTATION_CONTEXT('2D SPACE',''
  ) );
#1879 = PCURVE('',#1302,#1880);
#1880 = DEFINITIONAL_REPRESENTATION('',(#1881),#1926);
#1881 = B_SPLINE_CURVE_WITH_KNOTS('',7,(#1882,#1883,#1884,#1885,#1886,
    #1887,#1888,#1889,#1890,#1891,#1892,#1893,#1894,#1895,#1896,#1897,
    #1898,#1899,#1900,#1901,#1902,#1903,#1904,#1905,#1906,#1907,#1908,
    #1909,#1910,#1911,#1912,#1913,#1914,#1915,#1916,#1917,#1918,#1919,
    #1920,#1921,#1922,#1923,#1924,#1925),.UNSPECIFIED.,.F.,.F.,(8,6,6,6,
    6,6,6,8),(0.,0.15097093655,0.287152223825,0.424559173581,
    0.587468824818,0.713957841857,0.840019447865,1.),.UNSPECIFIED.);
#1882 = CARTESIAN_POINT('',(0.,-8.985303918624));
#1883 = CARTESIAN_POINT('',(-0.120242865404,-8.985303918624));
#1884 = CARTESIAN_POINT('',(-0.240566989346,-8.985799751589));
#1885 = CARTESIAN_POINT('',(-0.362062281409,-8.986792849009));
#1886 = CARTESIAN_POINT('',(-0.485647993755,-8.988240276202));
#1887 = CARTESIAN_POINT('',(-0.612330060388,-8.99005075946));
#1888 = CARTESIAN_POINT('',(-0.743158045255,-8.992059123545));
#1889 = CARTESIAN_POINT('',(-1.002763001413,-8.995806616498));
#1890 = CARTESIAN_POINT('',(-1.133490965683,-8.997596096691));
#1891 = CARTESIAN_POINT('',(-1.268630741614,-8.999155126087));
#1892 = CARTESIAN_POINT('',(-1.406403941197,-9.000185832975));
#1893 = CARTESIAN_POINT('',(-1.54546645332,-9.000481156204));
#1894 = CARTESIAN_POINT('',(-1.684588475186,-9.000064831064));
#1895 = CARTESIAN_POINT('',(-1.960896851554,-8.998108854903));
#1896 = CARTESIAN_POINT('',(-2.094243315514,-8.996586259272));
#1897 = CARTESIAN_POINT('',(-2.223144458312,-8.994721544478));
#1898 = CARTESIAN_POINT('',(-2.348127717874,-8.992752154395));
#1899 = CARTESIAN_POINT('',(-2.469529594169,-8.990884100917));
#1900 = CARTESIAN_POINT('',(-2.58745743571,-8.989263010447));
#1901 = CARTESIAN_POINT('',(-2.837298257771,-8.986433661099));
#1902 = CARTESIAN_POINT('',(-2.971584716305,-8.985314379082));
#1903 = CARTESIAN_POINT('',(-3.105108563981,-8.984776230835));
#1904 = CARTESIAN_POINT('',(-3.238389692037,-8.984905427374));
#1905 = CARTESIAN_POINT('',(-3.372081981937,-8.98568392382));
#1906 = CARTESIAN_POINT('',(-3.506966043548,-8.987011507331));
#1907 = CARTESIAN_POINT('',(-3.750837809618,-8.990037787449));
#1908 = CARTESIAN_POINT('',(-3.860780393023,-8.991610828127));
#1909 = CARTESIAN_POINT('',(-3.973878176789,-8.993357191412));
#1910 = CARTESIAN_POINT('',(-4.090152945262,-8.99515028216));
#1911 = CARTESIAN_POINT('',(-4.209811167012,-8.996821566037));
#1912 = CARTESIAN_POINT('',(-4.333219982355,-8.998186238752));
#1913 = CARTESIAN_POINT('',(-4.588471172429,-8.999993151917));
#1914 = CARTESIAN_POINT('',(-4.7176165452,-9.000419511487));
#1915 = CARTESIAN_POINT('',(-4.846982639951,-9.00024081664));
#1916 = CARTESIAN_POINT('',(-4.97541850268,-8.999426615683));
#1917 = CARTESIAN_POINT('',(-5.101714999624,-8.998119655503));
#1918 = CARTESIAN_POINT('',(-5.224333474648,-8.996549588851));
#1919 = CARTESIAN_POINT('',(-5.488393893942,-8.992859039222));
#1920 = CARTESIAN_POINT('',(-5.629225109531,-8.990659502627));
#1921 = CARTESIAN_POINT('',(-5.765103822466,-8.988630985055));
#1922 = CARTESIAN_POINT('',(-5.897269148578,-8.986993732924));
#1923 = CARTESIAN_POINT('',(-6.026921117579,-8.985866293279));
#1924 = CARTESIAN_POINT('',(-6.155125815344,-8.985303918624));
#1925 = CARTESIAN_POINT('',(-6.28318530718,-8.985303918624));
#1926 = ( GEOMETRIC_REPRESENTATION_CONTEXT(2) 
PARAMETRIC_REPRESENTATION_CONTEXT() REPRESENTATION_CONTEXT('2D SPACE',''
  ) );
#1927 = FACE_BOUND('',#1928,.T.);
#1928 = EDGE_LOOP('',(#1929));
#1929 = ORIENTED_EDGE('',*,*,#1930,.T.);
#1930 = EDGE_CURVE('',#1931,#1931,#1933,.T.);
#1931 = VERTEX_POINT('',#1932);
#1932 = CARTESIAN_POINT('',(-8.005758330316,48.341574587063,7.));
#1933 = SURFACE_CURVE('',#1934,(#1979,#2027),.PCURVE_S1.);
#1934 = B_SPLINE_CURVE_WITH_KNOTS('',7,(#1935,#1936,#1937,#1938,#1939,
    #1940,#1941,#1942,#1943,#1944,#1945,#1946,#1947,#1948,#1949,#1950,
    #1951,#1952,#1953,#1954,#1955,#1956,#1957,#1958,#1959,#1960,#1961,
    #1962,#1963,#1964,#1965,#1966,#1967,#1968,#1969,#1970,#1971,#1972,
    #1973,#1974,#1975,#1976,#1977,#1978),.UNSPECIFIED.,.T.,.F.,(8,6,6,6,
    6,6,6,8),(0.,0.150970934197,0.28715221942,0.424559167043,
    0.587468815749,0.713957833591,0.840019443262,1.),.UNSPECIFIED.);
#1935 = CARTESIAN_POINT('',(-8.005758330316,48.341574587063,7.));
#1936 = CARTESIAN_POINT('',(-8.005758330316,48.341574587063,
    7.144291438484));
#1937 = CARTESIAN_POINT('',(-7.985783055022,48.344882634725,
    7.288680928271));
#1938 = CARTESIAN_POINT('',(-7.945780721477,48.351507453228,
    7.431065312055));
#1939 = CARTESIAN_POINT('',(-7.885329363425,48.361464989437,
    7.569129658855));
#1940 = CARTESIAN_POINT('',(-7.803858582431,48.374743236915,
    7.700049075685));
#1941 = CARTESIAN_POINT('',(-7.700812259017,48.39125355465,
    7.820215098927));
#1942 = CARTESIAN_POINT('',(-7.463634944076,48.428370974177,
    8.018789211272));
#1943 = CARTESIAN_POINT('',(-7.330793381623,48.448847704684,
    8.102433587135));
#1944 = CARTESIAN_POINT('',(-7.180285762268,48.471574522009,
    8.167128651595));
#1945 = CARTESIAN_POINT('',(-7.017415695524,48.495505253373,
    8.207075175582));
#1946 = CARTESIAN_POINT('',(-6.848977126569,48.519475975987,
    8.219212280149));
#1947 = CARTESIAN_POINT('',(-6.682268874159,48.542484876328,
    8.203344148484));
#1948 = CARTESIAN_POINT('',(-6.363968926626,48.585243817981,
    8.120886029736));
#1949 = CARTESIAN_POINT('',(-6.216917029408,48.604373055311,
    8.05497802392));
#1950 = CARTESIAN_POINT('',(-6.085659498848,48.620937057803,
    7.969258619981));
#1951 = CARTESIAN_POINT('',(-5.971984675389,48.63492426797,
    7.868010936943));
#1952 = CARTESIAN_POINT('',(-5.876884683325,48.646403288326,
    7.755310892986));
#1953 = CARTESIAN_POINT('',(-5.800599781713,48.655487410219,
    7.635054525418));
#1954 = CARTESIAN_POINT('',(-5.673795859471,48.670451384311,
    7.363779243887));
#1955 = CARTESIAN_POINT('',(-5.628737113042,48.675653696303,
    7.207022584362));
#1956 = CARTESIAN_POINT('',(-5.608485989105,48.677956369226,
    7.044923596124));
#1957 = CARTESIAN_POINT('',(-5.613370474125,48.677400365852,
    6.881575880114));
#1958 = CARTESIAN_POINT('',(-5.643242378099,48.67398829071,
    6.720806346821));
#1959 = CARTESIAN_POINT('',(-5.697749422507,48.667668455625,
    6.566256356915));
#1960 = CARTESIAN_POINT('',(-5.837781903605,48.651044194982,
    6.30980860525));
#1961 = CARTESIAN_POINT('',(-5.914743651086,48.641816426493,
    6.201859072289));
#1962 = CARTESIAN_POINT('',(-6.007768589461,48.630506149945,
    6.101203623329));
#1963 = CARTESIAN_POINT('',(-6.11649968136,48.617035703952,
    6.011091873346));
#1964 = CARTESIAN_POINT('',(-6.239964840046,48.601371515981,
    5.934842125101));
#1965 = CARTESIAN_POINT('',(-6.376561759834,48.583552155056,
    5.875851697229));
#1966 = CARTESIAN_POINT('',(-6.670604381903,48.544051830227,
    5.799677630486));
#1967 = CARTESIAN_POINT('',(-6.824905771719,48.522796733756,
    5.783149139325));
#1968 = CARTESIAN_POINT('',(-6.981357964214,48.500628361049,
    5.790657609737));
#1969 = CARTESIAN_POINT('',(-7.133932394881,48.478363220632,
    5.822322993097));
#1970 = CARTESIAN_POINT('',(-7.276902164098,48.456950325502,
    5.875946786756));
#1971 = CARTESIAN_POINT('',(-7.405600911635,48.437277399504,
    5.947096075873));
#1972 = CARTESIAN_POINT('',(-7.658947694957,48.397945012333,
    6.133349060107));
#1973 = CARTESIAN_POINT('',(-7.776258860607,48.379236850492,
    6.257385805188));
#1974 = CARTESIAN_POINT('',(-7.868972589862,48.36415833262,
    6.394804095842));
#1975 = CARTESIAN_POINT('',(-7.937691188794,48.35284722102,
    6.541020124953));
#1976 = CARTESIAN_POINT('',(-7.983101726444,48.345326666515,
    6.692482033395));
#1977 = CARTESIAN_POINT('',(-8.005758330316,48.341574587063,
    6.846328609797));
#1978 = CARTESIAN_POINT('',(-8.005758330316,48.341574587063,7.));
#1979 = PCURVE('',#1088,#1980);
#1980 = DEFINITIONAL_REPRESENTATION('',(#1981),#2026);
#1981 = B_SPLINE_CURVE_WITH_KNOTS('',7,(#1982,#1983,#1984,#1985,#1986,
    #1987,#1988,#1989,#1990,#1991,#1992,#1993,#1994,#1995,#1996,#1997,
    #1998,#1999,#2000,#2001,#2002,#2003,#2004,#2005,#2006,#2007,#2008,
    #2009,#2010,#2011,#2012,#2013,#2014,#2015,#2016,#2017,#2018,#2019,
    #2020,#2021,#2022,#2023,#2024,#2025),.UNSPECIFIED.,.T.,.F.,(8,6,6,6,
    6,6,6,8),(0.,0.150970934197,0.28715221942,0.424559167043,
    0.587468815749,0.713957833591,0.840019443262,1.),.UNSPECIFIED.);
#1982 = CARTESIAN_POINT('',(-1.734914911493,7.));
#1983 = CARTESIAN_POINT('',(-1.734914911493,6.855708561516));
#1984 = CARTESIAN_POINT('',(-1.734501700446,6.711319071729));
#1985 = CARTESIAN_POINT('',(-1.733674206766,6.568934687945));
#1986 = CARTESIAN_POINT('',(-1.732423881147,6.430870341145));
#1987 = CARTESIAN_POINT('',(-1.730739279767,6.299950924315));
#1988 = CARTESIAN_POINT('',(-1.728609485638,6.179784901073));
#1989 = CARTESIAN_POINT('',(-1.72371021789,5.981210788728));
#1990 = CARTESIAN_POINT('',(-1.720967154338,5.897566412865));
#1991 = CARTESIAN_POINT('',(-1.717860772485,5.832871348405));
#1992 = CARTESIAN_POINT('',(-1.71450126184,5.792924824418));
#1993 = CARTESIAN_POINT('',(-1.711029156133,5.780787719851));
#1994 = CARTESIAN_POINT('',(-1.707594717244,5.796655851516));
#1995 = CARTESIAN_POINT('',(-1.701040449383,5.879113970264));
#1996 = CARTESIAN_POINT('',(-1.698014131115,5.94502197608));
#1997 = CARTESIAN_POINT('',(-1.695314188849,6.030741380019));
#1998 = CARTESIAN_POINT('',(-1.692976810654,6.131989063057));
#1999 = CARTESIAN_POINT('',(-1.691021911456,6.244689107014));
#2000 = CARTESIAN_POINT('',(-1.689454078152,6.364945474582));
#2001 = CARTESIAN_POINT('',(-1.686848286121,6.636220756113));
#2002 = CARTESIAN_POINT('',(-1.685922614149,6.792977415638));
#2003 = CARTESIAN_POINT('',(-1.685506661749,6.955076403876));
#2004 = CARTESIAN_POINT('',(-1.685606989009,7.118424119886));
#2005 = CARTESIAN_POINT('',(-1.686220584755,7.279193653179));
#2006 = CARTESIAN_POINT('',(-1.687340421343,7.433743643085));
#2007 = CARTESIAN_POINT('',(-1.690218295243,7.69019139475));
#2008 = CARTESIAN_POINT('',(-1.691800191762,7.798140927711));
#2009 = CARTESIAN_POINT('',(-1.693712635992,7.898796376671));
#2010 = CARTESIAN_POINT('',(-1.69594859034,7.988908126654));
#2011 = CARTESIAN_POINT('',(-1.698488462659,8.065157874899));
#2012 = CARTESIAN_POINT('',(-1.70129975449,8.124148302771));
#2013 = CARTESIAN_POINT('',(-1.707354528053,8.200322369514));
#2014 = CARTESIAN_POINT('',(-1.71053325441,8.216850860675));
#2015 = CARTESIAN_POINT('',(-1.713758009689,8.209342390263));
#2016 = CARTESIAN_POINT('',(-1.716904707997,8.177677006904));
#2017 = CARTESIAN_POINT('',(-1.719854980443,8.124053213244));
#2018 = CARTESIAN_POINT('',(-1.722511986733,8.052903924127));
#2019 = CARTESIAN_POINT('',(-1.727744268442,7.866650939893));
#2020 = CARTESIAN_POINT('',(-1.730168605749,7.742614194812));
#2021 = CARTESIAN_POINT('',(-1.732085574271,7.605195904158));
#2022 = CARTESIAN_POINT('',(-1.733506865482,7.458979875047));
#2023 = CARTESIAN_POINT('',(-1.734446234181,7.307517966605));
#2024 = CARTESIAN_POINT('',(-1.734914911493,7.153671390203));
#2025 = CARTESIAN_POINT('',(-1.734914911493,7.));
#2026 = ( GEOMETRIC_REPRESENTATION_CONTEXT(2) 
PARAMETRIC_REPRESENTATION_CONTEXT() REPRESENTATION_CONTEXT('2D SPACE',''
  ) );
#2027 = PCURVE('',#1455,#2028);
#2028 = DEFINITIONAL_REPRESENTATION('',(#2029),#2074);
#2029 = B_SPLINE_CURVE_WITH_KNOTS('',7,(#2030,#2031,#2032,#2033,#2034,
    #2035,#2036,#2037,#2038,#2039,#2040,#2041,#2042,#2043,#2044,#2045,
    #2046,#2047,#2048,#2049,#2050,#2051,#2052,#2053,#2054,#2055,#2056,
    #2057,#2058,#2059,#2060,#2061,#2062,#2063,#2064,#2065,#2066,#2067,
    #2068,#2069,#2070,#2071,#2072,#2073),.UNSPECIFIED.,.F.,.F.,(8,6,6,6,
    6,6,6,8),(0.,0.150970934197,0.28715221942,0.424559167043,
    0.587468815749,0.713957833591,0.840019443262,1.),.UNSPECIFIED.);
#2030 = CARTESIAN_POINT('',(0.,-8.985303918624));
#2031 = CARTESIAN_POINT('',(-0.120242865404,-8.985303918624));
#2032 = CARTESIAN_POINT('',(-0.240566989346,-8.985799751589));
#2033 = CARTESIAN_POINT('',(-0.362062281408,-8.986792849009));
#2034 = CARTESIAN_POINT('',(-0.485647993755,-8.988240276202));
#2035 = CARTESIAN_POINT('',(-0.612330060388,-8.99005075946));
#2036 = CARTESIAN_POINT('',(-0.743158045255,-8.992059123545));
#2037 = CARTESIAN_POINT('',(-1.002763001477,-8.995806616499));
#2038 = CARTESIAN_POINT('',(-1.133490965608,-8.99759609669));
#2039 = CARTESIAN_POINT('',(-1.268630741582,-8.999155126087));
#2040 = CARTESIAN_POINT('',(-1.406403941236,-9.000185832976));
#2041 = CARTESIAN_POINT('',(-1.545466453386,-9.000481156203));
#2042 = CARTESIAN_POINT('',(-1.684588475124,-9.000064831064));
#2043 = CARTESIAN_POINT('',(-1.960896851554,-8.998108854903));
#2044 = CARTESIAN_POINT('',(-2.094243315514,-8.996586259272));
#2045 = CARTESIAN_POINT('',(-2.223144458312,-8.994721544477));
#2046 = CARTESIAN_POINT('',(-2.348127717874,-8.992752154395));
#2047 = CARTESIAN_POINT('',(-2.469529594169,-8.990884100917));
#2048 = CARTESIAN_POINT('',(-2.58745743571,-8.989263010447));
#2049 = CARTESIAN_POINT('',(-2.837298257769,-8.986433661099));
#2050 = CARTESIAN_POINT('',(-2.971584716303,-8.985314379082));
#2051 = CARTESIAN_POINT('',(-3.10510856398,-8.984776230835));
#2052 = CARTESIAN_POINT('',(-3.238389692037,-8.984905427374));
#2053 = CARTESIAN_POINT('',(-3.372081981939,-8.98568392382));
#2054 = CARTESIAN_POINT('',(-3.506966043551,-8.987011507331));
#2055 = CARTESIAN_POINT('',(-3.750837811948,-8.990037787478));
#2056 = CARTESIAN_POINT('',(-3.860780387707,-8.991610828051));
#2057 = CARTESIAN_POINT('',(-3.973878179633,-8.993357191477));
#2058 = CARTESIAN_POINT('',(-4.09015294943,-8.995150282169));
#2059 = CARTESIAN_POINT('',(-4.209811160502,-8.996821565993));
#2060 = CARTESIAN_POINT('',(-4.333219985225,-8.998186238772));
#2061 = CARTESIAN_POINT('',(-4.588471172462,-8.999993151917));
#2062 = CARTESIAN_POINT('',(-4.717616545166,-9.000419511487));
#2063 = CARTESIAN_POINT('',(-4.84698263993,-9.00024081664));
#2064 = CARTESIAN_POINT('',(-4.975418502698,-8.999426615683));
#2065 = CARTESIAN_POINT('',(-5.101714999663,-8.998119655502));
#2066 = CARTESIAN_POINT('',(-5.224333474615,-8.996549588851));
#2067 = CARTESIAN_POINT('',(-5.488393893942,-8.992859039222));
#2068 = CARTESIAN_POINT('',(-5.629225109531,-8.990659502627));
#2069 = CARTESIAN_POINT('',(-5.765103822466,-8.988630985055));
#2070 = CARTESIAN_POINT('',(-5.897269148578,-8.986993732924));
#2071 = CARTESIAN_POINT('',(-6.026921117579,-8.985866293279));
#2072 = CARTESIAN_POINT('',(-6.155125815344,-8.985303918624));
#2073 = CARTESIAN_POINT('',(-6.28318530718,-8.985303918624));
#2074 = ( GEOMETRIC_REPRESENTATION_CONTEXT(2) 
PARAMETRIC_REPRESENTATION_CONTEXT() REPRESENTATION_CONTEXT('2D SPACE',''
  ) );
#2075 = ADVANCED_FACE('',(#2076),#1123,.T.);
#2076 = FACE_BOUND('',#2077,.F.);
#2077 = EDGE_LOOP('',(#2078,#2101,#2102,#2103));
#2078 = ORIENTED_EDGE('',*,*,#2079,.F.);
#2079 = EDGE_CURVE('',#1103,#2080,#2082,.T.);
#2080 = VERTEX_POINT('',#2081);
#2081 = CARTESIAN_POINT('',(12.,0.,140.));
#2082 = SEAM_CURVE('',#2083,(#2087,#2094),.PCURVE_S1.);
#2083 = LINE('',#2084,#2085);
#2084 = CARTESIAN_POINT('',(12.,0.,0.));
#2085 = VECTOR('',#2086,1.);
#2086 = DIRECTION('',(0.,0.,1.));
#2087 = PCURVE('',#1123,#2088);
#2088 = DEFINITIONAL_REPRESENTATION('',(#2089),#2093);
#2089 = LINE('',#2090,#2091);
#2090 = CARTESIAN_POINT('',(-6.28318530718,0.));
#2091 = VECTOR('',#2092,1.);
#2092 = DIRECTION('',(-0.,-1.));
#2093 = ( GEOMETRIC_REPRESENTATION_CONTEXT(2) 
PARAMETRIC_REPRESENTATION_CONTEXT() REPRESENTATION_CONTEXT('2D SPACE',''
  ) );
#2094 = PCURVE('',#1123,#2095);
#2095 = DEFINITIONAL_REPRESENTATION('',(#2096),#2100);
#2096 = LINE('',#2097,#2098);
#2097 = CARTESIAN_POINT('',(-0.,0.));
#2098 = VECTOR('',#2099,1.);
#2099 = DIRECTION('',(-0.,-1.));
#2100 = ( GEOMETRIC_REPRESENTATION_CONTEXT(2) 
PARAMETRIC_REPRESENTATION_CONTEXT() REPRESENTATION_CONTEXT('2D SPACE',''
  ) );
#2101 = ORIENTED_EDGE('',*,*,#1102,.T.);
#2102 = ORIENTED_EDGE('',*,*,#2079,.T.);
#2103 = ORIENTED_EDGE('',*,*,#2104,.F.);
#2104 = EDGE_CURVE('',#2080,#2080,#2105,.T.);
#2105 = SURFACE_CURVE('',#2106,(#2111,#2118),.PCURVE_S1.);
#2106 = CIRCLE('',#2107,12.);
#2107 = AXIS2_PLACEMENT_3D('',#2108,#2109,#2110);
#2108 = CARTESIAN_POINT('',(0.,0.,140.));
#2109 = DIRECTION('',(0.,0.,-1.));
#2110 = DIRECTION('',(1.,0.,0.));
#2111 = PCURVE('',#1123,#2112);
#2112 = DEFINITIONAL_REPRESENTATION('',(#2113),#2117);
#2113 = LINE('',#2114,#2115);
#2114 = CARTESIAN_POINT('',(-6.28318530718,-140.));
#2115 = VECTOR('',#2116,1.);
#2116 = DIRECTION('',(1.,-0.));
#2117 = ( GEOMETRIC_REPRESENTATION_CONTEXT(2) 
PARAMETRIC_REPRESENTATION_CONTEXT() REPRESENTATION_CONTEXT('2D SPACE',''
  ) );
#2118 = PCURVE('',#1551,#2119);
#2119 = DEFINITIONAL_REPRESENTATION('',(#2120),#2128);
#2120 = ( BOUNDED_CURVE() B_SPLINE_CURVE(2,(#2121,#2122,#2123,#2124,
#2125,#2126,#2127),.UNSPECIFIED.,.T.,.F.) B_SPLINE_CURVE_WITH_KNOTS((1,2
    ,2,2,2,1),(-2.094395102393,0.,2.094395102393,4.188790204786,
6.28318530718,8.377580409573),.UNSPECIFIED.) CURVE() 
GEOMETRIC_REPRESENTATION_ITEM() RATIONAL_B_SPLINE_CURVE((1.,0.5,1.,0.5,
1.,0.5,1.)) REPRESENTATION_ITEM('') );
#2121 = CARTESIAN_POINT('',(12.,8.980743193747E-16));
#2122 = CARTESIAN_POINT('',(12.,-20.78460969082));
#2123 = CARTESIAN_POINT('',(-6.,-10.39230484541));
#2124 = CARTESIAN_POINT('',(-24.,-2.041077998579E-15));
#2125 = CARTESIAN_POINT('',(-6.,10.392304845413));
#2126 = CARTESIAN_POINT('',(12.,20.784609690827));
#2127 = CARTESIAN_POINT('',(12.,8.980743193747E-16));
#2128 = ( GEOMETRIC_REPRESENTATION_CONTEXT(2) 
PARAMETRIC_REPRESENTATION_CONTEXT() REPRESENTATION_CONTEXT('2D SPACE',''
  ) );
#2129 = ADVANCED_FACE('',(#2130),#1189,.T.);
#2130 = FACE_BOUND('',#2131,.T.);
#2131 = EDGE_LOOP('',(#2132,#2133,#2156,#2183));
#2132 = ORIENTED_EDGE('',*,*,#1174,.T.);
#2133 = ORIENTED_EDGE('',*,*,#2134,.T.);
#2134 = EDGE_CURVE('',#1152,#2135,#2137,.T.);
#2135 = VERTEX_POINT('',#2136);
#2136 = CARTESIAN_POINT('',(57.5,0.,12.5));
#2137 = SEAM_CURVE('',#2138,(#2142,#2149),.PCURVE_S1.);
#2138 = LINE('',#2139,#2140);
#2139 = CARTESIAN_POINT('',(54.2,0.,9.2));
#2140 = VECTOR('',#2141,1.);
#2141 = DIRECTION('',(0.707106781187,0.,0.707106781187));
#2142 = PCURVE('',#1189,#2143);
#2143 = DEFINITIONAL_REPRESENTATION('',(#2144),#2148);
#2144 = LINE('',#2145,#2146);
#2145 = CARTESIAN_POINT('',(0.,0.));
#2146 = VECTOR('',#2147,1.);
#2147 = DIRECTION('',(0.,1.));
#2148 = ( GEOMETRIC_REPRESENTATION_CONTEXT(2) 
PARAMETRIC_REPRESENTATION_CONTEXT() REPRESENTATION_CONTEXT('2D SPACE',''
  ) );
#2149 = PCURVE('',#1189,#2150);
#2150 = DEFINITIONAL_REPRESENTATION('',(#2151),#2155);
#2151 = LINE('',#2152,#2153);
#2152 = CARTESIAN_POINT('',(6.28318530718,0.));
#2153 = VECTOR('',#2154,1.);
#2154 = DIRECTION('',(0.,1.));
#2155 = ( GEOMETRIC_REPRESENTATION_CONTEXT(2) 
PARAMETRIC_REPRESENTATION_CONTEXT() REPRESENTATION_CONTEXT('2D SPACE',''
  ) );
#2156 = ORIENTED_EDGE('',*,*,#2157,.F.);
#2157 = EDGE_CURVE('',#2135,#2135,#2158,.T.);
#2158 = SURFACE_CURVE('',#2159,(#2164,#2171),.PCURVE_S1.);
#2159 = CIRCLE('',#2160,57.5);
#2160 = AXIS2_PLACEMENT_3D('',#2161,#2162,#2163);
#2161 = CARTESIAN_POINT('',(0.,0.,12.5));
#2162 = DIRECTION('',(0.,0.,1.));
#2163 = DIRECTION('',(1.,0.,-0.));
#2164 = PCURVE('',#1189,#2165);
#2165 = DEFINITIONAL_REPRESENTATION('',(#2166),#2170);
#2166 = LINE('',#2167,#2168);
#2167 = CARTESIAN_POINT('',(0.,3.3));
#2168 = VECTOR('',#2169,1.);
#2169 = DIRECTION('',(1.,0.));
#2170 = ( GEOMETRIC_REPRESENTATION_CONTEXT(2) 
PARAMETRIC_REPRESENTATION_CONTEXT() REPRESENTATION_CONTEXT('2D SPACE',''
  ) );
#2171 = PCURVE('',#2172,#2177);
#2172 = CYLINDRICAL_SURFACE('',#2173,57.5);
#2173 = AXIS2_PLACEMENT_3D('',#2174,#2175,#2176);
#2174 = CARTESIAN_POINT('',(0.,0.,12.5));
#2175 = DIRECTION('',(0.,0.,1.));
#2176 = DIRECTION('',(1.,0.,-0.));
#2177 = DEFINITIONAL_REPRESENTATION('',(#2178),#2182);
#2178 = LINE('',#2179,#2180);
#2179 = CARTESIAN_POINT('',(0.,0.));
#2180 = VECTOR('',#2181,1.);
#2181 = DIRECTION('',(1.,0.));
#2182 = ( GEOMETRIC_REPRESENTATION_CONTEXT(2) 
PARAMETRIC_REPRESENTATION_CONTEXT() REPRESENTATION_CONTEXT('2D SPACE',''
  ) );
#2183 = ORIENTED_EDGE('',*,*,#2134,.F.);
#2184 = ADVANCED_FACE('',(#2185),#1302,.F.);
#2185 = FACE_BOUND('',#2186,.T.);
#2186 = EDGE_LOOP('',(#2187,#2188,#2209,#2210));
#2187 = ORIENTED_EDGE('',*,*,#1782,.F.);
#2188 = ORIENTED_EDGE('',*,*,#2189,.T.);
#2189 = EDGE_CURVE('',#1783,#1205,#2190,.T.);
#2190 = SEAM_CURVE('',#2191,(#2195,#2202),.PCURVE_S1.);
#2191 = LINE('',#2192,#2193);
#2192 = CARTESIAN_POINT('',(4.378602355913,39.777730470815,7.));
#2193 = VECTOR('',#2194,1.);
#2194 = DIRECTION('',(0.13917310096,0.990268068742,0.));
#2195 = PCURVE('',#1302,#2196);
#2196 = DEFINITIONAL_REPRESENTATION('',(#2197),#2201);
#2197 = LINE('',#2198,#2199);
#2198 = CARTESIAN_POINT('',(-6.28318530718,0.));
#2199 = VECTOR('',#2200,1.);
#2200 = DIRECTION('',(-0.,-1.));
#2201 = ( GEOMETRIC_REPRESENTATION_CONTEXT(2) 
PARAMETRIC_REPRESENTATION_CONTEXT() REPRESENTATION_CONTEXT('2D SPACE',''
  ) );
#2202 = PCURVE('',#1302,#2203);
#2203 = DEFINITIONAL_REPRESENTATION('',(#2204),#2208);
#2204 = LINE('',#2205,#2206);
#2205 = CARTESIAN_POINT('',(-0.,0.));
#2206 = VECTOR('',#2207,1.);
#2207 = DIRECTION('',(-0.,-1.));
#2208 = ( GEOMETRIC_REPRESENTATION_CONTEXT(2) 
PARAMETRIC_REPRESENTATION_CONTEXT() REPRESENTATION_CONTEXT('2D SPACE',''
  ) );
#2209 = ORIENTED_EDGE('',*,*,#1204,.T.);
#2210 = ORIENTED_EDGE('',*,*,#2189,.F.);
#2211 = ADVANCED_FACE('',(#2212),#1455,.F.);
#2212 = FACE_BOUND('',#2213,.T.);
#2213 = EDGE_LOOP('',(#2214,#2215,#2236,#2237));
#2214 = ORIENTED_EDGE('',*,*,#1930,.F.);
#2215 = ORIENTED_EDGE('',*,*,#2216,.T.);
#2216 = EDGE_CURVE('',#1931,#1358,#2217,.T.);
#2217 = SEAM_CURVE('',#2218,(#2222,#2229),.PCURVE_S1.);
#2218 = LINE('',#2219,#2220);
#2219 = CARTESIAN_POINT('',(-6.755245720893,39.443715028511,7.));
#2220 = VECTOR('',#2221,1.);
#2221 = DIRECTION('',(-0.13917310096,0.990268068742,0.));
#2222 = PCURVE('',#1455,#2223);
#2223 = DEFINITIONAL_REPRESENTATION('',(#2224),#2228);
#2224 = LINE('',#2225,#2226);
#2225 = CARTESIAN_POINT('',(-6.28318530718,0.));
#2226 = VECTOR('',#2227,1.);
#2227 = DIRECTION('',(-0.,-1.));
#2228 = ( GEOMETRIC_REPRESENTATION_CONTEXT(2) 
PARAMETRIC_REPRESENTATION_CONTEXT() REPRESENTATION_CONTEXT('2D SPACE',''
  ) );
#2229 = PCURVE('',#1455,#2230);
#2230 = DEFINITIONAL_REPRESENTATION('',(#2231),#2235);
#2231 = LINE('',#2232,#2233);
#2232 = CARTESIAN_POINT('',(-0.,0.));
#2233 = VECTOR('',#2234,1.);
#2234 = DIRECTION('',(-0.,-1.));
#2235 = ( GEOMETRIC_REPRESENTATION_CONTEXT(2) 
PARAMETRIC_REPRESENTATION_CONTEXT() REPRESENTATION_CONTEXT('2D SPACE',''
  ) );
#2236 = ORIENTED_EDGE('',*,*,#1357,.T.);
#2237 = ORIENTED_EDGE('',*,*,#2216,.F.);
#2238 = ADVANCED_FACE('',(#2239,#2242,#2245,#2248,#2251),#1551,.F.);
#2239 = FACE_BOUND('',#2240,.F.);
#2240 = EDGE_LOOP('',(#2241));
#2241 = ORIENTED_EDGE('',*,*,#1536,.T.);
#2242 = FACE_BOUND('',#2243,.F.);
#2243 = EDGE_LOOP('',(#2244));
#2244 = ORIENTED_EDGE('',*,*,#1566,.T.);
#2245 = FACE_BOUND('',#2246,.F.);
#2246 = EDGE_LOOP('',(#2247));
#2247 = ORIENTED_EDGE('',*,*,#1620,.T.);
#2248 = FACE_BOUND('',#2249,.F.);
#2249 = EDGE_LOOP('',(#2250));
#2250 = ORIENTED_EDGE('',*,*,#2104,.T.);
#2251 = FACE_BOUND('',#2252,.F.);
#2252 = EDGE_LOOP('',(#2253));
#2253 = ORIENTED_EDGE('',*,*,#1674,.T.);
#2254 = ADVANCED_FACE('',(#2255,#2281),#1766,.T.);
#2255 = FACE_BOUND('',#2256,.T.);
#2256 = EDGE_LOOP('',(#2257));
#2257 = ORIENTED_EDGE('',*,*,#2258,.T.);
#2258 = EDGE_CURVE('',#2259,#2259,#2261,.T.);
#2259 = VERTEX_POINT('',#2260);
#2260 = CARTESIAN_POINT('',(57.5,0.,14.));
#2261 = SURFACE_CURVE('',#2262,(#2267,#2274),.PCURVE_S1.);
#2262 = CIRCLE('',#2263,57.5);
#2263 = AXIS2_PLACEMENT_3D('',#2264,#2265,#2266);
#2264 = CARTESIAN_POINT('',(0.,0.,14.));
#2265 = DIRECTION('',(0.,0.,1.));
#2266 = DIRECTION('',(1.,0.,-0.));
#2267 = PCURVE('',#1766,#2268);
#2268 = DEFINITIONAL_REPRESENTATION('',(#2269),#2273);
#2269 = CIRCLE('',#2270,57.5);
#2270 = AXIS2_PLACEMENT_2D('',#2271,#2272);
#2271 = CARTESIAN_POINT('',(0.,0.));
#2272 = DIRECTION('',(1.,0.));
#2273 = ( GEOMETRIC_REPRESENTATION_CONTEXT(2) 
PARAMETRIC_REPRESENTATION_CONTEXT() REPRESENTATION_CONTEXT('2D SPACE',''
  ) );
#2274 = PCURVE('',#2172,#2275);
#2275 = DEFINITIONAL_REPRESENTATION('',(#2276),#2280);
#2276 = LINE('',#2277,#2278);
#2277 = CARTESIAN_POINT('',(0.,1.5));
#2278 = VECTOR('',#2279,1.);
#2279 = DIRECTION('',(1.,0.));
#2280 = ( GEOMETRIC_REPRESENTATION_CONTEXT(2) 
PARAMETRIC_REPRESENTATION_CONTEXT() REPRESENTATION_CONTEXT('2D SPACE',''
  ) );
#2281 = FACE_BOUND('',#2282,.T.);
#2282 = EDGE_LOOP('',(#2283));
#2283 = ORIENTED_EDGE('',*,*,#1751,.F.);
#2284 = ADVANCED_FACE('',(#2285),#2172,.T.);
#2285 = FACE_BOUND('',#2286,.T.);
#2286 = EDGE_LOOP('',(#2287,#2288,#2309,#2310));
#2287 = ORIENTED_EDGE('',*,*,#2157,.T.);
#2288 = ORIENTED_EDGE('',*,*,#2289,.T.);
#2289 = EDGE_CURVE('',#2135,#2259,#2290,.T.);
#2290 = SEAM_CURVE('',#2291,(#2295,#2302),.PCURVE_S1.);
#2291 = LINE('',#2292,#2293);
#2292 = CARTESIAN_POINT('',(57.5,0.,12.5));
#2293 = VECTOR('',#2294,1.);
#2294 = DIRECTION('',(0.,0.,1.));
#2295 = PCURVE('',#2172,#2296);
#2296 = DEFINITIONAL_REPRESENTATION('',(#2297),#2301);
#2297 = LINE('',#2298,#2299);
#2298 = CARTESIAN_POINT('',(0.,0.));
#2299 = VECTOR('',#2300,1.);
#2300 = DIRECTION('',(0.,1.));
#2301 = ( GEOMETRIC_REPRESENTATION_CONTEXT(2) 
PARAMETRIC_REPRESENTATION_CONTEXT() REPRESENTATION_CONTEXT('2D SPACE',''
  ) );
#2302 = PCURVE('',#2172,#2303);
#2303 = DEFINITIONAL_REPRESENTATION('',(#2304),#2308);
#2304 = LINE('',#2305,#2306);
#2305 = CARTESIAN_POINT('',(6.28318530718,0.));
#2306 = VECTOR('',#2307,1.);
#2307 = DIRECTION('',(0.,1.));
#2308 = ( GEOMETRIC_REPRESENTATION_CONTEXT(2) 
PARAMETRIC_REPRESENTATION_CONTEXT() REPRESENTATION_CONTEXT('2D SPACE',''
  ) );
#2309 = ORIENTED_EDGE('',*,*,#2258,.F.);
#2310 = ORIENTED_EDGE('',*,*,#2289,.F.);
#2311 = ( GEOMETRIC_REPRESENTATION_CONTEXT(3) 
GLOBAL_UNCERTAINTY_ASSIGNED_CONTEXT((#2315)) 
GLOBAL_UNIT_ASSIGNED_CONTEXT((#2312,#2313,#2314)) REPRESENTATION_CONTEXT
('Context #1','3D Context with UNIT and UNCERTAINTY') );
#2312 = ( LENGTH_UNIT() NAMED_UNIT(*) SI_UNIT(.MILLI.,.METRE.) );
#2313 = ( NAMED_UNIT(*) PLANE_ANGLE_UNIT() SI_UNIT($,.RADIAN.) );
#2314 = ( NAMED_UNIT(*) SI_UNIT($,.STERADIAN.) SOLID_ANGLE_UNIT() );
#2315 = UNCERTAINTY_MEASURE_WITH_UNIT(LENGTH_MEASURE(1.E-07),#2312,
  'distance_accuracy_value','confusion accuracy');
#2316 = PRODUCT_RELATED_PRODUCT_CATEGORY('part',$,(#7));
ENDSEC;
END-ISO-10303-21;
